unique_key,collected_at_utc,ticker,company_name,cik,form,filing_date,report_date,accession_number,filing_url,transaction_table,transaction_date,transaction_code,security_title,shares,price,total_amount,shares_owned_after,ownership_type,reporting_owner,relationship,is_director,is_officer,is_ten_percent_owner,officer_title,source
XEL|0000072903-26-000138|nonDerivative|2026-06-28|Welsh Timothy A|A|Common Stock|468.065|0|D,2026-07-01 04:49:27+0000,XEL,XCEL ENERGY INC,0000072903,4,2026-06-30,2026-06-28,0000072903-26-000138,https://www.sec.gov/Archives/edgar/data/72903/000007290326000138/wk-form4_1782850378.xml,nonDerivative,2026-06-28,A,Common Stock,468.065,0,0.0,17486.534,D,Welsh Timothy A,Director,1,0,0,,SEC EDGAR
XEL|0000072903-26-000137|nonDerivative|2026-06-28|Pardee Charles G|A|Common Stock|541.031|0|D,2026-07-01 04:49:27+0000,XEL,XCEL ENERGY INC,0000072903,4,2026-06-30,2026-06-28,0000072903-26-000137,https://www.sec.gov/Archives/edgar/data/72903/000007290326000137/wk-form4_1782850370.xml,nonDerivative,2026-06-28,A,Common Stock,541.031,0,0.0,33852.15,D,Pardee Charles G,Director,1,0,0,,SEC EDGAR
XEL|0000072903-26-000140|nonDerivative|2026-06-28|KAMPLING PATRICIA L|A|Common Stock|607.783|0|D,2026-07-01 04:49:27+0000,XEL,XCEL ENERGY INC,0000072903,4,2026-06-30,2026-06-28,0000072903-26-000140,https://www.sec.gov/Archives/edgar/data/72903/000007290326000140/wk-form4_1782850394.xml,nonDerivative,2026-06-28,A,Common Stock,607.783,0,0.0,25158.421,D,KAMPLING PATRICIA L,Director,1,0,0,,SEC EDGAR
XEL|0000072903-26-000139|nonDerivative|2026-06-28|Casey Lynn|A|Common Stock|492.521|0|D,2026-07-01 04:49:27+0000,XEL,XCEL ENERGY INC,0000072903,4,2026-06-30,2026-06-28,0000072903-26-000139,https://www.sec.gov/Archives/edgar/data/72903/000007290326000139/wk-form4_1782850386.xml,nonDerivative,2026-06-28,A,Common Stock,492.521,0,0.0,43615.811,D,Casey Lynn,Director,1,0,0,,SEC EDGAR
XEL|0000072903-26-000136|nonDerivative|2026-06-28|Burkhart Megan D|A|Common Stock|583.728|0|D,2026-07-01 04:49:27+0000,XEL,XCEL ENERGY INC,0000072903,4,2026-06-30,2026-06-28,0000072903-26-000136,https://www.sec.gov/Archives/edgar/data/72903/000007290326000136/wk-form4_1782850362.xml,nonDerivative,2026-06-28,A,Common Stock,583.728,0,0.0,23840.616,D,Burkhart Megan D,Director,1,0,0,,SEC EDGAR
VRTX|0000875320-26-000239|nonDerivative|2026-06-26|Bozic Carmen|S|Common Stock|596|482.50|D,2026-07-01 04:49:27+0000,VRTX,VERTEX PHARMACEUTICALS INC / MA,0000875320,4,2026-06-30,2026-06-26,0000875320-26-000239,https://www.sec.gov/Archives/edgar/data/875320/000087532026000239/wk-form4_1782850180.xml,nonDerivative,2026-06-26,S,Common Stock,596,482.50,287570.0,15337,D,Bozic Carmen,"Officer, EVP and CMO",0,1,0,EVP and CMO,SEC EDGAR
VLO|0001628280-26-046225|nonDerivative|2026-06-29|Fisher Eric A|S|Common Stock|7500|268.1743|D,2026-07-01 04:49:27+0000,VLO,VALERO ENERGY CORP/TX,0001035002,4,2026-06-30,2026-06-29,0001628280-26-046225,https://www.sec.gov/Archives/edgar/data/1035002/000162828026046225/wk-form4_1782850097.xml,nonDerivative,2026-06-29,S,Common Stock,7500,268.1743,2011307.2500000002,19742,D,Fisher Eric A,"Officer, SVP",0,1,0,SVP,SEC EDGAR
V|0001403161-26-000088|nonDerivative|2026-06-29|MCINERNEY RYAN|M|Class A Common Stock|20970|109.82|D,2026-07-01 04:49:27+0000,V,VISA INC.,0001403161,4,2026-06-30,2026-06-29,0001403161-26-000088,https://www.sec.gov/Archives/edgar/data/1403161/000140316126000088/form4.xml,nonDerivative,2026-06-29,M,Class A Common Stock,20970,109.82,2302925.4,36144,D,MCINERNEY RYAN,"Director, Officer, Chief Executive Officer",1,1,,Chief Executive Officer,SEC EDGAR
V|0001403161-26-000088|nonDerivative|2026-06-29|MCINERNEY RYAN|S|Class A Common Stock|20970|340.2464|D,2026-07-01 04:49:27+0000,V,VISA INC.,0001403161,4,2026-06-30,2026-06-29,0001403161-26-000088,https://www.sec.gov/Archives/edgar/data/1403161/000140316126000088/form4.xml,nonDerivative,2026-06-29,S,Class A Common Stock,20970,340.2464,7134967.007999999,15174,D,MCINERNEY RYAN,"Director, Officer, Chief Executive Officer",1,1,,Chief Executive Officer,SEC EDGAR
V|0001403161-26-000088|derivative|2026-06-29|MCINERNEY RYAN|M|Employee Stock Option (Right to Buy)|20970|0|D,2026-07-01 04:49:27+0000,V,VISA INC.,0001403161,4,2026-06-30,2026-06-29,0001403161-26-000088,https://www.sec.gov/Archives/edgar/data/1403161/000140316126000088/form4.xml,derivative,2026-06-29,M,Employee Stock Option (Right to Buy),20970,0,0.0,10490,D,MCINERNEY RYAN,"Director, Officer, Chief Executive Officer",1,1,,Chief Executive Officer,SEC EDGAR
TPL|0001437749-26-022097|nonDerivative|2026-06-29|HORIZON KINETICS ASSET MANAGEMENT LLC|P|Common Stock|1|410.88|D,2026-07-01 04:49:27+0000,TPL,Texas Pacific Land Corp,0001811074,4,2026-06-30,2026-06-29,0001437749-26-022097,https://www.sec.gov/Archives/edgar/data/1811074/000143774926022097/rdgdoc.xml,nonDerivative,2026-06-29,P,Common Stock,1,410.88,410.88,3393562,D,HORIZON KINETICS ASSET MANAGEMENT LLC,10% Owner,,,1,,SEC EDGAR
TMO|0000097745-26-000134|derivative|2026-06-27|WEISLER DION J|A|Phantom Stock Units|73.1||D,2026-07-01 04:49:27+0000,TMO,THERMO FISHER SCIENTIFIC INC.,0000097745,4,2026-06-30,2026-06-27,0000097745-26-000134,https://www.sec.gov/Archives/edgar/data/97745/000009774526000134/form4.xml,derivative,2026-06-27,A,Phantom Stock Units,73.1,,,2790.99,D,WEISLER DION J,Director,1,,,,SEC EDGAR
TMO|0000097745-26-000136|derivative|2026-06-27|SPERLING SCOTT M|A|Phantom Stock Units|82.84||D,2026-07-01 04:49:27+0000,TMO,THERMO FISHER SCIENTIFIC INC.,0000097745,4,2026-06-30,2026-06-27,0000097745-26-000136,https://www.sec.gov/Archives/edgar/data/97745/000009774526000136/form4.xml,derivative,2026-06-27,A,Phantom Stock Units,82.84,,,17674.64,D,SPERLING SCOTT M,Director,1,,,,SEC EDGAR
TMO|0000097745-26-000133|derivative|2026-06-27|Lynch Karen S|A|Phantom Stock Units|60.91||D,2026-07-01 04:49:27+0000,TMO,THERMO FISHER SCIENTIFIC INC.,0000097745,4,2026-06-30,2026-06-27,0000097745-26-000133,https://www.sec.gov/Archives/edgar/data/97745/000009774526000133/form4.xml,derivative,2026-06-27,A,Phantom Stock Units,60.91,,,352.4,D,Lynch Karen S,Director,1,,,,SEC EDGAR
TMO|0000097745-26-000135|derivative|2026-06-27|Keith R. Alexandra|A|Phantom Stock Units|60.91||D,2026-07-01 04:49:27+0000,TMO,THERMO FISHER SCIENTIFIC INC.,0000097745,4,2026-06-30,2026-06-27,0000097745-26-000135,https://www.sec.gov/Archives/edgar/data/97745/000009774526000135/form4.xml,derivative,2026-06-27,A,Phantom Stock Units,60.91,,,1331.35,D,Keith R. Alexandra,Director,1,,,,SEC EDGAR
TMO|0000097745-26-000132|derivative|2026-06-27|JOHNSON JENNIFER M|A|Phantom Stock Units|60.91||D,2026-07-01 04:49:27+0000,TMO,THERMO FISHER SCIENTIFIC INC.,0000097745,4,2026-06-30,2026-06-27,0000097745-26-000132,https://www.sec.gov/Archives/edgar/data/97745/000009774526000132/form4.xml,derivative,2026-06-27,A,Phantom Stock Units,60.91,,,722.22,D,JOHNSON JENNIFER M,Director,1,,,,SEC EDGAR
TGT|0002110401-26-000016|nonDerivative|2026-06-29|ROATH LISA R|S|Common Stock|7000|138.07|D,2026-07-01 04:49:27+0000,TGT,TARGET CORP,0000027419,4,2026-06-30,2026-06-29,0002110401-26-000016,https://www.sec.gov/Archives/edgar/data/27419/000211040126000016/wk-form4_1782852372.xml,nonDerivative,2026-06-29,S,Common Stock,7000,138.07,966490.0,35465,D,ROATH LISA R,"Officer, Executive Officer",0,1,0,Executive Officer,SEC EDGAR
SWK|0001628280-26-046253|nonDerivative|2026-06-29|Nelson Christopher John|M|Common Stock|3214||D,2026-07-01 04:49:27+0000,SWK,"STANLEY BLACK & DECKER, INC.",0000093556,4,2026-06-30,2026-06-29,0001628280-26-046253,https://www.sec.gov/Archives/edgar/data/93556/000162828026046253/wk-form4_1782851851.xml,nonDerivative,2026-06-29,M,Common Stock,3214,,,38460,D,Nelson Christopher John,"Director, Officer, Pres., Chief Executive Officer",1,1,0,"Pres., Chief Executive Officer",SEC EDGAR
SWK|0001628280-26-046253|nonDerivative|2026-06-29|Nelson Christopher John|M|Common Stock|19639||D,2026-07-01 04:49:27+0000,SWK,"STANLEY BLACK & DECKER, INC.",0000093556,4,2026-06-30,2026-06-29,0001628280-26-046253,https://www.sec.gov/Archives/edgar/data/93556/000162828026046253/wk-form4_1782851851.xml,nonDerivative,2026-06-29,M,Common Stock,19639,,,58099,D,Nelson Christopher John,"Director, Officer, Pres., Chief Executive Officer",1,1,0,"Pres., Chief Executive Officer",SEC EDGAR
SWK|0001628280-26-046253|nonDerivative|2026-06-29|Nelson Christopher John|F|Common Stock|1437|91.6725|D,2026-07-01 04:49:27+0000,SWK,"STANLEY BLACK & DECKER, INC.",0000093556,4,2026-06-30,2026-06-29,0001628280-26-046253,https://www.sec.gov/Archives/edgar/data/93556/000162828026046253/wk-form4_1782851851.xml,nonDerivative,2026-06-29,F,Common Stock,1437,91.6725,131733.3825,56662,D,Nelson Christopher John,"Director, Officer, Pres., Chief Executive Officer",1,1,0,"Pres., Chief Executive Officer",SEC EDGAR
SWK|0001628280-26-046253|nonDerivative|2026-06-29|Nelson Christopher John|F|Common Stock|8779|91.6725|D,2026-07-01 04:49:27+0000,SWK,"STANLEY BLACK & DECKER, INC.",0000093556,4,2026-06-30,2026-06-29,0001628280-26-046253,https://www.sec.gov/Archives/edgar/data/93556/000162828026046253/wk-form4_1782851851.xml,nonDerivative,2026-06-29,F,Common Stock,8779,91.6725,804792.8775,47883,D,Nelson Christopher John,"Director, Officer, Pres., Chief Executive Officer",1,1,0,"Pres., Chief Executive Officer",SEC EDGAR
SWK|0001628280-26-046253|derivative|2026-06-29|Nelson Christopher John|M|Restricted Stock Units|3214|0|D,2026-07-01 04:49:27+0000,SWK,"STANLEY BLACK & DECKER, INC.",0000093556,4,2026-06-30,2026-06-29,0001628280-26-046253,https://www.sec.gov/Archives/edgar/data/93556/000162828026046253/wk-form4_1782851851.xml,derivative,2026-06-29,M,Restricted Stock Units,3214,0,0.0,0,D,Nelson Christopher John,"Director, Officer, Pres., Chief Executive Officer",1,1,0,"Pres., Chief Executive Officer",SEC EDGAR
SWK|0001628280-26-046253|derivative|2026-06-29|Nelson Christopher John|M|Restricted Stock Units|19639|0|D,2026-07-01 04:49:27+0000,SWK,"STANLEY BLACK & DECKER, INC.",0000093556,4,2026-06-30,2026-06-29,0001628280-26-046253,https://www.sec.gov/Archives/edgar/data/93556/000162828026046253/wk-form4_1782851851.xml,derivative,2026-06-29,M,Restricted Stock Units,19639,0,0.0,0,D,Nelson Christopher John,"Director, Officer, Pres., Chief Executive Officer",1,1,0,"Pres., Chief Executive Officer",SEC EDGAR
SJM|0000091419-26-000071|nonDerivative|2026-06-29|Penrose Jill R|S|Common Shares|5000|116.695|D,2026-07-01 04:49:27+0000,SJM,J M SMUCKER Co,0000091419,4,2026-06-30,2026-06-29,0000091419-26-000071,https://www.sec.gov/Archives/edgar/data/91419/000009141926000071/wk-form4_1782852131.xml,nonDerivative,2026-06-29,S,Common Shares,5000,116.695,583475.0,15795,D,Penrose Jill R,"Officer, Chief People Officer",0,1,0,Chief People Officer,SEC EDGAR
PFG|0001126328-26-000148|nonDerivative|2026-06-26|STRABLE-SOETHOUT DEANNA D|A|Common Stock|612|0|D,2026-07-01 04:49:27+0000,PFG,PRINCIPAL FINANCIAL GROUP INC,0001126328,4,2026-06-30,2026-06-26,0001126328-26-000148,https://www.sec.gov/Archives/edgar/data/1126328/000112632826000148/form4.xml,nonDerivative,2026-06-26,A,Common Stock,612,0,0.0,173867,D,STRABLE-SOETHOUT DEANNA D,"Officer, Chair, President and CEO",0,1,0,"Chair, President and CEO",SEC EDGAR
PFG|0001126328-26-000148|nonDerivative|2026-06-26|STRABLE-SOETHOUT DEANNA D|A|Common Stock|44|0|I,2026-07-01 04:49:27+0000,PFG,PRINCIPAL FINANCIAL GROUP INC,0001126328,4,2026-06-30,2026-06-26,0001126328-26-000148,https://www.sec.gov/Archives/edgar/data/1126328/000112632826000148/form4.xml,nonDerivative,2026-06-26,A,Common Stock,44,0,0.0,53542,I,STRABLE-SOETHOUT DEANNA D,"Officer, Chair, President and CEO",0,1,0,"Chair, President and CEO",SEC EDGAR
PFG|0001126328-26-000175|nonDerivative|2026-06-26|Richer Clare Stack|A|Common Stock|142|0|D,2026-07-01 04:49:27+0000,PFG,PRINCIPAL FINANCIAL GROUP INC,0001126328,4,2026-06-30,2026-06-26,0001126328-26-000175,https://www.sec.gov/Archives/edgar/data/1126328/000112632826000175/form4.xml,nonDerivative,2026-06-26,A,Common Stock,142,0,0.0,21412,D,Richer Clare Stack,Director,1,0,0,,SEC EDGAR
PFG|0001126328-26-000176|nonDerivative|2026-06-26|RIVERA ALFREDO|A|Common Stock|117|0|D,2026-07-01 04:49:27+0000,PFG,PRINCIPAL FINANCIAL GROUP INC,0001126328,4,2026-06-30,2026-06-26,0001126328-26-000176,https://www.sec.gov/Archives/edgar/data/1126328/000112632826000176/form4.xml,nonDerivative,2026-06-26,A,Common Stock,117,0,0.0,16511,D,RIVERA ALFREDO,Director,1,0,0,,SEC EDGAR
PFG|0001126328-26-000176|derivative|2026-06-26|RIVERA ALFREDO|A|Common Stock|25|107.75|D,2026-07-01 04:49:27+0000,PFG,PRINCIPAL FINANCIAL GROUP INC,0001126328,4,2026-06-30,2026-06-26,0001126328-26-000176,https://www.sec.gov/Archives/edgar/data/1126328/000112632826000176/form4.xml,derivative,2026-06-26,A,Common Stock,25,107.75,2693.75,3279,D,RIVERA ALFREDO,Director,1,0,0,,SEC EDGAR
PFG|0001126328-26-000155|nonDerivative|2026-06-26|Pitz Joel|A|Common Stock|234|0|D,2026-07-01 04:49:27+0000,PFG,PRINCIPAL FINANCIAL GROUP INC,0001126328,4,2026-06-30,2026-06-26,0001126328-26-000155,https://www.sec.gov/Archives/edgar/data/1126328/000112632826000155/form4.xml,nonDerivative,2026-06-26,A,Common Stock,234,0,0.0,43998,D,Pitz Joel,"Officer, EVP & CFO",0,1,0,EVP & CFO,SEC EDGAR
PFG|0001126328-26-000155|nonDerivative|2026-06-26|Pitz Joel|A|Common Stock|2|0|I,2026-07-01 04:49:27+0000,PFG,PRINCIPAL FINANCIAL GROUP INC,0001126328,4,2026-06-30,2026-06-26,0001126328-26-000155,https://www.sec.gov/Archives/edgar/data/1126328/000112632826000155/form4.xml,nonDerivative,2026-06-26,A,Common Stock,2,0,0.0,2928,I,Pitz Joel,"Officer, EVP & CFO",0,1,0,EVP & CFO,SEC EDGAR
PFG|0001126328-26-000174|nonDerivative|2026-06-26|Pickerell Blair|A|Common Stock|281|0|D,2026-07-01 04:49:27+0000,PFG,PRINCIPAL FINANCIAL GROUP INC,0001126328,4,2026-06-30,2026-06-26,0001126328-26-000174,https://www.sec.gov/Archives/edgar/data/1126328/000112632826000174/form4.xml,nonDerivative,2026-06-26,A,Common Stock,281,0,0.0,39827,D,Pickerell Blair,Director,1,0,0,,SEC EDGAR
PFG|0001126328-26-000173|nonDerivative|2026-06-26|Nordin Diane C|A|Common Stock|217|0|D,2026-07-01 04:49:27+0000,PFG,PRINCIPAL FINANCIAL GROUP INC,0001126328,4,2026-06-30,2026-06-26,0001126328-26-000173,https://www.sec.gov/Archives/edgar/data/1126328/000112632826000173/form4.xml,nonDerivative,2026-06-26,A,Common Stock,217,0,0.0,31337,D,Nordin Diane C,Director,1,0,0,,SEC EDGAR
PFG|0001126328-26-000172|nonDerivative|2026-06-26|Muruzabal Claudio|A|Common Stock|100|0|D,2026-07-01 04:49:27+0000,PFG,PRINCIPAL FINANCIAL GROUP INC,0001126328,4,2026-06-30,2026-06-26,0001126328-26-000172,https://www.sec.gov/Archives/edgar/data/1126328/000112632826000172/form4.xml,nonDerivative,2026-06-26,A,Common Stock,100,0,0.0,13602,D,Muruzabal Claudio,Director,1,0,0,,SEC EDGAR
PFG|0001126328-26-000177|nonDerivative|2026-06-26|Mitchell H Elizabeth|A|Common Stock|80|0|D,2026-07-01 04:49:27+0000,PFG,PRINCIPAL FINANCIAL GROUP INC,0001126328,4,2026-06-30,2026-06-26,0001126328-26-000177,https://www.sec.gov/Archives/edgar/data/1126328/000112632826000177/form4.xml,nonDerivative,2026-06-26,A,Common Stock,80,0,0.0,13200,D,Mitchell H Elizabeth,Director,1,0,0,,SEC EDGAR
PFG|0001126328-26-000171|nonDerivative|2026-06-26|Mills Scott|A|Common Stock|253|0.00|D,2026-07-01 04:49:27+0000,PFG,PRINCIPAL FINANCIAL GROUP INC,0001126328,4,2026-06-30,2026-06-26,0001126328-26-000171,https://www.sec.gov/Archives/edgar/data/1126328/000112632826000171/form4.xml,nonDerivative,2026-06-26,A,Common Stock,253,0.00,0.0,36140,D,Mills Scott,Director,1,0,0,,SEC EDGAR
PFG|0001126328-26-000171|derivative|2026-06-26|Mills Scott|A|Phantom Stock Units|152|107.75|D,2026-07-01 04:49:27+0000,PFG,PRINCIPAL FINANCIAL GROUP INC,0001126328,4,2026-06-30,2026-06-26,0001126328-26-000171,https://www.sec.gov/Archives/edgar/data/1126328/000112632826000171/form4.xml,derivative,2026-06-26,A,Phantom Stock Units,152,107.75,16378.0,20493,D,Mills Scott,Director,1,0,0,,SEC EDGAR
PFG|0001126328-26-000147|nonDerivative|2026-06-26|McCullum Kenneth A.|A|Common Stock|73|0|D,2026-07-01 04:49:27+0000,PFG,PRINCIPAL FINANCIAL GROUP INC,0001126328,4,2026-06-30,2026-06-26,0001126328-26-000147,https://www.sec.gov/Archives/edgar/data/1126328/000112632826000147/form4.xml,nonDerivative,2026-06-26,A,Common Stock,73,0,0.0,41070,D,McCullum Kenneth A.,"Officer, EVP - Chief Risk Officer",0,1,0,EVP - Chief Risk Officer,SEC EDGAR
PFG|0001126328-26-000153|nonDerivative|2026-06-26|LITTLEFIELD CHRISTOPHER J|A|Common Stock|559|0|D,2026-07-01 04:49:27+0000,PFG,PRINCIPAL FINANCIAL GROUP INC,0001126328,4,2026-06-30,2026-06-26,0001126328-26-000153,https://www.sec.gov/Archives/edgar/data/1126328/000112632826000153/form4.xml,nonDerivative,2026-06-26,A,Common Stock,559,0,0.0,76741,D,LITTLEFIELD CHRISTOPHER J,"Officer, President - RIS",0,1,0,President - RIS,SEC EDGAR
PFG|0001126328-26-000152|nonDerivative|2026-06-26|Kay Kathleen B|A|Common Stock|398|0|D,2026-07-01 04:49:27+0000,PFG,PRINCIPAL FINANCIAL GROUP INC,0001126328,4,2026-06-30,2026-06-26,0001126328-26-000152,https://www.sec.gov/Archives/edgar/data/1126328/000112632826000152/form4.xml,nonDerivative,2026-06-26,A,Common Stock,398,0,0.0,44300,D,Kay Kathleen B,"Officer, EVP-Chief Information Officer",0,1,0,EVP-Chief Information Officer,SEC EDGAR
PFG|0001126328-26-000170|nonDerivative|2026-06-26|HOCHSCHILD ROGER C|A|Common Stock|294|0.00|D,2026-07-01 04:49:27+0000,PFG,PRINCIPAL FINANCIAL GROUP INC,0001126328,4,2026-06-30,2026-06-26,0001126328-26-000170,https://www.sec.gov/Archives/edgar/data/1126328/000112632826000170/form4.xml,nonDerivative,2026-06-26,A,Common Stock,294,0.00,0.0,41477,D,HOCHSCHILD ROGER C,Director,1,0,0,,SEC EDGAR
PFG|0001126328-26-000170|derivative|2026-06-26|HOCHSCHILD ROGER C|A|Phantom Stock Units|219|107.75|D,2026-07-01 04:49:27+0000,PFG,PRINCIPAL FINANCIAL GROUP INC,0001126328,4,2026-06-30,2026-06-26,0001126328-26-000170,https://www.sec.gov/Archives/edgar/data/1126328/000112632826000170/form4.xml,derivative,2026-06-26,A,Phantom Stock Units,219,107.75,23597.25,29674,D,HOCHSCHILD ROGER C,Director,1,0,0,,SEC EDGAR
PFG|0001126328-26-000151|nonDerivative|2026-06-26|Friedrich Amy Christine|A|Common Stock|599|0|D,2026-07-01 04:49:27+0000,PFG,PRINCIPAL FINANCIAL GROUP INC,0001126328,4,2026-06-30,2026-06-26,0001126328-26-000151,https://www.sec.gov/Archives/edgar/data/1126328/000112632826000151/form4.xml,nonDerivative,2026-06-26,A,Common Stock,599,0,0.0,108863,D,Friedrich Amy Christine,"Officer, President - Benefits & Protect",0,1,0,President - Benefits & Protect,SEC EDGAR
PFG|0001126328-26-000150|nonDerivative|2026-06-26|Cheong Wee Yee|A|Common Stock|368|0|D,2026-07-01 04:49:27+0000,PFG,PRINCIPAL FINANCIAL GROUP INC,0001126328,4,2026-06-30,2026-06-26,0001126328-26-000150,https://www.sec.gov/Archives/edgar/data/1126328/000112632826000150/form4.xml,nonDerivative,2026-06-26,A,Common Stock,368,0,0.0,66819,D,Cheong Wee Yee,"Officer, President - Asia & Middle East",0,1,0,President - Asia & Middle East,SEC EDGAR
PFG|0001126328-26-000169|nonDerivative|2026-06-26|Carter Miller Jocelyn|A|Common Stock|669|0|D,2026-07-01 04:49:27+0000,PFG,PRINCIPAL FINANCIAL GROUP INC,0001126328,4,2026-06-30,2026-06-26,0001126328-26-000169,https://www.sec.gov/Archives/edgar/data/1126328/000112632826000169/form4.xml,nonDerivative,2026-06-26,A,Common Stock,669,0,0.0,91331,D,Carter Miller Jocelyn,Director,1,0,0,,SEC EDGAR
PFG|0001126328-26-000154|nonDerivative|2026-06-26|Bhatia Kamal|A|Common Stock|430|0|D,2026-07-01 04:49:27+0000,PFG,PRINCIPAL FINANCIAL GROUP INC,0001126328,4,2026-06-30,2026-06-26,0001126328-26-000154,https://www.sec.gov/Archives/edgar/data/1126328/000112632826000154/form4.xml,nonDerivative,2026-06-26,A,Common Stock,430,0,0.0,65454,D,Bhatia Kamal,"Officer, President and CEO - PAM",0,1,0,President and CEO - PAM,SEC EDGAR
PFG|0001126328-26-000168|nonDerivative|2026-06-26|Beams Mary E.|A|Common Stock|109|0|D,2026-07-01 04:49:27+0000,PFG,PRINCIPAL FINANCIAL GROUP INC,0001126328,4,2026-06-30,2026-06-26,0001126328-26-000168,https://www.sec.gov/Archives/edgar/data/1126328/000112632826000168/form4.xml,nonDerivative,2026-06-26,A,Common Stock,109,0,0.0,16961,D,Beams Mary E.,Director,1,0,0,,SEC EDGAR
PFG|0001126328-26-000167|nonDerivative|2026-06-26|Auerbach Jonathan|A|Common Stock|166|0|D,2026-07-01 04:49:27+0000,PFG,PRINCIPAL FINANCIAL GROUP INC,0001126328,4,2026-06-30,2026-06-26,0001126328-26-000167,https://www.sec.gov/Archives/edgar/data/1126328/000112632826000167/form4.xml,nonDerivative,2026-06-26,A,Common Stock,166,0,0.0,22952,D,Auerbach Jonathan,Director,1,0,0,,SEC EDGAR
PFG|0001126328-26-000149|nonDerivative|2026-06-26|Agrawal Vivek|A|Common Stock|234|0|D,2026-07-01 04:49:27+0000,PFG,PRINCIPAL FINANCIAL GROUP INC,0001126328,4,2026-06-30,2026-06-26,0001126328-26-000149,https://www.sec.gov/Archives/edgar/data/1126328/000112632826000149/form4.xml,nonDerivative,2026-06-26,A,Common Stock,234,0,0.0,46536,D,Agrawal Vivek,"Officer, EVP & Chief Growth Officer",0,1,0,EVP & Chief Growth Officer,SEC EDGAR
PFE|0001225208-26-006255|derivative|2026-06-26|Taraporevala Cyrus|A|Phantom Stock Units|1543.8450|24.2900|D,2026-07-01 04:49:27+0000,PFE,PFIZER INC,0000078003,4,2026-06-30,2026-06-26,0001225208-26-006255,https://www.sec.gov/Archives/edgar/data/78003/000122520826006255/doc4.xml,derivative,2026-06-26,A,Phantom Stock Units,1543.8450,24.2900,37499.99505,36941.2870,D,Taraporevala Cyrus,Director,1,,,,SEC EDGAR
PFE|0001225208-26-006257|derivative|2026-06-26|SMITH JAMES C|A|Phantom Stock Units|1852.6140|24.2900|D,2026-07-01 04:49:27+0000,PFE,PFIZER INC,0000078003,4,2026-06-30,2026-06-26,0001225208-26-006257,https://www.sec.gov/Archives/edgar/data/78003/000122520826006257/doc4.xml,derivative,2026-06-26,A,Phantom Stock Units,1852.6140,24.2900,44999.99406,182886.0010,D,SMITH JAMES C,Director,1,,,,SEC EDGAR
PFE|0001225208-26-006256|derivative|2026-06-26|Quincey James|A|Phantom Stock Units|1595.3070|24.2900|D,2026-07-01 04:49:27+0000,PFE,PFIZER INC,0000078003,4,2026-06-30,2026-06-26,0001225208-26-006256,https://www.sec.gov/Archives/edgar/data/78003/000122520826006256/doc4.xml,derivative,2026-06-26,A,Phantom Stock Units,1595.3070,24.2900,38750.00703,87993.9570,D,Quincey James,Director,1,,,,SEC EDGAR
PFE|0001225208-26-006258|derivative|2026-06-26|NARAYEN SHANTANU|A|Phantom Stock Units|2058.4600|24.2900|D,2026-07-01 04:49:27+0000,PFE,PFIZER INC,0000078003,4,2026-06-30,2026-06-26,0001225208-26-006258,https://www.sec.gov/Archives/edgar/data/78003/000122520826006258/doc4.xml,derivative,2026-06-26,A,Phantom Stock Units,2058.4600,24.2900,49999.9934,200879.3360,D,NARAYEN SHANTANU,Director,1,,,,SEC EDGAR
PFE|0001225208-26-006259|derivative|2026-06-26|Echevarria Joseph|A|Phantom Stock Units|1904.0760|24.2900|D,2026-07-01 04:49:27+0000,PFE,PFIZER INC,0000078003,4,2026-06-30,2026-06-26,0001225208-26-006259,https://www.sec.gov/Archives/edgar/data/78003/000122520826006259/doc4.xml,derivative,2026-06-26,A,Phantom Stock Units,1904.0760,24.2900,46250.00604,165631.5080,D,Echevarria Joseph,Director,1,,,,SEC EDGAR
PFE|0001225208-26-006260|derivative|2026-06-26|Buckley Mortimer J|A|Phantom Stock Units|1543.8450|24.2900|D,2026-07-01 04:49:27+0000,PFE,PFIZER INC,0000078003,4,2026-06-30,2026-06-26,0001225208-26-006260,https://www.sec.gov/Archives/edgar/data/78003/000122520826006260/doc4.xml,derivative,2026-06-26,A,Phantom Stock Units,1543.8450,24.2900,37499.99505,26335.1280,D,Buckley Mortimer J,Director,1,,,,SEC EDGAR
PAYX|0001193125-26-290440|nonDerivative|2026-06-26|TUCCI JOSEPH M|M|Common Stock|10220|60.59|D,2026-07-01 04:49:27+0000,PAYX,PAYCHEX INC,0000723531,4,2026-06-30,2026-06-26,0001193125-26-290440,https://www.sec.gov/Archives/edgar/data/723531/000119312526290440/ownership.xml,nonDerivative,2026-06-26,M,Common Stock,10220,60.59,619229.8,77584,D,TUCCI JOSEPH M,,true,false,false,,SEC EDGAR
PAYX|0001193125-26-290440|nonDerivative|2026-06-26|TUCCI JOSEPH M|F|Common Stock|6313|98.1|D,2026-07-01 04:49:27+0000,PAYX,PAYCHEX INC,0000723531,4,2026-06-30,2026-06-26,0001193125-26-290440,https://www.sec.gov/Archives/edgar/data/723531/000119312526290440/ownership.xml,nonDerivative,2026-06-26,F,Common Stock,6313,98.1,619305.2999999999,71271,D,TUCCI JOSEPH M,,true,false,false,,SEC EDGAR
PAYX|0001193125-26-290440|nonDerivative|2026-06-26|TUCCI JOSEPH M|S|Common Stock|3907|98.25|D,2026-07-01 04:49:27+0000,PAYX,PAYCHEX INC,0000723531,4,2026-06-30,2026-06-26,0001193125-26-290440,https://www.sec.gov/Archives/edgar/data/723531/000119312526290440/ownership.xml,nonDerivative,2026-06-26,S,Common Stock,3907,98.25,383862.75,67364,D,TUCCI JOSEPH M,,true,false,false,,SEC EDGAR
PAYX|0001193125-26-290440|derivative|2026-06-26|TUCCI JOSEPH M|M|Stock Option|10220|0|D,2026-07-01 04:49:27+0000,PAYX,PAYCHEX INC,0000723531,4,2026-06-30,2026-06-26,0001193125-26-290440,https://www.sec.gov/Archives/edgar/data/723531/000119312526290440/ownership.xml,derivative,2026-06-26,M,Stock Option,10220,0,0.0,0,D,TUCCI JOSEPH M,,true,false,false,,SEC EDGAR
O|0001628280-26-046325|nonDerivative|2026-06-27|Redington Neale|F|Common Stock|240|63.12|D,2026-07-01 04:49:27+0000,O,REALTY INCOME CORP,0000726728,4,2026-06-30,2026-06-27,0001628280-26-046325,https://www.sec.gov/Archives/edgar/data/726728/000162828026046325/wk-form4_1782858890.xml,nonDerivative,2026-06-27,F,Common Stock,240,63.12,15148.8,23618,D,Redington Neale,"Officer, See Remarks",0,1,0,See Remarks,SEC EDGAR
MU|0001242654-26-000012|nonDerivative|2026-06-26|MEHROTRA SANJAY|S|Common Stock|496.00|1170.60|D,2026-07-01 04:49:27+0000,MU,MICRON TECHNOLOGY INC,0000723125,4,2026-06-30,2026-06-26,0001242654-26-000012,https://www.sec.gov/Archives/edgar/data/723125/000124265426000012/primarydocument.xml,nonDerivative,2026-06-26,S,Common Stock,496.00,1170.60,580617.6,355501.00,D,MEHROTRA SANJAY,President and CEO,true,true,false,President and CEO,SEC EDGAR
MU|0001242654-26-000012|nonDerivative|2026-06-26|MEHROTRA SANJAY|S|Common Stock|857.00|1172.57|D,2026-07-01 04:49:27+0000,MU,MICRON TECHNOLOGY INC,0000723125,4,2026-06-30,2026-06-26,0001242654-26-000012,https://www.sec.gov/Archives/edgar/data/723125/000124265426000012/primarydocument.xml,nonDerivative,2026-06-26,S,Common Stock,857.00,1172.57,1004892.49,354644.00,D,MEHROTRA SANJAY,President and CEO,true,true,false,President and CEO,SEC EDGAR
MU|0001242654-26-000012|nonDerivative|2026-06-26|MEHROTRA SANJAY|S|Common Stock|243.00|1173.83|D,2026-07-01 04:49:27+0000,MU,MICRON TECHNOLOGY INC,0000723125,4,2026-06-30,2026-06-26,0001242654-26-000012,https://www.sec.gov/Archives/edgar/data/723125/000124265426000012/primarydocument.xml,nonDerivative,2026-06-26,S,Common Stock,243.00,1173.83,285240.69,354401.00,D,MEHROTRA SANJAY,President and CEO,true,true,false,President and CEO,SEC EDGAR
MU|0001242654-26-000012|nonDerivative|2026-06-26|MEHROTRA SANJAY|S|Common Stock|489.00|1175.17|D,2026-07-01 04:49:27+0000,MU,MICRON TECHNOLOGY INC,0000723125,4,2026-06-30,2026-06-26,0001242654-26-000012,https://www.sec.gov/Archives/edgar/data/723125/000124265426000012/primarydocument.xml,nonDerivative,2026-06-26,S,Common Stock,489.00,1175.17,574658.13,353912.00,D,MEHROTRA SANJAY,President and CEO,true,true,false,President and CEO,SEC EDGAR
MU|0001242654-26-000012|nonDerivative|2026-06-26|MEHROTRA SANJAY|S|Common Stock|1327.00|1177.28|D,2026-07-01 04:49:27+0000,MU,MICRON TECHNOLOGY INC,0000723125,4,2026-06-30,2026-06-26,0001242654-26-000012,https://www.sec.gov/Archives/edgar/data/723125/000124265426000012/primarydocument.xml,nonDerivative,2026-06-26,S,Common Stock,1327.00,1177.28,1562250.56,352585.00,D,MEHROTRA SANJAY,President and CEO,true,true,false,President and CEO,SEC EDGAR
MU|0001242654-26-000012|nonDerivative|2026-06-26|MEHROTRA SANJAY|S|Common Stock|1087.00|1178.06|D,2026-07-01 04:49:27+0000,MU,MICRON TECHNOLOGY INC,0000723125,4,2026-06-30,2026-06-26,0001242654-26-000012,https://www.sec.gov/Archives/edgar/data/723125/000124265426000012/primarydocument.xml,nonDerivative,2026-06-26,S,Common Stock,1087.00,1178.06,1280551.22,351498.00,D,MEHROTRA SANJAY,President and CEO,true,true,false,President and CEO,SEC EDGAR
MU|0001242654-26-000012|nonDerivative|2026-06-26|MEHROTRA SANJAY|S|Common Stock|680.00|1179.51|D,2026-07-01 04:49:27+0000,MU,MICRON TECHNOLOGY INC,0000723125,4,2026-06-30,2026-06-26,0001242654-26-000012,https://www.sec.gov/Archives/edgar/data/723125/000124265426000012/primarydocument.xml,nonDerivative,2026-06-26,S,Common Stock,680.00,1179.51,802066.8,350818.00,D,MEHROTRA SANJAY,President and CEO,true,true,false,President and CEO,SEC EDGAR
MU|0001242654-26-000012|nonDerivative|2026-06-26|MEHROTRA SANJAY|S|Common Stock|1239.00|1180.17|D,2026-07-01 04:49:27+0000,MU,MICRON TECHNOLOGY INC,0000723125,4,2026-06-30,2026-06-26,0001242654-26-000012,https://www.sec.gov/Archives/edgar/data/723125/000124265426000012/primarydocument.xml,nonDerivative,2026-06-26,S,Common Stock,1239.00,1180.17,1462230.6300000001,349579.00,D,MEHROTRA SANJAY,President and CEO,true,true,false,President and CEO,SEC EDGAR
MU|0001242654-26-000012|nonDerivative|2026-06-26|MEHROTRA SANJAY|S|Common Stock|209.00|1181.20|D,2026-07-01 04:49:27+0000,MU,MICRON TECHNOLOGY INC,0000723125,4,2026-06-30,2026-06-26,0001242654-26-000012,https://www.sec.gov/Archives/edgar/data/723125/000124265426000012/primarydocument.xml,nonDerivative,2026-06-26,S,Common Stock,209.00,1181.20,246870.80000000002,349370.00,D,MEHROTRA SANJAY,President and CEO,true,true,false,President and CEO,SEC EDGAR
MU|0001242654-26-000012|nonDerivative|2026-06-26|MEHROTRA SANJAY|S|Common Stock|1496.00|1182.29|D,2026-07-01 04:49:27+0000,MU,MICRON TECHNOLOGY INC,0000723125,4,2026-06-30,2026-06-26,0001242654-26-000012,https://www.sec.gov/Archives/edgar/data/723125/000124265426000012/primarydocument.xml,nonDerivative,2026-06-26,S,Common Stock,1496.00,1182.29,1768705.8399999999,347874.00,D,MEHROTRA SANJAY,President and CEO,true,true,false,President and CEO,SEC EDGAR
MU|0001242654-26-000012|nonDerivative|2026-06-26|MEHROTRA SANJAY|S|Common Stock|514.00|1183.74|D,2026-07-01 04:49:27+0000,MU,MICRON TECHNOLOGY INC,0000723125,4,2026-06-30,2026-06-26,0001242654-26-000012,https://www.sec.gov/Archives/edgar/data/723125/000124265426000012/primarydocument.xml,nonDerivative,2026-06-26,S,Common Stock,514.00,1183.74,608442.36,347360.00,D,MEHROTRA SANJAY,President and CEO,true,true,false,President and CEO,SEC EDGAR
MU|0001242654-26-000012|nonDerivative|2026-06-26|MEHROTRA SANJAY|S|Common Stock|251.00|1184.61|D,2026-07-01 04:49:27+0000,MU,MICRON TECHNOLOGY INC,0000723125,4,2026-06-30,2026-06-26,0001242654-26-000012,https://www.sec.gov/Archives/edgar/data/723125/000124265426000012/primarydocument.xml,nonDerivative,2026-06-26,S,Common Stock,251.00,1184.61,297337.11,347109.00,D,MEHROTRA SANJAY,President and CEO,true,true,false,President and CEO,SEC EDGAR
MU|0001242654-26-000012|nonDerivative|2026-06-26|MEHROTRA SANJAY|S|Common Stock|204.00|1185.35|D,2026-07-01 04:49:27+0000,MU,MICRON TECHNOLOGY INC,0000723125,4,2026-06-30,2026-06-26,0001242654-26-000012,https://www.sec.gov/Archives/edgar/data/723125/000124265426000012/primarydocument.xml,nonDerivative,2026-06-26,S,Common Stock,204.00,1185.35,241811.4,346905.00,D,MEHROTRA SANJAY,President and CEO,true,true,false,President and CEO,SEC EDGAR
MU|0001242654-26-000012|nonDerivative|2026-06-26|MEHROTRA SANJAY|S|Common Stock|678.00|1186.62|D,2026-07-01 04:49:27+0000,MU,MICRON TECHNOLOGY INC,0000723125,4,2026-06-30,2026-06-26,0001242654-26-000012,https://www.sec.gov/Archives/edgar/data/723125/000124265426000012/primarydocument.xml,nonDerivative,2026-06-26,S,Common Stock,678.00,1186.62,804528.3599999999,346227.00,D,MEHROTRA SANJAY,President and CEO,true,true,false,President and CEO,SEC EDGAR
MU|0001242654-26-000012|nonDerivative|2026-06-26|MEHROTRA SANJAY|S|Common Stock|153.00|1187.92|D,2026-07-01 04:49:27+0000,MU,MICRON TECHNOLOGY INC,0000723125,4,2026-06-30,2026-06-26,0001242654-26-000012,https://www.sec.gov/Archives/edgar/data/723125/000124265426000012/primarydocument.xml,nonDerivative,2026-06-26,S,Common Stock,153.00,1187.92,181751.76,346074.00,D,MEHROTRA SANJAY,President and CEO,true,true,false,President and CEO,SEC EDGAR
MU|0001242654-26-000012|nonDerivative|2026-06-26|MEHROTRA SANJAY|S|Common Stock|264.00|1189.71|D,2026-07-01 04:49:27+0000,MU,MICRON TECHNOLOGY INC,0000723125,4,2026-06-30,2026-06-26,0001242654-26-000012,https://www.sec.gov/Archives/edgar/data/723125/000124265426000012/primarydocument.xml,nonDerivative,2026-06-26,S,Common Stock,264.00,1189.71,314083.44,345810.00,D,MEHROTRA SANJAY,President and CEO,true,true,false,President and CEO,SEC EDGAR
MU|0001242654-26-000012|nonDerivative|2026-06-26|MEHROTRA SANJAY|S|Common Stock|214.00|1190.59|D,2026-07-01 04:49:27+0000,MU,MICRON TECHNOLOGY INC,0000723125,4,2026-06-30,2026-06-26,0001242654-26-000012,https://www.sec.gov/Archives/edgar/data/723125/000124265426000012/primarydocument.xml,nonDerivative,2026-06-26,S,Common Stock,214.00,1190.59,254786.25999999998,345596.00,D,MEHROTRA SANJAY,President and CEO,true,true,false,President and CEO,SEC EDGAR
MU|0001242654-26-000012|nonDerivative|2026-06-26|MEHROTRA SANJAY|S|Common Stock|282.00|1191.84|D,2026-07-01 04:49:27+0000,MU,MICRON TECHNOLOGY INC,0000723125,4,2026-06-30,2026-06-26,0001242654-26-000012,https://www.sec.gov/Archives/edgar/data/723125/000124265426000012/primarydocument.xml,nonDerivative,2026-06-26,S,Common Stock,282.00,1191.84,336098.88,345314.00,D,MEHROTRA SANJAY,President and CEO,true,true,false,President and CEO,SEC EDGAR
MU|0001242654-26-000012|nonDerivative|2026-06-26|MEHROTRA SANJAY|S|Common Stock|811.00|1192.42|D,2026-07-01 04:49:27+0000,MU,MICRON TECHNOLOGY INC,0000723125,4,2026-06-30,2026-06-26,0001242654-26-000012,https://www.sec.gov/Archives/edgar/data/723125/000124265426000012/primarydocument.xml,nonDerivative,2026-06-26,S,Common Stock,811.00,1192.42,967052.6200000001,344503.00,D,MEHROTRA SANJAY,President and CEO,true,true,false,President and CEO,SEC EDGAR
MU|0001242654-26-000011|nonDerivative|2026-06-26|MEHROTRA SANJAY|S|Common Stock|243.00|1128.41|D,2026-07-01 04:49:27+0000,MU,MICRON TECHNOLOGY INC,0000723125,4,2026-06-30,2026-06-26,0001242654-26-000011,https://www.sec.gov/Archives/edgar/data/723125/000124265426000011/primarydocument.xml,nonDerivative,2026-06-26,S,Common Stock,243.00,1128.41,274203.63,384260.00,D,MEHROTRA SANJAY,President and CEO,true,true,false,President and CEO,SEC EDGAR
MU|0001242654-26-000011|nonDerivative|2026-06-26|MEHROTRA SANJAY|S|Common Stock|235.00|1131.38|D,2026-07-01 04:49:27+0000,MU,MICRON TECHNOLOGY INC,0000723125,4,2026-06-30,2026-06-26,0001242654-26-000011,https://www.sec.gov/Archives/edgar/data/723125/000124265426000011/primarydocument.xml,nonDerivative,2026-06-26,S,Common Stock,235.00,1131.38,265874.30000000005,384025.00,D,MEHROTRA SANJAY,President and CEO,true,true,false,President and CEO,SEC EDGAR
MU|0001242654-26-000011|nonDerivative|2026-06-26|MEHROTRA SANJAY|S|Common Stock|5123.00|1132.37|D,2026-07-01 04:49:27+0000,MU,MICRON TECHNOLOGY INC,0000723125,4,2026-06-30,2026-06-26,0001242654-26-000011,https://www.sec.gov/Archives/edgar/data/723125/000124265426000011/primarydocument.xml,nonDerivative,2026-06-26,S,Common Stock,5123.00,1132.37,5801131.51,378902.00,D,MEHROTRA SANJAY,President and CEO,true,true,false,President and CEO,SEC EDGAR
MU|0001242654-26-000011|nonDerivative|2026-06-26|MEHROTRA SANJAY|S|Common Stock|54.00|1133.38|D,2026-07-01 04:49:27+0000,MU,MICRON TECHNOLOGY INC,0000723125,4,2026-06-30,2026-06-26,0001242654-26-000011,https://www.sec.gov/Archives/edgar/data/723125/000124265426000011/primarydocument.xml,nonDerivative,2026-06-26,S,Common Stock,54.00,1133.38,61202.520000000004,378848.00,D,MEHROTRA SANJAY,President and CEO,true,true,false,President and CEO,SEC EDGAR
MU|0001242654-26-000011|nonDerivative|2026-06-26|MEHROTRA SANJAY|S|Common Stock|254.00|1134.62|D,2026-07-01 04:49:27+0000,MU,MICRON TECHNOLOGY INC,0000723125,4,2026-06-30,2026-06-26,0001242654-26-000011,https://www.sec.gov/Archives/edgar/data/723125/000124265426000011/primarydocument.xml,nonDerivative,2026-06-26,S,Common Stock,254.00,1134.62,288193.48,378594.00,D,MEHROTRA SANJAY,President and CEO,true,true,false,President and CEO,SEC EDGAR
MU|0001242654-26-000011|nonDerivative|2026-06-26|MEHROTRA SANJAY|S|Common Stock|279.00|1136.30|D,2026-07-01 04:49:27+0000,MU,MICRON TECHNOLOGY INC,0000723125,4,2026-06-30,2026-06-26,0001242654-26-000011,https://www.sec.gov/Archives/edgar/data/723125/000124265426000011/primarydocument.xml,nonDerivative,2026-06-26,S,Common Stock,279.00,1136.30,317027.7,378315.00,D,MEHROTRA SANJAY,President and CEO,true,true,false,President and CEO,SEC EDGAR
MU|0001242654-26-000011|nonDerivative|2026-06-26|MEHROTRA SANJAY|S|Common Stock|126.00|1136.87|D,2026-07-01 04:49:27+0000,MU,MICRON TECHNOLOGY INC,0000723125,4,2026-06-30,2026-06-26,0001242654-26-000011,https://www.sec.gov/Archives/edgar/data/723125/000124265426000011/primarydocument.xml,nonDerivative,2026-06-26,S,Common Stock,126.00,1136.87,143245.62,378189.00,D,MEHROTRA SANJAY,President and CEO,true,true,false,President and CEO,SEC EDGAR
MU|0001242654-26-000011|nonDerivative|2026-06-26|MEHROTRA SANJAY|S|Common Stock|369.00|1139.33|D,2026-07-01 04:49:27+0000,MU,MICRON TECHNOLOGY INC,0000723125,4,2026-06-30,2026-06-26,0001242654-26-000011,https://www.sec.gov/Archives/edgar/data/723125/000124265426000011/primarydocument.xml,nonDerivative,2026-06-26,S,Common Stock,369.00,1139.33,420412.76999999996,377820.00,D,MEHROTRA SANJAY,President and CEO,true,true,false,President and CEO,SEC EDGAR
MU|0001242654-26-000011|nonDerivative|2026-06-26|MEHROTRA SANJAY|S|Common Stock|465.00|1140.14|D,2026-07-01 04:49:27+0000,MU,MICRON TECHNOLOGY INC,0000723125,4,2026-06-30,2026-06-26,0001242654-26-000011,https://www.sec.gov/Archives/edgar/data/723125/000124265426000011/primarydocument.xml,nonDerivative,2026-06-26,S,Common Stock,465.00,1140.14,530165.1000000001,377355.00,D,MEHROTRA SANJAY,President and CEO,true,true,false,President and CEO,SEC EDGAR
MU|0001242654-26-000011|nonDerivative|2026-06-26|MEHROTRA SANJAY|S|Common Stock|3645.00|1141.46|D,2026-07-01 04:49:27+0000,MU,MICRON TECHNOLOGY INC,0000723125,4,2026-06-30,2026-06-26,0001242654-26-000011,https://www.sec.gov/Archives/edgar/data/723125/000124265426000011/primarydocument.xml,nonDerivative,2026-06-26,S,Common Stock,3645.00,1141.46,4160621.7,373710.00,D,MEHROTRA SANJAY,President and CEO,true,true,false,President and CEO,SEC EDGAR
MU|0001242654-26-000011|nonDerivative|2026-06-26|MEHROTRA SANJAY|S|Common Stock|499.00|1142.88|D,2026-07-01 04:49:27+0000,MU,MICRON TECHNOLOGY INC,0000723125,4,2026-06-30,2026-06-26,0001242654-26-000011,https://www.sec.gov/Archives/edgar/data/723125/000124265426000011/primarydocument.xml,nonDerivative,2026-06-26,S,Common Stock,499.00,1142.88,570297.1200000001,373211.00,D,MEHROTRA SANJAY,President and CEO,true,true,false,President and CEO,SEC EDGAR
MU|0001242654-26-000011|nonDerivative|2026-06-26|MEHROTRA SANJAY|S|Common Stock|1689.00|1144.05|D,2026-07-01 04:49:27+0000,MU,MICRON TECHNOLOGY INC,0000723125,4,2026-06-30,2026-06-26,0001242654-26-000011,https://www.sec.gov/Archives/edgar/data/723125/000124265426000011/primarydocument.xml,nonDerivative,2026-06-26,S,Common Stock,1689.00,1144.05,1932300.45,371522.00,D,MEHROTRA SANJAY,President and CEO,true,true,false,President and CEO,SEC EDGAR
MU|0001242654-26-000011|nonDerivative|2026-06-26|MEHROTRA SANJAY|S|Common Stock|487.00|1145.13|D,2026-07-01 04:49:27+0000,MU,MICRON TECHNOLOGY INC,0000723125,4,2026-06-30,2026-06-26,0001242654-26-000011,https://www.sec.gov/Archives/edgar/data/723125/000124265426000011/primarydocument.xml,nonDerivative,2026-06-26,S,Common Stock,487.00,1145.13,557678.31,371035.00,D,MEHROTRA SANJAY,President and CEO,true,true,false,President and CEO,SEC EDGAR
MU|0001242654-26-000011|nonDerivative|2026-06-26|MEHROTRA SANJAY|S|Common Stock|232.00|1146.05|D,2026-07-01 04:49:27+0000,MU,MICRON TECHNOLOGY INC,0000723125,4,2026-06-30,2026-06-26,0001242654-26-000011,https://www.sec.gov/Archives/edgar/data/723125/000124265426000011/primarydocument.xml,nonDerivative,2026-06-26,S,Common Stock,232.00,1146.05,265883.6,370803.00,D,MEHROTRA SANJAY,President and CEO,true,true,false,President and CEO,SEC EDGAR
MU|0001242654-26-000011|nonDerivative|2026-06-26|MEHROTRA SANJAY|S|Common Stock|1379.00|1147.81|D,2026-07-01 04:49:27+0000,MU,MICRON TECHNOLOGY INC,0000723125,4,2026-06-30,2026-06-26,0001242654-26-000011,https://www.sec.gov/Archives/edgar/data/723125/000124265426000011/primarydocument.xml,nonDerivative,2026-06-26,S,Common Stock,1379.00,1147.81,1582829.99,369424.00,D,MEHROTRA SANJAY,President and CEO,true,true,false,President and CEO,SEC EDGAR
MU|0001242654-26-000011|nonDerivative|2026-06-26|MEHROTRA SANJAY|S|Common Stock|799.00|1149.38|D,2026-07-01 04:49:27+0000,MU,MICRON TECHNOLOGY INC,0000723125,4,2026-06-30,2026-06-26,0001242654-26-000011,https://www.sec.gov/Archives/edgar/data/723125/000124265426000011/primarydocument.xml,nonDerivative,2026-06-26,S,Common Stock,799.00,1149.38,918354.6200000001,368625.00,D,MEHROTRA SANJAY,President and CEO,true,true,false,President and CEO,SEC EDGAR
MU|0001242654-26-000011|nonDerivative|2026-06-26|MEHROTRA SANJAY|S|Common Stock|480.00|1152.11|D,2026-07-01 04:49:27+0000,MU,MICRON TECHNOLOGY INC,0000723125,4,2026-06-30,2026-06-26,0001242654-26-000011,https://www.sec.gov/Archives/edgar/data/723125/000124265426000011/primarydocument.xml,nonDerivative,2026-06-26,S,Common Stock,480.00,1152.11,553012.7999999999,368145.00,D,MEHROTRA SANJAY,President and CEO,true,true,false,President and CEO,SEC EDGAR
MU|0001242654-26-000011|nonDerivative|2026-06-26|MEHROTRA SANJAY|S|Common Stock|540.00|1152.64|D,2026-07-01 04:49:27+0000,MU,MICRON TECHNOLOGY INC,0000723125,4,2026-06-30,2026-06-26,0001242654-26-000011,https://www.sec.gov/Archives/edgar/data/723125/000124265426000011/primarydocument.xml,nonDerivative,2026-06-26,S,Common Stock,540.00,1152.64,622425.6000000001,367605.00,D,MEHROTRA SANJAY,President and CEO,true,true,false,President and CEO,SEC EDGAR
MU|0001242654-26-000011|nonDerivative|2026-06-26|MEHROTRA SANJAY|S|Common Stock|727.00|1154.64|D,2026-07-01 04:49:27+0000,MU,MICRON TECHNOLOGY INC,0000723125,4,2026-06-30,2026-06-26,0001242654-26-000011,https://www.sec.gov/Archives/edgar/data/723125/000124265426000011/primarydocument.xml,nonDerivative,2026-06-26,S,Common Stock,727.00,1154.64,839423.28,366878.00,D,MEHROTRA SANJAY,President and CEO,true,true,false,President and CEO,SEC EDGAR
MU|0001242654-26-000011|nonDerivative|2026-06-26|MEHROTRA SANJAY|S|Common Stock|1446.00|1156.23|D,2026-07-01 04:49:27+0000,MU,MICRON TECHNOLOGY INC,0000723125,4,2026-06-30,2026-06-26,0001242654-26-000011,https://www.sec.gov/Archives/edgar/data/723125/000124265426000011/primarydocument.xml,nonDerivative,2026-06-26,S,Common Stock,1446.00,1156.23,1671908.58,365432.00,D,MEHROTRA SANJAY,President and CEO,true,true,false,President and CEO,SEC EDGAR
MU|0001242654-26-000011|nonDerivative|2026-06-26|MEHROTRA SANJAY|S|Common Stock|413.00|1157.30|D,2026-07-01 04:49:27+0000,MU,MICRON TECHNOLOGY INC,0000723125,4,2026-06-30,2026-06-26,0001242654-26-000011,https://www.sec.gov/Archives/edgar/data/723125/000124265426000011/primarydocument.xml,nonDerivative,2026-06-26,S,Common Stock,413.00,1157.30,477964.89999999997,365019.00,D,MEHROTRA SANJAY,President and CEO,true,true,false,President and CEO,SEC EDGAR
MU|0001242654-26-000011|nonDerivative|2026-06-26|MEHROTRA SANJAY|S|Common Stock|766.00|1159.43|D,2026-07-01 04:49:27+0000,MU,MICRON TECHNOLOGY INC,0000723125,4,2026-06-30,2026-06-26,0001242654-26-000011,https://www.sec.gov/Archives/edgar/data/723125/000124265426000011/primarydocument.xml,nonDerivative,2026-06-26,S,Common Stock,766.00,1159.43,888123.38,364253.00,D,MEHROTRA SANJAY,President and CEO,true,true,false,President and CEO,SEC EDGAR
MU|0001242654-26-000011|nonDerivative|2026-06-26|MEHROTRA SANJAY|S|Common Stock|505.00|1160.34|D,2026-07-01 04:49:27+0000,MU,MICRON TECHNOLOGY INC,0000723125,4,2026-06-30,2026-06-26,0001242654-26-000011,https://www.sec.gov/Archives/edgar/data/723125/000124265426000011/primarydocument.xml,nonDerivative,2026-06-26,S,Common Stock,505.00,1160.34,585971.7,363748.00,D,MEHROTRA SANJAY,President and CEO,true,true,false,President and CEO,SEC EDGAR
MU|0001242654-26-000011|nonDerivative|2026-06-26|MEHROTRA SANJAY|S|Common Stock|2789.00|1162.75|D,2026-07-01 04:49:27+0000,MU,MICRON TECHNOLOGY INC,0000723125,4,2026-06-30,2026-06-26,0001242654-26-000011,https://www.sec.gov/Archives/edgar/data/723125/000124265426000011/primarydocument.xml,nonDerivative,2026-06-26,S,Common Stock,2789.00,1162.75,3242909.75,360959.00,D,MEHROTRA SANJAY,President and CEO,true,true,false,President and CEO,SEC EDGAR
MU|0001242654-26-000011|nonDerivative|2026-06-26|MEHROTRA SANJAY|S|Common Stock|106.00|1163.49|D,2026-07-01 04:49:27+0000,MU,MICRON TECHNOLOGY INC,0000723125,4,2026-06-30,2026-06-26,0001242654-26-000011,https://www.sec.gov/Archives/edgar/data/723125/000124265426000011/primarydocument.xml,nonDerivative,2026-06-26,S,Common Stock,106.00,1163.49,123329.94,360853.00,D,MEHROTRA SANJAY,President and CEO,true,true,false,President and CEO,SEC EDGAR
MU|0001242654-26-000011|nonDerivative|2026-06-26|MEHROTRA SANJAY|S|Common Stock|1374.00|1165.06|D,2026-07-01 04:49:27+0000,MU,MICRON TECHNOLOGY INC,0000723125,4,2026-06-30,2026-06-26,0001242654-26-000011,https://www.sec.gov/Archives/edgar/data/723125/000124265426000011/primarydocument.xml,nonDerivative,2026-06-26,S,Common Stock,1374.00,1165.06,1600792.44,359479.00,D,MEHROTRA SANJAY,President and CEO,true,true,false,President and CEO,SEC EDGAR
MU|0001242654-26-000011|nonDerivative|2026-06-26|MEHROTRA SANJAY|S|Common Stock|772.00|1166.26|D,2026-07-01 04:49:27+0000,MU,MICRON TECHNOLOGY INC,0000723125,4,2026-06-30,2026-06-26,0001242654-26-000011,https://www.sec.gov/Archives/edgar/data/723125/000124265426000011/primarydocument.xml,nonDerivative,2026-06-26,S,Common Stock,772.00,1166.26,900352.72,358707.00,D,MEHROTRA SANJAY,President and CEO,true,true,false,President and CEO,SEC EDGAR
MU|0001242654-26-000011|nonDerivative|2026-06-26|MEHROTRA SANJAY|S|Common Stock|1745.00|1167.16|D,2026-07-01 04:49:27+0000,MU,MICRON TECHNOLOGY INC,0000723125,4,2026-06-30,2026-06-26,0001242654-26-000011,https://www.sec.gov/Archives/edgar/data/723125/000124265426000011/primarydocument.xml,nonDerivative,2026-06-26,S,Common Stock,1745.00,1167.16,2036694.2000000002,356962.00,D,MEHROTRA SANJAY,President and CEO,true,true,false,President and CEO,SEC EDGAR
MU|0001242654-26-000011|nonDerivative|2026-06-26|MEHROTRA SANJAY|S|Common Stock|14.00|1167.98|D,2026-07-01 04:49:27+0000,MU,MICRON TECHNOLOGY INC,0000723125,4,2026-06-30,2026-06-26,0001242654-26-000011,https://www.sec.gov/Archives/edgar/data/723125/000124265426000011/primarydocument.xml,nonDerivative,2026-06-26,S,Common Stock,14.00,1167.98,16351.720000000001,356948.00,D,MEHROTRA SANJAY,President and CEO,true,true,false,President and CEO,SEC EDGAR
MU|0001242654-26-000011|nonDerivative|2026-06-26|MEHROTRA SANJAY|S|Common Stock|951.00|1169.96|D,2026-07-01 04:49:27+0000,MU,MICRON TECHNOLOGY INC,0000723125,4,2026-06-30,2026-06-26,0001242654-26-000011,https://www.sec.gov/Archives/edgar/data/723125/000124265426000011/primarydocument.xml,nonDerivative,2026-06-26,S,Common Stock,951.00,1169.96,1112631.96,355997.00,D,MEHROTRA SANJAY,President and CEO,true,true,false,President and CEO,SEC EDGAR
KEY|0000950157-26-000774|nonDerivative|2026-06-30|BANK OF NOVA SCOTIA|D|Common Shares|238461|23.15|D,2026-07-01 04:49:27+0000,KEY,KEYCORP /NEW/,0000091576,4,2026-06-30,2026-06-30,0000950157-26-000774,https://www.sec.gov/Archives/edgar/data/91576/000095015726000774/ownership.xml,nonDerivative,2026-06-30,D,Common Shares,238461,23.15,5520372.149999999,157646917,D,BANK OF NOVA SCOTIA,"Director, 10% Owner",1,0,1,,SEC EDGAR
HAL|0001841752-26-000015|derivative|2026-06-30|Smith Maurice S|A|Stock Equivalent Units|1079.638||D,2026-07-01 04:49:27+0000,HAL,HALLIBURTON CO,0000045012,4,2026-06-30,2026-06-30,0001841752-26-000015,https://www.sec.gov/Archives/edgar/data/45012/000184175226000015/wk-form4_1782845630.xml,derivative,2026-06-30,A,Stock Equivalent Units,1079.638,,,14848.092,D,Smith Maurice S,Director,1,0,0,,SEC EDGAR
GOOGL|0001193125-26-290710|nonDerivative|2026-06-30|ARNOLD FRANCES|S|Class C Capital Stock|112|351.28|D,2026-07-01 04:49:27+0000,GOOGL,Alphabet Inc.,0001652044,4,2026-06-30,2026-06-30,0001193125-26-290710,https://www.sec.gov/Archives/edgar/data/1652044/000119312526290710/ownership.xml,nonDerivative,2026-06-30,S,Class C Capital Stock,112,351.28,39343.36,18833,D,ARNOLD FRANCES,,true,false,false,,SEC EDGAR
GOOG|0001193125-26-290710|nonDerivative|2026-06-30|ARNOLD FRANCES|S|Class C Capital Stock|112|351.28|D,2026-07-01 04:49:27+0000,GOOG,Alphabet Inc.,0001652044,4,2026-06-30,2026-06-30,0001193125-26-290710,https://www.sec.gov/Archives/edgar/data/1652044/000119312526290710/ownership.xml,nonDerivative,2026-06-30,S,Class C Capital Stock,112,351.28,39343.36,18833,D,ARNOLD FRANCES,,true,false,false,,SEC EDGAR
GL|0000320335-26-000201|nonDerivative|2026-06-30|Skarjune Dolores L|M|Common Stock|1850|103.23|D,2026-07-01 04:49:27+0000,GL,GLOBE LIFE INC.,0000320335,4,2026-06-30,2026-06-30,0000320335-26-000201,https://www.sec.gov/Archives/edgar/data/320335/000032033526000201/form4.xml,nonDerivative,2026-06-30,M,Common Stock,1850,103.23,190975.5,15546.734,D,Skarjune Dolores L,"Officer, EVP and Chief Admin. Officer",0,1,0,EVP and Chief Admin. Officer,SEC EDGAR
GL|0000320335-26-000201|nonDerivative|2026-06-30|Skarjune Dolores L|S|Common Stock|1850|179.18|D,2026-07-01 04:49:27+0000,GL,GLOBE LIFE INC.,0000320335,4,2026-06-30,2026-06-30,0000320335-26-000201,https://www.sec.gov/Archives/edgar/data/320335/000032033526000201/form4.xml,nonDerivative,2026-06-30,S,Common Stock,1850,179.18,331483.0,13696.734,D,Skarjune Dolores L,"Officer, EVP and Chief Admin. Officer",0,1,0,EVP and Chief Admin. Officer,SEC EDGAR
GL|0000320335-26-000201|derivative|2026-06-30|Skarjune Dolores L|M|Employee Stock Option (right to buy)|1850|0|D,2026-07-01 04:49:27+0000,GL,GLOBE LIFE INC.,0000320335,4,2026-06-30,2026-06-30,0000320335-26-000201,https://www.sec.gov/Archives/edgar/data/320335/000032033526000201/form4.xml,derivative,2026-06-30,M,Employee Stock Option (right to buy),1850,0,0.0,0,D,Skarjune Dolores L,"Officer, EVP and Chief Admin. Officer",0,1,0,EVP and Chief Admin. Officer,SEC EDGAR
GIS|0000897101-26-000239|nonDerivative|2026-06-28|Williams-Roll Jacqueline|F|Common Stock|671|36.01|D,2026-07-01 04:49:27+0000,GIS,GENERAL MILLS INC,0000040704,4,2026-06-30,2026-06-28,0000897101-26-000239,https://www.sec.gov/Archives/edgar/data/40704/000089710126000239/edgardoc.xml,nonDerivative,2026-06-28,F,Common Stock,671,36.01,24162.71,58377.1759,D,Williams-Roll Jacqueline,"Officer, Chief Human Resources Officer",0,1,0,Chief Human Resources Officer,SEC EDGAR
GIS|0000897101-26-000240|nonDerivative|2026-06-28|THISSEN KAREN WILSON|F|Common Stock|2082|36.01|D,2026-07-01 04:49:27+0000,GIS,GENERAL MILLS INC,0000040704,4,2026-06-30,2026-06-28,0000897101-26-000240,https://www.sec.gov/Archives/edgar/data/40704/000089710126000240/edgardoc.xml,nonDerivative,2026-06-28,F,Common Stock,2082,36.01,74972.81999999999,82198.065,D,THISSEN KAREN WILSON,"Officer, General Counsel & Secretary",0,1,0,General Counsel & Secretary,SEC EDGAR
GIS|0000897101-26-000238|nonDerivative|2026-06-28|Ness Jonathan David|F|Common Stock|480|36.01|D,2026-07-01 04:49:27+0000,GIS,GENERAL MILLS INC,0000040704,4,2026-06-30,2026-06-28,0000897101-26-000238,https://www.sec.gov/Archives/edgar/data/40704/000089710126000238/edgardoc.xml,nonDerivative,2026-06-28,F,Common Stock,480,36.01,17284.8,14608,D,Ness Jonathan David,"Officer, Chief Supply Chain Officer",0,1,0,Chief Supply Chain Officer,SEC EDGAR
GIS|0000897101-26-000237|nonDerivative|2026-06-28|Montemayor Jaime|F|Common Stock|2927|36.01|D,2026-07-01 04:49:27+0000,GIS,GENERAL MILLS INC,0000040704,4,2026-06-30,2026-06-28,0000897101-26-000237,https://www.sec.gov/Archives/edgar/data/40704/000089710126000237/edgardoc.xml,nonDerivative,2026-06-28,F,Common Stock,2927,36.01,105401.26999999999,162588.029,D,Montemayor Jaime,"Officer, Chief Technology Officer",0,1,0,Chief Technology Officer,SEC EDGAR
GIS|0000897101-26-000236|nonDerivative|2026-06-28|McNabb Dana M|F|Common Stock|1410|36.01|D,2026-07-01 04:49:27+0000,GIS,GENERAL MILLS INC,0000040704,4,2026-06-30,2026-06-28,0000897101-26-000236,https://www.sec.gov/Archives/edgar/data/40704/000089710126000236/edgardoc.xml,nonDerivative,2026-06-28,F,Common Stock,1410,36.01,50774.1,62805.454,D,McNabb Dana M,"Officer, Chief Operating Officer",0,1,0,Chief Operating Officer,SEC EDGAR
GIS|0000897101-26-000232|nonDerivative|2026-06-28|Mascolo Elizabeth|F|Common Stock|598|36.01|D,2026-07-01 04:49:27+0000,GIS,GENERAL MILLS INC,0000040704,4,2026-06-30,2026-06-28,0000897101-26-000232,https://www.sec.gov/Archives/edgar/data/40704/000089710126000232/edgardoc.xml,nonDerivative,2026-06-28,F,Common Stock,598,36.01,21533.98,35027.287,D,Mascolo Elizabeth,"Officer, Segment President",0,1,0,Segment President,SEC EDGAR
GIS|0000897101-26-000235|nonDerivative|2026-06-28|HARMENING JEFFREY L|F|Common Stock|4187|36.01|D,2026-07-01 04:49:27+0000,GIS,GENERAL MILLS INC,0000040704,4,2026-06-30,2026-06-28,0000897101-26-000235,https://www.sec.gov/Archives/edgar/data/40704/000089710126000235/edgardoc.xml,nonDerivative,2026-06-28,F,Common Stock,4187,36.01,150773.87,384622.3201,D,HARMENING JEFFREY L,"Director, Officer, Chairman of the Board & CEO",1,1,0,Chairman of the Board & CEO,SEC EDGAR
GIS|0000897101-26-000234|nonDerivative|2026-06-28|Fernandez Ricardo|F|Common Stock|1167|36.01|D,2026-07-01 04:49:27+0000,GIS,GENERAL MILLS INC,0000040704,4,2026-06-30,2026-06-28,0000897101-26-000234,https://www.sec.gov/Archives/edgar/data/40704/000089710126000234/edgardoc.xml,nonDerivative,2026-06-28,F,Common Stock,1167,36.01,42023.67,76198.613,D,Fernandez Ricardo,"Officer, Segment President",0,1,0,Segment President,SEC EDGAR
GIS|0000897101-26-000233|nonDerivative|2026-06-28|Bruce Kofi A|F|Common Stock|3881|36.01|D,2026-07-01 04:49:27+0000,GIS,GENERAL MILLS INC,0000040704,4,2026-06-30,2026-06-28,0000897101-26-000233,https://www.sec.gov/Archives/edgar/data/40704/000089710126000233/edgardoc.xml,nonDerivative,2026-06-28,F,Common Stock,3881,36.01,139754.81,230798.1867,D,Bruce Kofi A,"Officer, Chief Financial Officer",0,1,0,Chief Financial Officer,SEC EDGAR
EW|0001225208-26-006263|nonDerivative|2026-06-30|Lippis Daniel J.|M|Common Stock|619.0000|72.6800|D,2026-07-01 04:49:27+0000,EW,Edwards Lifesciences Corp,0001099800,4,2026-06-30,2026-06-30,0001225208-26-006263,https://www.sec.gov/Archives/edgar/data/1099800/000122520826006263/doc4.xml,nonDerivative,2026-06-30,M,Common Stock,619.0000,72.6800,44988.920000000006,41029.9103,D,Lippis Daniel J.,"Officer, CVP, TAVR",,1,,"CVP, TAVR",SEC EDGAR
EW|0001225208-26-006263|nonDerivative|2026-06-30|Lippis Daniel J.|S|Common Stock|619.0000|91.4002|D,2026-07-01 04:49:27+0000,EW,Edwards Lifesciences Corp,0001099800,4,2026-06-30,2026-06-30,0001225208-26-006263,https://www.sec.gov/Archives/edgar/data/1099800/000122520826006263/doc4.xml,nonDerivative,2026-06-30,S,Common Stock,619.0000,91.4002,56576.7238,40410.9103,D,Lippis Daniel J.,"Officer, CVP, TAVR",,1,,"CVP, TAVR",SEC EDGAR
EW|0001225208-26-006263|derivative|2026-06-30|Lippis Daniel J.|M|Employee Stock Option (Right to Acquire)|619.0000|0.0000|D,2026-07-01 04:49:27+0000,EW,Edwards Lifesciences Corp,0001099800,4,2026-06-30,2026-06-30,0001225208-26-006263,https://www.sec.gov/Archives/edgar/data/1099800/000122520826006263/doc4.xml,derivative,2026-06-30,M,Employee Stock Option (Right to Acquire),619.0000,0.0000,0.0,5571.0000,D,Lippis Daniel J.,"Officer, CVP, TAVR",,1,,"CVP, TAVR",SEC EDGAR
"DELL|0001193125-26-290621|nonDerivative|2026-06-26|Silver Lake Group, L.L.C.|S|Class C Common Stock|390|392.47|I",2026-07-01 04:49:27+0000,DELL,Dell Technologies Inc.,0001571996,4,2026-06-30,2026-06-26,0001193125-26-290621,https://www.sec.gov/Archives/edgar/data/1571996/000119312526290621/ownership.xml,nonDerivative,2026-06-26,S,Class C Common Stock,390,392.47,153063.30000000002,10375,I,"Silver Lake Group, L.L.C.",,true,false,true,,SEC EDGAR
"DELL|0001193125-26-290621|nonDerivative|2026-06-26|Silver Lake Group, L.L.C.|S|Class C Common Stock|215|392.47|I",2026-07-01 04:49:27+0000,DELL,Dell Technologies Inc.,0001571996,4,2026-06-30,2026-06-26,0001193125-26-290621,https://www.sec.gov/Archives/edgar/data/1571996/000119312526290621/ownership.xml,nonDerivative,2026-06-26,S,Class C Common Stock,215,392.47,84381.05,5699,I,"Silver Lake Group, L.L.C.",,true,false,true,,SEC EDGAR
"DELL|0001193125-26-290621|nonDerivative|2026-06-26|Silver Lake Group, L.L.C.|S|Class C Common Stock|936|393.89|I",2026-07-01 04:49:27+0000,DELL,Dell Technologies Inc.,0001571996,4,2026-06-30,2026-06-26,0001193125-26-290621,https://www.sec.gov/Archives/edgar/data/1571996/000119312526290621/ownership.xml,nonDerivative,2026-06-26,S,Class C Common Stock,936,393.89,368681.04,9439,I,"Silver Lake Group, L.L.C.",,true,false,true,,SEC EDGAR
"DELL|0001193125-26-290621|nonDerivative|2026-06-26|Silver Lake Group, L.L.C.|S|Class C Common Stock|514|393.89|I",2026-07-01 04:49:27+0000,DELL,Dell Technologies Inc.,0001571996,4,2026-06-30,2026-06-26,0001193125-26-290621,https://www.sec.gov/Archives/edgar/data/1571996/000119312526290621/ownership.xml,nonDerivative,2026-06-26,S,Class C Common Stock,514,393.89,202459.46,5185,I,"Silver Lake Group, L.L.C.",,true,false,true,,SEC EDGAR
"DELL|0001193125-26-290621|nonDerivative|2026-06-26|Silver Lake Group, L.L.C.|S|Class C Common Stock|441|394.81|I",2026-07-01 04:49:27+0000,DELL,Dell Technologies Inc.,0001571996,4,2026-06-30,2026-06-26,0001193125-26-290621,https://www.sec.gov/Archives/edgar/data/1571996/000119312526290621/ownership.xml,nonDerivative,2026-06-26,S,Class C Common Stock,441,394.81,174111.21,8997,I,"Silver Lake Group, L.L.C.",,true,false,true,,SEC EDGAR
"DELL|0001193125-26-290621|nonDerivative|2026-06-26|Silver Lake Group, L.L.C.|S|Class C Common Stock|243|394.81|I",2026-07-01 04:49:27+0000,DELL,Dell Technologies Inc.,0001571996,4,2026-06-30,2026-06-26,0001193125-26-290621,https://www.sec.gov/Archives/edgar/data/1571996/000119312526290621/ownership.xml,nonDerivative,2026-06-26,S,Class C Common Stock,243,394.81,95938.83,4943,I,"Silver Lake Group, L.L.C.",,true,false,true,,SEC EDGAR
"DELL|0001193125-26-290621|nonDerivative|2026-06-26|Silver Lake Group, L.L.C.|S|Class C Common Stock|7125|396.24|I",2026-07-01 04:49:27+0000,DELL,Dell Technologies Inc.,0001571996,4,2026-06-30,2026-06-26,0001193125-26-290621,https://www.sec.gov/Archives/edgar/data/1571996/000119312526290621/ownership.xml,nonDerivative,2026-06-26,S,Class C Common Stock,7125,396.24,2823210.0,1872,I,"Silver Lake Group, L.L.C.",,true,false,true,,SEC EDGAR
"DELL|0001193125-26-290621|nonDerivative|2026-06-26|Silver Lake Group, L.L.C.|S|Class C Common Stock|3915|396.24|I",2026-07-01 04:49:27+0000,DELL,Dell Technologies Inc.,0001571996,4,2026-06-30,2026-06-26,0001193125-26-290621,https://www.sec.gov/Archives/edgar/data/1571996/000119312526290621/ownership.xml,nonDerivative,2026-06-26,S,Class C Common Stock,3915,396.24,1551279.6,1028,I,"Silver Lake Group, L.L.C.",,true,false,true,,SEC EDGAR
"DELL|0001193125-26-290621|nonDerivative|2026-06-26|Silver Lake Group, L.L.C.|S|Class C Common Stock|516|398.16|I",2026-07-01 04:49:27+0000,DELL,Dell Technologies Inc.,0001571996,4,2026-06-30,2026-06-26,0001193125-26-290621,https://www.sec.gov/Archives/edgar/data/1571996/000119312526290621/ownership.xml,nonDerivative,2026-06-26,S,Class C Common Stock,516,398.16,205450.56000000003,1355,I,"Silver Lake Group, L.L.C.",,true,false,true,,SEC EDGAR
"DELL|0001193125-26-290621|nonDerivative|2026-06-26|Silver Lake Group, L.L.C.|S|Class C Common Stock|284|398.16|I",2026-07-01 04:49:27+0000,DELL,Dell Technologies Inc.,0001571996,4,2026-06-30,2026-06-26,0001193125-26-290621,https://www.sec.gov/Archives/edgar/data/1571996/000119312526290621/ownership.xml,nonDerivative,2026-06-26,S,Class C Common Stock,284,398.16,113077.44,745,I,"Silver Lake Group, L.L.C.",,true,false,true,,SEC EDGAR
"DELL|0001193125-26-290621|nonDerivative|2026-06-26|Silver Lake Group, L.L.C.|S|Class C Common Stock|968|399.38|I",2026-07-01 04:49:27+0000,DELL,Dell Technologies Inc.,0001571996,4,2026-06-30,2026-06-26,0001193125-26-290621,https://www.sec.gov/Archives/edgar/data/1571996/000119312526290621/ownership.xml,nonDerivative,2026-06-26,S,Class C Common Stock,968,399.38,386599.83999999997,387,I,"Silver Lake Group, L.L.C.",,true,false,true,,SEC EDGAR
"DELL|0001193125-26-290621|nonDerivative|2026-06-26|Silver Lake Group, L.L.C.|S|Class C Common Stock|532|399.38|I",2026-07-01 04:49:27+0000,DELL,Dell Technologies Inc.,0001571996,4,2026-06-30,2026-06-26,0001193125-26-290621,https://www.sec.gov/Archives/edgar/data/1571996/000119312526290621/ownership.xml,nonDerivative,2026-06-26,S,Class C Common Stock,532,399.38,212470.16,213,I,"Silver Lake Group, L.L.C.",,true,false,true,,SEC EDGAR
"DELL|0001193125-26-290621|nonDerivative|2026-06-26|Silver Lake Group, L.L.C.|S|Class C Common Stock|387|400.67|I",2026-07-01 04:49:27+0000,DELL,Dell Technologies Inc.,0001571996,4,2026-06-30,2026-06-26,0001193125-26-290621,https://www.sec.gov/Archives/edgar/data/1571996/000119312526290621/ownership.xml,nonDerivative,2026-06-26,S,Class C Common Stock,387,400.67,155059.29,0,I,"Silver Lake Group, L.L.C.",,true,false,true,,SEC EDGAR
"DELL|0001193125-26-290621|nonDerivative|2026-06-26|Silver Lake Group, L.L.C.|S|Class C Common Stock|213|400.67|I",2026-07-01 04:49:27+0000,DELL,Dell Technologies Inc.,0001571996,4,2026-06-30,2026-06-26,0001193125-26-290621,https://www.sec.gov/Archives/edgar/data/1571996/000119312526290621/ownership.xml,nonDerivative,2026-06-26,S,Class C Common Stock,213,400.67,85342.71,0,I,"Silver Lake Group, L.L.C.",,true,false,true,,SEC EDGAR
DASH|0001295031-26-000013|nonDerivative|2026-06-26|Brown Shona L|S|Class A Common Stock|582|177.06|D,2026-07-01 04:49:27+0000,DASH,"DoorDash, Inc.",0001792789,4,2026-06-30,2026-06-26,0001295031-26-000013,https://www.sec.gov/Archives/edgar/data/1792789/000129503126000013/form4-06302026_040601.xml,nonDerivative,2026-06-26,S,Class A Common Stock,582,177.06,103048.92,31156,D,Brown Shona L,,true,false,false,,SEC EDGAR
CPB|0001383493-26-000005|nonDerivative|2026-06-29|vanBeuren Archbold D|A|Common Stock|1964|0|I,2026-07-01 04:49:27+0000,CPB,CAMPBELL'S Co,0000016732,4,2026-06-30,2026-06-29,0001383493-26-000005,https://www.sec.gov/Archives/edgar/data/16732/000138349326000005/wk-form4_1782850170.xml,nonDerivative,2026-06-29,A,Common Stock,1964,0,0.0,609041,I,vanBeuren Archbold D,Director,1,0,0,,SEC EDGAR
CPB|0001647807-26-000004|derivative|2026-06-29|Schmidt Kurt|A|Phantom Stock|3107.34|0|D,2026-07-01 04:49:27+0000,CPB,CAMPBELL'S Co,0000016732,4,2026-06-30,2026-06-29,0001647807-26-000004,https://www.sec.gov/Archives/edgar/data/16732/000164780726000004/wk-form4_1782850062.xml,derivative,2026-06-29,A,Phantom Stock,3107.34,0,0.0,58634.36,D,Schmidt Kurt,Director,1,0,0,,SEC EDGAR
CPB|0001387148-26-000004|derivative|2026-06-29|McLoughlin Keith R|A|Phantom Stock|3715.78|0|D,2026-07-01 04:49:27+0000,CPB,CAMPBELL'S Co,0000016732,4,2026-06-30,2026-06-29,0001387148-26-000004,https://www.sec.gov/Archives/edgar/data/16732/000138714826000004/wk-form4_1782850080.xml,derivative,2026-06-29,A,Phantom Stock,3715.78,0,0.0,71460.06,D,McLoughlin Keith R,Director,1,0,0,,SEC EDGAR
CPB|0002078870-26-000006|nonDerivative|2026-06-29|Malone Mary Alice Dorrance JR|A|Common Stock|1814|0|I,2026-07-01 04:49:27+0000,CPB,CAMPBELL'S Co,0000016732,4,2026-06-30,2026-06-29,0002078870-26-000006,https://www.sec.gov/Archives/edgar/data/16732/000207887026000006/wk-form4_1782850153.xml,nonDerivative,2026-06-29,A,Common Stock,1814,0,0.0,84268,I,Malone Mary Alice Dorrance JR,"Director, 10% Owner",1,0,1,,SEC EDGAR
CPB|0001563556-26-000004|derivative|2026-06-29|Lautenbach Marc Bradley|A|Phantom Stock|1950.24|0|D,2026-07-01 04:49:27+0000,CPB,CAMPBELL'S Co,0000016732,4,2026-06-30,2026-06-29,0001563556-26-000004,https://www.sec.gov/Archives/edgar/data/16732/000156355626000004/wk-form4_1782850043.xml,derivative,2026-06-29,A,Phantom Stock,1950.24,0,0.0,48755.89,D,Lautenbach Marc Bradley,Director,1,0,0,,SEC EDGAR
CPB|0001754758-26-000004|derivative|2026-06-29|Hofstetter Sarah|A|Phantom Stock|1814.43|0|D,2026-07-01 04:49:27+0000,CPB,CAMPBELL'S Co,0000016732,4,2026-06-30,2026-06-29,0001754758-26-000004,https://www.sec.gov/Archives/edgar/data/16732/000175475826000004/wk-form4_1782850026.xml,derivative,2026-06-29,A,Phantom Stock,1814.43,0,0.0,33865.07,D,Hofstetter Sarah,Director,1,0,0,,SEC EDGAR
CPB|0001834776-26-000006|nonDerivative|2026-06-29|Hill Grant|A|Common Stock|3107|0|D,2026-07-01 04:49:27+0000,CPB,CAMPBELL'S Co,0000016732,4,2026-06-30,2026-06-29,0001834776-26-000006,https://www.sec.gov/Archives/edgar/data/16732/000183477626000006/wk-form4_1782850133.xml,nonDerivative,2026-06-29,A,Common Stock,3107,0,0.0,39010.73,D,Hill Grant,Director,1,0,0,,SEC EDGAR
CPB|0001587868-26-000010|derivative|2026-06-29|Hilado Maria Teresa|A|Phantom Stock|1963.82|0|D,2026-07-01 04:49:27+0000,CPB,CAMPBELL'S Co,0000016732,4,2026-06-30,2026-06-29,0001587868-26-000010,https://www.sec.gov/Archives/edgar/data/16732/000158786826000010/wk-form4_1782850005.xml,derivative,2026-06-29,A,Phantom Stock,1963.82,0,0.0,41986.08,D,Hilado Maria Teresa,Director,1,0,0,,SEC EDGAR
CPB|0001940579-26-000006|nonDerivative|2026-06-29|Dorrance Bennett JR|A|Common Stock|1855|0|I,2026-07-01 04:49:27+0000,CPB,CAMPBELL'S Co,0000016732,4,2026-06-30,2026-06-29,0001940579-26-000006,https://www.sec.gov/Archives/edgar/data/16732/000194057926000006/wk-form4_1782850117.xml,nonDerivative,2026-06-29,A,Common Stock,1855,0,0.0,574265,I,Dorrance Bennett JR,Director,1,0,0,,SEC EDGAR
CPB|0001595087-26-000004|derivative|2026-06-29|Averill Howard M|A|Phantom Stock|1977.4|0|D,2026-07-01 04:49:27+0000,CPB,CAMPBELL'S Co,0000016732,4,2026-06-30,2026-06-29,0001595087-26-000004,https://www.sec.gov/Archives/edgar/data/16732/000159508726000004/wk-form4_1782849984.xml,derivative,2026-06-29,A,Phantom Stock,1977.4,0,0.0,39343.3,D,Averill Howard M,Director,1,0,0,,SEC EDGAR
CPB|0001554779-26-000009|nonDerivative|2026-06-29|ARREDONDO FABIOLA R|A|Common Stock|1855|0|D,2026-07-01 04:49:27+0000,CPB,CAMPBELL'S Co,0000016732,4,2026-06-30,2026-06-29,0001554779-26-000009,https://www.sec.gov/Archives/edgar/data/16732/000155477926000009/wk-form4_1782850097.xml,nonDerivative,2026-06-29,A,Common Stock,1855,0,0.0,33627,D,ARREDONDO FABIOLA R,Director,1,0,0,,SEC EDGAR
COR|0001580827-26-000005|derivative|2026-06-29|Boratto Eva C|A|Restricted Stock Units|21304||D,2026-07-01 04:49:27+0000,COR,"Cencora, Inc.",0001140859,4,2026-06-30,2026-06-29,0001580827-26-000005,https://www.sec.gov/Archives/edgar/data/1140859/000158082726000005/wk-form4_1782850807.xml,derivative,2026-06-29,A,Restricted Stock Units,21304,,,21304,D,Boratto Eva C,"Officer, Chief Financial Officer",0,1,0,Chief Financial Officer,SEC EDGAR
CIEN|0001963638-26-000009|nonDerivative|2026-06-26|Cumello Joseph|S|Common Stock|1586|466.33|D,2026-07-01 04:49:27+0000,CIEN,CIENA CORP,0000936395,4,2026-06-30,2026-06-26,0001963638-26-000009,https://www.sec.gov/Archives/edgar/data/936395/000196363826000009/edgardoc.xml,nonDerivative,2026-06-26,S,Common Stock,1586,466.33,739599.38,42872,D,Cumello Joseph,"Officer, SVP, General Mgr. Blue Planet",0,1,0,"SVP, General Mgr. Blue Planet",SEC EDGAR
CHRW|0001437749-26-022143|nonDerivative|2026-06-26|Bozeman David P|F|Common Stock|11693|180.34|D,2026-07-01 04:49:27+0000,CHRW,"C. H. ROBINSON WORLDWIDE, INC.",0001043277,4,2026-06-30,2026-06-26,0001437749-26-022143,https://www.sec.gov/Archives/edgar/data/1043277/000143774926022143/rdgdoc.xml,nonDerivative,2026-06-26,F,Common Stock,11693,180.34,2108715.62,178978,D,Bozeman David P,"Director, Officer, President & CEO",1,1,,President & CEO,SEC EDGAR
AXON|0001628280-26-046277|nonDerivative|2026-06-29|SMITH PATRICK W|S|Common Stock|10000|500.0018|D,2026-07-01 04:49:27+0000,AXON,"AXON ENTERPRISE, INC.",0001069183,4,2026-06-30,2026-06-29,0001628280-26-046277,https://www.sec.gov/Archives/edgar/data/1069183/000162828026046277/wk-form4_1782853088.xml,nonDerivative,2026-06-29,S,Common Stock,10000,500.0018,5000018.0,3050997,D,SMITH PATRICK W,"Director, Officer, CHIEF EXECUTIVE OFFICER",1,1,0,CHIEF EXECUTIVE OFFICER,SEC EDGAR
ABNB|0001193125-26-290807|nonDerivative|2026-06-26|Blecharczyk Nathan|C|Class A Common Stock|96263||I,2026-07-01 04:49:27+0000,ABNB,"Airbnb, Inc.",0001559720,4,2026-06-30,2026-06-26,0001193125-26-290807,https://www.sec.gov/Archives/edgar/data/1559720/000119312526290807/ownership.xml,nonDerivative,2026-06-26,C,Class A Common Stock,96263,,,108633,I,Blecharczyk Nathan,Chief Strategy Officer,true,true,true,Chief Strategy Officer,SEC EDGAR
ABNB|0001193125-26-290807|nonDerivative|2026-06-26|Blecharczyk Nathan|S|Class A Common Stock|9202|145.5796|I,2026-07-01 04:49:27+0000,ABNB,"Airbnb, Inc.",0001559720,4,2026-06-30,2026-06-26,0001193125-26-290807,https://www.sec.gov/Archives/edgar/data/1559720/000119312526290807/ownership.xml,nonDerivative,2026-06-26,S,Class A Common Stock,9202,145.5796,1339623.4792,99431,I,Blecharczyk Nathan,Chief Strategy Officer,true,true,true,Chief Strategy Officer,SEC EDGAR
ABNB|0001193125-26-290807|nonDerivative|2026-06-26|Blecharczyk Nathan|S|Class A Common Stock|13041|146.5943|I,2026-07-01 04:49:27+0000,ABNB,"Airbnb, Inc.",0001559720,4,2026-06-30,2026-06-26,0001193125-26-290807,https://www.sec.gov/Archives/edgar/data/1559720/000119312526290807/ownership.xml,nonDerivative,2026-06-26,S,Class A Common Stock,13041,146.5943,1911736.2663,86390,I,Blecharczyk Nathan,Chief Strategy Officer,true,true,true,Chief Strategy Officer,SEC EDGAR
ABNB|0001193125-26-290807|nonDerivative|2026-06-26|Blecharczyk Nathan|S|Class A Common Stock|8790|147.0731|I,2026-07-01 04:49:27+0000,ABNB,"Airbnb, Inc.",0001559720,4,2026-06-30,2026-06-26,0001193125-26-290807,https://www.sec.gov/Archives/edgar/data/1559720/000119312526290807/ownership.xml,nonDerivative,2026-06-26,S,Class A Common Stock,8790,147.0731,1292772.549,77600,I,Blecharczyk Nathan,Chief Strategy Officer,true,true,true,Chief Strategy Officer,SEC EDGAR
ABNB|0001193125-26-290807|derivative|2026-06-26|Blecharczyk Nathan|C|Class B Common Stock|96263|0|I,2026-07-01 04:49:27+0000,ABNB,"Airbnb, Inc.",0001559720,4,2026-06-30,2026-06-26,0001193125-26-290807,https://www.sec.gov/Archives/edgar/data/1559720/000119312526290807/ownership.xml,derivative,2026-06-26,C,Class B Common Stock,96263,0,0.0,45770277,I,Blecharczyk Nathan,Chief Strategy Officer,true,true,true,Chief Strategy Officer,SEC EDGAR
XYZ|0001628280-26-046058|nonDerivative|2026-06-25|Eisen Anthony Mathew|S|Class A  Common Stock|6000|75.70|D,2026-07-01 04:49:27+0000,XYZ,"Block, Inc.",0001512673,4,2026-06-29,2026-06-25,0001628280-26-046058,https://www.sec.gov/Archives/edgar/data/1512673/000162828026046058/wk-form4_1782767622.xml,nonDerivative,2026-06-25,S,Class A  Common Stock,6000,75.70,454200.0,1934672,D,Eisen Anthony Mathew,Director,1,0,0,,SEC EDGAR
XYZ|0001628280-26-046058|nonDerivative|2026-06-26|Eisen Anthony Mathew|S|Class A  Common Stock|6000|74.80|D,2026-07-01 04:49:27+0000,XYZ,"Block, Inc.",0001512673,4,2026-06-29,2026-06-25,0001628280-26-046058,https://www.sec.gov/Archives/edgar/data/1512673/000162828026046058/wk-form4_1782767622.xml,nonDerivative,2026-06-26,S,Class A  Common Stock,6000,74.80,448800.0,1928672,D,Eisen Anthony Mathew,Director,1,0,0,,SEC EDGAR
XYZ|0001628280-26-046058|nonDerivative|2026-06-29|Eisen Anthony Mathew|S|Class A  Common Stock|6000|78.93|D,2026-07-01 04:49:27+0000,XYZ,"Block, Inc.",0001512673,4,2026-06-29,2026-06-25,0001628280-26-046058,https://www.sec.gov/Archives/edgar/data/1512673/000162828026046058/wk-form4_1782767622.xml,nonDerivative,2026-06-29,S,Class A  Common Stock,6000,78.93,473580.00000000006,1922672,D,Eisen Anthony Mathew,Director,1,0,0,,SEC EDGAR
WELL|0001193125-26-288714|nonDerivative|2026-05-31|Mitra Shankh|A|Common Stock|17|173.32|D,2026-07-01 04:49:27+0000,WELL,WELLTOWER INC.,0000766704,4,2026-06-29,2026-05-31,0001193125-26-288714,https://www.sec.gov/Archives/edgar/data/766704/000119312526288714/ownership.xml,nonDerivative,2026-05-31,A,Common Stock,17,173.32,2946.44,76494,D,Mitra Shankh,CEO,true,true,false,CEO,SEC EDGAR
WELL|0001193125-26-288714|nonDerivative|2026-06-26|Mitra Shankh|G|Common Stock|3852|0|D,2026-07-01 04:49:27+0000,WELL,WELLTOWER INC.,0000766704,4,2026-06-29,2026-05-31,0001193125-26-288714,https://www.sec.gov/Archives/edgar/data/766704/000119312526288714/ownership.xml,nonDerivative,2026-06-26,G,Common Stock,3852,0,0.0,72642,D,Mitra Shankh,CEO,true,true,false,CEO,SEC EDGAR
WDAY|0000938071-26-000040|nonDerivative|2026-06-25|DUFFIELD DAVID A|C|Class A Common Stock|107500|0|D,2026-07-01 04:49:27+0000,WDAY,"Workday, Inc.",0001327811,4,2026-06-29,2026-06-25,0000938071-26-000040,https://www.sec.gov/Archives/edgar/data/1327811/000093807126000040/wk-form4_1782764319.xml,nonDerivative,2026-06-25,C,Class A Common Stock,107500,0,0.0,212549,D,DUFFIELD DAVID A,10% Owner,0,0,1,,SEC EDGAR
WDAY|0000938071-26-000040|nonDerivative|2026-06-25|DUFFIELD DAVID A|S|Class A Common Stock|30074|114.1416|D,2026-07-01 04:49:27+0000,WDAY,"Workday, Inc.",0001327811,4,2026-06-29,2026-06-25,0000938071-26-000040,https://www.sec.gov/Archives/edgar/data/1327811/000093807126000040/wk-form4_1782764319.xml,nonDerivative,2026-06-25,S,Class A Common Stock,30074,114.1416,3432694.4784,182475,D,DUFFIELD DAVID A,10% Owner,0,0,1,,SEC EDGAR
WDAY|0000938071-26-000040|nonDerivative|2026-06-25|DUFFIELD DAVID A|S|Class A Common Stock|28998|114.9781|D,2026-07-01 04:49:27+0000,WDAY,"Workday, Inc.",0001327811,4,2026-06-29,2026-06-25,0000938071-26-000040,https://www.sec.gov/Archives/edgar/data/1327811/000093807126000040/wk-form4_1782764319.xml,nonDerivative,2026-06-25,S,Class A Common Stock,28998,114.9781,3334134.9438,153477,D,DUFFIELD DAVID A,10% Owner,0,0,1,,SEC EDGAR
WDAY|0000938071-26-000040|nonDerivative|2026-06-25|DUFFIELD DAVID A|S|Class A Common Stock|19825|116.059|D,2026-07-01 04:49:27+0000,WDAY,"Workday, Inc.",0001327811,4,2026-06-29,2026-06-25,0000938071-26-000040,https://www.sec.gov/Archives/edgar/data/1327811/000093807126000040/wk-form4_1782764319.xml,nonDerivative,2026-06-25,S,Class A Common Stock,19825,116.059,2300869.675,133652,D,DUFFIELD DAVID A,10% Owner,0,0,1,,SEC EDGAR
WDAY|0000938071-26-000040|nonDerivative|2026-06-25|DUFFIELD DAVID A|S|Class A Common Stock|17064|116.9498|D,2026-07-01 04:49:27+0000,WDAY,"Workday, Inc.",0001327811,4,2026-06-29,2026-06-25,0000938071-26-000040,https://www.sec.gov/Archives/edgar/data/1327811/000093807126000040/wk-form4_1782764319.xml,nonDerivative,2026-06-25,S,Class A Common Stock,17064,116.9498,1995631.3872,116588,D,DUFFIELD DAVID A,10% Owner,0,0,1,,SEC EDGAR
WDAY|0000938071-26-000040|nonDerivative|2026-06-25|DUFFIELD DAVID A|S|Class A Common Stock|9739|118.0312|D,2026-07-01 04:49:27+0000,WDAY,"Workday, Inc.",0001327811,4,2026-06-29,2026-06-25,0000938071-26-000040,https://www.sec.gov/Archives/edgar/data/1327811/000093807126000040/wk-form4_1782764319.xml,nonDerivative,2026-06-25,S,Class A Common Stock,9739,118.0312,1149505.8568,106849,D,DUFFIELD DAVID A,10% Owner,0,0,1,,SEC EDGAR
WDAY|0000938071-26-000040|nonDerivative|2026-06-25|DUFFIELD DAVID A|S|Class A Common Stock|1800|118.7611|D,2026-07-01 04:49:27+0000,WDAY,"Workday, Inc.",0001327811,4,2026-06-29,2026-06-25,0000938071-26-000040,https://www.sec.gov/Archives/edgar/data/1327811/000093807126000040/wk-form4_1782764319.xml,nonDerivative,2026-06-25,S,Class A Common Stock,1800,118.7611,213769.98,105049,D,DUFFIELD DAVID A,10% Owner,0,0,1,,SEC EDGAR
WDAY|0000938071-26-000040|derivative|2026-06-25|DUFFIELD DAVID A|C|Class B Common Stock|107500|0|D,2026-07-01 04:49:27+0000,WDAY,"Workday, Inc.",0001327811,4,2026-06-29,2026-06-25,0000938071-26-000040,https://www.sec.gov/Archives/edgar/data/1327811/000093807126000040/wk-form4_1782764319.xml,derivative,2026-06-25,C,Class B Common Stock,107500,0,0.0,36776334,D,DUFFIELD DAVID A,10% Owner,0,0,1,,SEC EDGAR
TPL|0001437749-26-021933|nonDerivative|2026-06-26|HORIZON KINETICS ASSET MANAGEMENT LLC|P|Common Stock|1|397.48|D,2026-07-01 04:49:27+0000,TPL,Texas Pacific Land Corp,0001811074,4,2026-06-29,2026-06-26,0001437749-26-021933,https://www.sec.gov/Archives/edgar/data/1811074/000143774926021933/rdgdoc.xml,nonDerivative,2026-06-26,P,Common Stock,1,397.48,397.48,3393561,D,HORIZON KINETICS ASSET MANAGEMENT LLC,10% Owner,,,1,,SEC EDGAR
TER|0000904454-26-000385|nonDerivative|2026-06-25|TUFANO PAUL J|A|Common Stock|116|0|D,2026-07-01 04:49:27+0000,TER,"TERADYNE, INC",0000097210,4,2026-06-29,2026-06-25,0000904454-26-000385,https://www.sec.gov/Archives/edgar/data/97210/000090445426000385/edgar.xml,nonDerivative,2026-06-25,A,Common Stock,116,0,0.0,65848,D,TUFANO PAUL J,Director,1,0,0,,SEC EDGAR
TER|0000904454-26-000381|nonDerivative|2026-06-25|Herweck Peter|A|Common Stock|63|0|D,2026-07-01 04:49:27+0000,TER,"TERADYNE, INC",0000097210,4,2026-06-29,2026-06-25,0000904454-26-000381,https://www.sec.gov/Archives/edgar/data/97210/000090445426000381/edgar.xml,nonDerivative,2026-06-25,A,Common Stock,63,0,0.0,16201,D,Herweck Peter,Director,1,0,0,,SEC EDGAR
TER|0000904454-26-000383|nonDerivative|2026-06-25|Henry Andrew Chisholm|A|Common Stock|52|0|D,2026-07-01 04:49:27+0000,TER,"TERADYNE, INC",0000097210,4,2026-06-29,2026-06-25,0000904454-26-000383,https://www.sec.gov/Archives/edgar/data/97210/000090445426000383/edgar.xml,nonDerivative,2026-06-25,A,Common Stock,52,0,0.0,2927,D,Henry Andrew Chisholm,Director,1,0,0,,SEC EDGAR
SO|0001193125-26-288376|nonDerivative|2026-06-28|Sena Peter P III|M|Southern Company Common Stock|712|0|D,2026-07-01 04:49:27+0000,SO,SOUTHERN CO,0000092122,4,2026-06-29,2026-06-28,0001193125-26-288376,https://www.sec.gov/Archives/edgar/data/92122/000119312526288376/ownership.xml,nonDerivative,2026-06-28,M,Southern Company Common Stock,712,0,0.0,31517,D,Sena Peter P III,"Chairman,President & CEO, SNC",false,true,false,"Chairman,President & CEO, SNC",SEC EDGAR
SO|0001193125-26-288376|nonDerivative|2026-06-28|Sena Peter P III|F|Southern Company Common Stock|316|97.16|D,2026-07-01 04:49:27+0000,SO,SOUTHERN CO,0000092122,4,2026-06-29,2026-06-28,0001193125-26-288376,https://www.sec.gov/Archives/edgar/data/92122/000119312526288376/ownership.xml,nonDerivative,2026-06-28,F,Southern Company Common Stock,316,97.16,30702.559999999998,31201,D,Sena Peter P III,"Chairman,President & CEO, SNC",false,true,false,"Chairman,President & CEO, SNC",SEC EDGAR
SO|0001193125-26-288376|derivative|2026-06-28|Sena Peter P III|M|Performance Restricted Stock Units|667|0|D,2026-07-01 04:49:27+0000,SO,SOUTHERN CO,0000092122,4,2026-06-29,2026-06-28,0001193125-26-288376,https://www.sec.gov/Archives/edgar/data/92122/000119312526288376/ownership.xml,derivative,2026-06-28,M,Performance Restricted Stock Units,667,0,0.0,667,D,Sena Peter P III,"Chairman,President & CEO, SNC",false,true,false,"Chairman,President & CEO, SNC",SEC EDGAR
SJM|0000091419-26-000069|nonDerivative|2026-06-26|Knudsen Jeannette L|S|Common Shares|4353|115.08|D,2026-07-01 04:49:27+0000,SJM,J M SMUCKER Co,0000091419,4,2026-06-29,2026-06-26,0000091419-26-000069,https://www.sec.gov/Archives/edgar/data/91419/000009141926000069/wk-form4_1782768569.xml,nonDerivative,2026-06-26,S,Common Shares,4353,115.08,500943.24,16835,D,Knudsen Jeannette L,"Officer, Chief Legal Officer",0,1,0,Chief Legal Officer,SEC EDGAR
NVDA|0001725292-26-000004|nonDerivative|2026-06-25|Shah Aarti S.|A|Common|1211|0|D,2026-07-01 04:49:27+0000,NVDA,NVIDIA CORP,0001045810,4,2026-06-29,2026-06-25,0001725292-26-000004,https://www.sec.gov/Archives/edgar/data/1045810/000172529226000004/wk-form4_1782767179.xml,nonDerivative,2026-06-25,A,Common,1211,0,0.0,37218,D,Shah Aarti S.,Director,1,0,0,,SEC EDGAR
NVDA|0001199039-26-000009|nonDerivative|2026-06-25|STEVENS MARK A|A|Common Stock|1211|0|D,2026-07-01 04:49:27+0000,NVDA,NVIDIA CORP,0001045810,4,2026-06-29,2026-06-25,0001199039-26-000009,https://www.sec.gov/Archives/edgar/data/1045810/000119903926000009/wk-form4_1782767219.xml,nonDerivative,2026-06-25,A,Common Stock,1211,0,0.0,11544612,D,STEVENS MARK A,Director,1,0,0,,SEC EDGAR
NVDA|0001197652-26-000007|nonDerivative|2026-06-25|SEAWELL A BROOKE|A|Common Stock|1211|0|D,2026-07-01 04:49:27+0000,NVDA,NVIDIA CORP,0001045810,4,2026-06-29,2026-06-25,0001197652-26-000007,https://www.sec.gov/Archives/edgar/data/1045810/000119765226000007/wk-form4_1782767137.xml,nonDerivative,2026-06-25,A,Common Stock,1211,0,0.0,7818,D,SEAWELL A BROOKE,Director,1,0,0,,SEC EDGAR
NVDA|0001768670-26-000004|nonDerivative|2026-06-25|Neal Stephen C|A|Common Stock|1211|0|D,2026-07-01 04:49:27+0000,NVDA,NVIDIA CORP,0001045810,4,2026-06-29,2026-06-25,0001768670-26-000004,https://www.sec.gov/Archives/edgar/data/1045810/000176867026000004/wk-form4_1782767093.xml,nonDerivative,2026-06-25,A,Common Stock,1211,0,0.0,5098,D,Neal Stephen C,Director,1,0,0,,SEC EDGAR
NVDA|0001284116-26-000004|nonDerivative|2026-06-25|LORA MELISSA|A|Common Stock|1211|0|D,2026-07-01 04:49:27+0000,NVDA,NVIDIA CORP,0001045810,4,2026-06-29,2026-06-25,0001284116-26-000004,https://www.sec.gov/Archives/edgar/data/1045810/000128411626000004/wk-form4_1782767057.xml,nonDerivative,2026-06-25,A,Common Stock,1211,0,0.0,15069,D,LORA MELISSA,Director,1,0,0,,SEC EDGAR
NVDA|0001197650-26-000002|nonDerivative|2026-06-25|JONES HARVEY C|A|Common Stock|1211|0|D,2026-07-01 04:49:27+0000,NVDA,NVIDIA CORP,0001045810,4,2026-06-29,2026-06-25,0001197650-26-000002,https://www.sec.gov/Archives/edgar/data/1045810/000119765026000002/wk-form4_1782767025.xml,nonDerivative,2026-06-25,A,Common Stock,1211,0,0.0,71618,D,JONES HARVEY C,Director,1,0,0,,SEC EDGAR
NVDA|0001219888-26-000002|nonDerivative|2026-06-25|HUDSON DAWN E|A|Common Stock|1211|0|D,2026-07-01 04:49:27+0000,NVDA,NVIDIA CORP,0001045810,4,2026-06-29,2026-06-25,0001219888-26-000002,https://www.sec.gov/Archives/edgar/data/1045810/000121988826000002/wk-form4_1782766973.xml,nonDerivative,2026-06-25,A,Common Stock,1211,0,0.0,370098,D,HUDSON DAWN E,Director,1,0,0,,SEC EDGAR
NVDA|0001818224-26-000006|nonDerivative|2026-06-25|Dabiri John|A|Common|1211|0|D,2026-07-01 04:49:27+0000,NVDA,NVIDIA CORP,0001045810,4,2026-06-29,2026-06-25,0001818224-26-000006,https://www.sec.gov/Archives/edgar/data/1045810/000181822426000006/wk-form4_1782766926.xml,nonDerivative,2026-06-25,A,Common,1211,0,0.0,15374,D,Dabiri John,Director,1,0,0,,SEC EDGAR
NVDA|0001197647-26-000003|nonDerivative|2026-06-25|COXE TENCH|A|Common|1211|0|D,2026-07-01 04:49:27+0000,NVDA,NVIDIA CORP,0001045810,4,2026-06-29,2026-06-25,0001197647-26-000003,https://www.sec.gov/Archives/edgar/data/1045810/000119764726000003/wk-form4_1782766872.xml,nonDerivative,2026-06-25,A,Common,1211,0,0.0,57378,D,COXE TENCH,Director,1,0,0,,SEC EDGAR
LULU|0001397187-26-000106|nonDerivative|2026-06-25|White Emily|A|Common Stock|1606|0|D,2026-07-01 04:49:27+0000,LULU,lululemon athletica inc.,0001397187,4,2026-06-29,2026-06-25,0001397187-26-000106,https://www.sec.gov/Archives/edgar/data/1397187/000139718726000106/form4.xml,nonDerivative,2026-06-25,A,Common Stock,1606,0,0.0,9739,D,White Emily,Director,1,0,0,,SEC EDGAR
LULU|0001397187-26-000112|nonDerivative|2026-06-25|McNeill Jon|A|Common Stock|1606|0|D,2026-07-01 04:49:27+0000,LULU,lululemon athletica inc.,0001397187,4,2026-06-29,2026-06-25,0001397187-26-000112,https://www.sec.gov/Archives/edgar/data/1397187/000139718726000112/form4.xml,nonDerivative,2026-06-25,A,Common Stock,1606,0,0.0,10928,D,McNeill Jon,Director,1,0,0,,SEC EDGAR
LULU|0001397187-26-000115|nonDerivative|2026-06-25|Maurer Marc|A|Common Stock|1606|0|D,2026-07-01 04:49:27+0000,LULU,lululemon athletica inc.,0001397187,4,2026-06-29,2026-06-25,0001397187-26-000115,https://www.sec.gov/Archives/edgar/data/1397187/000139718726000115/form4.xml,nonDerivative,2026-06-25,A,Common Stock,1606,0,0.0,1606,D,Maurer Marc,Director,1,0,0,,SEC EDGAR
LULU|0001397187-26-000113|nonDerivative|2026-06-25|Mahe Isabel|A|Common Stock|1606|0|D,2026-07-01 04:49:27+0000,LULU,lululemon athletica inc.,0001397187,4,2026-06-29,2026-06-25,0001397187-26-000113,https://www.sec.gov/Archives/edgar/data/1397187/000139718726000113/form4.xml,nonDerivative,2026-06-25,A,Common Stock,1606,0,0.0,4125,D,Mahe Isabel,Director,1,0,0,,SEC EDGAR
LULU|0001397187-26-000105|nonDerivative|2026-06-25|MORFITT MARTHA A M|A|Common Stock|1606|0|D,2026-07-01 04:49:27+0000,LULU,lululemon athletica inc.,0001397187,4,2026-06-29,2026-06-25,0001397187-26-000105,https://www.sec.gov/Archives/edgar/data/1397187/000139718726000105/form4.xml,nonDerivative,2026-06-25,A,Common Stock,1606,0,0.0,88596,D,MORFITT MARTHA A M,Director,1,0,0,,SEC EDGAR
LULU|0001397187-26-000107|nonDerivative|2026-06-25|Loehnis Alison|A|Common Stock|1606|0|D,2026-07-01 04:49:27+0000,LULU,lululemon athletica inc.,0001397187,4,2026-06-29,2026-06-25,0001397187-26-000107,https://www.sec.gov/Archives/edgar/data/1397187/000139718726000107/form4.xml,nonDerivative,2026-06-25,A,Common Stock,1606,0,0.0,3808,D,Loehnis Alison,Director,1,0,0,,SEC EDGAR
LULU|0001397187-26-000108|nonDerivative|2026-06-25|List Teri|A|Common Stock|1606|0|D,2026-07-01 04:49:27+0000,LULU,lululemon athletica inc.,0001397187,4,2026-06-29,2026-06-25,0001397187-26-000108,https://www.sec.gov/Archives/edgar/data/1397187/000139718726000108/form4.xml,nonDerivative,2026-06-25,A,Common Stock,1606,0,0.0,2839,D,List Teri,Director,1,0,0,,SEC EDGAR
LULU|0001397187-26-000110|nonDerivative|2026-06-25|Henry Kathryn|A|Common Stock|1606|0|D,2026-07-01 04:49:27+0000,LULU,lululemon athletica inc.,0001397187,4,2026-06-29,2026-06-25,0001397187-26-000110,https://www.sec.gov/Archives/edgar/data/1397187/000139718726000110/form4.xml,nonDerivative,2026-06-25,A,Common Stock,1606,0,0.0,7122,D,Henry Kathryn,Director,1,0,0,,SEC EDGAR
LULU|0001397187-26-000114|nonDerivative|2026-06-25|Gentile Laura|A|Common Stock|1606|0|D,2026-07-01 04:49:27+0000,LULU,lululemon athletica inc.,0001397187,4,2026-06-29,2026-06-25,0001397187-26-000114,https://www.sec.gov/Archives/edgar/data/1397187/000139718726000114/form4.xml,nonDerivative,2026-06-25,A,Common Stock,1606,0,0.0,2606,D,Gentile Laura,Director,1,0,0,,SEC EDGAR
LULU|0001397187-26-000111|nonDerivative|2026-06-25|Bracey Esi Eggleston|A|Common Stock|1606|0|D,2026-07-01 04:49:27+0000,LULU,lululemon athletica inc.,0001397187,4,2026-06-29,2026-06-25,0001397187-26-000111,https://www.sec.gov/Archives/edgar/data/1397187/000139718726000111/form4.xml,nonDerivative,2026-06-25,A,Common Stock,1606,0,0.0,1853,D,Bracey Esi Eggleston,Director,1,0,0,,SEC EDGAR
LULU|0001397187-26-000109|nonDerivative|2026-06-25|Bergh Charles V|A|Common Stock|1606|0|D,2026-07-01 04:49:27+0000,LULU,lululemon athletica inc.,0001397187,4,2026-06-29,2026-06-25,0001397187-26-000109,https://www.sec.gov/Archives/edgar/data/1397187/000139718726000109/form4.xml,nonDerivative,2026-06-25,A,Common Stock,1606,0,0.0,1878,D,Bergh Charles V,Director,1,0,0,,SEC EDGAR
KEYS|0001712648-26-000007|nonDerivative|2026-06-25|Dhanasekaran Satish|S|Common Stock|507|361.32|D,2026-07-01 04:49:27+0000,KEYS,"Keysight Technologies, Inc.",0001601046,4,2026-06-29,2026-06-25,0001712648-26-000007,https://www.sec.gov/Archives/edgar/data/1601046/000171264826000007/wk-form4_1782733143.xml,nonDerivative,2026-06-25,S,Common Stock,507,361.32,183189.24,121390.578,D,Dhanasekaran Satish,"Director, Officer, President and CEO",1,1,0,President and CEO,SEC EDGAR
"HSY|0000950142-26-001900|nonDerivative|2026-06-25|HERSHEY TRUST CO TRUSTEE IN TRUST FOR MILTON HERSHEY SCHOOL|S|Common Stock, $1.00 par value|2991|176.7479|D",2026-07-01 04:49:27+0000,HSY,HERSHEY CO,0000047111,4,2026-06-29,2026-06-25,0000950142-26-001900,https://www.sec.gov/Archives/edgar/data/47111/000095014226001900/es260799048_4-hsy.xml,nonDerivative,2026-06-25,S,"Common Stock, $1.00 par value",2991,176.7479,528652.9689,1363128,D,HERSHEY TRUST CO TRUSTEE IN TRUST FOR MILTON HERSHEY SCHOOL,10% Owner,0,0,1,,SEC EDGAR
"HSY|0000950142-26-001900|nonDerivative|2026-06-25|HERSHEY TRUST CO TRUSTEE IN TRUST FOR MILTON HERSHEY SCHOOL|S|Common Stock, $1.00 par value|4614|177.5388|D",2026-07-01 04:49:27+0000,HSY,HERSHEY CO,0000047111,4,2026-06-29,2026-06-25,0000950142-26-001900,https://www.sec.gov/Archives/edgar/data/47111/000095014226001900/es260799048_4-hsy.xml,nonDerivative,2026-06-25,S,"Common Stock, $1.00 par value",4614,177.5388,819164.0232,1358514,D,HERSHEY TRUST CO TRUSTEE IN TRUST FOR MILTON HERSHEY SCHOOL,10% Owner,0,0,1,,SEC EDGAR
"HSY|0000950142-26-001900|nonDerivative|2026-06-25|HERSHEY TRUST CO TRUSTEE IN TRUST FOR MILTON HERSHEY SCHOOL|S|Common Stock, $1.00 par value|897|178.2875|D",2026-07-01 04:49:27+0000,HSY,HERSHEY CO,0000047111,4,2026-06-29,2026-06-25,0000950142-26-001900,https://www.sec.gov/Archives/edgar/data/47111/000095014226001900/es260799048_4-hsy.xml,nonDerivative,2026-06-25,S,"Common Stock, $1.00 par value",897,178.2875,159923.88749999998,1357617,D,HERSHEY TRUST CO TRUSTEE IN TRUST FOR MILTON HERSHEY SCHOOL,10% Owner,0,0,1,,SEC EDGAR
"HSY|0000950142-26-001900|nonDerivative|2026-06-25|HERSHEY TRUST CO TRUSTEE IN TRUST FOR MILTON HERSHEY SCHOOL|S|Common Stock, $1.00 par value|635|179.2802|D",2026-07-01 04:49:27+0000,HSY,HERSHEY CO,0000047111,4,2026-06-29,2026-06-25,0000950142-26-001900,https://www.sec.gov/Archives/edgar/data/47111/000095014226001900/es260799048_4-hsy.xml,nonDerivative,2026-06-25,S,"Common Stock, $1.00 par value",635,179.2802,113842.92700000001,1356982,D,HERSHEY TRUST CO TRUSTEE IN TRUST FOR MILTON HERSHEY SCHOOL,10% Owner,0,0,1,,SEC EDGAR
"HSY|0000950142-26-001900|nonDerivative|2026-06-25|HERSHEY TRUST CO TRUSTEE IN TRUST FOR MILTON HERSHEY SCHOOL|S|Common Stock, $1.00 par value|259|180.6373|D",2026-07-01 04:49:27+0000,HSY,HERSHEY CO,0000047111,4,2026-06-29,2026-06-25,0000950142-26-001900,https://www.sec.gov/Archives/edgar/data/47111/000095014226001900/es260799048_4-hsy.xml,nonDerivative,2026-06-25,S,"Common Stock, $1.00 par value",259,180.6373,46785.0607,1356723,D,HERSHEY TRUST CO TRUSTEE IN TRUST FOR MILTON HERSHEY SCHOOL,10% Owner,0,0,1,,SEC EDGAR
"HSY|0000950142-26-001900|nonDerivative|2026-06-25|HERSHEY TRUST CO TRUSTEE IN TRUST FOR MILTON HERSHEY SCHOOL|S|Common Stock, $1.00 par value|604|181.3069|D",2026-07-01 04:49:27+0000,HSY,HERSHEY CO,0000047111,4,2026-06-29,2026-06-25,0000950142-26-001900,https://www.sec.gov/Archives/edgar/data/47111/000095014226001900/es260799048_4-hsy.xml,nonDerivative,2026-06-25,S,"Common Stock, $1.00 par value",604,181.3069,109509.36760000001,1356119,D,HERSHEY TRUST CO TRUSTEE IN TRUST FOR MILTON HERSHEY SCHOOL,10% Owner,0,0,1,,SEC EDGAR
"HSY|0000950142-26-001900|nonDerivative|2026-06-26|HERSHEY TRUST CO TRUSTEE IN TRUST FOR MILTON HERSHEY SCHOOL|S|Common Stock, $1.00 par value|46|176.7616|D",2026-07-01 04:49:27+0000,HSY,HERSHEY CO,0000047111,4,2026-06-29,2026-06-25,0000950142-26-001900,https://www.sec.gov/Archives/edgar/data/47111/000095014226001900/es260799048_4-hsy.xml,nonDerivative,2026-06-26,S,"Common Stock, $1.00 par value",46,176.7616,8131.0336,1356073,D,HERSHEY TRUST CO TRUSTEE IN TRUST FOR MILTON HERSHEY SCHOOL,10% Owner,0,0,1,,SEC EDGAR
"HSY|0000950142-26-001900|nonDerivative|2026-06-26|HERSHEY TRUST CO TRUSTEE IN TRUST FOR MILTON HERSHEY SCHOOL|S|Common Stock, $1.00 par value|4001|177.5556|D",2026-07-01 04:49:27+0000,HSY,HERSHEY CO,0000047111,4,2026-06-29,2026-06-25,0000950142-26-001900,https://www.sec.gov/Archives/edgar/data/47111/000095014226001900/es260799048_4-hsy.xml,nonDerivative,2026-06-26,S,"Common Stock, $1.00 par value",4001,177.5556,710399.9556,1352072,D,HERSHEY TRUST CO TRUSTEE IN TRUST FOR MILTON HERSHEY SCHOOL,10% Owner,0,0,1,,SEC EDGAR
"HSY|0000950142-26-001900|nonDerivative|2026-06-26|HERSHEY TRUST CO TRUSTEE IN TRUST FOR MILTON HERSHEY SCHOOL|S|Common Stock, $1.00 par value|3154|178.5485|D",2026-07-01 04:49:27+0000,HSY,HERSHEY CO,0000047111,4,2026-06-29,2026-06-25,0000950142-26-001900,https://www.sec.gov/Archives/edgar/data/47111/000095014226001900/es260799048_4-hsy.xml,nonDerivative,2026-06-26,S,"Common Stock, $1.00 par value",3154,178.5485,563141.9689999999,1348918,D,HERSHEY TRUST CO TRUSTEE IN TRUST FOR MILTON HERSHEY SCHOOL,10% Owner,0,0,1,,SEC EDGAR
"HSY|0000950142-26-001900|nonDerivative|2026-06-26|HERSHEY TRUST CO TRUSTEE IN TRUST FOR MILTON HERSHEY SCHOOL|S|Common Stock, $1.00 par value|2799|179.1581|D",2026-07-01 04:49:27+0000,HSY,HERSHEY CO,0000047111,4,2026-06-29,2026-06-25,0000950142-26-001900,https://www.sec.gov/Archives/edgar/data/47111/000095014226001900/es260799048_4-hsy.xml,nonDerivative,2026-06-26,S,"Common Stock, $1.00 par value",2799,179.1581,501463.5219,1346119,D,HERSHEY TRUST CO TRUSTEE IN TRUST FOR MILTON HERSHEY SCHOOL,10% Owner,0,0,1,,SEC EDGAR
"HOOD|0001783879-26-000085|nonDerivative|2026-06-25|Robinhood Markets, Inc.|S|Common Shares of Beneficial Interest|700000|30.92|D",2026-07-01 04:49:27+0000,HOOD,"Robinhood Markets, Inc.",0001783879,4,2026-06-29,2026-06-25,0001783879-26-000085,https://www.sec.gov/Archives/edgar/data/1783879/000178387926000085/wk-form4_1782768825.xml,nonDerivative,2026-06-25,S,Common Shares of Beneficial Interest,700000,30.92,21644000.0,13376136,D,"Robinhood Markets, Inc.",10% Owner,0,0,1,,SEC EDGAR
HON|0000773840-26-000088|nonDerivative|2026-06-29|HONEYWELL INTERNATIONAL INC|J|Common Stock par value $0.01|316939750|0|D,2026-07-01 04:49:27+0000,HON,HONEYWELL INTERNATIONAL INC,0000773840,4,2026-06-29,2026-06-29,0000773840-26-000088,https://www.sec.gov/Archives/edgar/data/773840/000077384026000088/wk-form4_1782764080.xml,nonDerivative,2026-06-29,J,Common Stock par value $0.01,316939750,0,0.0,0,D,HONEYWELL INTERNATIONAL INC,10% Owner,0,0,1,,SEC EDGAR
GOOGL|0001193125-26-289015|nonDerivative|2026-06-25|WALKER JOHN KENT|C|Class C Google Stock Units|4744|0|D,2026-07-01 04:49:27+0000,GOOGL,Alphabet Inc.,0001652044,4,2026-06-29,2026-06-25,0001193125-26-289015,https://www.sec.gov/Archives/edgar/data/1652044/000119312526289015/ownership.xml,nonDerivative,2026-06-25,C,Class C Google Stock Units,4744,0,0.0,23851,D,WALKER JOHN KENT,"President, Global Affairs, CLO",false,true,false,"President, Global Affairs, CLO",SEC EDGAR
GOOGL|0001193125-26-289015|nonDerivative|2026-06-25|WALKER JOHN KENT|F|Class C Google Stock Units|4788|345.04|D,2026-07-01 04:49:27+0000,GOOGL,Alphabet Inc.,0001652044,4,2026-06-29,2026-06-25,0001193125-26-289015,https://www.sec.gov/Archives/edgar/data/1652044/000119312526289015/ownership.xml,nonDerivative,2026-06-25,F,Class C Google Stock Units,4788,345.04,1652051.52,19064,D,WALKER JOHN KENT,"President, Global Affairs, CLO",false,true,false,"President, Global Affairs, CLO",SEC EDGAR
GOOGL|0001193125-26-289015|nonDerivative|2026-06-25|WALKER JOHN KENT|C|Class C Google Stock Units|4256|0|D,2026-07-01 04:49:27+0000,GOOGL,Alphabet Inc.,0001652044,4,2026-06-29,2026-06-25,0001193125-26-289015,https://www.sec.gov/Archives/edgar/data/1652044/000119312526289015/ownership.xml,nonDerivative,2026-06-25,C,Class C Google Stock Units,4256,0,0.0,55600,D,WALKER JOHN KENT,"President, Global Affairs, CLO",false,true,false,"President, Global Affairs, CLO",SEC EDGAR
GOOGL|0001193125-26-289015|nonDerivative|2026-06-25|WALKER JOHN KENT|F|Class C Google Stock Units|4295|345.04|D,2026-07-01 04:49:27+0000,GOOGL,Alphabet Inc.,0001652044,4,2026-06-29,2026-06-25,0001193125-26-289015,https://www.sec.gov/Archives/edgar/data/1652044/000119312526289015/ownership.xml,nonDerivative,2026-06-25,F,Class C Google Stock Units,4295,345.04,1481946.8,51305,D,WALKER JOHN KENT,"President, Global Affairs, CLO",false,true,false,"President, Global Affairs, CLO",SEC EDGAR
GOOGL|0001193125-26-289015|nonDerivative|2026-06-25|WALKER JOHN KENT|C|Class C Google Stock Units|1625|0|D,2026-07-01 04:49:27+0000,GOOGL,Alphabet Inc.,0001652044,4,2026-06-29,2026-06-25,0001193125-26-289015,https://www.sec.gov/Archives/edgar/data/1652044/000119312526289015/ownership.xml,nonDerivative,2026-06-25,C,Class C Google Stock Units,1625,0,0.0,66002,D,WALKER JOHN KENT,"President, Global Affairs, CLO",false,true,false,"President, Global Affairs, CLO",SEC EDGAR
GOOGL|0001193125-26-289015|nonDerivative|2026-06-25|WALKER JOHN KENT|F|Class C Google Stock Units|1640|345.04|D,2026-07-01 04:49:27+0000,GOOGL,Alphabet Inc.,0001652044,4,2026-06-29,2026-06-25,0001193125-26-289015,https://www.sec.gov/Archives/edgar/data/1652044/000119312526289015/ownership.xml,nonDerivative,2026-06-25,F,Class C Google Stock Units,1640,345.04,565865.6,64362,D,WALKER JOHN KENT,"President, Global Affairs, CLO",false,true,false,"President, Global Affairs, CLO",SEC EDGAR
GOOGL|0001193125-26-289015|nonDerivative|2026-06-25|WALKER JOHN KENT|C|Class C Capital Stock|10625|0|D,2026-07-01 04:49:27+0000,GOOGL,Alphabet Inc.,0001652044,4,2026-06-29,2026-06-25,0001193125-26-289015,https://www.sec.gov/Archives/edgar/data/1652044/000119312526289015/ownership.xml,nonDerivative,2026-06-25,C,Class C Capital Stock,10625,0,0.0,18765,D,WALKER JOHN KENT,"President, Global Affairs, CLO",false,true,false,"President, Global Affairs, CLO",SEC EDGAR
GOOGL|0001193125-26-289009|nonDerivative|2026-06-25|Schindler Philipp|C|Class C Google Stock Units|6061|0|D,2026-07-01 04:49:27+0000,GOOGL,Alphabet Inc.,0001652044,4,2026-06-29,2026-06-25,0001193125-26-289009,https://www.sec.gov/Archives/edgar/data/1652044/000119312526289009/ownership.xml,nonDerivative,2026-06-25,C,Class C Google Stock Units,6061,0,0.0,30476,D,Schindler Philipp,"SVP, Chief Business Officer",false,true,false,"SVP, Chief Business Officer",SEC EDGAR
GOOGL|0001193125-26-289009|nonDerivative|2026-06-25|Schindler Philipp|F|Class C Google Stock Units|6117|345.04|D,2026-07-01 04:49:27+0000,GOOGL,Alphabet Inc.,0001652044,4,2026-06-29,2026-06-25,0001193125-26-289009,https://www.sec.gov/Archives/edgar/data/1652044/000119312526289009/ownership.xml,nonDerivative,2026-06-25,F,Class C Google Stock Units,6117,345.04,2110609.68,24359,D,Schindler Philipp,"SVP, Chief Business Officer",false,true,false,"SVP, Chief Business Officer",SEC EDGAR
GOOGL|0001193125-26-289009|nonDerivative|2026-06-25|Schindler Philipp|C|Class C Google Stock Units|5376|0|D,2026-07-01 04:49:27+0000,GOOGL,Alphabet Inc.,0001652044,4,2026-06-29,2026-06-25,0001193125-26-289009,https://www.sec.gov/Archives/edgar/data/1652044/000119312526289009/ownership.xml,nonDerivative,2026-06-25,C,Class C Google Stock Units,5376,0,0.0,70232,D,Schindler Philipp,"SVP, Chief Business Officer",false,true,false,"SVP, Chief Business Officer",SEC EDGAR
GOOGL|0001193125-26-289009|nonDerivative|2026-06-25|Schindler Philipp|F|Class C Google Stock Units|5425|345.04|D,2026-07-01 04:49:27+0000,GOOGL,Alphabet Inc.,0001652044,4,2026-06-29,2026-06-25,0001193125-26-289009,https://www.sec.gov/Archives/edgar/data/1652044/000119312526289009/ownership.xml,nonDerivative,2026-06-25,F,Class C Google Stock Units,5425,345.04,1871842.0,64807,D,Schindler Philipp,"SVP, Chief Business Officer",false,true,false,"SVP, Chief Business Officer",SEC EDGAR
GOOGL|0001193125-26-289009|nonDerivative|2026-06-25|Schindler Philipp|C|Class C Google Stock Units|1996|0|D,2026-07-01 04:49:27+0000,GOOGL,Alphabet Inc.,0001652044,4,2026-06-29,2026-06-25,0001193125-26-289009,https://www.sec.gov/Archives/edgar/data/1652044/000119312526289009/ownership.xml,nonDerivative,2026-06-25,C,Class C Google Stock Units,1996,0,0.0,84285,D,Schindler Philipp,"SVP, Chief Business Officer",false,true,false,"SVP, Chief Business Officer",SEC EDGAR
GOOGL|0001193125-26-289009|nonDerivative|2026-06-25|Schindler Philipp|F|Class C Google Stock Units|2015|345.04|D,2026-07-01 04:49:27+0000,GOOGL,Alphabet Inc.,0001652044,4,2026-06-29,2026-06-25,0001193125-26-289009,https://www.sec.gov/Archives/edgar/data/1652044/000119312526289009/ownership.xml,nonDerivative,2026-06-25,F,Class C Google Stock Units,2015,345.04,695255.6000000001,82270,D,Schindler Philipp,"SVP, Chief Business Officer",false,true,false,"SVP, Chief Business Officer",SEC EDGAR
GOOGL|0001193125-26-289009|nonDerivative|2026-06-25|Schindler Philipp|C|Class C Capital Stock|13433|0|D,2026-07-01 04:49:27+0000,GOOGL,Alphabet Inc.,0001652044,4,2026-06-29,2026-06-25,0001193125-26-289009,https://www.sec.gov/Archives/edgar/data/1652044/000119312526289009/ownership.xml,nonDerivative,2026-06-25,C,Class C Capital Stock,13433,0,0.0,921326,D,Schindler Philipp,"SVP, Chief Business Officer",false,true,false,"SVP, Chief Business Officer",SEC EDGAR
GOOGL|0001193125-26-289028|nonDerivative|2026-06-25|Saraci Marsida|C|Class C Google Stock Units|121|0|D,2026-07-01 04:49:27+0000,GOOGL,Alphabet Inc.,0001652044,4,2026-06-29,2026-06-25,0001193125-26-289028,https://www.sec.gov/Archives/edgar/data/1652044/000119312526289028/ownership.xml,nonDerivative,2026-06-25,C,Class C Google Stock Units,121,0,0.0,2068,D,Saraci Marsida,"VP, Chief Accounting Officer",false,true,false,"VP, Chief Accounting Officer",SEC EDGAR
GOOGL|0001193125-26-289028|nonDerivative|2026-06-25|Saraci Marsida|F|Class C Google Stock Units|122|345.04|D,2026-07-01 04:49:27+0000,GOOGL,Alphabet Inc.,0001652044,4,2026-06-29,2026-06-25,0001193125-26-289028,https://www.sec.gov/Archives/edgar/data/1652044/000119312526289028/ownership.xml,nonDerivative,2026-06-25,F,Class C Google Stock Units,122,345.04,42094.880000000005,1946,D,Saraci Marsida,"VP, Chief Accounting Officer",false,true,false,"VP, Chief Accounting Officer",SEC EDGAR
GOOGL|0001193125-26-289028|nonDerivative|2026-06-25|Saraci Marsida|C|Class C Google Stock Units|101|0|D,2026-07-01 04:49:27+0000,GOOGL,Alphabet Inc.,0001652044,4,2026-06-29,2026-06-25,0001193125-26-289028,https://www.sec.gov/Archives/edgar/data/1652044/000119312526289028/ownership.xml,nonDerivative,2026-06-25,C,Class C Google Stock Units,101,0,0.0,4152,D,Saraci Marsida,"VP, Chief Accounting Officer",false,true,false,"VP, Chief Accounting Officer",SEC EDGAR
GOOGL|0001193125-26-289028|nonDerivative|2026-06-25|Saraci Marsida|F|Class C Google Stock Units|101|345.04|D,2026-07-01 04:49:27+0000,GOOGL,Alphabet Inc.,0001652044,4,2026-06-29,2026-06-25,0001193125-26-289028,https://www.sec.gov/Archives/edgar/data/1652044/000119312526289028/ownership.xml,nonDerivative,2026-06-25,F,Class C Google Stock Units,101,345.04,34849.04,4051,D,Saraci Marsida,"VP, Chief Accounting Officer",false,true,false,"VP, Chief Accounting Officer",SEC EDGAR
GOOGL|0001193125-26-289028|nonDerivative|2026-06-25|Saraci Marsida|C|Class C Google Stock Units|69|0|D,2026-07-01 04:49:27+0000,GOOGL,Alphabet Inc.,0001652044,4,2026-06-29,2026-06-25,0001193125-26-289028,https://www.sec.gov/Archives/edgar/data/1652044/000119312526289028/ownership.xml,nonDerivative,2026-06-25,C,Class C Google Stock Units,69,0,0.0,4492,D,Saraci Marsida,"VP, Chief Accounting Officer",false,true,false,"VP, Chief Accounting Officer",SEC EDGAR
GOOGL|0001193125-26-289028|nonDerivative|2026-06-25|Saraci Marsida|F|Class C Google Stock Units|69|345.04|D,2026-07-01 04:49:27+0000,GOOGL,Alphabet Inc.,0001652044,4,2026-06-29,2026-06-25,0001193125-26-289028,https://www.sec.gov/Archives/edgar/data/1652044/000119312526289028/ownership.xml,nonDerivative,2026-06-25,F,Class C Google Stock Units,69,345.04,23807.760000000002,4423,D,Saraci Marsida,"VP, Chief Accounting Officer",false,true,false,"VP, Chief Accounting Officer",SEC EDGAR
GOOGL|0001193125-26-289028|nonDerivative|2026-06-25|Saraci Marsida|C|Class C Google Stock Units|106|0|D,2026-07-01 04:49:27+0000,GOOGL,Alphabet Inc.,0001652044,4,2026-06-29,2026-06-25,0001193125-26-289028,https://www.sec.gov/Archives/edgar/data/1652044/000119312526289028/ownership.xml,nonDerivative,2026-06-25,C,Class C Google Stock Units,106,0,0.0,1800,D,Saraci Marsida,"VP, Chief Accounting Officer",false,true,false,"VP, Chief Accounting Officer",SEC EDGAR
GOOGL|0001193125-26-289028|nonDerivative|2026-06-25|Saraci Marsida|F|Class C Google Stock Units|107|345.04|D,2026-07-01 04:49:27+0000,GOOGL,Alphabet Inc.,0001652044,4,2026-06-29,2026-06-25,0001193125-26-289028,https://www.sec.gov/Archives/edgar/data/1652044/000119312526289028/ownership.xml,nonDerivative,2026-06-25,F,Class C Google Stock Units,107,345.04,36919.28,1693,D,Saraci Marsida,"VP, Chief Accounting Officer",false,true,false,"VP, Chief Accounting Officer",SEC EDGAR
GOOGL|0001193125-26-289028|nonDerivative|2026-06-25|Saraci Marsida|C|Class C Google Stock Units|27|0|D,2026-07-01 04:49:27+0000,GOOGL,Alphabet Inc.,0001652044,4,2026-06-29,2026-06-25,0001193125-26-289028,https://www.sec.gov/Archives/edgar/data/1652044/000119312526289028/ownership.xml,nonDerivative,2026-06-25,C,Class C Google Stock Units,27,0,0.0,1747,D,Saraci Marsida,"VP, Chief Accounting Officer",false,true,false,"VP, Chief Accounting Officer",SEC EDGAR
GOOGL|0001193125-26-289028|nonDerivative|2026-06-25|Saraci Marsida|F|Class C Google Stock Units|27|345.04|D,2026-07-01 04:49:27+0000,GOOGL,Alphabet Inc.,0001652044,4,2026-06-29,2026-06-25,0001193125-26-289028,https://www.sec.gov/Archives/edgar/data/1652044/000119312526289028/ownership.xml,nonDerivative,2026-06-25,F,Class C Google Stock Units,27,345.04,9316.08,1067,D,Saraci Marsida,"VP, Chief Accounting Officer",false,true,false,"VP, Chief Accounting Officer",SEC EDGAR
GOOGL|0001193125-26-289028|nonDerivative|2026-06-25|Saraci Marsida|C|Class C Google Stock Units|26|0|D,2026-07-01 04:49:27+0000,GOOGL,Alphabet Inc.,0001652044,4,2026-06-29,2026-06-25,0001193125-26-289028,https://www.sec.gov/Archives/edgar/data/1652044/000119312526289028/ownership.xml,nonDerivative,2026-06-25,C,Class C Google Stock Units,26,0,0.0,1093,D,Saraci Marsida,"VP, Chief Accounting Officer",false,true,false,"VP, Chief Accounting Officer",SEC EDGAR
GOOGL|0001193125-26-289028|nonDerivative|2026-06-25|Saraci Marsida|C|Class C Capital Stock|449|0|D,2026-07-01 04:49:27+0000,GOOGL,Alphabet Inc.,0001652044,4,2026-06-29,2026-06-25,0001193125-26-289028,https://www.sec.gov/Archives/edgar/data/1652044/000119312526289028/ownership.xml,nonDerivative,2026-06-25,C,Class C Capital Stock,449,0,0.0,27797,D,Saraci Marsida,"VP, Chief Accounting Officer",false,true,false,"VP, Chief Accounting Officer",SEC EDGAR
GOOGL|0001193125-26-289028|nonDerivative|2026-06-26|Saraci Marsida|S|Class C Capital Stock|449|341.72|D,2026-07-01 04:49:27+0000,GOOGL,Alphabet Inc.,0001652044,4,2026-06-29,2026-06-25,0001193125-26-289028,https://www.sec.gov/Archives/edgar/data/1652044/000119312526289028/ownership.xml,nonDerivative,2026-06-26,S,Class C Capital Stock,449,341.72,153432.28,27348,D,Saraci Marsida,"VP, Chief Accounting Officer",false,true,false,"VP, Chief Accounting Officer",SEC EDGAR
GOOGL|0001193125-26-289012|nonDerivative|2026-06-25|Porat Ruth|C|Class C Google Stock Units|4744|0|D,2026-07-01 04:49:27+0000,GOOGL,Alphabet Inc.,0001652044,4,2026-06-29,2026-06-25,0001193125-26-289012,https://www.sec.gov/Archives/edgar/data/1652044/000119312526289012/ownership.xml,nonDerivative,2026-06-25,C,Class C Google Stock Units,4744,0,0.0,23851,D,Porat Ruth,President and CIO,false,true,false,President and CIO,SEC EDGAR
GOOGL|0001193125-26-289012|nonDerivative|2026-06-25|Porat Ruth|F|Class C Google Stock Units|4788|345.04|D,2026-07-01 04:49:27+0000,GOOGL,Alphabet Inc.,0001652044,4,2026-06-29,2026-06-25,0001193125-26-289012,https://www.sec.gov/Archives/edgar/data/1652044/000119312526289012/ownership.xml,nonDerivative,2026-06-25,F,Class C Google Stock Units,4788,345.04,1652051.52,19064,D,Porat Ruth,President and CIO,false,true,false,President and CIO,SEC EDGAR
GOOGL|0001193125-26-289012|nonDerivative|2026-06-25|Porat Ruth|C|Class C Google Stock Units|4256|0|D,2026-07-01 04:49:27+0000,GOOGL,Alphabet Inc.,0001652044,4,2026-06-29,2026-06-25,0001193125-26-289012,https://www.sec.gov/Archives/edgar/data/1652044/000119312526289012/ownership.xml,nonDerivative,2026-06-25,C,Class C Google Stock Units,4256,0,0.0,55600,D,Porat Ruth,President and CIO,false,true,false,President and CIO,SEC EDGAR
GOOGL|0001193125-26-289012|nonDerivative|2026-06-25|Porat Ruth|F|Class C Google Stock Units|4295|345.04|D,2026-07-01 04:49:27+0000,GOOGL,Alphabet Inc.,0001652044,4,2026-06-29,2026-06-25,0001193125-26-289012,https://www.sec.gov/Archives/edgar/data/1652044/000119312526289012/ownership.xml,nonDerivative,2026-06-25,F,Class C Google Stock Units,4295,345.04,1481946.8,51305,D,Porat Ruth,President and CIO,false,true,false,President and CIO,SEC EDGAR
GOOGL|0001193125-26-289012|nonDerivative|2026-06-25|Porat Ruth|C|Class C Google Stock Units|1625|0|D,2026-07-01 04:49:27+0000,GOOGL,Alphabet Inc.,0001652044,4,2026-06-29,2026-06-25,0001193125-26-289012,https://www.sec.gov/Archives/edgar/data/1652044/000119312526289012/ownership.xml,nonDerivative,2026-06-25,C,Class C Google Stock Units,1625,0,0.0,66002,D,Porat Ruth,President and CIO,false,true,false,President and CIO,SEC EDGAR
GOOGL|0001193125-26-289012|nonDerivative|2026-06-25|Porat Ruth|F|Class C Google Stock Units|1640|345.04|D,2026-07-01 04:49:27+0000,GOOGL,Alphabet Inc.,0001652044,4,2026-06-29,2026-06-25,0001193125-26-289012,https://www.sec.gov/Archives/edgar/data/1652044/000119312526289012/ownership.xml,nonDerivative,2026-06-25,F,Class C Google Stock Units,1640,345.04,565865.6,64362,D,Porat Ruth,President and CIO,false,true,false,President and CIO,SEC EDGAR
GOOGL|0001193125-26-289012|nonDerivative|2026-06-25|Porat Ruth|C|Class C Capital Stock|10625|0|D,2026-07-01 04:49:27+0000,GOOGL,Alphabet Inc.,0001652044,4,2026-06-29,2026-06-25,0001193125-26-289012,https://www.sec.gov/Archives/edgar/data/1652044/000119312526289012/ownership.xml,nonDerivative,2026-06-25,C,Class C Capital Stock,10625,0,0.0,913189,D,Porat Ruth,President and CIO,false,true,false,President and CIO,SEC EDGAR
GOOGL|0001193125-26-289007|nonDerivative|2026-06-25|Pichai Sundar|C|Class C Google Stock Units|3668|0|D,2026-07-01 04:49:27+0000,GOOGL,Alphabet Inc.,0001652044,4,2026-06-29,2026-06-25,0001193125-26-289007,https://www.sec.gov/Archives/edgar/data/1652044/000119312526289007/ownership.xml,nonDerivative,2026-06-25,C,Class C Google Stock Units,3668,0,0.0,224822,D,Pichai Sundar,Chief Executive Officer,true,true,false,Chief Executive Officer,SEC EDGAR
GOOGL|0001193125-26-289007|nonDerivative|2026-06-25|Pichai Sundar|F|Class C Google Stock Units|3702|345.04|D,2026-07-01 04:49:27+0000,GOOGL,Alphabet Inc.,0001652044,4,2026-06-29,2026-06-25,0001193125-26-289007,https://www.sec.gov/Archives/edgar/data/1652044/000119312526289007/ownership.xml,nonDerivative,2026-06-25,F,Class C Google Stock Units,3702,345.04,1277338.08,221120,D,Pichai Sundar,Chief Executive Officer,true,true,false,Chief Executive Officer,SEC EDGAR
GOOGL|0001193125-26-289007|nonDerivative|2026-06-25|Pichai Sundar|C|Class C Capital Stock|3668|0|D,2026-07-01 04:49:27+0000,GOOGL,Alphabet Inc.,0001652044,4,2026-06-29,2026-06-25,0001193125-26-289007,https://www.sec.gov/Archives/edgar/data/1652044/000119312526289007/ownership.xml,nonDerivative,2026-06-25,C,Class C Capital Stock,3668,0,0.0,1664058,D,Pichai Sundar,Chief Executive Officer,true,true,false,Chief Executive Officer,SEC EDGAR
GOOGL|0001193125-26-289019|nonDerivative|2026-06-25|Ashkenazi Anat|C|Class C Google Stock Units|4128|0|D,2026-07-01 04:49:27+0000,GOOGL,Alphabet Inc.,0001652044,4,2026-06-29,2026-06-25,0001193125-26-289019,https://www.sec.gov/Archives/edgar/data/1652044/000119312526289019/ownership.xml,nonDerivative,2026-06-25,C,Class C Google Stock Units,4128,0,0.0,20755,D,Ashkenazi Anat,"SVP, Chief Financial Officer",false,true,false,"SVP, Chief Financial Officer",SEC EDGAR
GOOGL|0001193125-26-289019|nonDerivative|2026-06-25|Ashkenazi Anat|F|Class C Google Stock Units|4166|345.04|D,2026-07-01 04:49:27+0000,GOOGL,Alphabet Inc.,0001652044,4,2026-06-29,2026-06-25,0001193125-26-289019,https://www.sec.gov/Archives/edgar/data/1652044/000119312526289019/ownership.xml,nonDerivative,2026-06-25,F,Class C Google Stock Units,4166,345.04,1437436.6400000001,16589,D,Ashkenazi Anat,"SVP, Chief Financial Officer",false,true,false,"SVP, Chief Financial Officer",SEC EDGAR
GOOGL|0001193125-26-289019|nonDerivative|2026-06-25|Ashkenazi Anat|C|Class C Google Stock Units|4256|0|D,2026-07-01 04:49:27+0000,GOOGL,Alphabet Inc.,0001652044,4,2026-06-29,2026-06-25,0001193125-26-289019,https://www.sec.gov/Archives/edgar/data/1652044/000119312526289019/ownership.xml,nonDerivative,2026-06-25,C,Class C Google Stock Units,4256,0,0.0,55600,D,Ashkenazi Anat,"SVP, Chief Financial Officer",false,true,false,"SVP, Chief Financial Officer",SEC EDGAR
GOOGL|0001193125-26-289019|nonDerivative|2026-06-25|Ashkenazi Anat|F|Class C Google Stock Units|4295|345.04|D,2026-07-01 04:49:27+0000,GOOGL,Alphabet Inc.,0001652044,4,2026-06-29,2026-06-25,0001193125-26-289019,https://www.sec.gov/Archives/edgar/data/1652044/000119312526289019/ownership.xml,nonDerivative,2026-06-25,F,Class C Google Stock Units,4295,345.04,1481946.8,51305,D,Ashkenazi Anat,"SVP, Chief Financial Officer",false,true,false,"SVP, Chief Financial Officer",SEC EDGAR
GOOGL|0001193125-26-289019|nonDerivative|2026-06-25|Ashkenazi Anat|C|Class C Google Stock Units|1764|0|D,2026-07-01 04:49:27+0000,GOOGL,Alphabet Inc.,0001652044,4,2026-06-29,2026-06-25,0001193125-26-289019,https://www.sec.gov/Archives/edgar/data/1652044/000119312526289019/ownership.xml,nonDerivative,2026-06-25,C,Class C Google Stock Units,1764,0,0.0,67821,D,Ashkenazi Anat,"SVP, Chief Financial Officer",false,true,false,"SVP, Chief Financial Officer",SEC EDGAR
GOOGL|0001193125-26-289019|nonDerivative|2026-06-25|Ashkenazi Anat|F|Class C Google Stock Units|1780|345.04|D,2026-07-01 04:49:27+0000,GOOGL,Alphabet Inc.,0001652044,4,2026-06-29,2026-06-25,0001193125-26-289019,https://www.sec.gov/Archives/edgar/data/1652044/000119312526289019/ownership.xml,nonDerivative,2026-06-25,F,Class C Google Stock Units,1780,345.04,614171.2000000001,66041,D,Ashkenazi Anat,"SVP, Chief Financial Officer",false,true,false,"SVP, Chief Financial Officer",SEC EDGAR
GOOGL|0001193125-26-289019|nonDerivative|2026-06-25|Ashkenazi Anat|C|Class C Capital Stock|10148|0|D,2026-07-01 04:49:27+0000,GOOGL,Alphabet Inc.,0001652044,4,2026-06-29,2026-06-25,0001193125-26-289019,https://www.sec.gov/Archives/edgar/data/1652044/000119312526289019/ownership.xml,nonDerivative,2026-06-25,C,Class C Capital Stock,10148,0,0.0,136978,D,Ashkenazi Anat,"SVP, Chief Financial Officer",false,true,false,"SVP, Chief Financial Officer",SEC EDGAR
GOOG|0001193125-26-289015|nonDerivative|2026-06-25|WALKER JOHN KENT|C|Class C Google Stock Units|4744|0|D,2026-07-01 04:49:27+0000,GOOG,Alphabet Inc.,0001652044,4,2026-06-29,2026-06-25,0001193125-26-289015,https://www.sec.gov/Archives/edgar/data/1652044/000119312526289015/ownership.xml,nonDerivative,2026-06-25,C,Class C Google Stock Units,4744,0,0.0,23851,D,WALKER JOHN KENT,"President, Global Affairs, CLO",false,true,false,"President, Global Affairs, CLO",SEC EDGAR
GOOG|0001193125-26-289015|nonDerivative|2026-06-25|WALKER JOHN KENT|F|Class C Google Stock Units|4788|345.04|D,2026-07-01 04:49:27+0000,GOOG,Alphabet Inc.,0001652044,4,2026-06-29,2026-06-25,0001193125-26-289015,https://www.sec.gov/Archives/edgar/data/1652044/000119312526289015/ownership.xml,nonDerivative,2026-06-25,F,Class C Google Stock Units,4788,345.04,1652051.52,19064,D,WALKER JOHN KENT,"President, Global Affairs, CLO",false,true,false,"President, Global Affairs, CLO",SEC EDGAR
GOOG|0001193125-26-289015|nonDerivative|2026-06-25|WALKER JOHN KENT|C|Class C Google Stock Units|4256|0|D,2026-07-01 04:49:27+0000,GOOG,Alphabet Inc.,0001652044,4,2026-06-29,2026-06-25,0001193125-26-289015,https://www.sec.gov/Archives/edgar/data/1652044/000119312526289015/ownership.xml,nonDerivative,2026-06-25,C,Class C Google Stock Units,4256,0,0.0,55600,D,WALKER JOHN KENT,"President, Global Affairs, CLO",false,true,false,"President, Global Affairs, CLO",SEC EDGAR
GOOG|0001193125-26-289015|nonDerivative|2026-06-25|WALKER JOHN KENT|F|Class C Google Stock Units|4295|345.04|D,2026-07-01 04:49:27+0000,GOOG,Alphabet Inc.,0001652044,4,2026-06-29,2026-06-25,0001193125-26-289015,https://www.sec.gov/Archives/edgar/data/1652044/000119312526289015/ownership.xml,nonDerivative,2026-06-25,F,Class C Google Stock Units,4295,345.04,1481946.8,51305,D,WALKER JOHN KENT,"President, Global Affairs, CLO",false,true,false,"President, Global Affairs, CLO",SEC EDGAR
GOOG|0001193125-26-289015|nonDerivative|2026-06-25|WALKER JOHN KENT|C|Class C Google Stock Units|1625|0|D,2026-07-01 04:49:27+0000,GOOG,Alphabet Inc.,0001652044,4,2026-06-29,2026-06-25,0001193125-26-289015,https://www.sec.gov/Archives/edgar/data/1652044/000119312526289015/ownership.xml,nonDerivative,2026-06-25,C,Class C Google Stock Units,1625,0,0.0,66002,D,WALKER JOHN KENT,"President, Global Affairs, CLO",false,true,false,"President, Global Affairs, CLO",SEC EDGAR
GOOG|0001193125-26-289015|nonDerivative|2026-06-25|WALKER JOHN KENT|F|Class C Google Stock Units|1640|345.04|D,2026-07-01 04:49:27+0000,GOOG,Alphabet Inc.,0001652044,4,2026-06-29,2026-06-25,0001193125-26-289015,https://www.sec.gov/Archives/edgar/data/1652044/000119312526289015/ownership.xml,nonDerivative,2026-06-25,F,Class C Google Stock Units,1640,345.04,565865.6,64362,D,WALKER JOHN KENT,"President, Global Affairs, CLO",false,true,false,"President, Global Affairs, CLO",SEC EDGAR
GOOG|0001193125-26-289015|nonDerivative|2026-06-25|WALKER JOHN KENT|C|Class C Capital Stock|10625|0|D,2026-07-01 04:49:27+0000,GOOG,Alphabet Inc.,0001652044,4,2026-06-29,2026-06-25,0001193125-26-289015,https://www.sec.gov/Archives/edgar/data/1652044/000119312526289015/ownership.xml,nonDerivative,2026-06-25,C,Class C Capital Stock,10625,0,0.0,18765,D,WALKER JOHN KENT,"President, Global Affairs, CLO",false,true,false,"President, Global Affairs, CLO",SEC EDGAR
GOOG|0001193125-26-289009|nonDerivative|2026-06-25|Schindler Philipp|C|Class C Google Stock Units|6061|0|D,2026-07-01 04:49:27+0000,GOOG,Alphabet Inc.,0001652044,4,2026-06-29,2026-06-25,0001193125-26-289009,https://www.sec.gov/Archives/edgar/data/1652044/000119312526289009/ownership.xml,nonDerivative,2026-06-25,C,Class C Google Stock Units,6061,0,0.0,30476,D,Schindler Philipp,"SVP, Chief Business Officer",false,true,false,"SVP, Chief Business Officer",SEC EDGAR
GOOG|0001193125-26-289009|nonDerivative|2026-06-25|Schindler Philipp|F|Class C Google Stock Units|6117|345.04|D,2026-07-01 04:49:27+0000,GOOG,Alphabet Inc.,0001652044,4,2026-06-29,2026-06-25,0001193125-26-289009,https://www.sec.gov/Archives/edgar/data/1652044/000119312526289009/ownership.xml,nonDerivative,2026-06-25,F,Class C Google Stock Units,6117,345.04,2110609.68,24359,D,Schindler Philipp,"SVP, Chief Business Officer",false,true,false,"SVP, Chief Business Officer",SEC EDGAR
GOOG|0001193125-26-289009|nonDerivative|2026-06-25|Schindler Philipp|C|Class C Google Stock Units|5376|0|D,2026-07-01 04:49:27+0000,GOOG,Alphabet Inc.,0001652044,4,2026-06-29,2026-06-25,0001193125-26-289009,https://www.sec.gov/Archives/edgar/data/1652044/000119312526289009/ownership.xml,nonDerivative,2026-06-25,C,Class C Google Stock Units,5376,0,0.0,70232,D,Schindler Philipp,"SVP, Chief Business Officer",false,true,false,"SVP, Chief Business Officer",SEC EDGAR
GOOG|0001193125-26-289009|nonDerivative|2026-06-25|Schindler Philipp|F|Class C Google Stock Units|5425|345.04|D,2026-07-01 04:49:27+0000,GOOG,Alphabet Inc.,0001652044,4,2026-06-29,2026-06-25,0001193125-26-289009,https://www.sec.gov/Archives/edgar/data/1652044/000119312526289009/ownership.xml,nonDerivative,2026-06-25,F,Class C Google Stock Units,5425,345.04,1871842.0,64807,D,Schindler Philipp,"SVP, Chief Business Officer",false,true,false,"SVP, Chief Business Officer",SEC EDGAR
GOOG|0001193125-26-289009|nonDerivative|2026-06-25|Schindler Philipp|C|Class C Google Stock Units|1996|0|D,2026-07-01 04:49:27+0000,GOOG,Alphabet Inc.,0001652044,4,2026-06-29,2026-06-25,0001193125-26-289009,https://www.sec.gov/Archives/edgar/data/1652044/000119312526289009/ownership.xml,nonDerivative,2026-06-25,C,Class C Google Stock Units,1996,0,0.0,84285,D,Schindler Philipp,"SVP, Chief Business Officer",false,true,false,"SVP, Chief Business Officer",SEC EDGAR
GOOG|0001193125-26-289009|nonDerivative|2026-06-25|Schindler Philipp|F|Class C Google Stock Units|2015|345.04|D,2026-07-01 04:49:27+0000,GOOG,Alphabet Inc.,0001652044,4,2026-06-29,2026-06-25,0001193125-26-289009,https://www.sec.gov/Archives/edgar/data/1652044/000119312526289009/ownership.xml,nonDerivative,2026-06-25,F,Class C Google Stock Units,2015,345.04,695255.6000000001,82270,D,Schindler Philipp,"SVP, Chief Business Officer",false,true,false,"SVP, Chief Business Officer",SEC EDGAR
GOOG|0001193125-26-289009|nonDerivative|2026-06-25|Schindler Philipp|C|Class C Capital Stock|13433|0|D,2026-07-01 04:49:27+0000,GOOG,Alphabet Inc.,0001652044,4,2026-06-29,2026-06-25,0001193125-26-289009,https://www.sec.gov/Archives/edgar/data/1652044/000119312526289009/ownership.xml,nonDerivative,2026-06-25,C,Class C Capital Stock,13433,0,0.0,921326,D,Schindler Philipp,"SVP, Chief Business Officer",false,true,false,"SVP, Chief Business Officer",SEC EDGAR
GOOG|0001193125-26-289028|nonDerivative|2026-06-25|Saraci Marsida|C|Class C Google Stock Units|121|0|D,2026-07-01 04:49:27+0000,GOOG,Alphabet Inc.,0001652044,4,2026-06-29,2026-06-25,0001193125-26-289028,https://www.sec.gov/Archives/edgar/data/1652044/000119312526289028/ownership.xml,nonDerivative,2026-06-25,C,Class C Google Stock Units,121,0,0.0,2068,D,Saraci Marsida,"VP, Chief Accounting Officer",false,true,false,"VP, Chief Accounting Officer",SEC EDGAR
GOOG|0001193125-26-289028|nonDerivative|2026-06-25|Saraci Marsida|F|Class C Google Stock Units|122|345.04|D,2026-07-01 04:49:27+0000,GOOG,Alphabet Inc.,0001652044,4,2026-06-29,2026-06-25,0001193125-26-289028,https://www.sec.gov/Archives/edgar/data/1652044/000119312526289028/ownership.xml,nonDerivative,2026-06-25,F,Class C Google Stock Units,122,345.04,42094.880000000005,1946,D,Saraci Marsida,"VP, Chief Accounting Officer",false,true,false,"VP, Chief Accounting Officer",SEC EDGAR
GOOG|0001193125-26-289028|nonDerivative|2026-06-25|Saraci Marsida|C|Class C Google Stock Units|101|0|D,2026-07-01 04:49:27+0000,GOOG,Alphabet Inc.,0001652044,4,2026-06-29,2026-06-25,0001193125-26-289028,https://www.sec.gov/Archives/edgar/data/1652044/000119312526289028/ownership.xml,nonDerivative,2026-06-25,C,Class C Google Stock Units,101,0,0.0,4152,D,Saraci Marsida,"VP, Chief Accounting Officer",false,true,false,"VP, Chief Accounting Officer",SEC EDGAR
GOOG|0001193125-26-289028|nonDerivative|2026-06-25|Saraci Marsida|F|Class C Google Stock Units|101|345.04|D,2026-07-01 04:49:27+0000,GOOG,Alphabet Inc.,0001652044,4,2026-06-29,2026-06-25,0001193125-26-289028,https://www.sec.gov/Archives/edgar/data/1652044/000119312526289028/ownership.xml,nonDerivative,2026-06-25,F,Class C Google Stock Units,101,345.04,34849.04,4051,D,Saraci Marsida,"VP, Chief Accounting Officer",false,true,false,"VP, Chief Accounting Officer",SEC EDGAR
GOOG|0001193125-26-289028|nonDerivative|2026-06-25|Saraci Marsida|C|Class C Google Stock Units|69|0|D,2026-07-01 04:49:27+0000,GOOG,Alphabet Inc.,0001652044,4,2026-06-29,2026-06-25,0001193125-26-289028,https://www.sec.gov/Archives/edgar/data/1652044/000119312526289028/ownership.xml,nonDerivative,2026-06-25,C,Class C Google Stock Units,69,0,0.0,4492,D,Saraci Marsida,"VP, Chief Accounting Officer",false,true,false,"VP, Chief Accounting Officer",SEC EDGAR
GOOG|0001193125-26-289028|nonDerivative|2026-06-25|Saraci Marsida|F|Class C Google Stock Units|69|345.04|D,2026-07-01 04:49:27+0000,GOOG,Alphabet Inc.,0001652044,4,2026-06-29,2026-06-25,0001193125-26-289028,https://www.sec.gov/Archives/edgar/data/1652044/000119312526289028/ownership.xml,nonDerivative,2026-06-25,F,Class C Google Stock Units,69,345.04,23807.760000000002,4423,D,Saraci Marsida,"VP, Chief Accounting Officer",false,true,false,"VP, Chief Accounting Officer",SEC EDGAR
GOOG|0001193125-26-289028|nonDerivative|2026-06-25|Saraci Marsida|C|Class C Google Stock Units|106|0|D,2026-07-01 04:49:27+0000,GOOG,Alphabet Inc.,0001652044,4,2026-06-29,2026-06-25,0001193125-26-289028,https://www.sec.gov/Archives/edgar/data/1652044/000119312526289028/ownership.xml,nonDerivative,2026-06-25,C,Class C Google Stock Units,106,0,0.0,1800,D,Saraci Marsida,"VP, Chief Accounting Officer",false,true,false,"VP, Chief Accounting Officer",SEC EDGAR
GOOG|0001193125-26-289028|nonDerivative|2026-06-25|Saraci Marsida|F|Class C Google Stock Units|107|345.04|D,2026-07-01 04:49:27+0000,GOOG,Alphabet Inc.,0001652044,4,2026-06-29,2026-06-25,0001193125-26-289028,https://www.sec.gov/Archives/edgar/data/1652044/000119312526289028/ownership.xml,nonDerivative,2026-06-25,F,Class C Google Stock Units,107,345.04,36919.28,1693,D,Saraci Marsida,"VP, Chief Accounting Officer",false,true,false,"VP, Chief Accounting Officer",SEC EDGAR
GOOG|0001193125-26-289028|nonDerivative|2026-06-25|Saraci Marsida|C|Class C Google Stock Units|27|0|D,2026-07-01 04:49:27+0000,GOOG,Alphabet Inc.,0001652044,4,2026-06-29,2026-06-25,0001193125-26-289028,https://www.sec.gov/Archives/edgar/data/1652044/000119312526289028/ownership.xml,nonDerivative,2026-06-25,C,Class C Google Stock Units,27,0,0.0,1747,D,Saraci Marsida,"VP, Chief Accounting Officer",false,true,false,"VP, Chief Accounting Officer",SEC EDGAR
GOOG|0001193125-26-289028|nonDerivative|2026-06-25|Saraci Marsida|F|Class C Google Stock Units|27|345.04|D,2026-07-01 04:49:27+0000,GOOG,Alphabet Inc.,0001652044,4,2026-06-29,2026-06-25,0001193125-26-289028,https://www.sec.gov/Archives/edgar/data/1652044/000119312526289028/ownership.xml,nonDerivative,2026-06-25,F,Class C Google Stock Units,27,345.04,9316.08,1067,D,Saraci Marsida,"VP, Chief Accounting Officer",false,true,false,"VP, Chief Accounting Officer",SEC EDGAR
GOOG|0001193125-26-289028|nonDerivative|2026-06-25|Saraci Marsida|C|Class C Google Stock Units|26|0|D,2026-07-01 04:49:27+0000,GOOG,Alphabet Inc.,0001652044,4,2026-06-29,2026-06-25,0001193125-26-289028,https://www.sec.gov/Archives/edgar/data/1652044/000119312526289028/ownership.xml,nonDerivative,2026-06-25,C,Class C Google Stock Units,26,0,0.0,1093,D,Saraci Marsida,"VP, Chief Accounting Officer",false,true,false,"VP, Chief Accounting Officer",SEC EDGAR
GOOG|0001193125-26-289028|nonDerivative|2026-06-25|Saraci Marsida|C|Class C Capital Stock|449|0|D,2026-07-01 04:49:27+0000,GOOG,Alphabet Inc.,0001652044,4,2026-06-29,2026-06-25,0001193125-26-289028,https://www.sec.gov/Archives/edgar/data/1652044/000119312526289028/ownership.xml,nonDerivative,2026-06-25,C,Class C Capital Stock,449,0,0.0,27797,D,Saraci Marsida,"VP, Chief Accounting Officer",false,true,false,"VP, Chief Accounting Officer",SEC EDGAR
GOOG|0001193125-26-289028|nonDerivative|2026-06-26|Saraci Marsida|S|Class C Capital Stock|449|341.72|D,2026-07-01 04:49:27+0000,GOOG,Alphabet Inc.,0001652044,4,2026-06-29,2026-06-25,0001193125-26-289028,https://www.sec.gov/Archives/edgar/data/1652044/000119312526289028/ownership.xml,nonDerivative,2026-06-26,S,Class C Capital Stock,449,341.72,153432.28,27348,D,Saraci Marsida,"VP, Chief Accounting Officer",false,true,false,"VP, Chief Accounting Officer",SEC EDGAR
GOOG|0001193125-26-289012|nonDerivative|2026-06-25|Porat Ruth|C|Class C Google Stock Units|4744|0|D,2026-07-01 04:49:27+0000,GOOG,Alphabet Inc.,0001652044,4,2026-06-29,2026-06-25,0001193125-26-289012,https://www.sec.gov/Archives/edgar/data/1652044/000119312526289012/ownership.xml,nonDerivative,2026-06-25,C,Class C Google Stock Units,4744,0,0.0,23851,D,Porat Ruth,President and CIO,false,true,false,President and CIO,SEC EDGAR
GOOG|0001193125-26-289012|nonDerivative|2026-06-25|Porat Ruth|F|Class C Google Stock Units|4788|345.04|D,2026-07-01 04:49:27+0000,GOOG,Alphabet Inc.,0001652044,4,2026-06-29,2026-06-25,0001193125-26-289012,https://www.sec.gov/Archives/edgar/data/1652044/000119312526289012/ownership.xml,nonDerivative,2026-06-25,F,Class C Google Stock Units,4788,345.04,1652051.52,19064,D,Porat Ruth,President and CIO,false,true,false,President and CIO,SEC EDGAR
GOOG|0001193125-26-289012|nonDerivative|2026-06-25|Porat Ruth|C|Class C Google Stock Units|4256|0|D,2026-07-01 04:49:27+0000,GOOG,Alphabet Inc.,0001652044,4,2026-06-29,2026-06-25,0001193125-26-289012,https://www.sec.gov/Archives/edgar/data/1652044/000119312526289012/ownership.xml,nonDerivative,2026-06-25,C,Class C Google Stock Units,4256,0,0.0,55600,D,Porat Ruth,President and CIO,false,true,false,President and CIO,SEC EDGAR
GOOG|0001193125-26-289012|nonDerivative|2026-06-25|Porat Ruth|F|Class C Google Stock Units|4295|345.04|D,2026-07-01 04:49:27+0000,GOOG,Alphabet Inc.,0001652044,4,2026-06-29,2026-06-25,0001193125-26-289012,https://www.sec.gov/Archives/edgar/data/1652044/000119312526289012/ownership.xml,nonDerivative,2026-06-25,F,Class C Google Stock Units,4295,345.04,1481946.8,51305,D,Porat Ruth,President and CIO,false,true,false,President and CIO,SEC EDGAR
GOOG|0001193125-26-289012|nonDerivative|2026-06-25|Porat Ruth|C|Class C Google Stock Units|1625|0|D,2026-07-01 04:49:27+0000,GOOG,Alphabet Inc.,0001652044,4,2026-06-29,2026-06-25,0001193125-26-289012,https://www.sec.gov/Archives/edgar/data/1652044/000119312526289012/ownership.xml,nonDerivative,2026-06-25,C,Class C Google Stock Units,1625,0,0.0,66002,D,Porat Ruth,President and CIO,false,true,false,President and CIO,SEC EDGAR
GOOG|0001193125-26-289012|nonDerivative|2026-06-25|Porat Ruth|F|Class C Google Stock Units|1640|345.04|D,2026-07-01 04:49:27+0000,GOOG,Alphabet Inc.,0001652044,4,2026-06-29,2026-06-25,0001193125-26-289012,https://www.sec.gov/Archives/edgar/data/1652044/000119312526289012/ownership.xml,nonDerivative,2026-06-25,F,Class C Google Stock Units,1640,345.04,565865.6,64362,D,Porat Ruth,President and CIO,false,true,false,President and CIO,SEC EDGAR
GOOG|0001193125-26-289012|nonDerivative|2026-06-25|Porat Ruth|C|Class C Capital Stock|10625|0|D,2026-07-01 04:49:27+0000,GOOG,Alphabet Inc.,0001652044,4,2026-06-29,2026-06-25,0001193125-26-289012,https://www.sec.gov/Archives/edgar/data/1652044/000119312526289012/ownership.xml,nonDerivative,2026-06-25,C,Class C Capital Stock,10625,0,0.0,913189,D,Porat Ruth,President and CIO,false,true,false,President and CIO,SEC EDGAR
GOOG|0001193125-26-289007|nonDerivative|2026-06-25|Pichai Sundar|C|Class C Google Stock Units|3668|0|D,2026-07-01 04:49:27+0000,GOOG,Alphabet Inc.,0001652044,4,2026-06-29,2026-06-25,0001193125-26-289007,https://www.sec.gov/Archives/edgar/data/1652044/000119312526289007/ownership.xml,nonDerivative,2026-06-25,C,Class C Google Stock Units,3668,0,0.0,224822,D,Pichai Sundar,Chief Executive Officer,true,true,false,Chief Executive Officer,SEC EDGAR
GOOG|0001193125-26-289007|nonDerivative|2026-06-25|Pichai Sundar|F|Class C Google Stock Units|3702|345.04|D,2026-07-01 04:49:27+0000,GOOG,Alphabet Inc.,0001652044,4,2026-06-29,2026-06-25,0001193125-26-289007,https://www.sec.gov/Archives/edgar/data/1652044/000119312526289007/ownership.xml,nonDerivative,2026-06-25,F,Class C Google Stock Units,3702,345.04,1277338.08,221120,D,Pichai Sundar,Chief Executive Officer,true,true,false,Chief Executive Officer,SEC EDGAR
GOOG|0001193125-26-289007|nonDerivative|2026-06-25|Pichai Sundar|C|Class C Capital Stock|3668|0|D,2026-07-01 04:49:27+0000,GOOG,Alphabet Inc.,0001652044,4,2026-06-29,2026-06-25,0001193125-26-289007,https://www.sec.gov/Archives/edgar/data/1652044/000119312526289007/ownership.xml,nonDerivative,2026-06-25,C,Class C Capital Stock,3668,0,0.0,1664058,D,Pichai Sundar,Chief Executive Officer,true,true,false,Chief Executive Officer,SEC EDGAR
GOOG|0001193125-26-289019|nonDerivative|2026-06-25|Ashkenazi Anat|C|Class C Google Stock Units|4128|0|D,2026-07-01 04:49:27+0000,GOOG,Alphabet Inc.,0001652044,4,2026-06-29,2026-06-25,0001193125-26-289019,https://www.sec.gov/Archives/edgar/data/1652044/000119312526289019/ownership.xml,nonDerivative,2026-06-25,C,Class C Google Stock Units,4128,0,0.0,20755,D,Ashkenazi Anat,"SVP, Chief Financial Officer",false,true,false,"SVP, Chief Financial Officer",SEC EDGAR
GOOG|0001193125-26-289019|nonDerivative|2026-06-25|Ashkenazi Anat|F|Class C Google Stock Units|4166|345.04|D,2026-07-01 04:49:27+0000,GOOG,Alphabet Inc.,0001652044,4,2026-06-29,2026-06-25,0001193125-26-289019,https://www.sec.gov/Archives/edgar/data/1652044/000119312526289019/ownership.xml,nonDerivative,2026-06-25,F,Class C Google Stock Units,4166,345.04,1437436.6400000001,16589,D,Ashkenazi Anat,"SVP, Chief Financial Officer",false,true,false,"SVP, Chief Financial Officer",SEC EDGAR
GOOG|0001193125-26-289019|nonDerivative|2026-06-25|Ashkenazi Anat|C|Class C Google Stock Units|4256|0|D,2026-07-01 04:49:27+0000,GOOG,Alphabet Inc.,0001652044,4,2026-06-29,2026-06-25,0001193125-26-289019,https://www.sec.gov/Archives/edgar/data/1652044/000119312526289019/ownership.xml,nonDerivative,2026-06-25,C,Class C Google Stock Units,4256,0,0.0,55600,D,Ashkenazi Anat,"SVP, Chief Financial Officer",false,true,false,"SVP, Chief Financial Officer",SEC EDGAR
GOOG|0001193125-26-289019|nonDerivative|2026-06-25|Ashkenazi Anat|F|Class C Google Stock Units|4295|345.04|D,2026-07-01 04:49:27+0000,GOOG,Alphabet Inc.,0001652044,4,2026-06-29,2026-06-25,0001193125-26-289019,https://www.sec.gov/Archives/edgar/data/1652044/000119312526289019/ownership.xml,nonDerivative,2026-06-25,F,Class C Google Stock Units,4295,345.04,1481946.8,51305,D,Ashkenazi Anat,"SVP, Chief Financial Officer",false,true,false,"SVP, Chief Financial Officer",SEC EDGAR
GOOG|0001193125-26-289019|nonDerivative|2026-06-25|Ashkenazi Anat|C|Class C Google Stock Units|1764|0|D,2026-07-01 04:49:27+0000,GOOG,Alphabet Inc.,0001652044,4,2026-06-29,2026-06-25,0001193125-26-289019,https://www.sec.gov/Archives/edgar/data/1652044/000119312526289019/ownership.xml,nonDerivative,2026-06-25,C,Class C Google Stock Units,1764,0,0.0,67821,D,Ashkenazi Anat,"SVP, Chief Financial Officer",false,true,false,"SVP, Chief Financial Officer",SEC EDGAR
GOOG|0001193125-26-289019|nonDerivative|2026-06-25|Ashkenazi Anat|F|Class C Google Stock Units|1780|345.04|D,2026-07-01 04:49:27+0000,GOOG,Alphabet Inc.,0001652044,4,2026-06-29,2026-06-25,0001193125-26-289019,https://www.sec.gov/Archives/edgar/data/1652044/000119312526289019/ownership.xml,nonDerivative,2026-06-25,F,Class C Google Stock Units,1780,345.04,614171.2000000001,66041,D,Ashkenazi Anat,"SVP, Chief Financial Officer",false,true,false,"SVP, Chief Financial Officer",SEC EDGAR
GOOG|0001193125-26-289019|nonDerivative|2026-06-25|Ashkenazi Anat|C|Class C Capital Stock|10148|0|D,2026-07-01 04:49:27+0000,GOOG,Alphabet Inc.,0001652044,4,2026-06-29,2026-06-25,0001193125-26-289019,https://www.sec.gov/Archives/edgar/data/1652044/000119312526289019/ownership.xml,nonDerivative,2026-06-25,C,Class C Capital Stock,10148,0,0.0,136978,D,Ashkenazi Anat,"SVP, Chief Financial Officer",false,true,false,"SVP, Chief Financial Officer",SEC EDGAR
DDOG|0001561550-26-000230|nonDerivative|2026-06-25|Agarwal Amit|C|Class A Common Stock|20000||I,2026-07-01 04:49:27+0000,DDOG,"Datadog, Inc.",0001561550,4,2026-06-29,2026-06-25,0001561550-26-000230,https://www.sec.gov/Archives/edgar/data/1561550/000156155026000230/wk-form4_1782765787.xml,nonDerivative,2026-06-25,C,Class A Common Stock,20000,,,21640,I,Agarwal Amit,Director,1,0,0,,SEC EDGAR
DDOG|0001561550-26-000230|nonDerivative|2026-06-25|Agarwal Amit|S|Class A Common Stock|600|214.5167|I,2026-07-01 04:49:27+0000,DDOG,"Datadog, Inc.",0001561550,4,2026-06-29,2026-06-25,0001561550-26-000230,https://www.sec.gov/Archives/edgar/data/1561550/000156155026000230/wk-form4_1782765787.xml,nonDerivative,2026-06-25,S,Class A Common Stock,600,214.5167,128710.01999999999,21040,I,Agarwal Amit,Director,1,0,0,,SEC EDGAR
DDOG|0001561550-26-000230|nonDerivative|2026-06-25|Agarwal Amit|S|Class A Common Stock|900|216.03|I,2026-07-01 04:49:27+0000,DDOG,"Datadog, Inc.",0001561550,4,2026-06-29,2026-06-25,0001561550-26-000230,https://www.sec.gov/Archives/edgar/data/1561550/000156155026000230/wk-form4_1782765787.xml,nonDerivative,2026-06-25,S,Class A Common Stock,900,216.03,194427.0,20140,I,Agarwal Amit,Director,1,0,0,,SEC EDGAR
DDOG|0001561550-26-000230|nonDerivative|2026-06-25|Agarwal Amit|S|Class A Common Stock|1000|216.926|I,2026-07-01 04:49:27+0000,DDOG,"Datadog, Inc.",0001561550,4,2026-06-29,2026-06-25,0001561550-26-000230,https://www.sec.gov/Archives/edgar/data/1561550/000156155026000230/wk-form4_1782765787.xml,nonDerivative,2026-06-25,S,Class A Common Stock,1000,216.926,216926.0,19140,I,Agarwal Amit,Director,1,0,0,,SEC EDGAR
DDOG|0001561550-26-000230|nonDerivative|2026-06-25|Agarwal Amit|S|Class A Common Stock|1433|218.3927|I,2026-07-01 04:49:27+0000,DDOG,"Datadog, Inc.",0001561550,4,2026-06-29,2026-06-25,0001561550-26-000230,https://www.sec.gov/Archives/edgar/data/1561550/000156155026000230/wk-form4_1782765787.xml,nonDerivative,2026-06-25,S,Class A Common Stock,1433,218.3927,312956.7391,17707,I,Agarwal Amit,Director,1,0,0,,SEC EDGAR
DDOG|0001561550-26-000230|nonDerivative|2026-06-25|Agarwal Amit|S|Class A Common Stock|2277|219.2509|I,2026-07-01 04:49:27+0000,DDOG,"Datadog, Inc.",0001561550,4,2026-06-29,2026-06-25,0001561550-26-000230,https://www.sec.gov/Archives/edgar/data/1561550/000156155026000230/wk-form4_1782765787.xml,nonDerivative,2026-06-25,S,Class A Common Stock,2277,219.2509,499234.2993,15430,I,Agarwal Amit,Director,1,0,0,,SEC EDGAR
DDOG|0001561550-26-000230|nonDerivative|2026-06-25|Agarwal Amit|S|Class A Common Stock|5426|220.2848|I,2026-07-01 04:49:27+0000,DDOG,"Datadog, Inc.",0001561550,4,2026-06-29,2026-06-25,0001561550-26-000230,https://www.sec.gov/Archives/edgar/data/1561550/000156155026000230/wk-form4_1782765787.xml,nonDerivative,2026-06-25,S,Class A Common Stock,5426,220.2848,1195265.3248,10004,I,Agarwal Amit,Director,1,0,0,,SEC EDGAR
DDOG|0001561550-26-000230|nonDerivative|2026-06-25|Agarwal Amit|S|Class A Common Stock|3946|221.1868|I,2026-07-01 04:49:27+0000,DDOG,"Datadog, Inc.",0001561550,4,2026-06-29,2026-06-25,0001561550-26-000230,https://www.sec.gov/Archives/edgar/data/1561550/000156155026000230/wk-form4_1782765787.xml,nonDerivative,2026-06-25,S,Class A Common Stock,3946,221.1868,872803.1128,6058,I,Agarwal Amit,Director,1,0,0,,SEC EDGAR
DDOG|0001561550-26-000230|nonDerivative|2026-06-25|Agarwal Amit|S|Class A Common Stock|3903|222.1599|I,2026-07-01 04:49:27+0000,DDOG,"Datadog, Inc.",0001561550,4,2026-06-29,2026-06-25,0001561550-26-000230,https://www.sec.gov/Archives/edgar/data/1561550/000156155026000230/wk-form4_1782765787.xml,nonDerivative,2026-06-25,S,Class A Common Stock,3903,222.1599,867090.0897,2155,I,Agarwal Amit,Director,1,0,0,,SEC EDGAR
DDOG|0001561550-26-000230|nonDerivative|2026-06-25|Agarwal Amit|S|Class A Common Stock|515|223.2321|I,2026-07-01 04:49:27+0000,DDOG,"Datadog, Inc.",0001561550,4,2026-06-29,2026-06-25,0001561550-26-000230,https://www.sec.gov/Archives/edgar/data/1561550/000156155026000230/wk-form4_1782765787.xml,nonDerivative,2026-06-25,S,Class A Common Stock,515,223.2321,114964.5315,1640,I,Agarwal Amit,Director,1,0,0,,SEC EDGAR
DDOG|0001561550-26-000230|derivative|2026-06-25|Agarwal Amit|C|Class B Common Stock|20000|0|I,2026-07-01 04:49:27+0000,DDOG,"Datadog, Inc.",0001561550,4,2026-06-29,2026-06-25,0001561550-26-000230,https://www.sec.gov/Archives/edgar/data/1561550/000156155026000230/wk-form4_1782765787.xml,derivative,2026-06-25,C,Class B Common Stock,20000,0,0.0,330059,I,Agarwal Amit,Director,1,0,0,,SEC EDGAR
CVS|0000064803-26-000092|nonDerivative|2026-06-26|Clark James David|F|Common Stock (Restricted)|454|90.98|D,2026-07-01 04:49:27+0000,CVS,CVS HEALTH Corp,0000064803,4,2026-06-29,2026-06-26,0000064803-26-000092,https://www.sec.gov/Archives/edgar/data/64803/000006480326000092/form4.xml,nonDerivative,2026-06-26,F,Common Stock (Restricted),454,90.98,41304.92,27606,D,Clark James David,"Officer, SVP, Cont & Chief Acct Officer",,1,,"SVP, Cont & Chief Acct Officer",SEC EDGAR
CRWD|0000950103-26-009731|nonDerivative|2026-06-26|Kurtz George|S|Class A common stock|234|690.96|D,2026-07-01 04:49:27+0000,CRWD,"CrowdStrike Holdings, Inc.",0001535527,4,2026-06-29,2026-06-25,0000950103-26-009731,https://www.sec.gov/Archives/edgar/data/1535527/000095010326009731/ownership.xml,nonDerivative,2026-06-26,S,Class A common stock,234,690.96,161684.64,2082372,D,Kurtz George,"Director, Officer, PRESIDENT AND CEO",1,1,0,PRESIDENT AND CEO,SEC EDGAR
CRWD|0000950103-26-009731|nonDerivative|2026-06-26|Kurtz George|S|Class A common stock|189|691.84|D,2026-07-01 04:49:27+0000,CRWD,"CrowdStrike Holdings, Inc.",0001535527,4,2026-06-29,2026-06-25,0000950103-26-009731,https://www.sec.gov/Archives/edgar/data/1535527/000095010326009731/ownership.xml,nonDerivative,2026-06-26,S,Class A common stock,189,691.84,130757.76000000001,2082183,D,Kurtz George,"Director, Officer, PRESIDENT AND CEO",1,1,0,PRESIDENT AND CEO,SEC EDGAR
CRWD|0000950103-26-009731|nonDerivative|2026-06-26|Kurtz George|S|Class A common stock|201|692.99|D,2026-07-01 04:49:27+0000,CRWD,"CrowdStrike Holdings, Inc.",0001535527,4,2026-06-29,2026-06-25,0000950103-26-009731,https://www.sec.gov/Archives/edgar/data/1535527/000095010326009731/ownership.xml,nonDerivative,2026-06-26,S,Class A common stock,201,692.99,139290.99,2081982,D,Kurtz George,"Director, Officer, PRESIDENT AND CEO",1,1,0,PRESIDENT AND CEO,SEC EDGAR
CRWD|0000950103-26-009731|nonDerivative|2026-06-26|Kurtz George|S|Class A common stock|197|694.08|D,2026-07-01 04:49:27+0000,CRWD,"CrowdStrike Holdings, Inc.",0001535527,4,2026-06-29,2026-06-25,0000950103-26-009731,https://www.sec.gov/Archives/edgar/data/1535527/000095010326009731/ownership.xml,nonDerivative,2026-06-26,S,Class A common stock,197,694.08,136733.76,2081785,D,Kurtz George,"Director, Officer, PRESIDENT AND CEO",1,1,0,PRESIDENT AND CEO,SEC EDGAR
CRWD|0000950103-26-009731|nonDerivative|2026-06-26|Kurtz George|S|Class A common stock|214|695.00|D,2026-07-01 04:49:27+0000,CRWD,"CrowdStrike Holdings, Inc.",0001535527,4,2026-06-29,2026-06-25,0000950103-26-009731,https://www.sec.gov/Archives/edgar/data/1535527/000095010326009731/ownership.xml,nonDerivative,2026-06-26,S,Class A common stock,214,695.00,148730.0,2081571,D,Kurtz George,"Director, Officer, PRESIDENT AND CEO",1,1,0,PRESIDENT AND CEO,SEC EDGAR
CRWD|0000950103-26-009731|nonDerivative|2026-06-26|Kurtz George|S|Class A common stock|161|696.05|D,2026-07-01 04:49:27+0000,CRWD,"CrowdStrike Holdings, Inc.",0001535527,4,2026-06-29,2026-06-25,0000950103-26-009731,https://www.sec.gov/Archives/edgar/data/1535527/000095010326009731/ownership.xml,nonDerivative,2026-06-26,S,Class A common stock,161,696.05,112064.04999999999,2081410,D,Kurtz George,"Director, Officer, PRESIDENT AND CEO",1,1,0,PRESIDENT AND CEO,SEC EDGAR
CRWD|0000950103-26-009731|nonDerivative|2026-06-26|Kurtz George|S|Class A common stock|91|697.08|D,2026-07-01 04:49:27+0000,CRWD,"CrowdStrike Holdings, Inc.",0001535527,4,2026-06-29,2026-06-25,0000950103-26-009731,https://www.sec.gov/Archives/edgar/data/1535527/000095010326009731/ownership.xml,nonDerivative,2026-06-26,S,Class A common stock,91,697.08,63434.280000000006,2081319,D,Kurtz George,"Director, Officer, PRESIDENT AND CEO",1,1,0,PRESIDENT AND CEO,SEC EDGAR
CRWD|0000950103-26-009731|nonDerivative|2026-06-26|Kurtz George|S|Class A common stock|26|698.43|D,2026-07-01 04:49:27+0000,CRWD,"CrowdStrike Holdings, Inc.",0001535527,4,2026-06-29,2026-06-25,0000950103-26-009731,https://www.sec.gov/Archives/edgar/data/1535527/000095010326009731/ownership.xml,nonDerivative,2026-06-26,S,Class A common stock,26,698.43,18159.18,2081293,D,Kurtz George,"Director, Officer, PRESIDENT AND CEO",1,1,0,PRESIDENT AND CEO,SEC EDGAR
CRWD|0000950103-26-009731|nonDerivative|2026-06-26|Kurtz George|S|Class A common stock|91|700.48|D,2026-07-01 04:49:27+0000,CRWD,"CrowdStrike Holdings, Inc.",0001535527,4,2026-06-29,2026-06-25,0000950103-26-009731,https://www.sec.gov/Archives/edgar/data/1535527/000095010326009731/ownership.xml,nonDerivative,2026-06-26,S,Class A common stock,91,700.48,63743.68,2081202,D,Kurtz George,"Director, Officer, PRESIDENT AND CEO",1,1,0,PRESIDENT AND CEO,SEC EDGAR
CRWD|0000950103-26-009731|nonDerivative|2026-06-26|Kurtz George|S|Class A common stock|264|701.50|D,2026-07-01 04:49:27+0000,CRWD,"CrowdStrike Holdings, Inc.",0001535527,4,2026-06-29,2026-06-25,0000950103-26-009731,https://www.sec.gov/Archives/edgar/data/1535527/000095010326009731/ownership.xml,nonDerivative,2026-06-26,S,Class A common stock,264,701.50,185196.0,2080938,D,Kurtz George,"Director, Officer, PRESIDENT AND CEO",1,1,0,PRESIDENT AND CEO,SEC EDGAR
CRWD|0000950103-26-009731|nonDerivative|2026-06-26|Kurtz George|S|Class A common stock|39|702.65|D,2026-07-01 04:49:27+0000,CRWD,"CrowdStrike Holdings, Inc.",0001535527,4,2026-06-29,2026-06-25,0000950103-26-009731,https://www.sec.gov/Archives/edgar/data/1535527/000095010326009731/ownership.xml,nonDerivative,2026-06-26,S,Class A common stock,39,702.65,27403.35,2080899,D,Kurtz George,"Director, Officer, PRESIDENT AND CEO",1,1,0,PRESIDENT AND CEO,SEC EDGAR
CRWD|0000950103-26-009731|nonDerivative|2026-06-26|Kurtz George|S|Class A common stock|13|703.56|D,2026-07-01 04:49:27+0000,CRWD,"CrowdStrike Holdings, Inc.",0001535527,4,2026-06-29,2026-06-25,0000950103-26-009731,https://www.sec.gov/Archives/edgar/data/1535527/000095010326009731/ownership.xml,nonDerivative,2026-06-26,S,Class A common stock,13,703.56,9146.279999999999,2080886,D,Kurtz George,"Director, Officer, PRESIDENT AND CEO",1,1,0,PRESIDENT AND CEO,SEC EDGAR
CRWD|0000950103-26-009729|nonDerivative|2026-06-25|Kurtz George|S|Class A common stock|52|671.68|D,2026-07-01 04:49:27+0000,CRWD,"CrowdStrike Holdings, Inc.",0001535527,4,2026-06-29,2026-06-25,0000950103-26-009729,https://www.sec.gov/Archives/edgar/data/1535527/000095010326009729/ownership.xml,nonDerivative,2026-06-25,S,Class A common stock,52,671.68,34927.36,2085834,D,Kurtz George,"Director, Officer, PRESIDENT AND CEO",1,1,0,PRESIDENT AND CEO,SEC EDGAR
CRWD|0000950103-26-009729|nonDerivative|2026-06-25|Kurtz George|S|Class A common stock|61|672.46|D,2026-07-01 04:49:27+0000,CRWD,"CrowdStrike Holdings, Inc.",0001535527,4,2026-06-29,2026-06-25,0000950103-26-009729,https://www.sec.gov/Archives/edgar/data/1535527/000095010326009729/ownership.xml,nonDerivative,2026-06-25,S,Class A common stock,61,672.46,41020.060000000005,2085773,D,Kurtz George,"Director, Officer, PRESIDENT AND CEO",1,1,0,PRESIDENT AND CEO,SEC EDGAR
CRWD|0000950103-26-009729|nonDerivative|2026-06-25|Kurtz George|S|Class A common stock|119|673.81|D,2026-07-01 04:49:27+0000,CRWD,"CrowdStrike Holdings, Inc.",0001535527,4,2026-06-29,2026-06-25,0000950103-26-009729,https://www.sec.gov/Archives/edgar/data/1535527/000095010326009729/ownership.xml,nonDerivative,2026-06-25,S,Class A common stock,119,673.81,80183.39,2085654,D,Kurtz George,"Director, Officer, PRESIDENT AND CEO",1,1,0,PRESIDENT AND CEO,SEC EDGAR
CRWD|0000950103-26-009729|nonDerivative|2026-06-25|Kurtz George|S|Class A common stock|99|674.86|D,2026-07-01 04:49:27+0000,CRWD,"CrowdStrike Holdings, Inc.",0001535527,4,2026-06-29,2026-06-25,0000950103-26-009729,https://www.sec.gov/Archives/edgar/data/1535527/000095010326009729/ownership.xml,nonDerivative,2026-06-25,S,Class A common stock,99,674.86,66811.14,2085555,D,Kurtz George,"Director, Officer, PRESIDENT AND CEO",1,1,0,PRESIDENT AND CEO,SEC EDGAR
CRWD|0000950103-26-009729|nonDerivative|2026-06-25|Kurtz George|S|Class A common stock|168|675.67|D,2026-07-01 04:49:27+0000,CRWD,"CrowdStrike Holdings, Inc.",0001535527,4,2026-06-29,2026-06-25,0000950103-26-009729,https://www.sec.gov/Archives/edgar/data/1535527/000095010326009729/ownership.xml,nonDerivative,2026-06-25,S,Class A common stock,168,675.67,113512.56,2085387,D,Kurtz George,"Director, Officer, PRESIDENT AND CEO",1,1,0,PRESIDENT AND CEO,SEC EDGAR
CRWD|0000950103-26-009729|nonDerivative|2026-06-25|Kurtz George|S|Class A common stock|166|676.84|D,2026-07-01 04:49:27+0000,CRWD,"CrowdStrike Holdings, Inc.",0001535527,4,2026-06-29,2026-06-25,0000950103-26-009729,https://www.sec.gov/Archives/edgar/data/1535527/000095010326009729/ownership.xml,nonDerivative,2026-06-25,S,Class A common stock,166,676.84,112355.44,2085221,D,Kurtz George,"Director, Officer, PRESIDENT AND CEO",1,1,0,PRESIDENT AND CEO,SEC EDGAR
CRWD|0000950103-26-009729|nonDerivative|2026-06-25|Kurtz George|S|Class A common stock|216|677.86|D,2026-07-01 04:49:27+0000,CRWD,"CrowdStrike Holdings, Inc.",0001535527,4,2026-06-29,2026-06-25,0000950103-26-009729,https://www.sec.gov/Archives/edgar/data/1535527/000095010326009729/ownership.xml,nonDerivative,2026-06-25,S,Class A common stock,216,677.86,146417.76,2085005,D,Kurtz George,"Director, Officer, PRESIDENT AND CEO",1,1,0,PRESIDENT AND CEO,SEC EDGAR
CRWD|0000950103-26-009729|nonDerivative|2026-06-25|Kurtz George|S|Class A common stock|224|678.79|D,2026-07-01 04:49:27+0000,CRWD,"CrowdStrike Holdings, Inc.",0001535527,4,2026-06-29,2026-06-25,0000950103-26-009729,https://www.sec.gov/Archives/edgar/data/1535527/000095010326009729/ownership.xml,nonDerivative,2026-06-25,S,Class A common stock,224,678.79,152048.96,2084781,D,Kurtz George,"Director, Officer, PRESIDENT AND CEO",1,1,0,PRESIDENT AND CEO,SEC EDGAR
CRWD|0000950103-26-009729|nonDerivative|2026-06-25|Kurtz George|S|Class A common stock|272|679.71|D,2026-07-01 04:49:27+0000,CRWD,"CrowdStrike Holdings, Inc.",0001535527,4,2026-06-29,2026-06-25,0000950103-26-009729,https://www.sec.gov/Archives/edgar/data/1535527/000095010326009729/ownership.xml,nonDerivative,2026-06-25,S,Class A common stock,272,679.71,184881.12,2084509,D,Kurtz George,"Director, Officer, PRESIDENT AND CEO",1,1,0,PRESIDENT AND CEO,SEC EDGAR
CRWD|0000950103-26-009729|nonDerivative|2026-06-25|Kurtz George|S|Class A common stock|226|680.70|D,2026-07-01 04:49:27+0000,CRWD,"CrowdStrike Holdings, Inc.",0001535527,4,2026-06-29,2026-06-25,0000950103-26-009729,https://www.sec.gov/Archives/edgar/data/1535527/000095010326009729/ownership.xml,nonDerivative,2026-06-25,S,Class A common stock,226,680.70,153838.2,2084283,D,Kurtz George,"Director, Officer, PRESIDENT AND CEO",1,1,0,PRESIDENT AND CEO,SEC EDGAR
CRWD|0000950103-26-009729|nonDerivative|2026-06-25|Kurtz George|S|Class A common stock|217|682.08|D,2026-07-01 04:49:27+0000,CRWD,"CrowdStrike Holdings, Inc.",0001535527,4,2026-06-29,2026-06-25,0000950103-26-009729,https://www.sec.gov/Archives/edgar/data/1535527/000095010326009729/ownership.xml,nonDerivative,2026-06-25,S,Class A common stock,217,682.08,148011.36000000002,2084066,D,Kurtz George,"Director, Officer, PRESIDENT AND CEO",1,1,0,PRESIDENT AND CEO,SEC EDGAR
CRWD|0000950103-26-009729|nonDerivative|2026-06-25|Kurtz George|S|Class A common stock|102|682.84|D,2026-07-01 04:49:27+0000,CRWD,"CrowdStrike Holdings, Inc.",0001535527,4,2026-06-29,2026-06-25,0000950103-26-009729,https://www.sec.gov/Archives/edgar/data/1535527/000095010326009729/ownership.xml,nonDerivative,2026-06-25,S,Class A common stock,102,682.84,69649.68000000001,2083964,D,Kurtz George,"Director, Officer, PRESIDENT AND CEO",1,1,0,PRESIDENT AND CEO,SEC EDGAR
CRWD|0000950103-26-009729|nonDerivative|2026-06-25|Kurtz George|S|Class A common stock|166|684.00|D,2026-07-01 04:49:27+0000,CRWD,"CrowdStrike Holdings, Inc.",0001535527,4,2026-06-29,2026-06-25,0000950103-26-009729,https://www.sec.gov/Archives/edgar/data/1535527/000095010326009729/ownership.xml,nonDerivative,2026-06-25,S,Class A common stock,166,684.00,113544.0,2083798,D,Kurtz George,"Director, Officer, PRESIDENT AND CEO",1,1,0,PRESIDENT AND CEO,SEC EDGAR
CRWD|0000950103-26-009729|nonDerivative|2026-06-25|Kurtz George|S|Class A common stock|47|684.88|D,2026-07-01 04:49:27+0000,CRWD,"CrowdStrike Holdings, Inc.",0001535527,4,2026-06-29,2026-06-25,0000950103-26-009729,https://www.sec.gov/Archives/edgar/data/1535527/000095010326009729/ownership.xml,nonDerivative,2026-06-25,S,Class A common stock,47,684.88,32189.36,2083751,D,Kurtz George,"Director, Officer, PRESIDENT AND CEO",1,1,0,PRESIDENT AND CEO,SEC EDGAR
CRWD|0000950103-26-009729|nonDerivative|2026-06-25|Kurtz George|S|Class A common stock|61|686.26|D,2026-07-01 04:49:27+0000,CRWD,"CrowdStrike Holdings, Inc.",0001535527,4,2026-06-29,2026-06-25,0000950103-26-009729,https://www.sec.gov/Archives/edgar/data/1535527/000095010326009729/ownership.xml,nonDerivative,2026-06-25,S,Class A common stock,61,686.26,41861.86,2083690,D,Kurtz George,"Director, Officer, PRESIDENT AND CEO",1,1,0,PRESIDENT AND CEO,SEC EDGAR
CRWD|0000950103-26-009729|nonDerivative|2026-06-25|Kurtz George|S|Class A common stock|141|686.98|D,2026-07-01 04:49:27+0000,CRWD,"CrowdStrike Holdings, Inc.",0001535527,4,2026-06-29,2026-06-25,0000950103-26-009729,https://www.sec.gov/Archives/edgar/data/1535527/000095010326009729/ownership.xml,nonDerivative,2026-06-25,S,Class A common stock,141,686.98,96864.18000000001,2083549,D,Kurtz George,"Director, Officer, PRESIDENT AND CEO",1,1,0,PRESIDENT AND CEO,SEC EDGAR
CRWD|0000950103-26-009729|nonDerivative|2026-06-25|Kurtz George|S|Class A common stock|20|688.23|D,2026-07-01 04:49:27+0000,CRWD,"CrowdStrike Holdings, Inc.",0001535527,4,2026-06-29,2026-06-25,0000950103-26-009729,https://www.sec.gov/Archives/edgar/data/1535527/000095010326009729/ownership.xml,nonDerivative,2026-06-25,S,Class A common stock,20,688.23,13764.6,2083529,D,Kurtz George,"Director, Officer, PRESIDENT AND CEO",1,1,0,PRESIDENT AND CEO,SEC EDGAR
CRWD|0000950103-26-009729|nonDerivative|2026-06-25|Kurtz George|S|Class A common stock|98|689.46|D,2026-07-01 04:49:27+0000,CRWD,"CrowdStrike Holdings, Inc.",0001535527,4,2026-06-29,2026-06-25,0000950103-26-009729,https://www.sec.gov/Archives/edgar/data/1535527/000095010326009729/ownership.xml,nonDerivative,2026-06-25,S,Class A common stock,98,689.46,67567.08,2083431,D,Kurtz George,"Director, Officer, PRESIDENT AND CEO",1,1,0,PRESIDENT AND CEO,SEC EDGAR
CRWD|0000950103-26-009729|nonDerivative|2026-06-25|Kurtz George|S|Class A common stock|38|690.32|D,2026-07-01 04:49:27+0000,CRWD,"CrowdStrike Holdings, Inc.",0001535527,4,2026-06-29,2026-06-25,0000950103-26-009729,https://www.sec.gov/Archives/edgar/data/1535527/000095010326009729/ownership.xml,nonDerivative,2026-06-25,S,Class A common stock,38,690.32,26232.160000000003,2083393,D,Kurtz George,"Director, Officer, PRESIDENT AND CEO",1,1,0,PRESIDENT AND CEO,SEC EDGAR
CRWD|0000950103-26-009729|nonDerivative|2026-06-25|Kurtz George|S|Class A common stock|7|692.33|D,2026-07-01 04:49:27+0000,CRWD,"CrowdStrike Holdings, Inc.",0001535527,4,2026-06-29,2026-06-25,0000950103-26-009729,https://www.sec.gov/Archives/edgar/data/1535527/000095010326009729/ownership.xml,nonDerivative,2026-06-25,S,Class A common stock,7,692.33,4846.31,2083386,D,Kurtz George,"Director, Officer, PRESIDENT AND CEO",1,1,0,PRESIDENT AND CEO,SEC EDGAR
CRWD|0000950103-26-009729|nonDerivative|2026-06-26|Kurtz George|S|Class A common stock|39|676.63|D,2026-07-01 04:49:27+0000,CRWD,"CrowdStrike Holdings, Inc.",0001535527,4,2026-06-29,2026-06-25,0000950103-26-009729,https://www.sec.gov/Archives/edgar/data/1535527/000095010326009729/ownership.xml,nonDerivative,2026-06-26,S,Class A common stock,39,676.63,26388.57,2083347,D,Kurtz George,"Director, Officer, PRESIDENT AND CEO",1,1,0,PRESIDENT AND CEO,SEC EDGAR
CRWD|0000950103-26-009729|nonDerivative|2026-06-26|Kurtz George|S|Class A common stock|13|679.42|D,2026-07-01 04:49:27+0000,CRWD,"CrowdStrike Holdings, Inc.",0001535527,4,2026-06-29,2026-06-25,0000950103-26-009729,https://www.sec.gov/Archives/edgar/data/1535527/000095010326009729/ownership.xml,nonDerivative,2026-06-26,S,Class A common stock,13,679.42,8832.46,2083334,D,Kurtz George,"Director, Officer, PRESIDENT AND CEO",1,1,0,PRESIDENT AND CEO,SEC EDGAR
CRWD|0000950103-26-009729|nonDerivative|2026-06-26|Kurtz George|S|Class A common stock|13|681.19|D,2026-07-01 04:49:27+0000,CRWD,"CrowdStrike Holdings, Inc.",0001535527,4,2026-06-29,2026-06-25,0000950103-26-009729,https://www.sec.gov/Archives/edgar/data/1535527/000095010326009729/ownership.xml,nonDerivative,2026-06-26,S,Class A common stock,13,681.19,8855.470000000001,2083321,D,Kurtz George,"Director, Officer, PRESIDENT AND CEO",1,1,0,PRESIDENT AND CEO,SEC EDGAR
CRWD|0000950103-26-009729|nonDerivative|2026-06-26|Kurtz George|S|Class A common stock|26|684.00|D,2026-07-01 04:49:27+0000,CRWD,"CrowdStrike Holdings, Inc.",0001535527,4,2026-06-29,2026-06-25,0000950103-26-009729,https://www.sec.gov/Archives/edgar/data/1535527/000095010326009729/ownership.xml,nonDerivative,2026-06-26,S,Class A common stock,26,684.00,17784.0,2083295,D,Kurtz George,"Director, Officer, PRESIDENT AND CEO",1,1,0,PRESIDENT AND CEO,SEC EDGAR
CRWD|0000950103-26-009729|nonDerivative|2026-06-26|Kurtz George|S|Class A common stock|52|685.48|D,2026-07-01 04:49:27+0000,CRWD,"CrowdStrike Holdings, Inc.",0001535527,4,2026-06-29,2026-06-25,0000950103-26-009729,https://www.sec.gov/Archives/edgar/data/1535527/000095010326009729/ownership.xml,nonDerivative,2026-06-26,S,Class A common stock,52,685.48,35644.96,2083243,D,Kurtz George,"Director, Officer, PRESIDENT AND CEO",1,1,0,PRESIDENT AND CEO,SEC EDGAR
CRWD|0000950103-26-009729|nonDerivative|2026-06-26|Kurtz George|S|Class A common stock|194|686.79|D,2026-07-01 04:49:27+0000,CRWD,"CrowdStrike Holdings, Inc.",0001535527,4,2026-06-29,2026-06-25,0000950103-26-009729,https://www.sec.gov/Archives/edgar/data/1535527/000095010326009729/ownership.xml,nonDerivative,2026-06-26,S,Class A common stock,194,686.79,133237.25999999998,2083049,D,Kurtz George,"Director, Officer, PRESIDENT AND CEO",1,1,0,PRESIDENT AND CEO,SEC EDGAR
CRWD|0000950103-26-009729|nonDerivative|2026-06-26|Kurtz George|S|Class A common stock|79|687.77|D,2026-07-01 04:49:27+0000,CRWD,"CrowdStrike Holdings, Inc.",0001535527,4,2026-06-29,2026-06-25,0000950103-26-009729,https://www.sec.gov/Archives/edgar/data/1535527/000095010326009729/ownership.xml,nonDerivative,2026-06-26,S,Class A common stock,79,687.77,54333.83,2082970,D,Kurtz George,"Director, Officer, PRESIDENT AND CEO",1,1,0,PRESIDENT AND CEO,SEC EDGAR
CRWD|0000950103-26-009729|nonDerivative|2026-06-26|Kurtz George|S|Class A common stock|169|688.82|D,2026-07-01 04:49:27+0000,CRWD,"CrowdStrike Holdings, Inc.",0001535527,4,2026-06-29,2026-06-25,0000950103-26-009729,https://www.sec.gov/Archives/edgar/data/1535527/000095010326009729/ownership.xml,nonDerivative,2026-06-26,S,Class A common stock,169,688.82,116410.58,2082801,D,Kurtz George,"Director, Officer, PRESIDENT AND CEO",1,1,0,PRESIDENT AND CEO,SEC EDGAR
CRWD|0000950103-26-009729|nonDerivative|2026-06-26|Kurtz George|S|Class A common stock|195|689.66|D,2026-07-01 04:49:27+0000,CRWD,"CrowdStrike Holdings, Inc.",0001535527,4,2026-06-29,2026-06-25,0000950103-26-009729,https://www.sec.gov/Archives/edgar/data/1535527/000095010326009729/ownership.xml,nonDerivative,2026-06-26,S,Class A common stock,195,689.66,134483.69999999998,2082606,D,Kurtz George,"Director, Officer, PRESIDENT AND CEO",1,1,0,PRESIDENT AND CEO,SEC EDGAR
CME|0001776581-26-000003|nonDerivative|2026-06-25|Tierney Robert J JR|A|Common Stock Class A|645|225|D,2026-07-01 04:49:27+0000,CME,CME GROUP INC.,0001156375,4,2026-06-29,2026-06-25,0001776581-26-000003,https://www.sec.gov/Archives/edgar/data/1156375/000177658126000003/wk-form4_1782765060.xml,nonDerivative,2026-06-25,A,Common Stock Class A,645,225,145125.0,14345,D,Tierney Robert J JR,Director,1,0,0,,SEC EDGAR
CME|0001361519-26-000003|nonDerivative|2026-06-25|Suskind Dennis|A|Common Stock Class A|645|225|D,2026-07-01 04:49:27+0000,CME,CME GROUP INC.,0001156375,4,2026-06-29,2026-06-25,0001361519-26-000003,https://www.sec.gov/Archives/edgar/data/1156375/000136151926000003/wk-form4_1782764715.xml,nonDerivative,2026-06-25,A,Common Stock Class A,645,225,145125.0,3344,D,Suskind Dennis,Director,1,0,0,,SEC EDGAR
CME|0001812194-26-000003|nonDerivative|2026-06-25|Seifu Rahael|A|Common Stock Class A|645|225|D,2026-07-01 04:49:27+0000,CME,CME GROUP INC.,0001156375,4,2026-06-29,2026-06-25,0001812194-26-000003,https://www.sec.gov/Archives/edgar/data/1156375/000181219426000003/wk-form4_1782764863.xml,nonDerivative,2026-06-25,A,Common Stock Class A,645,225,145125.0,4739,D,Seifu Rahael,Director,1,0,0,,SEC EDGAR
CME|0001212853-26-000003|nonDerivative|2026-06-25|SIEGEL HOWARD J|A|Common Stock Class A|645|225|D,2026-07-01 04:49:27+0000,CME,CME GROUP INC.,0001156375,4,2026-06-29,2026-06-25,0001212853-26-000003,https://www.sec.gov/Archives/edgar/data/1156375/000121285326000003/wk-form4_1782764657.xml,nonDerivative,2026-06-25,A,Common Stock Class A,645,225,145125.0,48436,D,SIEGEL HOWARD J,Director,1,0,0,,SEC EDGAR
CME|0001212853-26-000003|nonDerivative|2026-06-25|SIEGEL HOWARD J|A|Common Stock Class A|422|225|D,2026-07-01 04:49:27+0000,CME,CME GROUP INC.,0001156375,4,2026-06-29,2026-06-25,0001212853-26-000003,https://www.sec.gov/Archives/edgar/data/1156375/000121285326000003/wk-form4_1782764657.xml,nonDerivative,2026-06-25,A,Common Stock Class A,422,225,94950.0,48858,D,SIEGEL HOWARD J,Director,1,0,0,,SEC EDGAR
CME|0001212852-26-000003|nonDerivative|2026-06-25|SHEPARD WILLIAM R|A|Common Stock Class A|645|225|D,2026-07-01 04:49:27+0000,CME,CME GROUP INC.,0001156375,4,2026-06-29,2026-06-25,0001212852-26-000003,https://www.sec.gov/Archives/edgar/data/1156375/000121285226000003/wk-form4_1782764934.xml,nonDerivative,2026-06-25,A,Common Stock Class A,645,225,145125.0,3184.45,D,SHEPARD WILLIAM R,Director,1,0,0,,SEC EDGAR
CME|0001212852-26-000003|nonDerivative|2026-06-25|SHEPARD WILLIAM R|A|Common Stock Class A|422|225|D,2026-07-01 04:49:27+0000,CME,CME GROUP INC.,0001156375,4,2026-06-29,2026-06-25,0001212852-26-000003,https://www.sec.gov/Archives/edgar/data/1156375/000121285226000003/wk-form4_1782764934.xml,nonDerivative,2026-06-25,A,Common Stock Class A,422,225,94950.0,3606.45,D,SHEPARD WILLIAM R,Director,1,0,0,,SEC EDGAR
CME|0001212852-26-000003|nonDerivative|2026-06-25|SHEPARD WILLIAM R|P|Common Stock Class A|14.318|230.57|D,2026-07-01 04:49:27+0000,CME,CME GROUP INC.,0001156375,4,2026-06-29,2026-06-25,0001212852-26-000003,https://www.sec.gov/Archives/edgar/data/1156375/000121285226000003/wk-form4_1782764934.xml,nonDerivative,2026-06-25,P,Common Stock Class A,14.318,230.57,3301.3012599999997,3620.768,D,SHEPARD WILLIAM R,Director,1,0,0,,SEC EDGAR
CME|0001212852-26-000003|nonDerivative|2026-06-25|SHEPARD WILLIAM R|P|Common Stock Class A|324.782|230.57|I,2026-07-01 04:49:27+0000,CME,CME GROUP INC.,0001156375,4,2026-06-29,2026-06-25,0001212852-26-000003,https://www.sec.gov/Archives/edgar/data/1156375/000121285226000003/wk-form4_1782764934.xml,nonDerivative,2026-06-25,P,Common Stock Class A,324.782,230.57,74884.98573999999,260442.322,I,SHEPARD WILLIAM R,Director,1,0,0,,SEC EDGAR
CME|0001812174-26-000003|nonDerivative|2026-06-25|Mulchrone Patrick J|A|Common Stock Class A|645|225|D,2026-07-01 04:49:27+0000,CME,CME GROUP INC.,0001156375,4,2026-06-29,2026-06-25,0001812174-26-000003,https://www.sec.gov/Archives/edgar/data/1156375/000181217426000003/wk-form4_1782764548.xml,nonDerivative,2026-06-25,A,Common Stock Class A,645,225,145125.0,29130,D,Mulchrone Patrick J,Director,1,0,0,,SEC EDGAR
CME|0001812087-26-000003|nonDerivative|2026-06-25|Maloney Patrick W|A|Common Stock Class A|645|225|D,2026-07-01 04:49:27+0000,CME,CME GROUP INC.,0001156375,4,2026-06-29,2026-06-25,0001812087-26-000003,https://www.sec.gov/Archives/edgar/data/1156375/000181208726000003/wk-form4_1782764458.xml,nonDerivative,2026-06-25,A,Common Stock Class A,645,225,145125.0,4743,D,Maloney Patrick W,Director,1,0,0,,SEC EDGAR
CME|0001329150-26-000003|nonDerivative|2026-06-25|Lucas Deborah J|A|Common Stock Class A|645|225|D,2026-07-01 04:49:27+0000,CME,CME GROUP INC.,0001156375,4,2026-06-29,2026-06-25,0001329150-26-000003,https://www.sec.gov/Archives/edgar/data/1156375/000132915026000003/wk-form4_1782764403.xml,nonDerivative,2026-06-25,A,Common Stock Class A,645,225,145125.0,4533,D,Lucas Deborah J,Director,1,0,0,,SEC EDGAR
CME|0001776684-26-000003|nonDerivative|2026-06-25|Lockett Phyllis M|A|Common Stock Class A|645|225|D,2026-07-01 04:49:27+0000,CME,CME GROUP INC.,0001156375,4,2026-06-29,2026-06-25,0001776684-26-000003,https://www.sec.gov/Archives/edgar/data/1156375/000177668426000003/wk-form4_1782764348.xml,nonDerivative,2026-06-25,A,Common Stock Class A,645,225,145125.0,4285,D,Lockett Phyllis M,Director,1,0,0,,SEC EDGAR
CME|0001556974-26-000005|nonDerivative|2026-06-25|Kaye Daniel G|A|Common Stock Class A|645|225|D,2026-07-01 04:49:27+0000,CME,CME GROUP INC.,0001156375,4,2026-06-29,2026-06-25,0001556974-26-000005,https://www.sec.gov/Archives/edgar/data/1156375/000155697426000005/wk-form4_1782764284.xml,nonDerivative,2026-06-25,A,Common Stock Class A,645,225,145125.0,4845,D,Kaye Daniel G,Director,1,0,0,,SEC EDGAR
CME|0001643402-26-000003|nonDerivative|2026-05-01|Hobert William W|J|Common Stock Class A|20320||I,2026-07-01 04:49:27+0000,CME,CME GROUP INC.,0001156375,4,2026-06-29,2026-05-01,0001643402-26-000003,https://www.sec.gov/Archives/edgar/data/1156375/000164340226000003/wk-form4_1782764217.xml,nonDerivative,2026-05-01,J,Common Stock Class A,20320,,,19680,I,Hobert William W,Director,1,0,0,,SEC EDGAR
CME|0001643402-26-000003|nonDerivative|2026-05-01|Hobert William W|J|Common Stock Class A|20320||D,2026-07-01 04:49:27+0000,CME,CME GROUP INC.,0001156375,4,2026-06-29,2026-05-01,0001643402-26-000003,https://www.sec.gov/Archives/edgar/data/1156375/000164340226000003/wk-form4_1782764217.xml,nonDerivative,2026-05-01,J,Common Stock Class A,20320,,,106938.531,D,Hobert William W,Director,1,0,0,,SEC EDGAR
CME|0001643402-26-000003|nonDerivative|2026-06-25|Hobert William W|A|Common Stock Class A|645|225|D,2026-07-01 04:49:27+0000,CME,CME GROUP INC.,0001156375,4,2026-06-29,2026-05-01,0001643402-26-000003,https://www.sec.gov/Archives/edgar/data/1156375/000164340226000003/wk-form4_1782764217.xml,nonDerivative,2026-06-25,A,Common Stock Class A,645,225,145125.0,107583.531,D,Hobert William W,Director,1,0,0,,SEC EDGAR
CME|0001643402-26-000003|nonDerivative|2026-06-25|Hobert William W|A|Common Stock Class A|422|225|D,2026-07-01 04:49:27+0000,CME,CME GROUP INC.,0001156375,4,2026-06-29,2026-05-01,0001643402-26-000003,https://www.sec.gov/Archives/edgar/data/1156375/000164340226000003/wk-form4_1782764217.xml,nonDerivative,2026-06-25,A,Common Stock Class A,422,225,94950.0,108005.531,D,Hobert William W,Director,1,0,0,,SEC EDGAR
CME|0001212813-26-000003|nonDerivative|2026-06-25|GEPSMAN MARTIN J|A|Common Stock Class A|645|225|D,2026-07-01 04:49:27+0000,CME,CME GROUP INC.,0001156375,4,2026-06-29,2026-06-25,0001212813-26-000003,https://www.sec.gov/Archives/edgar/data/1156375/000121281326000003/wk-form4_1782765002.xml,nonDerivative,2026-06-25,A,Common Stock Class A,645,225,145125.0,25644,D,GEPSMAN MARTIN J,Director,1,0,0,,SEC EDGAR
CME|0001156375-26-000037|nonDerivative|2026-06-25|Ford Harold Eugene Jr.|A|Common Stock Class A|645|225|D,2026-07-01 04:49:27+0000,CME,CME GROUP INC.,0001156375,4,2026-06-29,2026-06-25,0001156375-26-000037,https://www.sec.gov/Archives/edgar/data/1156375/000115637526000037/wk-form4_1782764127.xml,nonDerivative,2026-06-25,A,Common Stock Class A,645,225,145125.0,1736,D,Ford Harold Eugene Jr.,Director,1,0,0,,SEC EDGAR
CME|0001156375-26-000037|nonDerivative|2026-06-25|Ford Harold Eugene Jr.|A|Common Stock Class A|422|225|D,2026-07-01 04:49:27+0000,CME,CME GROUP INC.,0001156375,4,2026-06-29,2026-06-25,0001156375-26-000037,https://www.sec.gov/Archives/edgar/data/1156375/000115637526000037/wk-form4_1782764127.xml,nonDerivative,2026-06-25,A,Common Stock Class A,422,225,94950.0,2158,D,Ford Harold Eugene Jr.,Director,1,0,0,,SEC EDGAR
CME|0001341363-26-000003|nonDerivative|2026-06-25|Durkin Bryan T|A|Common Stock Class A|645|225|D,2026-07-01 04:49:27+0000,CME,CME GROUP INC.,0001156375,4,2026-06-29,2026-06-25,0001341363-26-000003,https://www.sec.gov/Archives/edgar/data/1156375/000134136326000003/wk-form4_1782764052.xml,nonDerivative,2026-06-25,A,Common Stock Class A,645,225,145125.0,43652,D,Durkin Bryan T,Director,1,0,0,,SEC EDGAR
CME|0001643475-26-000003|nonDerivative|2026-06-25|Cook Elizabeth A|A|Common Stock Class A|645|225|I,2026-07-01 04:49:27+0000,CME,CME GROUP INC.,0001156375,4,2026-06-29,2026-06-25,0001643475-26-000003,https://www.sec.gov/Archives/edgar/data/1156375/000164347526000003/wk-form4_1782763993.xml,nonDerivative,2026-06-25,A,Common Stock Class A,645,225,145125.0,18416,I,Cook Elizabeth A,Director,1,0,0,,SEC EDGAR
CME|0001341358-26-000003|nonDerivative|2026-06-25|Carey Charles P|A|Common Stock Class A|645|225|I,2026-07-01 04:49:27+0000,CME,CME GROUP INC.,0001156375,4,2026-06-29,2026-06-25,0001341358-26-000003,https://www.sec.gov/Archives/edgar/data/1156375/000134135826000003/wk-form4_1782763903.xml,nonDerivative,2026-06-25,A,Common Stock Class A,645,225,145125.0,6424,I,Carey Charles P,Director,1,0,0,,SEC EDGAR
CME|0001341358-26-000003|nonDerivative|2026-06-25|Carey Charles P|A|Common Stock Class A|422|225|I,2026-07-01 04:49:27+0000,CME,CME GROUP INC.,0001156375,4,2026-06-29,2026-06-25,0001341358-26-000003,https://www.sec.gov/Archives/edgar/data/1156375/000134135826000003/wk-form4_1782763903.xml,nonDerivative,2026-06-25,A,Common Stock Class A,422,225,94950.0,6846,I,Carey Charles P,Director,1,0,0,,SEC EDGAR
CME|0001434852-26-000003|nonDerivative|2026-06-25|Bitsberger Timothy S.|A|Common Stock Class A|645|225|D,2026-07-01 04:49:27+0000,CME,CME GROUP INC.,0001156375,4,2026-06-29,2026-06-25,0001434852-26-000003,https://www.sec.gov/Archives/edgar/data/1156375/000143485226000003/wk-form4_1782763828.xml,nonDerivative,2026-06-25,A,Common Stock Class A,645,225,145125.0,11766,D,Bitsberger Timothy S.,Director,1,0,0,,SEC EDGAR
CME|0001976318-26-000003|nonDerivative|2026-06-25|Benesh Kathryn|A|Common Stock Class A|645|225|D,2026-07-01 04:49:27+0000,CME,CME GROUP INC.,0001156375,4,2026-06-29,2026-06-25,0001976318-26-000003,https://www.sec.gov/Archives/edgar/data/1156375/000197631826000003/wk-form4_1782763685.xml,nonDerivative,2026-06-25,A,Common Stock Class A,645,225,145125.0,2751.948,D,Benesh Kathryn,Director,1,0,0,,SEC EDGAR
CAT|0001104659-26-078801|derivative|2026-06-26|Kaiser Jason|A|Phantom Stock Units|5|997.47|D,2026-07-01 04:49:27+0000,CAT,CATERPILLAR INC,0000018230,4,2026-06-29,2026-06-26,0001104659-26-078801,https://www.sec.gov/Archives/edgar/data/18230/000110465926078801/tm2619309-2_4seq1.xml,derivative,2026-06-26,A,Phantom Stock Units,5,997.47,4987.35,5831,D,Kaiser Jason,"Officer, Group President",0,1,0,Group President,SEC EDGAR
CAT|0001104659-26-078798|derivative|2026-06-26|Epley Kyle Joseph|A|Phantom Stock Units|6|997.47|D,2026-07-01 04:49:27+0000,CAT,CATERPILLAR INC,0000018230,4,2026-06-29,2026-06-26,0001104659-26-078798,https://www.sec.gov/Archives/edgar/data/18230/000110465926078798/tm2619309-3_4seq1.xml,derivative,2026-06-26,A,Phantom Stock Units,6,997.47,5984.82,6242,D,Epley Kyle Joseph,"Officer, Chief Financial Officer",0,1,0,Chief Financial Officer,SEC EDGAR
CAT|0001104659-26-078800|derivative|2026-06-26|Creed Joseph E|A|Phantom Stock Units|16|997.47|D,2026-07-01 04:49:27+0000,CAT,CATERPILLAR INC,0000018230,4,2026-06-29,2026-06-26,0001104659-26-078800,https://www.sec.gov/Archives/edgar/data/18230/000110465926078800/tm2619309-1_4seq1.xml,derivative,2026-06-26,A,Phantom Stock Units,16,997.47,15959.52,12028,D,Creed Joseph E,"Officer, Chief Executive Officer",0,1,0,Chief Executive Officer,SEC EDGAR
BR|0001225208-26-006232|nonDerivative|2026-06-27|Ghei Ashima|M|Common Stock|2509.0000|0.0000|D,2026-07-01 04:49:27+0000,BR,"BROADRIDGE FINANCIAL SOLUTIONS, INC.",0001383312,4,2026-06-29,2026-06-27,0001225208-26-006232,https://www.sec.gov/Archives/edgar/data/1383312/000122520826006232/doc4.xml,nonDerivative,2026-06-27,M,Common Stock,2509.0000,0.0000,0.0,6466.0000,D,Ghei Ashima,"Officer, CFO",,1,,CFO,SEC EDGAR
BR|0001225208-26-006232|nonDerivative|2026-06-27|Ghei Ashima|F|Common Stock|905.0000|137.9300|D,2026-07-01 04:49:27+0000,BR,"BROADRIDGE FINANCIAL SOLUTIONS, INC.",0001383312,4,2026-06-29,2026-06-27,0001225208-26-006232,https://www.sec.gov/Archives/edgar/data/1383312/000122520826006232/doc4.xml,nonDerivative,2026-06-27,F,Common Stock,905.0000,137.9300,124826.65000000001,5561.0000,D,Ghei Ashima,"Officer, CFO",,1,,CFO,SEC EDGAR
BR|0001225208-26-006232|derivative|2026-06-27|Ghei Ashima|M|FY2024 RSUs June 2024|2509.0000|0.0000|D,2026-07-01 04:49:27+0000,BR,"BROADRIDGE FINANCIAL SOLUTIONS, INC.",0001383312,4,2026-06-29,2026-06-27,0001225208-26-006232,https://www.sec.gov/Archives/edgar/data/1383312/000122520826006232/doc4.xml,derivative,2026-06-27,M,FY2024 RSUs June 2024,2509.0000,0.0000,0.0,0.0000,D,Ghei Ashima,"Officer, CFO",,1,,CFO,SEC EDGAR
"AVGO|0001730168-26-000064|nonDerivative|2026-06-25|Brazeal Mark David|S|Common Stock, $0.001 par value|25000|387|D",2026-07-01 04:49:27+0000,AVGO,Broadcom Inc.,0001730168,4,2026-06-29,2026-06-25,0001730168-26-000064,https://www.sec.gov/Archives/edgar/data/1730168/000173016826000064/wk-form4_1782775021.xml,nonDerivative,2026-06-25,S,"Common Stock, $0.001 par value",25000,387,9675000.0,244989,D,Brazeal Mark David,"Officer, Chief Legal & Corp Affairs Ofc",0,1,0,Chief Legal & Corp Affairs Ofc,SEC EDGAR
AON|0001193125-26-288771|nonDerivative|2026-06-25|Spruell Byron|A|Class A Ordinary Stock|776||D,2026-07-01 04:49:27+0000,AON,Aon plc,0000315293,4,2026-06-29,2026-06-25,0001193125-26-288771,https://www.sec.gov/Archives/edgar/data/315293/000119312526288771/ownership.xml,nonDerivative,2026-06-25,A,Class A Ordinary Stock,776,,,6562.97,D,Spruell Byron,,true,false,false,,SEC EDGAR
AON|0001193125-26-288771|nonDerivative|2026-06-25|Spruell Byron|F|Class A Ordinary Stock|186.235|315.95|D,2026-07-01 04:49:27+0000,AON,Aon plc,0000315293,4,2026-06-29,2026-06-25,0001193125-26-288771,https://www.sec.gov/Archives/edgar/data/315293/000119312526288771/ownership.xml,nonDerivative,2026-06-25,F,Class A Ordinary Stock,186.235,315.95,58840.94825,6376.735,D,Spruell Byron,,true,false,false,,SEC EDGAR
AON|0001193125-26-288788|nonDerivative|2026-06-25|STAVRIDIS JAMES G.|A|Class A Ordinary Shares|776||D,2026-07-01 04:49:27+0000,AON,Aon plc,0000315293,4,2026-06-29,2026-06-25,0001193125-26-288788,https://www.sec.gov/Archives/edgar/data/315293/000119312526288788/ownership.xml,nonDerivative,2026-06-25,A,Class A Ordinary Shares,776,,,1563.654,D,STAVRIDIS JAMES G.,,true,false,false,,SEC EDGAR
AON|0001193125-26-288788|nonDerivative|2026-06-25|STAVRIDIS JAMES G.|F|Class A Ordinary Shares|186.235|315.95|D,2026-07-01 04:49:27+0000,AON,Aon plc,0000315293,4,2026-06-29,2026-06-25,0001193125-26-288788,https://www.sec.gov/Archives/edgar/data/315293/000119312526288788/ownership.xml,nonDerivative,2026-06-25,F,Class A Ordinary Shares,186.235,315.95,58840.94825,1377.419,D,STAVRIDIS JAMES G.,,true,false,false,,SEC EDGAR
AON|0001193125-26-288764|nonDerivative|2026-06-25|SMITH SARAH G|A|Class A Ordinary Stock|776||D,2026-07-01 04:49:27+0000,AON,Aon plc,0000315293,4,2026-06-29,2026-06-25,0001193125-26-288764,https://www.sec.gov/Archives/edgar/data/315293/000119312526288764/ownership.xml,nonDerivative,2026-06-25,A,Class A Ordinary Stock,776,,,2299.97,D,SMITH SARAH G,,true,false,false,,SEC EDGAR
AON|0001193125-26-288764|nonDerivative|2026-06-25|SMITH SARAH G|F|Class A Ordinary Stock|186.235|315.95|D,2026-07-01 04:49:27+0000,AON,Aon plc,0000315293,4,2026-06-29,2026-06-25,0001193125-26-288764,https://www.sec.gov/Archives/edgar/data/315293/000119312526288764/ownership.xml,nonDerivative,2026-06-25,F,Class A Ordinary Stock,186.235,315.95,58840.94825,2113.735,D,SMITH SARAH G,,true,false,false,,SEC EDGAR
AON|0001193125-26-288780|nonDerivative|2026-06-25|SANTONA GLORIA|A|Class A Ordinary Stock|776||D,2026-07-01 04:49:27+0000,AON,Aon plc,0000315293,4,2026-06-29,2026-06-25,0001193125-26-288780,https://www.sec.gov/Archives/edgar/data/315293/000119312526288780/ownership.xml,nonDerivative,2026-06-25,A,Class A Ordinary Stock,776,,,22647.97,D,SANTONA GLORIA,,true,false,false,,SEC EDGAR
AON|0001193125-26-288780|nonDerivative|2026-06-25|SANTONA GLORIA|F|Class A Ordinary Stock|186.235|315.95|D,2026-07-01 04:49:27+0000,AON,Aon plc,0000315293,4,2026-06-29,2026-06-25,0001193125-26-288780,https://www.sec.gov/Archives/edgar/data/315293/000119312526288780/ownership.xml,nonDerivative,2026-06-25,F,Class A Ordinary Stock,186.235,315.95,58840.94825,22461.735,D,SANTONA GLORIA,,true,false,false,,SEC EDGAR
AON|0001193125-26-288784|nonDerivative|2026-06-25|NOTEBAERT RICHARD C|A|Class A Ordinary Stock|776||D,2026-07-01 04:49:27+0000,AON,Aon plc,0000315293,4,2026-06-29,2026-06-25,0001193125-26-288784,https://www.sec.gov/Archives/edgar/data/315293/000119312526288784/ownership.xml,nonDerivative,2026-06-25,A,Class A Ordinary Stock,776,,,28513.97,D,NOTEBAERT RICHARD C,,true,false,false,,SEC EDGAR
AON|0001193125-26-288784|nonDerivative|2026-06-25|NOTEBAERT RICHARD C|F|Class A Ordinary Stock|186.235|315.95|D,2026-07-01 04:49:27+0000,AON,Aon plc,0000315293,4,2026-06-29,2026-06-25,0001193125-26-288784,https://www.sec.gov/Archives/edgar/data/315293/000119312526288784/ownership.xml,nonDerivative,2026-06-25,F,Class A Ordinary Stock,186.235,315.95,58840.94825,28327.735,D,NOTEBAERT RICHARD C,,true,false,false,,SEC EDGAR
AON|0001193125-26-288734|nonDerivative|2026-06-25|Karaboutis Adriana|A|Class A Ordinary Stock|776||D,2026-07-01 04:49:27+0000,AON,Aon plc,0000315293,4,2026-06-29,2026-06-25,0001193125-26-288734,https://www.sec.gov/Archives/edgar/data/315293/000119312526288734/ownership.xml,nonDerivative,2026-06-25,A,Class A Ordinary Stock,776,,,2791.97,D,Karaboutis Adriana,,true,false,false,,SEC EDGAR
AON|0001193125-26-288734|nonDerivative|2026-06-25|Karaboutis Adriana|F|Class A Ordinary Stock|186.235|315.95|D,2026-07-01 04:49:27+0000,AON,Aon plc,0000315293,4,2026-06-29,2026-06-25,0001193125-26-288734,https://www.sec.gov/Archives/edgar/data/315293/000119312526288734/ownership.xml,nonDerivative,2026-06-25,F,Class A Ordinary Stock,186.235,315.95,58840.94825,2605.735,D,Karaboutis Adriana,,true,false,false,,SEC EDGAR
AON|0001193125-26-288868|nonDerivative|2026-06-25|KNIGHT LESTER B|A|Class A Ordinary Stock|1488||D,2026-07-01 04:49:27+0000,AON,Aon plc,0000315293,4,2026-06-29,2026-06-25,0001193125-26-288868,https://www.sec.gov/Archives/edgar/data/315293/000119312526288868/ownership.xml,nonDerivative,2026-06-25,A,Class A Ordinary Stock,1488,,,5227,D,KNIGHT LESTER B,,true,false,false,,SEC EDGAR
AON|0001193125-26-288742|nonDerivative|2026-06-25|Jenkins Jo Ann|A|Class A Ordinary Stock|776||D,2026-07-01 04:49:27+0000,AON,Aon plc,0000315293,4,2026-06-29,2026-06-25,0001193125-26-288742,https://www.sec.gov/Archives/edgar/data/315293/000119312526288742/ownership.xml,nonDerivative,2026-06-25,A,Class A Ordinary Stock,776,,,1060.447,D,Jenkins Jo Ann,,true,false,false,,SEC EDGAR
AON|0001193125-26-288742|nonDerivative|2026-06-25|Jenkins Jo Ann|F|Class A Ordinary Stock|186.235|315.95|D,2026-07-01 04:49:27+0000,AON,Aon plc,0000315293,4,2026-06-29,2026-06-25,0001193125-26-288742,https://www.sec.gov/Archives/edgar/data/315293/000119312526288742/ownership.xml,nonDerivative,2026-06-25,F,Class A Ordinary Stock,186.235,315.95,58840.94825,874.212,D,Jenkins Jo Ann,,true,false,false,,SEC EDGAR
AON|0001193125-26-288831|nonDerivative|2026-06-25|FRANCIS CHERYL A|A|Class A Ordinary Stock|776||D,2026-07-01 04:49:27+0000,AON,Aon plc,0000315293,4,2026-06-29,2026-06-25,0001193125-26-288831,https://www.sec.gov/Archives/edgar/data/315293/000119312526288831/ownership.xml,nonDerivative,2026-06-25,A,Class A Ordinary Stock,776,,,29479.97,D,FRANCIS CHERYL A,,true,false,false,,SEC EDGAR
AON|0001193125-26-288831|nonDerivative|2026-06-25|FRANCIS CHERYL A|F|Class A Ordinary Stock|186.235|315.95|D,2026-07-01 04:49:27+0000,AON,Aon plc,0000315293,4,2026-06-29,2026-06-25,0001193125-26-288831,https://www.sec.gov/Archives/edgar/data/315293/000119312526288831/ownership.xml,nonDerivative,2026-06-25,F,Class A Ordinary Stock,186.235,315.95,58840.94825,29293.735,D,FRANCIS CHERYL A,,true,false,false,,SEC EDGAR
AON|0001193125-26-288767|nonDerivative|2026-06-25|Cai Jin-Yong|A|Class A Ordinary Stock|776||D,2026-07-01 04:49:27+0000,AON,Aon plc,0000315293,4,2026-06-29,2026-06-25,0001193125-26-288767,https://www.sec.gov/Archives/edgar/data/315293/000119312526288767/ownership.xml,nonDerivative,2026-06-25,A,Class A Ordinary Stock,776,,,8241.376,D,Cai Jin-Yong,,true,false,false,,SEC EDGAR
AON|0001193125-26-288767|nonDerivative|2026-06-25|Cai Jin-Yong|F|Class A Ordinary Stock|396.524|315.95|D,2026-07-01 04:49:27+0000,AON,Aon plc,0000315293,4,2026-06-29,2026-06-25,0001193125-26-288767,https://www.sec.gov/Archives/edgar/data/315293/000119312526288767/ownership.xml,nonDerivative,2026-06-25,F,Class A Ordinary Stock,396.524,315.95,125281.75779999999,7844.852,D,Cai Jin-Yong,,true,false,false,,SEC EDGAR
AON|0001193125-26-288775|nonDerivative|2026-06-25|CAMPBELL JEFFREY C|A|Class A Ordinary Stock|776||D,2026-07-01 04:49:27+0000,AON,Aon plc,0000315293,4,2026-06-29,2026-06-25,0001193125-26-288775,https://www.sec.gov/Archives/edgar/data/315293/000119312526288775/ownership.xml,nonDerivative,2026-06-25,A,Class A Ordinary Stock,776,,,12806.97,D,CAMPBELL JEFFREY C,,true,false,false,,SEC EDGAR
AON|0001193125-26-288775|nonDerivative|2026-06-25|CAMPBELL JEFFREY C|F|Class A Ordinary Stock|186.235|315.95|D,2026-07-01 04:49:27+0000,AON,Aon plc,0000315293,4,2026-06-29,2026-06-25,0001193125-26-288775,https://www.sec.gov/Archives/edgar/data/315293/000119312526288775/ownership.xml,nonDerivative,2026-06-25,F,Class A Ordinary Stock,186.235,315.95,58840.94825,12620.735,D,CAMPBELL JEFFREY C,,true,false,false,,SEC EDGAR
AON|0001193125-26-288866|nonDerivative|2026-06-25|Alvarez Jose Antonio|A|Class A Ordinary Stock|776||D,2026-07-01 04:49:27+0000,AON,Aon plc,0000315293,4,2026-06-29,2026-06-25,0001193125-26-288866,https://www.sec.gov/Archives/edgar/data/315293/000119312526288866/ownership.xml,nonDerivative,2026-06-25,A,Class A Ordinary Stock,776,,,1642.86,D,Alvarez Jose Antonio,,true,false,false,,SEC EDGAR
AON|0001193125-26-288866|nonDerivative|2026-06-25|Alvarez Jose Antonio|F|Class A Ordinary Stock|372.469|315.95|D,2026-07-01 04:49:27+0000,AON,Aon plc,0000315293,4,2026-06-29,2026-06-25,0001193125-26-288866,https://www.sec.gov/Archives/edgar/data/315293/000119312526288866/ownership.xml,nonDerivative,2026-06-25,F,Class A Ordinary Stock,372.469,315.95,117681.58055,1270.391,D,Alvarez Jose Antonio,,true,false,false,,SEC EDGAR
AIG|0001428849-26-000008|derivative|2026-06-29|Zaffino Peter|A|November 2022 RSUs Dividend Equivalents|6241||D,2026-07-01 04:49:27+0000,AIG,"AMERICAN INTERNATIONAL GROUP, INC.",0000005272,4,2026-06-29,2026-06-29,0001428849-26-000008,https://www.sec.gov/Archives/edgar/data/5272/000142884926000008/wk-form4_1782764054.xml,derivative,2026-06-29,A,November 2022 RSUs Dividend Equivalents,6241,,,76111,D,Zaffino Peter,"Director, Officer, Executive Chairman",1,1,0,Executive Chairman,SEC EDGAR
ABT|0002075371-26-000009|nonDerivative|2026-06-27|Cushman Elizabeth C.|F|Common shares without par value|560|94.12|D,2026-07-01 04:49:27+0000,ABT,ABBOTT LABORATORIES,0000001800,4,2026-06-29,2026-06-27,0002075371-26-000009,https://www.sec.gov/Archives/edgar/data/1800/000207537126000009/form4-06292026_090621.xml,nonDerivative,2026-06-27,F,Common shares without par value,560,94.12,52707.200000000004,38013,D,Cushman Elizabeth C.,"EVP, GC AND SECRETARY",false,true,false,"EVP, GC AND SECRETARY",SEC EDGAR
A|0001090872-26-000060|nonDerivative|2026-06-26|KIRKWOOD JONAH PREVOST|F|Common Stock|30|136.01|D,2026-07-01 04:49:27+0000,A,"AGILENT TECHNOLOGIES, INC.",0001090872,4,2026-06-29,2026-06-26,0001090872-26-000060,https://www.sec.gov/Archives/edgar/data/1090872/000109087226000060/form4.xml,nonDerivative,2026-06-26,F,Common Stock,30,136.01,4080.2999999999997,14108,D,KIRKWOOD JONAH PREVOST,"Officer, Senior Vice President",,1,,Senior Vice President,SEC EDGAR
WYNN|0001104659-26-078298|derivative|2026-06-24|FERTITTA TILMAN J|S|Call Option (obligation to sell)|100000|4.3011|I,2026-07-01 04:49:27+0000,WYNN,WYNN RESORTS LTD,0001174922,4,2026-06-26,2026-06-24,0001104659-26-078298,https://www.sec.gov/Archives/edgar/data/1174922/000110465926078298/tm2619053-1_4seq1.xml,derivative,2026-06-24,S,Call Option (obligation to sell),100000,4.3011,430110.0,100000,I,FERTITTA TILMAN J,10% Owner,0,0,1,,SEC EDGAR
WYNN|0001104659-26-078298|derivative|2026-06-24|FERTITTA TILMAN J|S|Call Option (obligation to sell)|100000|4.0665|I,2026-07-01 04:49:27+0000,WYNN,WYNN RESORTS LTD,0001174922,4,2026-06-26,2026-06-24,0001104659-26-078298,https://www.sec.gov/Archives/edgar/data/1174922/000110465926078298/tm2619053-1_4seq1.xml,derivative,2026-06-24,S,Call Option (obligation to sell),100000,4.0665,406649.99999999994,100000,I,FERTITTA TILMAN J,10% Owner,0,0,1,,SEC EDGAR
WYNN|0001104659-26-078298|derivative|2026-06-24|FERTITTA TILMAN J|S|Call Option (obligation to sell)|100000|3.8474|I,2026-07-01 04:49:27+0000,WYNN,WYNN RESORTS LTD,0001174922,4,2026-06-26,2026-06-24,0001104659-26-078298,https://www.sec.gov/Archives/edgar/data/1174922/000110465926078298/tm2619053-1_4seq1.xml,derivative,2026-06-24,S,Call Option (obligation to sell),100000,3.8474,384740.0,100000,I,FERTITTA TILMAN J,10% Owner,0,0,1,,SEC EDGAR
WMB|0001799286-26-000008|nonDerivative|2026-06-25|Porter John Dean|M|Common Stock|1899|24.98|D,2026-07-01 04:49:27+0000,WMB,"WILLIAMS COMPANIES, INC.",0000107263,4,2026-06-26,2026-06-25,0001799286-26-000008,https://www.sec.gov/Archives/edgar/data/107263/000179928626000008/wk-form4_1782496768.xml,nonDerivative,2026-06-25,M,Common Stock,1899,24.98,47437.020000000004,198466.06,D,Porter John Dean,"Officer, EVP & CFO",0,1,0,EVP & CFO,SEC EDGAR
WMB|0001799286-26-000008|nonDerivative|2026-06-25|Porter John Dean|F|Common Stock|1176|77.62|D,2026-07-01 04:49:27+0000,WMB,"WILLIAMS COMPANIES, INC.",0000107263,4,2026-06-26,2026-06-25,0001799286-26-000008,https://www.sec.gov/Archives/edgar/data/107263/000179928626000008/wk-form4_1782496768.xml,nonDerivative,2026-06-25,F,Common Stock,1176,77.62,91281.12000000001,197290.06,D,Porter John Dean,"Officer, EVP & CFO",0,1,0,EVP & CFO,SEC EDGAR
WMB|0001799286-26-000008|derivative|2026-06-25|Porter John Dean|M|Employee Options (Right to Buy)|1899|24.98|D,2026-07-01 04:49:27+0000,WMB,"WILLIAMS COMPANIES, INC.",0000107263,4,2026-06-26,2026-06-25,0001799286-26-000008,https://www.sec.gov/Archives/edgar/data/107263/000179928626000008/wk-form4_1782496768.xml,derivative,2026-06-25,M,Employee Options (Right to Buy),1899,24.98,47437.020000000004,0,D,Porter John Dean,"Officer, EVP & CFO",0,1,0,EVP & CFO,SEC EDGAR
VTRS|0001140361-26-026593|nonDerivative|2026-06-25|Campbell Paul|S|Common Stock|50076|16.1711|D,2026-07-01 04:49:27+0000,VTRS,Viatris Inc,0001792044,4,2026-06-26,2026-06-25,0001140361-26-026593,https://www.sec.gov/Archives/edgar/data/1792044/000114036126026593/form4.xml,nonDerivative,2026-06-25,S,Common Stock,50076,16.1711,809784.0035999999,316212,D,Campbell Paul,See Remarks,,true,,See Remarks,SEC EDGAR
TPL|0001437749-26-021781|nonDerivative|2026-06-25|HORIZON KINETICS ASSET MANAGEMENT LLC|P|Common Stock|1|388.58|D,2026-07-01 04:49:27+0000,TPL,Texas Pacific Land Corp,0001811074,4,2026-06-26,2026-06-25,0001437749-26-021781,https://www.sec.gov/Archives/edgar/data/1811074/000143774926021781/rdgdoc.xml,nonDerivative,2026-06-25,P,Common Stock,1,388.58,388.58,3393560,D,HORIZON KINETICS ASSET MANAGEMENT LLC,10% Owner,,,1,,SEC EDGAR
PEG|0001225208-26-006199|nonDerivative|2026-06-24|Hanemann Kim C|S|Common Stock|3035.0000|82.0000|D,2026-07-01 04:49:27+0000,PEG,PUBLIC SERVICE ENTERPRISE GROUP INC,0000788784,4,2026-06-26,2026-06-24,0001225208-26-006199,https://www.sec.gov/Archives/edgar/data/788784/000122520826006199/doc4.xml,nonDerivative,2026-06-24,S,Common Stock,3035.0000,82.0000,248870.0,98814.6490,D,Hanemann Kim C,"Officer, President and COO - PSE&G",,1,,President and COO - PSE&G,SEC EDGAR
ORCL|0001341439-26-000064|nonDerivative|2026-06-24|HENLEY JEFFREY|M|Common Stock|400000|40.93|D,2026-07-01 04:49:27+0000,ORCL,ORACLE CORP,0001341439,4,2026-06-26,2026-06-24,0001341439-26-000064,https://www.sec.gov/Archives/edgar/data/1341439/000134143926000064/form4.xml,nonDerivative,2026-06-24,M,Common Stock,400000,40.93,16372000.0,400000,D,HENLEY JEFFREY,"Director, Officer, Vice Chairman",1,1,,Vice Chairman,SEC EDGAR
ORCL|0001341439-26-000064|nonDerivative|2026-06-24|HENLEY JEFFREY|S|Common Stock|74969|156.0642|D,2026-07-01 04:49:27+0000,ORCL,ORACLE CORP,0001341439,4,2026-06-26,2026-06-24,0001341439-26-000064,https://www.sec.gov/Archives/edgar/data/1341439/000134143926000064/form4.xml,nonDerivative,2026-06-24,S,Common Stock,74969,156.0642,11699977.0098,325031,D,HENLEY JEFFREY,"Director, Officer, Vice Chairman",1,1,,Vice Chairman,SEC EDGAR
ORCL|0001341439-26-000064|nonDerivative|2026-06-24|HENLEY JEFFREY|S|Common Stock|78559|157.023|D,2026-07-01 04:49:27+0000,ORCL,ORACLE CORP,0001341439,4,2026-06-26,2026-06-24,0001341439-26-000064,https://www.sec.gov/Archives/edgar/data/1341439/000134143926000064/form4.xml,nonDerivative,2026-06-24,S,Common Stock,78559,157.023,12335569.856999999,246472,D,HENLEY JEFFREY,"Director, Officer, Vice Chairman",1,1,,Vice Chairman,SEC EDGAR
ORCL|0001341439-26-000064|nonDerivative|2026-06-24|HENLEY JEFFREY|S|Common Stock|45872|157.8869|D,2026-07-01 04:49:27+0000,ORCL,ORACLE CORP,0001341439,4,2026-06-26,2026-06-24,0001341439-26-000064,https://www.sec.gov/Archives/edgar/data/1341439/000134143926000064/form4.xml,nonDerivative,2026-06-24,S,Common Stock,45872,157.8869,7242587.8768,200600,D,HENLEY JEFFREY,"Director, Officer, Vice Chairman",1,1,,Vice Chairman,SEC EDGAR
ORCL|0001341439-26-000064|nonDerivative|2026-06-24|HENLEY JEFFREY|S|Common Stock|16802|159.0673|D,2026-07-01 04:49:27+0000,ORCL,ORACLE CORP,0001341439,4,2026-06-26,2026-06-24,0001341439-26-000064,https://www.sec.gov/Archives/edgar/data/1341439/000134143926000064/form4.xml,nonDerivative,2026-06-24,S,Common Stock,16802,159.0673,2672648.7745999997,183798,D,HENLEY JEFFREY,"Director, Officer, Vice Chairman",1,1,,Vice Chairman,SEC EDGAR
ORCL|0001341439-26-000064|nonDerivative|2026-06-24|HENLEY JEFFREY|S|Common Stock|62582|160.0776|D,2026-07-01 04:49:27+0000,ORCL,ORACLE CORP,0001341439,4,2026-06-26,2026-06-24,0001341439-26-000064,https://www.sec.gov/Archives/edgar/data/1341439/000134143926000064/form4.xml,nonDerivative,2026-06-24,S,Common Stock,62582,160.0776,10017976.3632,121216,D,HENLEY JEFFREY,"Director, Officer, Vice Chairman",1,1,,Vice Chairman,SEC EDGAR
ORCL|0001341439-26-000064|nonDerivative|2026-06-24|HENLEY JEFFREY|S|Common Stock|48353|160.8586|D,2026-07-01 04:49:27+0000,ORCL,ORACLE CORP,0001341439,4,2026-06-26,2026-06-24,0001341439-26-000064,https://www.sec.gov/Archives/edgar/data/1341439/000134143926000064/form4.xml,nonDerivative,2026-06-24,S,Common Stock,48353,160.8586,7777995.885799999,72863,D,HENLEY JEFFREY,"Director, Officer, Vice Chairman",1,1,,Vice Chairman,SEC EDGAR
ORCL|0001341439-26-000064|nonDerivative|2026-06-24|HENLEY JEFFREY|S|Common Stock|16809|162.176|D,2026-07-01 04:49:27+0000,ORCL,ORACLE CORP,0001341439,4,2026-06-26,2026-06-24,0001341439-26-000064,https://www.sec.gov/Archives/edgar/data/1341439/000134143926000064/form4.xml,nonDerivative,2026-06-24,S,Common Stock,16809,162.176,2726016.3839999996,56054,D,HENLEY JEFFREY,"Director, Officer, Vice Chairman",1,1,,Vice Chairman,SEC EDGAR
ORCL|0001341439-26-000064|nonDerivative|2026-06-24|HENLEY JEFFREY|S|Common Stock|15122|162.9955|D,2026-07-01 04:49:27+0000,ORCL,ORACLE CORP,0001341439,4,2026-06-26,2026-06-24,0001341439-26-000064,https://www.sec.gov/Archives/edgar/data/1341439/000134143926000064/form4.xml,nonDerivative,2026-06-24,S,Common Stock,15122,162.9955,2464817.951,40932,D,HENLEY JEFFREY,"Director, Officer, Vice Chairman",1,1,,Vice Chairman,SEC EDGAR
ORCL|0001341439-26-000064|nonDerivative|2026-06-24|HENLEY JEFFREY|S|Common Stock|26603|163.9994|D,2026-07-01 04:49:27+0000,ORCL,ORACLE CORP,0001341439,4,2026-06-26,2026-06-24,0001341439-26-000064,https://www.sec.gov/Archives/edgar/data/1341439/000134143926000064/form4.xml,nonDerivative,2026-06-24,S,Common Stock,26603,163.9994,4362876.0382,14329,D,HENLEY JEFFREY,"Director, Officer, Vice Chairman",1,1,,Vice Chairman,SEC EDGAR
ORCL|0001341439-26-000064|nonDerivative|2026-06-24|HENLEY JEFFREY|S|Common Stock|13529|164.9137|D,2026-07-01 04:49:27+0000,ORCL,ORACLE CORP,0001341439,4,2026-06-26,2026-06-24,0001341439-26-000064,https://www.sec.gov/Archives/edgar/data/1341439/000134143926000064/form4.xml,nonDerivative,2026-06-24,S,Common Stock,13529,164.9137,2231117.4473,800,D,HENLEY JEFFREY,"Director, Officer, Vice Chairman",1,1,,Vice Chairman,SEC EDGAR
ORCL|0001341439-26-000064|nonDerivative|2026-06-24|HENLEY JEFFREY|S|Common Stock|800|165.57|D,2026-07-01 04:49:27+0000,ORCL,ORACLE CORP,0001341439,4,2026-06-26,2026-06-24,0001341439-26-000064,https://www.sec.gov/Archives/edgar/data/1341439/000134143926000064/form4.xml,nonDerivative,2026-06-24,S,Common Stock,800,165.57,132456.0,0,D,HENLEY JEFFREY,"Director, Officer, Vice Chairman",1,1,,Vice Chairman,SEC EDGAR
ORCL|0001341439-26-000064|derivative|2026-06-24|HENLEY JEFFREY|M|Stock Option|400000|0|D,2026-07-01 04:49:27+0000,ORCL,ORACLE CORP,0001341439,4,2026-06-26,2026-06-24,0001341439-26-000064,https://www.sec.gov/Archives/edgar/data/1341439/000134143926000064/form4.xml,derivative,2026-06-24,M,Stock Option,400000,0,0.0,0,D,HENLEY JEFFREY,"Director, Officer, Vice Chairman",1,1,,Vice Chairman,SEC EDGAR
KR|0001392133-26-000006|nonDerivative|2026-06-25|Butier Mitchell R|A|Common Stock|289|0|D,2026-07-01 04:49:27+0000,KR,KROGER CO,0000056873,4,2026-06-26,2026-06-25,0001392133-26-000006,https://www.sec.gov/Archives/edgar/data/56873/000139213326000006/ownership.xml,nonDerivative,2026-06-25,A,Common Stock,289,0,0.0,289,D,Butier Mitchell R,,true,false,false,,SEC EDGAR
JPM|0001225208-26-006218|derivative|2026-06-24|Rohrbaugh Troy L|A|Restricted Stock Units|90321.0000|0.0000|D,2026-07-01 04:49:27+0000,JPM,JPMORGAN CHASE & CO,0000019617,4,2026-06-26,2026-06-24,0001225208-26-006218,https://www.sec.gov/Archives/edgar/data/19617/000122520826006218/doc4.xml,derivative,2026-06-24,A,Restricted Stock Units,90321.0000,0.0000,0.0,90321.0000,D,Rohrbaugh Troy L,"Officer, Co-President; CEO CCB",,1,,Co-President; CEO CCB,SEC EDGAR
JPM|0001225208-26-006219|derivative|2026-06-24|Piepszak Jennifer|A|Restricted Stock Units|60214.0000|0.0000|D,2026-07-01 04:49:27+0000,JPM,JPMORGAN CHASE & CO,0000019617,4,2026-06-26,2026-06-24,0001225208-26-006219,https://www.sec.gov/Archives/edgar/data/19617/000122520826006219/doc4.xml,derivative,2026-06-24,A,Restricted Stock Units,60214.0000,0.0000,0.0,60214.0000,D,Piepszak Jennifer,"Officer, Chief Operating Officer",,1,,Chief Operating Officer,SEC EDGAR
JPM|0001225208-26-006217|derivative|2026-06-24|Petno Douglas B|A|Restricted Stock Units|90321.0000|0.0000|D,2026-07-01 04:49:27+0000,JPM,JPMORGAN CHASE & CO,0000019617,4,2026-06-26,2026-06-24,0001225208-26-006217,https://www.sec.gov/Archives/edgar/data/19617/000122520826006217/doc4.xml,derivative,2026-06-24,A,Restricted Stock Units,90321.0000,0.0000,0.0,90321.0000,D,Petno Douglas B,"Officer, Co-President; CEO CIB",,1,,Co-President; CEO CIB,SEC EDGAR
JPM|0001225208-26-006216|derivative|2026-06-24|Erdoes Mary E.|A|Restricted Stock Units|60214.0000|0.0000|D,2026-07-01 04:49:27+0000,JPM,JPMORGAN CHASE & CO,0000019617,4,2026-06-26,2026-06-24,0001225208-26-006216,https://www.sec.gov/Archives/edgar/data/19617/000122520826006216/doc4.xml,derivative,2026-06-24,A,Restricted Stock Units,60214.0000,0.0000,0.0,60214.0000,D,Erdoes Mary E.,"Officer, CEO Asset & Wealth Management",,1,,CEO Asset & Wealth Management,SEC EDGAR
HBAN|0001225208-26-006220|nonDerivative|2026-06-25|Hingst Marcy C|S|Common Stock|10568.0000|18.0000|D,2026-07-01 04:49:27+0000,HBAN,HUNTINGTON BANCSHARES INC /MD/,0000049196,4,2026-06-26,2026-06-25,0001225208-26-006220,https://www.sec.gov/Archives/edgar/data/49196/000122520826006220/doc4.xml,nonDerivative,2026-06-25,S,Common Stock,10568.0000,18.0000,190224.0,267859.1940,D,Hingst Marcy C,"Officer, SEVP and General Counsel",,1,,SEVP and General Counsel,SEC EDGAR
GPC|0001977031-26-000007|nonDerivative|2026-06-26|Galla Christopher T|S|Common Stock|2333|115|D,2026-07-01 04:49:27+0000,GPC,GENUINE PARTS CO,0000040987,4,2026-06-26,2026-06-26,0001977031-26-000007,https://www.sec.gov/Archives/edgar/data/40987/000197703126000007/wk-form4_1782501247.xml,nonDerivative,2026-06-26,S,Common Stock,2333,115,268295.0,21969,D,Galla Christopher T,"Officer, SVP, GC, and Corp. Secretary",0,1,0,"SVP, GC, and Corp. Secretary",SEC EDGAR
GL|0000320335-26-000192|nonDerivative|2026-06-25|Alston Cheryl|M|Common Stock|14017|105.56|D,2026-07-01 04:49:27+0000,GL,GLOBE LIFE INC.,0000320335,4,2026-06-26,2026-06-25,0000320335-26-000192,https://www.sec.gov/Archives/edgar/data/320335/000032033526000192/form4.xml,nonDerivative,2026-06-25,M,Common Stock,14017,105.56,1479634.52,24879.037,D,Alston Cheryl,Director,1,0,0,,SEC EDGAR
GL|0000320335-26-000192|nonDerivative|2026-06-25|Alston Cheryl|S|Common Stock|2750|177.5608|D,2026-07-01 04:49:27+0000,GL,GLOBE LIFE INC.,0000320335,4,2026-06-26,2026-06-25,0000320335-26-000192,https://www.sec.gov/Archives/edgar/data/320335/000032033526000192/form4.xml,nonDerivative,2026-06-25,S,Common Stock,2750,177.5608,488292.2,22129.037,D,Alston Cheryl,Director,1,0,0,,SEC EDGAR
GL|0000320335-26-000192|nonDerivative|2026-06-25|Alston Cheryl|S|Common Stock|1010|178.7097|D,2026-07-01 04:49:27+0000,GL,GLOBE LIFE INC.,0000320335,4,2026-06-26,2026-06-25,0000320335-26-000192,https://www.sec.gov/Archives/edgar/data/320335/000032033526000192/form4.xml,nonDerivative,2026-06-25,S,Common Stock,1010,178.7097,180496.797,21119.037,D,Alston Cheryl,Director,1,0,0,,SEC EDGAR
GL|0000320335-26-000192|nonDerivative|2026-06-25|Alston Cheryl|S|Common Stock|1934|180.1260|D,2026-07-01 04:49:27+0000,GL,GLOBE LIFE INC.,0000320335,4,2026-06-26,2026-06-25,0000320335-26-000192,https://www.sec.gov/Archives/edgar/data/320335/000032033526000192/form4.xml,nonDerivative,2026-06-25,S,Common Stock,1934,180.1260,348363.684,19185.037,D,Alston Cheryl,Director,1,0,0,,SEC EDGAR
GL|0000320335-26-000192|nonDerivative|2026-06-25|Alston Cheryl|S|Common Stock|2564|180.57|D,2026-07-01 04:49:27+0000,GL,GLOBE LIFE INC.,0000320335,4,2026-06-26,2026-06-25,0000320335-26-000192,https://www.sec.gov/Archives/edgar/data/320335/000032033526000192/form4.xml,nonDerivative,2026-06-25,S,Common Stock,2564,180.57,462981.48,16621.037,D,Alston Cheryl,Director,1,0,0,,SEC EDGAR
GL|0000320335-26-000192|derivative|2026-06-25|Alston Cheryl|M|Director Stock Option (Right to Buy)|14017|0|D,2026-07-01 04:49:27+0000,GL,GLOBE LIFE INC.,0000320335,4,2026-06-26,2026-06-25,0000320335-26-000192,https://www.sec.gov/Archives/edgar/data/320335/000032033526000192/form4.xml,derivative,2026-06-25,M,Director Stock Option (Right to Buy),14017,0,0.0,0,D,Alston Cheryl,Director,1,0,0,,SEC EDGAR
FIX|0001207002-26-000011|nonDerivative|2026-06-24|MYERS FRANKLIN|S|Common Stock|6700|1954.47|D,2026-07-01 04:49:27+0000,FIX,COMFORT SYSTEMS USA INC,0001035983,4,2026-06-26,2026-06-24,0001207002-26-000011,https://www.sec.gov/Archives/edgar/data/1035983/000120700226000011/form4-06262026_080601.xml,nonDerivative,2026-06-24,S,Common Stock,6700,1954.47,13094949.0,62115,D,MYERS FRANKLIN,,true,false,false,,SEC EDGAR
FDX|0001048911-26-000072|nonDerivative|2026-06-25|Talwar Vishal|A|Common Stock|4734|0|D,2026-07-01 04:49:27+0000,FDX,FEDEX CORP,0001048911,4,2026-06-26,2026-06-25,0001048911-26-000072,https://www.sec.gov/Archives/edgar/data/1048911/000104891126000072/form4.xml,nonDerivative,2026-06-25,A,Common Stock,4734,0,0.0,14036,D,Talwar Vishal,"Officer, EVP CDIO & PRESIDENT FDW",,1,,EVP CDIO & PRESIDENT FDW,SEC EDGAR
FDX|0001048911-26-000072|derivative|2026-06-25|Talwar Vishal|A|Non-qualified Stock Option (Right to Buy)|3567|0|D,2026-07-01 04:49:27+0000,FDX,FEDEX CORP,0001048911,4,2026-06-26,2026-06-25,0001048911-26-000072,https://www.sec.gov/Archives/edgar/data/1048911/000104891126000072/form4.xml,derivative,2026-06-25,A,Non-qualified Stock Option (Right to Buy),3567,0,0.0,3567,D,Talwar Vishal,"Officer, EVP CDIO & PRESIDENT FDW",,1,,EVP CDIO & PRESIDENT FDW,SEC EDGAR
FDX|0001048911-26-000070|nonDerivative|2026-06-25|Subramaniam Rajesh|A|Common Stock|14591|0|D,2026-07-01 04:49:27+0000,FDX,FEDEX CORP,0001048911,4,2026-06-26,2026-06-25,0001048911-26-000070,https://www.sec.gov/Archives/edgar/data/1048911/000104891126000070/form4.xml,nonDerivative,2026-06-25,A,Common Stock,14591,0,0.0,105683,D,Subramaniam Rajesh,"Director, Officer, President/CEO",1,1,,President/CEO,SEC EDGAR
FDX|0001048911-26-000070|derivative|2026-06-25|Subramaniam Rajesh|A|Non-qualified Stock Option (Right to Buy)|10999|0|D,2026-07-01 04:49:27+0000,FDX,FEDEX CORP,0001048911,4,2026-06-26,2026-06-25,0001048911-26-000070,https://www.sec.gov/Archives/edgar/data/1048911/000104891126000070/form4.xml,derivative,2026-06-25,A,Non-qualified Stock Option (Right to Buy),10999,0,0.0,10999,D,Subramaniam Rajesh,"Director, Officer, President/CEO",1,1,,President/CEO,SEC EDGAR
FDX|0001048911-26-000068|nonDerivative|2026-06-25|Smith Richard W|A|Common Stock|4734|0|D,2026-07-01 04:49:27+0000,FDX,FEDEX CORP,0001048911,4,2026-06-26,2026-06-25,0001048911-26-000068,https://www.sec.gov/Archives/edgar/data/1048911/000104891126000068/form4.xml,nonDerivative,2026-06-25,A,Common Stock,4734,0,0.0,113629,D,Smith Richard W,"Director, Officer, COO INTL - CEO Airline FEC",1,1,,COO INTL - CEO Airline FEC,SEC EDGAR
FDX|0001048911-26-000068|derivative|2026-06-25|Smith Richard W|A|Non-qualified Stock Option (Right to Buy)|3567|0|D,2026-07-01 04:49:27+0000,FDX,FEDEX CORP,0001048911,4,2026-06-26,2026-06-25,0001048911-26-000068,https://www.sec.gov/Archives/edgar/data/1048911/000104891126000068/form4.xml,derivative,2026-06-25,A,Non-qualified Stock Option (Right to Buy),3567,0,0.0,3567,D,Smith Richard W,"Director, Officer, COO INTL - CEO Airline FEC",1,1,,COO INTL - CEO Airline FEC,SEC EDGAR
FDX|0001048911-26-000066|nonDerivative|2026-06-25|Russ Claude F|A|Common Stock|1635|0|D,2026-07-01 04:49:27+0000,FDX,FEDEX CORP,0001048911,4,2026-06-26,2026-06-25,0001048911-26-000066,https://www.sec.gov/Archives/edgar/data/1048911/000104891126000066/form4.xml,nonDerivative,2026-06-25,A,Common Stock,1635,0,0.0,5177,D,Russ Claude F,"Officer, Interim CFO & Interim CAO",,1,,Interim CFO & Interim CAO,SEC EDGAR
FDX|0001048911-26-000066|derivative|2026-06-25|Russ Claude F|A|Non-qualified Stock Option (Right to Buy)|792|0|D,2026-07-01 04:49:27+0000,FDX,FEDEX CORP,0001048911,4,2026-06-26,2026-06-25,0001048911-26-000066,https://www.sec.gov/Archives/edgar/data/1048911/000104891126000066/form4.xml,derivative,2026-06-25,A,Non-qualified Stock Option (Right to Buy),792,0,0.0,792,D,Russ Claude F,"Officer, Interim CFO & Interim CAO",,1,,Interim CFO & Interim CAO,SEC EDGAR
FDX|0001048911-26-000064|nonDerivative|2026-06-25|Ray Scott L|A|Common Stock|4734|0|D,2026-07-01 04:49:27+0000,FDX,FEDEX CORP,0001048911,4,2026-06-26,2026-06-25,0001048911-26-000064,https://www.sec.gov/Archives/edgar/data/1048911/000104891126000064/form4.xml,nonDerivative,2026-06-25,A,Common Stock,4734,0,0.0,19376,D,Ray Scott L,"Officer, COO, U.S. & CANADA",,1,,"COO, U.S. & CANADA",SEC EDGAR
FDX|0001048911-26-000064|derivative|2026-06-25|Ray Scott L|A|Non-qualified Stock Option (Right to Buy)|3567|0|D,2026-07-01 04:49:27+0000,FDX,FEDEX CORP,0001048911,4,2026-06-26,2026-06-25,0001048911-26-000064,https://www.sec.gov/Archives/edgar/data/1048911/000104891126000064/form4.xml,derivative,2026-06-25,A,Non-qualified Stock Option (Right to Buy),3567,0,0.0,3567,D,Ray Scott L,"Officer, COO, U.S. & CANADA",,1,,"COO, U.S. & CANADA",SEC EDGAR
FDX|0001048911-26-000062|nonDerivative|2026-06-25|Preet Kawal|A|Common Stock|4734|0|D,2026-07-01 04:49:27+0000,FDX,FEDEX CORP,0001048911,4,2026-06-26,2026-06-25,0001048911-26-000062,https://www.sec.gov/Archives/edgar/data/1048911/000104891126000062/form4.xml,nonDerivative,2026-06-25,A,Common Stock,4734,0,0.0,15687,D,Preet Kawal,"Officer, EVP - Plng, Eng, & Transfmtn",,1,,"EVP - Plng, Eng, & Transfmtn",SEC EDGAR
FDX|0001048911-26-000062|derivative|2026-06-25|Preet Kawal|A|Non-qualified Stock Option (Right to Buy)|3567|0|D,2026-07-01 04:49:27+0000,FDX,FEDEX CORP,0001048911,4,2026-06-26,2026-06-25,0001048911-26-000062,https://www.sec.gov/Archives/edgar/data/1048911/000104891126000062/form4.xml,derivative,2026-06-25,A,Non-qualified Stock Option (Right to Buy),3567,0,0.0,3567,D,Preet Kawal,"Officer, EVP - Plng, Eng, & Transfmtn",,1,,"EVP - Plng, Eng, & Transfmtn",SEC EDGAR
FDX|0001048911-26-000060|nonDerivative|2026-06-25|MARTIN R BRAD|A|Common Stock|8711|0|D,2026-07-01 04:49:27+0000,FDX,FEDEX CORP,0001048911,4,2026-06-26,2026-06-25,0001048911-26-000060,https://www.sec.gov/Archives/edgar/data/1048911/000104891126000060/form4.xml,nonDerivative,2026-06-25,A,Common Stock,8711,0,0.0,49550,D,MARTIN R BRAD,"Director, Officer, Executive Chairman",1,1,,Executive Chairman,SEC EDGAR
FDX|0001048911-26-000058|nonDerivative|2026-06-25|EDMUNDS MARK A|A|Common Stock|187|0|D,2026-07-01 04:49:27+0000,FDX,FEDEX CORP,0001048911,4,2026-06-26,2026-06-25,0001048911-26-000058,https://www.sec.gov/Archives/edgar/data/1048911/000104891126000058/form4.xml,nonDerivative,2026-06-25,A,Common Stock,187,0,0.0,187,D,EDMUNDS MARK A,Director,1,,,,SEC EDGAR
FDX|0001048911-26-000056|nonDerivative|2026-06-25|Carere Brie|A|Common Stock|4734|0|D,2026-07-01 04:49:27+0000,FDX,FEDEX CORP,0001048911,4,2026-06-26,2026-06-25,0001048911-26-000056,https://www.sec.gov/Archives/edgar/data/1048911/000104891126000056/form4.xml,nonDerivative,2026-06-25,A,Common Stock,4734,0,0.0,28296,D,Carere Brie,"Officer, EVP/Chief Customer Officer",,1,,EVP/Chief Customer Officer,SEC EDGAR
FDX|0001048911-26-000056|derivative|2026-06-25|Carere Brie|A|Non-qualified Stock Option (Right to Buy)|3567|0|D,2026-07-01 04:49:27+0000,FDX,FEDEX CORP,0001048911,4,2026-06-26,2026-06-25,0001048911-26-000056,https://www.sec.gov/Archives/edgar/data/1048911/000104891126000056/form4.xml,derivative,2026-06-25,A,Non-qualified Stock Option (Right to Buy),3567,0,0.0,3567,D,Carere Brie,"Officer, EVP/Chief Customer Officer",,1,,EVP/Chief Customer Officer,SEC EDGAR
FDX|0001048911-26-000054|nonDerivative|2026-06-25|Brightman Tracy B|A|Common Stock|4734|0|D,2026-07-01 04:49:27+0000,FDX,FEDEX CORP,0001048911,4,2026-06-26,2026-06-25,0001048911-26-000054,https://www.sec.gov/Archives/edgar/data/1048911/000104891126000054/form4.xml,nonDerivative,2026-06-25,A,Common Stock,4734,0,0.0,15786,D,Brightman Tracy B,"Officer, EVP - Chief People Officer",,1,,EVP - Chief People Officer,SEC EDGAR
FDX|0001048911-26-000054|derivative|2026-06-25|Brightman Tracy B|A|Non-qualified Stock Option (Right to Buy)|3567|0|D,2026-07-01 04:49:27+0000,FDX,FEDEX CORP,0001048911,4,2026-06-26,2026-06-25,0001048911-26-000054,https://www.sec.gov/Archives/edgar/data/1048911/000104891126000054/form4.xml,derivative,2026-06-25,A,Non-qualified Stock Option (Right to Buy),3567,0,0.0,3567,D,Brightman Tracy B,"Officer, EVP - Chief People Officer",,1,,EVP - Chief People Officer,SEC EDGAR
FDX|0001048911-26-000052|nonDerivative|2026-06-25|ADAMS GINA F.|A|Common Stock|4734|0|D,2026-07-01 04:49:27+0000,FDX,FEDEX CORP,0001048911,4,2026-06-26,2026-06-25,0001048911-26-000052,https://www.sec.gov/Archives/edgar/data/1048911/000104891126000052/form4.xml,nonDerivative,2026-06-25,A,Common Stock,4734,0,0.0,24137,D,ADAMS GINA F.,"Officer, EVP GENL COUNSEL/SECTY",,1,,EVP GENL COUNSEL/SECTY,SEC EDGAR
FDX|0001048911-26-000052|derivative|2026-06-25|ADAMS GINA F.|A|Non-qualified Stock Option (Right to Buy)|3567|0|D,2026-07-01 04:49:27+0000,FDX,FEDEX CORP,0001048911,4,2026-06-26,2026-06-25,0001048911-26-000052,https://www.sec.gov/Archives/edgar/data/1048911/000104891126000052/form4.xml,derivative,2026-06-25,A,Non-qualified Stock Option (Right to Buy),3567,0,0.0,3567,D,ADAMS GINA F.,"Officer, EVP GENL COUNSEL/SECTY",,1,,EVP GENL COUNSEL/SECTY,SEC EDGAR
ETR|0000065984-26-000273|nonDerivative|2026-06-25|COOK-NELSON KIMBERLY|S|Common Stock|5000|115.00|D,2026-07-01 04:49:27+0000,ETR,ENTERGY CORP /DE/,0000065984,4,2026-06-26,2026-06-25,0000065984-26-000273,https://www.sec.gov/Archives/edgar/data/65984/000006598426000273/form4.xml,nonDerivative,2026-06-25,S,Common Stock,5000,115.00,575000.0,30770,D,COOK-NELSON KIMBERLY,"Officer, EVP & Chief Operating Officer",,1,,EVP & Chief Operating Officer,SEC EDGAR
DASH|0001832390-26-000013|nonDerivative|2026-06-24|Fang Andy|J|Class A Common Stock|5000|0|I,2026-07-01 04:49:27+0000,DASH,"DoorDash, Inc.",0001792789,4,2026-06-26,2026-06-24,0001832390-26-000013,https://www.sec.gov/Archives/edgar/data/1792789/000183239026000013/form4-06262026_040601.xml,nonDerivative,2026-06-24,J,Class A Common Stock,5000,0,0.0,5000,I,Fang Andy,,true,false,false,,SEC EDGAR
DASH|0001832390-26-000013|nonDerivative|2026-06-24|Fang Andy|S|Class A Common Stock|5000|180|I,2026-07-01 04:49:27+0000,DASH,"DoorDash, Inc.",0001792789,4,2026-06-26,2026-06-24,0001832390-26-000013,https://www.sec.gov/Archives/edgar/data/1792789/000183239026000013/form4-06262026_040601.xml,nonDerivative,2026-06-24,S,Class A Common Stock,5000,180,900000.0,0,I,Fang Andy,,true,false,false,,SEC EDGAR
DASH|0001832390-26-000013|derivative|2026-06-24|Fang Andy|J|Class B Common Stock|5000|0|I,2026-07-01 04:49:27+0000,DASH,"DoorDash, Inc.",0001792789,4,2026-06-26,2026-06-24,0001832390-26-000013,https://www.sec.gov/Archives/edgar/data/1792789/000183239026000013/form4-06262026_040601.xml,derivative,2026-06-24,J,Class B Common Stock,5000,0,0.0,5704604,I,Fang Andy,,true,false,false,,SEC EDGAR
CIEN|0002080157-26-000004|nonDerivative|2026-06-24|Graff Marc D.|S|Common Stock|126|449.36|D,2026-07-01 04:49:27+0000,CIEN,CIENA CORP,0000936395,4,2026-06-26,2026-06-24,0002080157-26-000004,https://www.sec.gov/Archives/edgar/data/936395/000208015726000004/edgardoc.xml,nonDerivative,2026-06-24,S,Common Stock,126,449.36,56619.36,127081,D,Graff Marc D.,"Officer, SVP & Chief Financial Officer",0,1,0,SVP & Chief Financial Officer,SEC EDGAR
CHD|0001012975-26-000583|nonDerivative|2026-06-25|Raup Charles R|F|Common Stock|853|98.15|D,2026-07-01 04:49:27+0000,CHD,CHURCH & DWIGHT CO INC /DE/,0000313927,4,2026-06-26,2026-06-25,0001012975-26-000583,https://www.sec.gov/Archives/edgar/data/313927/000101297526000583/form4.xml,nonDerivative,2026-06-25,F,Common Stock,853,98.15,83721.95000000001,9847,D,Raup Charles R,"Officer, President US  Domestic",0,1,0,President US  Domestic,SEC EDGAR
BDX|0001628280-26-045864|nonDerivative|2026-06-26|Feld Michael|S|Common Stock|75|152.80|D,2026-07-01 04:49:27+0000,BDX,BECTON DICKINSON & CO,0000010795,4,2026-06-26,2026-06-26,0001628280-26-045864,https://www.sec.gov/Archives/edgar/data/10795/000162828026045864/wk-form4_1782521257.xml,nonDerivative,2026-06-26,S,Common Stock,75,152.80,11460.0,21009,D,Feld Michael,"Officer, EVP, Chief Revenue Officer",0,1,0,"EVP, Chief Revenue Officer",SEC EDGAR
BBY|0001225208-26-006212|nonDerivative|2026-06-25|SCHULZE RICHARD M|S|Common Stock|193896.0000|78.1321|I,2026-07-01 04:49:27+0000,BBY,BEST BUY CO INC,0000764478,4,2026-06-26,2026-06-25,0001225208-26-006212,https://www.sec.gov/Archives/edgar/data/764478/000122520826006212/doc4.xml,nonDerivative,2026-06-25,S,Common Stock,193896.0000,78.1321,15149501.6616,10655641.0000,I,SCHULZE RICHARD M,,,,,,SEC EDGAR
BBY|0001225208-26-006212|nonDerivative|2026-06-26|SCHULZE RICHARD M|S|Common Stock|224705.0000|78.1041|I,2026-07-01 04:49:27+0000,BBY,BEST BUY CO INC,0000764478,4,2026-06-26,2026-06-25,0001225208-26-006212,https://www.sec.gov/Archives/edgar/data/764478/000122520826006212/doc4.xml,nonDerivative,2026-06-26,S,Common Stock,224705.0000,78.1041,17550381.7905,10430936.0000,I,SCHULZE RICHARD M,,,,,,SEC EDGAR
"AVGO|0001104659-26-078348|nonDerivative|2026-06-17|SAMUELI HENRY|G|Common Stock, $0.001 par value|1602|0|D",2026-07-01 04:49:27+0000,AVGO,Broadcom Inc.,0001730168,4,2026-06-26,2026-06-17,0001104659-26-078348,https://www.sec.gov/Archives/edgar/data/1730168/000110465926078348/tm2619044-1_4seq1.xml,nonDerivative,2026-06-17,G,"Common Stock, $0.001 par value",1602,0,0.0,2754,D,SAMUELI HENRY,Director,1,0,0,,SEC EDGAR
"AVGO|0001104659-26-078348|nonDerivative|2026-06-17|SAMUELI HENRY|G|Common Stock, $0.001 par value|1602|0|I",2026-07-01 04:49:27+0000,AVGO,Broadcom Inc.,0001730168,4,2026-06-26,2026-06-17,0001104659-26-078348,https://www.sec.gov/Archives/edgar/data/1730168/000110465926078348/tm2619044-1_4seq1.xml,nonDerivative,2026-06-17,G,"Common Stock, $0.001 par value",1602,0,0.0,30560086,I,SAMUELI HENRY,Director,1,0,0,,SEC EDGAR
"AVGO|0001104659-26-078348|nonDerivative|2026-06-18|SAMUELI HENRY|G|Common Stock, $0.001 par value|1890|0|D",2026-07-01 04:49:27+0000,AVGO,Broadcom Inc.,0001730168,4,2026-06-26,2026-06-17,0001104659-26-078348,https://www.sec.gov/Archives/edgar/data/1730168/000110465926078348/tm2619044-1_4seq1.xml,nonDerivative,2026-06-18,G,"Common Stock, $0.001 par value",1890,0,0.0,864,D,SAMUELI HENRY,Director,1,0,0,,SEC EDGAR
"AVGO|0001104659-26-078348|nonDerivative|2026-06-18|SAMUELI HENRY|G|Common Stock, $0.001 par value|1890|0|I",2026-07-01 04:49:27+0000,AVGO,Broadcom Inc.,0001730168,4,2026-06-26,2026-06-17,0001104659-26-078348,https://www.sec.gov/Archives/edgar/data/1730168/000110465926078348/tm2619044-1_4seq1.xml,nonDerivative,2026-06-18,G,"Common Stock, $0.001 par value",1890,0,0.0,30561976,I,SAMUELI HENRY,Director,1,0,0,,SEC EDGAR
"AVGO|0001104659-26-078348|nonDerivative|2026-06-24|SAMUELI HENRY|S|Common Stock, $0.001 par value|23253|377.61|I",2026-07-01 04:49:27+0000,AVGO,Broadcom Inc.,0001730168,4,2026-06-26,2026-06-17,0001104659-26-078348,https://www.sec.gov/Archives/edgar/data/1730168/000110465926078348/tm2619044-1_4seq1.xml,nonDerivative,2026-06-24,S,"Common Stock, $0.001 par value",23253,377.61,8780565.33,36901123,I,SAMUELI HENRY,Director,1,0,0,,SEC EDGAR
"AVGO|0001104659-26-078348|nonDerivative|2026-06-24|SAMUELI HENRY|S|Common Stock, $0.001 par value|33346|378.51|I",2026-07-01 04:49:27+0000,AVGO,Broadcom Inc.,0001730168,4,2026-06-26,2026-06-17,0001104659-26-078348,https://www.sec.gov/Archives/edgar/data/1730168/000110465926078348/tm2619044-1_4seq1.xml,nonDerivative,2026-06-24,S,"Common Stock, $0.001 par value",33346,378.51,12621794.459999999,36867777,I,SAMUELI HENRY,Director,1,0,0,,SEC EDGAR
"AVGO|0001104659-26-078348|nonDerivative|2026-06-24|SAMUELI HENRY|S|Common Stock, $0.001 par value|30911|379.76|I",2026-07-01 04:49:27+0000,AVGO,Broadcom Inc.,0001730168,4,2026-06-26,2026-06-17,0001104659-26-078348,https://www.sec.gov/Archives/edgar/data/1730168/000110465926078348/tm2619044-1_4seq1.xml,nonDerivative,2026-06-24,S,"Common Stock, $0.001 par value",30911,379.76,11738761.36,36836866,I,SAMUELI HENRY,Director,1,0,0,,SEC EDGAR
"AVGO|0001104659-26-078348|nonDerivative|2026-06-24|SAMUELI HENRY|S|Common Stock, $0.001 par value|48996|380.57|I",2026-07-01 04:49:27+0000,AVGO,Broadcom Inc.,0001730168,4,2026-06-26,2026-06-17,0001104659-26-078348,https://www.sec.gov/Archives/edgar/data/1730168/000110465926078348/tm2619044-1_4seq1.xml,nonDerivative,2026-06-24,S,"Common Stock, $0.001 par value",48996,380.57,18646407.72,36787870,I,SAMUELI HENRY,Director,1,0,0,,SEC EDGAR
"AVGO|0001104659-26-078348|nonDerivative|2026-06-24|SAMUELI HENRY|S|Common Stock, $0.001 par value|36661|381.68|I",2026-07-01 04:49:27+0000,AVGO,Broadcom Inc.,0001730168,4,2026-06-26,2026-06-17,0001104659-26-078348,https://www.sec.gov/Archives/edgar/data/1730168/000110465926078348/tm2619044-1_4seq1.xml,nonDerivative,2026-06-24,S,"Common Stock, $0.001 par value",36661,381.68,13992770.48,36751209,I,SAMUELI HENRY,Director,1,0,0,,SEC EDGAR
"AVGO|0001104659-26-078348|nonDerivative|2026-06-24|SAMUELI HENRY|S|Common Stock, $0.001 par value|26889|382.63|I",2026-07-01 04:49:27+0000,AVGO,Broadcom Inc.,0001730168,4,2026-06-26,2026-06-17,0001104659-26-078348,https://www.sec.gov/Archives/edgar/data/1730168/000110465926078348/tm2619044-1_4seq1.xml,nonDerivative,2026-06-24,S,"Common Stock, $0.001 par value",26889,382.63,10288538.07,36724320,I,SAMUELI HENRY,Director,1,0,0,,SEC EDGAR
"AVGO|0001104659-26-078348|nonDerivative|2026-06-24|SAMUELI HENRY|S|Common Stock, $0.001 par value|36188|383.69|I",2026-07-01 04:49:27+0000,AVGO,Broadcom Inc.,0001730168,4,2026-06-26,2026-06-17,0001104659-26-078348,https://www.sec.gov/Archives/edgar/data/1730168/000110465926078348/tm2619044-1_4seq1.xml,nonDerivative,2026-06-24,S,"Common Stock, $0.001 par value",36188,383.69,13884973.72,36688132,I,SAMUELI HENRY,Director,1,0,0,,SEC EDGAR
"AVGO|0001104659-26-078348|nonDerivative|2026-06-24|SAMUELI HENRY|S|Common Stock, $0.001 par value|43302|384.58|I",2026-07-01 04:49:27+0000,AVGO,Broadcom Inc.,0001730168,4,2026-06-26,2026-06-17,0001104659-26-078348,https://www.sec.gov/Archives/edgar/data/1730168/000110465926078348/tm2619044-1_4seq1.xml,nonDerivative,2026-06-24,S,"Common Stock, $0.001 par value",43302,384.58,16653083.16,36644830,I,SAMUELI HENRY,Director,1,0,0,,SEC EDGAR
"AVGO|0001104659-26-078348|nonDerivative|2026-06-24|SAMUELI HENRY|S|Common Stock, $0.001 par value|53722|385.57|I",2026-07-01 04:49:27+0000,AVGO,Broadcom Inc.,0001730168,4,2026-06-26,2026-06-17,0001104659-26-078348,https://www.sec.gov/Archives/edgar/data/1730168/000110465926078348/tm2619044-1_4seq1.xml,nonDerivative,2026-06-24,S,"Common Stock, $0.001 par value",53722,385.57,20713591.54,36591108,I,SAMUELI HENRY,Director,1,0,0,,SEC EDGAR
"AVGO|0001104659-26-078348|nonDerivative|2026-06-24|SAMUELI HENRY|S|Common Stock, $0.001 par value|6280|386.39|I",2026-07-01 04:49:27+0000,AVGO,Broadcom Inc.,0001730168,4,2026-06-26,2026-06-17,0001104659-26-078348,https://www.sec.gov/Archives/edgar/data/1730168/000110465926078348/tm2619044-1_4seq1.xml,nonDerivative,2026-06-24,S,"Common Stock, $0.001 par value",6280,386.39,2426529.1999999997,36584828,I,SAMUELI HENRY,Director,1,0,0,,SEC EDGAR
"AVGO|0001104659-26-078348|nonDerivative|2026-06-24|SAMUELI HENRY|S|Common Stock, $0.001 par value|660|388.01|I",2026-07-01 04:49:27+0000,AVGO,Broadcom Inc.,0001730168,4,2026-06-26,2026-06-17,0001104659-26-078348,https://www.sec.gov/Archives/edgar/data/1730168/000110465926078348/tm2619044-1_4seq1.xml,nonDerivative,2026-06-24,S,"Common Stock, $0.001 par value",660,388.01,256086.6,36584168,I,SAMUELI HENRY,Director,1,0,0,,SEC EDGAR
"AVGO|0001104659-26-078348|nonDerivative|2026-06-24|SAMUELI HENRY|G|Common Stock, $0.001 par value|69498|0|I",2026-07-01 04:49:27+0000,AVGO,Broadcom Inc.,0001730168,4,2026-06-26,2026-06-17,0001104659-26-078348,https://www.sec.gov/Archives/edgar/data/1730168/000110465926078348/tm2619044-1_4seq1.xml,nonDerivative,2026-06-24,G,"Common Stock, $0.001 par value",69498,0,0.0,36514670,I,SAMUELI HENRY,Director,1,0,0,,SEC EDGAR
"AVGO|0001104659-26-078348|nonDerivative|2026-06-24|SAMUELI HENRY|S|Common Stock, $0.001 par value|21603|377.64|I",2026-07-01 04:49:27+0000,AVGO,Broadcom Inc.,0001730168,4,2026-06-26,2026-06-17,0001104659-26-078348,https://www.sec.gov/Archives/edgar/data/1730168/000110465926078348/tm2619044-1_4seq1.xml,nonDerivative,2026-06-24,S,"Common Stock, $0.001 par value",21603,377.64,8158156.92,30540373,I,SAMUELI HENRY,Director,1,0,0,,SEC EDGAR
"AVGO|0001104659-26-078348|nonDerivative|2026-06-24|SAMUELI HENRY|S|Common Stock, $0.001 par value|30456|378.50|I",2026-07-01 04:49:27+0000,AVGO,Broadcom Inc.,0001730168,4,2026-06-26,2026-06-17,0001104659-26-078348,https://www.sec.gov/Archives/edgar/data/1730168/000110465926078348/tm2619044-1_4seq1.xml,nonDerivative,2026-06-24,S,"Common Stock, $0.001 par value",30456,378.50,11527596.0,30509917,I,SAMUELI HENRY,Director,1,0,0,,SEC EDGAR
"AVGO|0001104659-26-078348|nonDerivative|2026-06-24|SAMUELI HENRY|S|Common Stock, $0.001 par value|24073|379.69|I",2026-07-01 04:49:27+0000,AVGO,Broadcom Inc.,0001730168,4,2026-06-26,2026-06-17,0001104659-26-078348,https://www.sec.gov/Archives/edgar/data/1730168/000110465926078348/tm2619044-1_4seq1.xml,nonDerivative,2026-06-24,S,"Common Stock, $0.001 par value",24073,379.69,9140277.37,30485844,I,SAMUELI HENRY,Director,1,0,0,,SEC EDGAR
"AVGO|0001104659-26-078348|nonDerivative|2026-06-24|SAMUELI HENRY|S|Common Stock, $0.001 par value|49805|380.57|I",2026-07-01 04:49:27+0000,AVGO,Broadcom Inc.,0001730168,4,2026-06-26,2026-06-17,0001104659-26-078348,https://www.sec.gov/Archives/edgar/data/1730168/000110465926078348/tm2619044-1_4seq1.xml,nonDerivative,2026-06-24,S,"Common Stock, $0.001 par value",49805,380.57,18954288.85,30436039,I,SAMUELI HENRY,Director,1,0,0,,SEC EDGAR
"AVGO|0001104659-26-078348|nonDerivative|2026-06-24|SAMUELI HENRY|S|Common Stock, $0.001 par value|34517|381.67|I",2026-07-01 04:49:27+0000,AVGO,Broadcom Inc.,0001730168,4,2026-06-26,2026-06-17,0001104659-26-078348,https://www.sec.gov/Archives/edgar/data/1730168/000110465926078348/tm2619044-1_4seq1.xml,nonDerivative,2026-06-24,S,"Common Stock, $0.001 par value",34517,381.67,13174103.39,30401522,I,SAMUELI HENRY,Director,1,0,0,,SEC EDGAR
"AVGO|0001104659-26-078348|nonDerivative|2026-06-24|SAMUELI HENRY|S|Common Stock, $0.001 par value|25134|382.62|I",2026-07-01 04:49:27+0000,AVGO,Broadcom Inc.,0001730168,4,2026-06-26,2026-06-17,0001104659-26-078348,https://www.sec.gov/Archives/edgar/data/1730168/000110465926078348/tm2619044-1_4seq1.xml,nonDerivative,2026-06-24,S,"Common Stock, $0.001 par value",25134,382.62,9616771.08,30376388,I,SAMUELI HENRY,Director,1,0,0,,SEC EDGAR
"AVGO|0001104659-26-078348|nonDerivative|2026-06-24|SAMUELI HENRY|S|Common Stock, $0.001 par value|32950|383.69|I",2026-07-01 04:49:27+0000,AVGO,Broadcom Inc.,0001730168,4,2026-06-26,2026-06-17,0001104659-26-078348,https://www.sec.gov/Archives/edgar/data/1730168/000110465926078348/tm2619044-1_4seq1.xml,nonDerivative,2026-06-24,S,"Common Stock, $0.001 par value",32950,383.69,12642585.5,30343438,I,SAMUELI HENRY,Director,1,0,0,,SEC EDGAR
"AVGO|0001104659-26-078348|nonDerivative|2026-06-24|SAMUELI HENRY|S|Common Stock, $0.001 par value|41290|384.63|I",2026-07-01 04:49:27+0000,AVGO,Broadcom Inc.,0001730168,4,2026-06-26,2026-06-17,0001104659-26-078348,https://www.sec.gov/Archives/edgar/data/1730168/000110465926078348/tm2619044-1_4seq1.xml,nonDerivative,2026-06-24,S,"Common Stock, $0.001 par value",41290,384.63,15881372.7,30302148,I,SAMUELI HENRY,Director,1,0,0,,SEC EDGAR
"AVGO|0001104659-26-078348|nonDerivative|2026-06-24|SAMUELI HENRY|S|Common Stock, $0.001 par value|47510|385.61|I",2026-07-01 04:49:27+0000,AVGO,Broadcom Inc.,0001730168,4,2026-06-26,2026-06-17,0001104659-26-078348,https://www.sec.gov/Archives/edgar/data/1730168/000110465926078348/tm2619044-1_4seq1.xml,nonDerivative,2026-06-24,S,"Common Stock, $0.001 par value",47510,385.61,18320331.1,30254638,I,SAMUELI HENRY,Director,1,0,0,,SEC EDGAR
"AVGO|0001104659-26-078348|nonDerivative|2026-06-24|SAMUELI HENRY|S|Common Stock, $0.001 par value|6478|386.39|I",2026-07-01 04:49:27+0000,AVGO,Broadcom Inc.,0001730168,4,2026-06-26,2026-06-17,0001104659-26-078348,https://www.sec.gov/Archives/edgar/data/1730168/000110465926078348/tm2619044-1_4seq1.xml,nonDerivative,2026-06-24,S,"Common Stock, $0.001 par value",6478,386.39,2503034.42,30248160,I,SAMUELI HENRY,Director,1,0,0,,SEC EDGAR
"AVGO|0001104659-26-078348|nonDerivative|2026-06-24|SAMUELI HENRY|S|Common Stock, $0.001 par value|217|388.17|I",2026-07-01 04:49:27+0000,AVGO,Broadcom Inc.,0001730168,4,2026-06-26,2026-06-17,0001104659-26-078348,https://www.sec.gov/Archives/edgar/data/1730168/000110465926078348/tm2619044-1_4seq1.xml,nonDerivative,2026-06-24,S,"Common Stock, $0.001 par value",217,388.17,84232.89,30247943,I,SAMUELI HENRY,Director,1,0,0,,SEC EDGAR
"AVGO|0001104659-26-078348|nonDerivative|2026-06-24|SAMUELI HENRY|G|Common Stock, $0.001 par value|263903|0|I",2026-07-01 04:49:27+0000,AVGO,Broadcom Inc.,0001730168,4,2026-06-26,2026-06-17,0001104659-26-078348,https://www.sec.gov/Archives/edgar/data/1730168/000110465926078348/tm2619044-1_4seq1.xml,nonDerivative,2026-06-24,G,"Common Stock, $0.001 par value",263903,0,0.0,29984040,I,SAMUELI HENRY,Director,1,0,0,,SEC EDGAR
ADBE|0000796343-26-000118|nonDerivative|2026-06-25|Ricks David A|P|Common Stock|10000|194.513|D,2026-07-01 04:49:27+0000,ADBE,ADOBE INC.,0000796343,4,2026-06-26,2026-06-25,0000796343-26-000118,https://www.sec.gov/Archives/edgar/data/796343/000079634326000118/wk-form4_1782505207.xml,nonDerivative,2026-06-25,P,Common Stock,10000,194.513,1945130.0,17655,D,Ricks David A,Director,1,0,0,,SEC EDGAR
ABNB|0001193125-26-286142|nonDerivative|2026-06-24|Blecharczyk Nathan|C|Class A Common Stock|88366||I,2026-07-01 04:49:27+0000,ABNB,"Airbnb, Inc.",0001559720,4,2026-06-26,2026-06-24,0001193125-26-286142,https://www.sec.gov/Archives/edgar/data/1559720/000119312526286142/ownership.xml,nonDerivative,2026-06-24,C,Class A Common Stock,88366,,,100736,I,Blecharczyk Nathan,Chief Strategy Officer,true,true,true,Chief Strategy Officer,SEC EDGAR
ABNB|0001193125-26-286142|nonDerivative|2026-06-24|Blecharczyk Nathan|S|Class A Common Stock|61156|145.5577|I,2026-07-01 04:49:27+0000,ABNB,"Airbnb, Inc.",0001559720,4,2026-06-26,2026-06-24,0001193125-26-286142,https://www.sec.gov/Archives/edgar/data/1559720/000119312526286142/ownership.xml,nonDerivative,2026-06-24,S,Class A Common Stock,61156,145.5577,8901726.701200001,39580,I,Blecharczyk Nathan,Chief Strategy Officer,true,true,true,Chief Strategy Officer,SEC EDGAR
ABNB|0001193125-26-286142|nonDerivative|2026-06-24|Blecharczyk Nathan|S|Class A Common Stock|24770|146.2891|I,2026-07-01 04:49:27+0000,ABNB,"Airbnb, Inc.",0001559720,4,2026-06-26,2026-06-24,0001193125-26-286142,https://www.sec.gov/Archives/edgar/data/1559720/000119312526286142/ownership.xml,nonDerivative,2026-06-24,S,Class A Common Stock,24770,146.2891,3623581.0069999998,14810,I,Blecharczyk Nathan,Chief Strategy Officer,true,true,true,Chief Strategy Officer,SEC EDGAR
ABNB|0001193125-26-286142|nonDerivative|2026-06-24|Blecharczyk Nathan|S|Class A Common Stock|2440|147.0947|I,2026-07-01 04:49:27+0000,ABNB,"Airbnb, Inc.",0001559720,4,2026-06-26,2026-06-24,0001193125-26-286142,https://www.sec.gov/Archives/edgar/data/1559720/000119312526286142/ownership.xml,nonDerivative,2026-06-24,S,Class A Common Stock,2440,147.0947,358911.06799999997,12370,I,Blecharczyk Nathan,Chief Strategy Officer,true,true,true,Chief Strategy Officer,SEC EDGAR
ABNB|0001193125-26-286142|nonDerivative|2026-06-25|Blecharczyk Nathan|C|Class A Common Stock|2113||I,2026-07-01 04:49:27+0000,ABNB,"Airbnb, Inc.",0001559720,4,2026-06-26,2026-06-24,0001193125-26-286142,https://www.sec.gov/Archives/edgar/data/1559720/000119312526286142/ownership.xml,nonDerivative,2026-06-25,C,Class A Common Stock,2113,,,14483,I,Blecharczyk Nathan,Chief Strategy Officer,true,true,true,Chief Strategy Officer,SEC EDGAR
ABNB|0001193125-26-286142|nonDerivative|2026-06-25|Blecharczyk Nathan|S|Class A Common Stock|2113|145.0874|I,2026-07-01 04:49:27+0000,ABNB,"Airbnb, Inc.",0001559720,4,2026-06-26,2026-06-24,0001193125-26-286142,https://www.sec.gov/Archives/edgar/data/1559720/000119312526286142/ownership.xml,nonDerivative,2026-06-25,S,Class A Common Stock,2113,145.0874,306569.6762,12370,I,Blecharczyk Nathan,Chief Strategy Officer,true,true,true,Chief Strategy Officer,SEC EDGAR
ABNB|0001193125-26-286142|derivative|2026-06-24|Blecharczyk Nathan|C|Class B Common Stock|88366|0|I,2026-07-01 04:49:27+0000,ABNB,"Airbnb, Inc.",0001559720,4,2026-06-26,2026-06-24,0001193125-26-286142,https://www.sec.gov/Archives/edgar/data/1559720/000119312526286142/ownership.xml,derivative,2026-06-24,C,Class B Common Stock,88366,0,0.0,45868653,I,Blecharczyk Nathan,Chief Strategy Officer,true,true,true,Chief Strategy Officer,SEC EDGAR
ABNB|0001193125-26-286142|derivative|2026-06-25|Blecharczyk Nathan|C|Class B Common Stock|2113|0|I,2026-07-01 04:49:27+0000,ABNB,"Airbnb, Inc.",0001559720,4,2026-06-26,2026-06-24,0001193125-26-286142,https://www.sec.gov/Archives/edgar/data/1559720/000119312526286142/ownership.xml,derivative,2026-06-25,C,Class B Common Stock,2113,0,0.0,45866540,I,Blecharczyk Nathan,Chief Strategy Officer,true,true,true,Chief Strategy Officer,SEC EDGAR
WMT|0000104169-26-000121|nonDerivative|2026-06-23|Walton Family Holdings Trust|J|Common|767000|0|D,2026-07-01 04:49:27+0000,WMT,Walmart Inc.,0000104169,4,2026-06-25,2026-06-23,0000104169-26-000121,https://www.sec.gov/Archives/edgar/data/104169/000010416926000121/wk-form4_1782422308.xml,nonDerivative,2026-06-23,J,Common,767000,0,0.0,501538752,D,Walton Family Holdings Trust,10% Owner,0,0,1,,SEC EDGAR
WMT|0000104169-26-000121|nonDerivative|2026-06-24|Walton Family Holdings Trust|J|Common|1703000|0|D,2026-07-01 04:49:27+0000,WMT,Walmart Inc.,0000104169,4,2026-06-25,2026-06-23,0000104169-26-000121,https://www.sec.gov/Archives/edgar/data/104169/000010416926000121/wk-form4_1782422308.xml,nonDerivative,2026-06-24,J,Common,1703000,0,0.0,499835752,D,Walton Family Holdings Trust,10% Owner,0,0,1,,SEC EDGAR
WAT|0001000697-26-000115|nonDerivative|2026-06-24|Carpio Robert L III|F|Common Stock|189|369.18|D,2026-07-01 04:49:27+0000,WAT,WATERS CORP /DE/,0001000697,4,2026-06-25,2026-06-24,0001000697-26-000115,https://www.sec.gov/Archives/edgar/data/1000697/000100069726000115/form4.xml,nonDerivative,2026-06-24,F,Common Stock,189,369.18,69775.02,3426,D,Carpio Robert L III,"Officer, SVP Waters Analytical Sciences",,1,,SVP Waters Analytical Sciences,SEC EDGAR
UNH|0000731766-26-000165|nonDerivative|2026-06-23|Zaetta Christopher R|A|Common Stock|60.691|0|D,2026-07-01 04:49:27+0000,UNH,UNITEDHEALTH GROUP INC,0000731766,4,2026-06-25,2026-06-23,0000731766-26-000165,https://www.sec.gov/Archives/edgar/data/731766/000073176626000165/wk-form4_1782423447.xml,nonDerivative,2026-06-23,A,Common Stock,60.691,0,0.0,15859.84,D,Zaetta Christopher R,"Officer, EVP & Chief Legal Officer",0,1,0,EVP & Chief Legal Officer,SEC EDGAR
UNH|0000731766-26-000162|nonDerivative|2026-06-23|Stankiewicz Dennis Andrew|A|Common Stock|50.59|0|D,2026-07-01 04:49:27+0000,UNH,UNITEDHEALTH GROUP INC,0000731766,4,2026-06-25,2026-06-23,0000731766-26-000162,https://www.sec.gov/Archives/edgar/data/731766/000073176626000162/wk-form4_1782423425.xml,nonDerivative,2026-06-23,A,Common Stock,50.59,0,0.0,10256.529,D,Stankiewicz Dennis Andrew,"Officer, Chief Accounting Officer",0,1,0,Chief Accounting Officer,SEC EDGAR
UNH|0000731766-26-000172|nonDerivative|2026-06-23|Noseworthy John H|A|Common Stock|41|0|D,2026-07-01 04:49:27+0000,UNH,UNITEDHEALTH GROUP INC,0000731766,4,2026-06-25,2026-06-23,0000731766-26-000172,https://www.sec.gov/Archives/edgar/data/731766/000073176626000172/wk-form4_1782423495.xml,nonDerivative,2026-06-23,A,Common Stock,41,0,0.0,7410,D,Noseworthy John H,Director,1,0,0,,SEC EDGAR
UNH|0000731766-26-000166|nonDerivative|2026-06-23|Noel Timothy John|A|Common Stock|76.063|0|D,2026-07-01 04:49:27+0000,UNH,UNITEDHEALTH GROUP INC,0000731766,4,2026-06-25,2026-06-23,0000731766-26-000166,https://www.sec.gov/Archives/edgar/data/731766/000073176626000166/wk-form4_1782423455.xml,nonDerivative,2026-06-23,A,Common Stock,76.063,0,0.0,17650.716,D,Noel Timothy John,"Officer, Chief Executive Officer,  UHC",0,1,0,"Chief Executive Officer,  UHC",SEC EDGAR
UNH|0000731766-26-000173|nonDerivative|2026-06-23|McSweeney Erin|A|Common Stock|48.23|0|D,2026-07-01 04:49:27+0000,UNH,UNITEDHEALTH GROUP INC,0000731766,4,2026-06-25,2026-06-23,0000731766-26-000173,https://www.sec.gov/Archives/edgar/data/731766/000073176626000173/wk-form4_1782423501.xml,nonDerivative,2026-06-23,A,Common Stock,48.23,0,0.0,15601.153,D,McSweeney Erin,"Officer, EVP & Chief People Officer",0,1,0,EVP & Chief People Officer,SEC EDGAR
UNH|0000731766-26-000170|nonDerivative|2026-06-23|MONTGOMERY RICE VALERIE MD|A|Common Stock|41|0|D,2026-07-01 04:49:27+0000,UNH,UNITEDHEALTH GROUP INC,0000731766,4,2026-06-25,2026-06-23,0000731766-26-000170,https://www.sec.gov/Archives/edgar/data/731766/000073176626000170/wk-form4_1782423484.xml,nonDerivative,2026-06-23,A,Common Stock,41,0,0.0,7656,D,MONTGOMERY RICE VALERIE MD,Director,1,0,0,,SEC EDGAR
UNH|0000731766-26-000160|nonDerivative|2026-06-23|MCNABB FREDERICK WILLIAM III|A|Common Stock|50|0|D,2026-07-01 04:49:27+0000,UNH,UNITEDHEALTH GROUP INC,0000731766,4,2026-06-25,2026-06-23,0000731766-26-000160,https://www.sec.gov/Archives/edgar/data/731766/000073176626000160/wk-form4_1782423411.xml,nonDerivative,2026-06-23,A,Common Stock,50,0,0.0,15212,D,MCNABB FREDERICK WILLIAM III,Director,1,0,0,,SEC EDGAR
UNH|0000731766-26-000163|nonDerivative|2026-06-23|HEMSLEY STEPHEN J|A|Common Stock|46|0|D,2026-07-01 04:49:27+0000,UNH,UNITEDHEALTH GROUP INC,0000731766,4,2026-06-25,2026-06-23,0000731766-26-000163,https://www.sec.gov/Archives/edgar/data/731766/000073176626000163/wk-form4_1782423433.xml,nonDerivative,2026-06-23,A,Common Stock,46,0,0.0,48098.942,D,HEMSLEY STEPHEN J,"Director, Officer, CEO, UHG",1,1,0,"CEO, UHG",SEC EDGAR
UNH|0000731766-26-000168|nonDerivative|2026-06-23|Gottlieb Scott|A|Common Stock|3|0|D,2026-07-01 04:49:27+0000,UNH,UNITEDHEALTH GROUP INC,0000731766,4,2026-06-25,2026-06-23,0000731766-26-000168,https://www.sec.gov/Archives/edgar/data/731766/000073176626000168/wk-form4_1782423468.xml,nonDerivative,2026-06-23,A,Common Stock,3,0,0.0,449,D,Gottlieb Scott,Director,1,0,0,,SEC EDGAR
UNH|0000731766-26-000169|nonDerivative|2026-06-23|Gil Kristen|A|Common Stock|8|0|D,2026-07-01 04:49:27+0000,UNH,UNITEDHEALTH GROUP INC,0000731766,4,2026-06-25,2026-06-23,0000731766-26-000169,https://www.sec.gov/Archives/edgar/data/731766/000073176626000169/wk-form4_1782423476.xml,nonDerivative,2026-06-23,A,Common Stock,8,0,0.0,2411,D,Gil Kristen,Director,1,0,0,,SEC EDGAR
UNH|0000731766-26-000171|nonDerivative|2026-06-23|GARCIA PAUL R|A|Common Stock|13|0|D,2026-07-01 04:49:27+0000,UNH,UNITEDHEALTH GROUP INC,0000731766,4,2026-06-25,2026-06-23,0000731766-26-000171,https://www.sec.gov/Archives/edgar/data/731766/000073176626000171/wk-form4_1782423489.xml,nonDerivative,2026-06-23,A,Common Stock,13,0,0.0,3686,D,GARCIA PAUL R,Director,1,0,0,,SEC EDGAR
UNH|0000731766-26-000159|nonDerivative|2026-06-23|FLYNN TIMOTHY PATRICK|A|Common Stock|61|0|D,2026-07-01 04:49:27+0000,UNH,UNITEDHEALTH GROUP INC,0000731766,4,2026-06-25,2026-06-23,0000731766-26-000159,https://www.sec.gov/Archives/edgar/data/731766/000073176626000159/wk-form4_1782423405.xml,nonDerivative,2026-06-23,A,Common Stock,61,0,0.0,10650,D,FLYNN TIMOTHY PATRICK,Director,1,0,0,,SEC EDGAR
UNH|0000731766-26-000164|nonDerivative|2026-06-23|DeVeydt Wayne S|A|Common Stock|111.76|0|D,2026-07-01 04:49:27+0000,UNH,UNITEDHEALTH GROUP INC,0000731766,4,2026-06-25,2026-06-23,0000731766-26-000164,https://www.sec.gov/Archives/edgar/data/731766/000073176626000164/wk-form4_1782423441.xml,nonDerivative,2026-06-23,A,Common Stock,111.76,0,0.0,19778.69,D,DeVeydt Wayne S,"Officer, Chief Financial Officer",0,1,0,Chief Financial Officer,SEC EDGAR
UNH|0000731766-26-000167|nonDerivative|2026-06-23|Conway Patrick Hugh|A|Common Stock|82.488|0|D,2026-07-01 04:49:27+0000,UNH,UNITEDHEALTH GROUP INC,0000731766,4,2026-06-25,2026-06-23,0000731766-26-000167,https://www.sec.gov/Archives/edgar/data/731766/000073176626000167/wk-form4_1782423461.xml,nonDerivative,2026-06-23,A,Common Stock,82.488,0,0.0,16996.797,D,Conway Patrick Hugh,"Officer, Chief Executive Officer, Optum",0,1,0,"Chief Executive Officer, Optum",SEC EDGAR
UNH|0000731766-26-000161|nonDerivative|2026-06-23|Baker Charles D.|A|Common Stock|13|0|D,2026-07-01 04:49:27+0000,UNH,UNITEDHEALTH GROUP INC,0000731766,4,2026-06-25,2026-06-23,0000731766-26-000161,https://www.sec.gov/Archives/edgar/data/731766/000073176626000161/wk-form4_1782423419.xml,nonDerivative,2026-06-23,A,Common Stock,13,0,0.0,2176,D,Baker Charles D.,Director,1,0,0,,SEC EDGAR
TPL|0001437749-26-021630|nonDerivative|2026-06-24|HORIZON KINETICS ASSET MANAGEMENT LLC|P|Common Stock|1|374.10|D,2026-07-01 04:49:27+0000,TPL,Texas Pacific Land Corp,0001811074,4,2026-06-25,2026-06-24,0001437749-26-021630,https://www.sec.gov/Archives/edgar/data/1811074/000143774926021630/rdgdoc.xml,nonDerivative,2026-06-24,P,Common Stock,1,374.10,374.1,3393559,D,HORIZON KINETICS ASSET MANAGEMENT LLC,10% Owner,,,1,,SEC EDGAR
SWK|0001628280-26-045598|nonDerivative|2026-06-23|Palmieri Jane|A|Common Stock|129.0908|84.57|D,2026-07-01 04:49:27+0000,SWK,"STANLEY BLACK & DECKER, INC.",0000093556,4,2026-06-25,2026-06-23,0001628280-26-045598,https://www.sec.gov/Archives/edgar/data/93556/000162828026045598/wk-form4_1782422055.xml,nonDerivative,2026-06-23,A,Common Stock,129.0908,84.57,10917.208955999999,13282.365,D,Palmieri Jane,Director,1,0,0,,SEC EDGAR
SWK|0001628280-26-045598|derivative|2026-06-23|Palmieri Jane|A|Deferred Shares|20.8705|84.57|D,2026-07-01 04:49:27+0000,SWK,"STANLEY BLACK & DECKER, INC.",0000093556,4,2026-06-25,2026-06-23,0001628280-26-045598,https://www.sec.gov/Archives/edgar/data/93556/000162828026045598/wk-form4_1782422055.xml,derivative,2026-06-23,A,Deferred Shares,20.8705,84.57,1765.018185,2147.4037,D,Palmieri Jane,Director,1,0,0,,SEC EDGAR
SWK|0001628280-26-045601|nonDerivative|2026-06-23|OKelly Shane M|A|Common Stock|25.5467|84.57|D,2026-07-01 04:49:27+0000,SWK,"STANLEY BLACK & DECKER, INC.",0000093556,4,2026-06-25,2026-06-23,0001628280-26-045601,https://www.sec.gov/Archives/edgar/data/93556/000162828026045601/wk-form4_1782422118.xml,nonDerivative,2026-06-23,A,Common Stock,25.5467,84.57,2160.484419,2628.5467,D,OKelly Shane M,Director,1,0,0,,SEC EDGAR
SWK|0001628280-26-045601|derivative|2026-06-23|OKelly Shane M|A|Deferred Shares|369.5163|84.57|D,2026-07-01 04:49:27+0000,SWK,"STANLEY BLACK & DECKER, INC.",0000093556,4,2026-06-25,2026-06-23,0001628280-26-045601,https://www.sec.gov/Archives/edgar/data/93556/000162828026045601/wk-form4_1782422118.xml,derivative,2026-06-23,A,Deferred Shares,369.5163,84.57,31249.993490999997,718.916,D,OKelly Shane M,Director,1,0,0,,SEC EDGAR
SWK|0001628280-26-045601|derivative|2026-06-23|OKelly Shane M|A|Deferred Shares|3.4291|84.57|D,2026-07-01 04:49:27+0000,SWK,"STANLEY BLACK & DECKER, INC.",0000093556,4,2026-06-25,2026-06-23,0001628280-26-045601,https://www.sec.gov/Archives/edgar/data/93556/000162828026045601/wk-form4_1782422118.xml,derivative,2026-06-23,A,Deferred Shares,3.4291,84.57,289.998987,722.3451,D,OKelly Shane M,Director,1,0,0,,SEC EDGAR
SWK|0001628280-26-045607|nonDerivative|2026-06-23|Mitchell Adrian V|A|Common Stock|120.1446|84.57|D,2026-07-01 04:49:27+0000,SWK,"STANLEY BLACK & DECKER, INC.",0000093556,4,2026-06-25,2026-06-23,0001628280-26-045607,https://www.sec.gov/Archives/edgar/data/93556/000162828026045607/wk-form4_1782422315.xml,nonDerivative,2026-06-23,A,Common Stock,120.1446,84.57,10160.628821999999,12361.8689,D,Mitchell Adrian V,Director,1,0,0,,SEC EDGAR
SWK|0001628280-26-045607|derivative|2026-06-23|Mitchell Adrian V|A|Deferred Shares|369.5163|84.57|D,2026-07-01 04:49:27+0000,SWK,"STANLEY BLACK & DECKER, INC.",0000093556,4,2026-06-25,2026-06-23,0001628280-26-045607,https://www.sec.gov/Archives/edgar/data/93556/000162828026045607/wk-form4_1782422315.xml,derivative,2026-06-23,A,Deferred Shares,369.5163,84.57,31249.993490999997,6950.485,D,Mitchell Adrian V,Director,1,0,0,,SEC EDGAR
SWK|0001628280-26-045607|derivative|2026-06-23|Mitchell Adrian V|A|Deferred Shares|64.588|84.57|D,2026-07-01 04:49:27+0000,SWK,"STANLEY BLACK & DECKER, INC.",0000093556,4,2026-06-25,2026-06-23,0001628280-26-045607,https://www.sec.gov/Archives/edgar/data/93556/000162828026045607/wk-form4_1782422315.xml,derivative,2026-06-23,A,Deferred Shares,64.588,84.57,5462.207159999999,7015.073,D,Mitchell Adrian V,Director,1,0,0,,SEC EDGAR
SWK|0001628280-26-045599|nonDerivative|2026-06-23|Laschinger Mary A|A|Common Stock|25.5467|84.57|D,2026-07-01 04:49:27+0000,SWK,"STANLEY BLACK & DECKER, INC.",0000093556,4,2026-06-25,2026-06-23,0001628280-26-045599,https://www.sec.gov/Archives/edgar/data/93556/000162828026045599/wk-form4_1782422088.xml,nonDerivative,2026-06-23,A,Common Stock,25.5467,84.57,2160.484419,2628.5467,D,Laschinger Mary A,Director,1,0,0,,SEC EDGAR
SWK|0001628280-26-045605|nonDerivative|2026-06-23|Hankin Michael David|A|Common Stock|146.0158|84.57|D,2026-07-01 04:49:27+0000,SWK,"STANLEY BLACK & DECKER, INC.",0000093556,4,2026-06-25,2026-06-23,0001628280-26-045605,https://www.sec.gov/Archives/edgar/data/93556/000162828026045605/wk-form4_1782422206.xml,nonDerivative,2026-06-23,A,Common Stock,146.0158,84.57,12348.556206,17180.797,D,Hankin Michael David,Director,1,0,0,,SEC EDGAR
SWK|0001628280-26-045605|derivative|2026-06-23|Hankin Michael David|A|Deferred Shares|369.5163|84.57|D,2026-07-01 04:49:27+0000,SWK,"STANLEY BLACK & DECKER, INC.",0000093556,4,2026-06-25,2026-06-23,0001628280-26-045605,https://www.sec.gov/Archives/edgar/data/93556/000162828026045605/wk-form4_1782422206.xml,derivative,2026-06-23,A,Deferred Shares,369.5163,84.57,31249.993490999997,14180.2195,D,Hankin Michael David,Director,1,0,0,,SEC EDGAR
SWK|0001628280-26-045605|derivative|2026-06-23|Hankin Michael David|A|Deferred Shares|135.5426|84.57|D,2026-07-01 04:49:27+0000,SWK,"STANLEY BLACK & DECKER, INC.",0000093556,4,2026-06-25,2026-06-23,0001628280-26-045605,https://www.sec.gov/Archives/edgar/data/93556/000162828026045605/wk-form4_1782422206.xml,derivative,2026-06-23,A,Deferred Shares,135.5426,84.57,11462.837681999998,14315.7621,D,Hankin Michael David,Director,1,0,0,,SEC EDGAR
SWK|0001628280-26-045604|nonDerivative|2026-06-23|GARRISON JOHN L JR|A|Common Stock|58.8217|84.57|D,2026-07-01 04:49:27+0000,SWK,"STANLEY BLACK & DECKER, INC.",0000093556,4,2026-06-25,2026-06-23,0001628280-26-045604,https://www.sec.gov/Archives/edgar/data/93556/000162828026045604/wk-form4_1782422170.xml,nonDerivative,2026-06-23,A,Common Stock,58.8217,84.57,4974.551168999999,6052.2604,D,GARRISON JOHN L JR,Director,1,0,0,,SEC EDGAR
SWK|0001628280-26-045604|derivative|2026-06-23|GARRISON JOHN L JR|A|Deferred Shares|443.4196|84.57|D,2026-07-01 04:49:27+0000,SWK,"STANLEY BLACK & DECKER, INC.",0000093556,4,2026-06-25,2026-06-23,0001628280-26-045604,https://www.sec.gov/Archives/edgar/data/93556/000162828026045604/wk-form4_1782422170.xml,derivative,2026-06-23,A,Deferred Shares,443.4196,84.57,37499.995572,3072.6342,D,GARRISON JOHN L JR,Director,1,0,0,,SEC EDGAR
SWK|0001628280-26-045604|derivative|2026-06-23|GARRISON JOHN L JR|A|Deferred Shares|25.8041|84.57|D,2026-07-01 04:49:27+0000,SWK,"STANLEY BLACK & DECKER, INC.",0000093556,4,2026-06-25,2026-06-23,0001628280-26-045604,https://www.sec.gov/Archives/edgar/data/93556/000162828026045604/wk-form4_1782422170.xml,derivative,2026-06-23,A,Deferred Shares,25.8041,84.57,2182.252737,3098.4383,D,GARRISON JOHN L JR,Director,1,0,0,,SEC EDGAR
SWK|0001628280-26-045606|nonDerivative|2026-06-23|Crew Debra Ann|A|Common Stock|133|84.57|D,2026-07-01 04:49:27+0000,SWK,"STANLEY BLACK & DECKER, INC.",0000093556,4,2026-06-25,2026-06-23,0001628280-26-045606,https://www.sec.gov/Archives/edgar/data/93556/000162828026045606/wk-form4_1782422251.xml,nonDerivative,2026-06-23,A,Common Stock,133,84.57,11247.81,15136.7812,D,Crew Debra Ann,Director,1,0,0,,SEC EDGAR
SWK|0001628280-26-045606|nonDerivative|2026-06-23|Crew Debra Ann|A|Common Stock|147.2524|84.57|D,2026-07-01 04:49:27+0000,SWK,"STANLEY BLACK & DECKER, INC.",0000093556,4,2026-06-25,2026-06-23,0001628280-26-045606,https://www.sec.gov/Archives/edgar/data/93556/000162828026045606/wk-form4_1782422251.xml,nonDerivative,2026-06-23,A,Common Stock,147.2524,84.57,12453.135467999999,15284.0336,D,Crew Debra Ann,Director,1,0,0,,SEC EDGAR
SWK|0001628280-26-045606|derivative|2026-06-23|Crew Debra Ann|A|Deferred Shares|369.5163|84.57|D,2026-07-01 04:49:27+0000,SWK,"STANLEY BLACK & DECKER, INC.",0000093556,4,2026-06-25,2026-06-23,0001628280-26-045606,https://www.sec.gov/Archives/edgar/data/93556/000162828026045606/wk-form4_1782422251.xml,derivative,2026-06-23,A,Deferred Shares,369.5163,84.57,31249.993490999997,18256.803,D,Crew Debra Ann,Director,1,0,0,,SEC EDGAR
SWK|0001628280-26-045606|derivative|2026-06-23|Crew Debra Ann|A|Deferred Shares|175.5523|84.57|D,2026-07-01 04:49:27+0000,SWK,"STANLEY BLACK & DECKER, INC.",0000093556,4,2026-06-25,2026-06-23,0001628280-26-045606,https://www.sec.gov/Archives/edgar/data/93556/000162828026045606/wk-form4_1782422251.xml,derivative,2026-06-23,A,Deferred Shares,175.5523,84.57,14846.458010999999,18432.3553,D,Crew Debra Ann,Director,1,0,0,,SEC EDGAR
SWK|0001628280-26-045603|nonDerivative|2026-06-23|CARTER SUSAN K|A|Common Stock|81.6498|84.57|D,2026-07-01 04:49:27+0000,SWK,"STANLEY BLACK & DECKER, INC.",0000093556,4,2026-06-25,2026-06-23,0001628280-26-045603,https://www.sec.gov/Archives/edgar/data/93556/000162828026045603/wk-form4_1782422145.xml,nonDerivative,2026-06-23,A,Common Stock,81.6498,84.57,6905.123586,8443.0764,D,CARTER SUSAN K,Director,1,0,0,,SEC EDGAR
SWK|0001628280-26-045603|derivative|2026-06-23|CARTER SUSAN K|A|Deferred Shares|428.6389|84.57|D,2026-07-01 04:49:27+0000,SWK,"STANLEY BLACK & DECKER, INC.",0000093556,4,2026-06-25,2026-06-23,0001628280-26-045603,https://www.sec.gov/Archives/edgar/data/93556/000162828026045603/wk-form4_1782422145.xml,derivative,2026-06-23,A,Deferred Shares,428.6389,84.57,36249.991772999994,4825.8305,D,CARTER SUSAN K,Director,1,0,0,,SEC EDGAR
SWK|0001628280-26-045603|derivative|2026-06-23|CARTER SUSAN K|A|Deferred Shares|43.1362|84.57|D,2026-07-01 04:49:27+0000,SWK,"STANLEY BLACK & DECKER, INC.",0000093556,4,2026-06-25,2026-06-23,0001628280-26-045603,https://www.sec.gov/Archives/edgar/data/93556/000162828026045603/wk-form4_1782422145.xml,derivative,2026-06-23,A,Deferred Shares,43.1362,84.57,3648.028434,4868.9667,D,CARTER SUSAN K,Director,1,0,0,,SEC EDGAR
SJM|0000091419-26-000068|nonDerivative|2026-06-24|Marshall Tucker H|S|Common Shares|3630|111.05|D,2026-07-01 04:49:27+0000,SJM,J M SMUCKER Co,0000091419,4,2026-06-25,2026-06-24,0000091419-26-000068,https://www.sec.gov/Archives/edgar/data/91419/000009141926000068/wk-form4_1782419537.xml,nonDerivative,2026-06-24,S,Common Shares,3630,111.05,403111.5,38699,D,Marshall Tucker H,"Officer, Chief Financial Officer",0,1,0,Chief Financial Officer,SEC EDGAR
SCHW|0001561563-26-000017|nonDerivative|2026-06-23|Ellis Stephen A|M|Common Stock|2258|25.11|D,2026-07-01 04:49:27+0000,SCHW,SCHWAB CHARLES CORP,0000316709,4,2026-06-25,2026-06-23,0001561563-26-000017,https://www.sec.gov/Archives/edgar/data/316709/000156156326000017/wk-form4_1782430526.xml,nonDerivative,2026-06-23,M,Common Stock,2258,25.11,56698.38,7445,D,Ellis Stephen A,Director,1,0,0,,SEC EDGAR
SCHW|0001561563-26-000017|derivative|2026-06-23|Ellis Stephen A|M|Nonqualified Stock Option (right to buy)|2258|0|D,2026-07-01 04:49:27+0000,SCHW,SCHWAB CHARLES CORP,0000316709,4,2026-06-25,2026-06-23,0001561563-26-000017,https://www.sec.gov/Archives/edgar/data/316709/000156156326000017/wk-form4_1782430526.xml,derivative,2026-06-23,M,Nonqualified Stock Option (right to buy),2258,0,0.0,0,D,Ellis Stephen A,Director,1,0,0,,SEC EDGAR
PGR|0000080661-26-000214|nonDerivative|2026-06-24|KELLY JEFFREY D|S|Common|7000|216.3316|D,2026-07-01 04:49:27+0000,PGR,PROGRESSIVE CORP/OH/,0000080661,4,2026-06-25,2026-06-24,0000080661-26-000214,https://www.sec.gov/Archives/edgar/data/80661/000008066126000214/form4.xml,nonDerivative,2026-06-24,S,Common,7000,216.3316,1514321.2,22546,D,KELLY JEFFREY D,Director,1,,,,SEC EDGAR
PCG|0001628280-26-045517|derivative|2026-06-23|Vallejo Alejandro T|A|Phantom Stock|441.54|16.77|D,2026-07-01 04:49:27+0000,PCG,PG&E Corp,0001004980,4,2026-06-25,2026-06-23,0001628280-26-045517,https://www.sec.gov/Archives/edgar/data/1004980/000162828026045517/wk-form4_1782418549.xml,derivative,2026-06-23,A,Phantom Stock,441.54,16.77,7404.6258,33990.61,D,Vallejo Alejandro T,"Officer, EVP, Chief People Officer",0,1,0,"EVP, Chief People Officer",SEC EDGAR
NTAP|0001193125-26-282862|nonDerivative|2026-06-23|CERNUDA CESAR|S|Common Shares|5630|153|D,2026-07-01 04:49:27+0000,NTAP,"NetApp, Inc.",0001002047,4,2026-06-25,2026-06-23,0001193125-26-282862,https://www.sec.gov/Archives/edgar/data/1002047/000119312526282862/ownership.xml,nonDerivative,2026-06-23,S,Common Shares,5630,153,861390.0,90640,D,CERNUDA CESAR,President,false,true,false,President,SEC EDGAR
NTAP|0001193125-26-282862|nonDerivative|2026-06-23|CERNUDA CESAR|S|Common Shares|14947|154.01|D,2026-07-01 04:49:27+0000,NTAP,"NetApp, Inc.",0001002047,4,2026-06-25,2026-06-23,0001193125-26-282862,https://www.sec.gov/Archives/edgar/data/1002047/000119312526282862/ownership.xml,nonDerivative,2026-06-23,S,Common Shares,14947,154.01,2301987.4699999997,75693,D,CERNUDA CESAR,President,false,true,false,President,SEC EDGAR
NTAP|0001193125-26-282862|nonDerivative|2026-06-23|CERNUDA CESAR|S|Common Shares|15593|155.29|D,2026-07-01 04:49:27+0000,NTAP,"NetApp, Inc.",0001002047,4,2026-06-25,2026-06-23,0001193125-26-282862,https://www.sec.gov/Archives/edgar/data/1002047/000119312526282862/ownership.xml,nonDerivative,2026-06-23,S,Common Shares,15593,155.29,2421436.9699999997,60100,D,CERNUDA CESAR,President,false,true,false,President,SEC EDGAR
NTAP|0001193125-26-282862|nonDerivative|2026-06-23|CERNUDA CESAR|S|Common Shares|13294|155.94|D,2026-07-01 04:49:27+0000,NTAP,"NetApp, Inc.",0001002047,4,2026-06-25,2026-06-23,0001193125-26-282862,https://www.sec.gov/Archives/edgar/data/1002047/000119312526282862/ownership.xml,nonDerivative,2026-06-23,S,Common Shares,13294,155.94,2073066.3599999999,46806,D,CERNUDA CESAR,President,false,true,false,President,SEC EDGAR
GE|0001868758-26-000010|nonDerivative|2026-06-24|Althoff Judson|A|Common Stock|517|0|D,2026-07-01 04:49:27+0000,GE,GENERAL ELECTRIC CO,0000040545,4,2026-06-25,2026-06-24,0001868758-26-000010,https://www.sec.gov/Archives/edgar/data/40545/000186875826000010/wk-form4_1782420170.xml,nonDerivative,2026-06-24,A,Common Stock,517,0,0.0,517,D,Althoff Judson,Director,1,0,0,,SEC EDGAR
DRI|0001225208-26-006171|derivative|2026-06-23|Williamson Laura B|A|Performance Restricted Stock Units (FY24)|620.0000|0.0000|D,2026-07-01 04:49:27+0000,DRI,DARDEN RESTAURANTS INC,0000940944,4,2026-06-25,2026-06-23,0001225208-26-006171,https://www.sec.gov/Archives/edgar/data/940944/000122520826006171/doc4.xml,derivative,2026-06-23,A,Performance Restricted Stock Units (FY24),620.0000,0.0000,0.0,620.0000,D,Williamson Laura B,"Officer, President, LongHorn Steakhouse",,1,,"President, LongHorn Steakhouse",SEC EDGAR
DRI|0001225208-26-006171|derivative|2026-06-23|Williamson Laura B|A|Performance Restricted Stock Units (FY24)|249.0000|0.0000|I,2026-07-01 04:49:27+0000,DRI,DARDEN RESTAURANTS INC,0000940944,4,2026-06-25,2026-06-23,0001225208-26-006171,https://www.sec.gov/Archives/edgar/data/940944/000122520826006171/doc4.xml,derivative,2026-06-23,A,Performance Restricted Stock Units (FY24),249.0000,0.0000,0.0,249.0000,I,Williamson Laura B,"Officer, President, LongHorn Steakhouse",,1,,"President, LongHorn Steakhouse",SEC EDGAR
DRI|0001225208-26-006179|derivative|2026-06-23|Wilkerson John W.|A|Performance Restricted Stock Units (FY24)|2325.0000|0.0000|D,2026-07-01 04:49:27+0000,DRI,DARDEN RESTAURANTS INC,0000940944,4,2026-06-25,2026-06-23,0001225208-26-006179,https://www.sec.gov/Archives/edgar/data/940944/000122520826006179/doc4.xml,derivative,2026-06-23,A,Performance Restricted Stock Units (FY24),2325.0000,0.0000,0.0,2325.0000,D,Wilkerson John W.,"Officer, President, Olive Garden",,1,,"President, Olive Garden",SEC EDGAR
DRI|0001225208-26-006178|derivative|2026-06-23|Vennam Rajesh|A|Performance Restricted Stock Units (FY24)|5890.0000|0.0000|D,2026-07-01 04:49:27+0000,DRI,DARDEN RESTAURANTS INC,0000940944,4,2026-06-25,2026-06-23,0001225208-26-006178,https://www.sec.gov/Archives/edgar/data/940944/000122520826006178/doc4.xml,derivative,2026-06-23,A,Performance Restricted Stock Units (FY24),5890.0000,0.0000,0.0,5890.0000,D,Vennam Rajesh,"Officer, SVP, CFO",,1,,"SVP, CFO",SEC EDGAR
DRI|0001225208-26-006177|derivative|2026-06-23|Milanes Douglas J.|A|Performance Restricted Stock Units (FY24)|2171.0000|0.0000|D,2026-07-01 04:49:27+0000,DRI,DARDEN RESTAURANTS INC,0000940944,4,2026-06-25,2026-06-23,0001225208-26-006177,https://www.sec.gov/Archives/edgar/data/940944/000122520826006177/doc4.xml,derivative,2026-06-23,A,Performance Restricted Stock Units (FY24),2171.0000,0.0000,0.0,2171.0000,D,Milanes Douglas J.,"Officer, SVP, Chief Supply Chain Ofcr",,1,,"SVP, Chief Supply Chain Ofcr",SEC EDGAR
DRI|0001225208-26-006176|derivative|2026-06-23|Martin Melvin John|A|Performance Restricted Stock Units (FY24)|4650.0000|0.0000|D,2026-07-01 04:49:27+0000,DRI,DARDEN RESTAURANTS INC,0000940944,4,2026-06-25,2026-06-23,0001225208-26-006176,https://www.sec.gov/Archives/edgar/data/940944/000122520826006176/doc4.xml,derivative,2026-06-23,A,Performance Restricted Stock Units (FY24),4650.0000,0.0000,0.0,4650.0000,D,Martin Melvin John,"Officer, Group President",,1,,Group President,SEC EDGAR
DRI|0001225208-26-006175|derivative|2026-06-23|Madonna John W.|A|Performance Restricted Stock Units (FY24)|1394.0000|0.0000|D,2026-07-01 04:49:27+0000,DRI,DARDEN RESTAURANTS INC,0000940944,4,2026-06-25,2026-06-23,0001225208-26-006175,https://www.sec.gov/Archives/edgar/data/940944/000122520826006175/doc4.xml,derivative,2026-06-23,A,Performance Restricted Stock Units (FY24),1394.0000,0.0000,0.0,1394.0000,D,Madonna John W.,"Officer, SVP, Corporate Controller",,1,,"SVP, Corporate Controller",SEC EDGAR
DRI|0001225208-26-006174|derivative|2026-06-23|Koren Lindsay L.|A|Performance Restricted Stock Units (FY24)|465.0000|0.0000|D,2026-07-01 04:49:27+0000,DRI,DARDEN RESTAURANTS INC,0000940944,4,2026-06-25,2026-06-23,0001225208-26-006174,https://www.sec.gov/Archives/edgar/data/940944/000122520826006174/doc4.xml,derivative,2026-06-23,A,Performance Restricted Stock Units (FY24),465.0000,0.0000,0.0,465.0000,D,Koren Lindsay L.,"Officer, SVP General Counsel",,1,,SVP General Counsel,SEC EDGAR
DRI|0001225208-26-006173|derivative|2026-06-23|King Sarah H.|A|Performance Restricted Stock Units (FY24)|3100.0000|0.0000|D,2026-07-01 04:49:27+0000,DRI,DARDEN RESTAURANTS INC,0000940944,4,2026-06-25,2026-06-23,0001225208-26-006173,https://www.sec.gov/Archives/edgar/data/940944/000122520826006173/doc4.xml,derivative,2026-06-23,A,Performance Restricted Stock Units (FY24),3100.0000,0.0000,0.0,3100.0000,D,King Sarah H.,"Officer, SVP, Chief People Officer",,1,,"SVP, Chief People Officer",SEC EDGAR
DRI|0001225208-26-006172|derivative|2026-06-23|Connelly Susan M.|A|Performance Restricted Stock Units (FY24)|1551.0000|0.0000|D,2026-07-01 04:49:27+0000,DRI,DARDEN RESTAURANTS INC,0000940944,4,2026-06-25,2026-06-23,0001225208-26-006172,https://www.sec.gov/Archives/edgar/data/940944/000122520826006172/doc4.xml,derivative,2026-06-23,A,Performance Restricted Stock Units (FY24),1551.0000,0.0000,0.0,1551.0000,D,Connelly Susan M.,"Officer, SVP, Chief Comm & PA Officer",,1,,"SVP, Chief Comm & PA Officer",SEC EDGAR
DRI|0001225208-26-006181|derivative|2026-06-23|Cardenas Ricardo|A|Performance Restricted Stock Units (FY24)|23249.0000|0.0000|D,2026-07-01 04:49:27+0000,DRI,DARDEN RESTAURANTS INC,0000940944,4,2026-06-25,2026-06-23,0001225208-26-006181,https://www.sec.gov/Archives/edgar/data/940944/000122520826006181/doc4.xml,derivative,2026-06-23,A,Performance Restricted Stock Units (FY24),23249.0000,0.0000,0.0,23249.0000,D,Cardenas Ricardo,"Director, Officer, President and CEO",1,1,,President and CEO,SEC EDGAR
DRI|0001225208-26-006180|derivative|2026-06-23|Burrowes Todd|A|Performance Restricted Stock Units (FY24)|4650.0000|0.0000|D,2026-07-01 04:49:27+0000,DRI,DARDEN RESTAURANTS INC,0000940944,4,2026-06-25,2026-06-23,0001225208-26-006180,https://www.sec.gov/Archives/edgar/data/940944/000122520826006180/doc4.xml,derivative,2026-06-23,A,Performance Restricted Stock Units (FY24),4650.0000,0.0000,0.0,4650.0000,D,Burrowes Todd,"Officer, Group Pres, Pres, Chuy's",,1,,"Group Pres, Pres, Chuy's",SEC EDGAR
"DLTR|0001104659-26-077658|nonDerivative|2026-06-24|Mantle Ridge LP|C|Common Stock, par value $0.01 per share|602170||I",2026-07-01 04:49:27+0000,DLTR,"DOLLAR TREE, INC.",0000935703,4,2026-06-25,2026-06-24,0001104659-26-077658,https://www.sec.gov/Archives/edgar/data/935703/000110465926077658/tm2618973-2_4seq1.xml,nonDerivative,2026-06-24,C,"Common Stock, par value $0.01 per share",602170,,,12706663,I,Mantle Ridge LP,,0,0,0,,SEC EDGAR
"DLTR|0001104659-26-077658|nonDerivative|2026-06-24|Mantle Ridge LP|S|Common Stock, par value $0.01 per share|2230455|111.31|I",2026-07-01 04:49:27+0000,DLTR,"DOLLAR TREE, INC.",0000935703,4,2026-06-25,2026-06-24,0001104659-26-077658,https://www.sec.gov/Archives/edgar/data/935703/000110465926077658/tm2618973-2_4seq1.xml,nonDerivative,2026-06-24,S,"Common Stock, par value $0.01 per share",2230455,111.31,248271946.05,10476208,I,Mantle Ridge LP,,0,0,0,,SEC EDGAR
"DLTR|0001104659-26-077658|nonDerivative|2026-06-24|Mantle Ridge LP|J|Common Stock, par value $0.01 per share|10266164|0|I",2026-07-01 04:49:27+0000,DLTR,"DOLLAR TREE, INC.",0000935703,4,2026-06-25,2026-06-24,0001104659-26-077658,https://www.sec.gov/Archives/edgar/data/935703/000110465926077658/tm2618973-2_4seq1.xml,nonDerivative,2026-06-24,J,"Common Stock, par value $0.01 per share",10266164,0,0.0,210044,I,Mantle Ridge LP,,0,0,0,,SEC EDGAR
DLTR|0001104659-26-077658|derivative|2026-06-24|Mantle Ridge LP|C|Share Forward Transactions|602170||I,2026-07-01 04:49:27+0000,DLTR,"DOLLAR TREE, INC.",0000935703,4,2026-06-25,2026-06-24,0001104659-26-077658,https://www.sec.gov/Archives/edgar/data/935703/000110465926077658/tm2618973-2_4seq1.xml,derivative,2026-06-24,C,Share Forward Transactions,602170,,,33981,I,Mantle Ridge LP,,0,0,0,,SEC EDGAR
DLTR|0001104659-26-077658|derivative|2026-06-24|Mantle Ridge LP|S|Share Forward Transactions|33981||I,2026-07-01 04:49:27+0000,DLTR,"DOLLAR TREE, INC.",0000935703,4,2026-06-25,2026-06-24,0001104659-26-077658,https://www.sec.gov/Archives/edgar/data/935703/000110465926077658/tm2618973-2_4seq1.xml,derivative,2026-06-24,S,Share Forward Transactions,33981,,,0,I,Mantle Ridge LP,,0,0,0,,SEC EDGAR
DLTR|0001104659-26-077658|derivative|2026-06-24|Mantle Ridge LP|S|Share Forward Transactions|900360||I,2026-07-01 04:49:27+0000,DLTR,"DOLLAR TREE, INC.",0000935703,4,2026-06-25,2026-06-24,0001104659-26-077658,https://www.sec.gov/Archives/edgar/data/935703/000110465926077658/tm2618973-2_4seq1.xml,derivative,2026-06-24,S,Share Forward Transactions,900360,,,0,I,Mantle Ridge LP,,0,0,0,,SEC EDGAR
DLTR|0001104659-26-077658|derivative|2026-06-24|Mantle Ridge LP|S|Cash Settled Share Forward Transactions|2501339||I,2026-07-01 04:49:27+0000,DLTR,"DOLLAR TREE, INC.",0000935703,4,2026-06-25,2026-06-24,0001104659-26-077658,https://www.sec.gov/Archives/edgar/data/935703/000110465926077658/tm2618973-2_4seq1.xml,derivative,2026-06-24,S,Cash Settled Share Forward Transactions,2501339,,,0,I,Mantle Ridge LP,,0,0,0,,SEC EDGAR
DLTR|0001104659-26-077658|derivative|2026-06-24|Mantle Ridge LP|S|Cash Settled Share Forward Transactions|6231104||I,2026-07-01 04:49:27+0000,DLTR,"DOLLAR TREE, INC.",0000935703,4,2026-06-25,2026-06-24,0001104659-26-077658,https://www.sec.gov/Archives/edgar/data/935703/000110465926077658/tm2618973-2_4seq1.xml,derivative,2026-06-24,S,Cash Settled Share Forward Transactions,6231104,,,0,I,Mantle Ridge LP,,0,0,0,,SEC EDGAR
DLTR|0001104659-26-077658|derivative|2026-06-24|Mantle Ridge LP|S|Cash Settled Share Forward Transactions|70259||I,2026-07-01 04:49:27+0000,DLTR,"DOLLAR TREE, INC.",0000935703,4,2026-06-25,2026-06-24,0001104659-26-077658,https://www.sec.gov/Archives/edgar/data/935703/000110465926077658/tm2618973-2_4seq1.xml,derivative,2026-06-24,S,Cash Settled Share Forward Transactions,70259,,,0,I,Mantle Ridge LP,,0,0,0,,SEC EDGAR
DLTR|0001104659-26-077658|derivative|2026-06-24|Mantle Ridge LP|S|Cash Settled Share Forward Transactions|21499||I,2026-07-01 04:49:27+0000,DLTR,"DOLLAR TREE, INC.",0000935703,4,2026-06-25,2026-06-24,0001104659-26-077658,https://www.sec.gov/Archives/edgar/data/935703/000110465926077658/tm2618973-2_4seq1.xml,derivative,2026-06-24,S,Cash Settled Share Forward Transactions,21499,,,0,I,Mantle Ridge LP,,0,0,0,,SEC EDGAR
DLTR|0001104659-26-077658|derivative|2026-06-24|Mantle Ridge LP|S|Cash Settled Share Forward Transactions|146571||I,2026-07-01 04:49:27+0000,DLTR,"DOLLAR TREE, INC.",0000935703,4,2026-06-25,2026-06-24,0001104659-26-077658,https://www.sec.gov/Archives/edgar/data/935703/000110465926077658/tm2618973-2_4seq1.xml,derivative,2026-06-24,S,Cash Settled Share Forward Transactions,146571,,,0,I,Mantle Ridge LP,,0,0,0,,SEC EDGAR
DLTR|0001104659-26-077658|derivative|2026-06-24|Mantle Ridge LP|S|Cash Settled Share Forward Transactions|178586||I,2026-07-01 04:49:27+0000,DLTR,"DOLLAR TREE, INC.",0000935703,4,2026-06-25,2026-06-24,0001104659-26-077658,https://www.sec.gov/Archives/edgar/data/935703/000110465926077658/tm2618973-2_4seq1.xml,derivative,2026-06-24,S,Cash Settled Share Forward Transactions,178586,,,0,I,Mantle Ridge LP,,0,0,0,,SEC EDGAR
DLTR|0001104659-26-077658|derivative|2026-06-24|Mantle Ridge LP|S|Cash Settled Share Forward Transactions|237336||I,2026-07-01 04:49:27+0000,DLTR,"DOLLAR TREE, INC.",0000935703,4,2026-06-25,2026-06-24,0001104659-26-077658,https://www.sec.gov/Archives/edgar/data/935703/000110465926077658/tm2618973-2_4seq1.xml,derivative,2026-06-24,S,Cash Settled Share Forward Transactions,237336,,,0,I,Mantle Ridge LP,,0,0,0,,SEC EDGAR
DLTR|0001104659-26-077658|derivative|2026-06-24|Mantle Ridge LP|S|Cash Settled Share Forward Transactions|190199||I,2026-07-01 04:49:27+0000,DLTR,"DOLLAR TREE, INC.",0000935703,4,2026-06-25,2026-06-24,0001104659-26-077658,https://www.sec.gov/Archives/edgar/data/935703/000110465926077658/tm2618973-2_4seq1.xml,derivative,2026-06-24,S,Cash Settled Share Forward Transactions,190199,,,0,I,Mantle Ridge LP,,0,0,0,,SEC EDGAR
DLTR|0001104659-26-077658|derivative|2026-06-24|Mantle Ridge LP|S|Cash Settled Share Forward Transactions|78711||I,2026-07-01 04:49:27+0000,DLTR,"DOLLAR TREE, INC.",0000935703,4,2026-06-25,2026-06-24,0001104659-26-077658,https://www.sec.gov/Archives/edgar/data/935703/000110465926077658/tm2618973-2_4seq1.xml,derivative,2026-06-24,S,Cash Settled Share Forward Transactions,78711,,,0,I,Mantle Ridge LP,,0,0,0,,SEC EDGAR
DIS|0001628280-26-045581|nonDerivative|2026-06-23|Coleman Sonia L|M|Disney Common Stock|4079||D,2026-07-01 04:49:27+0000,DIS,Walt Disney Co,0001744489,4,2026-06-25,2026-06-23,0001628280-26-045581,https://www.sec.gov/Archives/edgar/data/1744489/000162828026045581/wk-form4_1782420880.xml,nonDerivative,2026-06-23,M,Disney Common Stock,4079,,,4599,D,Coleman Sonia L,"Officer, Sr. EVP & Chief People Officer",0,1,0,Sr. EVP & Chief People Officer,SEC EDGAR
DIS|0001628280-26-045581|nonDerivative|2026-06-23|Coleman Sonia L|F|Disney Common Stock|1464|102.92|D,2026-07-01 04:49:27+0000,DIS,Walt Disney Co,0001744489,4,2026-06-25,2026-06-23,0001628280-26-045581,https://www.sec.gov/Archives/edgar/data/1744489/000162828026045581/wk-form4_1782420880.xml,nonDerivative,2026-06-23,F,Disney Common Stock,1464,102.92,150674.88,3135,D,Coleman Sonia L,"Officer, Sr. EVP & Chief People Officer",0,1,0,Sr. EVP & Chief People Officer,SEC EDGAR
DIS|0001628280-26-045581|derivative|2026-06-23|Coleman Sonia L|M|Restricted Stock Unit|4079|0|D,2026-07-01 04:49:27+0000,DIS,Walt Disney Co,0001744489,4,2026-06-25,2026-06-23,0001628280-26-045581,https://www.sec.gov/Archives/edgar/data/1744489/000162828026045581/wk-form4_1782420880.xml,derivative,2026-06-23,M,Restricted Stock Unit,4079,0,0.0,0,D,Coleman Sonia L,"Officer, Sr. EVP & Chief People Officer",0,1,0,Sr. EVP & Chief People Officer,SEC EDGAR
CRWD|0001921602-26-000008|nonDerivative|2026-06-24|Saha Anurag|S|Class A Common Stock|1497|680.49|D,2026-07-01 04:49:27+0000,CRWD,"CrowdStrike Holdings, Inc.",0001535527,4,2026-06-25,2026-06-24,0001921602-26-000008,https://www.sec.gov/Archives/edgar/data/1535527/000192160226000008/form4-06252026_080604.xml,nonDerivative,2026-06-24,S,Class A Common Stock,1497,680.49,1018693.53,53223,D,Saha Anurag,CHIEF ACCOUNTING OFFICER,false,true,false,CHIEF ACCOUNTING OFFICER,SEC EDGAR
CRWD|0001778564-26-000104|nonDerivative|2026-06-24|Kurtz George|S|Class A common stock|195|678.57|D,2026-07-01 04:49:27+0000,CRWD,"CrowdStrike Holdings, Inc.",0001535527,4,2026-06-25,2026-06-23,0001778564-26-000104,https://www.sec.gov/Archives/edgar/data/1535527/000177856426000104/form4-06252026_080607.xml,nonDerivative,2026-06-24,S,Class A common stock,195,678.57,132321.15000000002,2086718,D,Kurtz George,PRESIDENT AND CEO,true,true,false,PRESIDENT AND CEO,SEC EDGAR
CRWD|0001778564-26-000104|nonDerivative|2026-06-24|Kurtz George|S|Class A common stock|299|679.52|D,2026-07-01 04:49:27+0000,CRWD,"CrowdStrike Holdings, Inc.",0001535527,4,2026-06-25,2026-06-23,0001778564-26-000104,https://www.sec.gov/Archives/edgar/data/1535527/000177856426000104/form4-06252026_080607.xml,nonDerivative,2026-06-24,S,Class A common stock,299,679.52,203176.47999999998,2086419,D,Kurtz George,PRESIDENT AND CEO,true,true,false,PRESIDENT AND CEO,SEC EDGAR
CRWD|0001778564-26-000104|nonDerivative|2026-06-24|Kurtz George|S|Class A common stock|247|680.48|D,2026-07-01 04:49:27+0000,CRWD,"CrowdStrike Holdings, Inc.",0001535527,4,2026-06-25,2026-06-23,0001778564-26-000104,https://www.sec.gov/Archives/edgar/data/1535527/000177856426000104/form4-06252026_080607.xml,nonDerivative,2026-06-24,S,Class A common stock,247,680.48,168078.56,2086172,D,Kurtz George,PRESIDENT AND CEO,true,true,false,PRESIDENT AND CEO,SEC EDGAR
CRWD|0001778564-26-000104|nonDerivative|2026-06-24|Kurtz George|S|Class A common stock|117|681.76|D,2026-07-01 04:49:27+0000,CRWD,"CrowdStrike Holdings, Inc.",0001535527,4,2026-06-25,2026-06-23,0001778564-26-000104,https://www.sec.gov/Archives/edgar/data/1535527/000177856426000104/form4-06252026_080607.xml,nonDerivative,2026-06-24,S,Class A common stock,117,681.76,79765.92,2086055,D,Kurtz George,PRESIDENT AND CEO,true,true,false,PRESIDENT AND CEO,SEC EDGAR
CRWD|0001778564-26-000104|nonDerivative|2026-06-24|Kurtz George|S|Class A common stock|86|682.95|D,2026-07-01 04:49:27+0000,CRWD,"CrowdStrike Holdings, Inc.",0001535527,4,2026-06-25,2026-06-23,0001778564-26-000104,https://www.sec.gov/Archives/edgar/data/1535527/000177856426000104/form4-06252026_080607.xml,nonDerivative,2026-06-24,S,Class A common stock,86,682.95,58733.700000000004,2085969,D,Kurtz George,PRESIDENT AND CEO,true,true,false,PRESIDENT AND CEO,SEC EDGAR
CRWD|0001778564-26-000104|nonDerivative|2026-06-24|Kurtz George|S|Class A common stock|70|685.14|D,2026-07-01 04:49:27+0000,CRWD,"CrowdStrike Holdings, Inc.",0001535527,4,2026-06-25,2026-06-23,0001778564-26-000104,https://www.sec.gov/Archives/edgar/data/1535527/000177856426000104/form4-06252026_080607.xml,nonDerivative,2026-06-24,S,Class A common stock,70,685.14,47959.799999999996,2085899,D,Kurtz George,PRESIDENT AND CEO,true,true,false,PRESIDENT AND CEO,SEC EDGAR
CRWD|0001778564-26-000104|nonDerivative|2026-06-24|Kurtz George|S|Class A common stock|13|687|D,2026-07-01 04:49:27+0000,CRWD,"CrowdStrike Holdings, Inc.",0001535527,4,2026-06-25,2026-06-23,0001778564-26-000104,https://www.sec.gov/Archives/edgar/data/1535527/000177856426000104/form4-06252026_080607.xml,nonDerivative,2026-06-24,S,Class A common stock,13,687,8931.0,2085886,D,Kurtz George,PRESIDENT AND CEO,true,true,false,PRESIDENT AND CEO,SEC EDGAR
CRWD|0001778564-26-000103|nonDerivative|2026-06-23|Kurtz George|S|Class A common stock|13|664|D,2026-07-01 04:49:27+0000,CRWD,"CrowdStrike Holdings, Inc.",0001535527,4,2026-06-25,2026-06-23,0001778564-26-000103,https://www.sec.gov/Archives/edgar/data/1535527/000177856426000103/form4-06252026_080601.xml,nonDerivative,2026-06-23,S,Class A common stock,13,664,8632.0,2090873,D,Kurtz George,PRESIDENT AND CEO,true,true,false,PRESIDENT AND CEO,SEC EDGAR
CRWD|0001778564-26-000103|nonDerivative|2026-06-23|Kurtz George|S|Class A common stock|39|665.66|D,2026-07-01 04:49:27+0000,CRWD,"CrowdStrike Holdings, Inc.",0001535527,4,2026-06-25,2026-06-23,0001778564-26-000103,https://www.sec.gov/Archives/edgar/data/1535527/000177856426000103/form4-06252026_080601.xml,nonDerivative,2026-06-23,S,Class A common stock,39,665.66,25960.739999999998,2090834,D,Kurtz George,PRESIDENT AND CEO,true,true,false,PRESIDENT AND CEO,SEC EDGAR
CRWD|0001778564-26-000103|nonDerivative|2026-06-23|Kurtz George|S|Class A common stock|26|668.32|D,2026-07-01 04:49:27+0000,CRWD,"CrowdStrike Holdings, Inc.",0001535527,4,2026-06-25,2026-06-23,0001778564-26-000103,https://www.sec.gov/Archives/edgar/data/1535527/000177856426000103/form4-06252026_080601.xml,nonDerivative,2026-06-23,S,Class A common stock,26,668.32,17376.32,2090808,D,Kurtz George,PRESIDENT AND CEO,true,true,false,PRESIDENT AND CEO,SEC EDGAR
CRWD|0001778564-26-000103|nonDerivative|2026-06-23|Kurtz George|S|Class A common stock|26|669.91|D,2026-07-01 04:49:27+0000,CRWD,"CrowdStrike Holdings, Inc.",0001535527,4,2026-06-25,2026-06-23,0001778564-26-000103,https://www.sec.gov/Archives/edgar/data/1535527/000177856426000103/form4-06252026_080601.xml,nonDerivative,2026-06-23,S,Class A common stock,26,669.91,17417.66,2090782,D,Kurtz George,PRESIDENT AND CEO,true,true,false,PRESIDENT AND CEO,SEC EDGAR
CRWD|0001778564-26-000103|nonDerivative|2026-06-23|Kurtz George|S|Class A common stock|39|670.91|D,2026-07-01 04:49:27+0000,CRWD,"CrowdStrike Holdings, Inc.",0001535527,4,2026-06-25,2026-06-23,0001778564-26-000103,https://www.sec.gov/Archives/edgar/data/1535527/000177856426000103/form4-06252026_080601.xml,nonDerivative,2026-06-23,S,Class A common stock,39,670.91,26165.489999999998,2090743,D,Kurtz George,PRESIDENT AND CEO,true,true,false,PRESIDENT AND CEO,SEC EDGAR
CRWD|0001778564-26-000103|nonDerivative|2026-06-23|Kurtz George|S|Class A common stock|65|674.18|D,2026-07-01 04:49:27+0000,CRWD,"CrowdStrike Holdings, Inc.",0001535527,4,2026-06-25,2026-06-23,0001778564-26-000103,https://www.sec.gov/Archives/edgar/data/1535527/000177856426000103/form4-06252026_080601.xml,nonDerivative,2026-06-23,S,Class A common stock,65,674.18,43821.7,2090678,D,Kurtz George,PRESIDENT AND CEO,true,true,false,PRESIDENT AND CEO,SEC EDGAR
CRWD|0001778564-26-000103|nonDerivative|2026-06-23|Kurtz George|S|Class A common stock|78|675.42|D,2026-07-01 04:49:27+0000,CRWD,"CrowdStrike Holdings, Inc.",0001535527,4,2026-06-25,2026-06-23,0001778564-26-000103,https://www.sec.gov/Archives/edgar/data/1535527/000177856426000103/form4-06252026_080601.xml,nonDerivative,2026-06-23,S,Class A common stock,78,675.42,52682.759999999995,2090600,D,Kurtz George,PRESIDENT AND CEO,true,true,false,PRESIDENT AND CEO,SEC EDGAR
CRWD|0001778564-26-000103|nonDerivative|2026-06-23|Kurtz George|S|Class A common stock|52|676.14|D,2026-07-01 04:49:27+0000,CRWD,"CrowdStrike Holdings, Inc.",0001535527,4,2026-06-25,2026-06-23,0001778564-26-000103,https://www.sec.gov/Archives/edgar/data/1535527/000177856426000103/form4-06252026_080601.xml,nonDerivative,2026-06-23,S,Class A common stock,52,676.14,35159.28,2090548,D,Kurtz George,PRESIDENT AND CEO,true,true,false,PRESIDENT AND CEO,SEC EDGAR
CRWD|0001778564-26-000103|nonDerivative|2026-06-23|Kurtz George|S|Class A common stock|78|677.66|D,2026-07-01 04:49:27+0000,CRWD,"CrowdStrike Holdings, Inc.",0001535527,4,2026-06-25,2026-06-23,0001778564-26-000103,https://www.sec.gov/Archives/edgar/data/1535527/000177856426000103/form4-06252026_080601.xml,nonDerivative,2026-06-23,S,Class A common stock,78,677.66,52857.479999999996,2090470,D,Kurtz George,PRESIDENT AND CEO,true,true,false,PRESIDENT AND CEO,SEC EDGAR
CRWD|0001778564-26-000103|nonDerivative|2026-06-23|Kurtz George|S|Class A common stock|169|678.77|D,2026-07-01 04:49:27+0000,CRWD,"CrowdStrike Holdings, Inc.",0001535527,4,2026-06-25,2026-06-23,0001778564-26-000103,https://www.sec.gov/Archives/edgar/data/1535527/000177856426000103/form4-06252026_080601.xml,nonDerivative,2026-06-23,S,Class A common stock,169,678.77,114712.12999999999,2090301,D,Kurtz George,PRESIDENT AND CEO,true,true,false,PRESIDENT AND CEO,SEC EDGAR
CRWD|0001778564-26-000103|nonDerivative|2026-06-23|Kurtz George|S|Class A common stock|247|680.02|D,2026-07-01 04:49:27+0000,CRWD,"CrowdStrike Holdings, Inc.",0001535527,4,2026-06-25,2026-06-23,0001778564-26-000103,https://www.sec.gov/Archives/edgar/data/1535527/000177856426000103/form4-06252026_080601.xml,nonDerivative,2026-06-23,S,Class A common stock,247,680.02,167964.94,2090054,D,Kurtz George,PRESIDENT AND CEO,true,true,false,PRESIDENT AND CEO,SEC EDGAR
CRWD|0001778564-26-000103|nonDerivative|2026-06-23|Kurtz George|S|Class A common stock|536|681|D,2026-07-01 04:49:27+0000,CRWD,"CrowdStrike Holdings, Inc.",0001535527,4,2026-06-25,2026-06-23,0001778564-26-000103,https://www.sec.gov/Archives/edgar/data/1535527/000177856426000103/form4-06252026_080601.xml,nonDerivative,2026-06-23,S,Class A common stock,536,681,365016.0,2089518,D,Kurtz George,PRESIDENT AND CEO,true,true,false,PRESIDENT AND CEO,SEC EDGAR
CRWD|0001778564-26-000103|nonDerivative|2026-06-23|Kurtz George|S|Class A common stock|274|681.89|D,2026-07-01 04:49:27+0000,CRWD,"CrowdStrike Holdings, Inc.",0001535527,4,2026-06-25,2026-06-23,0001778564-26-000103,https://www.sec.gov/Archives/edgar/data/1535527/000177856426000103/form4-06252026_080601.xml,nonDerivative,2026-06-23,S,Class A common stock,274,681.89,186837.86,2089244,D,Kurtz George,PRESIDENT AND CEO,true,true,false,PRESIDENT AND CEO,SEC EDGAR
CRWD|0001778564-26-000103|nonDerivative|2026-06-23|Kurtz George|S|Class A common stock|130|683|D,2026-07-01 04:49:27+0000,CRWD,"CrowdStrike Holdings, Inc.",0001535527,4,2026-06-25,2026-06-23,0001778564-26-000103,https://www.sec.gov/Archives/edgar/data/1535527/000177856426000103/form4-06252026_080601.xml,nonDerivative,2026-06-23,S,Class A common stock,130,683,88790.0,2089114,D,Kurtz George,PRESIDENT AND CEO,true,true,false,PRESIDENT AND CEO,SEC EDGAR
CRWD|0001778564-26-000103|nonDerivative|2026-06-23|Kurtz George|S|Class A common stock|117|684.22|D,2026-07-01 04:49:27+0000,CRWD,"CrowdStrike Holdings, Inc.",0001535527,4,2026-06-25,2026-06-23,0001778564-26-000103,https://www.sec.gov/Archives/edgar/data/1535527/000177856426000103/form4-06252026_080601.xml,nonDerivative,2026-06-23,S,Class A common stock,117,684.22,80053.74,2088997,D,Kurtz George,PRESIDENT AND CEO,true,true,false,PRESIDENT AND CEO,SEC EDGAR
CRWD|0001778564-26-000103|nonDerivative|2026-06-23|Kurtz George|S|Class A common stock|104|685.22|D,2026-07-01 04:49:27+0000,CRWD,"CrowdStrike Holdings, Inc.",0001535527,4,2026-06-25,2026-06-23,0001778564-26-000103,https://www.sec.gov/Archives/edgar/data/1535527/000177856426000103/form4-06252026_080601.xml,nonDerivative,2026-06-23,S,Class A common stock,104,685.22,71262.88,2088893,D,Kurtz George,PRESIDENT AND CEO,true,true,false,PRESIDENT AND CEO,SEC EDGAR
CRWD|0001778564-26-000103|nonDerivative|2026-06-23|Kurtz George|S|Class A common stock|143|686.58|D,2026-07-01 04:49:27+0000,CRWD,"CrowdStrike Holdings, Inc.",0001535527,4,2026-06-25,2026-06-23,0001778564-26-000103,https://www.sec.gov/Archives/edgar/data/1535527/000177856426000103/form4-06252026_080601.xml,nonDerivative,2026-06-23,S,Class A common stock,143,686.58,98180.94,2088750,D,Kurtz George,PRESIDENT AND CEO,true,true,false,PRESIDENT AND CEO,SEC EDGAR
CRWD|0001778564-26-000103|nonDerivative|2026-06-23|Kurtz George|S|Class A common stock|212|687.80|D,2026-07-01 04:49:27+0000,CRWD,"CrowdStrike Holdings, Inc.",0001535527,4,2026-06-25,2026-06-23,0001778564-26-000103,https://www.sec.gov/Archives/edgar/data/1535527/000177856426000103/form4-06252026_080601.xml,nonDerivative,2026-06-23,S,Class A common stock,212,687.80,145813.59999999998,2088538,D,Kurtz George,PRESIDENT AND CEO,true,true,false,PRESIDENT AND CEO,SEC EDGAR
CRWD|0001778564-26-000103|nonDerivative|2026-06-23|Kurtz George|S|Class A common stock|35|688.25|D,2026-07-01 04:49:27+0000,CRWD,"CrowdStrike Holdings, Inc.",0001535527,4,2026-06-25,2026-06-23,0001778564-26-000103,https://www.sec.gov/Archives/edgar/data/1535527/000177856426000103/form4-06252026_080601.xml,nonDerivative,2026-06-23,S,Class A common stock,35,688.25,24088.75,2088503,D,Kurtz George,PRESIDENT AND CEO,true,true,false,PRESIDENT AND CEO,SEC EDGAR
CRWD|0001778564-26-000103|nonDerivative|2026-06-23|Kurtz George|S|Class A common stock|104|689.65|D,2026-07-01 04:49:27+0000,CRWD,"CrowdStrike Holdings, Inc.",0001535527,4,2026-06-25,2026-06-23,0001778564-26-000103,https://www.sec.gov/Archives/edgar/data/1535527/000177856426000103/form4-06252026_080601.xml,nonDerivative,2026-06-23,S,Class A common stock,104,689.65,71723.59999999999,2088399,D,Kurtz George,PRESIDENT AND CEO,true,true,false,PRESIDENT AND CEO,SEC EDGAR
CRWD|0001778564-26-000103|nonDerivative|2026-06-23|Kurtz George|S|Class A common stock|13|690.37|D,2026-07-01 04:49:27+0000,CRWD,"CrowdStrike Holdings, Inc.",0001535527,4,2026-06-25,2026-06-23,0001778564-26-000103,https://www.sec.gov/Archives/edgar/data/1535527/000177856426000103/form4-06252026_080601.xml,nonDerivative,2026-06-23,S,Class A common stock,13,690.37,8974.81,2088386,D,Kurtz George,PRESIDENT AND CEO,true,true,false,PRESIDENT AND CEO,SEC EDGAR
CRWD|0001778564-26-000103|nonDerivative|2026-06-24|Kurtz George|S|Class A common stock|78|670.38|D,2026-07-01 04:49:27+0000,CRWD,"CrowdStrike Holdings, Inc.",0001535527,4,2026-06-25,2026-06-23,0001778564-26-000103,https://www.sec.gov/Archives/edgar/data/1535527/000177856426000103/form4-06252026_080601.xml,nonDerivative,2026-06-24,S,Class A common stock,78,670.38,52289.64,2088308,D,Kurtz George,PRESIDENT AND CEO,true,true,false,PRESIDENT AND CEO,SEC EDGAR
CRWD|0001778564-26-000103|nonDerivative|2026-06-24|Kurtz George|S|Class A common stock|247|671.42|D,2026-07-01 04:49:27+0000,CRWD,"CrowdStrike Holdings, Inc.",0001535527,4,2026-06-25,2026-06-23,0001778564-26-000103,https://www.sec.gov/Archives/edgar/data/1535527/000177856426000103/form4-06252026_080601.xml,nonDerivative,2026-06-24,S,Class A common stock,247,671.42,165840.74,2088061,D,Kurtz George,PRESIDENT AND CEO,true,true,false,PRESIDENT AND CEO,SEC EDGAR
CRWD|0001778564-26-000103|nonDerivative|2026-06-24|Kurtz George|S|Class A common stock|342|672.46|D,2026-07-01 04:49:27+0000,CRWD,"CrowdStrike Holdings, Inc.",0001535527,4,2026-06-25,2026-06-23,0001778564-26-000103,https://www.sec.gov/Archives/edgar/data/1535527/000177856426000103/form4-06252026_080601.xml,nonDerivative,2026-06-24,S,Class A common stock,342,672.46,229981.32,2087719,D,Kurtz George,PRESIDENT AND CEO,true,true,false,PRESIDENT AND CEO,SEC EDGAR
CRWD|0001778564-26-000103|nonDerivative|2026-06-24|Kurtz George|S|Class A common stock|273|673.34|D,2026-07-01 04:49:27+0000,CRWD,"CrowdStrike Holdings, Inc.",0001535527,4,2026-06-25,2026-06-23,0001778564-26-000103,https://www.sec.gov/Archives/edgar/data/1535527/000177856426000103/form4-06252026_080601.xml,nonDerivative,2026-06-24,S,Class A common stock,273,673.34,183821.82,2087446,D,Kurtz George,PRESIDENT AND CEO,true,true,false,PRESIDENT AND CEO,SEC EDGAR
CRWD|0001778564-26-000103|nonDerivative|2026-06-24|Kurtz George|S|Class A common stock|91|674.27|D,2026-07-01 04:49:27+0000,CRWD,"CrowdStrike Holdings, Inc.",0001535527,4,2026-06-25,2026-06-23,0001778564-26-000103,https://www.sec.gov/Archives/edgar/data/1535527/000177856426000103/form4-06252026_080601.xml,nonDerivative,2026-06-24,S,Class A common stock,91,674.27,61358.57,2087355,D,Kurtz George,PRESIDENT AND CEO,true,true,false,PRESIDENT AND CEO,SEC EDGAR
CRWD|0001778564-26-000103|nonDerivative|2026-06-24|Kurtz George|S|Class A common stock|104|675.26|D,2026-07-01 04:49:27+0000,CRWD,"CrowdStrike Holdings, Inc.",0001535527,4,2026-06-25,2026-06-23,0001778564-26-000103,https://www.sec.gov/Archives/edgar/data/1535527/000177856426000103/form4-06252026_080601.xml,nonDerivative,2026-06-24,S,Class A common stock,104,675.26,70227.04,2087251,D,Kurtz George,PRESIDENT AND CEO,true,true,false,PRESIDENT AND CEO,SEC EDGAR
CRWD|0001778564-26-000103|nonDerivative|2026-06-24|Kurtz George|S|Class A common stock|156|676.59|D,2026-07-01 04:49:27+0000,CRWD,"CrowdStrike Holdings, Inc.",0001535527,4,2026-06-25,2026-06-23,0001778564-26-000103,https://www.sec.gov/Archives/edgar/data/1535527/000177856426000103/form4-06252026_080601.xml,nonDerivative,2026-06-24,S,Class A common stock,156,676.59,105548.04000000001,2087095,D,Kurtz George,PRESIDENT AND CEO,true,true,false,PRESIDENT AND CEO,SEC EDGAR
CRWD|0001778564-26-000103|nonDerivative|2026-06-24|Kurtz George|S|Class A common stock|182|677.59|D,2026-07-01 04:49:27+0000,CRWD,"CrowdStrike Holdings, Inc.",0001535527,4,2026-06-25,2026-06-23,0001778564-26-000103,https://www.sec.gov/Archives/edgar/data/1535527/000177856426000103/form4-06252026_080601.xml,nonDerivative,2026-06-24,S,Class A common stock,182,677.59,123321.38,2086913,D,Kurtz George,PRESIDENT AND CEO,true,true,false,PRESIDENT AND CEO,SEC EDGAR
COST|0000909832-26-000053|nonDerivative|2026-06-23|DENMAN KENNETH D|S|Common Stock|885|957.4525|D,2026-07-01 04:49:27+0000,COST,COSTCO WHOLESALE CORP /NEW,0000909832,4,2026-06-25,2026-06-23,0000909832-26-000053,https://www.sec.gov/Archives/edgar/data/909832/000090983226000053/form4.xml,nonDerivative,2026-06-23,S,Common Stock,885,957.4525,847345.4625,4778.936,D,DENMAN KENNETH D,Director,1,,,,SEC EDGAR
BDX|0001628280-26-045374|nonDerivative|2026-06-24|Garrison Michael David|S|Common Stock|1100|145.66|D,2026-07-01 04:49:27+0000,BDX,BECTON DICKINSON & CO,0000010795,4,2026-06-25,2026-06-24,0001628280-26-045374,https://www.sec.gov/Archives/edgar/data/10795/000162828026045374/wk-form4_1782396959.xml,nonDerivative,2026-06-24,S,Common Stock,1100,145.66,160226.0,13172,D,Garrison Michael David,"Officer, EVP & Pres Med.Essntl&BioPharm",0,1,0,EVP & Pres Med.Essntl&BioPharm,SEC EDGAR
XYZ|0001628280-26-045296|nonDerivative|2026-06-22|Eisen Anthony Mathew|S|Class A  Common Stock|6000|74.28|D,2026-07-01 04:49:27+0000,XYZ,"Block, Inc.",0001512673,4,2026-06-24,2026-06-22,0001628280-26-045296,https://www.sec.gov/Archives/edgar/data/1512673/000162828026045296/wk-form4_1782336968.xml,nonDerivative,2026-06-22,S,Class A  Common Stock,6000,74.28,445680.0,1952672,D,Eisen Anthony Mathew,Director,1,0,0,,SEC EDGAR
XYZ|0001628280-26-045296|nonDerivative|2026-06-23|Eisen Anthony Mathew|S|Class A  Common Stock|6000|72.29|D,2026-07-01 04:49:27+0000,XYZ,"Block, Inc.",0001512673,4,2026-06-24,2026-06-22,0001628280-26-045296,https://www.sec.gov/Archives/edgar/data/1512673/000162828026045296/wk-form4_1782336968.xml,nonDerivative,2026-06-23,S,Class A  Common Stock,6000,72.29,433740.00000000006,1946672,D,Eisen Anthony Mathew,Director,1,0,0,,SEC EDGAR
XYZ|0001628280-26-045296|nonDerivative|2026-06-24|Eisen Anthony Mathew|S|Class A  Common Stock|6000|74.01|D,2026-07-01 04:49:27+0000,XYZ,"Block, Inc.",0001512673,4,2026-06-24,2026-06-22,0001628280-26-045296,https://www.sec.gov/Archives/edgar/data/1512673/000162828026045296/wk-form4_1782336968.xml,nonDerivative,2026-06-24,S,Class A  Common Stock,6000,74.01,444060.00000000006,1940672,D,Eisen Anthony Mathew,Director,1,0,0,,SEC EDGAR
WDAY|0000938071-26-000038|nonDerivative|2026-06-22|DUFFIELD DAVID A|C|Class A Common Stock|107500|0|D,2026-07-01 04:49:27+0000,WDAY,"Workday, Inc.",0001327811,4,2026-06-24,2026-06-22,0000938071-26-000038,https://www.sec.gov/Archives/edgar/data/1327811/000093807126000038/wk-form4_1782332139.xml,nonDerivative,2026-06-22,C,Class A Common Stock,107500,0,0.0,212549,D,DUFFIELD DAVID A,10% Owner,0,0,1,,SEC EDGAR
WDAY|0000938071-26-000038|nonDerivative|2026-06-22|DUFFIELD DAVID A|S|Class A Common Stock|16008|112.0772|D,2026-07-01 04:49:27+0000,WDAY,"Workday, Inc.",0001327811,4,2026-06-24,2026-06-22,0000938071-26-000038,https://www.sec.gov/Archives/edgar/data/1327811/000093807126000038/wk-form4_1782332139.xml,nonDerivative,2026-06-22,S,Class A Common Stock,16008,112.0772,1794131.8176000002,196541,D,DUFFIELD DAVID A,10% Owner,0,0,1,,SEC EDGAR
WDAY|0000938071-26-000038|nonDerivative|2026-06-22|DUFFIELD DAVID A|S|Class A Common Stock|49759|112.9198|D,2026-07-01 04:49:27+0000,WDAY,"Workday, Inc.",0001327811,4,2026-06-24,2026-06-22,0000938071-26-000038,https://www.sec.gov/Archives/edgar/data/1327811/000093807126000038/wk-form4_1782332139.xml,nonDerivative,2026-06-22,S,Class A Common Stock,49759,112.9198,5618776.328199999,146782,D,DUFFIELD DAVID A,10% Owner,0,0,1,,SEC EDGAR
WDAY|0000938071-26-000038|nonDerivative|2026-06-22|DUFFIELD DAVID A|S|Class A Common Stock|6920|114.1481|D,2026-07-01 04:49:27+0000,WDAY,"Workday, Inc.",0001327811,4,2026-06-24,2026-06-22,0000938071-26-000038,https://www.sec.gov/Archives/edgar/data/1327811/000093807126000038/wk-form4_1782332139.xml,nonDerivative,2026-06-22,S,Class A Common Stock,6920,114.1481,789904.852,139862,D,DUFFIELD DAVID A,10% Owner,0,0,1,,SEC EDGAR
WDAY|0000938071-26-000038|nonDerivative|2026-06-22|DUFFIELD DAVID A|S|Class A Common Stock|7033|114.9445|D,2026-07-01 04:49:27+0000,WDAY,"Workday, Inc.",0001327811,4,2026-06-24,2026-06-22,0000938071-26-000038,https://www.sec.gov/Archives/edgar/data/1327811/000093807126000038/wk-form4_1782332139.xml,nonDerivative,2026-06-22,S,Class A Common Stock,7033,114.9445,808404.6685,132829,D,DUFFIELD DAVID A,10% Owner,0,0,1,,SEC EDGAR
WDAY|0000938071-26-000038|nonDerivative|2026-06-22|DUFFIELD DAVID A|S|Class A Common Stock|3900|116.1567|D,2026-07-01 04:49:27+0000,WDAY,"Workday, Inc.",0001327811,4,2026-06-24,2026-06-22,0000938071-26-000038,https://www.sec.gov/Archives/edgar/data/1327811/000093807126000038/wk-form4_1782332139.xml,nonDerivative,2026-06-22,S,Class A Common Stock,3900,116.1567,453011.13,128929,D,DUFFIELD DAVID A,10% Owner,0,0,1,,SEC EDGAR
WDAY|0000938071-26-000038|nonDerivative|2026-06-22|DUFFIELD DAVID A|S|Class A Common Stock|10587|117.2009|D,2026-07-01 04:49:27+0000,WDAY,"Workday, Inc.",0001327811,4,2026-06-24,2026-06-22,0000938071-26-000038,https://www.sec.gov/Archives/edgar/data/1327811/000093807126000038/wk-form4_1782332139.xml,nonDerivative,2026-06-22,S,Class A Common Stock,10587,117.2009,1240805.9283,118342,D,DUFFIELD DAVID A,10% Owner,0,0,1,,SEC EDGAR
WDAY|0000938071-26-000038|nonDerivative|2026-06-22|DUFFIELD DAVID A|S|Class A Common Stock|7602|118.1521|D,2026-07-01 04:49:27+0000,WDAY,"Workday, Inc.",0001327811,4,2026-06-24,2026-06-22,0000938071-26-000038,https://www.sec.gov/Archives/edgar/data/1327811/000093807126000038/wk-form4_1782332139.xml,nonDerivative,2026-06-22,S,Class A Common Stock,7602,118.1521,898192.2642,110740,D,DUFFIELD DAVID A,10% Owner,0,0,1,,SEC EDGAR
WDAY|0000938071-26-000038|nonDerivative|2026-06-22|DUFFIELD DAVID A|S|Class A Common Stock|4151|119.0486|D,2026-07-01 04:49:27+0000,WDAY,"Workday, Inc.",0001327811,4,2026-06-24,2026-06-22,0000938071-26-000038,https://www.sec.gov/Archives/edgar/data/1327811/000093807126000038/wk-form4_1782332139.xml,nonDerivative,2026-06-22,S,Class A Common Stock,4151,119.0486,494170.7386,106589,D,DUFFIELD DAVID A,10% Owner,0,0,1,,SEC EDGAR
WDAY|0000938071-26-000038|nonDerivative|2026-06-22|DUFFIELD DAVID A|S|Class A Common Stock|1540|119.844|D,2026-07-01 04:49:27+0000,WDAY,"Workday, Inc.",0001327811,4,2026-06-24,2026-06-22,0000938071-26-000038,https://www.sec.gov/Archives/edgar/data/1327811/000093807126000038/wk-form4_1782332139.xml,nonDerivative,2026-06-22,S,Class A Common Stock,1540,119.844,184559.75999999998,105049,D,DUFFIELD DAVID A,10% Owner,0,0,1,,SEC EDGAR
WDAY|0000938071-26-000038|derivative|2026-06-22|DUFFIELD DAVID A|C|Class B Common Stock|107500|0|D,2026-07-01 04:49:27+0000,WDAY,"Workday, Inc.",0001327811,4,2026-06-24,2026-06-22,0000938071-26-000038,https://www.sec.gov/Archives/edgar/data/1327811/000093807126000038/wk-form4_1782332139.xml,derivative,2026-06-22,C,Class B Common Stock,107500,0,0.0,36883834,D,DUFFIELD DAVID A,10% Owner,0,0,1,,SEC EDGAR
VRSN|0001204816-26-000018|nonDerivative|2026-06-23|BIDZOS D JAMES|S|Common Stock|507|246.7847|D,2026-07-01 04:49:27+0000,VRSN,VERISIGN INC/CA,0001014473,4,2026-06-24,2026-06-23,0001204816-26-000018,https://www.sec.gov/Archives/edgar/data/1014473/000120481626000018/wk-form4_1782335064.xml,nonDerivative,2026-06-23,S,Common Stock,507,246.7847,125119.84289999999,432232.0301,D,BIDZOS D JAMES,"Director, Officer, Exec. Chairman, Pres, & CEO",1,1,0,"Exec. Chairman, Pres, & CEO",SEC EDGAR
VRSN|0001204816-26-000018|nonDerivative|2026-06-23|BIDZOS D JAMES|S|Common Stock|993|247.617|D,2026-07-01 04:49:27+0000,VRSN,VERISIGN INC/CA,0001014473,4,2026-06-24,2026-06-23,0001204816-26-000018,https://www.sec.gov/Archives/edgar/data/1014473/000120481626000018/wk-form4_1782335064.xml,nonDerivative,2026-06-23,S,Common Stock,993,247.617,245883.68099999998,431239.0301,D,BIDZOS D JAMES,"Director, Officer, Exec. Chairman, Pres, & CEO",1,1,0,"Exec. Chairman, Pres, & CEO",SEC EDGAR
VRSN|0001204816-26-000018|nonDerivative|2026-06-23|BIDZOS D JAMES|S|Common Stock|700|248.7986|D,2026-07-01 04:49:27+0000,VRSN,VERISIGN INC/CA,0001014473,4,2026-06-24,2026-06-23,0001204816-26-000018,https://www.sec.gov/Archives/edgar/data/1014473/000120481626000018/wk-form4_1782335064.xml,nonDerivative,2026-06-23,S,Common Stock,700,248.7986,174159.02,430539.0301,D,BIDZOS D JAMES,"Director, Officer, Exec. Chairman, Pres, & CEO",1,1,0,"Exec. Chairman, Pres, & CEO",SEC EDGAR
VRSN|0001204816-26-000018|nonDerivative|2026-06-23|BIDZOS D JAMES|S|Common Stock|1100|249.98|D,2026-07-01 04:49:27+0000,VRSN,VERISIGN INC/CA,0001014473,4,2026-06-24,2026-06-23,0001204816-26-000018,https://www.sec.gov/Archives/edgar/data/1014473/000120481626000018/wk-form4_1782335064.xml,nonDerivative,2026-06-23,S,Common Stock,1100,249.98,274978.0,429439.0301,D,BIDZOS D JAMES,"Director, Officer, Exec. Chairman, Pres, & CEO",1,1,0,"Exec. Chairman, Pres, & CEO",SEC EDGAR
TPL|0001437749-26-021531|nonDerivative|2026-06-23|HORIZON KINETICS ASSET MANAGEMENT LLC|P|Common Stock|1|370.60|D,2026-07-01 04:49:27+0000,TPL,Texas Pacific Land Corp,0001811074,4,2026-06-24,2026-06-23,0001437749-26-021531,https://www.sec.gov/Archives/edgar/data/1811074/000143774926021531/rdgdoc.xml,nonDerivative,2026-06-23,P,Common Stock,1,370.60,370.6,3393558,D,HORIZON KINETICS ASSET MANAGEMENT LLC,10% Owner,,,1,,SEC EDGAR
TDG|0001352573-26-000011|nonDerivative|2026-06-18|Howley W Nicholas|J|Common Stock|0.00|0.00|I,2026-07-01 04:49:27+0000,TDG,TransDigm Group INC,0001260221,4/A,2026-06-24,2026-06-18,0001352573-26-000011,https://www.sec.gov/Archives/edgar/data/1260221/000135257326000011/primarydocument.xml,nonDerivative,2026-06-18,J,Common Stock,0.00,0.00,0.0,21547.513,I,Howley W Nicholas,,true,false,false,,SEC EDGAR
PANW|0001852540-26-000005|nonDerivative|2026-06-23|Golechha Dipak|S|Common Stock|300|284.80|D,2026-07-01 04:49:27+0000,PANW,Palo Alto Networks Inc,0001327567,4,2026-06-24,2026-06-23,0001852540-26-000005,https://www.sec.gov/Archives/edgar/data/1327567/000185254026000005/ownership.xml,nonDerivative,2026-06-23,S,Common Stock,300,284.80,85440.0,149950,D,Golechha Dipak,"EVP, Chief Financial Officer",false,true,false,"EVP, Chief Financial Officer",SEC EDGAR
PANW|0001852540-26-000005|nonDerivative|2026-06-23|Golechha Dipak|S|Common Stock|200|286.675|D,2026-07-01 04:49:27+0000,PANW,Palo Alto Networks Inc,0001327567,4,2026-06-24,2026-06-23,0001852540-26-000005,https://www.sec.gov/Archives/edgar/data/1327567/000185254026000005/ownership.xml,nonDerivative,2026-06-23,S,Common Stock,200,286.675,57335.0,149750,D,Golechha Dipak,"EVP, Chief Financial Officer",false,true,false,"EVP, Chief Financial Officer",SEC EDGAR
PANW|0001852540-26-000005|nonDerivative|2026-06-23|Golechha Dipak|S|Common Stock|1300|288.957|D,2026-07-01 04:49:27+0000,PANW,Palo Alto Networks Inc,0001327567,4,2026-06-24,2026-06-23,0001852540-26-000005,https://www.sec.gov/Archives/edgar/data/1327567/000185254026000005/ownership.xml,nonDerivative,2026-06-23,S,Common Stock,1300,288.957,375644.1,148450,D,Golechha Dipak,"EVP, Chief Financial Officer",false,true,false,"EVP, Chief Financial Officer",SEC EDGAR
PANW|0001852540-26-000005|nonDerivative|2026-06-23|Golechha Dipak|S|Common Stock|2100|290.032|D,2026-07-01 04:49:27+0000,PANW,Palo Alto Networks Inc,0001327567,4,2026-06-24,2026-06-23,0001852540-26-000005,https://www.sec.gov/Archives/edgar/data/1327567/000185254026000005/ownership.xml,nonDerivative,2026-06-23,S,Common Stock,2100,290.032,609067.2,146350,D,Golechha Dipak,"EVP, Chief Financial Officer",false,true,false,"EVP, Chief Financial Officer",SEC EDGAR
PANW|0001852540-26-000005|nonDerivative|2026-06-23|Golechha Dipak|S|Common Stock|886|291.067|D,2026-07-01 04:49:27+0000,PANW,Palo Alto Networks Inc,0001327567,4,2026-06-24,2026-06-23,0001852540-26-000005,https://www.sec.gov/Archives/edgar/data/1327567/000185254026000005/ownership.xml,nonDerivative,2026-06-23,S,Common Stock,886,291.067,257885.362,145464,D,Golechha Dipak,"EVP, Chief Financial Officer",false,true,false,"EVP, Chief Financial Officer",SEC EDGAR
PANW|0001852540-26-000005|nonDerivative|2026-06-23|Golechha Dipak|S|Common Stock|214|291.837|D,2026-07-01 04:49:27+0000,PANW,Palo Alto Networks Inc,0001327567,4,2026-06-24,2026-06-23,0001852540-26-000005,https://www.sec.gov/Archives/edgar/data/1327567/000185254026000005/ownership.xml,nonDerivative,2026-06-23,S,Common Stock,214,291.837,62453.117999999995,145250,D,Golechha Dipak,"EVP, Chief Financial Officer",false,true,false,"EVP, Chief Financial Officer",SEC EDGAR
OXY|0001628280-26-045313|nonDerivative|2026-06-23|Jackson Richard A.|P|Common Stock|4770|52.38|D,2026-07-01 04:49:27+0000,OXY,OCCIDENTAL PETROLEUM CORP /DE/,0000797468,4,2026-06-24,2026-06-23,0001628280-26-045313,https://www.sec.gov/Archives/edgar/data/797468/000162828026045313/wk-form4_1782342238.xml,nonDerivative,2026-06-23,P,Common Stock,4770,52.38,249852.6,444098,D,Jackson Richard A.,"Director, Officer, President and CEO",1,1,0,President and CEO,SEC EDGAR
KEY|0000950157-26-000748|nonDerivative|2026-06-23|BANK OF NOVA SCOTIA|D|Common Shares|205976|22.71|D,2026-07-01 04:49:27+0000,KEY,KEYCORP /NEW/,0000091576,4,2026-06-24,2026-06-23,0000950157-26-000748,https://www.sec.gov/Archives/edgar/data/91576/000095015726000748/ownership.xml,nonDerivative,2026-06-23,D,Common Shares,205976,22.71,4677714.96,157885378,D,BANK OF NOVA SCOTIA,"Director, 10% Owner",1,0,1,,SEC EDGAR
INTU|0001628280-26-045254|nonDerivative|2026-06-23|DALZELL RICHARD L|S|Common Stock|284|262.32|D,2026-07-01 04:49:27+0000,INTU,INTUIT INC.,0000896878,4,2026-06-24,2026-06-23,0001628280-26-045254,https://www.sec.gov/Archives/edgar/data/896878/000162828026045254/wk-form4_1782334704.xml,nonDerivative,2026-06-23,S,Common Stock,284,262.32,74498.88,11758,D,DALZELL RICHARD L,Director,1,0,0,,SEC EDGAR
"HSY|0000950142-26-001868|nonDerivative|2026-06-22|HERSHEY TRUST CO TRUSTEE IN TRUST FOR MILTON HERSHEY SCHOOL|S|Common Stock, $1.00 par value|58|167.9612|D",2026-07-01 04:49:27+0000,HSY,HERSHEY CO,0000047111,4,2026-06-24,2026-06-22,0000950142-26-001868,https://www.sec.gov/Archives/edgar/data/47111/000095014226001868/es260797187_4-hsy.xml,nonDerivative,2026-06-22,S,"Common Stock, $1.00 par value",58,167.9612,9741.7496,1396061,D,HERSHEY TRUST CO TRUSTEE IN TRUST FOR MILTON HERSHEY SCHOOL,10% Owner,0,0,1,,SEC EDGAR
"HSY|0000950142-26-001868|nonDerivative|2026-06-22|HERSHEY TRUST CO TRUSTEE IN TRUST FOR MILTON HERSHEY SCHOOL|S|Common Stock, $1.00 par value|734|168.6289|D",2026-07-01 04:49:27+0000,HSY,HERSHEY CO,0000047111,4,2026-06-24,2026-06-22,0000950142-26-001868,https://www.sec.gov/Archives/edgar/data/47111/000095014226001868/es260797187_4-hsy.xml,nonDerivative,2026-06-22,S,"Common Stock, $1.00 par value",734,168.6289,123773.6126,1395327,D,HERSHEY TRUST CO TRUSTEE IN TRUST FOR MILTON HERSHEY SCHOOL,10% Owner,0,0,1,,SEC EDGAR
"HSY|0000950142-26-001868|nonDerivative|2026-06-22|HERSHEY TRUST CO TRUSTEE IN TRUST FOR MILTON HERSHEY SCHOOL|S|Common Stock, $1.00 par value|515|169.4428|D",2026-07-01 04:49:27+0000,HSY,HERSHEY CO,0000047111,4,2026-06-24,2026-06-22,0000950142-26-001868,https://www.sec.gov/Archives/edgar/data/47111/000095014226001868/es260797187_4-hsy.xml,nonDerivative,2026-06-22,S,"Common Stock, $1.00 par value",515,169.4428,87263.042,1394812,D,HERSHEY TRUST CO TRUSTEE IN TRUST FOR MILTON HERSHEY SCHOOL,10% Owner,0,0,1,,SEC EDGAR
"HSY|0000950142-26-001868|nonDerivative|2026-06-22|HERSHEY TRUST CO TRUSTEE IN TRUST FOR MILTON HERSHEY SCHOOL|S|Common Stock, $1.00 par value|5240|170.7598|D",2026-07-01 04:49:27+0000,HSY,HERSHEY CO,0000047111,4,2026-06-24,2026-06-22,0000950142-26-001868,https://www.sec.gov/Archives/edgar/data/47111/000095014226001868/es260797187_4-hsy.xml,nonDerivative,2026-06-22,S,"Common Stock, $1.00 par value",5240,170.7598,894781.3520000001,1389572,D,HERSHEY TRUST CO TRUSTEE IN TRUST FOR MILTON HERSHEY SCHOOL,10% Owner,0,0,1,,SEC EDGAR
"HSY|0000950142-26-001868|nonDerivative|2026-06-22|HERSHEY TRUST CO TRUSTEE IN TRUST FOR MILTON HERSHEY SCHOOL|S|Common Stock, $1.00 par value|1450|171.4983|D",2026-07-01 04:49:27+0000,HSY,HERSHEY CO,0000047111,4,2026-06-24,2026-06-22,0000950142-26-001868,https://www.sec.gov/Archives/edgar/data/47111/000095014226001868/es260797187_4-hsy.xml,nonDerivative,2026-06-22,S,"Common Stock, $1.00 par value",1450,171.4983,248672.535,1388122,D,HERSHEY TRUST CO TRUSTEE IN TRUST FOR MILTON HERSHEY SCHOOL,10% Owner,0,0,1,,SEC EDGAR
"HSY|0000950142-26-001868|nonDerivative|2026-06-22|HERSHEY TRUST CO TRUSTEE IN TRUST FOR MILTON HERSHEY SCHOOL|S|Common Stock, $1.00 par value|1275|172.3456|D",2026-07-01 04:49:27+0000,HSY,HERSHEY CO,0000047111,4,2026-06-24,2026-06-22,0000950142-26-001868,https://www.sec.gov/Archives/edgar/data/47111/000095014226001868/es260797187_4-hsy.xml,nonDerivative,2026-06-22,S,"Common Stock, $1.00 par value",1275,172.3456,219740.63999999998,1386847,D,HERSHEY TRUST CO TRUSTEE IN TRUST FOR MILTON HERSHEY SCHOOL,10% Owner,0,0,1,,SEC EDGAR
"HSY|0000950142-26-001868|nonDerivative|2026-06-22|HERSHEY TRUST CO TRUSTEE IN TRUST FOR MILTON HERSHEY SCHOOL|S|Common Stock, $1.00 par value|728|173.2904|D",2026-07-01 04:49:27+0000,HSY,HERSHEY CO,0000047111,4,2026-06-24,2026-06-22,0000950142-26-001868,https://www.sec.gov/Archives/edgar/data/47111/000095014226001868/es260797187_4-hsy.xml,nonDerivative,2026-06-22,S,"Common Stock, $1.00 par value",728,173.2904,126155.4112,1386119,D,HERSHEY TRUST CO TRUSTEE IN TRUST FOR MILTON HERSHEY SCHOOL,10% Owner,0,0,1,,SEC EDGAR
"HSY|0000950142-26-001868|nonDerivative|2026-06-23|HERSHEY TRUST CO TRUSTEE IN TRUST FOR MILTON HERSHEY SCHOOL|S|Common Stock, $1.00 par value|200|173.8700|D",2026-07-01 04:49:27+0000,HSY,HERSHEY CO,0000047111,4,2026-06-24,2026-06-22,0000950142-26-001868,https://www.sec.gov/Archives/edgar/data/47111/000095014226001868/es260797187_4-hsy.xml,nonDerivative,2026-06-23,S,"Common Stock, $1.00 par value",200,173.8700,34774.0,1385919,D,HERSHEY TRUST CO TRUSTEE IN TRUST FOR MILTON HERSHEY SCHOOL,10% Owner,0,0,1,,SEC EDGAR
"HSY|0000950142-26-001868|nonDerivative|2026-06-23|HERSHEY TRUST CO TRUSTEE IN TRUST FOR MILTON HERSHEY SCHOOL|S|Common Stock, $1.00 par value|1500|174.4607|D",2026-07-01 04:49:27+0000,HSY,HERSHEY CO,0000047111,4,2026-06-24,2026-06-22,0000950142-26-001868,https://www.sec.gov/Archives/edgar/data/47111/000095014226001868/es260797187_4-hsy.xml,nonDerivative,2026-06-23,S,"Common Stock, $1.00 par value",1500,174.4607,261691.05000000002,1384419,D,HERSHEY TRUST CO TRUSTEE IN TRUST FOR MILTON HERSHEY SCHOOL,10% Owner,0,0,1,,SEC EDGAR
"HSY|0000950142-26-001868|nonDerivative|2026-06-23|HERSHEY TRUST CO TRUSTEE IN TRUST FOR MILTON HERSHEY SCHOOL|S|Common Stock, $1.00 par value|2500|175.5911|D",2026-07-01 04:49:27+0000,HSY,HERSHEY CO,0000047111,4,2026-06-24,2026-06-22,0000950142-26-001868,https://www.sec.gov/Archives/edgar/data/47111/000095014226001868/es260797187_4-hsy.xml,nonDerivative,2026-06-23,S,"Common Stock, $1.00 par value",2500,175.5911,438977.75,1381919,D,HERSHEY TRUST CO TRUSTEE IN TRUST FOR MILTON HERSHEY SCHOOL,10% Owner,0,0,1,,SEC EDGAR
"HSY|0000950142-26-001868|nonDerivative|2026-06-23|HERSHEY TRUST CO TRUSTEE IN TRUST FOR MILTON HERSHEY SCHOOL|S|Common Stock, $1.00 par value|200|176.4150|D",2026-07-01 04:49:27+0000,HSY,HERSHEY CO,0000047111,4,2026-06-24,2026-06-22,0000950142-26-001868,https://www.sec.gov/Archives/edgar/data/47111/000095014226001868/es260797187_4-hsy.xml,nonDerivative,2026-06-23,S,"Common Stock, $1.00 par value",200,176.4150,35283.0,1381719,D,HERSHEY TRUST CO TRUSTEE IN TRUST FOR MILTON HERSHEY SCHOOL,10% Owner,0,0,1,,SEC EDGAR
"HSY|0000950142-26-001868|nonDerivative|2026-06-23|HERSHEY TRUST CO TRUSTEE IN TRUST FOR MILTON HERSHEY SCHOOL|S|Common Stock, $1.00 par value|300|177.7694|D",2026-07-01 04:49:27+0000,HSY,HERSHEY CO,0000047111,4,2026-06-24,2026-06-22,0000950142-26-001868,https://www.sec.gov/Archives/edgar/data/47111/000095014226001868/es260797187_4-hsy.xml,nonDerivative,2026-06-23,S,"Common Stock, $1.00 par value",300,177.7694,53330.82,1381419,D,HERSHEY TRUST CO TRUSTEE IN TRUST FOR MILTON HERSHEY SCHOOL,10% Owner,0,0,1,,SEC EDGAR
"HSY|0000950142-26-001868|nonDerivative|2026-06-23|HERSHEY TRUST CO TRUSTEE IN TRUST FOR MILTON HERSHEY SCHOOL|S|Common Stock, $1.00 par value|3611|178.2694|D",2026-07-01 04:49:27+0000,HSY,HERSHEY CO,0000047111,4,2026-06-24,2026-06-22,0000950142-26-001868,https://www.sec.gov/Archives/edgar/data/47111/000095014226001868/es260797187_4-hsy.xml,nonDerivative,2026-06-23,S,"Common Stock, $1.00 par value",3611,178.2694,643730.8034,1377808,D,HERSHEY TRUST CO TRUSTEE IN TRUST FOR MILTON HERSHEY SCHOOL,10% Owner,0,0,1,,SEC EDGAR
"HSY|0000950142-26-001868|nonDerivative|2026-06-23|HERSHEY TRUST CO TRUSTEE IN TRUST FOR MILTON HERSHEY SCHOOL|S|Common Stock, $1.00 par value|1689|179.2700|D",2026-07-01 04:49:27+0000,HSY,HERSHEY CO,0000047111,4,2026-06-24,2026-06-22,0000950142-26-001868,https://www.sec.gov/Archives/edgar/data/47111/000095014226001868/es260797187_4-hsy.xml,nonDerivative,2026-06-23,S,"Common Stock, $1.00 par value",1689,179.2700,302787.03,1376119,D,HERSHEY TRUST CO TRUSTEE IN TRUST FOR MILTON HERSHEY SCHOOL,10% Owner,0,0,1,,SEC EDGAR
"HSY|0000950142-26-001868|nonDerivative|2026-06-24|HERSHEY TRUST CO TRUSTEE IN TRUST FOR MILTON HERSHEY SCHOOL|S|Common Stock, $1.00 par value|644|180.6527|D",2026-07-01 04:49:27+0000,HSY,HERSHEY CO,0000047111,4,2026-06-24,2026-06-22,0000950142-26-001868,https://www.sec.gov/Archives/edgar/data/47111/000095014226001868/es260797187_4-hsy.xml,nonDerivative,2026-06-24,S,"Common Stock, $1.00 par value",644,180.6527,116340.33880000001,1375475,D,HERSHEY TRUST CO TRUSTEE IN TRUST FOR MILTON HERSHEY SCHOOL,10% Owner,0,0,1,,SEC EDGAR
"HSY|0000950142-26-001868|nonDerivative|2026-06-24|HERSHEY TRUST CO TRUSTEE IN TRUST FOR MILTON HERSHEY SCHOOL|S|Common Stock, $1.00 par value|2973|181.5494|D",2026-07-01 04:49:27+0000,HSY,HERSHEY CO,0000047111,4,2026-06-24,2026-06-22,0000950142-26-001868,https://www.sec.gov/Archives/edgar/data/47111/000095014226001868/es260797187_4-hsy.xml,nonDerivative,2026-06-24,S,"Common Stock, $1.00 par value",2973,181.5494,539746.3661999999,1372502,D,HERSHEY TRUST CO TRUSTEE IN TRUST FOR MILTON HERSHEY SCHOOL,10% Owner,0,0,1,,SEC EDGAR
"HSY|0000950142-26-001868|nonDerivative|2026-06-24|HERSHEY TRUST CO TRUSTEE IN TRUST FOR MILTON HERSHEY SCHOOL|S|Common Stock, $1.00 par value|2134|182.5490|D",2026-07-01 04:49:27+0000,HSY,HERSHEY CO,0000047111,4,2026-06-24,2026-06-22,0000950142-26-001868,https://www.sec.gov/Archives/edgar/data/47111/000095014226001868/es260797187_4-hsy.xml,nonDerivative,2026-06-24,S,"Common Stock, $1.00 par value",2134,182.5490,389559.566,1370368,D,HERSHEY TRUST CO TRUSTEE IN TRUST FOR MILTON HERSHEY SCHOOL,10% Owner,0,0,1,,SEC EDGAR
"HSY|0000950142-26-001868|nonDerivative|2026-06-24|HERSHEY TRUST CO TRUSTEE IN TRUST FOR MILTON HERSHEY SCHOOL|S|Common Stock, $1.00 par value|4249|183.1376|D",2026-07-01 04:49:27+0000,HSY,HERSHEY CO,0000047111,4,2026-06-24,2026-06-22,0000950142-26-001868,https://www.sec.gov/Archives/edgar/data/47111/000095014226001868/es260797187_4-hsy.xml,nonDerivative,2026-06-24,S,"Common Stock, $1.00 par value",4249,183.1376,778151.6623999999,1366119,D,HERSHEY TRUST CO TRUSTEE IN TRUST FOR MILTON HERSHEY SCHOOL,10% Owner,0,0,1,,SEC EDGAR
"F|0000037996-26-000149|nonDerivative|2026-06-23|THORNTON JOHN L|P|Common Stock, $0.01 par value|10600|14.0453|D",2026-07-01 04:49:27+0000,F,FORD MOTOR CO,0000037996,4,2026-06-24,2026-06-23,0000037996-26-000149,https://www.sec.gov/Archives/edgar/data/37996/000003799626000149/wk-form4_1782332186.xml,nonDerivative,2026-06-23,P,"Common Stock, $0.01 par value",10600,14.0453,148880.18,486685,D,THORNTON JOHN L,Director,1,0,0,,SEC EDGAR
DVN|0001193125-26-281148|nonDerivative|2026-06-22|DEVON ENERGY CORP/DE|J|Class B Shares|1755174|0|I,2026-07-01 04:49:27+0000,DVN,DEVON ENERGY CORP/DE,0001090012,4,2026-06-24,2026-06-22,0001193125-26-281148,https://www.sec.gov/Archives/edgar/data/1090012/000119312526281148/ownership.xml,nonDerivative,2026-06-22,J,Class B Shares,1755174,0,0.0,16002051,I,DEVON ENERGY CORP/DE,,false,false,true,,SEC EDGAR
DVN|0001193125-26-281148|nonDerivative|2026-06-22|DEVON ENERGY CORP/DE|C|Class A Shares|1755174|0|I,2026-07-01 04:49:27+0000,DVN,DEVON ENERGY CORP/DE,0001090012,4,2026-06-24,2026-06-22,0001193125-26-281148,https://www.sec.gov/Archives/edgar/data/1090012/000119312526281148/ownership.xml,nonDerivative,2026-06-22,C,Class A Shares,1755174,0,0.0,1755174,I,DEVON ENERGY CORP/DE,,false,false,true,,SEC EDGAR
DVN|0001193125-26-281148|nonDerivative|2026-06-22|DEVON ENERGY CORP/DE|S|Class A Shares|1755174|30.05|I,2026-07-01 04:49:27+0000,DVN,DEVON ENERGY CORP/DE,0001090012,4,2026-06-24,2026-06-22,0001193125-26-281148,https://www.sec.gov/Archives/edgar/data/1090012/000119312526281148/ownership.xml,nonDerivative,2026-06-22,S,Class A Shares,1755174,30.05,52742978.7,0,I,DEVON ENERGY CORP/DE,,false,false,true,,SEC EDGAR
DVN|0001193125-26-281148|derivative|2026-06-22|DEVON ENERGY CORP/DE|C|WBI Operating LLC Units|1755174|0|I,2026-07-01 04:49:27+0000,DVN,DEVON ENERGY CORP/DE,0001090012,4,2026-06-24,2026-06-22,0001193125-26-281148,https://www.sec.gov/Archives/edgar/data/1090012/000119312526281148/ownership.xml,derivative,2026-06-22,C,WBI Operating LLC Units,1755174,0,0.0,16002051,I,DEVON ENERGY CORP/DE,,false,false,true,,SEC EDGAR
DIS|0001628280-26-045260|nonDerivative|2026-06-23|Coleman Sonia L|M|Disney Common Stock|809||D,2026-07-01 04:49:27+0000,DIS,Walt Disney Co,0001744489,4,2026-06-24,2026-06-22,0001628280-26-045260,https://www.sec.gov/Archives/edgar/data/1744489/000162828026045260/wk-form4_1782334852.xml,nonDerivative,2026-06-23,M,Disney Common Stock,809,,,811,D,Coleman Sonia L,"Officer, Sr. EVP & Chief People Officer",0,1,0,Sr. EVP & Chief People Officer,SEC EDGAR
DIS|0001628280-26-045260|nonDerivative|2026-06-23|Coleman Sonia L|F|Disney Common Stock|291|102.92|D,2026-07-01 04:49:27+0000,DIS,Walt Disney Co,0001744489,4,2026-06-24,2026-06-22,0001628280-26-045260,https://www.sec.gov/Archives/edgar/data/1744489/000162828026045260/wk-form4_1782334852.xml,nonDerivative,2026-06-23,F,Disney Common Stock,291,102.92,29949.72,520,D,Coleman Sonia L,"Officer, Sr. EVP & Chief People Officer",0,1,0,Sr. EVP & Chief People Officer,SEC EDGAR
DIS|0001628280-26-045260|derivative|2026-06-22|Coleman Sonia L|A|Restricted Stock Unit|1719.8123|0|D,2026-07-01 04:49:27+0000,DIS,Walt Disney Co,0001744489,4,2026-06-24,2026-06-22,0001628280-26-045260,https://www.sec.gov/Archives/edgar/data/1744489/000162828026045260/wk-form4_1782334852.xml,derivative,2026-06-22,A,Restricted Stock Unit,1719.8123,0,0.0,4079.7036,D,Coleman Sonia L,"Officer, Sr. EVP & Chief People Officer",0,1,0,Sr. EVP & Chief People Officer,SEC EDGAR
DIS|0001628280-26-045260|derivative|2026-06-23|Coleman Sonia L|M|Restricted Stock Unit|809|0|D,2026-07-01 04:49:27+0000,DIS,Walt Disney Co,0001744489,4,2026-06-24,2026-06-22,0001628280-26-045260,https://www.sec.gov/Archives/edgar/data/1744489/000162828026045260/wk-form4_1782334852.xml,derivative,2026-06-23,M,Restricted Stock Unit,809,0,0.0,0,D,Coleman Sonia L,"Officer, Sr. EVP & Chief People Officer",0,1,0,Sr. EVP & Chief People Officer,SEC EDGAR
DELL|0001662205-26-000007|nonDerivative|2026-06-22|Radakovich Lynn Vojvodich|M|Class C Common Stock|12022|31.14|D,2026-07-01 04:49:27+0000,DELL,Dell Technologies Inc.,0001571996,4,2026-06-24,2026-06-22,0001662205-26-000007,https://www.sec.gov/Archives/edgar/data/1571996/000166220526000007/wk-form4_1782331769.xml,nonDerivative,2026-06-22,M,Class C Common Stock,12022,31.14,374365.08,37289,D,Radakovich Lynn Vojvodich,Director,1,0,0,,SEC EDGAR
DELL|0001662205-26-000007|nonDerivative|2026-06-22|Radakovich Lynn Vojvodich|S|Class C Common Stock|12022|421|D,2026-07-01 04:49:27+0000,DELL,Dell Technologies Inc.,0001571996,4,2026-06-24,2026-06-22,0001662205-26-000007,https://www.sec.gov/Archives/edgar/data/1571996/000166220526000007/wk-form4_1782331769.xml,nonDerivative,2026-06-22,S,Class C Common Stock,12022,421,5061262.0,25267,D,Radakovich Lynn Vojvodich,Director,1,0,0,,SEC EDGAR
DELL|0001662205-26-000007|derivative|2026-06-22|Radakovich Lynn Vojvodich|M|Options to Acquire Class C Common Stock|12022|0|D,2026-07-01 04:49:27+0000,DELL,Dell Technologies Inc.,0001571996,4,2026-06-24,2026-06-22,0001662205-26-000007,https://www.sec.gov/Archives/edgar/data/1571996/000166220526000007/wk-form4_1782331769.xml,derivative,2026-06-22,M,Options to Acquire Class C Common Stock,12022,0,0.0,51979,D,Radakovich Lynn Vojvodich,Director,1,0,0,,SEC EDGAR
DDOG|0001561550-26-000228|nonDerivative|2026-06-22|Le-Quoc Alexis|C|Class A Common Stock|43224||D,2026-07-01 04:49:27+0000,DDOG,"Datadog, Inc.",0001561550,4,2026-06-24,2026-06-22,0001561550-26-000228,https://www.sec.gov/Archives/edgar/data/1561550/000156155026000228/wk-form4_1782333249.xml,nonDerivative,2026-06-22,C,Class A Common Stock,43224,,,553029,D,Le-Quoc Alexis,"Director, Officer, Chief Technology Officer",1,1,0,Chief Technology Officer,SEC EDGAR
DDOG|0001561550-26-000228|nonDerivative|2026-06-22|Le-Quoc Alexis|S|Class A Common Stock|2800|217.1258|D,2026-07-01 04:49:27+0000,DDOG,"Datadog, Inc.",0001561550,4,2026-06-24,2026-06-22,0001561550-26-000228,https://www.sec.gov/Archives/edgar/data/1561550/000156155026000228/wk-form4_1782333249.xml,nonDerivative,2026-06-22,S,Class A Common Stock,2800,217.1258,607952.24,550229,D,Le-Quoc Alexis,"Director, Officer, Chief Technology Officer",1,1,0,Chief Technology Officer,SEC EDGAR
DDOG|0001561550-26-000228|nonDerivative|2026-06-22|Le-Quoc Alexis|S|Class A Common Stock|3300|218.1417|D,2026-07-01 04:49:27+0000,DDOG,"Datadog, Inc.",0001561550,4,2026-06-24,2026-06-22,0001561550-26-000228,https://www.sec.gov/Archives/edgar/data/1561550/000156155026000228/wk-form4_1782333249.xml,nonDerivative,2026-06-22,S,Class A Common Stock,3300,218.1417,719867.61,546929,D,Le-Quoc Alexis,"Director, Officer, Chief Technology Officer",1,1,0,Chief Technology Officer,SEC EDGAR
DDOG|0001561550-26-000228|nonDerivative|2026-06-22|Le-Quoc Alexis|S|Class A Common Stock|7903|219.1029|D,2026-07-01 04:49:27+0000,DDOG,"Datadog, Inc.",0001561550,4,2026-06-24,2026-06-22,0001561550-26-000228,https://www.sec.gov/Archives/edgar/data/1561550/000156155026000228/wk-form4_1782333249.xml,nonDerivative,2026-06-22,S,Class A Common Stock,7903,219.1029,1731570.2187,539026,D,Le-Quoc Alexis,"Director, Officer, Chief Technology Officer",1,1,0,Chief Technology Officer,SEC EDGAR
DDOG|0001561550-26-000228|nonDerivative|2026-06-22|Le-Quoc Alexis|S|Class A Common Stock|2977|220.1371|D,2026-07-01 04:49:27+0000,DDOG,"Datadog, Inc.",0001561550,4,2026-06-24,2026-06-22,0001561550-26-000228,https://www.sec.gov/Archives/edgar/data/1561550/000156155026000228/wk-form4_1782333249.xml,nonDerivative,2026-06-22,S,Class A Common Stock,2977,220.1371,655348.1467,536049,D,Le-Quoc Alexis,"Director, Officer, Chief Technology Officer",1,1,0,Chief Technology Officer,SEC EDGAR
DDOG|0001561550-26-000228|nonDerivative|2026-06-22|Le-Quoc Alexis|S|Class A Common Stock|14844|221.2817|D,2026-07-01 04:49:27+0000,DDOG,"Datadog, Inc.",0001561550,4,2026-06-24,2026-06-22,0001561550-26-000228,https://www.sec.gov/Archives/edgar/data/1561550/000156155026000228/wk-form4_1782333249.xml,nonDerivative,2026-06-22,S,Class A Common Stock,14844,221.2817,3284705.5548,521205,D,Le-Quoc Alexis,"Director, Officer, Chief Technology Officer",1,1,0,Chief Technology Officer,SEC EDGAR
DDOG|0001561550-26-000228|nonDerivative|2026-06-22|Le-Quoc Alexis|S|Class A Common Stock|4076|222.1186|D,2026-07-01 04:49:27+0000,DDOG,"Datadog, Inc.",0001561550,4,2026-06-24,2026-06-22,0001561550-26-000228,https://www.sec.gov/Archives/edgar/data/1561550/000156155026000228/wk-form4_1782333249.xml,nonDerivative,2026-06-22,S,Class A Common Stock,4076,222.1186,905355.4136,517129,D,Le-Quoc Alexis,"Director, Officer, Chief Technology Officer",1,1,0,Chief Technology Officer,SEC EDGAR
DDOG|0001561550-26-000228|nonDerivative|2026-06-22|Le-Quoc Alexis|S|Class A Common Stock|2124|223.0964|D,2026-07-01 04:49:27+0000,DDOG,"Datadog, Inc.",0001561550,4,2026-06-24,2026-06-22,0001561550-26-000228,https://www.sec.gov/Archives/edgar/data/1561550/000156155026000228/wk-form4_1782333249.xml,nonDerivative,2026-06-22,S,Class A Common Stock,2124,223.0964,473856.7536,515005,D,Le-Quoc Alexis,"Director, Officer, Chief Technology Officer",1,1,0,Chief Technology Officer,SEC EDGAR
DDOG|0001561550-26-000228|nonDerivative|2026-06-22|Le-Quoc Alexis|S|Class A Common Stock|1600|224.1378|D,2026-07-01 04:49:27+0000,DDOG,"Datadog, Inc.",0001561550,4,2026-06-24,2026-06-22,0001561550-26-000228,https://www.sec.gov/Archives/edgar/data/1561550/000156155026000228/wk-form4_1782333249.xml,nonDerivative,2026-06-22,S,Class A Common Stock,1600,224.1378,358620.48,513405,D,Le-Quoc Alexis,"Director, Officer, Chief Technology Officer",1,1,0,Chief Technology Officer,SEC EDGAR
DDOG|0001561550-26-000228|nonDerivative|2026-06-22|Le-Quoc Alexis|S|Class A Common Stock|1400|225.3077|D,2026-07-01 04:49:27+0000,DDOG,"Datadog, Inc.",0001561550,4,2026-06-24,2026-06-22,0001561550-26-000228,https://www.sec.gov/Archives/edgar/data/1561550/000156155026000228/wk-form4_1782333249.xml,nonDerivative,2026-06-22,S,Class A Common Stock,1400,225.3077,315430.78,512005,D,Le-Quoc Alexis,"Director, Officer, Chief Technology Officer",1,1,0,Chief Technology Officer,SEC EDGAR
DDOG|0001561550-26-000228|nonDerivative|2026-06-22|Le-Quoc Alexis|S|Class A Common Stock|1700|226.4137|D,2026-07-01 04:49:27+0000,DDOG,"Datadog, Inc.",0001561550,4,2026-06-24,2026-06-22,0001561550-26-000228,https://www.sec.gov/Archives/edgar/data/1561550/000156155026000228/wk-form4_1782333249.xml,nonDerivative,2026-06-22,S,Class A Common Stock,1700,226.4137,384903.29000000004,510305,D,Le-Quoc Alexis,"Director, Officer, Chief Technology Officer",1,1,0,Chief Technology Officer,SEC EDGAR
DDOG|0001561550-26-000228|nonDerivative|2026-06-22|Le-Quoc Alexis|S|Class A Common Stock|500|227.412|D,2026-07-01 04:49:27+0000,DDOG,"Datadog, Inc.",0001561550,4,2026-06-24,2026-06-22,0001561550-26-000228,https://www.sec.gov/Archives/edgar/data/1561550/000156155026000228/wk-form4_1782333249.xml,nonDerivative,2026-06-22,S,Class A Common Stock,500,227.412,113706.0,509805,D,Le-Quoc Alexis,"Director, Officer, Chief Technology Officer",1,1,0,Chief Technology Officer,SEC EDGAR
DDOG|0001561550-26-000228|derivative|2026-06-22|Le-Quoc Alexis|C|Class B Common Stock|43224|0|D,2026-07-01 04:49:27+0000,DDOG,"Datadog, Inc.",0001561550,4,2026-06-24,2026-06-22,0001561550-26-000228,https://www.sec.gov/Archives/edgar/data/1561550/000156155026000228/wk-form4_1782333249.xml,derivative,2026-06-22,C,Class B Common Stock,43224,0,0.0,2395188,D,Le-Quoc Alexis,"Director, Officer, Chief Technology Officer",1,1,0,Chief Technology Officer,SEC EDGAR
DASH|0001833552-26-000012|nonDerivative|2026-06-22|Yandell Keith|A|Class A Common Stock|37296|0|D,2026-07-01 04:49:27+0000,DASH,"DoorDash, Inc.",0001792789,4,2026-06-24,2026-06-22,0001833552-26-000012,https://www.sec.gov/Archives/edgar/data/1792789/000183355226000012/form4-06242026_040601.xml,nonDerivative,2026-06-22,A,Class A Common Stock,37296,0,0.0,118402,D,Yandell Keith,CHIEF BUSINESS OFFICER,false,true,false,CHIEF BUSINESS OFFICER,SEC EDGAR
DASH|0001833552-26-000012|nonDerivative|2026-06-22|Yandell Keith|A|Class A Common Stock|12432|0|D,2026-07-01 04:49:27+0000,DASH,"DoorDash, Inc.",0001792789,4,2026-06-24,2026-06-22,0001833552-26-000012,https://www.sec.gov/Archives/edgar/data/1792789/000183355226000012/form4-06242026_040601.xml,nonDerivative,2026-06-22,A,Class A Common Stock,12432,0,0.0,130834,D,Yandell Keith,CHIEF BUSINESS OFFICER,false,true,false,CHIEF BUSINESS OFFICER,SEC EDGAR
"CSGP|0001796961-26-000004|nonDerivative|2026-06-23|Sams Louise S|A|Common Stock, par value $0.01 per share|8262|0|D",2026-07-01 04:49:27+0000,CSGP,"COSTAR GROUP, INC.",0001057352,4,2026-06-24,2026-06-23,0001796961-26-000004,https://www.sec.gov/Archives/edgar/data/1057352/000179696126000004/wk-form4_1782350010.xml,nonDerivative,2026-06-23,A,"Common Stock, par value $0.01 per share",8262,0,0.0,28671,D,Sams Louise S,Director,1,0,0,,SEC EDGAR
"CSGP|0001390194-26-000002|nonDerivative|2026-06-23|Musslewhite Robert W|A|Common Stock, par value $0.01 per share|8262|0|D",2026-07-01 04:49:27+0000,CSGP,"COSTAR GROUP, INC.",0001057352,4,2026-06-24,2026-06-23,0001390194-26-000002,https://www.sec.gov/Archives/edgar/data/1057352/000139019426000002/wk-form4_1782350016.xml,nonDerivative,2026-06-23,A,"Common Stock, par value $0.01 per share",8262,0,0.0,26539,D,Musslewhite Robert W,Director,1,0,0,,SEC EDGAR
"CSGP|0001628280-26-045326|nonDerivative|2026-06-23|McCarthy Christine M|A|Common Stock, par value $0.01 per share|8262|0|D",2026-07-01 04:49:27+0000,CSGP,"COSTAR GROUP, INC.",0001057352,4,2026-06-24,2026-06-23,0001628280-26-045326,https://www.sec.gov/Archives/edgar/data/1057352/000162828026045326/wk-form4_1782349960.xml,nonDerivative,2026-06-23,A,"Common Stock, par value $0.01 per share",8262,0,0.0,11585,D,McCarthy Christine M,Director,1,0,0,,SEC EDGAR
"CSGP|0001351689-26-000002|nonDerivative|2026-06-23|Hill John W|A|Common Stock, par value $0.01 per share|8262|0|D",2026-07-01 04:49:27+0000,CSGP,"COSTAR GROUP, INC.",0001057352,4,2026-06-24,2026-06-23,0001351689-26-000002,https://www.sec.gov/Archives/edgar/data/1057352/000135168926000002/wk-form4_1782350028.xml,nonDerivative,2026-06-23,A,"Common Stock, par value $0.01 per share",8262,0,0.0,26493,D,Hill John W,Director,1,0,0,,SEC EDGAR
"CSGP|0001497570-26-000011|nonDerivative|2026-06-23|Glaser Rachel C|A|Common Stock, par value $0.01 per share|8262|0|D",2026-07-01 04:49:27+0000,CSGP,"COSTAR GROUP, INC.",0001057352,4,2026-06-24,2026-06-23,0001497570-26-000011,https://www.sec.gov/Archives/edgar/data/1057352/000149757026000011/wk-form4_1782350040.xml,nonDerivative,2026-06-23,A,"Common Stock, par value $0.01 per share",8262,0,0.0,12419,D,Glaser Rachel C,Director,1,0,0,,SEC EDGAR
"CSGP|0001742356-26-000002|nonDerivative|2026-06-23|Brunner Angelique G.|A|Common Stock, par value $0.01 per share|8262|0|D",2026-07-01 04:49:27+0000,CSGP,"COSTAR GROUP, INC.",0001057352,4,2026-06-24,2026-06-23,0001742356-26-000002,https://www.sec.gov/Archives/edgar/data/1057352/000174235626000002/wk-form4_1782350022.xml,nonDerivative,2026-06-23,A,"Common Stock, par value $0.01 per share",8262,0,0.0,18428,D,Brunner Angelique G.,Director,1,0,0,,SEC EDGAR
"CSGP|0001449719-26-000002|nonDerivative|2026-06-23|BERISFORD JOHN L|A|Common Stock, par value $0.01 per share|8262|0|D",2026-07-01 04:49:27+0000,CSGP,"COSTAR GROUP, INC.",0001057352,4,2026-06-24,2026-06-23,0001449719-26-000002,https://www.sec.gov/Archives/edgar/data/1057352/000144971926000002/wk-form4_1782350034.xml,nonDerivative,2026-06-23,A,"Common Stock, par value $0.01 per share",8262,0,0.0,11235,D,BERISFORD JOHN L,Director,1,0,0,,SEC EDGAR
COR|0001765744-26-000006|nonDerivative|2026-06-22|Tyler Lauren M|P|Common Stock|550|270.23|D,2026-07-01 04:49:27+0000,COR,"Cencora, Inc.",0001140859,4,2026-06-24,2026-06-22,0001765744-26-000006,https://www.sec.gov/Archives/edgar/data/1140859/000176574426000006/wk-form4_1782331452.xml,nonDerivative,2026-06-22,P,Common Stock,550,270.23,148626.5,4359,D,Tyler Lauren M,Director,1,0,0,,SEC EDGAR
CDNS|0000813672-26-000082|nonDerivative|2026-06-22|TENG CHIN-CHI|M|Common Stock|1000|202.94|D,2026-07-01 04:49:27+0000,CDNS,CADENCE DESIGN SYSTEMS INC,0000813672,4,2026-06-24,2026-06-22,0000813672-26-000082,https://www.sec.gov/Archives/edgar/data/813672/000081367226000082/wk-form4_1782336804.xml,nonDerivative,2026-06-22,M,Common Stock,1000,202.94,202940.0,149781,D,TENG CHIN-CHI,"Officer, Sr. Vice President",0,1,0,Sr. Vice President,SEC EDGAR
CDNS|0000813672-26-000082|nonDerivative|2026-06-22|TENG CHIN-CHI|S|Common Stock|200|379.184|D,2026-07-01 04:49:27+0000,CDNS,CADENCE DESIGN SYSTEMS INC,0000813672,4,2026-06-24,2026-06-22,0000813672-26-000082,https://www.sec.gov/Archives/edgar/data/813672/000081367226000082/wk-form4_1782336804.xml,nonDerivative,2026-06-22,S,Common Stock,200,379.184,75836.8,149581,D,TENG CHIN-CHI,"Officer, Sr. Vice President",0,1,0,Sr. Vice President,SEC EDGAR
CDNS|0000813672-26-000082|nonDerivative|2026-06-22|TENG CHIN-CHI|S|Common Stock|280|379.9157|D,2026-07-01 04:49:27+0000,CDNS,CADENCE DESIGN SYSTEMS INC,0000813672,4,2026-06-24,2026-06-22,0000813672-26-000082,https://www.sec.gov/Archives/edgar/data/813672/000081367226000082/wk-form4_1782336804.xml,nonDerivative,2026-06-22,S,Common Stock,280,379.9157,106376.39600000001,149301,D,TENG CHIN-CHI,"Officer, Sr. Vice President",0,1,0,Sr. Vice President,SEC EDGAR
CDNS|0000813672-26-000082|nonDerivative|2026-06-22|TENG CHIN-CHI|S|Common Stock|400|381.2788|D,2026-07-01 04:49:27+0000,CDNS,CADENCE DESIGN SYSTEMS INC,0000813672,4,2026-06-24,2026-06-22,0000813672-26-000082,https://www.sec.gov/Archives/edgar/data/813672/000081367226000082/wk-form4_1782336804.xml,nonDerivative,2026-06-22,S,Common Stock,400,381.2788,152511.52,148901,D,TENG CHIN-CHI,"Officer, Sr. Vice President",0,1,0,Sr. Vice President,SEC EDGAR
CDNS|0000813672-26-000082|nonDerivative|2026-06-22|TENG CHIN-CHI|S|Common Stock|998|382.3548|D,2026-07-01 04:49:27+0000,CDNS,CADENCE DESIGN SYSTEMS INC,0000813672,4,2026-06-24,2026-06-22,0000813672-26-000082,https://www.sec.gov/Archives/edgar/data/813672/000081367226000082/wk-form4_1782336804.xml,nonDerivative,2026-06-22,S,Common Stock,998,382.3548,381590.0904,147903,D,TENG CHIN-CHI,"Officer, Sr. Vice President",0,1,0,Sr. Vice President,SEC EDGAR
CDNS|0000813672-26-000082|nonDerivative|2026-06-22|TENG CHIN-CHI|S|Common Stock|160|383.3611|D,2026-07-01 04:49:27+0000,CDNS,CADENCE DESIGN SYSTEMS INC,0000813672,4,2026-06-24,2026-06-22,0000813672-26-000082,https://www.sec.gov/Archives/edgar/data/813672/000081367226000082/wk-form4_1782336804.xml,nonDerivative,2026-06-22,S,Common Stock,160,383.3611,61337.776000000005,147743,D,TENG CHIN-CHI,"Officer, Sr. Vice President",0,1,0,Sr. Vice President,SEC EDGAR
CDNS|0000813672-26-000082|nonDerivative|2026-06-22|TENG CHIN-CHI|S|Common Stock|241|384.3943|D,2026-07-01 04:49:27+0000,CDNS,CADENCE DESIGN SYSTEMS INC,0000813672,4,2026-06-24,2026-06-22,0000813672-26-000082,https://www.sec.gov/Archives/edgar/data/813672/000081367226000082/wk-form4_1782336804.xml,nonDerivative,2026-06-22,S,Common Stock,241,384.3943,92639.0263,147502,D,TENG CHIN-CHI,"Officer, Sr. Vice President",0,1,0,Sr. Vice President,SEC EDGAR
CDNS|0000813672-26-000082|nonDerivative|2026-06-22|TENG CHIN-CHI|S|Common Stock|240|385.845|D,2026-07-01 04:49:27+0000,CDNS,CADENCE DESIGN SYSTEMS INC,0000813672,4,2026-06-24,2026-06-22,0000813672-26-000082,https://www.sec.gov/Archives/edgar/data/813672/000081367226000082/wk-form4_1782336804.xml,nonDerivative,2026-06-22,S,Common Stock,240,385.845,92602.8,147262,D,TENG CHIN-CHI,"Officer, Sr. Vice President",0,1,0,Sr. Vice President,SEC EDGAR
CDNS|0000813672-26-000082|nonDerivative|2026-06-22|TENG CHIN-CHI|S|Common Stock|1281|387.4281|D,2026-07-01 04:49:27+0000,CDNS,CADENCE DESIGN SYSTEMS INC,0000813672,4,2026-06-24,2026-06-22,0000813672-26-000082,https://www.sec.gov/Archives/edgar/data/813672/000081367226000082/wk-form4_1782336804.xml,nonDerivative,2026-06-22,S,Common Stock,1281,387.4281,496295.39609999995,145981,D,TENG CHIN-CHI,"Officer, Sr. Vice President",0,1,0,Sr. Vice President,SEC EDGAR
CDNS|0000813672-26-000082|nonDerivative|2026-06-22|TENG CHIN-CHI|S|Common Stock|220|388.8771|D,2026-07-01 04:49:27+0000,CDNS,CADENCE DESIGN SYSTEMS INC,0000813672,4,2026-06-24,2026-06-22,0000813672-26-000082,https://www.sec.gov/Archives/edgar/data/813672/000081367226000082/wk-form4_1782336804.xml,nonDerivative,2026-06-22,S,Common Stock,220,388.8771,85552.962,145761,D,TENG CHIN-CHI,"Officer, Sr. Vice President",0,1,0,Sr. Vice President,SEC EDGAR
CDNS|0000813672-26-000082|nonDerivative|2026-06-22|TENG CHIN-CHI|S|Common Stock|320|389.6263|D,2026-07-01 04:49:27+0000,CDNS,CADENCE DESIGN SYSTEMS INC,0000813672,4,2026-06-24,2026-06-22,0000813672-26-000082,https://www.sec.gov/Archives/edgar/data/813672/000081367226000082/wk-form4_1782336804.xml,nonDerivative,2026-06-22,S,Common Stock,320,389.6263,124680.416,145441,D,TENG CHIN-CHI,"Officer, Sr. Vice President",0,1,0,Sr. Vice President,SEC EDGAR
CDNS|0000813672-26-000082|nonDerivative|2026-06-22|TENG CHIN-CHI|S|Common Stock|160|390.9175|D,2026-07-01 04:49:27+0000,CDNS,CADENCE DESIGN SYSTEMS INC,0000813672,4,2026-06-24,2026-06-22,0000813672-26-000082,https://www.sec.gov/Archives/edgar/data/813672/000081367226000082/wk-form4_1782336804.xml,nonDerivative,2026-06-22,S,Common Stock,160,390.9175,62546.8,145281,D,TENG CHIN-CHI,"Officer, Sr. Vice President",0,1,0,Sr. Vice President,SEC EDGAR
CDNS|0000813672-26-000082|derivative|2026-06-22|TENG CHIN-CHI|M|Non- Qualified Stock Option (right to buy|1000|0|D,2026-07-01 04:49:27+0000,CDNS,CADENCE DESIGN SYSTEMS INC,0000813672,4,2026-06-24,2026-06-22,0000813672-26-000082,https://www.sec.gov/Archives/edgar/data/813672/000081367226000082/wk-form4_1782336804.xml,derivative,2026-06-22,M,Non- Qualified Stock Option (right to buy,1000,0,0.0,10668,D,TENG CHIN-CHI,"Officer, Sr. Vice President",0,1,0,Sr. Vice President,SEC EDGAR
BX|0001213900-26-071510|nonDerivative|2026-06-23|Blackstone Private Multi-Asset Credit & Income Fund|P|Common Shares of Beneficial Interest|765110.941|26.14|I,2026-07-01 04:49:27+0000,BX,Blackstone Inc.,0001393818,4,2026-06-24,2026-06-23,0001213900-26-071510,https://www.sec.gov/Archives/edgar/data/1393818/000121390026071510/ownership.xml,nonDerivative,2026-06-23,P,Common Shares of Beneficial Interest,765110.941,26.14,19999999.99774,7882144.593,I,Blackstone Private Multi-Asset Credit & Income Fund,10% Owner,0,0,1,,SEC EDGAR
BKR|0001709160-26-000016|nonDerivative|2026-06-22|Simonelli Lorenzo|M|Class A Common Stock|99911|35.55|D,2026-07-01 04:49:27+0000,BKR,Baker Hughes Co,0001701605,4,2026-06-24,2026-06-22,0001709160-26-000016,https://www.sec.gov/Archives/edgar/data/1701605/000170916026000016/wk-form4_1782336844.xml,nonDerivative,2026-06-22,M,Class A Common Stock,99911,35.55,3551836.05,884855,D,Simonelli Lorenzo,"Director, Officer, Chairman, President and CEO",1,1,0,"Chairman, President and CEO",SEC EDGAR
BKR|0001709160-26-000016|nonDerivative|2026-06-22|Simonelli Lorenzo|S|Class A Common Stock|181411|58.43|D,2026-07-01 04:49:27+0000,BKR,Baker Hughes Co,0001701605,4,2026-06-24,2026-06-22,0001709160-26-000016,https://www.sec.gov/Archives/edgar/data/1701605/000170916026000016/wk-form4_1782336844.xml,nonDerivative,2026-06-22,S,Class A Common Stock,181411,58.43,10599844.73,703444,D,Simonelli Lorenzo,"Director, Officer, Chairman, President and CEO",1,1,0,"Chairman, President and CEO",SEC EDGAR
BKR|0001709160-26-000016|derivative|2026-06-22|Simonelli Lorenzo|M|Stock Option (Right to Buy)|99911|0|D,2026-07-01 04:49:27+0000,BKR,Baker Hughes Co,0001701605,4,2026-06-24,2026-06-22,0001709160-26-000016,https://www.sec.gov/Archives/edgar/data/1701605/000170916026000016/wk-form4_1782336844.xml,derivative,2026-06-22,M,Stock Option (Right to Buy),99911,0,0.0,0,D,Simonelli Lorenzo,"Director, Officer, Chairman, President and CEO",1,1,0,"Chairman, President and CEO",SEC EDGAR
ANET|0001596532-26-000152|derivative|2026-06-22|Duda Kenneth|M|Non-Qualified Stock Option (right to buy)|17333|0.0|D,2026-07-01 04:49:27+0000,ANET,"Arista Networks, Inc.",0001596532,4,2026-06-24,2026-06-22,0001596532-26-000152,https://www.sec.gov/Archives/edgar/data/1596532/000159653226000152/edgardoc.xml,derivative,2026-06-22,M,Non-Qualified Stock Option (right to buy),17333,0.0,0.0,30667,D,Duda Kenneth,"Director, Officer, President and CTO",1,1,0,President and CTO,SEC EDGAR
ANET|0001596532-26-000151|nonDerivative|2026-06-22|Duda Kenneth|M|Common Stock|17333|15.2769|D,2026-07-01 04:49:27+0000,ANET,"Arista Networks, Inc.",0001596532,4,2026-06-24,2026-06-22,0001596532-26-000151,https://www.sec.gov/Archives/edgar/data/1596532/000159653226000151/edgardoc.xml,nonDerivative,2026-06-22,M,Common Stock,17333,15.2769,264794.5077,30309,D,Duda Kenneth,"Director, Officer, President and CTO",1,1,0,President and CTO,SEC EDGAR
ANET|0001596532-26-000151|nonDerivative|2026-06-22|Duda Kenneth|S|Common Stock|440|167.3472|D,2026-07-01 04:49:27+0000,ANET,"Arista Networks, Inc.",0001596532,4,2026-06-24,2026-06-22,0001596532-26-000151,https://www.sec.gov/Archives/edgar/data/1596532/000159653226000151/edgardoc.xml,nonDerivative,2026-06-22,S,Common Stock,440,167.3472,73632.768,29869,D,Duda Kenneth,"Director, Officer, President and CTO",1,1,0,President and CTO,SEC EDGAR
ANET|0001596532-26-000151|nonDerivative|2026-06-22|Duda Kenneth|S|Common Stock|1824|168.6321|D,2026-07-01 04:49:27+0000,ANET,"Arista Networks, Inc.",0001596532,4,2026-06-24,2026-06-22,0001596532-26-000151,https://www.sec.gov/Archives/edgar/data/1596532/000159653226000151/edgardoc.xml,nonDerivative,2026-06-22,S,Common Stock,1824,168.6321,307584.95040000003,28045,D,Duda Kenneth,"Director, Officer, President and CTO",1,1,0,President and CTO,SEC EDGAR
ANET|0001596532-26-000151|nonDerivative|2026-06-22|Duda Kenneth|S|Common Stock|4537|169.3881|D,2026-07-01 04:49:27+0000,ANET,"Arista Networks, Inc.",0001596532,4,2026-06-24,2026-06-22,0001596532-26-000151,https://www.sec.gov/Archives/edgar/data/1596532/000159653226000151/edgardoc.xml,nonDerivative,2026-06-22,S,Common Stock,4537,169.3881,768513.8097,23508,D,Duda Kenneth,"Director, Officer, President and CTO",1,1,0,President and CTO,SEC EDGAR
ANET|0001596532-26-000151|nonDerivative|2026-06-22|Duda Kenneth|S|Common Stock|1754|170.3667|D,2026-07-01 04:49:27+0000,ANET,"Arista Networks, Inc.",0001596532,4,2026-06-24,2026-06-22,0001596532-26-000151,https://www.sec.gov/Archives/edgar/data/1596532/000159653226000151/edgardoc.xml,nonDerivative,2026-06-22,S,Common Stock,1754,170.3667,298823.19180000003,21754,D,Duda Kenneth,"Director, Officer, President and CTO",1,1,0,President and CTO,SEC EDGAR
ANET|0001596532-26-000151|nonDerivative|2026-06-22|Duda Kenneth|S|Common Stock|1566|171.4862|D,2026-07-01 04:49:27+0000,ANET,"Arista Networks, Inc.",0001596532,4,2026-06-24,2026-06-22,0001596532-26-000151,https://www.sec.gov/Archives/edgar/data/1596532/000159653226000151/edgardoc.xml,nonDerivative,2026-06-22,S,Common Stock,1566,171.4862,268547.3892,20188,D,Duda Kenneth,"Director, Officer, President and CTO",1,1,0,President and CTO,SEC EDGAR
ANET|0001596532-26-000151|nonDerivative|2026-06-22|Duda Kenneth|S|Common Stock|920|172.3236|D,2026-07-01 04:49:27+0000,ANET,"Arista Networks, Inc.",0001596532,4,2026-06-24,2026-06-22,0001596532-26-000151,https://www.sec.gov/Archives/edgar/data/1596532/000159653226000151/edgardoc.xml,nonDerivative,2026-06-22,S,Common Stock,920,172.3236,158537.712,19268,D,Duda Kenneth,"Director, Officer, President and CTO",1,1,0,President and CTO,SEC EDGAR
ANET|0001596532-26-000151|nonDerivative|2026-06-22|Duda Kenneth|S|Common Stock|2323|173.6938|D,2026-07-01 04:49:27+0000,ANET,"Arista Networks, Inc.",0001596532,4,2026-06-24,2026-06-22,0001596532-26-000151,https://www.sec.gov/Archives/edgar/data/1596532/000159653226000151/edgardoc.xml,nonDerivative,2026-06-22,S,Common Stock,2323,173.6938,403490.6974,16945,D,Duda Kenneth,"Director, Officer, President and CTO",1,1,0,President and CTO,SEC EDGAR
ANET|0001596532-26-000151|nonDerivative|2026-06-22|Duda Kenneth|S|Common Stock|3890|174.3686|D,2026-07-01 04:49:27+0000,ANET,"Arista Networks, Inc.",0001596532,4,2026-06-24,2026-06-22,0001596532-26-000151,https://www.sec.gov/Archives/edgar/data/1596532/000159653226000151/edgardoc.xml,nonDerivative,2026-06-22,S,Common Stock,3890,174.3686,678293.8539999999,13055,D,Duda Kenneth,"Director, Officer, President and CTO",1,1,0,President and CTO,SEC EDGAR
ANET|0001596532-26-000151|nonDerivative|2026-06-22|Duda Kenneth|S|Common Stock|79|175.04|D,2026-07-01 04:49:27+0000,ANET,"Arista Networks, Inc.",0001596532,4,2026-06-24,2026-06-22,0001596532-26-000151,https://www.sec.gov/Archives/edgar/data/1596532/000159653226000151/edgardoc.xml,nonDerivative,2026-06-22,S,Common Stock,79,175.04,13828.16,12976,D,Duda Kenneth,"Director, Officer, President and CTO",1,1,0,President and CTO,SEC EDGAR
ANET|0001596532-26-000151|nonDerivative|2026-06-22|Duda Kenneth|S|Common Stock|406|167.3472|I,2026-07-01 04:49:27+0000,ANET,"Arista Networks, Inc.",0001596532,4,2026-06-24,2026-06-22,0001596532-26-000151,https://www.sec.gov/Archives/edgar/data/1596532/000159653226000151/edgardoc.xml,nonDerivative,2026-06-22,S,Common Stock,406,167.3472,67942.9632,1062762,I,Duda Kenneth,"Director, Officer, President and CTO",1,1,0,President and CTO,SEC EDGAR
ANET|0001596532-26-000151|nonDerivative|2026-06-22|Duda Kenneth|S|Common Stock|1683|168.6321|I,2026-07-01 04:49:27+0000,ANET,"Arista Networks, Inc.",0001596532,4,2026-06-24,2026-06-22,0001596532-26-000151,https://www.sec.gov/Archives/edgar/data/1596532/000159653226000151/edgardoc.xml,nonDerivative,2026-06-22,S,Common Stock,1683,168.6321,283807.82430000004,1061079,I,Duda Kenneth,"Director, Officer, President and CTO",1,1,0,President and CTO,SEC EDGAR
ANET|0001596532-26-000151|nonDerivative|2026-06-22|Duda Kenneth|S|Common Stock|4187|169.3881|I,2026-07-01 04:49:27+0000,ANET,"Arista Networks, Inc.",0001596532,4,2026-06-24,2026-06-22,0001596532-26-000151,https://www.sec.gov/Archives/edgar/data/1596532/000159653226000151/edgardoc.xml,nonDerivative,2026-06-22,S,Common Stock,4187,169.3881,709227.9747,1056892,I,Duda Kenneth,"Director, Officer, President and CTO",1,1,0,President and CTO,SEC EDGAR
ANET|0001596532-26-000151|nonDerivative|2026-06-22|Duda Kenneth|S|Common Stock|1619|170.3667|I,2026-07-01 04:49:27+0000,ANET,"Arista Networks, Inc.",0001596532,4,2026-06-24,2026-06-22,0001596532-26-000151,https://www.sec.gov/Archives/edgar/data/1596532/000159653226000151/edgardoc.xml,nonDerivative,2026-06-22,S,Common Stock,1619,170.3667,275823.6873,1055273,I,Duda Kenneth,"Director, Officer, President and CTO",1,1,0,President and CTO,SEC EDGAR
ANET|0001596532-26-000151|nonDerivative|2026-06-22|Duda Kenneth|S|Common Stock|1445|171.4862|I,2026-07-01 04:49:27+0000,ANET,"Arista Networks, Inc.",0001596532,4,2026-06-24,2026-06-22,0001596532-26-000151,https://www.sec.gov/Archives/edgar/data/1596532/000159653226000151/edgardoc.xml,nonDerivative,2026-06-22,S,Common Stock,1445,171.4862,247797.559,1053828,I,Duda Kenneth,"Director, Officer, President and CTO",1,1,0,President and CTO,SEC EDGAR
ANET|0001596532-26-000151|nonDerivative|2026-06-22|Duda Kenneth|S|Common Stock|850|172.3236|I,2026-07-01 04:49:27+0000,ANET,"Arista Networks, Inc.",0001596532,4,2026-06-24,2026-06-22,0001596532-26-000151,https://www.sec.gov/Archives/edgar/data/1596532/000159653226000151/edgardoc.xml,nonDerivative,2026-06-22,S,Common Stock,850,172.3236,146475.06,1052978,I,Duda Kenneth,"Director, Officer, President and CTO",1,1,0,President and CTO,SEC EDGAR
ANET|0001596532-26-000151|nonDerivative|2026-06-22|Duda Kenneth|S|Common Stock|2145|173.6938|I,2026-07-01 04:49:27+0000,ANET,"Arista Networks, Inc.",0001596532,4,2026-06-24,2026-06-22,0001596532-26-000151,https://www.sec.gov/Archives/edgar/data/1596532/000159653226000151/edgardoc.xml,nonDerivative,2026-06-22,S,Common Stock,2145,173.6938,372573.201,1050833,I,Duda Kenneth,"Director, Officer, President and CTO",1,1,0,President and CTO,SEC EDGAR
ANET|0001596532-26-000151|nonDerivative|2026-06-22|Duda Kenneth|S|Common Stock|3590|174.3686|I,2026-07-01 04:49:27+0000,ANET,"Arista Networks, Inc.",0001596532,4,2026-06-24,2026-06-22,0001596532-26-000151,https://www.sec.gov/Archives/edgar/data/1596532/000159653226000151/edgardoc.xml,nonDerivative,2026-06-22,S,Common Stock,3590,174.3686,625983.274,1047243,I,Duda Kenneth,"Director, Officer, President and CTO",1,1,0,President and CTO,SEC EDGAR
ANET|0001596532-26-000151|nonDerivative|2026-06-22|Duda Kenneth|S|Common Stock|75|175.04|I,2026-07-01 04:49:27+0000,ANET,"Arista Networks, Inc.",0001596532,4,2026-06-24,2026-06-22,0001596532-26-000151,https://www.sec.gov/Archives/edgar/data/1596532/000159653226000151/edgardoc.xml,nonDerivative,2026-06-22,S,Common Stock,75,175.04,13128.0,1047168,I,Duda Kenneth,"Director, Officer, President and CTO",1,1,0,President and CTO,SEC EDGAR
ANET|0001596532-26-000151|nonDerivative|2026-06-22|Duda Kenneth|S|Common Stock|254|167.3472|I,2026-07-01 04:49:27+0000,ANET,"Arista Networks, Inc.",0001596532,4,2026-06-24,2026-06-22,0001596532-26-000151,https://www.sec.gov/Archives/edgar/data/1596532/000159653226000151/edgardoc.xml,nonDerivative,2026-06-22,S,Common Stock,254,167.3472,42506.188799999996,482146,I,Duda Kenneth,"Director, Officer, President and CTO",1,1,0,President and CTO,SEC EDGAR
ANET|0001596532-26-000151|nonDerivative|2026-06-22|Duda Kenneth|S|Common Stock|1052|168.6321|I,2026-07-01 04:49:27+0000,ANET,"Arista Networks, Inc.",0001596532,4,2026-06-24,2026-06-22,0001596532-26-000151,https://www.sec.gov/Archives/edgar/data/1596532/000159653226000151/edgardoc.xml,nonDerivative,2026-06-22,S,Common Stock,1052,168.6321,177400.96920000002,481094,I,Duda Kenneth,"Director, Officer, President and CTO",1,1,0,President and CTO,SEC EDGAR
ANET|0001596532-26-000151|nonDerivative|2026-06-22|Duda Kenneth|S|Common Stock|2617|169.3881|I,2026-07-01 04:49:27+0000,ANET,"Arista Networks, Inc.",0001596532,4,2026-06-24,2026-06-22,0001596532-26-000151,https://www.sec.gov/Archives/edgar/data/1596532/000159653226000151/edgardoc.xml,nonDerivative,2026-06-22,S,Common Stock,2617,169.3881,443288.65770000004,478477,I,Duda Kenneth,"Director, Officer, President and CTO",1,1,0,President and CTO,SEC EDGAR
ANET|0001596532-26-000151|nonDerivative|2026-06-22|Duda Kenneth|S|Common Stock|1012|170.3667|I,2026-07-01 04:49:27+0000,ANET,"Arista Networks, Inc.",0001596532,4,2026-06-24,2026-06-22,0001596532-26-000151,https://www.sec.gov/Archives/edgar/data/1596532/000159653226000151/edgardoc.xml,nonDerivative,2026-06-22,S,Common Stock,1012,170.3667,172411.1004,477465,I,Duda Kenneth,"Director, Officer, President and CTO",1,1,0,President and CTO,SEC EDGAR
ANET|0001596532-26-000151|nonDerivative|2026-06-22|Duda Kenneth|S|Common Stock|903|171.4862|I,2026-07-01 04:49:27+0000,ANET,"Arista Networks, Inc.",0001596532,4,2026-06-24,2026-06-22,0001596532-26-000151,https://www.sec.gov/Archives/edgar/data/1596532/000159653226000151/edgardoc.xml,nonDerivative,2026-06-22,S,Common Stock,903,171.4862,154852.0386,476562,I,Duda Kenneth,"Director, Officer, President and CTO",1,1,0,President and CTO,SEC EDGAR
ANET|0001596532-26-000151|nonDerivative|2026-06-22|Duda Kenneth|S|Common Stock|531|172.3236|I,2026-07-01 04:49:27+0000,ANET,"Arista Networks, Inc.",0001596532,4,2026-06-24,2026-06-22,0001596532-26-000151,https://www.sec.gov/Archives/edgar/data/1596532/000159653226000151/edgardoc.xml,nonDerivative,2026-06-22,S,Common Stock,531,172.3236,91503.8316,476031,I,Duda Kenneth,"Director, Officer, President and CTO",1,1,0,President and CTO,SEC EDGAR
ANET|0001596532-26-000151|nonDerivative|2026-06-22|Duda Kenneth|S|Common Stock|1341|173.6938|I,2026-07-01 04:49:27+0000,ANET,"Arista Networks, Inc.",0001596532,4,2026-06-24,2026-06-22,0001596532-26-000151,https://www.sec.gov/Archives/edgar/data/1596532/000159653226000151/edgardoc.xml,nonDerivative,2026-06-22,S,Common Stock,1341,173.6938,232923.38580000002,474690,I,Duda Kenneth,"Director, Officer, President and CTO",1,1,0,President and CTO,SEC EDGAR
ANET|0001596532-26-000151|nonDerivative|2026-06-22|Duda Kenneth|S|Common Stock|2244|174.3686|I,2026-07-01 04:49:27+0000,ANET,"Arista Networks, Inc.",0001596532,4,2026-06-24,2026-06-22,0001596532-26-000151,https://www.sec.gov/Archives/edgar/data/1596532/000159653226000151/edgardoc.xml,nonDerivative,2026-06-22,S,Common Stock,2244,174.3686,391283.1384,472446,I,Duda Kenneth,"Director, Officer, President and CTO",1,1,0,President and CTO,SEC EDGAR
ANET|0001596532-26-000151|nonDerivative|2026-06-22|Duda Kenneth|S|Common Stock|46|175.04|I,2026-07-01 04:49:27+0000,ANET,"Arista Networks, Inc.",0001596532,4,2026-06-24,2026-06-22,0001596532-26-000151,https://www.sec.gov/Archives/edgar/data/1596532/000159653226000151/edgardoc.xml,nonDerivative,2026-06-22,S,Common Stock,46,175.04,8051.839999999999,472400,I,Duda Kenneth,"Director, Officer, President and CTO",1,1,0,President and CTO,SEC EDGAR
AJG|0000354190-26-000173|derivative|2026-06-22|HOWELL DOUGLAS K|I|Notional Stock Units|12954.386|209.08|D,2026-07-01 04:49:27+0000,AJG,Arthur J. Gallagher & Co.,0000354190,4,2026-06-24,2026-06-22,0000354190-26-000173,https://www.sec.gov/Archives/edgar/data/354190/000035419026000173/form4.xml,derivative,2026-06-22,I,Notional Stock Units,12954.386,209.08,2708503.0248800004,185953.9256,D,HOWELL DOUGLAS K,"Officer, VP & Chief Financial Officer",,1,,VP & Chief Financial Officer,SEC EDGAR
AFL|0000004977-26-000096|nonDerivative|2026-06-22|MOSKOWITZ JOSEPH L|M|Common Stock|20303|44.59|D,2026-07-01 04:49:27+0000,AFL,AFLAC INC,0000004977,4,2026-06-24,2026-06-22,0000004977-26-000096,https://www.sec.gov/Archives/edgar/data/4977/000000497726000096/wk-form4_1782307754.xml,nonDerivative,2026-06-22,M,Common Stock,20303,44.59,905310.77,45680,D,MOSKOWITZ JOSEPH L,Director,1,0,0,,SEC EDGAR
AFL|0000004977-26-000096|nonDerivative|2026-06-22|MOSKOWITZ JOSEPH L|S|Common Stock|4600|116.54|D,2026-07-01 04:49:27+0000,AFL,AFLAC INC,0000004977,4,2026-06-24,2026-06-22,0000004977-26-000096,https://www.sec.gov/Archives/edgar/data/4977/000000497726000096/wk-form4_1782307754.xml,nonDerivative,2026-06-22,S,Common Stock,4600,116.54,536084.0,41080,D,MOSKOWITZ JOSEPH L,Director,1,0,0,,SEC EDGAR
AFL|0000004977-26-000096|nonDerivative|2026-06-22|MOSKOWITZ JOSEPH L|S|Common Stock|7770|116.543|D,2026-07-01 04:49:27+0000,AFL,AFLAC INC,0000004977,4,2026-06-24,2026-06-22,0000004977-26-000096,https://www.sec.gov/Archives/edgar/data/4977/000000497726000096/wk-form4_1782307754.xml,nonDerivative,2026-06-22,S,Common Stock,7770,116.543,905539.1100000001,33310,D,MOSKOWITZ JOSEPH L,Director,1,0,0,,SEC EDGAR
AFL|0000004977-26-000096|derivative|2026-06-22|MOSKOWITZ JOSEPH L|M|Director Stock Option|20303|0|D,2026-07-01 04:49:27+0000,AFL,AFLAC INC,0000004977,4,2026-06-24,2026-06-22,0000004977-26-000096,https://www.sec.gov/Archives/edgar/data/4977/000000497726000096/wk-form4_1782307754.xml,derivative,2026-06-22,M,Director Stock Option,20303,0,0.0,0,D,MOSKOWITZ JOSEPH L,Director,1,0,0,,SEC EDGAR
