unique_key,collected_at_utc,ticker,company_name,cik,form,filing_date,report_date,accession_number,filing_url,transaction_table,transaction_date,transaction_code,security_title,shares,price,total_amount,shares_owned_after,ownership_type,reporting_owner,relationship,is_director,is_officer,is_ten_percent_owner,officer_title,source
ZBRA|0001628280-26-053283|nonDerivative|2026-08-03|Luff Loizides Melissa|F|Class A Common Stock|46|291.64|D,2026-08-06 03:29:58+0000,ZBRA,ZEBRA TECHNOLOGIES CORP,0000877212,4,2026-08-05,2026-08-03,0001628280-26-053283,https://www.sec.gov/Archives/edgar/data/877212/000162828026053283/wk-form4_1785960085.xml,nonDerivative,2026-08-03,F,Class A Common Stock,46,291.64,13415.439999999999,3656,D,Luff Loizides Melissa,"Officer, Chief People Officer",0,1,0,Chief People Officer,SEC EDGAR
ZBH|0002136215-26-000006|derivative|2026-08-03|Desai Chintan|A|Restricted Stock Units|10168|0|D,2026-08-06 03:29:58+0000,ZBH,"ZIMMER BIOMET HOLDINGS, INC.",0001136869,4,2026-08-05,2026-08-03,0002136215-26-000006,https://www.sec.gov/Archives/edgar/data/1136869/000213621526000006/form4-08052026_080820.xml,derivative,2026-08-03,A,Restricted Stock Units,10168,0,0.0,10168,D,Desai Chintan,"President, APAC",false,true,false,"President, APAC",SEC EDGAR
XYZ|0001628280-26-053485|nonDerivative|2026-08-03|Grassadonia Brian|S|Class A Common Stock|25508|81.63|D,2026-08-06 03:29:58+0000,XYZ,"Block, Inc.",0001512673,4,2026-08-05,2026-08-03,0001628280-26-053485,https://www.sec.gov/Archives/edgar/data/1512673/000162828026053485/wk-form4_1785963736.xml,nonDerivative,2026-08-03,S,Class A Common Stock,25508,81.63,2082218.0399999998,532146,D,Grassadonia Brian,"Officer, Ecosystem Lead",0,1,0,Ecosystem Lead,SEC EDGAR
XYZ|0001628280-26-053485|nonDerivative|2026-08-03|Grassadonia Brian|S|Class A Common Stock|400|82.23|D,2026-08-06 03:29:58+0000,XYZ,"Block, Inc.",0001512673,4,2026-08-05,2026-08-03,0001628280-26-053485,https://www.sec.gov/Archives/edgar/data/1512673/000162828026053485/wk-form4_1785963736.xml,nonDerivative,2026-08-03,S,Class A Common Stock,400,82.23,32892.0,531746,D,Grassadonia Brian,"Officer, Ecosystem Lead",0,1,0,Ecosystem Lead,SEC EDGAR
WRB|0000011544-26-000044|nonDerivative|2026-08-03|Welt Philip S|A|Common Stock|14086|0|D,2026-08-06 03:29:58+0000,WRB,BERKLEY W R CORP,0000011544,4,2026-08-05,2026-08-03,0000011544-26-000044,https://www.sec.gov/Archives/edgar/data/11544/000001154426000044/form4.xml,nonDerivative,2026-08-03,A,Common Stock,14086,0,0.0,214625,D,Welt Philip S,"Officer, EVP & Secretary",0,1,0,EVP & Secretary,SEC EDGAR
WRB|0000011544-26-000044|nonDerivative|2026-08-03|Welt Philip S|F|Common Stock|592|72.2875|D,2026-08-06 03:29:58+0000,WRB,BERKLEY W R CORP,0000011544,4,2026-08-05,2026-08-03,0000011544-26-000044,https://www.sec.gov/Archives/edgar/data/11544/000001154426000044/form4.xml,nonDerivative,2026-08-03,F,Common Stock,592,72.2875,42794.2,214033,D,Welt Philip S,"Officer, EVP & Secretary",0,1,0,EVP & Secretary,SEC EDGAR
WRB|0000011544-26-000041|nonDerivative|2026-08-03|SHIEL JAMES G|A|Common Stock|14086|0|D,2026-08-06 03:29:58+0000,WRB,BERKLEY W R CORP,0000011544,4,2026-08-05,2026-08-03,0000011544-26-000041,https://www.sec.gov/Archives/edgar/data/11544/000001154426000041/form4.xml,nonDerivative,2026-08-03,A,Common Stock,14086,0,0.0,811283,D,SHIEL JAMES G,"Officer, EVP - Investments",0,1,0,EVP - Investments,SEC EDGAR
WRB|0000011544-26-000041|nonDerivative|2026-08-03|SHIEL JAMES G|F|Common Stock|650|72.2875|D,2026-08-06 03:29:58+0000,WRB,BERKLEY W R CORP,0000011544,4,2026-08-05,2026-08-03,0000011544-26-000041,https://www.sec.gov/Archives/edgar/data/11544/000001154426000041/form4.xml,nonDerivative,2026-08-03,F,Common Stock,650,72.2875,46986.87499999999,810633,D,SHIEL JAMES G,"Officer, EVP - Investments",0,1,0,EVP - Investments,SEC EDGAR
WRB|0000011544-26-000043|nonDerivative|2026-08-03|Baio Richard Mark|A|Common Stock|14086|0|D,2026-08-06 03:29:58+0000,WRB,BERKLEY W R CORP,0000011544,4,2026-08-05,2026-08-03,0000011544-26-000043,https://www.sec.gov/Archives/edgar/data/11544/000001154426000043/form4.xml,nonDerivative,2026-08-03,A,Common Stock,14086,0,0.0,228261,D,Baio Richard Mark,"Officer, EVP & CFO",0,1,0,EVP & CFO,SEC EDGAR
WRB|0000011544-26-000043|nonDerivative|2026-08-03|Baio Richard Mark|F|Common Stock|650|72.2875|D,2026-08-06 03:29:58+0000,WRB,BERKLEY W R CORP,0000011544,4,2026-08-05,2026-08-03,0000011544-26-000043,https://www.sec.gov/Archives/edgar/data/11544/000001154426000043/form4.xml,nonDerivative,2026-08-03,F,Common Stock,650,72.2875,46986.87499999999,227611,D,Baio Richard Mark,"Officer, EVP & CFO",0,1,0,EVP & CFO,SEC EDGAR
WRB|0000011544-26-000042|nonDerivative|2026-08-03|BERKLEY WILLIAM R JR|A|Common Stock|98593|0|D,2026-08-06 03:29:58+0000,WRB,BERKLEY W R CORP,0000011544,4,2026-08-05,2026-08-03,0000011544-26-000042,https://www.sec.gov/Archives/edgar/data/11544/000001154426000042/form4.xml,nonDerivative,2026-08-03,A,Common Stock,98593,0,0.0,4654453,D,BERKLEY WILLIAM R JR,"Director, Officer, 10% Owner, Chairman, President and CEO",1,1,1,"Chairman, President and CEO",SEC EDGAR
WRB|0000011544-26-000042|nonDerivative|2026-08-03|BERKLEY WILLIAM R JR|F|Common Stock|4139|72.2875|D,2026-08-06 03:29:58+0000,WRB,BERKLEY W R CORP,0000011544,4,2026-08-05,2026-08-03,0000011544-26-000042,https://www.sec.gov/Archives/edgar/data/11544/000001154426000042/form4.xml,nonDerivative,2026-08-03,F,Common Stock,4139,72.2875,299197.96249999997,4650314,D,BERKLEY WILLIAM R JR,"Director, Officer, 10% Owner, Chairman, President and CEO",1,1,1,"Chairman, President and CEO",SEC EDGAR
VRSN|0001204816-26-000030|nonDerivative|2026-08-04|BIDZOS D JAMES|S|Common Stock|1400|294.475|D,2026-08-06 03:29:58+0000,VRSN,VERISIGN INC/CA,0001014473,4,2026-08-05,2026-08-04,0001204816-26-000030,https://www.sec.gov/Archives/edgar/data/1014473/000120481626000030/wk-form4_1785962111.xml,nonDerivative,2026-08-04,S,Common Stock,1400,294.475,412265.00000000006,411539.0301,D,BIDZOS D JAMES,"Director, Officer, Exec. Chairman, Pres, & CEO",1,1,0,"Exec. Chairman, Pres, & CEO",SEC EDGAR
VRSN|0001204816-26-000030|nonDerivative|2026-08-04|BIDZOS D JAMES|S|Common Stock|300|295.9108|D,2026-08-06 03:29:58+0000,VRSN,VERISIGN INC/CA,0001014473,4,2026-08-05,2026-08-04,0001204816-26-000030,https://www.sec.gov/Archives/edgar/data/1014473/000120481626000030/wk-form4_1785962111.xml,nonDerivative,2026-08-04,S,Common Stock,300,295.9108,88773.24,411239.0301,D,BIDZOS D JAMES,"Director, Officer, Exec. Chairman, Pres, & CEO",1,1,0,"Exec. Chairman, Pres, & CEO",SEC EDGAR
VRSN|0001204816-26-000030|nonDerivative|2026-08-04|BIDZOS D JAMES|S|Common Stock|772|297.6239|D,2026-08-06 03:29:58+0000,VRSN,VERISIGN INC/CA,0001014473,4,2026-08-05,2026-08-04,0001204816-26-000030,https://www.sec.gov/Archives/edgar/data/1014473/000120481626000030/wk-form4_1785962111.xml,nonDerivative,2026-08-04,S,Common Stock,772,297.6239,229765.6508,410467.0301,D,BIDZOS D JAMES,"Director, Officer, Exec. Chairman, Pres, & CEO",1,1,0,"Exec. Chairman, Pres, & CEO",SEC EDGAR
VRSN|0001204816-26-000030|nonDerivative|2026-08-04|BIDZOS D JAMES|S|Common Stock|228|298.7049|D,2026-08-06 03:29:58+0000,VRSN,VERISIGN INC/CA,0001014473,4,2026-08-05,2026-08-04,0001204816-26-000030,https://www.sec.gov/Archives/edgar/data/1014473/000120481626000030/wk-form4_1785962111.xml,nonDerivative,2026-08-04,S,Common Stock,228,298.7049,68104.7172,410239.0301,D,BIDZOS D JAMES,"Director, Officer, Exec. Chairman, Pres, & CEO",1,1,0,"Exec. Chairman, Pres, & CEO",SEC EDGAR
VRSN|0001204816-26-000030|nonDerivative|2026-08-04|BIDZOS D JAMES|S|Common Stock|600|299.47|D,2026-08-06 03:29:58+0000,VRSN,VERISIGN INC/CA,0001014473,4,2026-08-05,2026-08-04,0001204816-26-000030,https://www.sec.gov/Archives/edgar/data/1014473/000120481626000030/wk-form4_1785962111.xml,nonDerivative,2026-08-04,S,Common Stock,600,299.47,179682.00000000003,409639.0301,D,BIDZOS D JAMES,"Director, Officer, Exec. Chairman, Pres, & CEO",1,1,0,"Exec. Chairman, Pres, & CEO",SEC EDGAR
UAL|0000100517-26-000163|nonDerivative|2026-08-04|Nocella Andrew P|S|Common Stock|3000|132.30|D,2026-08-06 03:29:58+0000,UAL,"United Airlines Holdings, Inc.",0000100517,4,2026-08-05,2026-08-04,0000100517-26-000163,https://www.sec.gov/Archives/edgar/data/100517/000010051726000163/wk-form4_1785967723.xml,nonDerivative,2026-08-04,S,Common Stock,3000,132.30,396900.00000000006,219955,D,Nocella Andrew P,"Officer, EVP & Chief Commercial Officer",0,1,0,EVP & Chief Commercial Officer,SEC EDGAR
UAL|0000100517-26-000164|nonDerivative|2026-08-03|Leskinen Michael D.|S|Common Stock|10000|128.19|D,2026-08-06 03:29:58+0000,UAL,"United Airlines Holdings, Inc.",0000100517,4,2026-08-05,2026-08-03,0000100517-26-000164,https://www.sec.gov/Archives/edgar/data/100517/000010051726000164/wk-form4_1785967728.xml,nonDerivative,2026-08-03,S,Common Stock,10000,128.19,1281900.0,47436,D,Leskinen Michael D.,"Officer, EVP & Chief Financial Officer",0,1,0,EVP & Chief Financial Officer,SEC EDGAR
TT|0001628280-26-053312|nonDerivative|2026-08-04|Schaeffer Melissa N.|S|Ordinary Shares|145|472.27|D,2026-08-06 03:29:58+0000,TT,Trane Technologies plc,0001466258,4,2026-08-05,2026-08-04,0001628280-26-053312,https://www.sec.gov/Archives/edgar/data/1466258/000162828026053312/wk-form4_1785960316.xml,nonDerivative,2026-08-04,S,Ordinary Shares,145,472.27,68479.15,1950,D,Schaeffer Melissa N.,Director,1,0,0,,SEC EDGAR
TSCO|0001170836-26-000004|nonDerivative|2026-08-04|MORRIS EDNA|P|Common stock|1560|32.44|I,2026-08-06 03:29:58+0000,TSCO,TRACTOR SUPPLY CO /DE/,0000916365,4,2026-08-05,2026-08-04,0001170836-26-000004,https://www.sec.gov/Archives/edgar/data/916365/000117083626000004/wk-form4_1785962459.xml,nonDerivative,2026-08-04,P,Common stock,1560,32.44,50606.399999999994,279720,I,MORRIS EDNA,Director,1,0,0,,SEC EDGAR
TSCO|0001647222-26-000012|nonDerivative|2026-08-04|Lawton III Harry A|P|Common stock|2655|31.90|I,2026-08-06 03:29:58+0000,TSCO,TRACTOR SUPPLY CO /DE/,0000916365,4,2026-08-05,2026-08-04,0001647222-26-000012,https://www.sec.gov/Archives/edgar/data/916365/000164722226000012/wk-form4_1785962413.xml,nonDerivative,2026-08-04,P,Common stock,2655,31.90,84694.5,2655,I,Lawton III Harry A,"Director, Officer, President & CEO",1,1,0,President & CEO,SEC EDGAR
TSCO|0001647222-26-000012|nonDerivative|2026-08-04|Lawton III Harry A|P|Common stock|12945|32.20|I,2026-08-06 03:29:58+0000,TSCO,TRACTOR SUPPLY CO /DE/,0000916365,4,2026-08-05,2026-08-04,0001647222-26-000012,https://www.sec.gov/Archives/edgar/data/916365/000164722226000012/wk-form4_1785962413.xml,nonDerivative,2026-08-04,P,Common stock,12945,32.20,416829.00000000006,15600,I,Lawton III Harry A,"Director, Officer, President & CEO",1,1,0,President & CEO,SEC EDGAR
TPL|0001437749-26-025890|nonDerivative|2026-08-04|HORIZON KINETICS ASSET MANAGEMENT LLC|P|Common Stock|1|403.53|D,2026-08-06 03:29:58+0000,TPL,Texas Pacific Land Corp,0001811074,4,2026-08-05,2026-08-04,0001437749-26-025890,https://www.sec.gov/Archives/edgar/data/1811074/000143774926025890/rdgdoc.xml,nonDerivative,2026-08-04,P,Common Stock,1,403.53,403.53,3244002,D,HORIZON KINETICS ASSET MANAGEMENT LLC,10% Owner,,,1,,SEC EDGAR
SCHW|0001950787-26-000012|nonDerivative|2026-08-04|Schwab-Pomerantz Carolyn|S|Common Stock|22640|106.362|I,2026-08-06 03:29:58+0000,SCHW,SCHWAB CHARLES CORP,0000316709,4,2026-08-05,2026-08-04,0001950787-26-000012,https://www.sec.gov/Archives/edgar/data/316709/000195078726000012/wk-form4_1785973004.xml,nonDerivative,2026-08-04,S,Common Stock,22640,106.362,2408035.6799999997,1350897.6599,I,Schwab-Pomerantz Carolyn,Director,1,0,0,,SEC EDGAR
PKG|0001193125-26-334657|nonDerivative|2026-08-03|Hassfurther Thomas A|S|Common Stock|12531|250|D,2026-08-06 03:29:58+0000,PKG,PACKAGING CORP OF AMERICA,0000075677,4,2026-08-05,2026-08-03,0001193125-26-334657,https://www.sec.gov/Archives/edgar/data/75677/000119312526334657/ownership.xml,nonDerivative,2026-08-03,S,Common Stock,12531,250,3132750.0,218751,D,Hassfurther Thomas A,President,false,true,false,President,SEC EDGAR
PKG|0001193125-26-334657|nonDerivative|2026-08-05|Hassfurther Thomas A|S|Common Stock|8797|257|D,2026-08-06 03:29:58+0000,PKG,PACKAGING CORP OF AMERICA,0000075677,4,2026-08-05,2026-08-03,0001193125-26-334657,https://www.sec.gov/Archives/edgar/data/75677/000119312526334657/ownership.xml,nonDerivative,2026-08-05,S,Common Stock,8797,257,2260829.0,209954,D,Hassfurther Thomas A,President,false,true,false,President,SEC EDGAR
PFE|0001225208-26-006943|nonDerivative|2026-08-05|Buckley Mortimer J|P|Common Stock|37632.0000|25.5200|D,2026-08-06 03:29:58+0000,PFE,PFIZER INC,0000078003,4,2026-08-05,2026-08-05,0001225208-26-006943,https://www.sec.gov/Archives/edgar/data/78003/000122520826006943/doc4.xml,nonDerivative,2026-08-05,P,Common Stock,37632.0000,25.5200,960368.64,37632.0000,D,Buckley Mortimer J,Director,1,,,,SEC EDGAR
PFE|0001225208-26-006944|nonDerivative|2026-08-05|BLAYLOCK RONALD E|P|Common Stock|39231.0000|25.4600|D,2026-08-06 03:29:58+0000,PFE,PFIZER INC,0000078003,4,2026-08-05,2026-08-05,0001225208-26-006944,https://www.sec.gov/Archives/edgar/data/78003/000122520826006944/doc4.xml,nonDerivative,2026-08-05,P,Common Stock,39231.0000,25.4600,998821.26,66938.0000,D,BLAYLOCK RONALD E,Director,1,,,,SEC EDGAR
"PEP|0001689525-26-000014|nonDerivative|2026-08-03|Krishnan Ramkumar|J|PepsiCo, Inc. Common Stock|5688||I",2026-08-06 03:29:58+0000,PEP,PEPSICO INC,0000077476,4,2026-08-05,2026-08-03,0001689525-26-000014,https://www.sec.gov/Archives/edgar/data/77476/000168952526000014/wk-form4_1785962475.xml,nonDerivative,2026-08-03,J,"PepsiCo, Inc. Common Stock",5688,,,20012,I,Krishnan Ramkumar,"Officer, CEO, North America",0,1,0,"CEO, North America",SEC EDGAR
"PEP|0001689525-26-000014|nonDerivative|2026-08-03|Krishnan Ramkumar|J|PepsiCo, Inc. Common Stock|1320||I",2026-08-06 03:29:58+0000,PEP,PEPSICO INC,0000077476,4,2026-08-05,2026-08-03,0001689525-26-000014,https://www.sec.gov/Archives/edgar/data/77476/000168952526000014/wk-form4_1785962475.xml,nonDerivative,2026-08-03,J,"PepsiCo, Inc. Common Stock",1320,,,21332,I,Krishnan Ramkumar,"Officer, CEO, North America",0,1,0,"CEO, North America",SEC EDGAR
PEP|0001689525-26-000014|derivative|2026-08-03|Krishnan Ramkumar|A|Phantom Stock Holding|76.859||D,2026-08-06 03:29:58+0000,PEP,PEPSICO INC,0000077476,4,2026-08-05,2026-08-03,0001689525-26-000014,https://www.sec.gov/Archives/edgar/data/77476/000168952526000014/wk-form4_1785962475.xml,derivative,2026-08-03,A,Phantom Stock Holding,76.859,,,2777.3326,D,Krishnan Ramkumar,"Officer, CEO, North America",0,1,0,"CEO, North America",SEC EDGAR
NWSA|0001579380-26-000002|derivative|2026-08-04|Thomson Robert J|A|Cash-Settled Performance Stock Units|444341||D,2026-08-06 03:29:58+0000,NWSA,NEWS CORP,0001564708,4,2026-08-05,2026-08-04,0001579380-26-000002,https://www.sec.gov/Archives/edgar/data/1564708/000157938026000002/wk-form4_1785961621.xml,derivative,2026-08-04,A,Cash-Settled Performance Stock Units,444341,,,444341,D,Thomson Robert J,"Director, Officer, Chief Executive Officer",1,1,0,Chief Executive Officer,SEC EDGAR
NWSA|0001632944-26-000002|derivative|2026-08-04|Pitofsky David B|A|Stock-Settled Performance Stock Units|77959||D,2026-08-06 03:29:58+0000,NWSA,NEWS CORP,0001564708,4,2026-08-05,2026-08-04,0001632944-26-000002,https://www.sec.gov/Archives/edgar/data/1564708/000163294426000002/wk-form4_1785961657.xml,derivative,2026-08-04,A,Stock-Settled Performance Stock Units,77959,,,77959,D,Pitofsky David B,"Officer, General Counsel",0,1,0,General Counsel,SEC EDGAR
NWSA|0002012354-26-000002|derivative|2026-08-04|Allen Ruth|A|Stock-Settled Performance Stock Units|23620||D,2026-08-06 03:29:58+0000,NWSA,NEWS CORP,0001564708,4,2026-08-05,2026-08-04,0002012354-26-000002,https://www.sec.gov/Archives/edgar/data/1564708/000201235426000002/wk-form4_1785961691.xml,derivative,2026-08-04,A,Stock-Settled Performance Stock Units,23620,,,23620,D,Allen Ruth,"Officer, Chief Human Resources Officer",0,1,0,Chief Human Resources Officer,SEC EDGAR
NWS|0001579380-26-000002|derivative|2026-08-04|Thomson Robert J|A|Cash-Settled Performance Stock Units|444341||D,2026-08-06 03:29:58+0000,NWS,NEWS CORP,0001564708,4,2026-08-05,2026-08-04,0001579380-26-000002,https://www.sec.gov/Archives/edgar/data/1564708/000157938026000002/wk-form4_1785961621.xml,derivative,2026-08-04,A,Cash-Settled Performance Stock Units,444341,,,444341,D,Thomson Robert J,"Director, Officer, Chief Executive Officer",1,1,0,Chief Executive Officer,SEC EDGAR
NWS|0001632944-26-000002|derivative|2026-08-04|Pitofsky David B|A|Stock-Settled Performance Stock Units|77959||D,2026-08-06 03:29:58+0000,NWS,NEWS CORP,0001564708,4,2026-08-05,2026-08-04,0001632944-26-000002,https://www.sec.gov/Archives/edgar/data/1564708/000163294426000002/wk-form4_1785961657.xml,derivative,2026-08-04,A,Stock-Settled Performance Stock Units,77959,,,77959,D,Pitofsky David B,"Officer, General Counsel",0,1,0,General Counsel,SEC EDGAR
NWS|0002012354-26-000002|derivative|2026-08-04|Allen Ruth|A|Stock-Settled Performance Stock Units|23620||D,2026-08-06 03:29:58+0000,NWS,NEWS CORP,0001564708,4,2026-08-05,2026-08-04,0002012354-26-000002,https://www.sec.gov/Archives/edgar/data/1564708/000201235426000002/wk-form4_1785961691.xml,derivative,2026-08-04,A,Stock-Settled Performance Stock Units,23620,,,23620,D,Allen Ruth,"Officer, Chief Human Resources Officer",0,1,0,Chief Human Resources Officer,SEC EDGAR
NUE|0000073309-26-000126|nonDerivative|2026-08-03|Batterbee Thomas J.|S|Common Stock|4000|261.0156|D,2026-08-06 03:29:58+0000,NUE,NUCOR CORP,0000073309,4,2026-08-05,2026-08-03,0000073309-26-000126,https://www.sec.gov/Archives/edgar/data/73309/000007330926000126/form4.xml,nonDerivative,2026-08-03,S,Common Stock,4000,261.0156,1044062.4,16137.87,D,Batterbee Thomas J.,"Officer, Executive Vice President",,1,,Executive Vice President,SEC EDGAR
"NRG|0001225208-26-006971|nonDerivative|2026-08-03|ZLOTNIK MARCIE|A|Common Stock, par value $.01 per share|29.0000|0.0000|D",2026-08-06 03:29:58+0000,NRG,"NRG ENERGY, INC.",0001013871,4,2026-08-05,2026-08-03,0001225208-26-006971,https://www.sec.gov/Archives/edgar/data/1013871/000122520826006971/doc4.xml,nonDerivative,2026-08-03,A,"Common Stock, par value $.01 per share",29.0000,0.0000,0.0,8721.0000,D,ZLOTNIK MARCIE,Director,1,,,,SEC EDGAR
"NRG|0001225208-26-006981|nonDerivative|2026-08-03|Spencer Gerald Alfred|A|Common Stock, par value $.01 per share|14.0000|0.0000|D",2026-08-06 03:29:58+0000,NRG,"NRG ENERGY, INC.",0001013871,4,2026-08-05,2026-08-03,0001225208-26-006981,https://www.sec.gov/Archives/edgar/data/1013871/000122520826006981/doc4.xml,nonDerivative,2026-08-03,A,"Common Stock, par value $.01 per share",14.0000,0.0000,0.0,7793.0000,D,Spencer Gerald Alfred,"Officer, SVP & Chief Accounting Officer",,1,,SVP & Chief Accounting Officer,SEC EDGAR
"NRG|0001225208-26-006972|nonDerivative|2026-08-03|Pruner Alexandra|A|Common Stock, par value $.01 per share|112.0000|0.0000|D",2026-08-06 03:29:58+0000,NRG,"NRG ENERGY, INC.",0001013871,4,2026-08-05,2026-08-03,0001225208-26-006972,https://www.sec.gov/Archives/edgar/data/1013871/000122520826006972/doc4.xml,nonDerivative,2026-08-03,A,"Common Stock, par value $.01 per share",112.0000,0.0000,0.0,32792.0000,D,Pruner Alexandra,Director,1,,,,SEC EDGAR
"NRG|0001225208-26-006974|nonDerivative|2026-08-03|Pourbaix Alexander J|A|Common Stock, par value $.01 per share|44.0000|0.0000|D",2026-08-06 03:29:58+0000,NRG,"NRG ENERGY, INC.",0001013871,4,2026-08-05,2026-08-03,0001225208-26-006974,https://www.sec.gov/Archives/edgar/data/1013871/000122520826006974/doc4.xml,nonDerivative,2026-08-03,A,"Common Stock, par value $.01 per share",44.0000,0.0000,0.0,19881.0000,D,Pourbaix Alexander J,Director,1,,,,SEC EDGAR
"NRG|0001225208-26-006980|nonDerivative|2026-08-03|Liyanearachchi Dak|A|Common Stock, par value $.01 per share|24.0000|0.0000|D",2026-08-06 03:29:58+0000,NRG,"NRG ENERGY, INC.",0001013871,4,2026-08-05,2026-08-03,0001225208-26-006980,https://www.sec.gov/Archives/edgar/data/1013871/000122520826006980/doc4.xml,nonDerivative,2026-08-03,A,"Common Stock, par value $.01 per share",24.0000,0.0000,0.0,63703.0000,D,Liyanearachchi Dak,"Officer, Exec VP, Chief Technology Ofc.",,1,,"Exec VP, Chief Technology Ofc.",SEC EDGAR
"NRG|0001225208-26-006979|nonDerivative|2026-08-03|Kinney Virginia|A|Common Stock, par value $.01 per share|27.0000|0.0000|D",2026-08-06 03:29:58+0000,NRG,"NRG ENERGY, INC.",0001013871,4,2026-08-05,2026-08-03,0001225208-26-006979,https://www.sec.gov/Archives/edgar/data/1013871/000122520826006979/doc4.xml,nonDerivative,2026-08-03,A,"Common Stock, par value $.01 per share",27.0000,0.0000,0.0,33993.0000,D,Kinney Virginia,"Officer, Exec VP, Chief Admin Officer",,1,,"Exec VP, Chief Admin Officer",SEC EDGAR
"NRG|0001225208-26-006973|nonDerivative|2026-08-03|Kapoor Sanjay|A|Common Stock, par value $.01 per share|13.0000|0.0000|D",2026-08-06 03:29:58+0000,NRG,"NRG ENERGY, INC.",0001013871,4,2026-08-05,2026-08-03,0001225208-26-006973,https://www.sec.gov/Archives/edgar/data/1013871/000122520826006973/doc4.xml,nonDerivative,2026-08-03,A,"Common Stock, par value $.01 per share",13.0000,0.0000,0.0,3934.0000,D,Kapoor Sanjay,Director,1,,,,SEC EDGAR
"NRG|0001225208-26-006978|nonDerivative|2026-08-03|Gaudette Robert J|A|Common Stock, par value $.01 per share|53.0000|0.0000|D",2026-08-06 03:29:58+0000,NRG,"NRG ENERGY, INC.",0001013871,4,2026-08-05,2026-08-03,0001225208-26-006978,https://www.sec.gov/Archives/edgar/data/1013871/000122520826006978/doc4.xml,nonDerivative,2026-08-03,A,"Common Stock, par value $.01 per share",53.0000,0.0000,0.0,64069.0000,D,Gaudette Robert J,"Director, Officer, President & CEO",1,1,,President & CEO,SEC EDGAR
"NRG|0001225208-26-006985|nonDerivative|2026-08-03|Donohue Elisabeth B|A|Common Stock, par value $.01 per share|81.0000|0.0000|D",2026-08-06 03:29:58+0000,NRG,"NRG ENERGY, INC.",0001013871,4,2026-08-05,2026-08-03,0001225208-26-006985,https://www.sec.gov/Archives/edgar/data/1013871/000122520826006985/doc4.xml,nonDerivative,2026-08-03,A,"Common Stock, par value $.01 per share",81.0000,0.0000,0.0,29131.0000,D,Donohue Elisabeth B,Director,1,,,,SEC EDGAR
"NRG|0001225208-26-006977|nonDerivative|2026-08-03|Curci Brian|A|Common Stock, par value $.01 per share|44.0000|0.0000|D",2026-08-06 03:29:58+0000,NRG,"NRG ENERGY, INC.",0001013871,4,2026-08-05,2026-08-03,0001225208-26-006977,https://www.sec.gov/Archives/edgar/data/1013871/000122520826006977/doc4.xml,nonDerivative,2026-08-03,A,"Common Stock, par value $.01 per share",44.0000,0.0000,0.0,46238.0000,D,Curci Brian,"Officer, Exec VP & General Counsel",,1,,Exec VP & General Counsel,SEC EDGAR
"NRG|0001225208-26-006984|nonDerivative|2026-08-03|Cox Heather|A|Common Stock, par value $.01 per share|68.0000|0.0000|D",2026-08-06 03:29:58+0000,NRG,"NRG ENERGY, INC.",0001013871,4,2026-08-05,2026-08-03,0001225208-26-006984,https://www.sec.gov/Archives/edgar/data/1013871/000122520826006984/doc4.xml,nonDerivative,2026-08-03,A,"Common Stock, par value $.01 per share",68.0000,0.0000,0.0,43679.0000,D,Cox Heather,Director,1,,,,SEC EDGAR
"NRG|0001225208-26-006976|nonDerivative|2026-08-03|Chung Bruce|A|Common Stock, par value $.01 per share|55.0000|0.0000|D",2026-08-06 03:29:58+0000,NRG,"NRG ENERGY, INC.",0001013871,4,2026-08-05,2026-08-03,0001225208-26-006976,https://www.sec.gov/Archives/edgar/data/1013871/000122520826006976/doc4.xml,nonDerivative,2026-08-03,A,"Common Stock, par value $.01 per share",55.0000,0.0000,0.0,89647.0000,D,Chung Bruce,"Officer, EVP & CFO",,1,,EVP & CFO,SEC EDGAR
"NRG|0001225208-26-006983|nonDerivative|2026-08-03|Carter Matthew Jr|A|Common Stock, par value $.01 per share|149.0000|0.0000|D",2026-08-06 03:29:58+0000,NRG,"NRG ENERGY, INC.",0001013871,4,2026-08-05,2026-08-03,0001225208-26-006983,https://www.sec.gov/Archives/edgar/data/1013871/000122520826006983/doc4.xml,nonDerivative,2026-08-03,A,"Common Stock, par value $.01 per share",149.0000,0.0000,0.0,43693.0000,D,Carter Matthew Jr,Director,1,,,,SEC EDGAR
"NRG|0001225208-26-006982|nonDerivative|2026-08-03|Carrillo Antonio|A|Common Stock, par value $.01 per share|65.0000|0.0000|D",2026-08-06 03:29:58+0000,NRG,"NRG ENERGY, INC.",0001013871,4,2026-08-05,2026-08-03,0001225208-26-006982,https://www.sec.gov/Archives/edgar/data/1013871/000122520826006982/doc4.xml,nonDerivative,2026-08-03,A,"Common Stock, par value $.01 per share",65.0000,0.0000,0.0,45392.0000,D,Carrillo Antonio,Director,1,,,,SEC EDGAR
"NRG|0001225208-26-006975|nonDerivative|2026-08-03|Bentley Brad|A|Common Stock, par value $.01 per share|112.0000|0.0000|D",2026-08-06 03:29:58+0000,NRG,"NRG ENERGY, INC.",0001013871,4,2026-08-05,2026-08-03,0001225208-26-006975,https://www.sec.gov/Archives/edgar/data/1013871/000122520826006975/doc4.xml,nonDerivative,2026-08-03,A,"Common Stock, par value $.01 per share",112.0000,0.0000,0.0,32762.0000,D,Bentley Brad,"Officer, Exec VP, Pres NRG Consumer",,1,,"Exec VP, Pres NRG Consumer",SEC EDGAR
"NRG|0001225208-26-006975|nonDerivative|2026-08-04|Bentley Brad|F|Common Stock, par value $.01 per share|1570.0000|0.0000|D",2026-08-06 03:29:58+0000,NRG,"NRG ENERGY, INC.",0001013871,4,2026-08-05,2026-08-03,0001225208-26-006975,https://www.sec.gov/Archives/edgar/data/1013871/000122520826006975/doc4.xml,nonDerivative,2026-08-04,F,"Common Stock, par value $.01 per share",1570.0000,0.0000,0.0,31192.0000,D,Bentley Brad,"Officer, Exec VP, Pres NRG Consumer",,1,,"Exec VP, Pres NRG Consumer",SEC EDGAR
"NRG|0001225208-26-006975|nonDerivative|2026-08-04|Bentley Brad|F|Common Stock, par value $.01 per share|3401.0000|0.0000|D",2026-08-06 03:29:58+0000,NRG,"NRG ENERGY, INC.",0001013871,4,2026-08-05,2026-08-03,0001225208-26-006975,https://www.sec.gov/Archives/edgar/data/1013871/000122520826006975/doc4.xml,nonDerivative,2026-08-04,F,"Common Stock, par value $.01 per share",3401.0000,0.0000,0.0,27791.0000,D,Bentley Brad,"Officer, Exec VP, Pres NRG Consumer",,1,,"Exec VP, Pres NRG Consumer",SEC EDGAR
NKE|0000320187-26-000101|nonDerivative|2026-08-03|Montagne Amy|F|Class B Common Stock|578|41.71|D,2026-08-06 03:29:58+0000,NKE,"NIKE, Inc.",0000320187,4,2026-08-05,2026-08-03,0000320187-26-000101,https://www.sec.gov/Archives/edgar/data/320187/000032018726000101/form4.xml,nonDerivative,2026-08-03,F,Class B Common Stock,578,41.71,24108.38,62302.9272,D,Montagne Amy,"Officer, PRESIDENT, NIKE",,1,,"PRESIDENT, NIKE",SEC EDGAR
NKE|0000320187-26-000097|nonDerivative|2026-08-03|McCartney Philip|F|Class B Common Stock|494|41.71|D,2026-08-06 03:29:58+0000,NKE,"NIKE, Inc.",0000320187,4,2026-08-05,2026-08-03,0000320187-26-000097,https://www.sec.gov/Archives/edgar/data/320187/000032018726000097/form4.xml,nonDerivative,2026-08-03,F,Class B Common Stock,494,41.71,20604.74,52638.9272,D,McCartney Philip,"Officer, EVP: CHIEF INN,PROD&DSG OFCR",,1,,"EVP: CHIEF INN,PROD&DSG OFCR",SEC EDGAR
NKE|0000320187-26-000099|nonDerivative|2026-08-03|Leinwand Robert|F|Class B Common Stock|413|41.71|D,2026-08-06 03:29:58+0000,NKE,"NIKE, Inc.",0000320187,4,2026-08-05,2026-08-03,0000320187-26-000099,https://www.sec.gov/Archives/edgar/data/320187/000032018726000099/form4.xml,nonDerivative,2026-08-03,F,Class B Common Stock,413,41.71,17226.23,61586.159,D,Leinwand Robert,"Officer, EVP: Chief Legal Officer",,1,,EVP: Chief Legal Officer,SEC EDGAR
NKE|0000320187-26-000093|nonDerivative|2026-08-03|Friend Matthew|F|Class B Common Stock|1239|41.71|D,2026-08-06 03:29:58+0000,NKE,"NIKE, Inc.",0000320187,4,2026-08-05,2026-08-03,0000320187-26-000093,https://www.sec.gov/Archives/edgar/data/320187/000032018726000093/form4.xml,nonDerivative,2026-08-03,F,Class B Common Stock,1239,41.71,51678.69,84628.1024,D,Friend Matthew,"Officer, EVP: CFO",,1,,EVP: CFO,SEC EDGAR
NKE|0000320187-26-000095|nonDerivative|2026-08-03|Alagirisamy Venkatesh|F|Class B Common Stock|837|41.71|D,2026-08-06 03:29:58+0000,NKE,"NIKE, Inc.",0000320187,4,2026-08-05,2026-08-03,0000320187-26-000095,https://www.sec.gov/Archives/edgar/data/320187/000032018726000095/form4.xml,nonDerivative,2026-08-03,F,Class B Common Stock,837,41.71,34911.270000000004,75709.9272,D,Alagirisamy Venkatesh,"Officer, EVP: CHIEF OPERATING OFFICER",,1,,EVP: CHIEF OPERATING OFFICER,SEC EDGAR
"NEM|0001936354-26-000018|nonDerivative|2026-08-03|Toth Peter|S|Common Stock, $1.60 par value|3000|93.45|D",2026-08-06 03:29:58+0000,NEM,NEWMONT Corp /DE/,0001164727,4,2026-08-05,2026-08-03,0001936354-26-000018,https://www.sec.gov/Archives/edgar/data/1164727/000193635426000018/form4.xml,nonDerivative,2026-08-03,S,"Common Stock, $1.60 par value",3000,93.45,280350.0,40315,D,Toth Peter,"Officer, EVP, Chief Sustain & Dev Off",0,1,0,"EVP, Chief Sustain & Dev Off",SEC EDGAR
"NDAQ|0001193125-26-335033|nonDerivative|2026-08-03|Smith Bryan Everard|S|Common Stock, par value $0.01 per share|1556|95.07|D",2026-08-06 03:29:58+0000,NDAQ,"NASDAQ, INC.",0001120193,4,2026-08-05,2026-08-03,0001193125-26-335033,https://www.sec.gov/Archives/edgar/data/1120193/000119312526335033/ownership.xml,nonDerivative,2026-08-03,S,"Common Stock, par value $0.01 per share",1556,95.07,147928.91999999998,67647,D,Smith Bryan Everard,"EVP, CPO",false,true,false,"EVP, CPO",SEC EDGAR
"MTD|0001037646-26-000057|nonDerivative|2026-08-03|Vadala Shawn|M|Common Stock, par value $0.01 per share|2240|595.31|D",2026-08-06 03:29:58+0000,MTD,METTLER TOLEDO INTERNATIONAL INC/,0001037646,4,2026-08-05,2026-08-03,0001037646-26-000057,https://www.sec.gov/Archives/edgar/data/1037646/000103764626000057/form4.xml,nonDerivative,2026-08-03,M,"Common Stock, par value $0.01 per share",2240,595.31,1333494.4,7819,D,Vadala Shawn,"Officer, Chief Financial Officer",0,1,0,Chief Financial Officer,SEC EDGAR
"MTD|0001037646-26-000057|nonDerivative|2026-08-03|Vadala Shawn|S|Common Stock, par value $0.01 per share|2240|1432|D",2026-08-06 03:29:58+0000,MTD,METTLER TOLEDO INTERNATIONAL INC/,0001037646,4,2026-08-05,2026-08-03,0001037646-26-000057,https://www.sec.gov/Archives/edgar/data/1037646/000103764626000057/form4.xml,nonDerivative,2026-08-03,S,"Common Stock, par value $0.01 per share",2240,1432,3207680.0,5579,D,Vadala Shawn,"Officer, Chief Financial Officer",0,1,0,Chief Financial Officer,SEC EDGAR
MTD|0001037646-26-000057|derivative|2026-08-03|Vadala Shawn|M|Stock Option (right to buy)|2240|0|D,2026-08-06 03:29:58+0000,MTD,METTLER TOLEDO INTERNATIONAL INC/,0001037646,4,2026-08-05,2026-08-03,0001037646-26-000057,https://www.sec.gov/Archives/edgar/data/1037646/000103764626000057/form4.xml,derivative,2026-08-03,M,Stock Option (right to buy),2240,0,0.0,0,D,Vadala Shawn,"Officer, Chief Financial Officer",0,1,0,Chief Financial Officer,SEC EDGAR
"MTD|0001037646-26-000061|nonDerivative|2026-08-03|SALICE THOMAS P|M|Common Stock, par value $0.01 per share|415|397.95|D",2026-08-06 03:29:58+0000,MTD,METTLER TOLEDO INTERNATIONAL INC/,0001037646,4,2026-08-05,2026-08-03,0001037646-26-000061,https://www.sec.gov/Archives/edgar/data/1037646/000103764626000061/form4.xml,nonDerivative,2026-08-03,M,"Common Stock, par value $0.01 per share",415,397.95,165149.25,707,D,SALICE THOMAS P,Director,1,0,0,,SEC EDGAR
"MTD|0001037646-26-000061|nonDerivative|2026-08-03|SALICE THOMAS P|S|Common Stock, par value $0.01 per share|415|1444.62|D",2026-08-06 03:29:58+0000,MTD,METTLER TOLEDO INTERNATIONAL INC/,0001037646,4,2026-08-05,2026-08-03,0001037646-26-000061,https://www.sec.gov/Archives/edgar/data/1037646/000103764626000061/form4.xml,nonDerivative,2026-08-03,S,"Common Stock, par value $0.01 per share",415,1444.62,599517.2999999999,292,D,SALICE THOMAS P,Director,1,0,0,,SEC EDGAR
MTD|0001037646-26-000061|derivative|2026-08-03|SALICE THOMAS P|M|Stock Option (right to buy)|415|0|D,2026-08-06 03:29:58+0000,MTD,METTLER TOLEDO INTERNATIONAL INC/,0001037646,4,2026-08-05,2026-08-03,0001037646-26-000061,https://www.sec.gov/Archives/edgar/data/1037646/000103764626000061/form4.xml,derivative,2026-08-03,M,Stock Option (right to buy),415,0,0.0,417,D,SALICE THOMAS P,Director,1,0,0,,SEC EDGAR
"MTD|0001037646-26-000059|nonDerivative|2026-08-03|Keller Gerry|M|Common Stock, par value $0.01 per share|240|720.81|D",2026-08-06 03:29:58+0000,MTD,METTLER TOLEDO INTERNATIONAL INC/,0001037646,4,2026-08-05,2026-08-03,0001037646-26-000059,https://www.sec.gov/Archives/edgar/data/1037646/000103764626000059/form4.xml,nonDerivative,2026-08-03,M,"Common Stock, par value $0.01 per share",240,720.81,172994.4,499,D,Keller Gerry,"Officer, Head of Process Analytics",0,1,0,Head of Process Analytics,SEC EDGAR
"MTD|0001037646-26-000059|nonDerivative|2026-08-03|Keller Gerry|S|Common Stock, par value $0.01 per share|240|1427.14|D",2026-08-06 03:29:58+0000,MTD,METTLER TOLEDO INTERNATIONAL INC/,0001037646,4,2026-08-05,2026-08-03,0001037646-26-000059,https://www.sec.gov/Archives/edgar/data/1037646/000103764626000059/form4.xml,nonDerivative,2026-08-03,S,"Common Stock, par value $0.01 per share",240,1427.14,342513.60000000003,259,D,Keller Gerry,"Officer, Head of Process Analytics",0,1,0,Head of Process Analytics,SEC EDGAR
MTD|0001037646-26-000059|derivative|2026-08-03|Keller Gerry|M|Stock Option (right to buy)|240|0|D,2026-08-06 03:29:58+0000,MTD,METTLER TOLEDO INTERNATIONAL INC/,0001037646,4,2026-08-05,2026-08-03,0001037646-26-000059,https://www.sec.gov/Archives/edgar/data/1037646/000103764626000059/form4.xml,derivative,2026-08-03,M,Stock Option (right to buy),240,0,0.0,235,D,Keller Gerry,"Officer, Head of Process Analytics",0,1,0,Head of Process Analytics,SEC EDGAR
MTB|0001628280-26-053230|nonDerivative|2026-07-31|Jacobs Jeremy M Jr|A|Common Stock|589|0|D,2026-08-06 03:29:58+0000,MTB,M&T BANK CORP,0000036270,4,2026-08-05,2026-07-31,0001628280-26-053230,https://www.sec.gov/Archives/edgar/data/36270/000162828026053230/wk-form4_1785958623.xml,nonDerivative,2026-07-31,A,Common Stock,589,0,0.0,589,D,Jacobs Jeremy M Jr,Director,1,0,0,,SEC EDGAR
MSFT|0000789019-26-000141|nonDerivative|2026-08-04|Numoto Takeshi|S|Common Stock|4810.353|496.48|D,2026-08-06 03:29:58+0000,MSFT,MICROSOFT CORP,0000789019,4,2026-08-05,2026-08-04,0000789019-26-000141,https://www.sec.gov/Archives/edgar/data/789019/000078901926000141/form4.xml,nonDerivative,2026-08-04,S,Common Stock,4810.353,496.48,2388244.05744,42677.4483,D,Numoto Takeshi,"Officer, EVP, Chief Marketing Officer",0,1,0,"EVP, Chief Marketing Officer",SEC EDGAR
MPWR|0001214659-26-009676|nonDerivative|2026-08-03|Sciammas Maurice|S|Common Stock|30|1343.94|I,2026-08-06 03:29:58+0000,MPWR,"MONOLITHIC POWER SYSTEMS, INC.",0001280452,4,2026-08-05,2026-08-03,0001214659-26-009676,https://www.sec.gov/Archives/edgar/data/1280452/000121465926009676/marketforms-73662.xml,nonDerivative,2026-08-03,S,Common Stock,30,1343.94,40318.200000000004,1119,I,Sciammas Maurice,"EVP, WW Sales & Marketing",false,true,false,"EVP, WW Sales & Marketing",SEC EDGAR
META|0000950103-26-011964|nonDerivative|2026-08-03|KIMMITT ROBERT M|S|Class A Common Stock|500|561.56|D,2026-08-06 03:29:58+0000,META,"Meta Platforms, Inc.",0001326801,4,2026-08-05,2026-08-03,0000950103-26-011964,https://www.sec.gov/Archives/edgar/data/1326801/000095010326011964/ownership.xml,nonDerivative,2026-08-03,S,Class A Common Stock,500,561.56,280780.0,2943,D,KIMMITT ROBERT M,Director,1,0,0,,SEC EDGAR
MA|0001141391-26-000093|nonDerivative|2026-08-03|Ling Hai|A|Class A Common Stock|2657|0|D,2026-08-06 03:29:58+0000,MA,Mastercard Inc,0001141391,4,2026-08-05,2026-08-03,0001141391-26-000093,https://www.sec.gov/Archives/edgar/data/1141391/000114139126000093/wk-form4_1785961013.xml,nonDerivative,2026-08-03,A,Class A Common Stock,2657,0,0.0,35838.5,D,Ling Hai,"Officer, Chief Financial Officer",0,1,0,Chief Financial Officer,SEC EDGAR
MA|0001141391-26-000094|nonDerivative|2026-08-03|Kirkpatrick Linda Pistecchia|A|Class A Common Stock|1771|0|D,2026-08-06 03:29:58+0000,MA,Mastercard Inc,0001141391,4,2026-08-05,2026-08-03,0001141391-26-000094,https://www.sec.gov/Archives/edgar/data/1141391/000114139126000094/wk-form4_1785961107.xml,nonDerivative,2026-08-03,A,Class A Common Stock,1771,0,0.0,31179.052,D,Kirkpatrick Linda Pistecchia,"Officer, Chief Services Officer",0,1,0,Chief Services Officer,SEC EDGAR
MA|0001141391-26-000094|nonDerivative|2026-08-04|Kirkpatrick Linda Pistecchia|M|Class A Common Stock|4280|173.49|D,2026-08-06 03:29:58+0000,MA,Mastercard Inc,0001141391,4,2026-08-05,2026-08-03,0001141391-26-000094,https://www.sec.gov/Archives/edgar/data/1141391/000114139126000094/wk-form4_1785961107.xml,nonDerivative,2026-08-04,M,Class A Common Stock,4280,173.49,742537.2000000001,35459.052,D,Kirkpatrick Linda Pistecchia,"Officer, Chief Services Officer",0,1,0,Chief Services Officer,SEC EDGAR
MA|0001141391-26-000094|nonDerivative|2026-08-04|Kirkpatrick Linda Pistecchia|S|Class A Common Stock|40|564.92|D,2026-08-06 03:29:58+0000,MA,Mastercard Inc,0001141391,4,2026-08-05,2026-08-03,0001141391-26-000094,https://www.sec.gov/Archives/edgar/data/1141391/000114139126000094/wk-form4_1785961107.xml,nonDerivative,2026-08-04,S,Class A Common Stock,40,564.92,22596.8,35419.052,D,Kirkpatrick Linda Pistecchia,"Officer, Chief Services Officer",0,1,0,Chief Services Officer,SEC EDGAR
MA|0001141391-26-000094|nonDerivative|2026-08-04|Kirkpatrick Linda Pistecchia|S|Class A Common Stock|600|566.6847|D,2026-08-06 03:29:58+0000,MA,Mastercard Inc,0001141391,4,2026-08-05,2026-08-03,0001141391-26-000094,https://www.sec.gov/Archives/edgar/data/1141391/000114139126000094/wk-form4_1785961107.xml,nonDerivative,2026-08-04,S,Class A Common Stock,600,566.6847,340010.82,34819.052,D,Kirkpatrick Linda Pistecchia,"Officer, Chief Services Officer",0,1,0,Chief Services Officer,SEC EDGAR
MA|0001141391-26-000094|nonDerivative|2026-08-04|Kirkpatrick Linda Pistecchia|S|Class A Common Stock|200|568.0027|D,2026-08-06 03:29:58+0000,MA,Mastercard Inc,0001141391,4,2026-08-05,2026-08-03,0001141391-26-000094,https://www.sec.gov/Archives/edgar/data/1141391/000114139126000094/wk-form4_1785961107.xml,nonDerivative,2026-08-04,S,Class A Common Stock,200,568.0027,113600.54000000001,34619.052,D,Kirkpatrick Linda Pistecchia,"Officer, Chief Services Officer",0,1,0,Chief Services Officer,SEC EDGAR
MA|0001141391-26-000094|nonDerivative|2026-08-04|Kirkpatrick Linda Pistecchia|S|Class A Common Stock|360|569.1789|D,2026-08-06 03:29:58+0000,MA,Mastercard Inc,0001141391,4,2026-08-05,2026-08-03,0001141391-26-000094,https://www.sec.gov/Archives/edgar/data/1141391/000114139126000094/wk-form4_1785961107.xml,nonDerivative,2026-08-04,S,Class A Common Stock,360,569.1789,204904.404,34259.052,D,Kirkpatrick Linda Pistecchia,"Officer, Chief Services Officer",0,1,0,Chief Services Officer,SEC EDGAR
MA|0001141391-26-000094|nonDerivative|2026-08-04|Kirkpatrick Linda Pistecchia|S|Class A Common Stock|400|569.9793|D,2026-08-06 03:29:58+0000,MA,Mastercard Inc,0001141391,4,2026-08-05,2026-08-03,0001141391-26-000094,https://www.sec.gov/Archives/edgar/data/1141391/000114139126000094/wk-form4_1785961107.xml,nonDerivative,2026-08-04,S,Class A Common Stock,400,569.9793,227991.71999999997,33859.052,D,Kirkpatrick Linda Pistecchia,"Officer, Chief Services Officer",0,1,0,Chief Services Officer,SEC EDGAR
MA|0001141391-26-000094|nonDerivative|2026-08-04|Kirkpatrick Linda Pistecchia|S|Class A Common Stock|1680|571.2234|D,2026-08-06 03:29:58+0000,MA,Mastercard Inc,0001141391,4,2026-08-05,2026-08-03,0001141391-26-000094,https://www.sec.gov/Archives/edgar/data/1141391/000114139126000094/wk-form4_1785961107.xml,nonDerivative,2026-08-04,S,Class A Common Stock,1680,571.2234,959655.3119999999,32179.052,D,Kirkpatrick Linda Pistecchia,"Officer, Chief Services Officer",0,1,0,Chief Services Officer,SEC EDGAR
MA|0001141391-26-000094|nonDerivative|2026-08-04|Kirkpatrick Linda Pistecchia|S|Class A Common Stock|880|572.0552|D,2026-08-06 03:29:58+0000,MA,Mastercard Inc,0001141391,4,2026-08-05,2026-08-03,0001141391-26-000094,https://www.sec.gov/Archives/edgar/data/1141391/000114139126000094/wk-form4_1785961107.xml,nonDerivative,2026-08-04,S,Class A Common Stock,880,572.0552,503408.576,31299.052,D,Kirkpatrick Linda Pistecchia,"Officer, Chief Services Officer",0,1,0,Chief Services Officer,SEC EDGAR
MA|0001141391-26-000094|nonDerivative|2026-08-04|Kirkpatrick Linda Pistecchia|S|Class A Common Stock|120|572.89|D,2026-08-06 03:29:58+0000,MA,Mastercard Inc,0001141391,4,2026-08-05,2026-08-03,0001141391-26-000094,https://www.sec.gov/Archives/edgar/data/1141391/000114139126000094/wk-form4_1785961107.xml,nonDerivative,2026-08-04,S,Class A Common Stock,120,572.89,68746.8,31179.052,D,Kirkpatrick Linda Pistecchia,"Officer, Chief Services Officer",0,1,0,Chief Services Officer,SEC EDGAR
MA|0001141391-26-000094|derivative|2026-08-04|Kirkpatrick Linda Pistecchia|M|Employee Stock Option (right to buy)|4280|0|D,2026-08-06 03:29:58+0000,MA,Mastercard Inc,0001141391,4,2026-08-05,2026-08-03,0001141391-26-000094,https://www.sec.gov/Archives/edgar/data/1141391/000114139126000094/wk-form4_1785961107.xml,derivative,2026-08-04,M,Employee Stock Option (right to buy),4280,0,0.0,0,D,Kirkpatrick Linda Pistecchia,"Officer, Chief Services Officer",0,1,0,Chief Services Officer,SEC EDGAR
MA|0001141391-26-000095|nonDerivative|2026-08-03|Dosis Dimitrios|A|Class  A Common Stock|2303|0|D,2026-08-06 03:29:58+0000,MA,Mastercard Inc,0001141391,4,2026-08-05,2026-08-03,0001141391-26-000095,https://www.sec.gov/Archives/edgar/data/1141391/000114139126000095/wk-form4_1785961227.xml,nonDerivative,2026-08-03,A,Class  A Common Stock,2303,0,0.0,13862.657,D,Dosis Dimitrios,"Officer, Chief Commercial Pmts Officer",0,1,0,Chief Commercial Pmts Officer,SEC EDGAR
LW|0001904829-26-000008|nonDerivative|2026-08-04|Younes Steven J|F|Common Stock|1498|53.18|D,2026-08-06 03:29:58+0000,LW,"Lamb Weston Holdings, Inc.",0001679273,4,2026-08-05,2026-08-04,0001904829-26-000008,https://www.sec.gov/Archives/edgar/data/1679273/000190482926000008/form4-08052026_110843.xml,nonDerivative,2026-08-04,F,Common Stock,1498,53.18,79663.64,44855.3,D,Younes Steven J,CHIEF HUMAN RESOURCES OFFICER,false,true,false,CHIEF HUMAN RESOURCES OFFICER,SEC EDGAR
LW|0002031596-26-000006|nonDerivative|2026-08-04|Wilks Sylvia|F|Common Stock|2223|53.18|D,2026-08-06 03:29:58+0000,LW,"Lamb Weston Holdings, Inc.",0001679273,4,2026-08-05,2026-08-04,0002031596-26-000006,https://www.sec.gov/Archives/edgar/data/1679273/000203159626000006/form4-08052026_110810.xml,nonDerivative,2026-08-04,F,Common Stock,2223,53.18,118219.14,42403.3,D,Wilks Sylvia,Chief Supply Chain Officer,false,true,false,Chief Supply Chain Officer,SEC EDGAR
LW|0001353531-26-000008|nonDerivative|2026-08-04|Spytek Eryk J|F|Common Stock|3820|53.18|D,2026-08-06 03:29:58+0000,LW,"Lamb Weston Holdings, Inc.",0001679273,4,2026-08-05,2026-08-04,0001353531-26-000008,https://www.sec.gov/Archives/edgar/data/1679273/000135353126000008/form4-08052026_110836.xml,nonDerivative,2026-08-04,F,Common Stock,3820,53.18,203147.6,32173.9,D,Spytek Eryk J,GEN COUNSEL & CHIEF COMPL OFF,false,true,false,GEN COUNSEL & CHIEF COMPL OFF,SEC EDGAR
LW|0001712056-26-000008|nonDerivative|2026-08-04|Smith Michael Jared|F|Common Stock|9441|53.18|D,2026-08-06 03:29:58+0000,LW,"Lamb Weston Holdings, Inc.",0001679273,4,2026-08-05,2026-08-04,0001712056-26-000008,https://www.sec.gov/Archives/edgar/data/1679273/000171205626000008/form4-08052026_110821.xml,nonDerivative,2026-08-04,F,Common Stock,9441,53.18,502072.38,178422.8,D,Smith Michael Jared,President and CEO,true,true,false,President and CEO,SEC EDGAR
LW|0001975231-26-000010|nonDerivative|2026-08-04|Schroeder Marc|F|Common Stock|3492|53.18|D,2026-08-06 03:29:58+0000,LW,"Lamb Weston Holdings, Inc.",0001679273,4,2026-08-05,2026-08-04,0001975231-26-000010,https://www.sec.gov/Archives/edgar/data/1679273/000197523126000010/form4-08052026_110802.xml,nonDerivative,2026-08-04,F,Common Stock,3492,53.18,185704.56,44109.7,D,Schroeder Marc,"PRESIDENT, INTERNATIONAL",false,true,false,"PRESIDENT, INTERNATIONAL",SEC EDGAR
LW|0001877286-26-000006|nonDerivative|2026-08-04|Jones Gregory W|F|Common Stock|619|53.18|D,2026-08-06 03:29:58+0000,LW,"Lamb Weston Holdings, Inc.",0001679273,4,2026-08-05,2026-08-04,0001877286-26-000006,https://www.sec.gov/Archives/edgar/data/1679273/000187728626000006/form4-08052026_110855.xml,nonDerivative,2026-08-04,F,Common Stock,619,53.18,32918.42,11858.6,D,Jones Gregory W,VP AND CONTROLLER,false,true,false,VP AND CONTROLLER,SEC EDGAR
LW|0002052319-26-000008|nonDerivative|2026-08-04|Crowley Michael Christopher|F|Common Stock|1805|53.18|D,2026-08-06 03:29:58+0000,LW,"Lamb Weston Holdings, Inc.",0001679273,4,2026-08-05,2026-08-04,0002052319-26-000008,https://www.sec.gov/Archives/edgar/data/1679273/000205231926000008/form4-08052026_110835.xml,nonDerivative,2026-08-04,F,Common Stock,1805,53.18,95989.9,32257.2,D,Crowley Michael Christopher,"President, North America",false,true,false,"President, North America",SEC EDGAR
LH|0000920148-26-000172|nonDerivative|2026-08-03|Wilkinson Peter J|S|Common Stock|82|309.22|D,2026-08-06 03:29:58+0000,LH,LABCORP HOLDINGS INC.,0000920148,4,2026-08-05,2026-08-03,0000920148-26-000172,https://www.sec.gov/Archives/edgar/data/920148/000092014826000172/form4.xml,nonDerivative,2026-08-03,S,Common Stock,82,309.22,25356.04,1770.2194,D,Wilkinson Peter J,"Officer, SVP, Chief Accounting Officer",,1,,"SVP, Chief Accounting Officer",SEC EDGAR
LH|0000920148-26-000172|nonDerivative|2026-08-03|Wilkinson Peter J|M|Common Stock|1338|209.25|D,2026-08-06 03:29:58+0000,LH,LABCORP HOLDINGS INC.,0000920148,4,2026-08-05,2026-08-03,0000920148-26-000172,https://www.sec.gov/Archives/edgar/data/920148/000092014826000172/form4.xml,nonDerivative,2026-08-03,M,Common Stock,1338,209.25,279976.5,3108.2194,D,Wilkinson Peter J,"Officer, SVP, Chief Accounting Officer",,1,,"SVP, Chief Accounting Officer",SEC EDGAR
LH|0000920148-26-000172|nonDerivative|2026-08-03|Wilkinson Peter J|S|Common Stock|1338|309.2311|D,2026-08-06 03:29:58+0000,LH,LABCORP HOLDINGS INC.,0000920148,4,2026-08-05,2026-08-03,0000920148-26-000172,https://www.sec.gov/Archives/edgar/data/920148/000092014826000172/form4.xml,nonDerivative,2026-08-03,S,Common Stock,1338,309.2311,413751.21180000005,1770.2194,D,Wilkinson Peter J,"Officer, SVP, Chief Accounting Officer",,1,,"SVP, Chief Accounting Officer",SEC EDGAR
LH|0000920148-26-000172|derivative|2026-08-03|Wilkinson Peter J|M|Non-qualified Stock Options|1338|0|D,2026-08-06 03:29:58+0000,LH,LABCORP HOLDINGS INC.,0000920148,4,2026-08-05,2026-08-03,0000920148-26-000172,https://www.sec.gov/Archives/edgar/data/920148/000092014826000172/form4.xml,derivative,2026-08-03,M,Non-qualified Stock Options,1338,0,0.0,0,D,Wilkinson Peter J,"Officer, SVP, Chief Accounting Officer",,1,,"SVP, Chief Accounting Officer",SEC EDGAR
KLAC|0001193125-26-335502|nonDerivative|2026-08-05|Wilkinson Mary Beth|S|Common Stock|13802|195.5|D,2026-08-06 03:29:58+0000,KLAC,KLA CORP,0000319201,4,2026-08-05,2026-08-05,0001193125-26-335502,https://www.sec.gov/Archives/edgar/data/319201/000119312526335502/ownership.xml,nonDerivative,2026-08-05,S,Common Stock,13802,195.5,2698291.0,22109.832,D,Wilkinson Mary Beth,"EVP, CLO and Secretary",false,true,false,"EVP, CLO and Secretary",SEC EDGAR
KLAC|0001193125-26-335482|nonDerivative|2026-08-05|Kirloskar Virendra A|S|Common Stock|4504|195.5|D,2026-08-06 03:29:58+0000,KLAC,KLA CORP,0000319201,4,2026-08-05,2026-08-05,0001193125-26-335482,https://www.sec.gov/Archives/edgar/data/319201/000119312526335482/ownership.xml,nonDerivative,2026-08-05,S,Common Stock,4504,195.5,880532.0,7972.4479,D,Kirloskar Virendra A,SVP & Chief Accounting Officer,false,true,false,SVP & Chief Accounting Officer,SEC EDGAR
JCI|0000833444-26-000093|nonDerivative|2026-08-04|Schlitz Lei Zhang|S|Ordinary Shares|20917|152.98|D,2026-08-06 03:29:58+0000,JCI,Johnson Controls International plc,0000833444,4,2026-08-05,2026-08-04,0000833444-26-000093,https://www.sec.gov/Archives/edgar/data/833444/000083344426000093/form4.xml,nonDerivative,2026-08-04,S,Ordinary Shares,20917,152.98,3199882.6599999997,17517.12,D,Schlitz Lei Zhang,"Officer, VP & Pres, GP & Solutions",,1,,"VP & Pres, GP & Solutions",SEC EDGAR
JCI|0000833444-26-000093|nonDerivative|2026-08-04|Schlitz Lei Zhang|S|Ordinary Shares|2500|153.79|D,2026-08-06 03:29:58+0000,JCI,Johnson Controls International plc,0000833444,4,2026-08-05,2026-08-04,0000833444-26-000093,https://www.sec.gov/Archives/edgar/data/833444/000083344426000093/form4.xml,nonDerivative,2026-08-04,S,Ordinary Shares,2500,153.79,384475.0,15017.12,D,Schlitz Lei Zhang,"Officer, VP & Pres, GP & Solutions",,1,,"VP & Pres, GP & Solutions",SEC EDGAR
JBL|0001225208-26-006945|nonDerivative|2026-07-17|Tyagarajan N. V.|P|Common Stock|500.0000|299.6299|D,2026-08-06 03:29:58+0000,JBL,JABIL INC,0000898293,4,2026-08-05,2026-07-17,0001225208-26-006945,https://www.sec.gov/Archives/edgar/data/898293/000122520826006945/doc4.xml,nonDerivative,2026-07-17,P,Common Stock,500.0000,299.6299,149814.95,3464.0000,D,Tyagarajan N. V.,Director,1,,,,SEC EDGAR
"IVZ|0000020430-26-000035|nonDerivative|2026-08-03|Invesco Advisers, Inc.|A|Class E Common Stock, $0.01 par value|99706.462|26.0209|D",2026-08-06 03:29:58+0000,IVZ,Invesco Ltd.,0000914208,4,2026-08-05,2026-08-03,0000020430-26-000035,https://www.sec.gov/Archives/edgar/data/914208/000002043026000035/wk-form4_1785944008.xml,nonDerivative,2026-08-03,A,"Class E Common Stock, $0.01 par value",99706.462,26.0209,2594451.8770558,567882.898,D,"Invesco Advisers, Inc.",Director,1,0,0,,SEC EDGAR
IR|0001140361-26-031457|nonDerivative|2026-08-03|Satpathy Aurobind|P|Common Stock|11538|86.678|D,2026-08-06 03:29:58+0000,IR,Ingersoll Rand Inc.,0001699150,4,2026-08-05,2026-08-03,0001140361-26-031457,https://www.sec.gov/Archives/edgar/data/1699150/000114036126031457/form4.xml,nonDerivative,2026-08-03,P,Common Stock,11538,86.678,1000090.764,11538,D,Satpathy Aurobind,,true,,,,SEC EDGAR
INTU|0001628280-26-053719|derivative|2026-08-03|McDermott William R|A|Restricted Stock Units|413|0|D,2026-08-06 03:29:58+0000,INTU,INTUIT INC.,0000896878,4,2026-08-05,2026-08-03,0001628280-26-053719,https://www.sec.gov/Archives/edgar/data/896878/000162828026053719/wk-form4_1785976036.xml,derivative,2026-08-03,A,Restricted Stock Units,413,0,0.0,413,D,McDermott William R,Director,1,0,0,,SEC EDGAR
INTU|0001628280-26-053716|derivative|2026-08-03|FRIEDMAN ADENA T|A|Restricted Stock Units|413|0|D,2026-08-06 03:29:58+0000,INTU,INTUIT INC.,0000896878,4,2026-08-05,2026-08-03,0001628280-26-053716,https://www.sec.gov/Archives/edgar/data/896878/000162828026053716/wk-form4_1785975919.xml,derivative,2026-08-03,A,Restricted Stock Units,413,0,0.0,413,D,FRIEDMAN ADENA T,Director,1,0,0,,SEC EDGAR
"HSY|0000950142-26-002270|nonDerivative|2026-08-03|HERSHEY TRUST CO TRUSTEE IN TRUST FOR MILTON HERSHEY SCHOOL|S|Common Stock, $1.00 par value|16|175.9884|D",2026-08-06 03:29:58+0000,HSY,HERSHEY CO,0000047111,4,2026-08-05,2026-08-03,0000950142-26-002270,https://www.sec.gov/Archives/edgar/data/47111/000095014226002270/es260816395_4-hsy.xml,nonDerivative,2026-08-03,S,"Common Stock, $1.00 par value",16,175.9884,2815.8144,1106103,D,HERSHEY TRUST CO TRUSTEE IN TRUST FOR MILTON HERSHEY SCHOOL,10% Owner,0,0,1,,SEC EDGAR
"HSY|0000950142-26-002270|nonDerivative|2026-08-03|HERSHEY TRUST CO TRUSTEE IN TRUST FOR MILTON HERSHEY SCHOOL|S|Common Stock, $1.00 par value|3209|176.4796|D",2026-08-06 03:29:58+0000,HSY,HERSHEY CO,0000047111,4,2026-08-05,2026-08-03,0000950142-26-002270,https://www.sec.gov/Archives/edgar/data/47111/000095014226002270/es260816395_4-hsy.xml,nonDerivative,2026-08-03,S,"Common Stock, $1.00 par value",3209,176.4796,566323.0364,1102894,D,HERSHEY TRUST CO TRUSTEE IN TRUST FOR MILTON HERSHEY SCHOOL,10% Owner,0,0,1,,SEC EDGAR
"HSY|0000950142-26-002270|nonDerivative|2026-08-03|HERSHEY TRUST CO TRUSTEE IN TRUST FOR MILTON HERSHEY SCHOOL|S|Common Stock, $1.00 par value|5180|177.5559|D",2026-08-06 03:29:58+0000,HSY,HERSHEY CO,0000047111,4,2026-08-05,2026-08-03,0000950142-26-002270,https://www.sec.gov/Archives/edgar/data/47111/000095014226002270/es260816395_4-hsy.xml,nonDerivative,2026-08-03,S,"Common Stock, $1.00 par value",5180,177.5559,919739.562,1097714,D,HERSHEY TRUST CO TRUSTEE IN TRUST FOR MILTON HERSHEY SCHOOL,10% Owner,0,0,1,,SEC EDGAR
"HSY|0000950142-26-002270|nonDerivative|2026-08-03|HERSHEY TRUST CO TRUSTEE IN TRUST FOR MILTON HERSHEY SCHOOL|S|Common Stock, $1.00 par value|711|178.5988|D",2026-08-06 03:29:58+0000,HSY,HERSHEY CO,0000047111,4,2026-08-05,2026-08-03,0000950142-26-002270,https://www.sec.gov/Archives/edgar/data/47111/000095014226002270/es260816395_4-hsy.xml,nonDerivative,2026-08-03,S,"Common Stock, $1.00 par value",711,178.5988,126983.74680000001,1097003,D,HERSHEY TRUST CO TRUSTEE IN TRUST FOR MILTON HERSHEY SCHOOL,10% Owner,0,0,1,,SEC EDGAR
"HSY|0000950142-26-002270|nonDerivative|2026-08-03|HERSHEY TRUST CO TRUSTEE IN TRUST FOR MILTON HERSHEY SCHOOL|S|Common Stock, $1.00 par value|782|179.4398|D",2026-08-06 03:29:58+0000,HSY,HERSHEY CO,0000047111,4,2026-08-05,2026-08-03,0000950142-26-002270,https://www.sec.gov/Archives/edgar/data/47111/000095014226002270/es260816395_4-hsy.xml,nonDerivative,2026-08-03,S,"Common Stock, $1.00 par value",782,179.4398,140321.92359999998,1096221,D,HERSHEY TRUST CO TRUSTEE IN TRUST FOR MILTON HERSHEY SCHOOL,10% Owner,0,0,1,,SEC EDGAR
"HSY|0000950142-26-002270|nonDerivative|2026-08-03|HERSHEY TRUST CO TRUSTEE IN TRUST FOR MILTON HERSHEY SCHOOL|S|Common Stock, $1.00 par value|102|180.2700|D",2026-08-06 03:29:58+0000,HSY,HERSHEY CO,0000047111,4,2026-08-05,2026-08-03,0000950142-26-002270,https://www.sec.gov/Archives/edgar/data/47111/000095014226002270/es260816395_4-hsy.xml,nonDerivative,2026-08-03,S,"Common Stock, $1.00 par value",102,180.2700,18387.54,1096119,D,HERSHEY TRUST CO TRUSTEE IN TRUST FOR MILTON HERSHEY SCHOOL,10% Owner,0,0,1,,SEC EDGAR
"HSY|0000950142-26-002270|nonDerivative|2026-08-04|HERSHEY TRUST CO TRUSTEE IN TRUST FOR MILTON HERSHEY SCHOOL|S|Common Stock, $1.00 par value|147|173.8119|D",2026-08-06 03:29:58+0000,HSY,HERSHEY CO,0000047111,4,2026-08-05,2026-08-03,0000950142-26-002270,https://www.sec.gov/Archives/edgar/data/47111/000095014226002270/es260816395_4-hsy.xml,nonDerivative,2026-08-04,S,"Common Stock, $1.00 par value",147,173.8119,25550.3493,1095972,D,HERSHEY TRUST CO TRUSTEE IN TRUST FOR MILTON HERSHEY SCHOOL,10% Owner,0,0,1,,SEC EDGAR
"HSY|0000950142-26-002270|nonDerivative|2026-08-04|HERSHEY TRUST CO TRUSTEE IN TRUST FOR MILTON HERSHEY SCHOOL|S|Common Stock, $1.00 par value|638|174.4801|D",2026-08-06 03:29:58+0000,HSY,HERSHEY CO,0000047111,4,2026-08-05,2026-08-03,0000950142-26-002270,https://www.sec.gov/Archives/edgar/data/47111/000095014226002270/es260816395_4-hsy.xml,nonDerivative,2026-08-04,S,"Common Stock, $1.00 par value",638,174.4801,111318.3038,1095334,D,HERSHEY TRUST CO TRUSTEE IN TRUST FOR MILTON HERSHEY SCHOOL,10% Owner,0,0,1,,SEC EDGAR
"HSY|0000950142-26-002270|nonDerivative|2026-08-04|HERSHEY TRUST CO TRUSTEE IN TRUST FOR MILTON HERSHEY SCHOOL|S|Common Stock, $1.00 par value|775|175.5819|D",2026-08-06 03:29:58+0000,HSY,HERSHEY CO,0000047111,4,2026-08-05,2026-08-03,0000950142-26-002270,https://www.sec.gov/Archives/edgar/data/47111/000095014226002270/es260816395_4-hsy.xml,nonDerivative,2026-08-04,S,"Common Stock, $1.00 par value",775,175.5819,136075.9725,1094559,D,HERSHEY TRUST CO TRUSTEE IN TRUST FOR MILTON HERSHEY SCHOOL,10% Owner,0,0,1,,SEC EDGAR
"HSY|0000950142-26-002270|nonDerivative|2026-08-04|HERSHEY TRUST CO TRUSTEE IN TRUST FOR MILTON HERSHEY SCHOOL|S|Common Stock, $1.00 par value|506|176.4020|D",2026-08-06 03:29:58+0000,HSY,HERSHEY CO,0000047111,4,2026-08-05,2026-08-03,0000950142-26-002270,https://www.sec.gov/Archives/edgar/data/47111/000095014226002270/es260816395_4-hsy.xml,nonDerivative,2026-08-04,S,"Common Stock, $1.00 par value",506,176.4020,89259.412,1094053,D,HERSHEY TRUST CO TRUSTEE IN TRUST FOR MILTON HERSHEY SCHOOL,10% Owner,0,0,1,,SEC EDGAR
"HSY|0000950142-26-002270|nonDerivative|2026-08-04|HERSHEY TRUST CO TRUSTEE IN TRUST FOR MILTON HERSHEY SCHOOL|S|Common Stock, $1.00 par value|1420|177.4685|D",2026-08-06 03:29:58+0000,HSY,HERSHEY CO,0000047111,4,2026-08-05,2026-08-03,0000950142-26-002270,https://www.sec.gov/Archives/edgar/data/47111/000095014226002270/es260816395_4-hsy.xml,nonDerivative,2026-08-04,S,"Common Stock, $1.00 par value",1420,177.4685,252005.27000000002,1092633,D,HERSHEY TRUST CO TRUSTEE IN TRUST FOR MILTON HERSHEY SCHOOL,10% Owner,0,0,1,,SEC EDGAR
"HSY|0000950142-26-002270|nonDerivative|2026-08-04|HERSHEY TRUST CO TRUSTEE IN TRUST FOR MILTON HERSHEY SCHOOL|S|Common Stock, $1.00 par value|4732|178.4198|D",2026-08-06 03:29:58+0000,HSY,HERSHEY CO,0000047111,4,2026-08-05,2026-08-03,0000950142-26-002270,https://www.sec.gov/Archives/edgar/data/47111/000095014226002270/es260816395_4-hsy.xml,nonDerivative,2026-08-04,S,"Common Stock, $1.00 par value",4732,178.4198,844282.4936,1087901,D,HERSHEY TRUST CO TRUSTEE IN TRUST FOR MILTON HERSHEY SCHOOL,10% Owner,0,0,1,,SEC EDGAR
"HSY|0000950142-26-002270|nonDerivative|2026-08-04|HERSHEY TRUST CO TRUSTEE IN TRUST FOR MILTON HERSHEY SCHOOL|S|Common Stock, $1.00 par value|1782|179.0400|D",2026-08-06 03:29:58+0000,HSY,HERSHEY CO,0000047111,4,2026-08-05,2026-08-03,0000950142-26-002270,https://www.sec.gov/Archives/edgar/data/47111/000095014226002270/es260816395_4-hsy.xml,nonDerivative,2026-08-04,S,"Common Stock, $1.00 par value",1782,179.0400,319049.27999999997,1086119,D,HERSHEY TRUST CO TRUSTEE IN TRUST FOR MILTON HERSHEY SCHOOL,10% Owner,0,0,1,,SEC EDGAR
"HSY|0000950142-26-002270|nonDerivative|2026-08-05|HERSHEY TRUST CO TRUSTEE IN TRUST FOR MILTON HERSHEY SCHOOL|S|Common Stock, $1.00 par value|25|177.9479|D",2026-08-06 03:29:58+0000,HSY,HERSHEY CO,0000047111,4,2026-08-05,2026-08-03,0000950142-26-002270,https://www.sec.gov/Archives/edgar/data/47111/000095014226002270/es260816395_4-hsy.xml,nonDerivative,2026-08-05,S,"Common Stock, $1.00 par value",25,177.9479,4448.6975,1086094,D,HERSHEY TRUST CO TRUSTEE IN TRUST FOR MILTON HERSHEY SCHOOL,10% Owner,0,0,1,,SEC EDGAR
"HSY|0000950142-26-002270|nonDerivative|2026-08-05|HERSHEY TRUST CO TRUSTEE IN TRUST FOR MILTON HERSHEY SCHOOL|S|Common Stock, $1.00 par value|5595|178.5754|D",2026-08-06 03:29:58+0000,HSY,HERSHEY CO,0000047111,4,2026-08-05,2026-08-03,0000950142-26-002270,https://www.sec.gov/Archives/edgar/data/47111/000095014226002270/es260816395_4-hsy.xml,nonDerivative,2026-08-05,S,"Common Stock, $1.00 par value",5595,178.5754,999129.363,1080499,D,HERSHEY TRUST CO TRUSTEE IN TRUST FOR MILTON HERSHEY SCHOOL,10% Owner,0,0,1,,SEC EDGAR
"HSY|0000950142-26-002270|nonDerivative|2026-08-05|HERSHEY TRUST CO TRUSTEE IN TRUST FOR MILTON HERSHEY SCHOOL|S|Common Stock, $1.00 par value|4305|179.4327|D",2026-08-06 03:29:58+0000,HSY,HERSHEY CO,0000047111,4,2026-08-05,2026-08-03,0000950142-26-002270,https://www.sec.gov/Archives/edgar/data/47111/000095014226002270/es260816395_4-hsy.xml,nonDerivative,2026-08-05,S,"Common Stock, $1.00 par value",4305,179.4327,772457.7735,1076194,D,HERSHEY TRUST CO TRUSTEE IN TRUST FOR MILTON HERSHEY SCHOOL,10% Owner,0,0,1,,SEC EDGAR
"HSY|0000950142-26-002270|nonDerivative|2026-08-05|HERSHEY TRUST CO TRUSTEE IN TRUST FOR MILTON HERSHEY SCHOOL|S|Common Stock, $1.00 par value|75|180.0000|D",2026-08-06 03:29:58+0000,HSY,HERSHEY CO,0000047111,4,2026-08-05,2026-08-03,0000950142-26-002270,https://www.sec.gov/Archives/edgar/data/47111/000095014226002270/es260816395_4-hsy.xml,nonDerivative,2026-08-05,S,"Common Stock, $1.00 par value",75,180.0000,13500.0,1076119,D,HERSHEY TRUST CO TRUSTEE IN TRUST FOR MILTON HERSHEY SCHOOL,10% Owner,0,0,1,,SEC EDGAR
HPQ|0001951912-26-000006|nonDerivative|2026-08-03|McQuarrie David P.|S|Common Stock|10524|27.88|D,2026-08-06 03:29:58+0000,HPQ,HP INC,0000047217,4,2026-08-05,2026-08-03,0001951912-26-000006,https://www.sec.gov/Archives/edgar/data/47217/000195191226000006/form4-08052026_090848.xml,nonDerivative,2026-08-03,S,Common Stock,10524,27.88,293409.12,71152,D,McQuarrie David P.,Chief Commercial Officer,false,true,false,Chief Commercial Officer,SEC EDGAR
HPQ|0001951912-26-000006|nonDerivative|2026-08-04|McQuarrie David P.|S|Common Stock|10524|27.98|D,2026-08-06 03:29:58+0000,HPQ,HP INC,0000047217,4,2026-08-05,2026-08-03,0001951912-26-000006,https://www.sec.gov/Archives/edgar/data/47217/000195191226000006/form4-08052026_090848.xml,nonDerivative,2026-08-04,S,Common Stock,10524,27.98,294461.52,60628,D,McQuarrie David P.,Chief Commercial Officer,false,true,false,Chief Commercial Officer,SEC EDGAR
"HOOD|0001783879-26-000120|nonDerivative|2026-08-03|Robinhood Markets, Inc.|S|Common Shares of Beneficial Interest|6398|25.53|D",2026-08-06 03:29:58+0000,HOOD,"Robinhood Markets, Inc.",0001783879,4,2026-08-05,2026-08-03,0001783879-26-000120,https://www.sec.gov/Archives/edgar/data/1783879/000178387926000120/wk-form4_1785962866.xml,nonDerivative,2026-08-03,S,Common Shares of Beneficial Interest,6398,25.53,163340.94,13147600,D,"Robinhood Markets, Inc.",10% Owner,0,0,1,,SEC EDGAR
"HOOD|0001783879-26-000120|nonDerivative|2026-08-03|Robinhood Markets, Inc.|S|Common Shares of Beneficial Interest|5754|26.52|D",2026-08-06 03:29:58+0000,HOOD,"Robinhood Markets, Inc.",0001783879,4,2026-08-05,2026-08-03,0001783879-26-000120,https://www.sec.gov/Archives/edgar/data/1783879/000178387926000120/wk-form4_1785962866.xml,nonDerivative,2026-08-03,S,Common Shares of Beneficial Interest,5754,26.52,152596.08,13141846,D,"Robinhood Markets, Inc.",10% Owner,0,0,1,,SEC EDGAR
"HOOD|0001783879-26-000120|nonDerivative|2026-08-03|Robinhood Markets, Inc.|S|Common Shares of Beneficial Interest|12647|27.53|D",2026-08-06 03:29:58+0000,HOOD,"Robinhood Markets, Inc.",0001783879,4,2026-08-05,2026-08-03,0001783879-26-000120,https://www.sec.gov/Archives/edgar/data/1783879/000178387926000120/wk-form4_1785962866.xml,nonDerivative,2026-08-03,S,Common Shares of Beneficial Interest,12647,27.53,348171.91000000003,13129199,D,"Robinhood Markets, Inc.",10% Owner,0,0,1,,SEC EDGAR
"HOOD|0001783879-26-000120|nonDerivative|2026-08-03|Robinhood Markets, Inc.|S|Common Shares of Beneficial Interest|2341|28.22|D",2026-08-06 03:29:58+0000,HOOD,"Robinhood Markets, Inc.",0001783879,4,2026-08-05,2026-08-03,0001783879-26-000120,https://www.sec.gov/Archives/edgar/data/1783879/000178387926000120/wk-form4_1785962866.xml,nonDerivative,2026-08-03,S,Common Shares of Beneficial Interest,2341,28.22,66063.02,13126858,D,"Robinhood Markets, Inc.",10% Owner,0,0,1,,SEC EDGAR
"HOOD|0001783879-26-000120|nonDerivative|2026-08-04|Robinhood Markets, Inc.|S|Common Shares of Beneficial Interest|11943|28.26|D",2026-08-06 03:29:58+0000,HOOD,"Robinhood Markets, Inc.",0001783879,4,2026-08-05,2026-08-03,0001783879-26-000120,https://www.sec.gov/Archives/edgar/data/1783879/000178387926000120/wk-form4_1785962866.xml,nonDerivative,2026-08-04,S,Common Shares of Beneficial Interest,11943,28.26,337509.18,13114915,D,"Robinhood Markets, Inc.",10% Owner,0,0,1,,SEC EDGAR
"HOOD|0001783879-26-000120|nonDerivative|2026-08-04|Robinhood Markets, Inc.|S|Common Shares of Beneficial Interest|3445|28.93|D",2026-08-06 03:29:58+0000,HOOD,"Robinhood Markets, Inc.",0001783879,4,2026-08-05,2026-08-03,0001783879-26-000120,https://www.sec.gov/Archives/edgar/data/1783879/000178387926000120/wk-form4_1785962866.xml,nonDerivative,2026-08-04,S,Common Shares of Beneficial Interest,3445,28.93,99663.85,13111470,D,"Robinhood Markets, Inc.",10% Owner,0,0,1,,SEC EDGAR
HOOD|0001705560-26-000019|nonDerivative|2026-08-03|Gallagher Daniel Martin Jr|S|Class A Common Stock|800|86.2788|D,2026-08-06 03:29:58+0000,HOOD,"Robinhood Markets, Inc.",0001783879,4,2026-08-05,2026-08-03,0001705560-26-000019,https://www.sec.gov/Archives/edgar/data/1783879/000170556026000019/wk-form4_1785962349.xml,nonDerivative,2026-08-03,S,Class A Common Stock,800,86.2788,69023.04000000001,470596,D,Gallagher Daniel Martin Jr,"Officer, Chief Legal Officer",0,1,0,Chief Legal Officer,SEC EDGAR
HOOD|0001705560-26-000019|nonDerivative|2026-08-03|Gallagher Daniel Martin Jr|S|Class A Common Stock|400|87.195|D,2026-08-06 03:29:58+0000,HOOD,"Robinhood Markets, Inc.",0001783879,4,2026-08-05,2026-08-03,0001705560-26-000019,https://www.sec.gov/Archives/edgar/data/1783879/000170556026000019/wk-form4_1785962349.xml,nonDerivative,2026-08-03,S,Class A Common Stock,400,87.195,34878.0,470196,D,Gallagher Daniel Martin Jr,"Officer, Chief Legal Officer",0,1,0,Chief Legal Officer,SEC EDGAR
HOOD|0001705560-26-000019|nonDerivative|2026-08-03|Gallagher Daniel Martin Jr|S|Class A Common Stock|300|89.0767|D,2026-08-06 03:29:58+0000,HOOD,"Robinhood Markets, Inc.",0001783879,4,2026-08-05,2026-08-03,0001705560-26-000019,https://www.sec.gov/Archives/edgar/data/1783879/000170556026000019/wk-form4_1785962349.xml,nonDerivative,2026-08-03,S,Class A Common Stock,300,89.0767,26723.010000000002,469896,D,Gallagher Daniel Martin Jr,"Officer, Chief Legal Officer",0,1,0,Chief Legal Officer,SEC EDGAR
HOOD|0001705560-26-000019|nonDerivative|2026-08-03|Gallagher Daniel Martin Jr|S|Class A Common Stock|2200|90.061|D,2026-08-06 03:29:58+0000,HOOD,"Robinhood Markets, Inc.",0001783879,4,2026-08-05,2026-08-03,0001705560-26-000019,https://www.sec.gov/Archives/edgar/data/1783879/000170556026000019/wk-form4_1785962349.xml,nonDerivative,2026-08-03,S,Class A Common Stock,2200,90.061,198134.2,467696,D,Gallagher Daniel Martin Jr,"Officer, Chief Legal Officer",0,1,0,Chief Legal Officer,SEC EDGAR
HOOD|0001705560-26-000019|nonDerivative|2026-08-03|Gallagher Daniel Martin Jr|S|Class A Common Stock|3400|90.9415|D,2026-08-06 03:29:58+0000,HOOD,"Robinhood Markets, Inc.",0001783879,4,2026-08-05,2026-08-03,0001705560-26-000019,https://www.sec.gov/Archives/edgar/data/1783879/000170556026000019/wk-form4_1785962349.xml,nonDerivative,2026-08-03,S,Class A Common Stock,3400,90.9415,309201.10000000003,464296,D,Gallagher Daniel Martin Jr,"Officer, Chief Legal Officer",0,1,0,Chief Legal Officer,SEC EDGAR
HOOD|0001705560-26-000019|nonDerivative|2026-08-03|Gallagher Daniel Martin Jr|S|Class A Common Stock|2900|91.8043|D,2026-08-06 03:29:58+0000,HOOD,"Robinhood Markets, Inc.",0001783879,4,2026-08-05,2026-08-03,0001705560-26-000019,https://www.sec.gov/Archives/edgar/data/1783879/000170556026000019/wk-form4_1785962349.xml,nonDerivative,2026-08-03,S,Class A Common Stock,2900,91.8043,266232.47,461396,D,Gallagher Daniel Martin Jr,"Officer, Chief Legal Officer",0,1,0,Chief Legal Officer,SEC EDGAR
GRMN|0001014108-26-000044|nonDerivative|2026-08-04|BURRELL JONATHAN|G|Registered Shares|400000|0|I,2026-08-06 03:29:58+0000,GRMN,GARMIN LTD,0001121788,4,2026-08-05,2026-08-03,0001014108-26-000044,https://www.sec.gov/Archives/edgar/data/1121788/000101410826000044/primary_doc.xml,nonDerivative,2026-08-04,G,Registered Shares,400000,0,0.0,2133300,I,BURRELL JONATHAN,Director,1,0,0,,SEC EDGAR
GRMN|0001014108-26-000044|nonDerivative|2026-08-03|BURRELL JONATHAN|G|Registered Shares|170000|0|I,2026-08-06 03:29:58+0000,GRMN,GARMIN LTD,0001121788,4,2026-08-05,2026-08-03,0001014108-26-000044,https://www.sec.gov/Archives/edgar/data/1121788/000101410826000044/primary_doc.xml,nonDerivative,2026-08-03,G,Registered Shares,170000,0,0.0,4099752,I,BURRELL JONATHAN,Director,1,0,0,,SEC EDGAR
GRMN|0001014108-26-000044|nonDerivative|2026-08-03|BURRELL JONATHAN|G|Registered Shares|56666|0|I,2026-08-06 03:29:58+0000,GRMN,GARMIN LTD,0001121788,4,2026-08-05,2026-08-03,0001014108-26-000044,https://www.sec.gov/Archives/edgar/data/1121788/000101410826000044/primary_doc.xml,nonDerivative,2026-08-03,G,Registered Shares,56666,0,0.0,1034043,I,BURRELL JONATHAN,Director,1,0,0,,SEC EDGAR
GRMN|0001014108-26-000044|nonDerivative|2026-08-03|BURRELL JONATHAN|G|Registered Shares|50000|0|I,2026-08-06 03:29:58+0000,GRMN,GARMIN LTD,0001121788,4,2026-08-05,2026-08-03,0001014108-26-000044,https://www.sec.gov/Archives/edgar/data/1121788/000101410826000044/primary_doc.xml,nonDerivative,2026-08-03,G,Registered Shares,50000,0,0.0,272000,I,BURRELL JONATHAN,Director,1,0,0,,SEC EDGAR
GRMN|0001014108-26-000044|nonDerivative|2026-08-04|BURRELL JONATHAN|G|Registered Shares|272000|0|I,2026-08-06 03:29:58+0000,GRMN,GARMIN LTD,0001121788,4,2026-08-05,2026-08-03,0001014108-26-000044,https://www.sec.gov/Archives/edgar/data/1121788/000101410826000044/primary_doc.xml,nonDerivative,2026-08-04,G,Registered Shares,272000,0,0.0,0,I,BURRELL JONATHAN,Director,1,0,0,,SEC EDGAR
GRMN|0001014108-26-000044|nonDerivative|2026-08-04|BURRELL JONATHAN|G|Registered Shares|408000|0|I,2026-08-06 03:29:58+0000,GRMN,GARMIN LTD,0001121788,4,2026-08-05,2026-08-03,0001014108-26-000044,https://www.sec.gov/Archives/edgar/data/1121788/000101410826000044/primary_doc.xml,nonDerivative,2026-08-04,G,Registered Shares,408000,0,0.0,626043,I,BURRELL JONATHAN,Director,1,0,0,,SEC EDGAR
GDDY|0001609711-26-000094|nonDerivative|2026-08-03|Bhutani Amanpal Singh|S|Class A Common Stock|4500|83.15|D,2026-08-06 03:29:58+0000,GDDY,GoDaddy Inc.,0001609711,4,2026-08-05,2026-08-03,0001609711-26-000094,https://www.sec.gov/Archives/edgar/data/1609711/000160971126000094/wk-form4_1785970711.xml,nonDerivative,2026-08-03,S,Class A Common Stock,4500,83.15,374175.0,517247,D,Bhutani Amanpal Singh,"Director, Officer, Chief Executive Officer",1,1,0,Chief Executive Officer,SEC EDGAR
FSLR|0001274494-26-000174|nonDerivative|2026-08-03|Koralewski Michael|S|Common Stock|3500|218.02|D,2026-08-06 03:29:58+0000,FSLR,"FIRST SOLAR, INC.",0001274494,4,2026-08-05,2026-08-03,0001274494-26-000174,https://www.sec.gov/Archives/edgar/data/1274494/000127449426000174/form4.xml,nonDerivative,2026-08-03,S,Common Stock,3500,218.02,763070.0,11142,D,Koralewski Michael,"Officer, Chief Supply Chain Officer",,1,,Chief Supply Chain Officer,SEC EDGAR
FSLR|0001274494-26-000174|nonDerivative|2026-08-03|Koralewski Michael|S|Common Stock|3500|225.00|D,2026-08-06 03:29:58+0000,FSLR,"FIRST SOLAR, INC.",0001274494,4,2026-08-05,2026-08-03,0001274494-26-000174,https://www.sec.gov/Archives/edgar/data/1274494/000127449426000174/form4.xml,nonDerivative,2026-08-03,S,Common Stock,3500,225.00,787500.0,7642,D,Koralewski Michael,"Officer, Chief Supply Chain Officer",,1,,Chief Supply Chain Officer,SEC EDGAR
FSLR|0001274494-26-000176|nonDerivative|2026-08-03|Gloeckler Markus|S|Common Stock|800|222.00|D,2026-08-06 03:29:58+0000,FSLR,"FIRST SOLAR, INC.",0001274494,4,2026-08-05,2026-08-03,0001274494-26-000176,https://www.sec.gov/Archives/edgar/data/1274494/000127449426000176/form4.xml,nonDerivative,2026-08-03,S,Common Stock,800,222.00,177600.0,10096,D,Gloeckler Markus,"Officer, Chief Technology Officer",,1,,Chief Technology Officer,SEC EDGAR
FSLR|0001274494-26-000176|nonDerivative|2026-08-03|Gloeckler Markus|S|Common Stock|2625|218.02|D,2026-08-06 03:29:58+0000,FSLR,"FIRST SOLAR, INC.",0001274494,4,2026-08-05,2026-08-03,0001274494-26-000176,https://www.sec.gov/Archives/edgar/data/1274494/000127449426000176/form4.xml,nonDerivative,2026-08-03,S,Common Stock,2625,218.02,572302.5,7471,D,Gloeckler Markus,"Officer, Chief Technology Officer",,1,,Chief Technology Officer,SEC EDGAR
FSLR|0001274494-26-000176|nonDerivative|2026-08-04|Gloeckler Markus|S|Common Stock|829|248.00|D,2026-08-06 03:29:58+0000,FSLR,"FIRST SOLAR, INC.",0001274494,4,2026-08-05,2026-08-03,0001274494-26-000176,https://www.sec.gov/Archives/edgar/data/1274494/000127449426000176/form4.xml,nonDerivative,2026-08-04,S,Common Stock,829,248.00,205592.0,6642,D,Gloeckler Markus,"Officer, Chief Technology Officer",,1,,Chief Technology Officer,SEC EDGAR
FSLR|0001274494-26-000172|nonDerivative|2026-08-04|Ahearn Michael J|G|Common Stock|44584||D,2026-08-06 03:29:58+0000,FSLR,"FIRST SOLAR, INC.",0001274494,4,2026-08-05,2026-08-04,0001274494-26-000172,https://www.sec.gov/Archives/edgar/data/1274494/000127449426000172/form4.xml,nonDerivative,2026-08-04,G,Common Stock,44584,,,66057,D,Ahearn Michael J,Director,1,,,,SEC EDGAR
FITB|0001912326-26-000003|nonDerivative|2026-08-04|Gibson Kala|M|Common Stock|7018|26.52|D,2026-08-06 03:29:58+0000,FITB,FIFTH THIRD BANCORP,0000035527,4,2026-08-05,2026-08-04,0001912326-26-000003,https://www.sec.gov/Archives/edgar/data/35527/000191232626000003/wk-form4_1785960253.xml,nonDerivative,2026-08-04,M,Common Stock,7018,26.52,186117.36,64397,D,Gibson Kala,"Officer, EVP",0,1,0,EVP,SEC EDGAR
FITB|0001912326-26-000003|nonDerivative|2026-08-04|Gibson Kala|F|Common Stock|4821|57.77|D,2026-08-06 03:29:58+0000,FITB,FIFTH THIRD BANCORP,0000035527,4,2026-08-05,2026-08-04,0001912326-26-000003,https://www.sec.gov/Archives/edgar/data/35527/000191232626000003/wk-form4_1785960253.xml,nonDerivative,2026-08-04,F,Common Stock,4821,57.77,278509.17000000004,59576,D,Gibson Kala,"Officer, EVP",0,1,0,EVP,SEC EDGAR
FITB|0001912326-26-000003|derivative|2026-08-04|Gibson Kala|M|Stock Appreciation Rights|7018|0|D,2026-08-06 03:29:58+0000,FITB,FIFTH THIRD BANCORP,0000035527,4,2026-08-05,2026-08-04,0001912326-26-000003,https://www.sec.gov/Archives/edgar/data/35527/000191232626000003/wk-form4_1785960253.xml,derivative,2026-08-04,M,Stock Appreciation Rights,7018,0,0.0,0,D,Gibson Kala,"Officer, EVP",0,1,0,EVP,SEC EDGAR
FCX|0001214659-26-009675|nonDerivative|2026-08-05|Mikes Ellie L.|S|Common Stock|4773|70.0000|D,2026-08-06 03:29:58+0000,FCX,FREEPORT-MCMORAN INC,0000831259,4,2026-08-05,2026-08-05,0001214659-26-009675,https://www.sec.gov/Archives/edgar/data/831259/000121465926009675/marketforms-73693.xml,nonDerivative,2026-08-05,S,Common Stock,4773,70.0000,334110.0,36000,D,Mikes Ellie L.,Chief Accounting Officer,false,true,false,Chief Accounting Officer,SEC EDGAR
FCX|0001214659-26-009674|nonDerivative|2026-08-05|Higgins Stephen T.|S|Common Stock|14277|69.5000|I,2026-08-06 03:29:58+0000,FCX,FREEPORT-MCMORAN INC,0000831259,4,2026-08-05,2026-08-05,0001214659-26-009674,https://www.sec.gov/Archives/edgar/data/831259/000121465926009674/marketforms-73692.xml,nonDerivative,2026-08-05,S,Common Stock,14277,69.5000,992251.5,54618,I,Higgins Stephen T.,EVP & CAO,false,true,false,EVP & CAO,SEC EDGAR
EXR|0001330121-26-000002|nonDerivative|2026-08-04|Margolis Joseph D|G|Common Stock|13503|0|I,2026-08-06 03:29:58+0000,EXR,Extra Space Storage Inc.,0001289490,4,2026-08-05,2026-08-04,0001330121-26-000002,https://www.sec.gov/Archives/edgar/data/1289490/000133012126000002/wk-form4_1785961861.xml,nonDerivative,2026-08-04,G,Common Stock,13503,0,0.0,79998,I,Margolis Joseph D,"Director, Officer, Chief Executive Officer",1,1,0,Chief Executive Officer,SEC EDGAR
ETN|0001104659-26-091116|nonDerivative|2026-08-04|Wadecki Adam A|S|Ordinary Shares|525|440.543|D,2026-08-06 03:29:58+0000,ETN,Eaton Corp plc,0001551182,4,2026-08-05,2026-08-04,0001104659-26-091116,https://www.sec.gov/Archives/edgar/data/1551182/000110465926091116/tm2622303-1_4seq1.xml,nonDerivative,2026-08-04,S,Ordinary Shares,525,440.543,231285.075,1054,D,Wadecki Adam A,"Officer, See Remarks below.",0,1,0,See Remarks below.,SEC EDGAR
EMR|0001988238-26-000004|nonDerivative|2026-08-03|Piazza Nicholas J.|F|Common Stock|1453|152.5075|D,2026-08-06 03:29:58+0000,EMR,EMERSON ELECTRIC CO,0000032604,4,2026-08-05,2026-08-03,0001988238-26-000004,https://www.sec.gov/Archives/edgar/data/32604/000198823826000004/wk-form4_1785960829.xml,nonDerivative,2026-08-03,F,Common Stock,1453,152.5075,221593.3975,30316,D,Piazza Nicholas J.,"Officer, Senior VP & CPO",0,1,0,Senior VP & CPO,SEC EDGAR
EMR|0001780525-26-000008|nonDerivative|2026-08-03|Newstead Jennifer|A|Common Stock|622||D,2026-08-06 03:29:58+0000,EMR,EMERSON ELECTRIC CO,0000032604,4,2026-08-05,2026-08-03,0001780525-26-000008,https://www.sec.gov/Archives/edgar/data/32604/000178052526000008/wk-form4_1785960791.xml,nonDerivative,2026-08-03,A,Common Stock,622,,,622,D,Newstead Jennifer,Director,1,0,0,,SEC EDGAR
ECL|0001628280-26-053474|nonDerivative|2026-08-03|Bradway Jennifer J|M|Common Stock|6457||D,2026-08-06 03:29:58+0000,ECL,ECOLAB INC.,0000031462,4,2026-08-05,2026-08-03,0001628280-26-053474,https://www.sec.gov/Archives/edgar/data/31462/000162828026053474/wk-form4_1785963530.xml,nonDerivative,2026-08-03,M,Common Stock,6457,,,12547.637,D,Bradway Jennifer J,"Officer, SVP & CORPORATE CONTROLLER",0,1,0,SVP & CORPORATE CONTROLLER,SEC EDGAR
ECL|0001628280-26-053474|nonDerivative|2026-08-03|Bradway Jennifer J|F|Common Stock|2944.392|278.79|D,2026-08-06 03:29:58+0000,ECL,ECOLAB INC.,0000031462,4,2026-08-05,2026-08-03,0001628280-26-053474,https://www.sec.gov/Archives/edgar/data/31462/000162828026053474/wk-form4_1785963530.xml,nonDerivative,2026-08-03,F,Common Stock,2944.392,278.79,820867.04568,9603.245,D,Bradway Jennifer J,"Officer, SVP & CORPORATE CONTROLLER",0,1,0,SVP & CORPORATE CONTROLLER,SEC EDGAR
ECL|0001628280-26-053474|derivative|2026-08-03|Bradway Jennifer J|M|Restricted Stock Units|6457|0|D,2026-08-06 03:29:58+0000,ECL,ECOLAB INC.,0000031462,4,2026-08-05,2026-08-03,0001628280-26-053474,https://www.sec.gov/Archives/edgar/data/31462/000162828026053474/wk-form4_1785963530.xml,derivative,2026-08-03,M,Restricted Stock Units,6457,0,0.0,0,D,Bradway Jennifer J,"Officer, SVP & CORPORATE CONTROLLER",0,1,0,SVP & CORPORATE CONTROLLER,SEC EDGAR
DASH|0001832614-26-000023|nonDerivative|2026-08-03|Tang Stanley|S|Class A Common Stock|1671|200|D,2026-08-06 03:29:58+0000,DASH,"DoorDash, Inc.",0001792789,4,2026-08-05,2026-08-03,0001832614-26-000023,https://www.sec.gov/Archives/edgar/data/1792789/000183261426000023/form4-08052026_040804.xml,nonDerivative,2026-08-03,S,Class A Common Stock,1671,200,334200.0,40218,D,Tang Stanley,,true,false,false,,SEC EDGAR
DASH|0001832614-26-000023|nonDerivative|2026-08-03|Tang Stanley|J|Class A Common Stock|67693|0|I,2026-08-06 03:29:58+0000,DASH,"DoorDash, Inc.",0001792789,4,2026-08-05,2026-08-03,0001832614-26-000023,https://www.sec.gov/Archives/edgar/data/1792789/000183261426000023/form4-08052026_040804.xml,nonDerivative,2026-08-03,J,Class A Common Stock,67693,0,0.0,67693,I,Tang Stanley,,true,false,false,,SEC EDGAR
DASH|0001832614-26-000023|nonDerivative|2026-08-03|Tang Stanley|S|Class A Common Stock|900|198.986|I,2026-08-06 03:29:58+0000,DASH,"DoorDash, Inc.",0001792789,4,2026-08-05,2026-08-03,0001832614-26-000023,https://www.sec.gov/Archives/edgar/data/1792789/000183261426000023/form4-08052026_040804.xml,nonDerivative,2026-08-03,S,Class A Common Stock,900,198.986,179087.4,66793,I,Tang Stanley,,true,false,false,,SEC EDGAR
DASH|0001832614-26-000023|nonDerivative|2026-08-03|Tang Stanley|S|Class A Common Stock|35723|200.089|I,2026-08-06 03:29:58+0000,DASH,"DoorDash, Inc.",0001792789,4,2026-08-05,2026-08-03,0001832614-26-000023,https://www.sec.gov/Archives/edgar/data/1792789/000183261426000023/form4-08052026_040804.xml,nonDerivative,2026-08-03,S,Class A Common Stock,35723,200.089,7147779.347,31070,I,Tang Stanley,,true,false,false,,SEC EDGAR
DASH|0001832614-26-000023|nonDerivative|2026-08-03|Tang Stanley|S|Class A Common Stock|22680|200.94|I,2026-08-06 03:29:58+0000,DASH,"DoorDash, Inc.",0001792789,4,2026-08-05,2026-08-03,0001832614-26-000023,https://www.sec.gov/Archives/edgar/data/1792789/000183261426000023/form4-08052026_040804.xml,nonDerivative,2026-08-03,S,Class A Common Stock,22680,200.94,4557319.2,8390,I,Tang Stanley,,true,false,false,,SEC EDGAR
DASH|0001832614-26-000023|nonDerivative|2026-08-03|Tang Stanley|S|Class A Common Stock|5690|201.903|I,2026-08-06 03:29:58+0000,DASH,"DoorDash, Inc.",0001792789,4,2026-08-05,2026-08-03,0001832614-26-000023,https://www.sec.gov/Archives/edgar/data/1792789/000183261426000023/form4-08052026_040804.xml,nonDerivative,2026-08-03,S,Class A Common Stock,5690,201.903,1148828.07,2700,I,Tang Stanley,,true,false,false,,SEC EDGAR
DASH|0001832614-26-000023|nonDerivative|2026-08-03|Tang Stanley|S|Class A Common Stock|2600|203.005|I,2026-08-06 03:29:58+0000,DASH,"DoorDash, Inc.",0001792789,4,2026-08-05,2026-08-03,0001832614-26-000023,https://www.sec.gov/Archives/edgar/data/1792789/000183261426000023/form4-08052026_040804.xml,nonDerivative,2026-08-03,S,Class A Common Stock,2600,203.005,527813.0,100,I,Tang Stanley,,true,false,false,,SEC EDGAR
DASH|0001832614-26-000023|nonDerivative|2026-08-03|Tang Stanley|S|Class A Common Stock|100|203.64|I,2026-08-06 03:29:58+0000,DASH,"DoorDash, Inc.",0001792789,4,2026-08-05,2026-08-03,0001832614-26-000023,https://www.sec.gov/Archives/edgar/data/1792789/000183261426000023/form4-08052026_040804.xml,nonDerivative,2026-08-03,S,Class A Common Stock,100,203.64,20364.0,0,I,Tang Stanley,,true,false,false,,SEC EDGAR
DASH|0001832614-26-000023|derivative|2026-08-03|Tang Stanley|J|Class B Common Stock|67693|0|I,2026-08-06 03:29:58+0000,DASH,"DoorDash, Inc.",0001792789,4,2026-08-05,2026-08-03,0001832614-26-000023,https://www.sec.gov/Archives/edgar/data/1792789/000183261426000023/form4-08052026_040804.xml,derivative,2026-08-03,J,Class B Common Stock,67693,0,0.0,3432221,I,Tang Stanley,,true,false,false,,SEC EDGAR
DASH|0001832390-26-000017|nonDerivative|2026-08-03|Fang Andy|J|Class A Common Stock|20000|0|I,2026-08-06 03:29:58+0000,DASH,"DoorDash, Inc.",0001792789,4,2026-08-05,2026-08-03,0001832390-26-000017,https://www.sec.gov/Archives/edgar/data/1792789/000183239026000017/form4-08052026_040801.xml,nonDerivative,2026-08-03,J,Class A Common Stock,20000,0,0.0,20000,I,Fang Andy,,true,false,false,,SEC EDGAR
DASH|0001832390-26-000017|nonDerivative|2026-08-03|Fang Andy|S|Class A Common Stock|300|198.91|I,2026-08-06 03:29:58+0000,DASH,"DoorDash, Inc.",0001792789,4,2026-08-05,2026-08-03,0001832390-26-000017,https://www.sec.gov/Archives/edgar/data/1792789/000183239026000017/form4-08052026_040801.xml,nonDerivative,2026-08-03,S,Class A Common Stock,300,198.91,59673.0,19700,I,Fang Andy,,true,false,false,,SEC EDGAR
DASH|0001832390-26-000017|nonDerivative|2026-08-03|Fang Andy|S|Class A Common Stock|16300|200.047|I,2026-08-06 03:29:58+0000,DASH,"DoorDash, Inc.",0001792789,4,2026-08-05,2026-08-03,0001832390-26-000017,https://www.sec.gov/Archives/edgar/data/1792789/000183239026000017/form4-08052026_040801.xml,nonDerivative,2026-08-03,S,Class A Common Stock,16300,200.047,3260766.1,3400,I,Fang Andy,,true,false,false,,SEC EDGAR
DASH|0001832390-26-000017|nonDerivative|2026-08-03|Fang Andy|S|Class A Common Stock|2500|201.377|I,2026-08-06 03:29:58+0000,DASH,"DoorDash, Inc.",0001792789,4,2026-08-05,2026-08-03,0001832390-26-000017,https://www.sec.gov/Archives/edgar/data/1792789/000183239026000017/form4-08052026_040801.xml,nonDerivative,2026-08-03,S,Class A Common Stock,2500,201.377,503442.5,900,I,Fang Andy,,true,false,false,,SEC EDGAR
DASH|0001832390-26-000017|nonDerivative|2026-08-03|Fang Andy|S|Class A Common Stock|800|202.345|I,2026-08-06 03:29:58+0000,DASH,"DoorDash, Inc.",0001792789,4,2026-08-05,2026-08-03,0001832390-26-000017,https://www.sec.gov/Archives/edgar/data/1792789/000183239026000017/form4-08052026_040801.xml,nonDerivative,2026-08-03,S,Class A Common Stock,800,202.345,161876.0,100,I,Fang Andy,,true,false,false,,SEC EDGAR
DASH|0001832390-26-000017|nonDerivative|2026-08-03|Fang Andy|S|Class A Common Stock|100|203.39|I,2026-08-06 03:29:58+0000,DASH,"DoorDash, Inc.",0001792789,4,2026-08-05,2026-08-03,0001832390-26-000017,https://www.sec.gov/Archives/edgar/data/1792789/000183239026000017/form4-08052026_040801.xml,nonDerivative,2026-08-03,S,Class A Common Stock,100,203.39,20339.0,0,I,Fang Andy,,true,false,false,,SEC EDGAR
DASH|0001832390-26-000017|derivative|2026-08-03|Fang Andy|J|Class B Common Stock|20000|0|I,2026-08-06 03:29:58+0000,DASH,"DoorDash, Inc.",0001792789,4,2026-08-05,2026-08-03,0001832390-26-000017,https://www.sec.gov/Archives/edgar/data/1792789/000183239026000017/form4-08052026_040801.xml,derivative,2026-08-03,J,Class B Common Stock,20000,0,0.0,5679604,I,Fang Andy,,true,false,false,,SEC EDGAR
DAL|0001683168-26-005999|nonDerivative|2026-08-03|DEWALT DAVID G|S|Common Stock|31756|90.848|D,2026-08-06 03:29:58+0000,DAL,"DELTA AIR LINES, INC.",0000027904,4,2026-08-05,2026-08-03,0001683168-26-005999,https://www.sec.gov/Archives/edgar/data/27904/000168316826005999/ownership.xml,nonDerivative,2026-08-03,S,Common Stock,31756,90.848,2884969.088,22358,D,DEWALT DAVID G,Director,1,0,0,,SEC EDGAR
DAL|0001683168-26-006002|nonDerivative|2026-08-04|Carter Peter W|M|Common Stock|39900|49.33|D,2026-08-06 03:29:58+0000,DAL,"DELTA AIR LINES, INC.",0000027904,4,2026-08-05,2026-08-04,0001683168-26-006002,https://www.sec.gov/Archives/edgar/data/27904/000168316826006002/ownership.xml,nonDerivative,2026-08-04,M,Common Stock,39900,49.33,1968267.0,464604,D,Carter Peter W,"Officer, President",0,1,0,President,SEC EDGAR
DAL|0001683168-26-006002|nonDerivative|2026-08-04|Carter Peter W|S|Common Stock|39900|92.981|D,2026-08-06 03:29:58+0000,DAL,"DELTA AIR LINES, INC.",0000027904,4,2026-08-05,2026-08-04,0001683168-26-006002,https://www.sec.gov/Archives/edgar/data/27904/000168316826006002/ownership.xml,nonDerivative,2026-08-04,S,Common Stock,39900,92.981,3709941.9,424704,D,Carter Peter W,"Officer, President",0,1,0,President,SEC EDGAR
DAL|0001683168-26-006002|derivative|2026-08-04|Carter Peter W|M|Employee Stock Option (right to buy)|39900|0|D,2026-08-06 03:29:58+0000,DAL,"DELTA AIR LINES, INC.",0000027904,4,2026-08-05,2026-08-04,0001683168-26-006002,https://www.sec.gov/Archives/edgar/data/27904/000168316826006002/ownership.xml,derivative,2026-08-04,M,Employee Stock Option (right to buy),39900,0,0.0,0,D,Carter Peter W,"Officer, President",0,1,0,President,SEC EDGAR
DAL|0001683168-26-006000|nonDerivative|2026-08-04|Bastian Edward H|M|Common Stock|206510|49.33|D,2026-08-06 03:29:58+0000,DAL,"DELTA AIR LINES, INC.",0000027904,4,2026-08-05,2026-08-04,0001683168-26-006000,https://www.sec.gov/Archives/edgar/data/27904/000168316826006000/ownership.xml,nonDerivative,2026-08-04,M,Common Stock,206510,49.33,10187138.299999999,1569958,D,Bastian Edward H,"Director, Officer, Chief Executive Officer",1,1,0,Chief Executive Officer,SEC EDGAR
DAL|0001683168-26-006000|nonDerivative|2026-08-04|Bastian Edward H|S|Common Stock|206510|92.796|D,2026-08-06 03:29:58+0000,DAL,"DELTA AIR LINES, INC.",0000027904,4,2026-08-05,2026-08-04,0001683168-26-006000,https://www.sec.gov/Archives/edgar/data/27904/000168316826006000/ownership.xml,nonDerivative,2026-08-04,S,Common Stock,206510,92.796,19163301.96,1363448,D,Bastian Edward H,"Director, Officer, Chief Executive Officer",1,1,0,Chief Executive Officer,SEC EDGAR
DAL|0001683168-26-006000|derivative|2026-08-04|Bastian Edward H|M|Employee Stock Option (right to buy)|206510|0|D,2026-08-06 03:29:58+0000,DAL,"DELTA AIR LINES, INC.",0000027904,4,2026-08-05,2026-08-04,0001683168-26-006000,https://www.sec.gov/Archives/edgar/data/27904/000168316826006000/ownership.xml,derivative,2026-08-04,M,Employee Stock Option (right to buy),206510,0,0.0,0,D,Bastian Edward H,"Director, Officer, Chief Executive Officer",1,1,0,Chief Executive Officer,SEC EDGAR
DAL|0001683168-26-006001|nonDerivative|2026-08-04|BELLEMARE ALAIN|M|Common Stock|35000|39.78|D,2026-08-06 03:29:58+0000,DAL,"DELTA AIR LINES, INC.",0000027904,4,2026-08-05,2026-08-04,0001683168-26-006001,https://www.sec.gov/Archives/edgar/data/27904/000168316826006001/ownership.xml,nonDerivative,2026-08-04,M,Common Stock,35000,39.78,1392300.0,130025,D,BELLEMARE ALAIN,"Officer, EVP & Pres. - International",0,1,0,EVP & Pres. - International,SEC EDGAR
DAL|0001683168-26-006001|nonDerivative|2026-08-04|BELLEMARE ALAIN|S|Common Stock|35000|92.719|D,2026-08-06 03:29:58+0000,DAL,"DELTA AIR LINES, INC.",0000027904,4,2026-08-05,2026-08-04,0001683168-26-006001,https://www.sec.gov/Archives/edgar/data/27904/000168316826006001/ownership.xml,nonDerivative,2026-08-04,S,Common Stock,35000,92.719,3245165.0,95025,D,BELLEMARE ALAIN,"Officer, EVP & Pres. - International",0,1,0,EVP & Pres. - International,SEC EDGAR
DAL|0001683168-26-006001|derivative|2026-08-04|BELLEMARE ALAIN|M|Employee Stock Option (right to buy)|35000|0|D,2026-08-06 03:29:58+0000,DAL,"DELTA AIR LINES, INC.",0000027904,4,2026-08-05,2026-08-04,0001683168-26-006001,https://www.sec.gov/Archives/edgar/data/27904/000168316826006001/ownership.xml,derivative,2026-08-04,M,Employee Stock Option (right to buy),35000,0,0.0,0,D,BELLEMARE ALAIN,"Officer, EVP & Pres. - International",0,1,0,EVP & Pres. - International,SEC EDGAR
CVX|0000093410-26-000164|nonDerivative|2026-08-03|HESS JOHN B|S|Common Stock|55510|194.0703|I,2026-08-06 03:29:58+0000,CVX,CHEVRON CORP,0000093410,4,2026-08-05,2026-08-03,0000093410-26-000164,https://www.sec.gov/Archives/edgar/data/93410/000009341026000164/form4.xml,nonDerivative,2026-08-03,S,Common Stock,55510,194.0703,10772842.353,222535,I,HESS JOHN B,Director,1,,,,SEC EDGAR
CVX|0000093410-26-000164|nonDerivative|2026-08-03|HESS JOHN B|S|Common Stock|44490|194.4974|I,2026-08-06 03:29:58+0000,CVX,CHEVRON CORP,0000093410,4,2026-08-05,2026-08-03,0000093410-26-000164,https://www.sec.gov/Archives/edgar/data/93410/000009341026000164/form4.xml,nonDerivative,2026-08-03,S,Common Stock,44490,194.4974,8653189.326,178045,I,HESS JOHN B,Director,1,,,,SEC EDGAR
CVX|0000093410-26-000164|nonDerivative|2026-08-03|HESS JOHN B|J|Common Stock|2244497|0|I,2026-08-06 03:29:58+0000,CVX,CHEVRON CORP,0000093410,4,2026-08-05,2026-08-03,0000093410-26-000164,https://www.sec.gov/Archives/edgar/data/93410/000009341026000164/form4.xml,nonDerivative,2026-08-03,J,Common Stock,2244497,0,0.0,5000000,I,HESS JOHN B,Director,1,,,,SEC EDGAR
CVX|0000093410-26-000164|nonDerivative|2026-08-03|HESS JOHN B|J|Common Stock|9118|0|I,2026-08-06 03:29:58+0000,CVX,CHEVRON CORP,0000093410,4,2026-08-05,2026-08-03,0000093410-26-000164,https://www.sec.gov/Archives/edgar/data/93410/000009341026000164/form4.xml,nonDerivative,2026-08-03,J,Common Stock,9118,0,0.0,16404,I,HESS JOHN B,Director,1,,,,SEC EDGAR
CVX|0000093410-26-000164|nonDerivative|2026-08-03|HESS JOHN B|J|Common Stock|439786|0|I,2026-08-06 03:29:58+0000,CVX,CHEVRON CORP,0000093410,4,2026-08-05,2026-08-03,0000093410-26-000164,https://www.sec.gov/Archives/edgar/data/93410/000009341026000164/form4.xml,nonDerivative,2026-08-03,J,Common Stock,439786,0,0.0,439786,I,HESS JOHN B,Director,1,,,,SEC EDGAR
CVX|0000093410-26-000164|nonDerivative|2026-08-03|HESS JOHN B|J|Common Stock|8102|0|D,2026-08-06 03:29:58+0000,CVX,CHEVRON CORP,0000093410,4,2026-08-05,2026-08-03,0000093410-26-000164,https://www.sec.gov/Archives/edgar/data/93410/000009341026000164/form4.xml,nonDerivative,2026-08-03,J,Common Stock,8102,0,0.0,365014,D,HESS JOHN B,Director,1,,,,SEC EDGAR
CVX|0000093410-26-000164|nonDerivative|2026-08-03|HESS JOHN B|M|Common Stock|170077|55.36|D,2026-08-06 03:29:58+0000,CVX,CHEVRON CORP,0000093410,4,2026-08-05,2026-08-03,0000093410-26-000164,https://www.sec.gov/Archives/edgar/data/93410/000009341026000164/form4.xml,nonDerivative,2026-08-03,M,Common Stock,170077,55.36,9415462.72,535091,D,HESS JOHN B,Director,1,,,,SEC EDGAR
CVX|0000093410-26-000164|nonDerivative|2026-08-03|HESS JOHN B|M|Common Stock|243706|48.51|D,2026-08-06 03:29:58+0000,CVX,CHEVRON CORP,0000093410,4,2026-08-05,2026-08-03,0000093410-26-000164,https://www.sec.gov/Archives/edgar/data/93410/000009341026000164/form4.xml,nonDerivative,2026-08-03,M,Common Stock,243706,48.51,11822178.059999999,778797,D,HESS JOHN B,Director,1,,,,SEC EDGAR
CVX|0000093410-26-000164|nonDerivative|2026-08-03|HESS JOHN B|M|Common Stock|117498|73.21|D,2026-08-06 03:29:58+0000,CVX,CHEVRON CORP,0000093410,4,2026-08-05,2026-08-03,0000093410-26-000164,https://www.sec.gov/Archives/edgar/data/93410/000009341026000164/form4.xml,nonDerivative,2026-08-03,M,Common Stock,117498,73.21,8602028.58,896295,D,HESS JOHN B,Director,1,,,,SEC EDGAR
CVX|0000093410-26-000164|nonDerivative|2026-08-03|HESS JOHN B|M|Common Stock|103771|98.71|D,2026-08-06 03:29:58+0000,CVX,CHEVRON CORP,0000093410,4,2026-08-05,2026-08-03,0000093410-26-000164,https://www.sec.gov/Archives/edgar/data/93410/000009341026000164/form4.xml,nonDerivative,2026-08-03,M,Common Stock,103771,98.71,10243235.41,1000066,D,HESS JOHN B,Director,1,,,,SEC EDGAR
CVX|0000093410-26-000164|nonDerivative|2026-08-03|HESS JOHN B|M|Common Stock|74310|138.10|D,2026-08-06 03:29:58+0000,CVX,CHEVRON CORP,0000093410,4,2026-08-05,2026-08-03,0000093410-26-000164,https://www.sec.gov/Archives/edgar/data/93410/000009341026000164/form4.xml,nonDerivative,2026-08-03,M,Common Stock,74310,138.10,10262211.0,1074376,D,HESS JOHN B,Director,1,,,,SEC EDGAR
CVX|0000093410-26-000164|nonDerivative|2026-08-03|HESS JOHN B|S|Common Stock|174821|194.4221|D,2026-08-06 03:29:58+0000,CVX,CHEVRON CORP,0000093410,4,2026-08-05,2026-08-03,0000093410-26-000164,https://www.sec.gov/Archives/edgar/data/93410/000009341026000164/form4.xml,nonDerivative,2026-08-03,S,Common Stock,174821,194.4221,33989065.9441,899555,D,HESS JOHN B,Director,1,,,,SEC EDGAR
CVX|0000093410-26-000164|nonDerivative|2026-08-03|HESS JOHN B|S|Common Stock|25179|195.2772|D,2026-08-06 03:29:58+0000,CVX,CHEVRON CORP,0000093410,4,2026-08-05,2026-08-03,0000093410-26-000164,https://www.sec.gov/Archives/edgar/data/93410/000009341026000164/form4.xml,nonDerivative,2026-08-03,S,Common Stock,25179,195.2772,4916884.6188,874376,D,HESS JOHN B,Director,1,,,,SEC EDGAR
CVX|0000093410-26-000164|nonDerivative|2026-08-03|HESS JOHN B|S|Common Stock|90031|192.7486|D,2026-08-06 03:29:58+0000,CVX,CHEVRON CORP,0000093410,4,2026-08-05,2026-08-03,0000093410-26-000164,https://www.sec.gov/Archives/edgar/data/93410/000009341026000164/form4.xml,nonDerivative,2026-08-03,S,Common Stock,90031,192.7486,17353349.2066,784345,D,HESS JOHN B,Director,1,,,,SEC EDGAR
CVX|0000093410-26-000164|nonDerivative|2026-08-03|HESS JOHN B|S|Common Stock|118657|193.2886|D,2026-08-06 03:29:58+0000,CVX,CHEVRON CORP,0000093410,4,2026-08-05,2026-08-03,0000093410-26-000164,https://www.sec.gov/Archives/edgar/data/93410/000009341026000164/form4.xml,nonDerivative,2026-08-03,S,Common Stock,118657,193.2886,22935045.4102,665688,D,HESS JOHN B,Director,1,,,,SEC EDGAR
CVX|0000093410-26-000164|nonDerivative|2026-08-03|HESS JOHN B|S|Common Stock|271946|194.4805|D,2026-08-06 03:29:58+0000,CVX,CHEVRON CORP,0000093410,4,2026-08-05,2026-08-03,0000093410-26-000164,https://www.sec.gov/Archives/edgar/data/93410/000009341026000164/form4.xml,nonDerivative,2026-08-03,S,Common Stock,271946,194.4805,52888194.053,393742,D,HESS JOHN B,Director,1,,,,SEC EDGAR
CVX|0000093410-26-000164|nonDerivative|2026-08-03|HESS JOHN B|S|Common Stock|30031|195.1371|D,2026-08-06 03:29:58+0000,CVX,CHEVRON CORP,0000093410,4,2026-08-05,2026-08-03,0000093410-26-000164,https://www.sec.gov/Archives/edgar/data/93410/000009341026000164/form4.xml,nonDerivative,2026-08-03,S,Common Stock,30031,195.1371,5860162.2501,363711,D,HESS JOHN B,Director,1,,,,SEC EDGAR
CVX|0000093410-26-000164|derivative|2026-08-03|HESS JOHN B|M|Non-Qualified Stock Option (Right to Buy)|170077|0|D,2026-08-06 03:29:58+0000,CVX,CHEVRON CORP,0000093410,4,2026-08-05,2026-08-03,0000093410-26-000164,https://www.sec.gov/Archives/edgar/data/93410/000009341026000164/form4.xml,derivative,2026-08-03,M,Non-Qualified Stock Option (Right to Buy),170077,0,0.0,0,D,HESS JOHN B,Director,1,,,,SEC EDGAR
CVX|0000093410-26-000164|derivative|2026-08-03|HESS JOHN B|M|Non-Qualified Stock Option (Right to Buy)|243706|0|D,2026-08-06 03:29:58+0000,CVX,CHEVRON CORP,0000093410,4,2026-08-05,2026-08-03,0000093410-26-000164,https://www.sec.gov/Archives/edgar/data/93410/000009341026000164/form4.xml,derivative,2026-08-03,M,Non-Qualified Stock Option (Right to Buy),243706,0,0.0,0,D,HESS JOHN B,Director,1,,,,SEC EDGAR
CVX|0000093410-26-000164|derivative|2026-08-03|HESS JOHN B|M|Non-Qualified Stock Option (Right to Buy)|117498|0|D,2026-08-06 03:29:58+0000,CVX,CHEVRON CORP,0000093410,4,2026-08-05,2026-08-03,0000093410-26-000164,https://www.sec.gov/Archives/edgar/data/93410/000009341026000164/form4.xml,derivative,2026-08-03,M,Non-Qualified Stock Option (Right to Buy),117498,0,0.0,0,D,HESS JOHN B,Director,1,,,,SEC EDGAR
CVX|0000093410-26-000164|derivative|2026-08-03|HESS JOHN B|M|Non-Qualified Stock Option (Right to Buy)|103771|0|D,2026-08-06 03:29:58+0000,CVX,CHEVRON CORP,0000093410,4,2026-08-05,2026-08-03,0000093410-26-000164,https://www.sec.gov/Archives/edgar/data/93410/000009341026000164/form4.xml,derivative,2026-08-03,M,Non-Qualified Stock Option (Right to Buy),103771,0,0.0,0,D,HESS JOHN B,Director,1,,,,SEC EDGAR
CVX|0000093410-26-000164|derivative|2026-08-03|HESS JOHN B|M|Non-Qualified Stock Option (Right to Buy)|74310|0|D,2026-08-06 03:29:58+0000,CVX,CHEVRON CORP,0000093410,4,2026-08-05,2026-08-03,0000093410-26-000164,https://www.sec.gov/Archives/edgar/data/93410/000009341026000164/form4.xml,derivative,2026-08-03,M,Non-Qualified Stock Option (Right to Buy),74310,0,0.0,0,D,HESS JOHN B,Director,1,,,,SEC EDGAR
CTSH|0001853867-26-000014|nonDerivative|2026-08-03|Kim John Sunshin|S|Class A Common Stock|2500|57.05|D,2026-08-06 03:29:58+0000,CTSH,COGNIZANT TECHNOLOGY SOLUTIONS CORP,0001058290,4,2026-08-05,2026-08-03,0001853867-26-000014,https://www.sec.gov/Archives/edgar/data/1058290/000185386726000014/wk-form4_1785960257.xml,nonDerivative,2026-08-03,S,Class A Common Stock,2500,57.05,142625.0,40392,D,Kim John Sunshin,"Officer, CLO, CAO & Corporate Secretary",0,1,0,"CLO, CAO & Corporate Secretary",SEC EDGAR
CTSH|0001999642-26-000014|nonDerivative|2026-08-03|Dalal Jatin P|S|Class A Common Stock|12000|55.764|D,2026-08-06 03:29:58+0000,CTSH,COGNIZANT TECHNOLOGY SOLUTIONS CORP,0001058290,4,2026-08-05,2026-08-03,0001999642-26-000014,https://www.sec.gov/Archives/edgar/data/1058290/000199964226000014/wk-form4_1785960162.xml,nonDerivative,2026-08-03,S,Class A Common Stock,12000,55.764,669168.0,46111,D,Dalal Jatin P,"Officer, Chief Financial Officer",0,1,0,Chief Financial Officer,SEC EDGAR
CSX|0001193125-26-335141|derivative|2026-08-03|ANGEL STEPHEN F|A|Phantom Stock|181|49.83|I,2026-08-06 03:29:58+0000,CSX,CSX CORP,0000277948,4,2026-08-05,2026-08-03,0001193125-26-335141,https://www.sec.gov/Archives/edgar/data/277948/000119312526335141/ownership.xml,derivative,2026-08-03,A,Phantom Stock,181,49.83,9019.23,2202,I,ANGEL STEPHEN F,President & CEO,true,true,false,President & CEO,SEC EDGAR
"CSGP|0001628280-26-052968|nonDerivative|2026-08-04|FLORANCE ANDREW C|P|Common Stock, par value $0.01 per share|83300|29.89|D",2026-08-06 03:29:58+0000,CSGP,"COSTAR GROUP, INC.",0001057352,4,2026-08-05,2026-08-04,0001628280-26-052968,https://www.sec.gov/Archives/edgar/data/1057352/000162828026052968/wk-form4_1785936417.xml,nonDerivative,2026-08-04,P,"Common Stock, par value $0.01 per share",83300,29.89,2489837.0,1806165.03,D,FLORANCE ANDREW C,"Director, Officer, Founder and CEO",1,1,0,Founder and CEO,SEC EDGAR
COIN|0001679788-26-000090|nonDerivative|2026-08-03|WILSON FREDERICK R|S|Class A Common Stock|646|142.1511|I,2026-08-06 03:29:58+0000,COIN,"Coinbase Global, Inc.",0001679788,4,2026-08-05,2026-08-03,0001679788-26-000090,https://www.sec.gov/Archives/edgar/data/1679788/000167978826000090/wk-form4_1785961036.xml,nonDerivative,2026-08-03,S,Class A Common Stock,646,142.1511,91829.61060000001,29354,I,WILSON FREDERICK R,Director,1,0,0,,SEC EDGAR
COIN|0001679788-26-000090|nonDerivative|2026-08-03|WILSON FREDERICK R|S|Class A Common Stock|354|142.981|I,2026-08-06 03:29:58+0000,COIN,"Coinbase Global, Inc.",0001679788,4,2026-08-05,2026-08-03,0001679788-26-000090,https://www.sec.gov/Archives/edgar/data/1679788/000167978826000090/wk-form4_1785961036.xml,nonDerivative,2026-08-03,S,Class A Common Stock,354,142.981,50615.274,29000,I,WILSON FREDERICK R,Director,1,0,0,,SEC EDGAR
COIN|0001679788-26-000090|nonDerivative|2026-08-03|WILSON FREDERICK R|S|Class A Common Stock|100|143.91|I,2026-08-06 03:29:58+0000,COIN,"Coinbase Global, Inc.",0001679788,4,2026-08-05,2026-08-03,0001679788-26-000090,https://www.sec.gov/Archives/edgar/data/1679788/000167978826000090/wk-form4_1785961036.xml,nonDerivative,2026-08-03,S,Class A Common Stock,100,143.91,14391.0,28900,I,WILSON FREDERICK R,Director,1,0,0,,SEC EDGAR
COIN|0001679788-26-000090|nonDerivative|2026-08-03|WILSON FREDERICK R|S|Class A Common Stock|600|145.41|I,2026-08-06 03:29:58+0000,COIN,"Coinbase Global, Inc.",0001679788,4,2026-08-05,2026-08-03,0001679788-26-000090,https://www.sec.gov/Archives/edgar/data/1679788/000167978826000090/wk-form4_1785961036.xml,nonDerivative,2026-08-03,S,Class A Common Stock,600,145.41,87246.0,28300,I,WILSON FREDERICK R,Director,1,0,0,,SEC EDGAR
COIN|0001679788-26-000090|nonDerivative|2026-08-03|WILSON FREDERICK R|S|Class A Common Stock|1000|146.602|I,2026-08-06 03:29:58+0000,COIN,"Coinbase Global, Inc.",0001679788,4,2026-08-05,2026-08-03,0001679788-26-000090,https://www.sec.gov/Archives/edgar/data/1679788/000167978826000090/wk-form4_1785961036.xml,nonDerivative,2026-08-03,S,Class A Common Stock,1000,146.602,146602.0,27300,I,WILSON FREDERICK R,Director,1,0,0,,SEC EDGAR
COIN|0001679788-26-000090|nonDerivative|2026-08-03|WILSON FREDERICK R|S|Class A Common Stock|800|147.6575|I,2026-08-06 03:29:58+0000,COIN,"Coinbase Global, Inc.",0001679788,4,2026-08-05,2026-08-03,0001679788-26-000090,https://www.sec.gov/Archives/edgar/data/1679788/000167978826000090/wk-form4_1785961036.xml,nonDerivative,2026-08-03,S,Class A Common Stock,800,147.6575,118126.0,26500,I,WILSON FREDERICK R,Director,1,0,0,,SEC EDGAR
COIN|0001679788-26-000090|nonDerivative|2026-08-03|WILSON FREDERICK R|S|Class A Common Stock|2200|148.8569|I,2026-08-06 03:29:58+0000,COIN,"Coinbase Global, Inc.",0001679788,4,2026-08-05,2026-08-03,0001679788-26-000090,https://www.sec.gov/Archives/edgar/data/1679788/000167978826000090/wk-form4_1785961036.xml,nonDerivative,2026-08-03,S,Class A Common Stock,2200,148.8569,327485.18,24300,I,WILSON FREDERICK R,Director,1,0,0,,SEC EDGAR
COIN|0001679788-26-000090|nonDerivative|2026-08-03|WILSON FREDERICK R|S|Class A Common Stock|1800|149.8711|I,2026-08-06 03:29:58+0000,COIN,"Coinbase Global, Inc.",0001679788,4,2026-08-05,2026-08-03,0001679788-26-000090,https://www.sec.gov/Archives/edgar/data/1679788/000167978826000090/wk-form4_1785961036.xml,nonDerivative,2026-08-03,S,Class A Common Stock,1800,149.8711,269767.98000000004,22500,I,WILSON FREDERICK R,Director,1,0,0,,SEC EDGAR
COIN|0001679788-26-000090|nonDerivative|2026-08-03|WILSON FREDERICK R|S|Class A Common Stock|1202|150.8617|I,2026-08-06 03:29:58+0000,COIN,"Coinbase Global, Inc.",0001679788,4,2026-08-05,2026-08-03,0001679788-26-000090,https://www.sec.gov/Archives/edgar/data/1679788/000167978826000090/wk-form4_1785961036.xml,nonDerivative,2026-08-03,S,Class A Common Stock,1202,150.8617,181335.76340000003,21298,I,WILSON FREDERICK R,Director,1,0,0,,SEC EDGAR
COIN|0001679788-26-000090|nonDerivative|2026-08-03|WILSON FREDERICK R|S|Class A Common Stock|1298|151.909|I,2026-08-06 03:29:58+0000,COIN,"Coinbase Global, Inc.",0001679788,4,2026-08-05,2026-08-03,0001679788-26-000090,https://www.sec.gov/Archives/edgar/data/1679788/000167978826000090/wk-form4_1785961036.xml,nonDerivative,2026-08-03,S,Class A Common Stock,1298,151.909,197177.88199999998,10000,I,WILSON FREDERICK R,Director,1,0,0,,SEC EDGAR
COIN|0001679788-26-000090|nonDerivative|2026-08-03|WILSON FREDERICK R|S|Class A Common Stock|624|142.014|I,2026-08-06 03:29:58+0000,COIN,"Coinbase Global, Inc.",0001679788,4,2026-08-05,2026-08-03,0001679788-26-000090,https://www.sec.gov/Archives/edgar/data/1679788/000167978826000090/wk-form4_1785961036.xml,nonDerivative,2026-08-03,S,Class A Common Stock,624,142.014,88616.736,0,I,WILSON FREDERICK R,Director,1,0,0,,SEC EDGAR
COIN|0001679788-26-000090|nonDerivative|2026-08-03|WILSON FREDERICK R|S|Class A Common Stock|10494|142.014|I,2026-08-06 03:29:58+0000,COIN,"Coinbase Global, Inc.",0001679788,4,2026-08-05,2026-08-03,0001679788-26-000090,https://www.sec.gov/Archives/edgar/data/1679788/000167978826000090/wk-form4_1785961036.xml,nonDerivative,2026-08-03,S,Class A Common Stock,10494,142.014,1490294.9160000002,13950,I,WILSON FREDERICK R,Director,1,0,0,,SEC EDGAR
COIN|0001679788-26-000090|nonDerivative|2026-08-03|WILSON FREDERICK R|S|Class A Common Stock|10589|142.9297|I,2026-08-06 03:29:58+0000,COIN,"Coinbase Global, Inc.",0001679788,4,2026-08-05,2026-08-03,0001679788-26-000090,https://www.sec.gov/Archives/edgar/data/1679788/000167978826000090/wk-form4_1785961036.xml,nonDerivative,2026-08-03,S,Class A Common Stock,10589,142.9297,1513482.5933,3361,I,WILSON FREDERICK R,Director,1,0,0,,SEC EDGAR
COIN|0001679788-26-000090|nonDerivative|2026-08-03|WILSON FREDERICK R|S|Class A Common Stock|2761|143.7924|I,2026-08-06 03:29:58+0000,COIN,"Coinbase Global, Inc.",0001679788,4,2026-08-05,2026-08-03,0001679788-26-000090,https://www.sec.gov/Archives/edgar/data/1679788/000167978826000090/wk-form4_1785961036.xml,nonDerivative,2026-08-03,S,Class A Common Stock,2761,143.7924,397010.81639999995,600,I,WILSON FREDERICK R,Director,1,0,0,,SEC EDGAR
COIN|0001679788-26-000090|nonDerivative|2026-08-03|WILSON FREDERICK R|S|Class A Common Stock|600|144.7655|I,2026-08-06 03:29:58+0000,COIN,"Coinbase Global, Inc.",0001679788,4,2026-08-05,2026-08-03,0001679788-26-000090,https://www.sec.gov/Archives/edgar/data/1679788/000167978826000090/wk-form4_1785961036.xml,nonDerivative,2026-08-03,S,Class A Common Stock,600,144.7655,86859.3,0,I,WILSON FREDERICK R,Director,1,0,0,,SEC EDGAR
COF|0001938196-26-000015|nonDerivative|2026-08-04|Mouadeb Mark Daniel|S|Common Stock|1183|220|D,2026-08-06 03:29:58+0000,COF,CAPITAL ONE FINANCIAL CORP,0000927628,4,2026-08-05,2026-08-04,0001938196-26-000015,https://www.sec.gov/Archives/edgar/data/927628/000193819626000015/wk-form4_1785960371.xml,nonDerivative,2026-08-04,S,Common Stock,1183,220,260260.0,50331,D,Mouadeb Mark Daniel,"Officer, President,  Card",0,1,0,"President,  Card",SEC EDGAR
COF|0001727277-26-000016|nonDerivative|2026-08-04|Cooper Matthew W|S|Common Stock|3500|219.33|D,2026-08-06 03:29:58+0000,COF,CAPITAL ONE FINANCIAL CORP,0000927628,4,2026-08-05,2026-08-04,0001727277-26-000016,https://www.sec.gov/Archives/edgar/data/927628/000172727726000016/wk-form4_1785960285.xml,nonDerivative,2026-08-04,S,Common Stock,3500,219.33,767655.0,86694,D,Cooper Matthew W,"Officer, General Counsel & Corp Secy",0,1,0,General Counsel & Corp Secy,SEC EDGAR
BX|0001193125-26-335160|nonDerivative|2026-08-04|Sawhney Vikrant|S|Common Stock|18408|135.2941|D,2026-08-06 03:29:58+0000,BX,Blackstone Inc.,0001393818,4,2026-08-05,2026-08-04,0001193125-26-335160,https://www.sec.gov/Archives/edgar/data/1393818/000119312526335160/ownership.xml,nonDerivative,2026-08-04,S,Common Stock,18408,135.2941,2490493.7928,881261,D,Sawhney Vikrant,Chief Administrative Officer,false,true,false,Chief Administrative Officer,SEC EDGAR
BX|0001193125-26-335160|nonDerivative|2026-08-04|Sawhney Vikrant|S|Common Stock|11592|135.9553|D,2026-08-06 03:29:58+0000,BX,Blackstone Inc.,0001393818,4,2026-08-05,2026-08-04,0001193125-26-335160,https://www.sec.gov/Archives/edgar/data/1393818/000119312526335160/ownership.xml,nonDerivative,2026-08-04,S,Common Stock,11592,135.9553,1575993.8376,869669,D,Sawhney Vikrant,Chief Administrative Officer,false,true,false,Chief Administrative Officer,SEC EDGAR
BX|0001193125-26-335158|nonDerivative|2026-08-03|Parrett William G|J|Common Stock|1500||D,2026-08-06 03:29:58+0000,BX,Blackstone Inc.,0001393818,4,2026-08-05,2026-08-03,0001193125-26-335158,https://www.sec.gov/Archives/edgar/data/1393818/000119312526335158/ownership.xml,nonDerivative,2026-08-03,J,Common Stock,1500,,,30029,D,Parrett William G,,true,false,false,,SEC EDGAR
BX|0001193125-26-335158|nonDerivative|2026-08-03|Parrett William G|J|Common Stock|1500||I,2026-08-06 03:29:58+0000,BX,Blackstone Inc.,0001393818,4,2026-08-05,2026-08-03,0001193125-26-335158,https://www.sec.gov/Archives/edgar/data/1393818/000119312526335158/ownership.xml,nonDerivative,2026-08-03,J,Common Stock,1500,,,66571,I,Parrett William G,,true,false,false,,SEC EDGAR
BSX|0001225208-26-006950|nonDerivative|2026-08-03|Mahoney Michael F|P|Common Stock|186240.0000|48.3323|D,2026-08-06 03:29:58+0000,BSX,BOSTON SCIENTIFIC CORP,0000885725,4,2026-08-05,2026-08-03,0001225208-26-006950,https://www.sec.gov/Archives/edgar/data/885725/000122520826006950/doc4.xml,nonDerivative,2026-08-03,P,Common Stock,186240.0000,48.3323,9001407.552,1590024.0000,D,Mahoney Michael F,"Director, Officer, Chairman, President & CEO",1,1,,"Chairman, President & CEO",SEC EDGAR
BSX|0001225208-26-006950|nonDerivative|2026-08-03|Mahoney Michael F|I|Common Stock|22119.0000|48.4300|I,2026-08-06 03:29:58+0000,BSX,BOSTON SCIENTIFIC CORP,0000885725,4,2026-08-05,2026-08-03,0001225208-26-006950,https://www.sec.gov/Archives/edgar/data/885725/000122520826006950/doc4.xml,nonDerivative,2026-08-03,I,Common Stock,22119.0000,48.4300,1071223.17,22119.0000,I,Mahoney Michael F,"Director, Officer, Chairman, President & CEO",1,1,,"Chairman, President & CEO",SEC EDGAR
BSX|0001225208-26-006951|nonDerivative|2026-08-03|Habiger David C|P|Common Stock|1042.0000|48.0655|D,2026-08-06 03:29:58+0000,BSX,BOSTON SCIENTIFIC CORP,0000885725,4,2026-08-05,2026-08-03,0001225208-26-006951,https://www.sec.gov/Archives/edgar/data/885725/000122520826006951/doc4.xml,nonDerivative,2026-08-03,P,Common Stock,1042.0000,48.0655,50084.251,14920.0000,D,Habiger David C,Director,1,,,,SEC EDGAR
BSX|0001225208-26-006951|nonDerivative|2026-08-04|Habiger David C|P|Common Stock|140.0000|48.5879|D,2026-08-06 03:29:58+0000,BSX,BOSTON SCIENTIFIC CORP,0000885725,4,2026-08-05,2026-08-03,0001225208-26-006951,https://www.sec.gov/Archives/edgar/data/885725/000122520826006951/doc4.xml,nonDerivative,2026-08-04,P,Common Stock,140.0000,48.5879,6802.306,15060.0000,D,Habiger David C,Director,1,,,,SEC EDGAR
BIIB|0000875045-26-000076|nonDerivative|2026-08-03|Minor Lloyd|S|Common Stock|593|203.34|D,2026-08-06 03:29:58+0000,BIIB,BIOGEN INC.,0000875045,4,2026-08-05,2026-08-03,0000875045-26-000076,https://www.sec.gov/Archives/edgar/data/875045/000087504526000076/form4.xml,nonDerivative,2026-08-03,S,Common Stock,593,203.34,120580.62,3282,D,Minor Lloyd,Director,1,,,,SEC EDGAR
BIIB|0000875045-26-000076|nonDerivative|2026-08-04|Minor Lloyd|S|Common Stock|593|200.96|D,2026-08-06 03:29:58+0000,BIIB,BIOGEN INC.,0000875045,4,2026-08-05,2026-08-03,0000875045-26-000076,https://www.sec.gov/Archives/edgar/data/875045/000087504526000076/form4.xml,nonDerivative,2026-08-04,S,Common Stock,593,200.96,119169.28,2689,D,Minor Lloyd,Director,1,,,,SEC EDGAR
AVY|0000008818-26-000134|nonDerivative|2026-08-04|Walker Ignacio J|S|Common Stock|1742|171.61|D,2026-08-06 03:29:58+0000,AVY,Avery Dennison Corp,0000008818,4,2026-08-05,2026-08-04,0000008818-26-000134,https://www.sec.gov/Archives/edgar/data/8818/000000881826000134/form4.xml,nonDerivative,2026-08-04,S,Common Stock,1742,171.61,298944.62,7585,D,Walker Ignacio J,"Officer, SVP and Chief Legal Officer",,1,,SVP and Chief Legal Officer,SEC EDGAR
APH|0001104659-26-091189|nonDerivative|2026-08-05|Silverman David M|M|Class A Common Stock|120000|21.995|D,2026-08-06 03:29:58+0000,APH,AMPHENOL CORP /DE/,0000820313,4,2026-08-05,2026-08-05,0001104659-26-091189,https://www.sec.gov/Archives/edgar/data/820313/000110465926091189/tm2622188-3_4seq1.xml,nonDerivative,2026-08-05,M,Class A Common Stock,120000,21.995,2639400.0,135672,D,Silverman David M,"Officer, EVP, Human Resources",0,1,0,"EVP, Human Resources",SEC EDGAR
APH|0001104659-26-091189|nonDerivative|2026-08-05|Silverman David M|S|Class A Common Stock|120000|174.2373|D,2026-08-06 03:29:58+0000,APH,AMPHENOL CORP /DE/,0000820313,4,2026-08-05,2026-08-05,0001104659-26-091189,https://www.sec.gov/Archives/edgar/data/820313/000110465926091189/tm2622188-3_4seq1.xml,nonDerivative,2026-08-05,S,Class A Common Stock,120000,174.2373,20908476.0,15672,D,Silverman David M,"Officer, EVP, Human Resources",0,1,0,"EVP, Human Resources",SEC EDGAR
APH|0001104659-26-091189|derivative|2026-08-05|Silverman David M|M|Stock Option|120000|0|D,2026-08-06 03:29:58+0000,APH,AMPHENOL CORP /DE/,0000820313,4,2026-08-05,2026-08-05,0001104659-26-091189,https://www.sec.gov/Archives/edgar/data/820313/000110465926091189/tm2622188-3_4seq1.xml,derivative,2026-08-05,M,Stock Option,120000,0,0.0,120000,D,Silverman David M,"Officer, EVP, Human Resources",0,1,0,"EVP, Human Resources",SEC EDGAR
APH|0001104659-26-091064|nonDerivative|2026-08-04|Lampo Craig A|M|Class A Common Stock|193200|22.3725|D,2026-08-06 03:29:58+0000,APH,AMPHENOL CORP /DE/,0000820313,4,2026-08-05,2026-08-04,0001104659-26-091064,https://www.sec.gov/Archives/edgar/data/820313/000110465926091064/tm2622188-2_4seq1.xml,nonDerivative,2026-08-04,M,Class A Common Stock,193200,22.3725,4322367.0,283865,D,Lampo Craig A,"Officer, EVP& CFO",0,1,0,EVP& CFO,SEC EDGAR
APH|0001104659-26-091064|nonDerivative|2026-08-04|Lampo Craig A|S|Class A Common Stock|193200|167.3093|D,2026-08-06 03:29:58+0000,APH,AMPHENOL CORP /DE/,0000820313,4,2026-08-05,2026-08-04,0001104659-26-091064,https://www.sec.gov/Archives/edgar/data/820313/000110465926091064/tm2622188-2_4seq1.xml,nonDerivative,2026-08-04,S,Class A Common Stock,193200,167.3093,32324156.76,90665,D,Lampo Craig A,"Officer, EVP& CFO",0,1,0,EVP& CFO,SEC EDGAR
APH|0001104659-26-091064|derivative|2026-08-04|Lampo Craig A|M|Stock Option|193200|0|D,2026-08-06 03:29:58+0000,APH,AMPHENOL CORP /DE/,0000820313,4,2026-08-05,2026-08-04,0001104659-26-091064,https://www.sec.gov/Archives/edgar/data/820313/000110465926091064/tm2622188-2_4seq1.xml,derivative,2026-08-04,M,Stock Option,193200,0,0.0,193200,D,Lampo Craig A,"Officer, EVP& CFO",0,1,0,EVP& CFO,SEC EDGAR
APH|0001104659-26-091062|nonDerivative|2026-08-03|D'AMICO LANCE E|M|Class A Comm Stock|50000|22.5525|D,2026-08-06 03:29:58+0000,APH,AMPHENOL CORP /DE/,0000820313,4,2026-08-05,2026-08-03,0001104659-26-091062,https://www.sec.gov/Archives/edgar/data/820313/000110465926091062/tm2622188-1_4seq1.xml,nonDerivative,2026-08-03,M,Class A Comm Stock,50000,22.5525,1127625.0,107065,D,D'AMICO LANCE E,"Officer, EVP, Secretary & GenCounsel",0,1,0,"EVP, Secretary & GenCounsel",SEC EDGAR
APH|0001104659-26-091062|nonDerivative|2026-08-03|D'AMICO LANCE E|S|Class A Comm Stock|50000|161.9874|D,2026-08-06 03:29:58+0000,APH,AMPHENOL CORP /DE/,0000820313,4,2026-08-05,2026-08-03,0001104659-26-091062,https://www.sec.gov/Archives/edgar/data/820313/000110465926091062/tm2622188-1_4seq1.xml,nonDerivative,2026-08-03,S,Class A Comm Stock,50000,161.9874,8099370.0,57065,D,D'AMICO LANCE E,"Officer, EVP, Secretary & GenCounsel",0,1,0,"EVP, Secretary & GenCounsel",SEC EDGAR
APH|0001104659-26-091062|nonDerivative|2026-08-03|D'AMICO LANCE E|M|Class A Comm Stock|40000|22.3725|I,2026-08-06 03:29:58+0000,APH,AMPHENOL CORP /DE/,0000820313,4,2026-08-05,2026-08-03,0001104659-26-091062,https://www.sec.gov/Archives/edgar/data/820313/000110465926091062/tm2622188-1_4seq1.xml,nonDerivative,2026-08-03,M,Class A Comm Stock,40000,22.3725,894900.0,40000,I,D'AMICO LANCE E,"Officer, EVP, Secretary & GenCounsel",0,1,0,"EVP, Secretary & GenCounsel",SEC EDGAR
APH|0001104659-26-091062|nonDerivative|2026-08-03|D'AMICO LANCE E|S|Class A Comm Stock|40000|161.8175|I,2026-08-06 03:29:58+0000,APH,AMPHENOL CORP /DE/,0000820313,4,2026-08-05,2026-08-03,0001104659-26-091062,https://www.sec.gov/Archives/edgar/data/820313/000110465926091062/tm2622188-1_4seq1.xml,nonDerivative,2026-08-03,S,Class A Comm Stock,40000,161.8175,6472700.0,0,I,D'AMICO LANCE E,"Officer, EVP, Secretary & GenCounsel",0,1,0,"EVP, Secretary & GenCounsel",SEC EDGAR
APH|0001104659-26-091062|nonDerivative|2026-08-03|D'AMICO LANCE E|M|Class A Comm Stock|10000|22.5525|I,2026-08-06 03:29:58+0000,APH,AMPHENOL CORP /DE/,0000820313,4,2026-08-05,2026-08-03,0001104659-26-091062,https://www.sec.gov/Archives/edgar/data/820313/000110465926091062/tm2622188-1_4seq1.xml,nonDerivative,2026-08-03,M,Class A Comm Stock,10000,22.5525,225524.99999999997,10000,I,D'AMICO LANCE E,"Officer, EVP, Secretary & GenCounsel",0,1,0,"EVP, Secretary & GenCounsel",SEC EDGAR
APH|0001104659-26-091062|nonDerivative|2026-08-03|D'AMICO LANCE E|S|Class A Comm Stock|10000|161.8175|I,2026-08-06 03:29:58+0000,APH,AMPHENOL CORP /DE/,0000820313,4,2026-08-05,2026-08-03,0001104659-26-091062,https://www.sec.gov/Archives/edgar/data/820313/000110465926091062/tm2622188-1_4seq1.xml,nonDerivative,2026-08-03,S,Class A Comm Stock,10000,161.8175,1618175.0,0,I,D'AMICO LANCE E,"Officer, EVP, Secretary & GenCounsel",0,1,0,"EVP, Secretary & GenCounsel",SEC EDGAR
APH|0001104659-26-091062|derivative|2026-08-03|D'AMICO LANCE E|M|Stock Option|50000|0|D,2026-08-06 03:29:58+0000,APH,AMPHENOL CORP /DE/,0000820313,4,2026-08-05,2026-08-03,0001104659-26-091062,https://www.sec.gov/Archives/edgar/data/820313/000110465926091062/tm2622188-1_4seq1.xml,derivative,2026-08-03,M,Stock Option,50000,0,0.0,0,D,D'AMICO LANCE E,"Officer, EVP, Secretary & GenCounsel",0,1,0,"EVP, Secretary & GenCounsel",SEC EDGAR
APH|0001104659-26-091062|derivative|2026-08-03|D'AMICO LANCE E|M|Stock Option|40000|0|I,2026-08-06 03:29:58+0000,APH,AMPHENOL CORP /DE/,0000820313,4,2026-08-05,2026-08-03,0001104659-26-091062,https://www.sec.gov/Archives/edgar/data/820313/000110465926091062/tm2622188-1_4seq1.xml,derivative,2026-08-03,M,Stock Option,40000,0,0.0,0,I,D'AMICO LANCE E,"Officer, EVP, Secretary & GenCounsel",0,1,0,"EVP, Secretary & GenCounsel",SEC EDGAR
APH|0001104659-26-091062|derivative|2026-08-03|D'AMICO LANCE E|M|Stock Option|10000|0|I,2026-08-06 03:29:58+0000,APH,AMPHENOL CORP /DE/,0000820313,4,2026-08-05,2026-08-03,0001104659-26-091062,https://www.sec.gov/Archives/edgar/data/820313/000110465926091062/tm2622188-1_4seq1.xml,derivative,2026-08-03,M,Stock Option,10000,0,0.0,70000,I,D'AMICO LANCE E,"Officer, EVP, Secretary & GenCounsel",0,1,0,"EVP, Secretary & GenCounsel",SEC EDGAR
ANET|0001596532-26-000178|nonDerivative|2026-08-03|Giancarlo Charles H|S|Common Stock|322|174.4949|I,2026-08-06 03:29:58+0000,ANET,"Arista Networks, Inc.",0001596532,4,2026-08-05,2026-08-03,0001596532-26-000178,https://www.sec.gov/Archives/edgar/data/1596532/000159653226000178/edgardoc.xml,nonDerivative,2026-08-03,S,Common Stock,322,174.4949,56187.3578,192011,I,Giancarlo Charles H,Director,1,0,0,,SEC EDGAR
ANET|0001596532-26-000178|nonDerivative|2026-08-03|Giancarlo Charles H|S|Common Stock|817|175.4648|I,2026-08-06 03:29:58+0000,ANET,"Arista Networks, Inc.",0001596532,4,2026-08-05,2026-08-03,0001596532-26-000178,https://www.sec.gov/Archives/edgar/data/1596532/000159653226000178/edgardoc.xml,nonDerivative,2026-08-03,S,Common Stock,817,175.4648,143354.7416,191194,I,Giancarlo Charles H,Director,1,0,0,,SEC EDGAR
ANET|0001596532-26-000178|nonDerivative|2026-08-03|Giancarlo Charles H|S|Common Stock|403|176.5135|I,2026-08-06 03:29:58+0000,ANET,"Arista Networks, Inc.",0001596532,4,2026-08-05,2026-08-03,0001596532-26-000178,https://www.sec.gov/Archives/edgar/data/1596532/000159653226000178/edgardoc.xml,nonDerivative,2026-08-03,S,Common Stock,403,176.5135,71134.9405,190791,I,Giancarlo Charles H,Director,1,0,0,,SEC EDGAR
ANET|0001596532-26-000178|nonDerivative|2026-08-03|Giancarlo Charles H|S|Common Stock|382|177.3921|I,2026-08-06 03:29:58+0000,ANET,"Arista Networks, Inc.",0001596532,4,2026-08-05,2026-08-03,0001596532-26-000178,https://www.sec.gov/Archives/edgar/data/1596532/000159653226000178/edgardoc.xml,nonDerivative,2026-08-03,S,Common Stock,382,177.3921,67763.7822,190409,I,Giancarlo Charles H,Director,1,0,0,,SEC EDGAR
ANET|0001596532-26-000178|nonDerivative|2026-08-03|Giancarlo Charles H|S|Common Stock|417|178.8179|I,2026-08-06 03:29:58+0000,ANET,"Arista Networks, Inc.",0001596532,4,2026-08-05,2026-08-03,0001596532-26-000178,https://www.sec.gov/Archives/edgar/data/1596532/000159653226000178/edgardoc.xml,nonDerivative,2026-08-03,S,Common Stock,417,178.8179,74567.0643,189992,I,Giancarlo Charles H,Director,1,0,0,,SEC EDGAR
ANET|0001596532-26-000178|nonDerivative|2026-08-03|Giancarlo Charles H|S|Common Stock|536|179.8464|I,2026-08-06 03:29:58+0000,ANET,"Arista Networks, Inc.",0001596532,4,2026-08-05,2026-08-03,0001596532-26-000178,https://www.sec.gov/Archives/edgar/data/1596532/000159653226000178/edgardoc.xml,nonDerivative,2026-08-03,S,Common Stock,536,179.8464,96397.67039999999,189456,I,Giancarlo Charles H,Director,1,0,0,,SEC EDGAR
ANET|0001596532-26-000178|nonDerivative|2026-08-03|Giancarlo Charles H|S|Common Stock|1119|180.7403|I,2026-08-06 03:29:58+0000,ANET,"Arista Networks, Inc.",0001596532,4,2026-08-05,2026-08-03,0001596532-26-000178,https://www.sec.gov/Archives/edgar/data/1596532/000159653226000178/edgardoc.xml,nonDerivative,2026-08-03,S,Common Stock,1119,180.7403,202248.3957,188337,I,Giancarlo Charles H,Director,1,0,0,,SEC EDGAR
ANET|0001596532-26-000178|nonDerivative|2026-08-03|Giancarlo Charles H|S|Common Stock|825|181.8137|I,2026-08-06 03:29:58+0000,ANET,"Arista Networks, Inc.",0001596532,4,2026-08-05,2026-08-03,0001596532-26-000178,https://www.sec.gov/Archives/edgar/data/1596532/000159653226000178/edgardoc.xml,nonDerivative,2026-08-03,S,Common Stock,825,181.8137,149996.30250000002,187512,I,Giancarlo Charles H,Director,1,0,0,,SEC EDGAR
ANET|0001596532-26-000178|nonDerivative|2026-08-03|Giancarlo Charles H|S|Common Stock|558|182.8007|I,2026-08-06 03:29:58+0000,ANET,"Arista Networks, Inc.",0001596532,4,2026-08-05,2026-08-03,0001596532-26-000178,https://www.sec.gov/Archives/edgar/data/1596532/000159653226000178/edgardoc.xml,nonDerivative,2026-08-03,S,Common Stock,558,182.8007,102002.79060000001,186954,I,Giancarlo Charles H,Director,1,0,0,,SEC EDGAR
ANET|0001596532-26-000178|nonDerivative|2026-08-03|Giancarlo Charles H|S|Common Stock|478|183.8722|I,2026-08-06 03:29:58+0000,ANET,"Arista Networks, Inc.",0001596532,4,2026-08-05,2026-08-03,0001596532-26-000178,https://www.sec.gov/Archives/edgar/data/1596532/000159653226000178/edgardoc.xml,nonDerivative,2026-08-03,S,Common Stock,478,183.8722,87890.91159999999,186476,I,Giancarlo Charles H,Director,1,0,0,,SEC EDGAR
ANET|0001596532-26-000178|nonDerivative|2026-08-03|Giancarlo Charles H|S|Common Stock|1303|184.6839|I,2026-08-06 03:29:58+0000,ANET,"Arista Networks, Inc.",0001596532,4,2026-08-05,2026-08-03,0001596532-26-000178,https://www.sec.gov/Archives/edgar/data/1596532/000159653226000178/edgardoc.xml,nonDerivative,2026-08-03,S,Common Stock,1303,184.6839,240643.1217,185173,I,Giancarlo Charles H,Director,1,0,0,,SEC EDGAR
ANET|0001596532-26-000178|nonDerivative|2026-08-03|Giancarlo Charles H|S|Common Stock|738|185.6168|I,2026-08-06 03:29:58+0000,ANET,"Arista Networks, Inc.",0001596532,4,2026-08-05,2026-08-03,0001596532-26-000178,https://www.sec.gov/Archives/edgar/data/1596532/000159653226000178/edgardoc.xml,nonDerivative,2026-08-03,S,Common Stock,738,185.6168,136985.19840000002,184435,I,Giancarlo Charles H,Director,1,0,0,,SEC EDGAR
ANET|0001596532-26-000178|nonDerivative|2026-08-03|Giancarlo Charles H|S|Common Stock|102|186.347|I,2026-08-06 03:29:58+0000,ANET,"Arista Networks, Inc.",0001596532,4,2026-08-05,2026-08-03,0001596532-26-000178,https://www.sec.gov/Archives/edgar/data/1596532/000159653226000178/edgardoc.xml,nonDerivative,2026-08-03,S,Common Stock,102,186.347,19007.394,184333,I,Giancarlo Charles H,Director,1,0,0,,SEC EDGAR
"AMZN|0001018724-26-000030|nonDerivative|2026-08-03|Herrington Douglas J|S|Common Stock, par value $.01  per share|1000|278.39|D",2026-08-06 03:29:58+0000,AMZN,AMAZON COM INC,0001018724,4,2026-08-05,2026-08-03,0001018724-26-000030,https://www.sec.gov/Archives/edgar/data/1018724/000101872426000030/wk-form4_1785962562.xml,nonDerivative,2026-08-03,S,"Common Stock, par value $.01  per share",1000,278.39,278390.0,483527,D,Herrington Douglas J,"Officer, CEO Worldwide Amazon Stores",0,1,0,CEO Worldwide Amazon Stores,SEC EDGAR
"AMZN|0001018724-26-000028|nonDerivative|2026-08-03|BEZOS JEFFREY P|S|Common Stock, par value $.01  per share|1209649|286.4083|D",2026-08-06 03:29:58+0000,AMZN,AMAZON COM INC,0001018724,4,2026-08-05,2026-08-03,0001018724-26-000028,https://www.sec.gov/Archives/edgar/data/1018724/000101872426000028/wk-form4_1785962062.xml,nonDerivative,2026-08-03,S,"Common Stock, par value $.01  per share",1209649,286.4083,346453513.6867,879739004,D,BEZOS JEFFREY P,"Director, Officer, Executive Chair",1,1,0,Executive Chair,SEC EDGAR
"AEE|0001002910-26-000026|nonDerivative|2026-08-03|MOEHN MICHAEL L|S|Common Stock, $.01 Par Value|6500|108.96|D",2026-08-06 03:29:58+0000,AEE,AMEREN CORP,0001002910,4,2026-08-05,2026-08-03,0001002910-26-000026,https://www.sec.gov/Archives/edgar/data/1002910/000100291026000026/wk-form4_1785968242.xml,nonDerivative,2026-08-03,S,"Common Stock, $.01 Par Value",6500,108.96,708240.0,199689,D,MOEHN MICHAEL L,"Officer, Group President, Utilities",0,1,0,"Group President, Utilities",SEC EDGAR
ADM|0001225208-26-006954|nonDerivative|2026-08-03|Patolawala Monish D|F|Common Stock|6720.0000|79.2700|D,2026-08-06 03:29:58+0000,ADM,Archer-Daniels-Midland Co,0000007084,4,2026-08-05,2026-08-03,0001225208-26-006954,https://www.sec.gov/Archives/edgar/data/7084/000122520826006954/doc4.xml,nonDerivative,2026-08-03,F,Common Stock,6720.0000,79.2700,532694.4,218253.0000,D,Patolawala Monish D,"Officer, Executive Vice President & CFO",,1,,Executive Vice President & CFO,SEC EDGAR
ABNB|0001193125-26-335531|nonDerivative|2026-08-03|Mertz Elinor|S|Class A Common Stock|3748|153.34|D,2026-08-06 03:29:58+0000,ABNB,"Airbnb, Inc.",0001559720,4,2026-08-05,2026-08-03,0001193125-26-335531,https://www.sec.gov/Archives/edgar/data/1559720/000119312526335531/ownership.xml,nonDerivative,2026-08-03,S,Class A Common Stock,3748,153.34,574718.3200000001,441542.477,D,Mertz Elinor,Chief Financial Officer,false,true,false,Chief Financial Officer,SEC EDGAR
ABNB|0001193125-26-335515|nonDerivative|2026-08-03|Blecharczyk Nathan|C|Class A Common Stock|17692||I,2026-08-06 03:29:58+0000,ABNB,"Airbnb, Inc.",0001559720,4,2026-08-05,2026-08-03,0001193125-26-335515,https://www.sec.gov/Archives/edgar/data/1559720/000119312526335515/ownership.xml,nonDerivative,2026-08-03,C,Class A Common Stock,17692,,,30062,I,Blecharczyk Nathan,Chief Strategy Officer,true,true,true,Chief Strategy Officer,SEC EDGAR
ABNB|0001193125-26-335515|nonDerivative|2026-08-03|Blecharczyk Nathan|G|Class A Common Stock|4077|0|I,2026-08-06 03:29:58+0000,ABNB,"Airbnb, Inc.",0001559720,4,2026-08-05,2026-08-03,0001193125-26-335515,https://www.sec.gov/Archives/edgar/data/1559720/000119312526335515/ownership.xml,nonDerivative,2026-08-03,G,Class A Common Stock,4077,0,0.0,25985,I,Blecharczyk Nathan,Chief Strategy Officer,true,true,true,Chief Strategy Officer,SEC EDGAR
ABNB|0001193125-26-335515|nonDerivative|2026-08-03|Blecharczyk Nathan|S|Class A Common Stock|1000|150.9225|I,2026-08-06 03:29:58+0000,ABNB,"Airbnb, Inc.",0001559720,4,2026-08-05,2026-08-03,0001193125-26-335515,https://www.sec.gov/Archives/edgar/data/1559720/000119312526335515/ownership.xml,nonDerivative,2026-08-03,S,Class A Common Stock,1000,150.9225,150922.5,24985,I,Blecharczyk Nathan,Chief Strategy Officer,true,true,true,Chief Strategy Officer,SEC EDGAR
ABNB|0001193125-26-335515|nonDerivative|2026-08-03|Blecharczyk Nathan|S|Class A Common Stock|10271|151.4713|I,2026-08-06 03:29:58+0000,ABNB,"Airbnb, Inc.",0001559720,4,2026-08-05,2026-08-03,0001193125-26-335515,https://www.sec.gov/Archives/edgar/data/1559720/000119312526335515/ownership.xml,nonDerivative,2026-08-03,S,Class A Common Stock,10271,151.4713,1555761.7223000003,14714,I,Blecharczyk Nathan,Chief Strategy Officer,true,true,true,Chief Strategy Officer,SEC EDGAR
ABNB|0001193125-26-335515|nonDerivative|2026-08-03|Blecharczyk Nathan|S|Class A Common Stock|500|152.98|I,2026-08-06 03:29:58+0000,ABNB,"Airbnb, Inc.",0001559720,4,2026-08-05,2026-08-03,0001193125-26-335515,https://www.sec.gov/Archives/edgar/data/1559720/000119312526335515/ownership.xml,nonDerivative,2026-08-03,S,Class A Common Stock,500,152.98,76490.0,14214,I,Blecharczyk Nathan,Chief Strategy Officer,true,true,true,Chief Strategy Officer,SEC EDGAR
ABNB|0001193125-26-335515|nonDerivative|2026-08-03|Blecharczyk Nathan|S|Class A Common Stock|1700|153.7932|I,2026-08-06 03:29:58+0000,ABNB,"Airbnb, Inc.",0001559720,4,2026-08-05,2026-08-03,0001193125-26-335515,https://www.sec.gov/Archives/edgar/data/1559720/000119312526335515/ownership.xml,nonDerivative,2026-08-03,S,Class A Common Stock,1700,153.7932,261448.44000000003,12514,I,Blecharczyk Nathan,Chief Strategy Officer,true,true,true,Chief Strategy Officer,SEC EDGAR
ABNB|0001193125-26-335515|nonDerivative|2026-08-03|Blecharczyk Nathan|S|Class A Common Stock|144|154.0278|I,2026-08-06 03:29:58+0000,ABNB,"Airbnb, Inc.",0001559720,4,2026-08-05,2026-08-03,0001193125-26-335515,https://www.sec.gov/Archives/edgar/data/1559720/000119312526335515/ownership.xml,nonDerivative,2026-08-03,S,Class A Common Stock,144,154.0278,22180.003200000003,12370,I,Blecharczyk Nathan,Chief Strategy Officer,true,true,true,Chief Strategy Officer,SEC EDGAR
ABNB|0001193125-26-335515|derivative|2026-08-03|Blecharczyk Nathan|C|Class B Common Stock|17692|0|I,2026-08-06 03:29:58+0000,ABNB,"Airbnb, Inc.",0001559720,4,2026-08-05,2026-08-03,0001193125-26-335515,https://www.sec.gov/Archives/edgar/data/1559720/000119312526335515/ownership.xml,derivative,2026-08-03,C,Class B Common Stock,17692,0,0.0,45717201,I,Blecharczyk Nathan,Chief Strategy Officer,true,true,true,Chief Strategy Officer,SEC EDGAR
ZBH|0001783992-26-000004|nonDerivative|2026-08-01|Thornal Kevin R|M|Common Stock|9957|0|D,2026-08-06 03:29:58+0000,ZBH,"ZIMMER BIOMET HOLDINGS, INC.",0001136869,4,2026-08-04,2026-08-01,0001783992-26-000004,https://www.sec.gov/Archives/edgar/data/1136869/000178399226000004/form4-08042026_080809.xml,nonDerivative,2026-08-01,M,Common Stock,9957,0,0.0,9957,D,Thornal Kevin R,Grp Pres-Global Business,false,true,false,Grp Pres-Global Business,SEC EDGAR
ZBH|0001783992-26-000004|nonDerivative|2026-08-01|Thornal Kevin R|F|Common Stock|4266|92.68|D,2026-08-06 03:29:58+0000,ZBH,"ZIMMER BIOMET HOLDINGS, INC.",0001136869,4,2026-08-04,2026-08-01,0001783992-26-000004,https://www.sec.gov/Archives/edgar/data/1136869/000178399226000004/form4-08042026_080809.xml,nonDerivative,2026-08-01,F,Common Stock,4266,92.68,395372.88,5691,D,Thornal Kevin R,Grp Pres-Global Business,false,true,false,Grp Pres-Global Business,SEC EDGAR
ZBH|0001783992-26-000004|derivative|2026-08-01|Thornal Kevin R|M|Restricted Stock Units|9957|0|D,2026-08-06 03:29:58+0000,ZBH,"ZIMMER BIOMET HOLDINGS, INC.",0001136869,4,2026-08-04,2026-08-01,0001783992-26-000004,https://www.sec.gov/Archives/edgar/data/1136869/000178399226000004/form4-08042026_080809.xml,derivative,2026-08-01,M,Restricted Stock Units,9957,0,0.0,19913,D,Thornal Kevin R,Grp Pres-Global Business,false,true,false,Grp Pres-Global Business,SEC EDGAR
YUM|0001041061-26-000155|nonDerivative|2026-08-03|Russell David Eric|M|Common Stock|23163|68.00|D,2026-08-06 03:29:58+0000,YUM,YUM BRANDS INC,0001041061,4,2026-08-04,2026-08-03,0001041061-26-000155,https://www.sec.gov/Archives/edgar/data/1041061/000104106126000155/form4.xml,nonDerivative,2026-08-03,M,Common Stock,23163,68.00,1575084.0,35123,D,Russell David Eric,"Officer, Sr. Vice President, Controller",,1,,"Sr. Vice President, Controller",SEC EDGAR
YUM|0001041061-26-000155|nonDerivative|2026-08-03|Russell David Eric|D|Common Stock|15202|153.28|D,2026-08-06 03:29:58+0000,YUM,YUM BRANDS INC,0001041061,4,2026-08-04,2026-08-03,0001041061-26-000155,https://www.sec.gov/Archives/edgar/data/1041061/000104106126000155/form4.xml,nonDerivative,2026-08-03,D,Common Stock,15202,153.28,2330162.56,19921,D,Russell David Eric,"Officer, Sr. Vice President, Controller",,1,,"Sr. Vice President, Controller",SEC EDGAR
YUM|0001041061-26-000155|nonDerivative|2026-08-03|Russell David Eric|S|Common Stock|7961|153.15|D,2026-08-06 03:29:58+0000,YUM,YUM BRANDS INC,0001041061,4,2026-08-04,2026-08-03,0001041061-26-000155,https://www.sec.gov/Archives/edgar/data/1041061/000104106126000155/form4.xml,nonDerivative,2026-08-03,S,Common Stock,7961,153.15,1219227.1500000001,11960,D,Russell David Eric,"Officer, Sr. Vice President, Controller",,1,,"Sr. Vice President, Controller",SEC EDGAR
YUM|0001041061-26-000155|derivative|2026-08-03|Russell David Eric|M|Stock Appreciation Right|23163|0|D,2026-08-06 03:29:58+0000,YUM,YUM BRANDS INC,0001041061,4,2026-08-04,2026-08-03,0001041061-26-000155,https://www.sec.gov/Archives/edgar/data/1041061/000104106126000155/form4.xml,derivative,2026-08-03,M,Stock Appreciation Right,23163,0,0.0,0,D,Russell David Eric,"Officer, Sr. Vice President, Controller",,1,,"Sr. Vice President, Controller",SEC EDGAR
WSM|0000719955-26-000191|derivative|2026-08-03|Ready William J|A|Deferred Stock Units|127|0|D,2026-08-06 03:29:58+0000,WSM,WILLIAMS SONOMA INC,0000719955,4,2026-08-04,2026-08-03,0000719955-26-000191,https://www.sec.gov/Archives/edgar/data/719955/000071995526000191/form4.xml,derivative,2026-08-03,A,Deferred Stock Units,127,0,0.0,127,D,Ready William J,Director,1,,,,SEC EDGAR
WSM|0000719955-26-000192|nonDerivative|2026-08-03|Huffington Arianna|A|Common Stock|114|0|D,2026-08-06 03:29:58+0000,WSM,WILLIAMS SONOMA INC,0000719955,4,2026-08-04,2026-08-03,0000719955-26-000192,https://www.sec.gov/Archives/edgar/data/719955/000071995526000192/form4.xml,nonDerivative,2026-08-03,A,Common Stock,114,0,0.0,3254,D,Huffington Arianna,Director,1,,,,SEC EDGAR
WSM|0000719955-26-000189|derivative|2026-08-03|Campion Andrew|A|Deferred Stock Units|118|0|D,2026-08-06 03:29:58+0000,WSM,WILLIAMS SONOMA INC,0000719955,4,2026-08-04,2026-08-03,0000719955-26-000189,https://www.sec.gov/Archives/edgar/data/719955/000071995526000189/form4.xml,derivative,2026-08-03,A,Deferred Stock Units,118,0,0.0,118,D,Campion Andrew,Director,1,,,,SEC EDGAR
WSM|0000719955-26-000190|derivative|2026-08-03|Bracey Esi Eggleston|A|Deferred Stock Units|118|0|D,2026-08-06 03:29:58+0000,WSM,WILLIAMS SONOMA INC,0000719955,4,2026-08-04,2026-08-03,0000719955-26-000190,https://www.sec.gov/Archives/edgar/data/719955/000071995526000190/form4.xml,derivative,2026-08-03,A,Deferred Stock Units,118,0,0.0,118,D,Bracey Esi Eggleston,Director,1,,,,SEC EDGAR
WMT|0001579299-26-000022|nonDerivative|2026-08-03|Bartlett Daniel J|S|Common|3710|113.10|D,2026-08-06 03:29:58+0000,WMT,Walmart Inc.,0000104169,4,2026-08-04,2026-08-03,0001579299-26-000022,https://www.sec.gov/Archives/edgar/data/104169/000157929926000022/wk-form4_1785877710.xml,nonDerivative,2026-08-03,S,Common,3710,113.10,419601.0,626298.533,D,Bartlett Daniel J,"Officer, Executive Vice President",0,1,0,Executive Vice President,SEC EDGAR
WMB|0001703388-26-000021|nonDerivative|2026-08-03|Wilson Terrance Lane|S|Common Stock|2000|70.65|D,2026-08-06 03:29:58+0000,WMB,"WILLIAMS COMPANIES, INC.",0000107263,4,2026-08-04,2026-08-03,0001703388-26-000021,https://www.sec.gov/Archives/edgar/data/107263/000170338826000021/wk-form4_1785869394.xml,nonDerivative,2026-08-03,S,Common Stock,2000,70.65,141300.0,281159,D,Wilson Terrance Lane,"Officer, SVP & General Counsel",0,1,0,SVP & General Counsel,SEC EDGAR
VTR|0001952659-26-000007|nonDerivative|2026-08-01|Wattula Andy|A|Common Stock|10694|93.51|D,2026-08-06 03:29:58+0000,VTR,"Ventas, Inc.",0000740260,4,2026-08-04,2026-08-01,0001952659-26-000007,https://www.sec.gov/Archives/edgar/data/740260/000195265926000007/wk-form4_1785878305.xml,nonDerivative,2026-08-01,A,Common Stock,10694,93.51,999995.9400000001,10694,D,Wattula Andy,"Officer, EVP OM&R-Ventas/Pres&CEO-LHS",0,1,0,EVP OM&R-Ventas/Pres&CEO-LHS,SEC EDGAR
VTR|0001952659-26-000007|nonDerivative|2026-08-01|Wattula Andy|A|Common Stock|4314|93.51|D,2026-08-06 03:29:58+0000,VTR,"Ventas, Inc.",0000740260,4,2026-08-04,2026-08-01,0001952659-26-000007,https://www.sec.gov/Archives/edgar/data/740260/000195265926000007/wk-form4_1785878305.xml,nonDerivative,2026-08-01,A,Common Stock,4314,93.51,403402.14,15008,D,Wattula Andy,"Officer, EVP OM&R-Ventas/Pres&CEO-LHS",0,1,0,EVP OM&R-Ventas/Pres&CEO-LHS,SEC EDGAR
VRSN|0001624651-26-000041|nonDerivative|2026-08-03|Indelicarto Thomas C|S|Common Stock|500|292.20|D,2026-08-06 03:29:58+0000,VRSN,VERISIGN INC/CA,0001014473,4,2026-08-04,2026-08-03,0001624651-26-000041,https://www.sec.gov/Archives/edgar/data/1014473/000162465126000041/wk-form4_1785882757.xml,nonDerivative,2026-08-03,S,Common Stock,500,292.20,146100.0,35051.0439,D,Indelicarto Thomas C,"Officer, EVP, Gen Counsel & Secretary",0,1,0,"EVP, Gen Counsel & Secretary",SEC EDGAR
TSCO|0001327043-26-000006|nonDerivative|2026-08-03|Hawaux Andre J|P|Common stock|3150|31.83|I,2026-08-06 03:29:58+0000,TSCO,TRACTOR SUPPLY CO /DE/,0000916365,4,2026-08-04,2026-08-03,0001327043-26-000006,https://www.sec.gov/Archives/edgar/data/916365/000132704326000006/wk-form4_1785876173.xml,nonDerivative,2026-08-03,P,Common stock,3150,31.83,100264.5,3150,I,Hawaux Andre J,Director,1,0,0,,SEC EDGAR
TRGP|0001193125-26-332926|nonDerivative|2026-08-01|Shrader Gerald R|F|Common Stock|1718|270.37|D,2026-08-06 03:29:58+0000,TRGP,Targa Resources Corp.,0001389170,4,2026-08-04,2026-08-01,0001193125-26-332926,https://www.sec.gov/Archives/edgar/data/1389170/000119312526332926/ownership.xml,nonDerivative,2026-08-01,F,Common Stock,1718,270.37,464495.66000000003,33373,D,Shrader Gerald R,See Remarks,false,true,false,See Remarks,SEC EDGAR
TRGP|0001193125-26-332928|nonDerivative|2026-08-01|Eklof John Christopher|F|Common Stock|578|270.37|D,2026-08-06 03:29:58+0000,TRGP,Targa Resources Corp.,0001389170,4,2026-08-04,2026-08-01,0001193125-26-332928,https://www.sec.gov/Archives/edgar/data/1389170/000119312526332928/ownership.xml,nonDerivative,2026-08-01,F,Common Stock,578,270.37,156273.86000000002,13508,D,Eklof John Christopher,Senior VP and CAO,false,true,false,Senior VP and CAO,SEC EDGAR
TRGP|0001193125-26-332932|nonDerivative|2026-08-01|Branstetter Benjamin James|F|Common Stock|1346|270.37|D,2026-08-06 03:29:58+0000,TRGP,Targa Resources Corp.,0001389170,4,2026-08-04,2026-08-01,0001193125-26-332932,https://www.sec.gov/Archives/edgar/data/1389170/000119312526332932/ownership.xml,nonDerivative,2026-08-01,F,Common Stock,1346,270.37,363918.02,27941.8235,D,Branstetter Benjamin James,See Remarks,false,true,false,See Remarks,SEC EDGAR
TPL|0001437749-26-025589|nonDerivative|2026-08-03|HORIZON KINETICS ASSET MANAGEMENT LLC|P|Common Stock|1|392.66|D,2026-08-06 03:29:58+0000,TPL,Texas Pacific Land Corp,0001811074,4,2026-08-04,2026-08-03,0001437749-26-025589,https://www.sec.gov/Archives/edgar/data/1811074/000143774926025589/rdgdoc.xml,nonDerivative,2026-08-03,P,Common Stock,1,392.66,392.66,3244001,D,HORIZON KINETICS ASSET MANAGEMENT LLC,10% Owner,,,1,,SEC EDGAR
TMUS|0001283699-26-000106|nonDerivative|2026-08-01|Sambar Christopher|A|Common Stock|40966|0|D,2026-08-06 03:29:58+0000,TMUS,"T-Mobile US, Inc.",0001283699,4,2026-08-04,2026-08-01,0001283699-26-000106,https://www.sec.gov/Archives/edgar/data/1283699/000128369926000106/wk-form4_1785876250.xml,nonDerivative,2026-08-01,A,Common Stock,40966,0,0.0,40966,D,Sambar Christopher,"Officer, Chief Enterprise Officer",0,1,0,Chief Enterprise Officer,SEC EDGAR
TGT|0001321400-26-000005|nonDerivative|2026-08-03|DePinto Joseph Michael|A|Common Stock|1007|0|D,2026-08-06 03:29:58+0000,TGT,TARGET CORP,0000027419,4,2026-08-04,2026-08-03,0001321400-26-000005,https://www.sec.gov/Archives/edgar/data/27419/000132140026000005/wk-form4_1785877757.xml,nonDerivative,2026-08-03,A,Common Stock,1007,0,0.0,1007,D,DePinto Joseph Michael,Director,1,0,0,,SEC EDGAR
TFC|0001681329-26-000006|nonDerivative|2026-07-31|Wilson Donta L|S|Common Stock|13280.0000|51.8538|D,2026-08-06 03:29:58+0000,TFC,TRUIST FINANCIAL CORP,0000092230,4,2026-08-04,2026-07-31,0001681329-26-000006,https://www.sec.gov/Archives/edgar/data/92230/000168132926000006/f4_a1eus000009ucsimas-live.xml,nonDerivative,2026-07-31,S,Common Stock,13280.0000,51.8538,688618.464,56009.0990,D,Wilson Donta L,Chief Consumer & SB BK Officer,false,true,false,Chief Consumer & SB BK Officer,SEC EDGAR
TER|0000904454-26-000430|nonDerivative|2026-08-03|JOHNSON MERCEDES|S|Common Stock|166|358.15|D,2026-08-06 03:29:58+0000,TER,"TERADYNE, INC",0000097210,4,2026-08-04,2026-08-03,0000904454-26-000430,https://www.sec.gov/Archives/edgar/data/97210/000090445426000430/edgar.xml,nonDerivative,2026-08-03,S,Common Stock,166,358.15,59452.899999999994,6531,D,JOHNSON MERCEDES,Director,1,0,0,,SEC EDGAR
T|0000732717-26-000321|derivative|2026-07-31|Ubinas Luis A|A|Deferred Stock Units|869.0834|23.25|I,2026-08-06 03:29:58+0000,T,AT&T INC.,0000732717,4,2026-08-04,2026-07-31,0000732717-26-000321,https://www.sec.gov/Archives/edgar/data/732717/000073271726000321/form4.xml,derivative,2026-07-31,A,Deferred Stock Units,869.0834,23.25,20206.18905,73684.1809,I,Ubinas Luis A,Director,1,,,,SEC EDGAR
T|0000732717-26-000320|derivative|2026-07-31|TAYLOR CINDY B|A|Deferred Stock Units|2666.9601|23.25|I,2026-08-06 03:29:58+0000,T,AT&T INC.,0000732717,4,2026-08-04,2026-07-31,0000732717-26-000320,https://www.sec.gov/Archives/edgar/data/732717/000073271726000320/form4.xml,derivative,2026-07-31,A,Deferred Stock Units,2666.9601,23.25,62006.822324999994,226114.9709,I,TAYLOR CINDY B,Director,1,,,,SEC EDGAR
T|0000732717-26-000312|nonDerivative|2026-07-31|Sabrina Sanders S|A|Common Stock|167.806|23.25|I,2026-08-06 03:29:58+0000,T,AT&T INC.,0000732717,4,2026-08-04,2026-07-31,0000732717-26-000312,https://www.sec.gov/Archives/edgar/data/732717/000073271726000312/form4.xml,nonDerivative,2026-07-31,A,Common Stock,167.806,23.25,3901.4895,2421.718,I,Sabrina Sanders S,"Officer, SVP-ChiefActngOfcr&Controller",,1,,SVP-ChiefActngOfcr&Controller,SEC EDGAR
T|0000732717-26-000325|nonDerivative|2026-07-31|STANKEY JOHN T|A|Common Stock|927.915|23.25|I,2026-08-06 03:29:58+0000,T,AT&T INC.,0000732717,4,2026-08-04,2026-07-31,0000732717-26-000325,https://www.sec.gov/Archives/edgar/data/732717/000073271726000325/form4.xml,nonDerivative,2026-07-31,A,Common Stock,927.915,23.25,21574.02375,78672.116,I,STANKEY JOHN T,"Director, Officer, CEO & President",1,1,,CEO & President,SEC EDGAR
T|0000732717-26-000319|derivative|2026-07-31|ROSE MATTHEW K|A|Deferred Stock Units|4238.2967|23.25|I,2026-08-06 03:29:58+0000,T,AT&T INC.,0000732717,4,2026-08-04,2026-07-31,0000732717-26-000319,https://www.sec.gov/Archives/edgar/data/732717/000073271726000319/form4.xml,derivative,2026-07-31,A,Deferred Stock Units,4238.2967,23.25,98540.398275,359338.827,I,ROSE MATTHEW K,Director,1,,,,SEC EDGAR
T|0000732717-26-000322|nonDerivative|2026-07-31|McElfresh Jeffery S.|A|Common Stock|2690.053|23.25|I,2026-08-06 03:29:58+0000,T,AT&T INC.,0000732717,4,2026-08-04,2026-07-31,0000732717-26-000322,https://www.sec.gov/Archives/edgar/data/732717/000073271726000322/form4.xml,nonDerivative,2026-07-31,A,Common Stock,2690.053,23.25,62543.73225,183027.747,I,McElfresh Jeffery S.,"Officer, Chief Operating Officer",,1,,Chief Operating Officer,SEC EDGAR
T|0000732717-26-000318|derivative|2026-07-31|MOONEY BETH E|A|Deferred Stock Units|2340.15|23.25|I,2026-08-06 03:29:58+0000,T,AT&T INC.,0000732717,4,2026-08-04,2026-07-31,0000732717-26-000318,https://www.sec.gov/Archives/edgar/data/732717/000073271726000318/form4.xml,derivative,2026-07-31,A,Deferred Stock Units,2340.15,23.25,54408.4875,198406.7752,I,MOONEY BETH E,Director,1,,,,SEC EDGAR
T|0000732717-26-000317|derivative|2026-07-31|MCCALLISTER MICHAEL B|A|Deferred Stock Units|1973.5916|23.25|I,2026-08-06 03:29:58+0000,T,AT&T INC.,0000732717,4,2026-08-04,2026-07-31,0000732717-26-000317,https://www.sec.gov/Archives/edgar/data/732717/000073271726000317/form4.xml,derivative,2026-07-31,A,Deferred Stock Units,1973.5916,23.25,45886.0047,167328.5601,I,MCCALLISTER MICHAEL B,Director,1,,,,SEC EDGAR
T|0000732717-26-000316|derivative|2026-07-31|MAYER MARISSA A|A|Deferred Stock Units|543.3257|23.25|I,2026-08-06 03:29:58+0000,T,AT&T INC.,0000732717,4,2026-08-04,2026-07-31,0000732717-26-000316,https://www.sec.gov/Archives/edgar/data/732717/000073271726000316/form4.xml,derivative,2026-07-31,A,Deferred Stock Units,543.3257,23.25,12632.322525,46065.2057,I,MAYER MARISSA A,Director,1,,,,SEC EDGAR
T|0000732717-26-000323|nonDerivative|2026-07-31|Lee Lori M|A|Common Stock|499.616|23.25|I,2026-08-06 03:29:58+0000,T,AT&T INC.,0000732717,4,2026-08-04,2026-07-31,0000732717-26-000323,https://www.sec.gov/Archives/edgar/data/732717/000073271726000323/form4.xml,nonDerivative,2026-07-31,A,Common Stock,499.616,23.25,11616.072,9926.969,I,Lee Lori M,"Officer, Global Mktg Ofr & SEVP Intl",,1,,Global Mktg Ofr & SEVP Intl,SEC EDGAR
T|0000732717-26-000315|derivative|2026-07-31|LUCZO STEPHEN J|A|Deferred Stock Units|1715.7077|23.25|I,2026-08-06 03:29:58+0000,T,AT&T INC.,0000732717,4,2026-08-04,2026-07-31,0000732717-26-000315,https://www.sec.gov/Archives/edgar/data/732717/000073271726000315/form4.xml,derivative,2026-07-31,A,Deferred Stock Units,1715.7077,23.25,39890.204025,145464.1927,I,LUCZO STEPHEN J,Director,1,,,,SEC EDGAR
T|0000732717-26-000314|derivative|2026-07-31|Kennard William E|A|Deferred Stock Units|1727.7629|23.25|I,2026-08-06 03:29:58+0000,T,AT&T INC.,0000732717,4,2026-08-04,2026-07-31,0000732717-26-000314,https://www.sec.gov/Archives/edgar/data/732717/000073271726000314/form4.xml,derivative,2026-07-31,A,Deferred Stock Units,1727.7629,23.25,40170.487425,146486.2748,I,Kennard William E,Director,1,,,,SEC EDGAR
T|0000732717-26-000313|derivative|2026-07-31|Grier Kelly J|A|Deferred Stock Units|178.0438|23.25|I,2026-08-06 03:29:58+0000,T,AT&T INC.,0000732717,4,2026-08-04,2026-07-31,0000732717-26-000313,https://www.sec.gov/Archives/edgar/data/732717/000073271726000313/form4.xml,derivative,2026-07-31,A,Deferred Stock Units,178.0438,23.25,4139.51835,15095.226,I,Grier Kelly J,Director,1,,,,SEC EDGAR
T|0000732717-26-000324|nonDerivative|2026-07-31|Desroches Pascal|A|Common Stock|3487.472|23.25|I,2026-08-06 03:29:58+0000,T,AT&T INC.,0000732717,4,2026-08-04,2026-07-31,0000732717-26-000324,https://www.sec.gov/Archives/edgar/data/732717/000073271726000324/form4.xml,nonDerivative,2026-07-31,A,Common Stock,3487.472,23.25,81083.724,134269.572,I,Desroches Pascal,"Officer, Sr. Exec VP and CFO",,1,,Sr. Exec VP and CFO,SEC EDGAR
SYY|0002119429-26-000005|nonDerivative|2026-07-31|Sewell Brandon Elliot|A|Common Stock|739.773|84.71|D,2026-08-06 03:29:58+0000,SYY,SYSCO CORP,0000096021,4,2026-08-04,2026-07-31,0002119429-26-000005,https://www.sec.gov/Archives/edgar/data/96021/000211942926000005/wk-form4_1785875349.xml,nonDerivative,2026-07-31,A,Common Stock,739.773,84.71,62666.170829999995,5017.425,D,Sewell Brandon Elliot,"Officer, Interim CFO",0,1,0,Interim CFO,SEC EDGAR
SYY|0002119429-26-000005|nonDerivative|2026-07-31|Sewell Brandon Elliot|F|Common Stock|181|84.71|D,2026-08-06 03:29:58+0000,SYY,SYSCO CORP,0000096021,4,2026-08-04,2026-07-31,0002119429-26-000005,https://www.sec.gov/Archives/edgar/data/96021/000211942926000005/wk-form4_1785875349.xml,nonDerivative,2026-07-31,F,Common Stock,181,84.71,15332.509999999998,4836.425,D,Sewell Brandon Elliot,"Officer, Interim CFO",0,1,0,Interim CFO,SEC EDGAR
SYY|0001861524-26-000005|nonDerivative|2026-07-31|Phillips Ronald L|A|Common Stock|6435.433|84.71|D,2026-08-06 03:29:58+0000,SYY,SYSCO CORP,0000096021,4,2026-08-04,2026-07-31,0001861524-26-000005,https://www.sec.gov/Archives/edgar/data/96021/000186152426000005/wk-form4_1785875365.xml,nonDerivative,2026-07-31,A,Common Stock,6435.433,84.71,545145.52943,42503.664,D,Phillips Ronald L,"Officer, EVP and CHRO",0,1,0,EVP and CHRO,SEC EDGAR
SYY|0001861524-26-000005|nonDerivative|2026-07-31|Phillips Ronald L|F|Common Stock|2534|84.71|D,2026-08-06 03:29:58+0000,SYY,SYSCO CORP,0000096021,4,2026-08-04,2026-07-31,0001861524-26-000005,https://www.sec.gov/Archives/edgar/data/96021/000186152426000005/wk-form4_1785875365.xml,nonDerivative,2026-07-31,F,Common Stock,2534,84.71,214655.13999999998,39969.664,D,Phillips Ronald L,"Officer, EVP and CHRO",0,1,0,EVP and CHRO,SEC EDGAR
SYY|0001768282-26-000003|nonDerivative|2026-07-31|Keller Gregory Scott|A|Common Stock|3771.788|84.71|D,2026-08-06 03:29:58+0000,SYY,SYSCO CORP,0000096021,4,2026-08-04,2026-07-31,0001768282-26-000003,https://www.sec.gov/Archives/edgar/data/96021/000176828226000003/wk-form4_1785875379.xml,nonDerivative,2026-07-31,A,Common Stock,3771.788,84.71,319508.16147999995,24588.809,D,Keller Gregory Scott,"Officer, EVP",0,1,0,EVP,SEC EDGAR
SYY|0001768282-26-000003|nonDerivative|2026-07-31|Keller Gregory Scott|F|Common Stock|1485|84.71|D,2026-08-06 03:29:58+0000,SYY,SYSCO CORP,0000096021,4,2026-08-04,2026-07-31,0001768282-26-000003,https://www.sec.gov/Archives/edgar/data/96021/000176828226000003/wk-form4_1785875379.xml,nonDerivative,2026-07-31,F,Common Stock,1485,84.71,125794.34999999999,23103.809,D,Keller Gregory Scott,"Officer, EVP",0,1,0,EVP,SEC EDGAR
SYY|0001885927-26-000003|nonDerivative|2026-07-31|Johnson Jennifer L|A|Common Stock|3378.29|84.71|D,2026-08-06 03:29:58+0000,SYY,SYSCO CORP,0000096021,4,2026-08-04,2026-07-31,0001885927-26-000003,https://www.sec.gov/Archives/edgar/data/96021/000188592726000003/wk-form4_1785875394.xml,nonDerivative,2026-07-31,A,Common Stock,3378.29,84.71,286174.9459,18108.29,D,Johnson Jennifer L,"Officer, SVP and CAO",0,1,0,SVP and CAO,SEC EDGAR
SYY|0001885927-26-000003|nonDerivative|2026-07-31|Johnson Jennifer L|F|Common Stock|1150|84.71|D,2026-08-06 03:29:58+0000,SYY,SYSCO CORP,0000096021,4,2026-08-04,2026-07-31,0001885927-26-000003,https://www.sec.gov/Archives/edgar/data/96021/000188592726000003/wk-form4_1785875394.xml,nonDerivative,2026-07-31,F,Common Stock,1150,84.71,97416.5,16958.29,D,Johnson Jennifer L,"Officer, SVP and CAO",0,1,0,SVP and CAO,SEC EDGAR
SYY|0001741853-26-000003|nonDerivative|2026-07-31|Hourican Kevin|A|Common Stock|36855.34|84.71|D,2026-08-06 03:29:58+0000,SYY,SYSCO CORP,0000096021,4,2026-08-04,2026-07-31,0001741853-26-000003,https://www.sec.gov/Archives/edgar/data/96021/000174185326000003/wk-form4_1785875407.xml,nonDerivative,2026-07-31,A,Common Stock,36855.34,84.71,3122015.8513999996,501950.393,D,Hourican Kevin,"Director, Officer, Chair and CEO",1,1,0,Chair and CEO,SEC EDGAR
SYY|0001741853-26-000003|nonDerivative|2026-07-31|Hourican Kevin|F|Common Stock|14503|84.71|D,2026-08-06 03:29:58+0000,SYY,SYSCO CORP,0000096021,4,2026-08-04,2026-07-31,0001741853-26-000003,https://www.sec.gov/Archives/edgar/data/96021/000174185326000003/wk-form4_1785875407.xml,nonDerivative,2026-07-31,F,Common Stock,14503,84.71,1228549.13,487447.393,D,Hourican Kevin,"Director, Officer, Chair and CEO",1,1,0,Chair and CEO,SEC EDGAR
SYY|0002120465-26-000008|nonDerivative|2026-07-31|Higgs Stephen Dale|A|Common Stock|3290.375|84.71|D,2026-08-06 03:29:58+0000,SYY,SYSCO CORP,0000096021,4,2026-08-04,2026-07-31,0002120465-26-000008,https://www.sec.gov/Archives/edgar/data/96021/000212046526000008/wk-form4_1785875445.xml,nonDerivative,2026-07-31,A,Common Stock,3290.375,84.71,278727.66624999995,11358.18,D,Higgs Stephen Dale,"Officer, SVP",0,1,0,SVP,SEC EDGAR
SYY|0002120465-26-000008|nonDerivative|2026-07-31|Higgs Stephen Dale|F|Common Stock|1296|84.71|D,2026-08-06 03:29:58+0000,SYY,SYSCO CORP,0000096021,4,2026-08-04,2026-07-31,0002120465-26-000008,https://www.sec.gov/Archives/edgar/data/96021/000212046526000008/wk-form4_1785875445.xml,nonDerivative,2026-07-31,F,Common Stock,1296,84.71,109784.15999999999,10062.18,D,Higgs Stephen Dale,"Officer, SVP",0,1,0,SVP,SEC EDGAR
SYY|0002095080-26-000003|nonDerivative|2026-07-31|Garrett Brenna C|A|Common Stock|1460.788|84.71|D,2026-08-06 03:29:58+0000,SYY,SYSCO CORP,0000096021,4,2026-08-04,2026-07-31,0002095080-26-000003,https://www.sec.gov/Archives/edgar/data/96021/000209508026000003/wk-form4_1785875457.xml,nonDerivative,2026-07-31,A,Common Stock,1460.788,84.71,123743.35148,8994.135,D,Garrett Brenna C,"Officer, SVP, CCO",0,1,0,"SVP, CCO",SEC EDGAR
SYY|0002095080-26-000003|nonDerivative|2026-07-31|Garrett Brenna C|F|Common Stock|357|84.71|D,2026-08-06 03:29:58+0000,SYY,SYSCO CORP,0000096021,4,2026-08-04,2026-07-31,0002095080-26-000003,https://www.sec.gov/Archives/edgar/data/96021/000209508026000003/wk-form4_1785875457.xml,nonDerivative,2026-07-31,F,Common Stock,357,84.71,30241.469999999998,8637.135,D,Garrett Brenna C,"Officer, SVP, CCO",0,1,0,"SVP, CCO",SEC EDGAR
SYK|0002063975-26-000003|nonDerivative|2026-08-01|Montagnino Kimberly Ann|F|Common Stock|155|325.70|D,2026-08-06 03:29:58+0000,SYK,STRYKER CORP,0000310764,4,2026-08-04,2026-08-01,0002063975-26-000003,https://www.sec.gov/Archives/edgar/data/310764/000206397526000003/wk-form4_1785884518.xml,nonDerivative,2026-08-01,F,Common Stock,155,325.70,50483.5,1717,D,Montagnino Kimberly Ann,"Officer, VP, Chief Comm. Officer",0,1,0,"VP, Chief Comm. Officer",SEC EDGAR
SYK|0002055817-26-000003|nonDerivative|2026-08-01|King Debra|F|Common Stock|533|325.70|D,2026-08-06 03:29:58+0000,SYK,STRYKER CORP,0000310764,4,2026-08-04,2026-08-01,0002055817-26-000003,https://www.sec.gov/Archives/edgar/data/310764/000205581726000003/wk-form4_1785884367.xml,nonDerivative,2026-08-01,F,Common Stock,533,325.70,173598.1,7036,D,King Debra,"Officer, See Remarks",0,1,0,See Remarks,SEC EDGAR
SYK|0001775075-26-000005|nonDerivative|2026-08-01|Fletcher Robert S|F|Common Stock|94|325.70|D,2026-08-06 03:29:58+0000,SYK,STRYKER CORP,0000310764,4,2026-08-04,2026-08-01,0001775075-26-000005,https://www.sec.gov/Archives/edgar/data/310764/000177507526000005/wk-form4_1785884189.xml,nonDerivative,2026-08-01,F,Common Stock,94,325.70,30615.8,10488,D,Fletcher Robert S,"Officer, VP, Chief Legal Officer",0,1,0,"VP, Chief Legal Officer",SEC EDGAR
SYK|0001663095-26-000005|nonDerivative|2026-08-01|Fink M Kathryn|F|Common Stock|111|325.70|D,2026-08-06 03:29:58+0000,SYK,STRYKER CORP,0000310764,4,2026-08-04,2026-08-01,0001663095-26-000005,https://www.sec.gov/Archives/edgar/data/310764/000166309526000005/wk-form4_1785883982.xml,nonDerivative,2026-08-01,F,Common Stock,111,325.70,36152.7,13027,D,Fink M Kathryn,"Officer, VP, Chief HR Officer",0,1,0,"VP, Chief HR Officer",SEC EDGAR
SYF|0002032280-26-000007|nonDerivative|2026-07-31|Tiliakos Amy|F|Common Stock|1738|75.79|D,2026-08-06 03:29:58+0000,SYF,Synchrony Financial,0001601712,4,2026-08-04,2026-07-31,0002032280-26-000007,https://www.sec.gov/Archives/edgar/data/1601712/000203228026000007/wk-form4_1785874129.xml,nonDerivative,2026-07-31,F,Common Stock,1738,75.79,131723.02000000002,19900,D,Tiliakos Amy,"Officer, See remarks",0,1,0,See remarks,SEC EDGAR
SYF|0002032277-26-000009|nonDerivative|2026-07-31|Owens Darrell|F|Common Stock|486|75.79|D,2026-08-06 03:29:58+0000,SYF,Synchrony Financial,0001601712,4,2026-08-04,2026-07-31,0002032277-26-000009,https://www.sec.gov/Archives/edgar/data/1601712/000203227726000009/wk-form4_1785874124.xml,nonDerivative,2026-07-31,F,Common Stock,486,75.79,36833.94,17020,D,Owens Darrell,"Officer, See remarks",0,1,0,See remarks,SEC EDGAR
SYF|0002032277-26-000009|nonDerivative|2026-08-03|Owens Darrell|S|Common Stock|610|76.73|D,2026-08-06 03:29:58+0000,SYF,Synchrony Financial,0001601712,4,2026-08-04,2026-07-31,0002032277-26-000009,https://www.sec.gov/Archives/edgar/data/1601712/000203227726000009/wk-form4_1785874124.xml,nonDerivative,2026-08-03,S,Common Stock,610,76.73,46805.3,16410,D,Owens Darrell,"Officer, See remarks",0,1,0,See remarks,SEC EDGAR
SYF|0002032281-26-000009|nonDerivative|2026-07-31|Gentleman Courtney|F|Common Stock|574|75.79|D,2026-08-06 03:29:58+0000,SYF,Synchrony Financial,0001601712,4,2026-08-04,2026-07-31,0002032281-26-000009,https://www.sec.gov/Archives/edgar/data/1601712/000203228126000009/wk-form4_1785874118.xml,nonDerivative,2026-07-31,F,Common Stock,574,75.79,43503.46000000001,19341,D,Gentleman Courtney,"Officer, See remarks",0,1,0,See remarks,SEC EDGAR
SYF|0002032281-26-000009|nonDerivative|2026-08-03|Gentleman Courtney|S|Common Stock|721|76.73|D,2026-08-06 03:29:58+0000,SYF,Synchrony Financial,0001601712,4,2026-08-04,2026-07-31,0002032281-26-000009,https://www.sec.gov/Archives/edgar/data/1601712/000203228126000009/wk-form4_1785874118.xml,nonDerivative,2026-08-03,S,Common Stock,721,76.73,55322.33,18620,D,Gentleman Courtney,"Officer, See remarks",0,1,0,See remarks,SEC EDGAR
SYF|0001206587-26-000016|nonDerivative|2026-08-03|COVIELLO ARTHUR W JR|S|Common Stock|4000|77.17|D,2026-08-06 03:29:58+0000,SYF,Synchrony Financial,0001601712,4,2026-08-04,2026-08-03,0001206587-26-000016,https://www.sec.gov/Archives/edgar/data/1601712/000120658726000016/wk-form4_1785874110.xml,nonDerivative,2026-08-03,S,Common Stock,4000,77.17,308680.0,26144,D,COVIELLO ARTHUR W JR,Director,1,0,0,,SEC EDGAR
STX|0001137789-26-000165|nonDerivative|2026-08-03|Morris John Christopher|S|Ordinary Shares|168|817.76|D,2026-08-06 03:29:58+0000,STX,Seagate Technology Holdings plc,0001137789,4,2026-08-04,2026-08-03,0001137789-26-000165,https://www.sec.gov/Archives/edgar/data/1137789/000113778926000165/wk-form4_1785881385.xml,nonDerivative,2026-08-03,S,Ordinary Shares,168,817.76,137383.68,11920.25,D,Morris John Christopher,"Officer, EVP & CTO",0,1,0,EVP & CTO,SEC EDGAR
STX|0001137789-26-000164|nonDerivative|2026-08-03|MOSLEY WILLIAM D|S|Ordinary Shares|400|819.412|D,2026-08-06 03:29:58+0000,STX,Seagate Technology Holdings plc,0001137789,4,2026-08-04,2026-08-03,0001137789-26-000164,https://www.sec.gov/Archives/edgar/data/1137789/000113778926000164/wk-form4_1785881377.xml,nonDerivative,2026-08-03,S,Ordinary Shares,400,819.412,327764.8,312197,D,MOSLEY WILLIAM D,"Director, Officer, CEO",1,1,0,CEO,SEC EDGAR
STX|0001137789-26-000164|nonDerivative|2026-08-03|MOSLEY WILLIAM D|S|Ordinary Shares|520|820.3454|D,2026-08-06 03:29:58+0000,STX,Seagate Technology Holdings plc,0001137789,4,2026-08-04,2026-08-03,0001137789-26-000164,https://www.sec.gov/Archives/edgar/data/1137789/000113778926000164/wk-form4_1785881377.xml,nonDerivative,2026-08-03,S,Ordinary Shares,520,820.3454,426579.608,311677,D,MOSLEY WILLIAM D,"Director, Officer, CEO",1,1,0,CEO,SEC EDGAR
STX|0001137789-26-000164|nonDerivative|2026-08-03|MOSLEY WILLIAM D|S|Ordinary Shares|575|821.4594|D,2026-08-06 03:29:58+0000,STX,Seagate Technology Holdings plc,0001137789,4,2026-08-04,2026-08-03,0001137789-26-000164,https://www.sec.gov/Archives/edgar/data/1137789/000113778926000164/wk-form4_1785881377.xml,nonDerivative,2026-08-03,S,Ordinary Shares,575,821.4594,472339.15499999997,311102,D,MOSLEY WILLIAM D,"Director, Officer, CEO",1,1,0,CEO,SEC EDGAR
STX|0001137789-26-000164|nonDerivative|2026-08-03|MOSLEY WILLIAM D|S|Ordinary Shares|840|822.5562|D,2026-08-06 03:29:58+0000,STX,Seagate Technology Holdings plc,0001137789,4,2026-08-04,2026-08-03,0001137789-26-000164,https://www.sec.gov/Archives/edgar/data/1137789/000113778926000164/wk-form4_1785881377.xml,nonDerivative,2026-08-03,S,Ordinary Shares,840,822.5562,690947.208,310262,D,MOSLEY WILLIAM D,"Director, Officer, CEO",1,1,0,CEO,SEC EDGAR
STX|0001137789-26-000164|nonDerivative|2026-08-03|MOSLEY WILLIAM D|S|Ordinary Shares|1120|823.4571|D,2026-08-06 03:29:58+0000,STX,Seagate Technology Holdings plc,0001137789,4,2026-08-04,2026-08-03,0001137789-26-000164,https://www.sec.gov/Archives/edgar/data/1137789/000113778926000164/wk-form4_1785881377.xml,nonDerivative,2026-08-03,S,Ordinary Shares,1120,823.4571,922271.9519999999,309142,D,MOSLEY WILLIAM D,"Director, Officer, CEO",1,1,0,CEO,SEC EDGAR
STX|0001137789-26-000164|nonDerivative|2026-08-03|MOSLEY WILLIAM D|S|Ordinary Shares|1600|824.5711|D,2026-08-06 03:29:58+0000,STX,Seagate Technology Holdings plc,0001137789,4,2026-08-04,2026-08-03,0001137789-26-000164,https://www.sec.gov/Archives/edgar/data/1137789/000113778926000164/wk-form4_1785881377.xml,nonDerivative,2026-08-03,S,Ordinary Shares,1600,824.5711,1319313.76,307542,D,MOSLEY WILLIAM D,"Director, Officer, CEO",1,1,0,CEO,SEC EDGAR
STX|0001137789-26-000164|nonDerivative|2026-08-03|MOSLEY WILLIAM D|S|Ordinary Shares|1280|825.6356|D,2026-08-06 03:29:58+0000,STX,Seagate Technology Holdings plc,0001137789,4,2026-08-04,2026-08-03,0001137789-26-000164,https://www.sec.gov/Archives/edgar/data/1137789/000113778926000164/wk-form4_1785881377.xml,nonDerivative,2026-08-03,S,Ordinary Shares,1280,825.6356,1056813.568,306262,D,MOSLEY WILLIAM D,"Director, Officer, CEO",1,1,0,CEO,SEC EDGAR
STX|0001137789-26-000164|nonDerivative|2026-08-03|MOSLEY WILLIAM D|S|Ordinary Shares|1985|826.7609|D,2026-08-06 03:29:58+0000,STX,Seagate Technology Holdings plc,0001137789,4,2026-08-04,2026-08-03,0001137789-26-000164,https://www.sec.gov/Archives/edgar/data/1137789/000113778926000164/wk-form4_1785881377.xml,nonDerivative,2026-08-03,S,Ordinary Shares,1985,826.7609,1641120.3865,304277,D,MOSLEY WILLIAM D,"Director, Officer, CEO",1,1,0,CEO,SEC EDGAR
STX|0001137789-26-000164|nonDerivative|2026-08-03|MOSLEY WILLIAM D|S|Ordinary Shares|1799|827.6701|D,2026-08-06 03:29:58+0000,STX,Seagate Technology Holdings plc,0001137789,4,2026-08-04,2026-08-03,0001137789-26-000164,https://www.sec.gov/Archives/edgar/data/1137789/000113778926000164/wk-form4_1785881377.xml,nonDerivative,2026-08-03,S,Ordinary Shares,1799,827.6701,1488978.5099000002,302478,D,MOSLEY WILLIAM D,"Director, Officer, CEO",1,1,0,CEO,SEC EDGAR
STX|0001137789-26-000164|nonDerivative|2026-08-03|MOSLEY WILLIAM D|S|Ordinary Shares|1641|828.5955|D,2026-08-06 03:29:58+0000,STX,Seagate Technology Holdings plc,0001137789,4,2026-08-04,2026-08-03,0001137789-26-000164,https://www.sec.gov/Archives/edgar/data/1137789/000113778926000164/wk-form4_1785881377.xml,nonDerivative,2026-08-03,S,Ordinary Shares,1641,828.5955,1359725.2155,300837,D,MOSLEY WILLIAM D,"Director, Officer, CEO",1,1,0,CEO,SEC EDGAR
STX|0001137789-26-000164|nonDerivative|2026-08-03|MOSLEY WILLIAM D|S|Ordinary Shares|1619|829.7847|D,2026-08-06 03:29:58+0000,STX,Seagate Technology Holdings plc,0001137789,4,2026-08-04,2026-08-03,0001137789-26-000164,https://www.sec.gov/Archives/edgar/data/1137789/000113778926000164/wk-form4_1785881377.xml,nonDerivative,2026-08-03,S,Ordinary Shares,1619,829.7847,1343421.4293,299218,D,MOSLEY WILLIAM D,"Director, Officer, CEO",1,1,0,CEO,SEC EDGAR
STX|0001137789-26-000164|nonDerivative|2026-08-03|MOSLEY WILLIAM D|S|Ordinary Shares|1960|830.8345|D,2026-08-06 03:29:58+0000,STX,Seagate Technology Holdings plc,0001137789,4,2026-08-04,2026-08-03,0001137789-26-000164,https://www.sec.gov/Archives/edgar/data/1137789/000113778926000164/wk-form4_1785881377.xml,nonDerivative,2026-08-03,S,Ordinary Shares,1960,830.8345,1628435.62,297258,D,MOSLEY WILLIAM D,"Director, Officer, CEO",1,1,0,CEO,SEC EDGAR
STX|0001137789-26-000164|nonDerivative|2026-08-03|MOSLEY WILLIAM D|S|Ordinary Shares|320|832.0238|D,2026-08-06 03:29:58+0000,STX,Seagate Technology Holdings plc,0001137789,4,2026-08-04,2026-08-03,0001137789-26-000164,https://www.sec.gov/Archives/edgar/data/1137789/000113778926000164/wk-form4_1785881377.xml,nonDerivative,2026-08-03,S,Ordinary Shares,320,832.0238,266247.61600000004,296938,D,MOSLEY WILLIAM D,"Director, Officer, CEO",1,1,0,CEO,SEC EDGAR
STX|0001137789-26-000164|nonDerivative|2026-08-03|MOSLEY WILLIAM D|S|Ordinary Shares|400|832.7258|D,2026-08-06 03:29:58+0000,STX,Seagate Technology Holdings plc,0001137789,4,2026-08-04,2026-08-03,0001137789-26-000164,https://www.sec.gov/Archives/edgar/data/1137789/000113778926000164/wk-form4_1785881377.xml,nonDerivative,2026-08-03,S,Ordinary Shares,400,832.7258,333090.32,296538,D,MOSLEY WILLIAM D,"Director, Officer, CEO",1,1,0,CEO,SEC EDGAR
STX|0001137789-26-000164|nonDerivative|2026-08-03|MOSLEY WILLIAM D|S|Ordinary Shares|200|833.9087|D,2026-08-06 03:29:58+0000,STX,Seagate Technology Holdings plc,0001137789,4,2026-08-04,2026-08-03,0001137789-26-000164,https://www.sec.gov/Archives/edgar/data/1137789/000113778926000164/wk-form4_1785881377.xml,nonDerivative,2026-08-03,S,Ordinary Shares,200,833.9087,166781.74,296338,D,MOSLEY WILLIAM D,"Director, Officer, CEO",1,1,0,CEO,SEC EDGAR
STX|0001137789-26-000164|nonDerivative|2026-08-03|MOSLEY WILLIAM D|S|Ordinary Shares|181|835.0597|D,2026-08-06 03:29:58+0000,STX,Seagate Technology Holdings plc,0001137789,4,2026-08-04,2026-08-03,0001137789-26-000164,https://www.sec.gov/Archives/edgar/data/1137789/000113778926000164/wk-form4_1785881377.xml,nonDerivative,2026-08-03,S,Ordinary Shares,181,835.0597,151145.8057,296157,D,MOSLEY WILLIAM D,"Director, Officer, CEO",1,1,0,CEO,SEC EDGAR
STX|0001137789-26-000164|nonDerivative|2026-08-03|MOSLEY WILLIAM D|S|Ordinary Shares|400|835.989|D,2026-08-06 03:29:58+0000,STX,Seagate Technology Holdings plc,0001137789,4,2026-08-04,2026-08-03,0001137789-26-000164,https://www.sec.gov/Archives/edgar/data/1137789/000113778926000164/wk-form4_1785881377.xml,nonDerivative,2026-08-03,S,Ordinary Shares,400,835.989,334395.60000000003,295757,D,MOSLEY WILLIAM D,"Director, Officer, CEO",1,1,0,CEO,SEC EDGAR
STX|0001137789-26-000164|nonDerivative|2026-08-03|MOSLEY WILLIAM D|S|Ordinary Shares|160|836.7675|D,2026-08-06 03:29:58+0000,STX,Seagate Technology Holdings plc,0001137789,4,2026-08-04,2026-08-03,0001137789-26-000164,https://www.sec.gov/Archives/edgar/data/1137789/000113778926000164/wk-form4_1785881377.xml,nonDerivative,2026-08-03,S,Ordinary Shares,160,836.7675,133882.80000000002,295597,D,MOSLEY WILLIAM D,"Director, Officer, CEO",1,1,0,CEO,SEC EDGAR
STX|0001137789-26-000164|nonDerivative|2026-08-03|MOSLEY WILLIAM D|S|Ordinary Shares|80|837.98|D,2026-08-06 03:29:58+0000,STX,Seagate Technology Holdings plc,0001137789,4,2026-08-04,2026-08-03,0001137789-26-000164,https://www.sec.gov/Archives/edgar/data/1137789/000113778926000164/wk-form4_1785881377.xml,nonDerivative,2026-08-03,S,Ordinary Shares,80,837.98,67038.4,295517,D,MOSLEY WILLIAM D,"Director, Officer, CEO",1,1,0,CEO,SEC EDGAR
STX|0001137789-26-000163|nonDerivative|2026-08-03|MOSLEY WILLIAM D|M|Ordinary Shares|14000|46.23|D,2026-08-06 03:29:58+0000,STX,Seagate Technology Holdings plc,0001137789,4,2026-08-04,2026-08-03,0001137789-26-000163,https://www.sec.gov/Archives/edgar/data/1137789/000113778926000163/wk-form4_1785881369.xml,nonDerivative,2026-08-03,M,Ordinary Shares,14000,46.23,647220.0,325517,D,MOSLEY WILLIAM D,"Director, Officer, CEO",1,1,0,CEO,SEC EDGAR
STX|0001137789-26-000163|nonDerivative|2026-08-03|MOSLEY WILLIAM D|S|Ordinary Shares|80|783.835|D,2026-08-06 03:29:58+0000,STX,Seagate Technology Holdings plc,0001137789,4,2026-08-04,2026-08-03,0001137789-26-000163,https://www.sec.gov/Archives/edgar/data/1137789/000113778926000163/wk-form4_1785881369.xml,nonDerivative,2026-08-03,S,Ordinary Shares,80,783.835,62706.8,325437,D,MOSLEY WILLIAM D,"Director, Officer, CEO",1,1,0,CEO,SEC EDGAR
STX|0001137789-26-000163|nonDerivative|2026-08-03|MOSLEY WILLIAM D|S|Ordinary Shares|40|786.12|D,2026-08-06 03:29:58+0000,STX,Seagate Technology Holdings plc,0001137789,4,2026-08-04,2026-08-03,0001137789-26-000163,https://www.sec.gov/Archives/edgar/data/1137789/000113778926000163/wk-form4_1785881369.xml,nonDerivative,2026-08-03,S,Ordinary Shares,40,786.12,31444.8,325397,D,MOSLEY WILLIAM D,"Director, Officer, CEO",1,1,0,CEO,SEC EDGAR
STX|0001137789-26-000163|nonDerivative|2026-08-03|MOSLEY WILLIAM D|S|Ordinary Shares|160|787.7675|D,2026-08-06 03:29:58+0000,STX,Seagate Technology Holdings plc,0001137789,4,2026-08-04,2026-08-03,0001137789-26-000163,https://www.sec.gov/Archives/edgar/data/1137789/000113778926000163/wk-form4_1785881369.xml,nonDerivative,2026-08-03,S,Ordinary Shares,160,787.7675,126042.8,325237,D,MOSLEY WILLIAM D,"Director, Officer, CEO",1,1,0,CEO,SEC EDGAR
STX|0001137789-26-000163|nonDerivative|2026-08-03|MOSLEY WILLIAM D|S|Ordinary Shares|120|789.5467|D,2026-08-06 03:29:58+0000,STX,Seagate Technology Holdings plc,0001137789,4,2026-08-04,2026-08-03,0001137789-26-000163,https://www.sec.gov/Archives/edgar/data/1137789/000113778926000163/wk-form4_1785881369.xml,nonDerivative,2026-08-03,S,Ordinary Shares,120,789.5467,94745.60399999999,325117,D,MOSLEY WILLIAM D,"Director, Officer, CEO",1,1,0,CEO,SEC EDGAR
STX|0001137789-26-000163|nonDerivative|2026-08-03|MOSLEY WILLIAM D|S|Ordinary Shares|440|790.9827|D,2026-08-06 03:29:58+0000,STX,Seagate Technology Holdings plc,0001137789,4,2026-08-04,2026-08-03,0001137789-26-000163,https://www.sec.gov/Archives/edgar/data/1137789/000113778926000163/wk-form4_1785881369.xml,nonDerivative,2026-08-03,S,Ordinary Shares,440,790.9827,348032.38800000004,324677,D,MOSLEY WILLIAM D,"Director, Officer, CEO",1,1,0,CEO,SEC EDGAR
STX|0001137789-26-000163|nonDerivative|2026-08-03|MOSLEY WILLIAM D|S|Ordinary Shares|711|792.7229|D,2026-08-06 03:29:58+0000,STX,Seagate Technology Holdings plc,0001137789,4,2026-08-04,2026-08-03,0001137789-26-000163,https://www.sec.gov/Archives/edgar/data/1137789/000113778926000163/wk-form4_1785881369.xml,nonDerivative,2026-08-03,S,Ordinary Shares,711,792.7229,563625.9819,323966,D,MOSLEY WILLIAM D,"Director, Officer, CEO",1,1,0,CEO,SEC EDGAR
STX|0001137789-26-000163|nonDerivative|2026-08-03|MOSLEY WILLIAM D|S|Ordinary Shares|480|793.7025|D,2026-08-06 03:29:58+0000,STX,Seagate Technology Holdings plc,0001137789,4,2026-08-04,2026-08-03,0001137789-26-000163,https://www.sec.gov/Archives/edgar/data/1137789/000113778926000163/wk-form4_1785881369.xml,nonDerivative,2026-08-03,S,Ordinary Shares,480,793.7025,380977.2,323486,D,MOSLEY WILLIAM D,"Director, Officer, CEO",1,1,0,CEO,SEC EDGAR
STX|0001137789-26-000163|nonDerivative|2026-08-03|MOSLEY WILLIAM D|S|Ordinary Shares|368|794.3873|D,2026-08-06 03:29:58+0000,STX,Seagate Technology Holdings plc,0001137789,4,2026-08-04,2026-08-03,0001137789-26-000163,https://www.sec.gov/Archives/edgar/data/1137789/000113778926000163/wk-form4_1785881369.xml,nonDerivative,2026-08-03,S,Ordinary Shares,368,794.3873,292334.5264,323118,D,MOSLEY WILLIAM D,"Director, Officer, CEO",1,1,0,CEO,SEC EDGAR
STX|0001137789-26-000163|nonDerivative|2026-08-03|MOSLEY WILLIAM D|S|Ordinary Shares|761|795.8147|D,2026-08-06 03:29:58+0000,STX,Seagate Technology Holdings plc,0001137789,4,2026-08-04,2026-08-03,0001137789-26-000163,https://www.sec.gov/Archives/edgar/data/1137789/000113778926000163/wk-form4_1785881369.xml,nonDerivative,2026-08-03,S,Ordinary Shares,761,795.8147,605614.9867,322357,D,MOSLEY WILLIAM D,"Director, Officer, CEO",1,1,0,CEO,SEC EDGAR
STX|0001137789-26-000163|nonDerivative|2026-08-03|MOSLEY WILLIAM D|S|Ordinary Shares|680|797.0435|D,2026-08-06 03:29:58+0000,STX,Seagate Technology Holdings plc,0001137789,4,2026-08-04,2026-08-03,0001137789-26-000163,https://www.sec.gov/Archives/edgar/data/1137789/000113778926000163/wk-form4_1785881369.xml,nonDerivative,2026-08-03,S,Ordinary Shares,680,797.0435,541989.58,321677,D,MOSLEY WILLIAM D,"Director, Officer, CEO",1,1,0,CEO,SEC EDGAR
STX|0001137789-26-000163|nonDerivative|2026-08-03|MOSLEY WILLIAM D|S|Ordinary Shares|560|797.8479|D,2026-08-06 03:29:58+0000,STX,Seagate Technology Holdings plc,0001137789,4,2026-08-04,2026-08-03,0001137789-26-000163,https://www.sec.gov/Archives/edgar/data/1137789/000113778926000163/wk-form4_1785881369.xml,nonDerivative,2026-08-03,S,Ordinary Shares,560,797.8479,446794.82399999996,321117,D,MOSLEY WILLIAM D,"Director, Officer, CEO",1,1,0,CEO,SEC EDGAR
STX|0001137789-26-000163|nonDerivative|2026-08-03|MOSLEY WILLIAM D|S|Ordinary Shares|480|799.2675|D,2026-08-06 03:29:58+0000,STX,Seagate Technology Holdings plc,0001137789,4,2026-08-04,2026-08-03,0001137789-26-000163,https://www.sec.gov/Archives/edgar/data/1137789/000113778926000163/wk-form4_1785881369.xml,nonDerivative,2026-08-03,S,Ordinary Shares,480,799.2675,383648.4,320637,D,MOSLEY WILLIAM D,"Director, Officer, CEO",1,1,0,CEO,SEC EDGAR
STX|0001137789-26-000163|nonDerivative|2026-08-03|MOSLEY WILLIAM D|S|Ordinary Shares|520|800.0785|D,2026-08-06 03:29:58+0000,STX,Seagate Technology Holdings plc,0001137789,4,2026-08-04,2026-08-03,0001137789-26-000163,https://www.sec.gov/Archives/edgar/data/1137789/000113778926000163/wk-form4_1785881369.xml,nonDerivative,2026-08-03,S,Ordinary Shares,520,800.0785,416040.82,320117,D,MOSLEY WILLIAM D,"Director, Officer, CEO",1,1,0,CEO,SEC EDGAR
STX|0001137789-26-000163|nonDerivative|2026-08-03|MOSLEY WILLIAM D|S|Ordinary Shares|400|801.045|D,2026-08-06 03:29:58+0000,STX,Seagate Technology Holdings plc,0001137789,4,2026-08-04,2026-08-03,0001137789-26-000163,https://www.sec.gov/Archives/edgar/data/1137789/000113778926000163/wk-form4_1785881369.xml,nonDerivative,2026-08-03,S,Ordinary Shares,400,801.045,320418.0,319717,D,MOSLEY WILLIAM D,"Director, Officer, CEO",1,1,0,CEO,SEC EDGAR
STX|0001137789-26-000163|nonDerivative|2026-08-03|MOSLEY WILLIAM D|S|Ordinary Shares|360|802.0833|D,2026-08-06 03:29:58+0000,STX,Seagate Technology Holdings plc,0001137789,4,2026-08-04,2026-08-03,0001137789-26-000163,https://www.sec.gov/Archives/edgar/data/1137789/000113778926000163/wk-form4_1785881369.xml,nonDerivative,2026-08-03,S,Ordinary Shares,360,802.0833,288749.988,319357,D,MOSLEY WILLIAM D,"Director, Officer, CEO",1,1,0,CEO,SEC EDGAR
STX|0001137789-26-000163|nonDerivative|2026-08-03|MOSLEY WILLIAM D|S|Ordinary Shares|520|803.7285|D,2026-08-06 03:29:58+0000,STX,Seagate Technology Holdings plc,0001137789,4,2026-08-04,2026-08-03,0001137789-26-000163,https://www.sec.gov/Archives/edgar/data/1137789/000113778926000163/wk-form4_1785881369.xml,nonDerivative,2026-08-03,S,Ordinary Shares,520,803.7285,417938.82,318837,D,MOSLEY WILLIAM D,"Director, Officer, CEO",1,1,0,CEO,SEC EDGAR
STX|0001137789-26-000163|nonDerivative|2026-08-03|MOSLEY WILLIAM D|S|Ordinary Shares|840|804.7324|D,2026-08-06 03:29:58+0000,STX,Seagate Technology Holdings plc,0001137789,4,2026-08-04,2026-08-03,0001137789-26-000163,https://www.sec.gov/Archives/edgar/data/1137789/000113778926000163/wk-form4_1785881369.xml,nonDerivative,2026-08-03,S,Ordinary Shares,840,804.7324,675975.216,317997,D,MOSLEY WILLIAM D,"Director, Officer, CEO",1,1,0,CEO,SEC EDGAR
STX|0001137789-26-000163|nonDerivative|2026-08-03|MOSLEY WILLIAM D|S|Ordinary Shares|640|806.4669|D,2026-08-06 03:29:58+0000,STX,Seagate Technology Holdings plc,0001137789,4,2026-08-04,2026-08-03,0001137789-26-000163,https://www.sec.gov/Archives/edgar/data/1137789/000113778926000163/wk-form4_1785881369.xml,nonDerivative,2026-08-03,S,Ordinary Shares,640,806.4669,516138.816,317357,D,MOSLEY WILLIAM D,"Director, Officer, CEO",1,1,0,CEO,SEC EDGAR
STX|0001137789-26-000163|nonDerivative|2026-08-03|MOSLEY WILLIAM D|S|Ordinary Shares|280|807.6486|D,2026-08-06 03:29:58+0000,STX,Seagate Technology Holdings plc,0001137789,4,2026-08-04,2026-08-03,0001137789-26-000163,https://www.sec.gov/Archives/edgar/data/1137789/000113778926000163/wk-form4_1785881369.xml,nonDerivative,2026-08-03,S,Ordinary Shares,280,807.6486,226141.608,317077,D,MOSLEY WILLIAM D,"Director, Officer, CEO",1,1,0,CEO,SEC EDGAR
STX|0001137789-26-000163|nonDerivative|2026-08-03|MOSLEY WILLIAM D|S|Ordinary Shares|697|808.7248|D,2026-08-06 03:29:58+0000,STX,Seagate Technology Holdings plc,0001137789,4,2026-08-04,2026-08-03,0001137789-26-000163,https://www.sec.gov/Archives/edgar/data/1137789/000113778926000163/wk-form4_1785881369.xml,nonDerivative,2026-08-03,S,Ordinary Shares,697,808.7248,563681.1856,316380,D,MOSLEY WILLIAM D,"Director, Officer, CEO",1,1,0,CEO,SEC EDGAR
STX|0001137789-26-000163|nonDerivative|2026-08-03|MOSLEY WILLIAM D|S|Ordinary Shares|383|809.7094|D,2026-08-06 03:29:58+0000,STX,Seagate Technology Holdings plc,0001137789,4,2026-08-04,2026-08-03,0001137789-26-000163,https://www.sec.gov/Archives/edgar/data/1137789/000113778926000163/wk-form4_1785881369.xml,nonDerivative,2026-08-03,S,Ordinary Shares,383,809.7094,310118.70019999996,315997,D,MOSLEY WILLIAM D,"Director, Officer, CEO",1,1,0,CEO,SEC EDGAR
STX|0001137789-26-000163|nonDerivative|2026-08-03|MOSLEY WILLIAM D|S|Ordinary Shares|520|810.4362|D,2026-08-06 03:29:58+0000,STX,Seagate Technology Holdings plc,0001137789,4,2026-08-04,2026-08-03,0001137789-26-000163,https://www.sec.gov/Archives/edgar/data/1137789/000113778926000163/wk-form4_1785881369.xml,nonDerivative,2026-08-03,S,Ordinary Shares,520,810.4362,421426.82399999996,315477,D,MOSLEY WILLIAM D,"Director, Officer, CEO",1,1,0,CEO,SEC EDGAR
STX|0001137789-26-000163|nonDerivative|2026-08-03|MOSLEY WILLIAM D|S|Ordinary Shares|640|811.8179|D,2026-08-06 03:29:58+0000,STX,Seagate Technology Holdings plc,0001137789,4,2026-08-04,2026-08-03,0001137789-26-000163,https://www.sec.gov/Archives/edgar/data/1137789/000113778926000163/wk-form4_1785881369.xml,nonDerivative,2026-08-03,S,Ordinary Shares,640,811.8179,519563.456,314837,D,MOSLEY WILLIAM D,"Director, Officer, CEO",1,1,0,CEO,SEC EDGAR
STX|0001137789-26-000163|nonDerivative|2026-08-03|MOSLEY WILLIAM D|S|Ordinary Shares|400|812.836|D,2026-08-06 03:29:58+0000,STX,Seagate Technology Holdings plc,0001137789,4,2026-08-04,2026-08-03,0001137789-26-000163,https://www.sec.gov/Archives/edgar/data/1137789/000113778926000163/wk-form4_1785881369.xml,nonDerivative,2026-08-03,S,Ordinary Shares,400,812.836,325134.4,314437,D,MOSLEY WILLIAM D,"Director, Officer, CEO",1,1,0,CEO,SEC EDGAR
STX|0001137789-26-000163|nonDerivative|2026-08-03|MOSLEY WILLIAM D|S|Ordinary Shares|366|814.0744|D,2026-08-06 03:29:58+0000,STX,Seagate Technology Holdings plc,0001137789,4,2026-08-04,2026-08-03,0001137789-26-000163,https://www.sec.gov/Archives/edgar/data/1137789/000113778926000163/wk-form4_1785881369.xml,nonDerivative,2026-08-03,S,Ordinary Shares,366,814.0744,297951.2304,314071,D,MOSLEY WILLIAM D,"Director, Officer, CEO",1,1,0,CEO,SEC EDGAR
STX|0001137789-26-000163|nonDerivative|2026-08-03|MOSLEY WILLIAM D|S|Ordinary Shares|394|814.9919|D,2026-08-06 03:29:58+0000,STX,Seagate Technology Holdings plc,0001137789,4,2026-08-04,2026-08-03,0001137789-26-000163,https://www.sec.gov/Archives/edgar/data/1137789/000113778926000163/wk-form4_1785881369.xml,nonDerivative,2026-08-03,S,Ordinary Shares,394,814.9919,321106.8086,313677,D,MOSLEY WILLIAM D,"Director, Officer, CEO",1,1,0,CEO,SEC EDGAR
STX|0001137789-26-000163|nonDerivative|2026-08-03|MOSLEY WILLIAM D|S|Ordinary Shares|320|815.8725|D,2026-08-06 03:29:58+0000,STX,Seagate Technology Holdings plc,0001137789,4,2026-08-04,2026-08-03,0001137789-26-000163,https://www.sec.gov/Archives/edgar/data/1137789/000113778926000163/wk-form4_1785881369.xml,nonDerivative,2026-08-03,S,Ordinary Shares,320,815.8725,261079.19999999998,313357,D,MOSLEY WILLIAM D,"Director, Officer, CEO",1,1,0,CEO,SEC EDGAR
STX|0001137789-26-000163|nonDerivative|2026-08-03|MOSLEY WILLIAM D|S|Ordinary Shares|440|817.1682|D,2026-08-06 03:29:58+0000,STX,Seagate Technology Holdings plc,0001137789,4,2026-08-04,2026-08-03,0001137789-26-000163,https://www.sec.gov/Archives/edgar/data/1137789/000113778926000163/wk-form4_1785881369.xml,nonDerivative,2026-08-03,S,Ordinary Shares,440,817.1682,359554.008,312917,D,MOSLEY WILLIAM D,"Director, Officer, CEO",1,1,0,CEO,SEC EDGAR
STX|0001137789-26-000163|nonDerivative|2026-08-03|MOSLEY WILLIAM D|S|Ordinary Shares|320|818.315|D,2026-08-06 03:29:58+0000,STX,Seagate Technology Holdings plc,0001137789,4,2026-08-04,2026-08-03,0001137789-26-000163,https://www.sec.gov/Archives/edgar/data/1137789/000113778926000163/wk-form4_1785881369.xml,nonDerivative,2026-08-03,S,Ordinary Shares,320,818.315,261860.80000000002,312597,D,MOSLEY WILLIAM D,"Director, Officer, CEO",1,1,0,CEO,SEC EDGAR
STX|0001137789-26-000163|derivative|2026-08-03|MOSLEY WILLIAM D|M|NQ Options|14000|0|D,2026-08-06 03:29:58+0000,STX,Seagate Technology Holdings plc,0001137789,4,2026-08-04,2026-08-03,0001137789-26-000163,https://www.sec.gov/Archives/edgar/data/1137789/000113778926000163/wk-form4_1785881369.xml,derivative,2026-08-03,M,NQ Options,14000,0,0.0,111100,D,MOSLEY WILLIAM D,"Director, Officer, CEO",1,1,0,CEO,SEC EDGAR
STT|0000093751-26-000399|nonDerivative|2026-08-03|Schaefer Elizabeth|S|Common Stock|500|181.19|D,2026-08-06 03:29:58+0000,STT,STATE STREET CORP,0000093751,4,2026-08-04,2026-08-03,0000093751-26-000399,https://www.sec.gov/Archives/edgar/data/93751/000009375126000399/wk-form4_1785873834.xml,nonDerivative,2026-08-03,S,Common Stock,500,181.19,90595.0,8073,D,Schaefer Elizabeth,"Officer, SVP, Chief Accounting Officer",0,1,0,"SVP, Chief Accounting Officer",SEC EDGAR
SPGI|0002142367-26-000004|nonDerivative|2026-08-01|Thomas Darren Robert|M|Common Stock|558|0|D,2026-08-06 03:29:58+0000,SPGI,S&P Global Inc.,0000064040,4,2026-08-04,2026-08-01,0002142367-26-000004,https://www.sec.gov/Archives/edgar/data/64040/000214236726000004/wk-form4_1785875770.xml,nonDerivative,2026-08-01,M,Common Stock,558,0,0.0,6731.643,D,Thomas Darren Robert,"Officer, Co-Head, Market Intelligence",0,1,0,"Co-Head, Market Intelligence",SEC EDGAR
SPGI|0002142367-26-000004|nonDerivative|2026-08-01|Thomas Darren Robert|F|Common Stock|227|411.93|D,2026-08-06 03:29:58+0000,SPGI,S&P Global Inc.,0000064040,4,2026-08-04,2026-08-01,0002142367-26-000004,https://www.sec.gov/Archives/edgar/data/64040/000214236726000004/wk-form4_1785875770.xml,nonDerivative,2026-08-01,F,Common Stock,227,411.93,93508.11,6504.643,D,Thomas Darren Robert,"Officer, Co-Head, Market Intelligence",0,1,0,"Co-Head, Market Intelligence",SEC EDGAR
SPGI|0002142367-26-000004|derivative|2026-08-01|Thomas Darren Robert|M|Restricted Stock Units|558|0|D,2026-08-06 03:29:58+0000,SPGI,S&P Global Inc.,0000064040,4,2026-08-04,2026-08-01,0002142367-26-000004,https://www.sec.gov/Archives/edgar/data/64040/000214236726000004/wk-form4_1785875770.xml,derivative,2026-08-01,M,Restricted Stock Units,558,0,0.0,1134,D,Thomas Darren Robert,"Officer, Co-Head, Market Intelligence",0,1,0,"Co-Head, Market Intelligence",SEC EDGAR
SO|0001193125-26-331835|nonDerivative|2026-08-03|Kim Matthew M.|S|Southern Company Common Stock|100|94.28|D,2026-08-06 03:29:58+0000,SO,SOUTHERN CO,0000092122,4,2026-08-04,2026-08-03,0001193125-26-331835,https://www.sec.gov/Archives/edgar/data/92122/000119312526331835/ownership.xml,nonDerivative,2026-08-03,S,Southern Company Common Stock,100,94.28,9428.0,6488,D,Kim Matthew M.,Comptroller,false,true,false,Comptroller,SEC EDGAR
SNDK|0001363249-26-000058|nonDerivative|2026-08-03|Shek Bernard|S|Common Stock|600|1162.16|D,2026-08-06 03:29:58+0000,SNDK,Sandisk Corp,0002023554,4,2026-08-04,2026-08-03,0001363249-26-000058,https://www.sec.gov/Archives/edgar/data/2023554/000136324926000058/edgardoc.xml,nonDerivative,2026-08-03,S,Common Stock,600,1162.16,697296.0,30915,D,Shek Bernard,"Officer, Chief Legal Officer & Secty",0,1,0,Chief Legal Officer & Secty,SEC EDGAR
SCHW|0000923738-26-000033|nonDerivative|2026-08-03|Schwab Charles R.|S|Common Stock|95250|105.5162|I,2026-08-06 03:29:58+0000,SCHW,SCHWAB CHARLES CORP,0000316709,4,2026-08-04,2026-08-03,0000923738-26-000033,https://www.sec.gov/Archives/edgar/data/316709/000092373826000033/wk-form4_1785886017.xml,nonDerivative,2026-08-03,S,Common Stock,95250,105.5162,10050418.049999999,53925591,I,Schwab Charles R.,"Director, Officer, Co-Chairman",1,1,0,Co-Chairman,SEC EDGAR
SCHW|0000923738-26-000033|nonDerivative|2026-08-04|Schwab Charles R.|S|Common Stock|47650|106.077|I,2026-08-06 03:29:58+0000,SCHW,SCHWAB CHARLES CORP,0000316709,4,2026-08-04,2026-08-03,0000923738-26-000033,https://www.sec.gov/Archives/edgar/data/316709/000092373826000033/wk-form4_1785886017.xml,nonDerivative,2026-08-04,S,Common Stock,47650,106.077,5054569.05,53877941,I,Schwab Charles R.,"Director, Officer, Co-Chairman",1,1,0,Co-Chairman,SEC EDGAR
SCHW|0001825454-26-000026|nonDerivative|2026-08-01|Howard Dennis|F|Common Stock|1292|104.8675|D,2026-08-06 03:29:58+0000,SCHW,SCHWAB CHARLES CORP,0000316709,4,2026-08-04,2026-08-01,0001825454-26-000026,https://www.sec.gov/Archives/edgar/data/316709/000182545426000026/wk-form4_1785886446.xml,nonDerivative,2026-08-01,F,Common Stock,1292,104.8675,135488.81,9178,D,Howard Dennis,"Officer, MD, Chief Tech, OPS & Data Off",0,1,0,"MD, Chief Tech, OPS & Data Off",SEC EDGAR
SBAC|0002031697-26-000006|nonDerivative|2026-08-01|DAY DONALD|M|Class A Common Stock|457|0|D,2026-08-06 03:29:58+0000,SBAC,SBA COMMUNICATIONS CORP,0001034054,4,2026-08-04,2026-08-01,0002031697-26-000006,https://www.sec.gov/Archives/edgar/data/1034054/000203169726000006/form4-08042026_060801.xml,nonDerivative,2026-08-01,M,Class A Common Stock,457,0,0.0,10163.0310,D,DAY DONALD,EVP - SITE LEASING,false,true,false,EVP - SITE LEASING,SEC EDGAR
SBAC|0002031697-26-000006|nonDerivative|2026-08-01|DAY DONALD|F|Class A Common Stock|170.6890|180.98|D,2026-08-06 03:29:58+0000,SBAC,SBA COMMUNICATIONS CORP,0001034054,4,2026-08-04,2026-08-01,0002031697-26-000006,https://www.sec.gov/Archives/edgar/data/1034054/000203169726000006/form4-08042026_060801.xml,nonDerivative,2026-08-01,F,Class A Common Stock,170.6890,180.98,30891.295219999996,9992.3420,D,DAY DONALD,EVP - SITE LEASING,false,true,false,EVP - SITE LEASING,SEC EDGAR
SBAC|0002031697-26-000006|derivative|2026-08-01|DAY DONALD|M|Restricted Stock Units|457|0|D,2026-08-06 03:29:58+0000,SBAC,SBA COMMUNICATIONS CORP,0001034054,4,2026-08-04,2026-08-01,0002031697-26-000006,https://www.sec.gov/Archives/edgar/data/1034054/000203169726000006/form4-08042026_060801.xml,derivative,2026-08-01,M,Restricted Stock Units,457,0,0.0,457,D,DAY DONALD,EVP - SITE LEASING,false,true,false,EVP - SITE LEASING,SEC EDGAR
PPG|0000079879-26-000259|derivative|2026-07-31|Massy Robert L.|A|Phantom Stock  Units|0.3057|110.52|D,2026-08-06 03:29:58+0000,PPG,PPG INDUSTRIES INC,0000079879,4,2026-08-04,2026-07-31,0000079879-26-000259,https://www.sec.gov/Archives/edgar/data/79879/000007987926000259/wk-form4_1785856265.xml,derivative,2026-07-31,A,Phantom Stock  Units,0.3057,110.52,33.785964,173.1083,D,Massy Robert L.,"Officer, Sr. VP and Chief HR Officer",0,1,0,Sr. VP and Chief HR Officer,SEC EDGAR
PPG|0000079879-26-000258|derivative|2026-07-31|KNAVISH TIMOTHY M|A|Phantom Stock Units|35.3567|110.52|D,2026-08-06 03:29:58+0000,PPG,PPG INDUSTRIES INC,0000079879,4,2026-08-04,2026-07-31,0000079879-26-000258,https://www.sec.gov/Archives/edgar/data/79879/000007987926000258/wk-form4_1785856234.xml,derivative,2026-07-31,A,Phantom Stock Units,35.3567,110.52,3907.6224839999995,12678.6861,D,KNAVISH TIMOTHY M,"Director, Officer, Chairman and CEO",1,1,0,Chairman and CEO,SEC EDGAR
PPG|0000079879-26-000257|derivative|2026-07-31|Hefel Juliane M.|A|Phantom Stock Units|2.1422|110.52|D,2026-08-06 03:29:58+0000,PPG,PPG INDUSTRIES INC,0000079879,4,2026-08-04,2026-07-31,0000079879-26-000257,https://www.sec.gov/Archives/edgar/data/79879/000007987926000257/wk-form4_1785856188.xml,derivative,2026-07-31,A,Phantom Stock Units,2.1422,110.52,236.75594399999997,1412.0899,D,Hefel Juliane M.,"Officer, Sr. VP, Ind Coatings & Sp Prod",0,1,0,"Sr. VP, Ind Coatings & Sp Prod",SEC EDGAR
PPG|0000079879-26-000256|derivative|2026-07-31|Hagerty Chancey E.|A|Phamtom Stock Units|15.7855|110.52|D,2026-08-06 03:29:58+0000,PPG,PPG INDUSTRIES INC,0000079879,4,2026-08-04,2026-07-31,0000079879-26-000256,https://www.sec.gov/Archives/edgar/data/79879/000007987926000256/wk-form4_1785856157.xml,derivative,2026-07-31,A,Phamtom Stock Units,15.7855,110.52,1744.61346,221.6106,D,Hagerty Chancey E.,"Officer, Sr. VP, Auto. Refinish Ctgs.",0,1,0,"Sr. VP, Auto. Refinish Ctgs.",SEC EDGAR
PPG|0000079879-26-000255|derivative|2026-07-31|Foulkes Anne M.|A|Phantom Stock Units|17.5994|110.52|D,2026-08-06 03:29:58+0000,PPG,PPG INDUSTRIES INC,0000079879,4,2026-08-04,2026-07-31,0000079879-26-000255,https://www.sec.gov/Archives/edgar/data/79879/000007987926000255/wk-form4_1785856119.xml,derivative,2026-07-31,A,Phantom Stock Units,17.5994,110.52,1945.085688,836.6912,D,Foulkes Anne M.,"Officer, Sr. VP, Legal & Spl. Projects",0,1,0,"Sr. VP, Legal & Spl. Projects",SEC EDGAR
PPG|0000079879-26-000254|derivative|2026-07-31|Braun Kevin D.|A|Phantom Stock Units|7.695|110.52|D,2026-08-06 03:29:58+0000,PPG,PPG INDUSTRIES INC,0000079879,4,2026-08-04,2026-07-31,0000079879-26-000254,https://www.sec.gov/Archives/edgar/data/79879/000007987926000254/wk-form4_1785856081.xml,derivative,2026-07-31,A,Phantom Stock Units,7.695,110.52,850.4514,902.4229,D,Braun Kevin D.,"Officer, Sr VP, Operations",0,1,0,"Sr VP, Operations",SEC EDGAR
PPG|0000079879-26-000253|derivative|2026-07-31|Bellezza Alisha|A|Phantom Stock Units|0.6478|110.52|D,2026-08-06 03:29:58+0000,PPG,PPG INDUSTRIES INC,0000079879,4,2026-08-04,2026-07-31,0000079879-26-000253,https://www.sec.gov/Archives/edgar/data/79879/000007987926000253/wk-form4_1785856053.xml,derivative,2026-07-31,A,Phantom Stock Units,0.6478,110.52,71.59485600000001,165.7022,D,Bellezza Alisha,"Officer, Sr. VP, Automotive Coatings",0,1,0,"Sr. VP, Automotive Coatings",SEC EDGAR
PODD|0001145197-26-000165|nonDerivative|2026-08-01|Davis Lisa Blair|F|Common Stock|244|165.35|D,2026-08-06 03:29:58+0000,PODD,INSULET CORP,0001145197,4,2026-08-04,2026-08-01,0001145197-26-000165,https://www.sec.gov/Archives/edgar/data/1145197/000114519726000165/form4.xml,nonDerivative,2026-08-01,F,Common Stock,244,165.35,40345.4,4453,D,Davis Lisa Blair,"Officer, SVP, Chief HR Officer",,1,,"SVP, Chief HR Officer",SEC EDGAR
PEG|0001225208-26-006912|nonDerivative|2026-08-03|LaRossa Ralph A|S|Common Stock|2083.0000|76.4716|D,2026-08-06 03:29:58+0000,PEG,PUBLIC SERVICE ENTERPRISE GROUP INC,0000788784,4,2026-08-04,2026-08-03,0001225208-26-006912,https://www.sec.gov/Archives/edgar/data/788784/000122520826006912/doc4.xml,nonDerivative,2026-08-03,S,Common Stock,2083.0000,76.4716,159290.34279999998,283656.4593,D,LaRossa Ralph A,"Director, Officer, Chair, President and CEO",1,1,,"Chair, President and CEO",SEC EDGAR
PCG|0001628280-26-052592|nonDerivative|2026-08-01|Vallejo Alejandro T|A|Common Stock|11240|0|D,2026-08-06 03:29:58+0000,PCG,PG&E Corp,0001004980,4,2026-08-04,2026-08-01,0001628280-26-052592,https://www.sec.gov/Archives/edgar/data/1004980/000162828026052592/wk-form4_1785874543.xml,nonDerivative,2026-08-01,A,Common Stock,11240,0,0.0,75229,D,Vallejo Alejandro T,"Officer, EVP, Chief People Officer",0,1,0,"EVP, Chief People Officer",SEC EDGAR
PCG|0001628280-26-052592|nonDerivative|2026-08-01|Vallejo Alejandro T|F|Common Stock|5086|17.38|D,2026-08-06 03:29:58+0000,PCG,PG&E Corp,0001004980,4,2026-08-04,2026-08-01,0001628280-26-052592,https://www.sec.gov/Archives/edgar/data/1004980/000162828026052592/wk-form4_1785874543.xml,nonDerivative,2026-08-01,F,Common Stock,5086,17.38,88394.68,70143,D,Vallejo Alejandro T,"Officer, EVP, Chief People Officer",0,1,0,"EVP, Chief People Officer",SEC EDGAR
PANW|0001882285-26-000014|nonDerivative|2026-08-01|Paul Josh D.|F|Common Stock|3861|331.83|D,2026-08-06 03:29:58+0000,PANW,Palo Alto Networks Inc,0001327567,4,2026-08-04,2026-08-01,0001882285-26-000014,https://www.sec.gov/Archives/edgar/data/1327567/000188228526000014/ownership.xml,nonDerivative,2026-08-01,F,Common Stock,3861,331.83,1281195.63,75783,D,Paul Josh D.,Chief Accounting Officer,false,true,false,Chief Accounting Officer,SEC EDGAR
OXY|0001628280-26-052832|nonDerivative|2026-08-01|POLLACK BRAD|A|Common Stock|26284|0|D,2026-08-06 03:29:58+0000,OXY,OCCIDENTAL PETROLEUM CORP /DE/,0000797468,4,2026-08-04,2026-08-01,0001628280-26-052832,https://www.sec.gov/Archives/edgar/data/797468/000162828026052832/wk-form4_1785885515.xml,nonDerivative,2026-08-01,A,Common Stock,26284,0,0.0,42660,D,POLLACK BRAD,"Officer, SVP & General Counsel",0,1,0,SVP & General Counsel,SEC EDGAR
OTIS|0001781335-26-000115|derivative|2026-08-03|KEARNEY CHRISTOPHER J|A|Deferred Stock Units|290.899|72.19|D,2026-08-06 03:29:58+0000,OTIS,Otis Worldwide Corp,0001781335,4,2026-08-04,2026-08-03,0001781335-26-000115,https://www.sec.gov/Archives/edgar/data/1781335/000178133526000115/form4.xml,derivative,2026-08-03,A,Deferred Stock Units,290.899,72.19,20999.99881,19940.825,D,KEARNEY CHRISTOPHER J,Director,1,0,0,,SEC EDGAR
NTRS|0001478669-26-000015|nonDerivative|2026-07-31|SMITH DAVID BYRON JR|G|Common Stock|1120|0|I,2026-08-06 03:29:58+0000,NTRS,NORTHERN TRUST CORP,0000073124,4,2026-08-04,2026-07-31,0001478669-26-000015,https://www.sec.gov/Archives/edgar/data/73124/000147866926000015/wk-form4_1785882950.xml,nonDerivative,2026-07-31,G,Common Stock,1120,0,0.0,87157,I,SMITH DAVID BYRON JR,Director,1,0,0,,SEC EDGAR
NOC|0001628280-26-052370|nonDerivative|2026-08-03|WELSH MARK A III|S|Common Stock|8|544.53|D,2026-08-06 03:29:58+0000,NOC,NORTHROP GRUMMAN CORP /DE/,0001133421,4,2026-08-04,2026-08-03,0001628280-26-052370,https://www.sec.gov/Archives/edgar/data/1133421/000162828026052370/wk-form4_1785865555.xml,nonDerivative,2026-08-03,S,Common Stock,8,544.53,4356.24,4480,D,WELSH MARK A III,Director,1,0,0,,SEC EDGAR
NOC|0001628280-26-052370|nonDerivative|2026-08-03|WELSH MARK A III|S|Common Stock|19|545.59|D,2026-08-06 03:29:58+0000,NOC,NORTHROP GRUMMAN CORP /DE/,0001133421,4,2026-08-04,2026-08-03,0001628280-26-052370,https://www.sec.gov/Archives/edgar/data/1133421/000162828026052370/wk-form4_1785865555.xml,nonDerivative,2026-08-03,S,Common Stock,19,545.59,10366.210000000001,4461,D,WELSH MARK A III,Director,1,0,0,,SEC EDGAR
NOC|0001628280-26-052370|nonDerivative|2026-08-03|WELSH MARK A III|S|Common Stock|11|546.42|D,2026-08-06 03:29:58+0000,NOC,NORTHROP GRUMMAN CORP /DE/,0001133421,4,2026-08-04,2026-08-03,0001628280-26-052370,https://www.sec.gov/Archives/edgar/data/1133421/000162828026052370/wk-form4_1785865555.xml,nonDerivative,2026-08-03,S,Common Stock,11,546.42,6010.62,4450,D,WELSH MARK A III,Director,1,0,0,,SEC EDGAR
NOC|0001628280-26-052370|nonDerivative|2026-08-03|WELSH MARK A III|S|Common Stock|31|547.42|D,2026-08-06 03:29:58+0000,NOC,NORTHROP GRUMMAN CORP /DE/,0001133421,4,2026-08-04,2026-08-03,0001628280-26-052370,https://www.sec.gov/Archives/edgar/data/1133421/000162828026052370/wk-form4_1785865555.xml,nonDerivative,2026-08-03,S,Common Stock,31,547.42,16970.02,4419,D,WELSH MARK A III,Director,1,0,0,,SEC EDGAR
NOC|0001628280-26-052370|nonDerivative|2026-08-03|WELSH MARK A III|S|Common Stock|10|548.32|D,2026-08-06 03:29:58+0000,NOC,NORTHROP GRUMMAN CORP /DE/,0001133421,4,2026-08-04,2026-08-03,0001628280-26-052370,https://www.sec.gov/Archives/edgar/data/1133421/000162828026052370/wk-form4_1785865555.xml,nonDerivative,2026-08-03,S,Common Stock,10,548.32,5483.200000000001,4409,D,WELSH MARK A III,Director,1,0,0,,SEC EDGAR
NOC|0001628280-26-052370|nonDerivative|2026-08-03|WELSH MARK A III|S|Common Stock|6|549.50|D,2026-08-06 03:29:58+0000,NOC,NORTHROP GRUMMAN CORP /DE/,0001133421,4,2026-08-04,2026-08-03,0001628280-26-052370,https://www.sec.gov/Archives/edgar/data/1133421/000162828026052370/wk-form4_1785865555.xml,nonDerivative,2026-08-03,S,Common Stock,6,549.50,3297.0,4403,D,WELSH MARK A III,Director,1,0,0,,SEC EDGAR
NOC|0001628280-26-052370|nonDerivative|2026-08-03|WELSH MARK A III|S|Common Stock|2|550.68|D,2026-08-06 03:29:58+0000,NOC,NORTHROP GRUMMAN CORP /DE/,0001133421,4,2026-08-04,2026-08-03,0001628280-26-052370,https://www.sec.gov/Archives/edgar/data/1133421/000162828026052370/wk-form4_1785865555.xml,nonDerivative,2026-08-03,S,Common Stock,2,550.68,1101.36,4401,D,WELSH MARK A III,Director,1,0,0,,SEC EDGAR
NOC|0001628280-26-052370|nonDerivative|2026-08-03|WELSH MARK A III|S|Common Stock|2|552.95|D,2026-08-06 03:29:58+0000,NOC,NORTHROP GRUMMAN CORP /DE/,0001133421,4,2026-08-04,2026-08-03,0001628280-26-052370,https://www.sec.gov/Archives/edgar/data/1133421/000162828026052370/wk-form4_1785865555.xml,nonDerivative,2026-08-03,S,Common Stock,2,552.95,1105.9,4399,D,WELSH MARK A III,Director,1,0,0,,SEC EDGAR
NOC|0001628280-26-052370|nonDerivative|2026-08-03|WELSH MARK A III|S|Common Stock|2|553.90|D,2026-08-06 03:29:58+0000,NOC,NORTHROP GRUMMAN CORP /DE/,0001133421,4,2026-08-04,2026-08-03,0001628280-26-052370,https://www.sec.gov/Archives/edgar/data/1133421/000162828026052370/wk-form4_1785865555.xml,nonDerivative,2026-08-03,S,Common Stock,2,553.90,1107.8,4397,D,WELSH MARK A III,Director,1,0,0,,SEC EDGAR
NOC|0001628280-26-052370|nonDerivative|2026-08-03|WELSH MARK A III|S|Common Stock|4|554.14|D,2026-08-06 03:29:58+0000,NOC,NORTHROP GRUMMAN CORP /DE/,0001133421,4,2026-08-04,2026-08-03,0001628280-26-052370,https://www.sec.gov/Archives/edgar/data/1133421/000162828026052370/wk-form4_1785865555.xml,nonDerivative,2026-08-03,S,Common Stock,4,554.14,2216.56,4393,D,WELSH MARK A III,Director,1,0,0,,SEC EDGAR
NFLX|0001065280-26-000240|nonDerivative|2026-08-03|Willems Cletus R|M|Common Stock|3160||D,2026-08-06 03:29:58+0000,NFLX,NETFLIX INC,0001065280,4,2026-08-04,2026-08-03,0001065280-26-000240,https://www.sec.gov/Archives/edgar/data/1065280/000106528026000240/wk-form4_1785878446.xml,nonDerivative,2026-08-03,M,Common Stock,3160,,,6301,D,Willems Cletus R,"Officer, Chief Global Affairs Officer",0,1,0,Chief Global Affairs Officer,SEC EDGAR
NFLX|0001065280-26-000240|nonDerivative|2026-08-03|Willems Cletus R|M|Common Stock|1460||D,2026-08-06 03:29:58+0000,NFLX,NETFLIX INC,0001065280,4,2026-08-04,2026-08-03,0001065280-26-000240,https://www.sec.gov/Archives/edgar/data/1065280/000106528026000240/wk-form4_1785878446.xml,nonDerivative,2026-08-03,M,Common Stock,1460,,,7761,D,Willems Cletus R,"Officer, Chief Global Affairs Officer",0,1,0,Chief Global Affairs Officer,SEC EDGAR
NFLX|0001065280-26-000240|nonDerivative|2026-08-03|Willems Cletus R|M|Common Stock|1537||D,2026-08-06 03:29:58+0000,NFLX,NETFLIX INC,0001065280,4,2026-08-04,2026-08-03,0001065280-26-000240,https://www.sec.gov/Archives/edgar/data/1065280/000106528026000240/wk-form4_1785878446.xml,nonDerivative,2026-08-03,M,Common Stock,1537,,,9298,D,Willems Cletus R,"Officer, Chief Global Affairs Officer",0,1,0,Chief Global Affairs Officer,SEC EDGAR
NFLX|0001065280-26-000240|nonDerivative|2026-08-03|Willems Cletus R|F|Common Stock|1550|71.71|D,2026-08-06 03:29:58+0000,NFLX,NETFLIX INC,0001065280,4,2026-08-04,2026-08-03,0001065280-26-000240,https://www.sec.gov/Archives/edgar/data/1065280/000106528026000240/wk-form4_1785878446.xml,nonDerivative,2026-08-03,F,Common Stock,1550,71.71,111150.49999999999,7748,D,Willems Cletus R,"Officer, Chief Global Affairs Officer",0,1,0,Chief Global Affairs Officer,SEC EDGAR
NFLX|0001065280-26-000240|nonDerivative|2026-08-03|Willems Cletus R|F|Common Stock|717|71.71|D,2026-08-06 03:29:58+0000,NFLX,NETFLIX INC,0001065280,4,2026-08-04,2026-08-03,0001065280-26-000240,https://www.sec.gov/Archives/edgar/data/1065280/000106528026000240/wk-form4_1785878446.xml,nonDerivative,2026-08-03,F,Common Stock,717,71.71,51416.06999999999,7031,D,Willems Cletus R,"Officer, Chief Global Affairs Officer",0,1,0,Chief Global Affairs Officer,SEC EDGAR
NFLX|0001065280-26-000240|nonDerivative|2026-08-03|Willems Cletus R|F|Common Stock|754|71.71|D,2026-08-06 03:29:58+0000,NFLX,NETFLIX INC,0001065280,4,2026-08-04,2026-08-03,0001065280-26-000240,https://www.sec.gov/Archives/edgar/data/1065280/000106528026000240/wk-form4_1785878446.xml,nonDerivative,2026-08-03,F,Common Stock,754,71.71,54069.34,6277,D,Willems Cletus R,"Officer, Chief Global Affairs Officer",0,1,0,Chief Global Affairs Officer,SEC EDGAR
NFLX|0001065280-26-000240|derivative|2026-08-03|Willems Cletus R|M|Restricted Stock Units|3160|0|D,2026-08-06 03:29:58+0000,NFLX,NETFLIX INC,0001065280,4,2026-08-04,2026-08-03,0001065280-26-000240,https://www.sec.gov/Archives/edgar/data/1065280/000106528026000240/wk-form4_1785878446.xml,derivative,2026-08-03,M,Restricted Stock Units,3160,0,0.0,18960,D,Willems Cletus R,"Officer, Chief Global Affairs Officer",0,1,0,Chief Global Affairs Officer,SEC EDGAR
NFLX|0001065280-26-000240|derivative|2026-08-03|Willems Cletus R|M|Restricted Stock Units|1460|0|D,2026-08-06 03:29:58+0000,NFLX,NETFLIX INC,0001065280,4,2026-08-04,2026-08-03,0001065280-26-000240,https://www.sec.gov/Archives/edgar/data/1065280/000106528026000240/wk-form4_1785878446.xml,derivative,2026-08-03,M,Restricted Stock Units,1460,0,0.0,7330,D,Willems Cletus R,"Officer, Chief Global Affairs Officer",0,1,0,Chief Global Affairs Officer,SEC EDGAR
NFLX|0001065280-26-000240|derivative|2026-08-03|Willems Cletus R|M|Restricted Stock Units|1537|0|D,2026-08-06 03:29:58+0000,NFLX,NETFLIX INC,0001065280,4,2026-08-04,2026-08-03,0001065280-26-000240,https://www.sec.gov/Archives/edgar/data/1065280/000106528026000240/wk-form4_1785878446.xml,derivative,2026-08-03,M,Restricted Stock Units,1537,0,0.0,13838,D,Willems Cletus R,"Officer, Chief Global Affairs Officer",0,1,0,Chief Global Affairs Officer,SEC EDGAR
NFLX|0001065280-26-000230|derivative|2026-08-03|SMITH BRADFORD L|A|Non-Qualified Stock Option (right to buy)|852|0|D,2026-08-06 03:29:58+0000,NFLX,NETFLIX INC,0001065280,4,2026-08-04,2026-08-03,0001065280-26-000230,https://www.sec.gov/Archives/edgar/data/1065280/000106528026000230/wk-form4_1785877677.xml,derivative,2026-08-03,A,Non-Qualified Stock Option (right to buy),852,0,0.0,852,D,SMITH BRADFORD L,Director,1,0,0,,SEC EDGAR
NFLX|0001065280-26-000234|nonDerivative|2026-08-03|SARANDOS THEODORE A|M|Common Stock|25930||D,2026-08-06 03:29:58+0000,NFLX,NETFLIX INC,0001065280,4,2026-08-04,2026-08-03,0001065280-26-000234,https://www.sec.gov/Archives/edgar/data/1065280/000106528026000234/wk-form4_1785878104.xml,nonDerivative,2026-08-03,M,Common Stock,25930,,,310734,D,SARANDOS THEODORE A,"Director, Officer, Co-CEO",1,1,0,Co-CEO,SEC EDGAR
NFLX|0001065280-26-000234|nonDerivative|2026-08-03|SARANDOS THEODORE A|M|Common Stock|14440||D,2026-08-06 03:29:58+0000,NFLX,NETFLIX INC,0001065280,4,2026-08-04,2026-08-03,0001065280-26-000234,https://www.sec.gov/Archives/edgar/data/1065280/000106528026000234/wk-form4_1785878104.xml,nonDerivative,2026-08-03,M,Common Stock,14440,,,325174,D,SARANDOS THEODORE A,"Director, Officer, Co-CEO",1,1,0,Co-CEO,SEC EDGAR
NFLX|0001065280-26-000234|nonDerivative|2026-08-03|SARANDOS THEODORE A|M|Common Stock|14018||D,2026-08-06 03:29:58+0000,NFLX,NETFLIX INC,0001065280,4,2026-08-04,2026-08-03,0001065280-26-000234,https://www.sec.gov/Archives/edgar/data/1065280/000106528026000234/wk-form4_1785878104.xml,nonDerivative,2026-08-03,M,Common Stock,14018,,,339192,D,SARANDOS THEODORE A,"Director, Officer, Co-CEO",1,1,0,Co-CEO,SEC EDGAR
NFLX|0001065280-26-000234|nonDerivative|2026-08-03|SARANDOS THEODORE A|F|Common Stock|12908|71.71|D,2026-08-06 03:29:58+0000,NFLX,NETFLIX INC,0001065280,4,2026-08-04,2026-08-03,0001065280-26-000234,https://www.sec.gov/Archives/edgar/data/1065280/000106528026000234/wk-form4_1785878104.xml,nonDerivative,2026-08-03,F,Common Stock,12908,71.71,925632.6799999999,326284,D,SARANDOS THEODORE A,"Director, Officer, Co-CEO",1,1,0,Co-CEO,SEC EDGAR
NFLX|0001065280-26-000234|nonDerivative|2026-08-03|SARANDOS THEODORE A|F|Common Stock|7189|71.71|D,2026-08-06 03:29:58+0000,NFLX,NETFLIX INC,0001065280,4,2026-08-04,2026-08-03,0001065280-26-000234,https://www.sec.gov/Archives/edgar/data/1065280/000106528026000234/wk-form4_1785878104.xml,nonDerivative,2026-08-03,F,Common Stock,7189,71.71,515523.18999999994,319095,D,SARANDOS THEODORE A,"Director, Officer, Co-CEO",1,1,0,Co-CEO,SEC EDGAR
NFLX|0001065280-26-000234|nonDerivative|2026-08-03|SARANDOS THEODORE A|F|Common Stock|6979|71.71|D,2026-08-06 03:29:58+0000,NFLX,NETFLIX INC,0001065280,4,2026-08-04,2026-08-03,0001065280-26-000234,https://www.sec.gov/Archives/edgar/data/1065280/000106528026000234/wk-form4_1785878104.xml,nonDerivative,2026-08-03,F,Common Stock,6979,71.71,500464.08999999997,312116,D,SARANDOS THEODORE A,"Director, Officer, Co-CEO",1,1,0,Co-CEO,SEC EDGAR
NFLX|0001065280-26-000234|nonDerivative|2026-08-03|SARANDOS THEODORE A|S|Common Stock|81891|72.8985|D,2026-08-06 03:29:58+0000,NFLX,NETFLIX INC,0001065280,4,2026-08-04,2026-08-03,0001065280-26-000234,https://www.sec.gov/Archives/edgar/data/1065280/000106528026000234/wk-form4_1785878104.xml,nonDerivative,2026-08-03,S,Common Stock,81891,72.8985,5969731.0635,230225,D,SARANDOS THEODORE A,"Director, Officer, Co-CEO",1,1,0,Co-CEO,SEC EDGAR
NFLX|0001065280-26-000234|nonDerivative|2026-08-03|SARANDOS THEODORE A|S|Common Stock|23959|73.4768|D,2026-08-06 03:29:58+0000,NFLX,NETFLIX INC,0001065280,4,2026-08-04,2026-08-03,0001065280-26-000234,https://www.sec.gov/Archives/edgar/data/1065280/000106528026000234/wk-form4_1785878104.xml,nonDerivative,2026-08-03,S,Common Stock,23959,73.4768,1760430.6512,206266,D,SARANDOS THEODORE A,"Director, Officer, Co-CEO",1,1,0,Co-CEO,SEC EDGAR
NFLX|0001065280-26-000234|nonDerivative|2026-08-04|SARANDOS THEODORE A|S|Common Stock|27312|73.3532|D,2026-08-06 03:29:58+0000,NFLX,NETFLIX INC,0001065280,4,2026-08-04,2026-08-03,0001065280-26-000234,https://www.sec.gov/Archives/edgar/data/1065280/000106528026000234/wk-form4_1785878104.xml,nonDerivative,2026-08-04,S,Common Stock,27312,73.3532,2003422.5984,178954,D,SARANDOS THEODORE A,"Director, Officer, Co-CEO",1,1,0,Co-CEO,SEC EDGAR
NFLX|0001065280-26-000234|derivative|2026-08-03|SARANDOS THEODORE A|M|Restricted Stock Units|25930|0|D,2026-08-06 03:29:58+0000,NFLX,NETFLIX INC,0001065280,4,2026-08-04,2026-08-03,0001065280-26-000234,https://www.sec.gov/Archives/edgar/data/1065280/000106528026000234/wk-form4_1785878104.xml,derivative,2026-08-03,M,Restricted Stock Units,25930,0,0.0,25930,D,SARANDOS THEODORE A,"Director, Officer, Co-CEO",1,1,0,Co-CEO,SEC EDGAR
NFLX|0001065280-26-000234|derivative|2026-08-03|SARANDOS THEODORE A|M|Restricted Stock Units|14440|0|D,2026-08-06 03:29:58+0000,NFLX,NETFLIX INC,0001065280,4,2026-08-04,2026-08-03,0001065280-26-000234,https://www.sec.gov/Archives/edgar/data/1065280/000106528026000234/wk-form4_1785878104.xml,derivative,2026-08-03,M,Restricted Stock Units,14440,0,0.0,72210,D,SARANDOS THEODORE A,"Director, Officer, Co-CEO",1,1,0,Co-CEO,SEC EDGAR
NFLX|0001065280-26-000234|derivative|2026-08-03|SARANDOS THEODORE A|M|Restricted Stock Units|14018|0|D,2026-08-06 03:29:58+0000,NFLX,NETFLIX INC,0001065280,4,2026-08-04,2026-08-03,0001065280-26-000234,https://www.sec.gov/Archives/edgar/data/1065280/000106528026000234/wk-form4_1785878104.xml,derivative,2026-08-03,M,Restricted Stock Units,14018,0,0.0,126162,D,SARANDOS THEODORE A,"Director, Officer, Co-CEO",1,1,0,Co-CEO,SEC EDGAR
NFLX|0001065280-26-000224|derivative|2026-08-03|RICE SUSAN E|A|Non-Qualified Stock Option (right to buy)|852|0|D,2026-08-06 03:29:58+0000,NFLX,NETFLIX INC,0001065280,4,2026-08-04,2026-08-03,0001065280-26-000224,https://www.sec.gov/Archives/edgar/data/1065280/000106528026000224/wk-form4_1785877516.xml,derivative,2026-08-03,A,Non-Qualified Stock Option (right to buy),852,0,0.0,852,D,RICE SUSAN E,Director,1,0,0,,SEC EDGAR
NFLX|0001065280-26-000238|nonDerivative|2026-08-03|Peters Gregory K|M|Common Stock|25930||D,2026-08-06 03:29:58+0000,NFLX,NETFLIX INC,0001065280,4,2026-08-04,2026-08-03,0001065280-26-000238,https://www.sec.gov/Archives/edgar/data/1065280/000106528026000238/wk-form4_1785878235.xml,nonDerivative,2026-08-03,M,Common Stock,25930,,,146861,D,Peters Gregory K,"Director, Officer, Co-CEO",1,1,0,Co-CEO,SEC EDGAR
NFLX|0001065280-26-000238|nonDerivative|2026-08-03|Peters Gregory K|M|Common Stock|14440||D,2026-08-06 03:29:58+0000,NFLX,NETFLIX INC,0001065280,4,2026-08-04,2026-08-03,0001065280-26-000238,https://www.sec.gov/Archives/edgar/data/1065280/000106528026000238/wk-form4_1785878235.xml,nonDerivative,2026-08-03,M,Common Stock,14440,,,161301,D,Peters Gregory K,"Director, Officer, Co-CEO",1,1,0,Co-CEO,SEC EDGAR
NFLX|0001065280-26-000238|nonDerivative|2026-08-03|Peters Gregory K|M|Common Stock|14018||D,2026-08-06 03:29:58+0000,NFLX,NETFLIX INC,0001065280,4,2026-08-04,2026-08-03,0001065280-26-000238,https://www.sec.gov/Archives/edgar/data/1065280/000106528026000238/wk-form4_1785878235.xml,nonDerivative,2026-08-03,M,Common Stock,14018,,,175319,D,Peters Gregory K,"Director, Officer, Co-CEO",1,1,0,Co-CEO,SEC EDGAR
NFLX|0001065280-26-000238|nonDerivative|2026-08-03|Peters Gregory K|F|Common Stock|12908|71.71|D,2026-08-06 03:29:58+0000,NFLX,NETFLIX INC,0001065280,4,2026-08-04,2026-08-03,0001065280-26-000238,https://www.sec.gov/Archives/edgar/data/1065280/000106528026000238/wk-form4_1785878235.xml,nonDerivative,2026-08-03,F,Common Stock,12908,71.71,925632.6799999999,162411,D,Peters Gregory K,"Director, Officer, Co-CEO",1,1,0,Co-CEO,SEC EDGAR
NFLX|0001065280-26-000238|nonDerivative|2026-08-03|Peters Gregory K|F|Common Stock|7189|71.71|D,2026-08-06 03:29:58+0000,NFLX,NETFLIX INC,0001065280,4,2026-08-04,2026-08-03,0001065280-26-000238,https://www.sec.gov/Archives/edgar/data/1065280/000106528026000238/wk-form4_1785878235.xml,nonDerivative,2026-08-03,F,Common Stock,7189,71.71,515523.18999999994,155222,D,Peters Gregory K,"Director, Officer, Co-CEO",1,1,0,Co-CEO,SEC EDGAR
NFLX|0001065280-26-000238|nonDerivative|2026-08-03|Peters Gregory K|F|Common Stock|6979|71.71|D,2026-08-06 03:29:58+0000,NFLX,NETFLIX INC,0001065280,4,2026-08-04,2026-08-03,0001065280-26-000238,https://www.sec.gov/Archives/edgar/data/1065280/000106528026000238/wk-form4_1785878235.xml,nonDerivative,2026-08-03,F,Common Stock,6979,71.71,500464.08999999997,148243,D,Peters Gregory K,"Director, Officer, Co-CEO",1,1,0,Co-CEO,SEC EDGAR
NFLX|0001065280-26-000238|derivative|2026-08-03|Peters Gregory K|M|Restricted Stock Units|25930|0|D,2026-08-06 03:29:58+0000,NFLX,NETFLIX INC,0001065280,4,2026-08-04,2026-08-03,0001065280-26-000238,https://www.sec.gov/Archives/edgar/data/1065280/000106528026000238/wk-form4_1785878235.xml,derivative,2026-08-03,M,Restricted Stock Units,25930,0,0.0,25930,D,Peters Gregory K,"Director, Officer, Co-CEO",1,1,0,Co-CEO,SEC EDGAR
NFLX|0001065280-26-000238|derivative|2026-08-03|Peters Gregory K|M|Restricted Stock Units|14440|0|D,2026-08-06 03:29:58+0000,NFLX,NETFLIX INC,0001065280,4,2026-08-04,2026-08-03,0001065280-26-000238,https://www.sec.gov/Archives/edgar/data/1065280/000106528026000238/wk-form4_1785878235.xml,derivative,2026-08-03,M,Restricted Stock Units,14440,0,0.0,72210,D,Peters Gregory K,"Director, Officer, Co-CEO",1,1,0,Co-CEO,SEC EDGAR
NFLX|0001065280-26-000238|derivative|2026-08-03|Peters Gregory K|M|Restricted Stock Units|14018|0|D,2026-08-06 03:29:58+0000,NFLX,NETFLIX INC,0001065280,4,2026-08-04,2026-08-03,0001065280-26-000238,https://www.sec.gov/Archives/edgar/data/1065280/000106528026000238/wk-form4_1785878235.xml,derivative,2026-08-03,M,Restricted Stock Units,14018,0,0.0,126162,D,Peters Gregory K,"Director, Officer, Co-CEO",1,1,0,Co-CEO,SEC EDGAR
NFLX|0001065280-26-000236|nonDerivative|2026-08-03|Neumann Spencer Adam|M|Common Stock|8780||D,2026-08-06 03:29:58+0000,NFLX,NETFLIX INC,0001065280,4,2026-08-04,2026-08-03,0001065280-26-000236,https://www.sec.gov/Archives/edgar/data/1065280/000106528026000236/wk-form4_1785878177.xml,nonDerivative,2026-08-03,M,Common Stock,8780,,,82567,D,Neumann Spencer Adam,"Officer, Chief Financial Officer",0,1,0,Chief Financial Officer,SEC EDGAR
NFLX|0001065280-26-000236|nonDerivative|2026-08-03|Neumann Spencer Adam|M|Common Stock|4890||D,2026-08-06 03:29:58+0000,NFLX,NETFLIX INC,0001065280,4,2026-08-04,2026-08-03,0001065280-26-000236,https://www.sec.gov/Archives/edgar/data/1065280/000106528026000236/wk-form4_1785878177.xml,nonDerivative,2026-08-03,M,Common Stock,4890,,,87457,D,Neumann Spencer Adam,"Officer, Chief Financial Officer",0,1,0,Chief Financial Officer,SEC EDGAR
NFLX|0001065280-26-000236|nonDerivative|2026-08-03|Neumann Spencer Adam|M|Common Stock|4748||D,2026-08-06 03:29:58+0000,NFLX,NETFLIX INC,0001065280,4,2026-08-04,2026-08-03,0001065280-26-000236,https://www.sec.gov/Archives/edgar/data/1065280/000106528026000236/wk-form4_1785878177.xml,nonDerivative,2026-08-03,M,Common Stock,4748,,,92205,D,Neumann Spencer Adam,"Officer, Chief Financial Officer",0,1,0,Chief Financial Officer,SEC EDGAR
NFLX|0001065280-26-000236|nonDerivative|2026-08-03|Neumann Spencer Adam|F|Common Stock|4371|71.71|D,2026-08-06 03:29:58+0000,NFLX,NETFLIX INC,0001065280,4,2026-08-04,2026-08-03,0001065280-26-000236,https://www.sec.gov/Archives/edgar/data/1065280/000106528026000236/wk-form4_1785878177.xml,nonDerivative,2026-08-03,F,Common Stock,4371,71.71,313444.41,87834,D,Neumann Spencer Adam,"Officer, Chief Financial Officer",0,1,0,Chief Financial Officer,SEC EDGAR
NFLX|0001065280-26-000236|nonDerivative|2026-08-03|Neumann Spencer Adam|F|Common Stock|2435|71.71|D,2026-08-06 03:29:58+0000,NFLX,NETFLIX INC,0001065280,4,2026-08-04,2026-08-03,0001065280-26-000236,https://www.sec.gov/Archives/edgar/data/1065280/000106528026000236/wk-form4_1785878177.xml,nonDerivative,2026-08-03,F,Common Stock,2435,71.71,174613.84999999998,85399,D,Neumann Spencer Adam,"Officer, Chief Financial Officer",0,1,0,Chief Financial Officer,SEC EDGAR
NFLX|0001065280-26-000236|nonDerivative|2026-08-03|Neumann Spencer Adam|F|Common Stock|2364|71.71|D,2026-08-06 03:29:58+0000,NFLX,NETFLIX INC,0001065280,4,2026-08-04,2026-08-03,0001065280-26-000236,https://www.sec.gov/Archives/edgar/data/1065280/000106528026000236/wk-form4_1785878177.xml,nonDerivative,2026-08-03,F,Common Stock,2364,71.71,169522.43999999997,83035,D,Neumann Spencer Adam,"Officer, Chief Financial Officer",0,1,0,Chief Financial Officer,SEC EDGAR
NFLX|0001065280-26-000236|derivative|2026-08-03|Neumann Spencer Adam|M|Restricted Stock Units|8780|0|D,2026-08-06 03:29:58+0000,NFLX,NETFLIX INC,0001065280,4,2026-08-04,2026-08-03,0001065280-26-000236,https://www.sec.gov/Archives/edgar/data/1065280/000106528026000236/wk-form4_1785878177.xml,derivative,2026-08-03,M,Restricted Stock Units,8780,0,0.0,8790,D,Neumann Spencer Adam,"Officer, Chief Financial Officer",0,1,0,Chief Financial Officer,SEC EDGAR
NFLX|0001065280-26-000236|derivative|2026-08-03|Neumann Spencer Adam|M|Restricted Stock Units|4890|0|D,2026-08-06 03:29:58+0000,NFLX,NETFLIX INC,0001065280,4,2026-08-04,2026-08-03,0001065280-26-000236,https://www.sec.gov/Archives/edgar/data/1065280/000106528026000236/wk-form4_1785878177.xml,derivative,2026-08-03,M,Restricted Stock Units,4890,0,0.0,24460,D,Neumann Spencer Adam,"Officer, Chief Financial Officer",0,1,0,Chief Financial Officer,SEC EDGAR
NFLX|0001065280-26-000236|derivative|2026-08-03|Neumann Spencer Adam|M|Restricted Stock Units|4748|0|D,2026-08-06 03:29:58+0000,NFLX,NETFLIX INC,0001065280,4,2026-08-04,2026-08-03,0001065280-26-000236,https://www.sec.gov/Archives/edgar/data/1065280/000106528026000236/wk-form4_1785878177.xml,derivative,2026-08-03,M,Restricted Stock Units,4748,0,0.0,42733,D,Neumann Spencer Adam,"Officer, Chief Financial Officer",0,1,0,Chief Financial Officer,SEC EDGAR
NFLX|0001065280-26-000228|derivative|2026-08-03|Mertz Elinor|A|Non-Qualified Stock Option (right to buy)|852|0|D,2026-08-06 03:29:58+0000,NFLX,NETFLIX INC,0001065280,4,2026-08-04,2026-08-03,0001065280-26-000228,https://www.sec.gov/Archives/edgar/data/1065280/000106528026000228/wk-form4_1785877624.xml,derivative,2026-08-03,A,Non-Qualified Stock Option (right to buy),852,0,0.0,852,D,Mertz Elinor,Director,1,0,0,,SEC EDGAR
NFLX|0001065280-26-000232|derivative|2026-08-03|Masiyiwa Strive|A|Non-Qualified Stock Option (right to buy)|852|0|D,2026-08-06 03:29:58+0000,NFLX,NETFLIX INC,0001065280,4,2026-08-04,2026-08-03,0001065280-26-000232,https://www.sec.gov/Archives/edgar/data/1065280/000106528026000232/wk-form4_1785877732.xml,derivative,2026-08-03,A,Non-Qualified Stock Option (right to buy),852,0,0.0,852,D,Masiyiwa Strive,Director,1,0,0,,SEC EDGAR
NFLX|0001065280-26-000226|derivative|2026-08-03|MATHER ANN|A|Non-Qualified Stock Option (right to buy)|852|0|D,2026-08-06 03:29:58+0000,NFLX,NETFLIX INC,0001065280,4,2026-08-04,2026-08-03,0001065280-26-000226,https://www.sec.gov/Archives/edgar/data/1065280/000106528026000226/wk-form4_1785877578.xml,derivative,2026-08-03,A,Non-Qualified Stock Option (right to buy),852,0,0.0,852,D,MATHER ANN,Director,1,0,0,,SEC EDGAR
NFLX|0001065280-26-000223|derivative|2026-08-03|Karbowski Jeffrey William|A|Non-Qualified Stock Option (right to buy)|994|0|D,2026-08-06 03:29:58+0000,NFLX,NETFLIX INC,0001065280,4,2026-08-04,2026-08-03,0001065280-26-000223,https://www.sec.gov/Archives/edgar/data/1065280/000106528026000223/wk-form4_1785877445.xml,derivative,2026-08-03,A,Non-Qualified Stock Option (right to buy),994,0,0.0,994,D,Karbowski Jeffrey William,"Officer, Chief Accounting Officer",0,1,0,Chief Accounting Officer,SEC EDGAR
NFLX|0001065280-26-000221|derivative|2026-08-03|KILGORE LESLIE J|A|Non-Qualified Stock Option (right to buy)|852|0|D,2026-08-06 03:29:58+0000,NFLX,NETFLIX INC,0001065280,4,2026-08-04,2026-08-03,0001065280-26-000221,https://www.sec.gov/Archives/edgar/data/1065280/000106528026000221/wk-form4_1785877385.xml,derivative,2026-08-03,A,Non-Qualified Stock Option (right to buy),852,0,0.0,852,D,KILGORE LESLIE J,Director,1,0,0,,SEC EDGAR
NFLX|0001104659-26-090530|derivative|2026-08-03|Hoag Jay C|A|Non-Qualified Stock Option (right to buy)|852|0|D,2026-08-06 03:29:58+0000,NFLX,NETFLIX INC,0001065280,4,2026-08-04,2026-08-03,0001104659-26-090530,https://www.sec.gov/Archives/edgar/data/1065280/000110465926090530/tm2622242-1_4seq1.xml,derivative,2026-08-03,A,Non-Qualified Stock Option (right to buy),852,0,0.0,852,D,Hoag Jay C,Director,1,0,0,,SEC EDGAR
NFLX|0001065280-26-000242|nonDerivative|2026-08-03|HYMAN DAVID A|M|Common Stock|5440||D,2026-08-06 03:29:58+0000,NFLX,NETFLIX INC,0001065280,4,2026-08-04,2026-08-03,0001065280-26-000242,https://www.sec.gov/Archives/edgar/data/1065280/000106528026000242/wk-form4_1785878597.xml,nonDerivative,2026-08-03,M,Common Stock,5440,,,321540,D,HYMAN DAVID A,"Officer, Chief Legal Officer",0,1,0,Chief Legal Officer,SEC EDGAR
NFLX|0001065280-26-000242|nonDerivative|2026-08-03|HYMAN DAVID A|M|Common Stock|3020||D,2026-08-06 03:29:58+0000,NFLX,NETFLIX INC,0001065280,4,2026-08-04,2026-08-03,0001065280-26-000242,https://www.sec.gov/Archives/edgar/data/1065280/000106528026000242/wk-form4_1785878597.xml,nonDerivative,2026-08-03,M,Common Stock,3020,,,324560,D,HYMAN DAVID A,"Officer, Chief Legal Officer",0,1,0,Chief Legal Officer,SEC EDGAR
NFLX|0001065280-26-000242|nonDerivative|2026-08-03|HYMAN DAVID A|M|Common Stock|2940||D,2026-08-06 03:29:58+0000,NFLX,NETFLIX INC,0001065280,4,2026-08-04,2026-08-03,0001065280-26-000242,https://www.sec.gov/Archives/edgar/data/1065280/000106528026000242/wk-form4_1785878597.xml,nonDerivative,2026-08-03,M,Common Stock,2940,,,327500,D,HYMAN DAVID A,"Officer, Chief Legal Officer",0,1,0,Chief Legal Officer,SEC EDGAR
NFLX|0001065280-26-000242|nonDerivative|2026-08-03|HYMAN DAVID A|F|Common Stock|2709|71.71|D,2026-08-06 03:29:58+0000,NFLX,NETFLIX INC,0001065280,4,2026-08-04,2026-08-03,0001065280-26-000242,https://www.sec.gov/Archives/edgar/data/1065280/000106528026000242/wk-form4_1785878597.xml,nonDerivative,2026-08-03,F,Common Stock,2709,71.71,194262.38999999998,324791,D,HYMAN DAVID A,"Officer, Chief Legal Officer",0,1,0,Chief Legal Officer,SEC EDGAR
NFLX|0001065280-26-000242|nonDerivative|2026-08-03|HYMAN DAVID A|F|Common Stock|1504|71.71|D,2026-08-06 03:29:58+0000,NFLX,NETFLIX INC,0001065280,4,2026-08-04,2026-08-03,0001065280-26-000242,https://www.sec.gov/Archives/edgar/data/1065280/000106528026000242/wk-form4_1785878597.xml,nonDerivative,2026-08-03,F,Common Stock,1504,71.71,107851.84,323287,D,HYMAN DAVID A,"Officer, Chief Legal Officer",0,1,0,Chief Legal Officer,SEC EDGAR
NFLX|0001065280-26-000242|nonDerivative|2026-08-03|HYMAN DAVID A|F|Common Stock|1464|71.71|D,2026-08-06 03:29:58+0000,NFLX,NETFLIX INC,0001065280,4,2026-08-04,2026-08-03,0001065280-26-000242,https://www.sec.gov/Archives/edgar/data/1065280/000106528026000242/wk-form4_1785878597.xml,nonDerivative,2026-08-03,F,Common Stock,1464,71.71,104983.43999999999,321823,D,HYMAN DAVID A,"Officer, Chief Legal Officer",0,1,0,Chief Legal Officer,SEC EDGAR
NFLX|0001065280-26-000242|nonDerivative|2026-08-04|HYMAN DAVID A|S|Common Stock|5723|72.8463|D,2026-08-06 03:29:58+0000,NFLX,NETFLIX INC,0001065280,4,2026-08-04,2026-08-03,0001065280-26-000242,https://www.sec.gov/Archives/edgar/data/1065280/000106528026000242/wk-form4_1785878597.xml,nonDerivative,2026-08-04,S,Common Stock,5723,72.8463,416899.3749,316100,D,HYMAN DAVID A,"Officer, Chief Legal Officer",0,1,0,Chief Legal Officer,SEC EDGAR
NFLX|0001065280-26-000242|derivative|2026-08-03|HYMAN DAVID A|M|Restricted Stock Units|5440|0|D,2026-08-06 03:29:58+0000,NFLX,NETFLIX INC,0001065280,4,2026-08-04,2026-08-03,0001065280-26-000242,https://www.sec.gov/Archives/edgar/data/1065280/000106528026000242/wk-form4_1785878597.xml,derivative,2026-08-03,M,Restricted Stock Units,5440,0,0.0,5440,D,HYMAN DAVID A,"Officer, Chief Legal Officer",0,1,0,Chief Legal Officer,SEC EDGAR
NFLX|0001065280-26-000242|derivative|2026-08-03|HYMAN DAVID A|M|Restricted Stock Units|3020|0|D,2026-08-06 03:29:58+0000,NFLX,NETFLIX INC,0001065280,4,2026-08-04,2026-08-03,0001065280-26-000242,https://www.sec.gov/Archives/edgar/data/1065280/000106528026000242/wk-form4_1785878597.xml,derivative,2026-08-03,M,Restricted Stock Units,3020,0,0.0,15150,D,HYMAN DAVID A,"Officer, Chief Legal Officer",0,1,0,Chief Legal Officer,SEC EDGAR
NFLX|0001065280-26-000242|derivative|2026-08-03|HYMAN DAVID A|M|Restricted Stock Units|2940|0|D,2026-08-06 03:29:58+0000,NFLX,NETFLIX INC,0001065280,4,2026-08-04,2026-08-03,0001065280-26-000242,https://www.sec.gov/Archives/edgar/data/1065280/000106528026000242/wk-form4_1785878597.xml,derivative,2026-08-03,M,Restricted Stock Units,2940,0,0.0,26454,D,HYMAN DAVID A,"Officer, Chief Legal Officer",0,1,0,Chief Legal Officer,SEC EDGAR
NFLX|0001065280-26-000219|derivative|2026-08-03|Dopfner Mathias|A|Non-Qualified Stock Option (right to buy)|852|0|D,2026-08-06 03:29:58+0000,NFLX,NETFLIX INC,0001065280,4,2026-08-04,2026-08-03,0001065280-26-000219,https://www.sec.gov/Archives/edgar/data/1065280/000106528026000219/wk-form4_1785877318.xml,derivative,2026-08-03,A,Non-Qualified Stock Option (right to buy),852,0,0.0,852,D,Dopfner Mathias,Director,1,0,0,,SEC EDGAR
NFLX|0001065280-26-000217|derivative|2026-08-03|BARTON RICHARD N|A|Non-Qualified Stock Option (right to buy)|852|0|D,2026-08-06 03:29:58+0000,NFLX,NETFLIX INC,0001065280,4,2026-08-04,2026-08-03,0001065280-26-000217,https://www.sec.gov/Archives/edgar/data/1065280/000106528026000217/wk-form4_1785877253.xml,derivative,2026-08-03,A,Non-Qualified Stock Option (right to buy),852,0,0.0,852,D,BARTON RICHARD N,Director,1,0,0,,SEC EDGAR
MTB|0001628280-26-052468|nonDerivative|2026-08-03|Ledgett Richard H. Jr.|S|Common Stock|855|248.161|D,2026-08-06 03:29:58+0000,MTB,M&T BANK CORP,0000036270,4,2026-08-04,2026-08-03,0001628280-26-052468,https://www.sec.gov/Archives/edgar/data/36270/000162828026052468/wk-form4_1785872345.xml,nonDerivative,2026-08-03,S,Common Stock,855,248.161,212177.655,4690,D,Ledgett Richard H. Jr.,Director,1,0,0,,SEC EDGAR
MTB|0001628280-26-052471|nonDerivative|2026-07-31|Bible Daryl N.|F|Common Stock|3043|246.29|D,2026-08-06 03:29:58+0000,MTB,M&T BANK CORP,0000036270,4,2026-08-04,2026-07-31,0001628280-26-052471,https://www.sec.gov/Archives/edgar/data/36270/000162828026052471/wk-form4_1785872465.xml,nonDerivative,2026-07-31,F,Common Stock,3043,246.29,749460.47,26967,D,Bible Daryl N.,"Officer, Sr. EVP & CFO",0,1,0,Sr. EVP & CFO,SEC EDGAR
MPC|0001193125-26-332984|nonDerivative|2026-08-03|Mannen Maryann T.|F|Common Stock|908|311.78|D,2026-08-06 03:29:58+0000,MPC,Marathon Petroleum Corp,0001510295,4,2026-08-04,2026-08-03,0001193125-26-332984,https://www.sec.gov/Archives/edgar/data/1510295/000119312526332984/ownership.xml,nonDerivative,2026-08-03,F,Common Stock,908,311.78,283096.24,110939,D,Mannen Maryann T.,"Chairman, President & CEO",true,true,false,"Chairman, President & CEO",SEC EDGAR
MLM|0000916076-26-000077|nonDerivative|2026-08-03|Petro Michael J|F|Common Stock|368|542.27|D,2026-08-06 03:29:58+0000,MLM,MARTIN MARIETTA MATERIALS INC,0000916076,4,2026-08-04,2026-08-03,0000916076-26-000077,https://www.sec.gov/Archives/edgar/data/916076/000091607626000077/form4.xml,nonDerivative,2026-08-03,F,Common Stock,368,542.27,199555.36,14990.6026,D,Petro Michael J,"Officer, SVP and CFO",,1,,SVP and CFO,SEC EDGAR
META|0000950103-26-011908|nonDerivative|2026-07-31|Zuckerberg Mark|C|Class A Common Stock|591690|0|I,2026-08-06 03:29:58+0000,META,"Meta Platforms, Inc.",0001326801,4,2026-08-04,2026-07-31,0000950103-26-011908,https://www.sec.gov/Archives/edgar/data/1326801/000095010326011908/ownership.xml,nonDerivative,2026-07-31,C,Class A Common Stock,591690,0,0.0,591690,I,Zuckerberg Mark,"Director, Officer, 10% Owner, COB and CEO",1,1,1,COB and CEO,SEC EDGAR
META|0000950103-26-011908|nonDerivative|2026-07-31|Zuckerberg Mark|G|Class A Common Stock|591690|0|I,2026-08-06 03:29:58+0000,META,"Meta Platforms, Inc.",0001326801,4,2026-08-04,2026-07-31,0000950103-26-011908,https://www.sec.gov/Archives/edgar/data/1326801/000095010326011908/ownership.xml,nonDerivative,2026-07-31,G,Class A Common Stock,591690,0,0.0,1231037,I,Zuckerberg Mark,"Director, Officer, 10% Owner, COB and CEO",1,1,1,COB and CEO,SEC EDGAR
META|0000950103-26-011908|derivative|2026-07-31|Zuckerberg Mark|C|Class B Common Stock|591690|0|I,2026-08-06 03:29:58+0000,META,"Meta Platforms, Inc.",0001326801,4,2026-08-04,2026-07-31,0000950103-26-011908,https://www.sec.gov/Archives/edgar/data/1326801/000095010326011908/ownership.xml,derivative,2026-07-31,C,Class B Common Stock,591690,0,0.0,100119267,I,Zuckerberg Mark,"Director, Officer, 10% Owner, COB and CEO",1,1,1,COB and CEO,SEC EDGAR
META|0000950103-26-011909|nonDerivative|2026-07-31|Alford Peggy|S|Class A Common Stock|464|543.56|I,2026-08-06 03:29:58+0000,META,"Meta Platforms, Inc.",0001326801,4,2026-08-04,2026-07-31,0000950103-26-011909,https://www.sec.gov/Archives/edgar/data/1326801/000095010326011909/ownership.xml,nonDerivative,2026-07-31,S,Class A Common Stock,464,543.56,252211.83999999997,2840,I,Alford Peggy,Director,1,0,0,,SEC EDGAR
MDT|0002028475-26-000010|nonDerivative|2026-07-31|Walter Matthew R.|F|Ordinary Shares|1675|85.39|D,2026-08-06 03:29:58+0000,MDT,Medtronic plc,0001613103,4,2026-08-04,2026-07-31,0002028475-26-000010,https://www.sec.gov/Archives/edgar/data/1613103/000202847526000010/wk-form4_1785888007.xml,nonDerivative,2026-07-31,F,Ordinary Shares,1675,85.39,143028.25,34159,D,Walter Matthew R.,"Officer, SVP, Chief HR Officer",0,1,0,"SVP, Chief HR Officer",SEC EDGAR
MDT|0002028475-26-000010|nonDerivative|2026-08-03|Walter Matthew R.|A|Ordinary Shares|5769|0|D,2026-08-06 03:29:58+0000,MDT,Medtronic plc,0001613103,4,2026-08-04,2026-07-31,0002028475-26-000010,https://www.sec.gov/Archives/edgar/data/1613103/000202847526000010/wk-form4_1785888007.xml,nonDerivative,2026-08-03,A,Ordinary Shares,5769,0,0.0,39928,D,Walter Matthew R.,"Officer, SVP, Chief HR Officer",0,1,0,"SVP, Chief HR Officer",SEC EDGAR
MDT|0002028475-26-000010|derivative|2026-08-03|Walter Matthew R.|A|Performance Share Units|14421|0|D,2026-08-06 03:29:58+0000,MDT,Medtronic plc,0001613103,4,2026-08-04,2026-07-31,0002028475-26-000010,https://www.sec.gov/Archives/edgar/data/1613103/000202847526000010/wk-form4_1785888007.xml,derivative,2026-08-03,A,Performance Share Units,14421,0,0.0,14421,D,Walter Matthew R.,"Officer, SVP, Chief HR Officer",0,1,0,"SVP, Chief HR Officer",SEC EDGAR
MDT|0002028475-26-000010|derivative|2026-08-03|Walter Matthew R.|A|Stock Option (Right to Buy)|40973|0|D,2026-08-06 03:29:58+0000,MDT,Medtronic plc,0001613103,4,2026-08-04,2026-07-31,0002028475-26-000010,https://www.sec.gov/Archives/edgar/data/1613103/000202847526000010/wk-form4_1785888007.xml,derivative,2026-08-03,A,Stock Option (Right to Buy),40973,0,0.0,40973,D,Walter Matthew R.,"Officer, SVP, Chief HR Officer",0,1,0,"SVP, Chief HR Officer",SEC EDGAR
MDT|0002137804-26-000004|nonDerivative|2026-07-31|Thompson Kweli|F|Ordinary Shares|1739|85.39|D,2026-08-06 03:29:58+0000,MDT,Medtronic plc,0001613103,4,2026-08-04,2026-07-31,0002137804-26-000004,https://www.sec.gov/Archives/edgar/data/1613103/000213780426000004/wk-form4_1785887983.xml,nonDerivative,2026-07-31,F,Ordinary Shares,1739,85.39,148493.21,28467,D,Thompson Kweli,"Officer, EVP & President, Neuroscience",0,1,0,"EVP & President, Neuroscience",SEC EDGAR
MDT|0002137804-26-000004|nonDerivative|2026-08-03|Thompson Kweli|A|Ordinary Shares|6923|0|D,2026-08-06 03:29:58+0000,MDT,Medtronic plc,0001613103,4,2026-08-04,2026-07-31,0002137804-26-000004,https://www.sec.gov/Archives/edgar/data/1613103/000213780426000004/wk-form4_1785887983.xml,nonDerivative,2026-08-03,A,Ordinary Shares,6923,0,0.0,35390,D,Thompson Kweli,"Officer, EVP & President, Neuroscience",0,1,0,"EVP & President, Neuroscience",SEC EDGAR
MDT|0002137804-26-000004|derivative|2026-08-03|Thompson Kweli|A|Performance Share Units|17306|0|D,2026-08-06 03:29:58+0000,MDT,Medtronic plc,0001613103,4,2026-08-04,2026-07-31,0002137804-26-000004,https://www.sec.gov/Archives/edgar/data/1613103/000213780426000004/wk-form4_1785887983.xml,derivative,2026-08-03,A,Performance Share Units,17306,0,0.0,17306,D,Thompson Kweli,"Officer, EVP & President, Neuroscience",0,1,0,"EVP & President, Neuroscience",SEC EDGAR
MDT|0002137804-26-000004|derivative|2026-08-03|Thompson Kweli|A|Stock Option (Right to Buy)|49167|0|D,2026-08-06 03:29:58+0000,MDT,Medtronic plc,0001613103,4,2026-08-04,2026-07-31,0002137804-26-000004,https://www.sec.gov/Archives/edgar/data/1613103/000213780426000004/wk-form4_1785887983.xml,derivative,2026-08-03,A,Stock Option (Right to Buy),49167,0,0.0,49167,D,Thompson Kweli,"Officer, EVP & President, Neuroscience",0,1,0,"EVP & President, Neuroscience",SEC EDGAR
MDT|0001964281-26-000004|nonDerivative|2026-08-03|Quinn Michelle|A|Ordinary Shares|6346|0|D,2026-08-06 03:29:58+0000,MDT,Medtronic plc,0001613103,4,2026-08-04,2026-08-03,0001964281-26-000004,https://www.sec.gov/Archives/edgar/data/1613103/000196428126000004/wk-form4_1785887963.xml,nonDerivative,2026-08-03,A,Ordinary Shares,6346,0,0.0,26721,D,Quinn Michelle,"Officer, EVP, GC and Secretary",0,1,0,"EVP, GC and Secretary",SEC EDGAR
MDT|0001964281-26-000004|derivative|2026-08-03|Quinn Michelle|A|Performance Share Units|15863|0|D,2026-08-06 03:29:58+0000,MDT,Medtronic plc,0001613103,4,2026-08-04,2026-08-03,0001964281-26-000004,https://www.sec.gov/Archives/edgar/data/1613103/000196428126000004/wk-form4_1785887963.xml,derivative,2026-08-03,A,Performance Share Units,15863,0,0.0,15863,D,Quinn Michelle,"Officer, EVP, GC and Secretary",0,1,0,"EVP, GC and Secretary",SEC EDGAR
MDT|0001964281-26-000004|derivative|2026-08-03|Quinn Michelle|A|Stock Option (Right to Buy)|45070|0|D,2026-08-06 03:29:58+0000,MDT,Medtronic plc,0001613103,4,2026-08-04,2026-08-03,0001964281-26-000004,https://www.sec.gov/Archives/edgar/data/1613103/000196428126000004/wk-form4_1785887963.xml,derivative,2026-08-03,A,Stock Option (Right to Buy),45070,0,0.0,45070,D,Quinn Michelle,"Officer, EVP, GC and Secretary",0,1,0,"EVP, GC and Secretary",SEC EDGAR
MDT|0002056622-26-000003|nonDerivative|2026-08-03|Pieton Thierry|A|Ordinary Shares|11537|0|D,2026-08-06 03:29:58+0000,MDT,Medtronic plc,0001613103,4,2026-08-04,2026-08-03,0002056622-26-000003,https://www.sec.gov/Archives/edgar/data/1613103/000205662226000003/wk-form4_1785887944.xml,nonDerivative,2026-08-03,A,Ordinary Shares,11537,0,0.0,49645,D,Pieton Thierry,"Officer, EVP & Chief Financial Officer",0,1,0,EVP & Chief Financial Officer,SEC EDGAR
MDT|0002056622-26-000003|derivative|2026-08-03|Pieton Thierry|A|Performance Share Units|28842|0|D,2026-08-06 03:29:58+0000,MDT,Medtronic plc,0001613103,4,2026-08-04,2026-08-03,0002056622-26-000003,https://www.sec.gov/Archives/edgar/data/1613103/000205662226000003/wk-form4_1785887944.xml,derivative,2026-08-03,A,Performance Share Units,28842,0,0.0,28842,D,Pieton Thierry,"Officer, EVP & Chief Financial Officer",0,1,0,EVP & Chief Financial Officer,SEC EDGAR
MDT|0002056622-26-000003|derivative|2026-08-03|Pieton Thierry|A|Stock Option (Right to Buy)|81945|0|D,2026-08-06 03:29:58+0000,MDT,Medtronic plc,0001613103,4,2026-08-04,2026-08-03,0002056622-26-000003,https://www.sec.gov/Archives/edgar/data/1613103/000205662226000003/wk-form4_1785887944.xml,derivative,2026-08-03,A,Stock Option (Right to Buy),81945,0,0.0,81945,D,Pieton Thierry,"Officer, EVP & Chief Financial Officer",0,1,0,EVP & Chief Financial Officer,SEC EDGAR
MDT|0001560409-26-000008|nonDerivative|2026-07-31|Martha Geoffrey|F|Ordinary Shares|15810|85.39|D,2026-08-06 03:29:58+0000,MDT,Medtronic plc,0001613103,4,2026-08-04,2026-07-31,0001560409-26-000008,https://www.sec.gov/Archives/edgar/data/1613103/000156040926000008/wk-form4_1785887872.xml,nonDerivative,2026-07-31,F,Ordinary Shares,15810,85.39,1350015.9,286333,D,Martha Geoffrey,"Director, Officer, Chairman and CEO",1,1,0,Chairman and CEO,SEC EDGAR
MDT|0001560409-26-000008|nonDerivative|2026-08-03|Martha Geoffrey|A|Ordinary Shares|41533|0|D,2026-08-06 03:29:58+0000,MDT,Medtronic plc,0001613103,4,2026-08-04,2026-07-31,0001560409-26-000008,https://www.sec.gov/Archives/edgar/data/1613103/000156040926000008/wk-form4_1785887872.xml,nonDerivative,2026-08-03,A,Ordinary Shares,41533,0,0.0,327866,D,Martha Geoffrey,"Director, Officer, Chairman and CEO",1,1,0,Chairman and CEO,SEC EDGAR
MDT|0001560409-26-000008|derivative|2026-08-03|Martha Geoffrey|A|Performance Share Units|103831|0|D,2026-08-06 03:29:58+0000,MDT,Medtronic plc,0001613103,4,2026-08-04,2026-07-31,0001560409-26-000008,https://www.sec.gov/Archives/edgar/data/1613103/000156040926000008/wk-form4_1785887872.xml,derivative,2026-08-03,A,Performance Share Units,103831,0,0.0,103831,D,Martha Geoffrey,"Director, Officer, Chairman and CEO",1,1,0,Chairman and CEO,SEC EDGAR
MDT|0001560409-26-000008|derivative|2026-08-03|Martha Geoffrey|A|Stock Option (Right to Buy)|295002|0|D,2026-08-06 03:29:58+0000,MDT,Medtronic plc,0001613103,4,2026-08-04,2026-07-31,0001560409-26-000008,https://www.sec.gov/Archives/edgar/data/1613103/000156040926000008/wk-form4_1785887872.xml,derivative,2026-08-03,A,Stock Option (Right to Buy),295002,0,0.0,295002,D,Martha Geoffrey,"Director, Officer, Chairman and CEO",1,1,0,Chairman and CEO,SEC EDGAR
MDT|0001560409-26-000008|derivative|2026-08-03|Martha Geoffrey|A|Stock Option (Right to Buy)|273150|0|D,2026-08-06 03:29:58+0000,MDT,Medtronic plc,0001613103,4,2026-08-04,2026-07-31,0001560409-26-000008,https://www.sec.gov/Archives/edgar/data/1613103/000156040926000008/wk-form4_1785887872.xml,derivative,2026-08-03,A,Stock Option (Right to Buy),273150,0,0.0,273150,D,Martha Geoffrey,"Director, Officer, Chairman and CEO",1,1,0,Chairman and CEO,SEC EDGAR
MDT|0001984186-26-000006|nonDerivative|2026-07-31|Marinaro Michael|F|Ordinary Shares|3356|85.39|D,2026-08-06 03:29:58+0000,MDT,Medtronic plc,0001613103,4,2026-08-04,2026-07-31,0001984186-26-000006,https://www.sec.gov/Archives/edgar/data/1613103/000198418626000006/wk-form4_1785887926.xml,nonDerivative,2026-07-31,F,Ordinary Shares,3356,85.39,286568.84,60313,D,Marinaro Michael,"Officer, EVP, Pres MedSurg and Americas",0,1,0,"EVP, Pres MedSurg and Americas",SEC EDGAR
MDT|0001984186-26-000006|nonDerivative|2026-08-03|Marinaro Michael|A|Ordinary Shares|10960|0|D,2026-08-06 03:29:58+0000,MDT,Medtronic plc,0001613103,4,2026-08-04,2026-07-31,0001984186-26-000006,https://www.sec.gov/Archives/edgar/data/1613103/000198418626000006/wk-form4_1785887926.xml,nonDerivative,2026-08-03,A,Ordinary Shares,10960,0,0.0,71273,D,Marinaro Michael,"Officer, EVP, Pres MedSurg and Americas",0,1,0,"EVP, Pres MedSurg and Americas",SEC EDGAR
MDT|0001984186-26-000006|nonDerivative|2026-08-03|Marinaro Michael|A|Ordinary Shares|46147|0|D,2026-08-06 03:29:58+0000,MDT,Medtronic plc,0001613103,4,2026-08-04,2026-07-31,0001984186-26-000006,https://www.sec.gov/Archives/edgar/data/1613103/000198418626000006/wk-form4_1785887926.xml,nonDerivative,2026-08-03,A,Ordinary Shares,46147,0,0.0,117420,D,Marinaro Michael,"Officer, EVP, Pres MedSurg and Americas",0,1,0,"EVP, Pres MedSurg and Americas",SEC EDGAR
MDT|0001984186-26-000006|derivative|2026-08-03|Marinaro Michael|A|Performance Share Units|27400|0|D,2026-08-06 03:29:58+0000,MDT,Medtronic plc,0001613103,4,2026-08-04,2026-07-31,0001984186-26-000006,https://www.sec.gov/Archives/edgar/data/1613103/000198418626000006/wk-form4_1785887926.xml,derivative,2026-08-03,A,Performance Share Units,27400,0,0.0,27400,D,Marinaro Michael,"Officer, EVP, Pres MedSurg and Americas",0,1,0,"EVP, Pres MedSurg and Americas",SEC EDGAR
MDT|0001984186-26-000006|derivative|2026-08-03|Marinaro Michael|A|Stock Option (Right to Buy)|77848|0|D,2026-08-06 03:29:58+0000,MDT,Medtronic plc,0001613103,4,2026-08-04,2026-07-31,0001984186-26-000006,https://www.sec.gov/Archives/edgar/data/1613103/000198418626000006/wk-form4_1785887926.xml,derivative,2026-08-03,A,Stock Option (Right to Buy),77848,0,0.0,77848,D,Marinaro Michael,"Officer, EVP, Pres MedSurg and Americas",0,1,0,"EVP, Pres MedSurg and Americas",SEC EDGAR
MDT|0001708062-26-000010|nonDerivative|2026-07-31|KIIL HARRY SKIP|F|Ordinary Shares|3074|85.39|D,2026-08-06 03:29:58+0000,MDT,Medtronic plc,0001613103,4,2026-08-04,2026-07-31,0001708062-26-000010,https://www.sec.gov/Archives/edgar/data/1613103/000170806226000010/wk-form4_1785887900.xml,nonDerivative,2026-07-31,F,Ordinary Shares,3074,85.39,262488.86,34439,D,KIIL HARRY SKIP,"Officer, EVP & President Cardiovascular",0,1,0,EVP & President Cardiovascular,SEC EDGAR
MDT|0001708062-26-000010|nonDerivative|2026-08-03|KIIL HARRY SKIP|A|Ordinary Shares|9230|0|D,2026-08-06 03:29:58+0000,MDT,Medtronic plc,0001613103,4,2026-08-04,2026-07-31,0001708062-26-000010,https://www.sec.gov/Archives/edgar/data/1613103/000170806226000010/wk-form4_1785887900.xml,nonDerivative,2026-08-03,A,Ordinary Shares,9230,0,0.0,43669,D,KIIL HARRY SKIP,"Officer, EVP & President Cardiovascular",0,1,0,EVP & President Cardiovascular,SEC EDGAR
MDT|0001708062-26-000010|derivative|2026-08-03|KIIL HARRY SKIP|A|Performance Share Units|23074|0|D,2026-08-06 03:29:58+0000,MDT,Medtronic plc,0001613103,4,2026-08-04,2026-07-31,0001708062-26-000010,https://www.sec.gov/Archives/edgar/data/1613103/000170806226000010/wk-form4_1785887900.xml,derivative,2026-08-03,A,Performance Share Units,23074,0,0.0,23074,D,KIIL HARRY SKIP,"Officer, EVP & President Cardiovascular",0,1,0,EVP & President Cardiovascular,SEC EDGAR
MDT|0001708062-26-000010|derivative|2026-08-03|KIIL HARRY SKIP|A|Stock Option (Right to Buy)|65556|0|D,2026-08-06 03:29:58+0000,MDT,Medtronic plc,0001613103,4,2026-08-04,2026-07-31,0001708062-26-000010,https://www.sec.gov/Archives/edgar/data/1613103/000170806226000010/wk-form4_1785887900.xml,derivative,2026-08-03,A,Stock Option (Right to Buy),65556,0,0.0,65556,D,KIIL HARRY SKIP,"Officer, EVP & President Cardiovascular",0,1,0,EVP & President Cardiovascular,SEC EDGAR
MDT|0002061393-26-000012|nonDerivative|2026-07-31|Blomquist Denise L.|F|Ordinary Shares|212|85.39|D,2026-08-06 03:29:58+0000,MDT,Medtronic plc,0001613103,4,2026-08-04,2026-07-31,0002061393-26-000012,https://www.sec.gov/Archives/edgar/data/1613103/000206139326000012/wk-form4_1785888034.xml,nonDerivative,2026-07-31,F,Ordinary Shares,212,85.39,18102.68,14661,D,Blomquist Denise L.,"Officer, Chief Accounting Officer",0,1,0,Chief Accounting Officer,SEC EDGAR
MDT|0002061393-26-000012|nonDerivative|2026-08-03|Blomquist Denise L.|A|Ordinary Shares|2337|0|D,2026-08-06 03:29:58+0000,MDT,Medtronic plc,0001613103,4,2026-08-04,2026-07-31,0002061393-26-000012,https://www.sec.gov/Archives/edgar/data/1613103/000206139326000012/wk-form4_1785888034.xml,nonDerivative,2026-08-03,A,Ordinary Shares,2337,0,0.0,16998,D,Blomquist Denise L.,"Officer, Chief Accounting Officer",0,1,0,Chief Accounting Officer,SEC EDGAR
MDT|0002061393-26-000012|derivative|2026-08-03|Blomquist Denise L.|A|Performance Share Units|2337|0|D,2026-08-06 03:29:58+0000,MDT,Medtronic plc,0001613103,4,2026-08-04,2026-07-31,0002061393-26-000012,https://www.sec.gov/Archives/edgar/data/1613103/000206139326000012/wk-form4_1785888034.xml,derivative,2026-08-03,A,Performance Share Units,2337,0,0.0,2337,D,Blomquist Denise L.,"Officer, Chief Accounting Officer",0,1,0,Chief Accounting Officer,SEC EDGAR
MDT|0002061393-26-000012|derivative|2026-08-03|Blomquist Denise L.|A|Stock Option (Right to Buy)|1366|0|D,2026-08-06 03:29:58+0000,MDT,Medtronic plc,0001613103,4,2026-08-04,2026-07-31,0002061393-26-000012,https://www.sec.gov/Archives/edgar/data/1613103/000206139326000012/wk-form4_1785888034.xml,derivative,2026-08-03,A,Stock Option (Right to Buy),1366,0,0.0,1366,D,Blomquist Denise L.,"Officer, Chief Accounting Officer",0,1,0,Chief Accounting Officer,SEC EDGAR
MCO|0001481153-26-000016|nonDerivative|2026-08-03|Fauber Robert|S|Common Stock|300|484.30|D,2026-08-06 03:29:58+0000,MCO,MOODYS CORP /DE/,0001059556,4,2026-08-04,2026-08-03,0001481153-26-000016,https://www.sec.gov/Archives/edgar/data/1059556/000148115326000016/wk-form4_1785874323.xml,nonDerivative,2026-08-03,S,Common Stock,300,484.30,145290.0,51963.918,D,Fauber Robert,"Director, Officer, President and CEO",1,1,0,President and CEO,SEC EDGAR
MCO|0001481153-26-000016|nonDerivative|2026-08-03|Fauber Robert|M|Common Stock|592|113.34|D,2026-08-06 03:29:58+0000,MCO,MOODYS CORP /DE/,0001059556,4,2026-08-04,2026-08-03,0001481153-26-000016,https://www.sec.gov/Archives/edgar/data/1059556/000148115326000016/wk-form4_1785874323.xml,nonDerivative,2026-08-03,M,Common Stock,592,113.34,67097.28,52555.918,D,Fauber Robert,"Director, Officer, President and CEO",1,1,0,President and CEO,SEC EDGAR
MCO|0001481153-26-000016|nonDerivative|2026-08-03|Fauber Robert|M|Common Stock|575|167.50|D,2026-08-06 03:29:58+0000,MCO,MOODYS CORP /DE/,0001059556,4,2026-08-04,2026-08-03,0001481153-26-000016,https://www.sec.gov/Archives/edgar/data/1059556/000148115326000016/wk-form4_1785874323.xml,nonDerivative,2026-08-03,M,Common Stock,575,167.50,96312.5,53130.918,D,Fauber Robert,"Director, Officer, President and CEO",1,1,0,President and CEO,SEC EDGAR
MCO|0001481153-26-000016|nonDerivative|2026-08-03|Fauber Robert|S|Common Stock|1167|484.30|D,2026-08-06 03:29:58+0000,MCO,MOODYS CORP /DE/,0001059556,4,2026-08-04,2026-08-03,0001481153-26-000016,https://www.sec.gov/Archives/edgar/data/1059556/000148115326000016/wk-form4_1785874323.xml,nonDerivative,2026-08-03,S,Common Stock,1167,484.30,565178.1,51963.918,D,Fauber Robert,"Director, Officer, President and CEO",1,1,0,President and CEO,SEC EDGAR
MCO|0001481153-26-000016|derivative|2026-08-03|Fauber Robert|M|Employee Stock Option (right to buy)|592|0|D,2026-08-06 03:29:58+0000,MCO,MOODYS CORP /DE/,0001059556,4,2026-08-04,2026-08-03,0001481153-26-000016,https://www.sec.gov/Archives/edgar/data/1059556/000148115326000016/wk-form4_1785874323.xml,derivative,2026-08-03,M,Employee Stock Option (right to buy),592,0,0.0,643,D,Fauber Robert,"Director, Officer, President and CEO",1,1,0,President and CEO,SEC EDGAR
MCO|0001481153-26-000016|derivative|2026-08-03|Fauber Robert|M|Employee Stock Option (right to buy)|575|0|D,2026-08-06 03:29:58+0000,MCO,MOODYS CORP /DE/,0001059556,4,2026-08-04,2026-08-03,0001481153-26-000016,https://www.sec.gov/Archives/edgar/data/1059556/000148115326000016/wk-form4_1785874323.xml,derivative,2026-08-03,M,Employee Stock Option (right to buy),575,0,0.0,1147,D,Fauber Robert,"Director, Officer, President and CEO",1,1,0,President and CEO,SEC EDGAR
MA|0001141391-26-000085|nonDerivative|2026-07-31|Miebach Michael|M|Class A Common Stock|16628|227.25|D,2026-08-06 03:29:58+0000,MA,Mastercard Inc,0001141391,4,2026-08-04,2026-07-31,0001141391-26-000085,https://www.sec.gov/Archives/edgar/data/1141391/000114139126000085/wk-form4_1785874978.xml,nonDerivative,2026-07-31,M,Class A Common Stock,16628,227.25,3778713.0,132548.721,D,Miebach Michael,"Director, Officer, President & CEO",1,1,0,President & CEO,SEC EDGAR
MA|0001141391-26-000085|nonDerivative|2026-07-31|Miebach Michael|S|Class A Common Stock|16628|567.68|D,2026-08-06 03:29:58+0000,MA,Mastercard Inc,0001141391,4,2026-08-04,2026-07-31,0001141391-26-000085,https://www.sec.gov/Archives/edgar/data/1141391/000114139126000085/wk-form4_1785874978.xml,nonDerivative,2026-07-31,S,Class A Common Stock,16628,567.68,9439383.04,115920.721,D,Miebach Michael,"Director, Officer, President & CEO",1,1,0,President & CEO,SEC EDGAR
MA|0001141391-26-000085|nonDerivative|2026-08-03|Miebach Michael|M|Class A Common Stock|9772|227.25|D,2026-08-06 03:29:58+0000,MA,Mastercard Inc,0001141391,4,2026-08-04,2026-07-31,0001141391-26-000085,https://www.sec.gov/Archives/edgar/data/1141391/000114139126000085/wk-form4_1785874978.xml,nonDerivative,2026-08-03,M,Class A Common Stock,9772,227.25,2220687.0,125692.721,D,Miebach Michael,"Director, Officer, President & CEO",1,1,0,President & CEO,SEC EDGAR
MA|0001141391-26-000085|nonDerivative|2026-08-03|Miebach Michael|S|Class A Common Stock|16628|580|D,2026-08-06 03:29:58+0000,MA,Mastercard Inc,0001141391,4,2026-08-04,2026-07-31,0001141391-26-000085,https://www.sec.gov/Archives/edgar/data/1141391/000114139126000085/wk-form4_1785874978.xml,nonDerivative,2026-08-03,S,Class A Common Stock,16628,580,9644240.0,109064.721,D,Miebach Michael,"Director, Officer, President & CEO",1,1,0,President & CEO,SEC EDGAR
MA|0001141391-26-000085|derivative|2026-07-31|Miebach Michael|M|Employee Stock Option (right to buy)|16628|0|D,2026-08-06 03:29:58+0000,MA,Mastercard Inc,0001141391,4,2026-08-04,2026-07-31,0001141391-26-000085,https://www.sec.gov/Archives/edgar/data/1141391/000114139126000085/wk-form4_1785874978.xml,derivative,2026-07-31,M,Employee Stock Option (right to buy),16628,0,0.0,9772,D,Miebach Michael,"Director, Officer, President & CEO",1,1,0,President & CEO,SEC EDGAR
MA|0001141391-26-000085|derivative|2026-08-03|Miebach Michael|M|Employee Stock Option (right to buy)|9772|0|D,2026-08-06 03:29:58+0000,MA,Mastercard Inc,0001141391,4,2026-08-04,2026-07-31,0001141391-26-000085,https://www.sec.gov/Archives/edgar/data/1141391/000114139126000085/wk-form4_1785874978.xml,derivative,2026-08-03,M,Employee Stock Option (right to buy),9772,0,0.0,0,D,Miebach Michael,"Director, Officer, President & CEO",1,1,0,President & CEO,SEC EDGAR
LMT|0001225208-26-006930|nonDerivative|2026-07-31|St John Frank A|I|Common Stock|7.0245|0|I,2026-08-06 03:29:58+0000,LMT,LOCKHEED MARTIN CORP,0000936468,4,2026-08-04,2026-07-31,0001225208-26-006930,https://www.sec.gov/Archives/edgar/data/936468/000122520826006930/doc4.xml,nonDerivative,2026-07-31,I,Common Stock,7.0245,0,0.0,0.0000,I,St John Frank A,"Officer, Chief Operating Officer",,1,,Chief Operating Officer,SEC EDGAR
LMT|0001225208-26-006930|derivative|2026-07-31|St John Frank A|I|Phantom Stock Units|53.6665||I,2026-08-06 03:29:58+0000,LMT,LOCKHEED MARTIN CORP,0000936468,4,2026-08-04,2026-07-31,0001225208-26-006930,https://www.sec.gov/Archives/edgar/data/936468/000122520826006930/doc4.xml,derivative,2026-07-31,I,Phantom Stock Units,53.6665,,,0.0000,I,St John Frank A,"Officer, Chief Operating Officer",,1,,Chief Operating Officer,SEC EDGAR
KVUE|0001944048-26-000134|nonDerivative|2026-07-31|Dasgupta Anindya|M|Common Stock|16418.87|0|D,2026-08-06 03:29:58+0000,KVUE,Kenvue Inc.,0001944048,4,2026-08-04,2026-07-31,0001944048-26-000134,https://www.sec.gov/Archives/edgar/data/1944048/000194404826000134/wk-form4_1785875425.xml,nonDerivative,2026-07-31,M,Common Stock,16418.87,0,0.0,16418.87,D,Dasgupta Anindya,"Officer, Group President APAC",0,1,0,Group President APAC,SEC EDGAR
KVUE|0001944048-26-000134|derivative|2026-07-31|Dasgupta Anindya|M|Restricted Stock Units|16418.87|0|D,2026-08-06 03:29:58+0000,KVUE,Kenvue Inc.,0001944048,4,2026-08-04,2026-07-31,0001944048-26-000134,https://www.sec.gov/Archives/edgar/data/1944048/000194404826000134/wk-form4_1785875425.xml,derivative,2026-07-31,M,Restricted Stock Units,16418.87,0,0.0,32831.62,D,Dasgupta Anindya,"Officer, Group President APAC",0,1,0,Group President APAC,SEC EDGAR
KMB|0001225208-26-006908|nonDerivative|2026-07-31|Slavtcheff Craig|M|Common Stock|4024.0000|0.0000|D,2026-08-06 03:29:58+0000,KMB,KIMBERLY CLARK CORP,0000055785,4,2026-08-04,2026-07-31,0001225208-26-006908,https://www.sec.gov/Archives/edgar/data/55785/000122520826006908/doc4.xml,nonDerivative,2026-07-31,M,Common Stock,4024.0000,0.0000,0.0,7641.0000,D,Slavtcheff Craig,"Officer, Chief R&D Officer",,1,,Chief R&D Officer,SEC EDGAR
KMB|0001225208-26-006908|nonDerivative|2026-07-31|Slavtcheff Craig|M|Common Stock|1255.0000|0.0000|D,2026-08-06 03:29:58+0000,KMB,KIMBERLY CLARK CORP,0000055785,4,2026-08-04,2026-07-31,0001225208-26-006908,https://www.sec.gov/Archives/edgar/data/55785/000122520826006908/doc4.xml,nonDerivative,2026-07-31,M,Common Stock,1255.0000,0.0000,0.0,8896.0000,D,Slavtcheff Craig,"Officer, Chief R&D Officer",,1,,Chief R&D Officer,SEC EDGAR
KMB|0001225208-26-006908|nonDerivative|2026-07-31|Slavtcheff Craig|F|Common Stock|534.0000|109.3100|D,2026-08-06 03:29:58+0000,KMB,KIMBERLY CLARK CORP,0000055785,4,2026-08-04,2026-07-31,0001225208-26-006908,https://www.sec.gov/Archives/edgar/data/55785/000122520826006908/doc4.xml,nonDerivative,2026-07-31,F,Common Stock,534.0000,109.3100,58371.54,8362.0000,D,Slavtcheff Craig,"Officer, Chief R&D Officer",,1,,Chief R&D Officer,SEC EDGAR
KMB|0001225208-26-006908|nonDerivative|2026-07-31|Slavtcheff Craig|F|Common Stock|1711.0000|109.3100|D,2026-08-06 03:29:58+0000,KMB,KIMBERLY CLARK CORP,0000055785,4,2026-08-04,2026-07-31,0001225208-26-006908,https://www.sec.gov/Archives/edgar/data/55785/000122520826006908/doc4.xml,nonDerivative,2026-07-31,F,Common Stock,1711.0000,109.3100,187029.41,6651.0000,D,Slavtcheff Craig,"Officer, Chief R&D Officer",,1,,Chief R&D Officer,SEC EDGAR
KMB|0001225208-26-006908|derivative|2026-07-31|Slavtcheff Craig|M|Restricted Share Units 7/31/24 (2 Year)|4024.0000|0.0000|D,2026-08-06 03:29:58+0000,KMB,KIMBERLY CLARK CORP,0000055785,4,2026-08-04,2026-07-31,0001225208-26-006908,https://www.sec.gov/Archives/edgar/data/55785/000122520826006908/doc4.xml,derivative,2026-07-31,M,Restricted Share Units 7/31/24 (2 Year),4024.0000,0.0000,0.0,0.0000,D,Slavtcheff Craig,"Officer, Chief R&D Officer",,1,,Chief R&D Officer,SEC EDGAR
KMB|0001225208-26-006908|derivative|2026-07-31|Slavtcheff Craig|M|Restricted Share Units 7/31/24 (w/dividends reinvested)|1255.0000|0.0000|D,2026-08-06 03:29:58+0000,KMB,KIMBERLY CLARK CORP,0000055785,4,2026-08-04,2026-07-31,0001225208-26-006908,https://www.sec.gov/Archives/edgar/data/55785/000122520826006908/doc4.xml,derivative,2026-07-31,M,Restricted Share Units 7/31/24 (w/dividends reinvested),1255.0000,0.0000,0.0,1674.0000,D,Slavtcheff Craig,"Officer, Chief R&D Officer",,1,,Chief R&D Officer,SEC EDGAR
KMB|0001225208-26-006909|nonDerivative|2026-07-31|Corsi Patricia|M|Common Stock|966.0000|0.0000|D,2026-08-06 03:29:58+0000,KMB,KIMBERLY CLARK CORP,0000055785,4,2026-08-04,2026-07-31,0001225208-26-006909,https://www.sec.gov/Archives/edgar/data/55785/000122520826006909/doc4.xml,nonDerivative,2026-07-31,M,Common Stock,966.0000,0.0000,0.0,2065.0000,D,Corsi Patricia,"Officer, Chief Growth Officer",,1,,Chief Growth Officer,SEC EDGAR
KMB|0001225208-26-006909|nonDerivative|2026-07-31|Corsi Patricia|F|Common Stock|404.0000|109.3100|D,2026-08-06 03:29:58+0000,KMB,KIMBERLY CLARK CORP,0000055785,4,2026-08-04,2026-07-31,0001225208-26-006909,https://www.sec.gov/Archives/edgar/data/55785/000122520826006909/doc4.xml,nonDerivative,2026-07-31,F,Common Stock,404.0000,109.3100,44161.24,1661.0000,D,Corsi Patricia,"Officer, Chief Growth Officer",,1,,Chief Growth Officer,SEC EDGAR
KMB|0001225208-26-006909|derivative|2026-07-31|Corsi Patricia|M|Restricted Share Units 7/31/24 (w/dividends reinvested)|966.0000|0.0000|D,2026-08-06 03:29:58+0000,KMB,KIMBERLY CLARK CORP,0000055785,4,2026-08-04,2026-07-31,0001225208-26-006909,https://www.sec.gov/Archives/edgar/data/55785/000122520826006909/doc4.xml,derivative,2026-07-31,M,Restricted Share Units 7/31/24 (w/dividends reinvested),966.0000,0.0000,0.0,1288.0000,D,Corsi Patricia,"Officer, Chief Growth Officer",,1,,Chief Growth Officer,SEC EDGAR
KLAC|0001193125-26-333148|nonDerivative|2026-08-04|Wilkinson Mary Beth|F|Common Stock|2509.161|182.75|D,2026-08-06 03:29:58+0000,KLAC,KLA CORP,0000319201,4,2026-08-04,2026-08-04,0001193125-26-333148,https://www.sec.gov/Archives/edgar/data/319201/000119312526333148/ownership.xml,nonDerivative,2026-08-04,F,Common Stock,2509.161,182.75,458549.17275,47734.313,D,Wilkinson Mary Beth,"EVP, CLO and Secretary",false,true,false,"EVP, CLO and Secretary",SEC EDGAR
KLAC|0001193125-26-333148|nonDerivative|2026-08-04|Wilkinson Mary Beth|F|Common Stock|7527.481|182.75|D,2026-08-06 03:29:58+0000,KLAC,KLA CORP,0000319201,4,2026-08-04,2026-08-04,0001193125-26-333148,https://www.sec.gov/Archives/edgar/data/319201/000119312526333148/ownership.xml,nonDerivative,2026-08-04,F,Common Stock,7527.481,182.75,1375647.15275,40206.832,D,Wilkinson Mary Beth,"EVP, CLO and Secretary",false,true,false,"EVP, CLO and Secretary",SEC EDGAR
KLAC|0001193125-26-333148|nonDerivative|2026-08-04|Wilkinson Mary Beth|S|Common Stock|4295|191.59|D,2026-08-06 03:29:58+0000,KLAC,KLA CORP,0000319201,4,2026-08-04,2026-08-04,0001193125-26-333148,https://www.sec.gov/Archives/edgar/data/319201/000119312526333148/ownership.xml,nonDerivative,2026-08-04,S,Common Stock,4295,191.59,822879.05,35911.832,D,Wilkinson Mary Beth,"EVP, CLO and Secretary",false,true,false,"EVP, CLO and Secretary",SEC EDGAR
KLAC|0001193125-26-332754|nonDerivative|2026-08-04|WALLACE RICHARD P|F|Common Stock|19950.993|182.75|D,2026-08-06 03:29:58+0000,KLAC,KLA CORP,0000319201,4,2026-08-04,2026-08-04,0001193125-26-332754,https://www.sec.gov/Archives/edgar/data/319201/000119312526332754/ownership.xml,nonDerivative,2026-08-04,F,Common Stock,19950.993,182.75,3646043.97075,615571.4129,D,WALLACE RICHARD P,President and CEO,false,true,false,President and CEO,SEC EDGAR
KLAC|0001193125-26-332754|nonDerivative|2026-08-04|WALLACE RICHARD P|F|Common Stock|89786.901|182.75|D,2026-08-06 03:29:58+0000,KLAC,KLA CORP,0000319201,4,2026-08-04,2026-08-04,0001193125-26-332754,https://www.sec.gov/Archives/edgar/data/319201/000119312526332754/ownership.xml,nonDerivative,2026-08-04,F,Common Stock,89786.901,182.75,16408556.15775,525784.5119,D,WALLACE RICHARD P,President and CEO,false,true,false,President and CEO,SEC EDGAR
KLAC|0001193125-26-332756|nonDerivative|2026-08-04|Lorig Brian|F|Common Stock|3693.711|182.75|D,2026-08-06 03:29:58+0000,KLAC,KLA CORP,0000319201,4,2026-08-04,2026-08-04,0001193125-26-332756,https://www.sec.gov/Archives/edgar/data/319201/000119312526332756/ownership.xml,nonDerivative,2026-08-04,F,Common Stock,3693.711,182.75,675025.68525,92783.3499,D,Lorig Brian,"EVP, KLA Global Services",false,true,false,"EVP, KLA Global Services",SEC EDGAR
KLAC|0001193125-26-332756|nonDerivative|2026-08-04|Lorig Brian|F|Common Stock|11081.131|182.75|D,2026-08-06 03:29:58+0000,KLAC,KLA CORP,0000319201,4,2026-08-04,2026-08-04,0001193125-26-332756,https://www.sec.gov/Archives/edgar/data/319201/000119312526332756/ownership.xml,nonDerivative,2026-08-04,F,Common Stock,11081.131,182.75,2025076.69025,81702.2189,D,Lorig Brian,"EVP, KLA Global Services",false,true,false,"EVP, KLA Global Services",SEC EDGAR
KLAC|0001193125-26-333146|nonDerivative|2026-08-04|Kirloskar Virendra A|F|Common Stock|1105.634|182.75|D,2026-08-06 03:29:58+0000,KLAC,KLA CORP,0000319201,4,2026-08-04,2026-08-04,0001193125-26-333146,https://www.sec.gov/Archives/edgar/data/319201/000119312526333146/ownership.xml,nonDerivative,2026-08-04,F,Common Stock,1105.634,182.75,202054.6135,17365.7869,D,Kirloskar Virendra A,SVP & Chief Accounting Officer,false,true,false,SVP & Chief Accounting Officer,SEC EDGAR
KLAC|0001193125-26-333146|nonDerivative|2026-08-04|Kirloskar Virendra A|F|Common Stock|3324.339|182.75|D,2026-08-06 03:29:58+0000,KLAC,KLA CORP,0000319201,4,2026-08-04,2026-08-04,0001193125-26-333146,https://www.sec.gov/Archives/edgar/data/319201/000119312526333146/ownership.xml,nonDerivative,2026-08-04,F,Common Stock,3324.339,182.75,607522.95225,14041.4479,D,Kirloskar Virendra A,SVP & Chief Accounting Officer,false,true,false,SVP & Chief Accounting Officer,SEC EDGAR
KLAC|0001193125-26-333146|nonDerivative|2026-08-04|Kirloskar Virendra A|S|Common Stock|1565|191.59|D,2026-08-06 03:29:58+0000,KLAC,KLA CORP,0000319201,4,2026-08-04,2026-08-04,0001193125-26-333146,https://www.sec.gov/Archives/edgar/data/319201/000119312526333146/ownership.xml,nonDerivative,2026-08-04,S,Common Stock,1565,191.59,299838.35,12476.4479,D,Kirloskar Virendra A,SVP & Chief Accounting Officer,false,true,false,SVP & Chief Accounting Officer,SEC EDGAR
KLAC|0001193125-26-332759|nonDerivative|2026-08-04|Khan Ahmad A.|F|Common Stock|7759.271|182.75|D,2026-08-06 03:29:58+0000,KLAC,KLA CORP,0000319201,4,2026-08-04,2026-08-04,0001193125-26-332759,https://www.sec.gov/Archives/edgar/data/319201/000119312526332759/ownership.xml,nonDerivative,2026-08-04,F,Common Stock,7759.271,182.75,1418006.77525,177374.7329,D,Khan Ahmad A.,"President, Semi. Prod. & Cust.",false,true,false,"President, Semi. Prod. & Cust.",SEC EDGAR
KLAC|0001193125-26-332759|nonDerivative|2026-08-04|Khan Ahmad A.|F|Common Stock|23277.811|182.75|D,2026-08-06 03:29:58+0000,KLAC,KLA CORP,0000319201,4,2026-08-04,2026-08-04,0001193125-26-332759,https://www.sec.gov/Archives/edgar/data/319201/000119312526332759/ownership.xml,nonDerivative,2026-08-04,F,Common Stock,23277.811,182.75,4254019.9602500005,154096.9219,D,Khan Ahmad A.,"President, Semi. Prod. & Cust.",false,true,false,"President, Semi. Prod. & Cust.",SEC EDGAR
KLAC|0001193125-26-332760|nonDerivative|2026-08-04|Higgins Bren D.|F|Common Stock|7387.42|182.75|D,2026-08-06 03:29:58+0000,KLAC,KLA CORP,0000319201,4,2026-08-04,2026-08-04,0001193125-26-332760,https://www.sec.gov/Archives/edgar/data/319201/000119312526332760/ownership.xml,nonDerivative,2026-08-04,F,Common Stock,7387.42,182.75,1350051.0050000001,244357.0639,D,Higgins Bren D.,EVP & Chief Financial Officer,false,true,false,EVP & Chief Financial Officer,SEC EDGAR
KLAC|0001193125-26-332760|nonDerivative|2026-08-04|Higgins Bren D.|F|Common Stock|22169.698|182.75|D,2026-08-06 03:29:58+0000,KLAC,KLA CORP,0000319201,4,2026-08-04,2026-08-04,0001193125-26-332760,https://www.sec.gov/Archives/edgar/data/319201/000119312526332760/ownership.xml,nonDerivative,2026-08-04,F,Common Stock,22169.698,182.75,4051512.3095,222187.3659,D,Higgins Bren D.,EVP & Chief Financial Officer,false,true,false,EVP & Chief Financial Officer,SEC EDGAR
"KKR|0001140361-26-031147|nonDerivative|2026-07-31|KKR Alternative Assets LLC|J|Class I Common Stock, par value $0.001 per share|67214.074|22.74|I",2026-08-06 03:29:58+0000,KKR,KKR & Co. Inc.,0001404912,4,2026-08-04,2026-07-31,0001140361-26-031147,https://www.sec.gov/Archives/edgar/data/1404912/000114036126031147/form4.xml,nonDerivative,2026-07-31,J,"Class I Common Stock, par value $0.001 per share",67214.074,22.74,1528448.0427599996,11733801.024,I,KKR Alternative Assets LLC,,,,true,,SEC EDGAR
KEYS|0001987126-26-000002|nonDerivative|2026-08-01|POOLE LISA M.|F|Common Stock|32|319.08|D,2026-08-06 03:29:58+0000,KEYS,"Keysight Technologies, Inc.",0001601046,4,2026-08-04,2026-08-01,0001987126-26-000002,https://www.sec.gov/Archives/edgar/data/1601046/000198712626000002/wk-form4_1785840622.xml,nonDerivative,2026-08-01,F,Common Stock,32,319.08,10210.56,6334,D,POOLE LISA M.,"Officer, VP and Controller",0,1,0,VP and Controller,SEC EDGAR
JCI|0000833444-26-000091|nonDerivative|2026-08-02|Vandiepenbeeck Marc|F|Ordinary Shares|19760|146.66|D,2026-08-06 03:29:58+0000,JCI,Johnson Controls International plc,0000833444,4,2026-08-04,2026-08-02,0000833444-26-000091,https://www.sec.gov/Archives/edgar/data/833444/000083344426000091/form4.xml,nonDerivative,2026-08-02,F,Ordinary Shares,19760,146.66,2898001.6,125860.76,D,Vandiepenbeeck Marc,"Officer, EVP and CFO",,1,,EVP and CFO,SEC EDGAR
JCI|0000833444-26-000089|nonDerivative|2026-08-02|Schlitz Lei Zhang|F|Ordinary Shares|18625|146.66|D,2026-08-06 03:29:58+0000,JCI,Johnson Controls International plc,0000833444,4,2026-08-04,2026-08-02,0000833444-26-000089,https://www.sec.gov/Archives/edgar/data/833444/000083344426000089/form4.xml,nonDerivative,2026-08-02,F,Ordinary Shares,18625,146.66,2731542.5,38434.12,D,Schlitz Lei Zhang,"Officer, VP & Pres, GP & Solutions",,1,,"VP & Pres, GP & Solutions",SEC EDGAR
"IVZ|0000020430-26-000033|nonDerivative|2026-07-31|Invesco Advisers, Inc.|D|Class E Common Stock, $0.01 par value|8969.068|28.3732|D",2026-08-06 03:29:58+0000,IVZ,Invesco Ltd.,0000914208,4,2026-08-04,2026-07-31,0000020430-26-000033,https://www.sec.gov/Archives/edgar/data/914208/000002043026000033/wk-form4_1785864972.xml,nonDerivative,2026-07-31,D,"Class E Common Stock, $0.01 par value",8969.068,28.3732,254481.1601776,162348.824,D,"Invesco Advisers, Inc.",Director,1,0,0,,SEC EDGAR
"IVZ|0000020430-26-000033|nonDerivative|2026-08-03|Invesco Advisers, Inc.|A|Class E Common Stock, $0.01 par value|13519.149|28.3732|D",2026-08-06 03:29:58+0000,IVZ,Invesco Ltd.,0000914208,4,2026-08-04,2026-07-31,0000020430-26-000033,https://www.sec.gov/Archives/edgar/data/914208/000002043026000033/wk-form4_1785864972.xml,nonDerivative,2026-08-03,A,"Class E Common Stock, $0.01 par value",13519.149,28.3732,383581.5184068,175867.973,D,"Invesco Advisers, Inc.",Director,1,0,0,,SEC EDGAR
IQV|0001628280-26-052703|nonDerivative|2026-08-03|STAUB W RICHARD|S|Common Stock|5500|232.68|D,2026-08-06 03:29:58+0000,IQV,IQVIA HOLDINGS INC.,0001478242,4,2026-08-04,2026-08-03,0001628280-26-052703,https://www.sec.gov/Archives/edgar/data/1478242/000162828026052703/wk-form4_1785877251.xml,nonDerivative,2026-08-03,S,Common Stock,5500,232.68,1279740.0,13312,D,STAUB W RICHARD,"Officer, See Remarks",0,1,0,See Remarks,SEC EDGAR
IQV|0001628280-26-052701|nonDerivative|2026-07-31|Patel Bhavik|S|Common Stock|1855|235.27|D,2026-08-06 03:29:58+0000,IQV,IQVIA HOLDINGS INC.,0001478242,4,2026-08-04,2026-07-31,0001628280-26-052701,https://www.sec.gov/Archives/edgar/data/1478242/000162828026052701/wk-form4_1785877210.xml,nonDerivative,2026-07-31,S,Common Stock,1855,235.27,436425.85000000003,1348,D,Patel Bhavik,"Officer, See Remarks",0,1,0,See Remarks,SEC EDGAR
IP|0000051434-26-000118|nonDerivative|2026-08-04|Goughnour Holly G.|S|Common Stock|3500|41.96|D,2026-08-06 03:29:58+0000,IP,INTERNATIONAL PAPER CO /NEW/,0000051434,4,2026-08-04,2026-08-04,0000051434-26-000118,https://www.sec.gov/Archives/edgar/data/51434/000005143426000118/form4.xml,nonDerivative,2026-08-04,S,Common Stock,3500,41.96,146860.0,34248,D,Goughnour Holly G.,"Officer, VP & Chief Accounting Officer",,1,,VP & Chief Accounting Officer,SEC EDGAR
INCY|0002079962-26-000013|nonDerivative|2026-07-31|Mayes Patrick A|M|Common Stock|2918|61.18|D,2026-08-06 03:29:58+0000,INCY,INCYTE CORP,0000879169,4,2026-08-04,2026-07-31,0002079962-26-000013,https://www.sec.gov/Archives/edgar/data/879169/000207996226000013/wk-form4_1785873838.xml,nonDerivative,2026-07-31,M,Common Stock,2918,61.18,178523.24,66546,D,Mayes Patrick A,"Officer, EVP & Chief Scientific Officer",0,1,0,EVP & Chief Scientific Officer,SEC EDGAR
INCY|0002079962-26-000013|nonDerivative|2026-07-31|Mayes Patrick A|M|Common Stock|2284|64.25|D,2026-08-06 03:29:58+0000,INCY,INCYTE CORP,0000879169,4,2026-08-04,2026-07-31,0002079962-26-000013,https://www.sec.gov/Archives/edgar/data/879169/000207996226000013/wk-form4_1785873838.xml,nonDerivative,2026-07-31,M,Common Stock,2284,64.25,146747.0,68830,D,Mayes Patrick A,"Officer, EVP & Chief Scientific Officer",0,1,0,EVP & Chief Scientific Officer,SEC EDGAR
INCY|0002079962-26-000013|nonDerivative|2026-07-31|Mayes Patrick A|M|Common Stock|2709|61.76|D,2026-08-06 03:29:58+0000,INCY,INCYTE CORP,0000879169,4,2026-08-04,2026-07-31,0002079962-26-000013,https://www.sec.gov/Archives/edgar/data/879169/000207996226000013/wk-form4_1785873838.xml,nonDerivative,2026-07-31,M,Common Stock,2709,61.76,167307.84,71539,D,Mayes Patrick A,"Officer, EVP & Chief Scientific Officer",0,1,0,EVP & Chief Scientific Officer,SEC EDGAR
INCY|0002079962-26-000013|nonDerivative|2026-07-31|Mayes Patrick A|M|Common Stock|3148|68.62|D,2026-08-06 03:29:58+0000,INCY,INCYTE CORP,0000879169,4,2026-08-04,2026-07-31,0002079962-26-000013,https://www.sec.gov/Archives/edgar/data/879169/000207996226000013/wk-form4_1785873838.xml,nonDerivative,2026-07-31,M,Common Stock,3148,68.62,216015.76,74687,D,Mayes Patrick A,"Officer, EVP & Chief Scientific Officer",0,1,0,EVP & Chief Scientific Officer,SEC EDGAR
INCY|0002079962-26-000013|nonDerivative|2026-07-31|Mayes Patrick A|M|Common Stock|2072|71.93|D,2026-08-06 03:29:58+0000,INCY,INCYTE CORP,0000879169,4,2026-08-04,2026-07-31,0002079962-26-000013,https://www.sec.gov/Archives/edgar/data/879169/000207996226000013/wk-form4_1785873838.xml,nonDerivative,2026-07-31,M,Common Stock,2072,71.93,149038.96000000002,76759,D,Mayes Patrick A,"Officer, EVP & Chief Scientific Officer",0,1,0,EVP & Chief Scientific Officer,SEC EDGAR
INCY|0002079962-26-000013|nonDerivative|2026-07-31|Mayes Patrick A|M|Common Stock|9459|72.27|D,2026-08-06 03:29:58+0000,INCY,INCYTE CORP,0000879169,4,2026-08-04,2026-07-31,0002079962-26-000013,https://www.sec.gov/Archives/edgar/data/879169/000207996226000013/wk-form4_1785873838.xml,nonDerivative,2026-07-31,M,Common Stock,9459,72.27,683601.9299999999,86218,D,Mayes Patrick A,"Officer, EVP & Chief Scientific Officer",0,1,0,EVP & Chief Scientific Officer,SEC EDGAR
INCY|0002079962-26-000013|nonDerivative|2026-07-31|Mayes Patrick A|M|Common Stock|2623|74.78|D,2026-08-06 03:29:58+0000,INCY,INCYTE CORP,0000879169,4,2026-08-04,2026-07-31,0002079962-26-000013,https://www.sec.gov/Archives/edgar/data/879169/000207996226000013/wk-form4_1785873838.xml,nonDerivative,2026-07-31,M,Common Stock,2623,74.78,196147.94,88841,D,Mayes Patrick A,"Officer, EVP & Chief Scientific Officer",0,1,0,EVP & Chief Scientific Officer,SEC EDGAR
INCY|0002079962-26-000013|nonDerivative|2026-07-31|Mayes Patrick A|M|Common Stock|2864|77.67|D,2026-08-06 03:29:58+0000,INCY,INCYTE CORP,0000879169,4,2026-08-04,2026-07-31,0002079962-26-000013,https://www.sec.gov/Archives/edgar/data/879169/000207996226000013/wk-form4_1785873838.xml,nonDerivative,2026-07-31,M,Common Stock,2864,77.67,222446.88,91705,D,Mayes Patrick A,"Officer, EVP & Chief Scientific Officer",0,1,0,EVP & Chief Scientific Officer,SEC EDGAR
INCY|0002079962-26-000013|nonDerivative|2026-07-31|Mayes Patrick A|M|Common Stock|1643|80.50|D,2026-08-06 03:29:58+0000,INCY,INCYTE CORP,0000879169,4,2026-08-04,2026-07-31,0002079962-26-000013,https://www.sec.gov/Archives/edgar/data/879169/000207996226000013/wk-form4_1785873838.xml,nonDerivative,2026-07-31,M,Common Stock,1643,80.50,132261.5,93348,D,Mayes Patrick A,"Officer, EVP & Chief Scientific Officer",0,1,0,EVP & Chief Scientific Officer,SEC EDGAR
INCY|0002079962-26-000013|nonDerivative|2026-07-31|Mayes Patrick A|M|Common Stock|3023|83.20|D,2026-08-06 03:29:58+0000,INCY,INCYTE CORP,0000879169,4,2026-08-04,2026-07-31,0002079962-26-000013,https://www.sec.gov/Archives/edgar/data/879169/000207996226000013/wk-form4_1785873838.xml,nonDerivative,2026-07-31,M,Common Stock,3023,83.20,251513.6,96371,D,Mayes Patrick A,"Officer, EVP & Chief Scientific Officer",0,1,0,EVP & Chief Scientific Officer,SEC EDGAR
INCY|0002079962-26-000013|nonDerivative|2026-07-31|Mayes Patrick A|M|Common Stock|2623|83.58|D,2026-08-06 03:29:58+0000,INCY,INCYTE CORP,0000879169,4,2026-08-04,2026-07-31,0002079962-26-000013,https://www.sec.gov/Archives/edgar/data/879169/000207996226000013/wk-form4_1785873838.xml,nonDerivative,2026-07-31,M,Common Stock,2623,83.58,219230.34,98994,D,Mayes Patrick A,"Officer, EVP & Chief Scientific Officer",0,1,0,EVP & Chief Scientific Officer,SEC EDGAR
INCY|0002079962-26-000013|nonDerivative|2026-07-31|Mayes Patrick A|M|Common Stock|1642|85.01|D,2026-08-06 03:29:58+0000,INCY,INCYTE CORP,0000879169,4,2026-08-04,2026-07-31,0002079962-26-000013,https://www.sec.gov/Archives/edgar/data/879169/000207996226000013/wk-form4_1785873838.xml,nonDerivative,2026-07-31,M,Common Stock,1642,85.01,139586.42,100636,D,Mayes Patrick A,"Officer, EVP & Chief Scientific Officer",0,1,0,EVP & Chief Scientific Officer,SEC EDGAR
INCY|0002079962-26-000013|nonDerivative|2026-07-31|Mayes Patrick A|M|Common Stock|2293|90.56|D,2026-08-06 03:29:58+0000,INCY,INCYTE CORP,0000879169,4,2026-08-04,2026-07-31,0002079962-26-000013,https://www.sec.gov/Archives/edgar/data/879169/000207996226000013/wk-form4_1785873838.xml,nonDerivative,2026-07-31,M,Common Stock,2293,90.56,207654.08000000002,102929,D,Mayes Patrick A,"Officer, EVP & Chief Scientific Officer",0,1,0,EVP & Chief Scientific Officer,SEC EDGAR
INCY|0002079962-26-000013|nonDerivative|2026-07-31|Mayes Patrick A|M|Common Stock|85|106.47|D,2026-08-06 03:29:58+0000,INCY,INCYTE CORP,0000879169,4,2026-08-04,2026-07-31,0002079962-26-000013,https://www.sec.gov/Archives/edgar/data/879169/000207996226000013/wk-form4_1785873838.xml,nonDerivative,2026-07-31,M,Common Stock,85,106.47,9049.95,103014,D,Mayes Patrick A,"Officer, EVP & Chief Scientific Officer",0,1,0,EVP & Chief Scientific Officer,SEC EDGAR
INCY|0002079962-26-000013|nonDerivative|2026-07-31|Mayes Patrick A|M|Common Stock|326|105.43|D,2026-08-06 03:29:58+0000,INCY,INCYTE CORP,0000879169,4,2026-08-04,2026-07-31,0002079962-26-000013,https://www.sec.gov/Archives/edgar/data/879169/000207996226000013/wk-form4_1785873838.xml,nonDerivative,2026-07-31,M,Common Stock,326,105.43,34370.18,103340,D,Mayes Patrick A,"Officer, EVP & Chief Scientific Officer",0,1,0,EVP & Chief Scientific Officer,SEC EDGAR
INCY|0002079962-26-000013|nonDerivative|2026-07-31|Mayes Patrick A|S|Common Stock|14661|119.46|D,2026-08-06 03:29:58+0000,INCY,INCYTE CORP,0000879169,4,2026-08-04,2026-07-31,0002079962-26-000013,https://www.sec.gov/Archives/edgar/data/879169/000207996226000013/wk-form4_1785873838.xml,nonDerivative,2026-07-31,S,Common Stock,14661,119.46,1751403.0599999998,88679,D,Mayes Patrick A,"Officer, EVP & Chief Scientific Officer",0,1,0,EVP & Chief Scientific Officer,SEC EDGAR
INCY|0002079962-26-000013|nonDerivative|2026-07-31|Mayes Patrick A|S|Common Stock|5332|119.42|D,2026-08-06 03:29:58+0000,INCY,INCYTE CORP,0000879169,4,2026-08-04,2026-07-31,0002079962-26-000013,https://www.sec.gov/Archives/edgar/data/879169/000207996226000013/wk-form4_1785873838.xml,nonDerivative,2026-07-31,S,Common Stock,5332,119.42,636747.4400000001,83347,D,Mayes Patrick A,"Officer, EVP & Chief Scientific Officer",0,1,0,EVP & Chief Scientific Officer,SEC EDGAR
INCY|0002079962-26-000013|nonDerivative|2026-07-31|Mayes Patrick A|S|Common Stock|2187|119.47|D,2026-08-06 03:29:58+0000,INCY,INCYTE CORP,0000879169,4,2026-08-04,2026-07-31,0002079962-26-000013,https://www.sec.gov/Archives/edgar/data/879169/000207996226000013/wk-form4_1785873838.xml,nonDerivative,2026-07-31,S,Common Stock,2187,119.47,261280.88999999998,81160,D,Mayes Patrick A,"Officer, EVP & Chief Scientific Officer",0,1,0,EVP & Chief Scientific Officer,SEC EDGAR
INCY|0002079962-26-000013|nonDerivative|2026-07-31|Mayes Patrick A|S|Common Stock|6171|119.43|D,2026-08-06 03:29:58+0000,INCY,INCYTE CORP,0000879169,4,2026-08-04,2026-07-31,0002079962-26-000013,https://www.sec.gov/Archives/edgar/data/879169/000207996226000013/wk-form4_1785873838.xml,nonDerivative,2026-07-31,S,Common Stock,6171,119.43,737002.53,74989,D,Mayes Patrick A,"Officer, EVP & Chief Scientific Officer",0,1,0,EVP & Chief Scientific Officer,SEC EDGAR
INCY|0002079962-26-000013|nonDerivative|2026-07-31|Mayes Patrick A|S|Common Stock|4695|119.39|D,2026-08-06 03:29:58+0000,INCY,INCYTE CORP,0000879169,4,2026-08-04,2026-07-31,0002079962-26-000013,https://www.sec.gov/Archives/edgar/data/879169/000207996226000013/wk-form4_1785873838.xml,nonDerivative,2026-07-31,S,Common Stock,4695,119.39,560536.05,70294,D,Mayes Patrick A,"Officer, EVP & Chief Scientific Officer",0,1,0,EVP & Chief Scientific Officer,SEC EDGAR
INCY|0002079962-26-000013|nonDerivative|2026-07-31|Mayes Patrick A|S|Common Stock|2864|119.40|D,2026-08-06 03:29:58+0000,INCY,INCYTE CORP,0000879169,4,2026-08-04,2026-07-31,0002079962-26-000013,https://www.sec.gov/Archives/edgar/data/879169/000207996226000013/wk-form4_1785873838.xml,nonDerivative,2026-07-31,S,Common Stock,2864,119.40,341961.60000000003,67430,D,Mayes Patrick A,"Officer, EVP & Chief Scientific Officer",0,1,0,EVP & Chief Scientific Officer,SEC EDGAR
INCY|0002079962-26-000013|nonDerivative|2026-07-31|Mayes Patrick A|S|Common Stock|1643|119.51|D,2026-08-06 03:29:58+0000,INCY,INCYTE CORP,0000879169,4,2026-08-04,2026-07-31,0002079962-26-000013,https://www.sec.gov/Archives/edgar/data/879169/000207996226000013/wk-form4_1785873838.xml,nonDerivative,2026-07-31,S,Common Stock,1643,119.51,196354.93000000002,65787,D,Mayes Patrick A,"Officer, EVP & Chief Scientific Officer",0,1,0,EVP & Chief Scientific Officer,SEC EDGAR
INCY|0002079962-26-000013|nonDerivative|2026-07-31|Mayes Patrick A|S|Common Stock|1642|119.38|D,2026-08-06 03:29:58+0000,INCY,INCYTE CORP,0000879169,4,2026-08-04,2026-07-31,0002079962-26-000013,https://www.sec.gov/Archives/edgar/data/879169/000207996226000013/wk-form4_1785873838.xml,nonDerivative,2026-07-31,S,Common Stock,1642,119.38,196021.96,64145,D,Mayes Patrick A,"Officer, EVP & Chief Scientific Officer",0,1,0,EVP & Chief Scientific Officer,SEC EDGAR
INCY|0002079962-26-000013|nonDerivative|2026-07-31|Mayes Patrick A|S|Common Stock|85|122.19|D,2026-08-06 03:29:58+0000,INCY,INCYTE CORP,0000879169,4,2026-08-04,2026-07-31,0002079962-26-000013,https://www.sec.gov/Archives/edgar/data/879169/000207996226000013/wk-form4_1785873838.xml,nonDerivative,2026-07-31,S,Common Stock,85,122.19,10386.15,64060,D,Mayes Patrick A,"Officer, EVP & Chief Scientific Officer",0,1,0,EVP & Chief Scientific Officer,SEC EDGAR
INCY|0002079962-26-000013|nonDerivative|2026-07-31|Mayes Patrick A|S|Common Stock|326|121.69|D,2026-08-06 03:29:58+0000,INCY,INCYTE CORP,0000879169,4,2026-08-04,2026-07-31,0002079962-26-000013,https://www.sec.gov/Archives/edgar/data/879169/000207996226000013/wk-form4_1785873838.xml,nonDerivative,2026-07-31,S,Common Stock,326,121.69,39670.94,63734,D,Mayes Patrick A,"Officer, EVP & Chief Scientific Officer",0,1,0,EVP & Chief Scientific Officer,SEC EDGAR
INCY|0002079962-26-000013|nonDerivative|2026-07-31|Mayes Patrick A|S|Common Stock|2293|119.41|D,2026-08-06 03:29:58+0000,INCY,INCYTE CORP,0000879169,4,2026-08-04,2026-07-31,0002079962-26-000013,https://www.sec.gov/Archives/edgar/data/879169/000207996226000013/wk-form4_1785873838.xml,nonDerivative,2026-07-31,S,Common Stock,2293,119.41,273807.13,61441,D,Mayes Patrick A,"Officer, EVP & Chief Scientific Officer",0,1,0,EVP & Chief Scientific Officer,SEC EDGAR
INCY|0002079962-26-000013|nonDerivative|2026-08-03|Mayes Patrick A|M|Common Stock|6055|105.43|D,2026-08-06 03:29:58+0000,INCY,INCYTE CORP,0000879169,4,2026-08-04,2026-07-31,0002079962-26-000013,https://www.sec.gov/Archives/edgar/data/879169/000207996226000013/wk-form4_1785873838.xml,nonDerivative,2026-08-03,M,Common Stock,6055,105.43,638378.65,67496,D,Mayes Patrick A,"Officer, EVP & Chief Scientific Officer",0,1,0,EVP & Chief Scientific Officer,SEC EDGAR
INCY|0002079962-26-000013|nonDerivative|2026-08-03|Mayes Patrick A|S|Common Stock|6055|120.43|D,2026-08-06 03:29:58+0000,INCY,INCYTE CORP,0000879169,4,2026-08-04,2026-07-31,0002079962-26-000013,https://www.sec.gov/Archives/edgar/data/879169/000207996226000013/wk-form4_1785873838.xml,nonDerivative,2026-08-03,S,Common Stock,6055,120.43,729203.65,61441,D,Mayes Patrick A,"Officer, EVP & Chief Scientific Officer",0,1,0,EVP & Chief Scientific Officer,SEC EDGAR
INCY|0002079962-26-000013|derivative|2026-07-31|Mayes Patrick A|M|Employee Stock Option (right to buy)|2918|0|D,2026-08-06 03:29:58+0000,INCY,INCYTE CORP,0000879169,4,2026-08-04,2026-07-31,0002079962-26-000013,https://www.sec.gov/Archives/edgar/data/879169/000207996226000013/wk-form4_1785873838.xml,derivative,2026-07-31,M,Employee Stock Option (right to buy),2918,0,0.0,1328,D,Mayes Patrick A,"Officer, EVP & Chief Scientific Officer",0,1,0,EVP & Chief Scientific Officer,SEC EDGAR
INCY|0002079962-26-000013|derivative|2026-07-31|Mayes Patrick A|M|Employee Stock Option (right to buy)|2284|0|D,2026-08-06 03:29:58+0000,INCY,INCYTE CORP,0000879169,4,2026-08-04,2026-07-31,0002079962-26-000013,https://www.sec.gov/Archives/edgar/data/879169/000207996226000013/wk-form4_1785873838.xml,derivative,2026-07-31,M,Employee Stock Option (right to buy),2284,0,0.0,2938,D,Mayes Patrick A,"Officer, EVP & Chief Scientific Officer",0,1,0,EVP & Chief Scientific Officer,SEC EDGAR
INCY|0002079962-26-000013|derivative|2026-07-31|Mayes Patrick A|M|Employee Stock Option (right to buy)|2709|0|D,2026-08-06 03:29:58+0000,INCY,INCYTE CORP,0000879169,4,2026-08-04,2026-07-31,0002079962-26-000013,https://www.sec.gov/Archives/edgar/data/879169/000207996226000013/wk-form4_1785873838.xml,derivative,2026-07-31,M,Employee Stock Option (right to buy),2709,0,0.0,1233,D,Mayes Patrick A,"Officer, EVP & Chief Scientific Officer",0,1,0,EVP & Chief Scientific Officer,SEC EDGAR
INCY|0002079962-26-000013|derivative|2026-07-31|Mayes Patrick A|M|Employee Stock Option (right to buy)|3148|0|D,2026-08-06 03:29:58+0000,INCY,INCYTE CORP,0000879169,4,2026-08-04,2026-07-31,0002079962-26-000013,https://www.sec.gov/Archives/edgar/data/879169/000207996226000013/wk-form4_1785873838.xml,derivative,2026-07-31,M,Employee Stock Option (right to buy),3148,0,0.0,0,D,Mayes Patrick A,"Officer, EVP & Chief Scientific Officer",0,1,0,EVP & Chief Scientific Officer,SEC EDGAR
INCY|0002079962-26-000013|derivative|2026-07-31|Mayes Patrick A|M|Employee Stock Option (right to buy)|2072|0|D,2026-08-06 03:29:58+0000,INCY,INCYTE CORP,0000879169,4,2026-08-04,2026-07-31,0002079962-26-000013,https://www.sec.gov/Archives/edgar/data/879169/000207996226000013/wk-form4_1785873838.xml,derivative,2026-07-31,M,Employee Stock Option (right to buy),2072,0,0.0,2665,D,Mayes Patrick A,"Officer, EVP & Chief Scientific Officer",0,1,0,EVP & Chief Scientific Officer,SEC EDGAR
INCY|0002079962-26-000013|derivative|2026-07-31|Mayes Patrick A|M|Employee Stock Option (right to buy)|9459|0|D,2026-08-06 03:29:58+0000,INCY,INCYTE CORP,0000879169,4,2026-08-04,2026-07-31,0002079962-26-000013,https://www.sec.gov/Archives/edgar/data/879169/000207996226000013/wk-form4_1785873838.xml,derivative,2026-07-31,M,Employee Stock Option (right to buy),9459,0,0.0,0,D,Mayes Patrick A,"Officer, EVP & Chief Scientific Officer",0,1,0,EVP & Chief Scientific Officer,SEC EDGAR
INCY|0002079962-26-000013|derivative|2026-07-31|Mayes Patrick A|M|Employee Stock Option (right to buy)|2623|0|D,2026-08-06 03:29:58+0000,INCY,INCYTE CORP,0000879169,4,2026-08-04,2026-07-31,0002079962-26-000013,https://www.sec.gov/Archives/edgar/data/879169/000207996226000013/wk-form4_1785873838.xml,derivative,2026-07-31,M,Employee Stock Option (right to buy),2623,0,0.0,0,D,Mayes Patrick A,"Officer, EVP & Chief Scientific Officer",0,1,0,EVP & Chief Scientific Officer,SEC EDGAR
INCY|0002079962-26-000013|derivative|2026-07-31|Mayes Patrick A|M|Employee Stock Option (right to buy)|2864|0|D,2026-08-06 03:29:58+0000,INCY,INCYTE CORP,0000879169,4,2026-08-04,2026-07-31,0002079962-26-000013,https://www.sec.gov/Archives/edgar/data/879169/000207996226000013/wk-form4_1785873838.xml,derivative,2026-07-31,M,Employee Stock Option (right to buy),2864,0,0.0,191,D,Mayes Patrick A,"Officer, EVP & Chief Scientific Officer",0,1,0,EVP & Chief Scientific Officer,SEC EDGAR
INCY|0002079962-26-000013|derivative|2026-07-31|Mayes Patrick A|M|Employee Stock Option (right to buy)|1643|0|D,2026-08-06 03:29:58+0000,INCY,INCYTE CORP,0000879169,4,2026-08-04,2026-07-31,0002079962-26-000013,https://www.sec.gov/Archives/edgar/data/879169/000207996226000013/wk-form4_1785873838.xml,derivative,2026-07-31,M,Employee Stock Option (right to buy),1643,0,0.0,0,D,Mayes Patrick A,"Officer, EVP & Chief Scientific Officer",0,1,0,EVP & Chief Scientific Officer,SEC EDGAR
INCY|0002079962-26-000013|derivative|2026-07-31|Mayes Patrick A|M|Employee Stock Option (right to buy)|3023|0|D,2026-08-06 03:29:58+0000,INCY,INCYTE CORP,0000879169,4,2026-08-04,2026-07-31,0002079962-26-000013,https://www.sec.gov/Archives/edgar/data/879169/000207996226000013/wk-form4_1785873838.xml,derivative,2026-07-31,M,Employee Stock Option (right to buy),3023,0,0.0,202,D,Mayes Patrick A,"Officer, EVP & Chief Scientific Officer",0,1,0,EVP & Chief Scientific Officer,SEC EDGAR
INCY|0002079962-26-000013|derivative|2026-07-31|Mayes Patrick A|M|Employee Stock Option (right to buy)|1642|0|D,2026-08-06 03:29:58+0000,INCY,INCYTE CORP,0000879169,4,2026-08-04,2026-07-31,0002079962-26-000013,https://www.sec.gov/Archives/edgar/data/879169/000207996226000013/wk-form4_1785873838.xml,derivative,2026-07-31,M,Employee Stock Option (right to buy),1642,0,0.0,0,D,Mayes Patrick A,"Officer, EVP & Chief Scientific Officer",0,1,0,EVP & Chief Scientific Officer,SEC EDGAR
INCY|0002079962-26-000013|derivative|2026-07-31|Mayes Patrick A|M|Employee Stock Option (right to buy)|2293|0|D,2026-08-06 03:29:58+0000,INCY,INCYTE CORP,0000879169,4,2026-08-04,2026-07-31,0002079962-26-000013,https://www.sec.gov/Archives/edgar/data/879169/000207996226000013/wk-form4_1785873838.xml,derivative,2026-07-31,M,Employee Stock Option (right to buy),2293,0,0.0,0,D,Mayes Patrick A,"Officer, EVP & Chief Scientific Officer",0,1,0,EVP & Chief Scientific Officer,SEC EDGAR
INCY|0002079962-26-000013|derivative|2026-07-31|Mayes Patrick A|M|Employee Stock Option (right to buy)|85|0|D,2026-08-06 03:29:58+0000,INCY,INCYTE CORP,0000879169,4,2026-08-04,2026-07-31,0002079962-26-000013,https://www.sec.gov/Archives/edgar/data/879169/000207996226000013/wk-form4_1785873838.xml,derivative,2026-07-31,M,Employee Stock Option (right to buy),85,0,0.0,2207,D,Mayes Patrick A,"Officer, EVP & Chief Scientific Officer",0,1,0,EVP & Chief Scientific Officer,SEC EDGAR
INCY|0002079962-26-000013|derivative|2026-07-31|Mayes Patrick A|M|Employee Stock Option (right to buy)|326|0|D,2026-08-06 03:29:58+0000,INCY,INCYTE CORP,0000879169,4,2026-08-04,2026-07-31,0002079962-26-000013,https://www.sec.gov/Archives/edgar/data/879169/000207996226000013/wk-form4_1785873838.xml,derivative,2026-07-31,M,Employee Stock Option (right to buy),326,0,0.0,6055,D,Mayes Patrick A,"Officer, EVP & Chief Scientific Officer",0,1,0,EVP & Chief Scientific Officer,SEC EDGAR
INCY|0002079962-26-000013|derivative|2026-08-03|Mayes Patrick A|M|Employee Stock Option (right to buy)|6055|0|D,2026-08-06 03:29:58+0000,INCY,INCYTE CORP,0000879169,4,2026-08-04,2026-07-31,0002079962-26-000013,https://www.sec.gov/Archives/edgar/data/879169/000207996226000013/wk-form4_1785873838.xml,derivative,2026-08-03,M,Employee Stock Option (right to buy),6055,0,0.0,0,D,Mayes Patrick A,"Officer, EVP & Chief Scientific Officer",0,1,0,EVP & Chief Scientific Officer,SEC EDGAR
INCY|0001205703-26-000023|nonDerivative|2026-07-31|CAGNONI PABLO J|S|Common Stock|15888|119.70|D,2026-08-06 03:29:58+0000,INCY,INCYTE CORP,0000879169,4,2026-08-04,2026-07-31,0001205703-26-000023,https://www.sec.gov/Archives/edgar/data/879169/000120570326000023/wk-form4_1785873861.xml,nonDerivative,2026-07-31,S,Common Stock,15888,119.70,1901793.6,215444,D,CAGNONI PABLO J,"Officer, President, Global Head of R&D",0,1,0,"President, Global Head of R&D",SEC EDGAR
IBKR|0001381197-26-000143|nonDerivative|2026-07-31|Nemser Earl H|A|Class A common stock|803568|87.99|I,2026-08-06 03:29:58+0000,IBKR,"Interactive Brokers Group, Inc.",0001381197,4,2026-08-04,2026-07-31,0001381197-26-000143,https://www.sec.gov/Archives/edgar/data/1381197/000138119726000143/ownership.xml,nonDerivative,2026-07-31,A,Class A common stock,803568,87.99,70705948.32,803568,I,Nemser Earl H,Vice Chairman,true,true,false,Vice Chairman,SEC EDGAR
IBKR|0001381197-26-000140|nonDerivative|2026-08-03|Conkling Lori A|P|Class A common stock|25|87.03|D,2026-08-06 03:29:58+0000,IBKR,"Interactive Brokers Group, Inc.",0001381197,4,2026-08-04,2026-08-03,0001381197-26-000140,https://www.sec.gov/Archives/edgar/data/1381197/000138119726000140/ownership.xml,nonDerivative,2026-08-03,P,Class A common stock,25,87.03,2175.75,2534,D,Conkling Lori A,,true,false,false,,SEC EDGAR
HUM|0001909194-26-000005|nonDerivative|2026-08-01|Smith Paul John|A|Humana Common|544|0|D,2026-08-06 03:29:58+0000,HUM,HUMANA INC,0000049071,4,2026-08-04,2026-08-01,0001909194-26-000005,https://www.sec.gov/Archives/edgar/data/49071/000190919426000005/form4.xml,nonDerivative,2026-08-01,A,Humana Common,544,0,0.0,544,D,Smith Paul John,Director,1,0,0,,SEC EDGAR
HUM|0001309344-26-000006|nonDerivative|2026-08-01|Crawford Frederick John|A|Humana Common|544|0|D,2026-08-06 03:29:58+0000,HUM,HUMANA INC,0000049071,4,2026-08-04,2026-08-01,0001309344-26-000006,https://www.sec.gov/Archives/edgar/data/49071/000130934426000006/form4.xml,nonDerivative,2026-08-01,A,Humana Common,544,0,0.0,544,D,Crawford Frederick John,Director,1,0,0,,SEC EDGAR
HON|0002056381-26-000006|nonDerivative|2026-08-01|Stepniak Michal|M|Common Stock|401||D,2026-08-06 03:29:58+0000,HON,HONEYWELL INTERNATIONAL INC,0000773840,4,2026-08-04,2026-08-01,0002056381-26-000006,https://www.sec.gov/Archives/edgar/data/773840/000205638126000006/wk-form4_1785875628.xml,nonDerivative,2026-08-01,M,Common Stock,401,,,3106,D,Stepniak Michal,"Officer, SrVP & Chief Financial Officer",0,1,0,SrVP & Chief Financial Officer,SEC EDGAR
HON|0002056381-26-000006|nonDerivative|2026-08-01|Stepniak Michal|F|Common Stock|175|242.01|D,2026-08-06 03:29:58+0000,HON,HONEYWELL INTERNATIONAL INC,0000773840,4,2026-08-04,2026-08-01,0002056381-26-000006,https://www.sec.gov/Archives/edgar/data/773840/000205638126000006/wk-form4_1785875628.xml,nonDerivative,2026-08-01,F,Common Stock,175,242.01,42351.75,2931,D,Stepniak Michal,"Officer, SrVP & Chief Financial Officer",0,1,0,SrVP & Chief Financial Officer,SEC EDGAR
HON|0002056381-26-000006|derivative|2026-08-01|Stepniak Michal|M|Restricted Stock Units|401|0|D,2026-08-06 03:29:58+0000,HON,HONEYWELL INTERNATIONAL INC,0000773840,4,2026-08-04,2026-08-01,0002056381-26-000006,https://www.sec.gov/Archives/edgar/data/773840/000205638126000006/wk-form4_1785875628.xml,derivative,2026-08-01,M,Restricted Stock Units,401,0,0.0,389,D,Stepniak Michal,"Officer, SrVP & Chief Financial Officer",0,1,0,SrVP & Chief Financial Officer,SEC EDGAR
HON|0002140736-26-000004|derivative|2026-08-03|Reilly Jennifer J|A|Restricted Stock Units|3355|0|D,2026-08-06 03:29:58+0000,HON,HONEYWELL INTERNATIONAL INC,0000773840,4,2026-08-04,2026-08-03,0002140736-26-000004,https://www.sec.gov/Archives/edgar/data/773840/000214073626000004/wk-form4_1785876577.xml,derivative,2026-08-03,A,Restricted Stock Units,3355,0,0.0,3355,D,Reilly Jennifer J,"Officer, SVP and CHRO",0,1,0,SVP and CHRO,SEC EDGAR
HON|0002140736-26-000003|nonDerivative|2026-08-01|Reilly Jennifer J|M|Common Stock|747||D,2026-08-06 03:29:58+0000,HON,HONEYWELL INTERNATIONAL INC,0000773840,4,2026-08-04,2026-08-01,0002140736-26-000003,https://www.sec.gov/Archives/edgar/data/773840/000214073626000003/wk-form4_1785875783.xml,nonDerivative,2026-08-01,M,Common Stock,747,,,752,D,Reilly Jennifer J,"Officer, SVP and CHRO",0,1,0,SVP and CHRO,SEC EDGAR
HON|0002140736-26-000003|nonDerivative|2026-08-01|Reilly Jennifer J|F|Common Stock|325|242.01|D,2026-08-06 03:29:58+0000,HON,HONEYWELL INTERNATIONAL INC,0000773840,4,2026-08-04,2026-08-01,0002140736-26-000003,https://www.sec.gov/Archives/edgar/data/773840/000214073626000003/wk-form4_1785875783.xml,nonDerivative,2026-08-01,F,Common Stock,325,242.01,78653.25,427,D,Reilly Jennifer J,"Officer, SVP and CHRO",0,1,0,SVP and CHRO,SEC EDGAR
HON|0002140736-26-000003|derivative|2026-08-01|Reilly Jennifer J|M|Restricted Stock Units|747|0|D,2026-08-06 03:29:58+0000,HON,HONEYWELL INTERNATIONAL INC,0000773840,4,2026-08-04,2026-08-01,0002140736-26-000003,https://www.sec.gov/Archives/edgar/data/773840/000214073626000003/wk-form4_1785875783.xml,derivative,2026-08-01,M,Restricted Stock Units,747,0,0.0,1453,D,Reilly Jennifer J,"Officer, SVP and CHRO",0,1,0,SVP and CHRO,SEC EDGAR
HON|0002077291-26-000003|derivative|2026-08-03|Masso James|A|Restricted Stock Units|4067|0|D,2026-08-06 03:29:58+0000,HON,HONEYWELL INTERNATIONAL INC,0000773840,4,2026-08-04,2026-08-03,0002077291-26-000003,https://www.sec.gov/Archives/edgar/data/773840/000207729126000003/wk-form4_1785875965.xml,derivative,2026-08-03,A,Restricted Stock Units,4067,0,0.0,4067,D,Masso James,"Officer, Pres/CEO, Process Automation",0,1,0,"Pres/CEO, Process Automation",SEC EDGAR
HON|0001490146-26-000006|derivative|2026-08-03|Mailloux Robert D.|A|Restricted Stock Units|5368|0|D,2026-08-06 03:29:58+0000,HON,HONEYWELL INTERNATIONAL INC,0000773840,4,2026-08-04,2026-08-03,0001490146-26-000006,https://www.sec.gov/Archives/edgar/data/773840/000149014626000006/wk-form4_1785876258.xml,derivative,2026-08-03,A,Restricted Stock Units,5368,0,0.0,5368,D,Mailloux Robert D.,"Officer, Vice President & Controller",0,1,0,Vice President & Controller,SEC EDGAR
HON|0001748614-26-000009|nonDerivative|2026-08-01|Lu Su Ping|M|Common Stock|382||D,2026-08-06 03:29:58+0000,HON,HONEYWELL INTERNATIONAL INC,0000773840,4,2026-08-04,2026-08-01,0001748614-26-000009,https://www.sec.gov/Archives/edgar/data/773840/000174861426000009/wk-form4_1785875520.xml,nonDerivative,2026-08-01,M,Common Stock,382,,,5708,D,Lu Su Ping,"Officer, SrVP, General Counsel, CorpSec",0,1,0,"SrVP, General Counsel, CorpSec",SEC EDGAR
HON|0001748614-26-000009|nonDerivative|2026-08-01|Lu Su Ping|F|Common Stock|167|242.01|D,2026-08-06 03:29:58+0000,HON,HONEYWELL INTERNATIONAL INC,0000773840,4,2026-08-04,2026-08-01,0001748614-26-000009,https://www.sec.gov/Archives/edgar/data/773840/000174861426000009/wk-form4_1785875520.xml,nonDerivative,2026-08-01,F,Common Stock,167,242.01,40415.67,5541,D,Lu Su Ping,"Officer, SrVP, General Counsel, CorpSec",0,1,0,"SrVP, General Counsel, CorpSec",SEC EDGAR
HON|0001748614-26-000009|derivative|2026-08-01|Lu Su Ping|M|Restricted Stock Units|382|0|D,2026-08-06 03:29:58+0000,HON,HONEYWELL INTERNATIONAL INC,0000773840,4,2026-08-04,2026-08-01,0001748614-26-000009,https://www.sec.gov/Archives/edgar/data/773840/000174861426000009/wk-form4_1785875520.xml,derivative,2026-08-01,M,Restricted Stock Units,382,0,0.0,371,D,Lu Su Ping,"Officer, SrVP, General Counsel, CorpSec",0,1,0,"SrVP, General Counsel, CorpSec",SEC EDGAR
HON|0001821482-26-000002|derivative|2026-08-03|LAU PETER JAMES|A|Restricted Stock Units|14233|0|D,2026-08-06 03:29:58+0000,HON,HONEYWELL INTERNATIONAL INC,0000773840,4,2026-08-04,2026-08-03,0001821482-26-000002,https://www.sec.gov/Archives/edgar/data/773840/000182148226000002/wk-form4_1785876082.xml,derivative,2026-08-03,A,Restricted Stock Units,14233,0,0.0,14233,D,LAU PETER JAMES,"Officer, Pres/CEO Industrial Automation",0,1,0,Pres/CEO Industrial Automation,SEC EDGAR
HON|0001973103-26-000009|derivative|2026-08-03|Hammoud Billal|A|Restricted Stock Units|14233|0|D,2026-08-06 03:29:58+0000,HON,HONEYWELL INTERNATIONAL INC,0000773840,4,2026-08-04,2026-08-03,0001973103-26-000009,https://www.sec.gov/Archives/edgar/data/773840/000197310326000009/wk-form4_1785876450.xml,derivative,2026-08-03,A,Restricted Stock Units,14233,0,0.0,14233,D,Hammoud Billal,"Officer, Pres/CEO Building Automation",0,1,0,Pres/CEO Building Automation,SEC EDGAR
HBAN|0001225208-26-006929|nonDerivative|2026-08-03|Kowalski Kendall A|S|Common Stock|400.9400|17.2050|D,2026-08-06 03:29:58+0000,HBAN,HUNTINGTON BANCSHARES INC /MD/,0000049196,4,2026-08-04,2026-08-03,0001225208-26-006929,https://www.sec.gov/Archives/edgar/data/49196/000122520826006929/doc4.xml,nonDerivative,2026-08-03,S,Common Stock,400.9400,17.2050,6898.172699999999,97595.0340,D,Kowalski Kendall A,"Officer, Chief Information Officer",,1,,Chief Information Officer,SEC EDGAR
HBAN|0001225208-26-006929|nonDerivative|2026-08-03|Kowalski Kendall A|S|Common Stock|27570.0000|17.2000|D,2026-08-06 03:29:58+0000,HBAN,HUNTINGTON BANCSHARES INC /MD/,0000049196,4,2026-08-04,2026-08-03,0001225208-26-006929,https://www.sec.gov/Archives/edgar/data/49196/000122520826006929/doc4.xml,nonDerivative,2026-08-03,S,Common Stock,27570.0000,17.2000,474204.0,70025.0340,D,Kowalski Kendall A,"Officer, Chief Information Officer",,1,,Chief Information Officer,SEC EDGAR
GRMN|0001193125-26-333541|nonDerivative|2026-08-04|Straub Philip|G|Registered Shares|670|0|D,2026-08-06 03:29:58+0000,GRMN,GARMIN LTD,0001121788,4,2026-08-04,2026-08-04,0001193125-26-333541,https://www.sec.gov/Archives/edgar/data/1121788/000119312526333541/ownership.xml,nonDerivative,2026-08-04,G,Registered Shares,670,0,0.0,100888.5,D,Straub Philip,"EVP, Man. Director - Aviation",false,true,false,"EVP, Man. Director - Aviation",SEC EDGAR
GRMN|0001193125-26-333540|nonDerivative|2026-08-03|KAO MIN H|G|Registered Shares|3090|0|I,2026-08-06 03:29:58+0000,GRMN,GARMIN LTD,0001121788,4,2026-08-04,2026-08-03,0001193125-26-333540,https://www.sec.gov/Archives/edgar/data/1121788/000119312526333540/ownership.xml,nonDerivative,2026-08-03,G,Registered Shares,3090,0,0.0,6223003,I,KAO MIN H,Executive Chairman,true,true,false,Executive Chairman,SEC EDGAR
GPC|0002075110-26-000006|nonDerivative|2026-08-01|Masse Alain|F|Common Stock|403|128.52|D,2026-08-06 03:29:58+0000,GPC,GENUINE PARTS CO,0000040987,4,2026-08-04,2026-08-01,0002075110-26-000006,https://www.sec.gov/Archives/edgar/data/40987/000207511026000006/wk-form4_1785857860.xml,nonDerivative,2026-08-01,F,Common Stock,403,128.52,51793.560000000005,24850,D,Masse Alain,"Officer, President, N.A. Automotive",0,1,0,"President, N.A. Automotive",SEC EDGAR
GNRC|0001437749-26-025727|nonDerivative|2026-07-31|Zarcone Dominick P|A|Common Stock|128|196.17|D,2026-08-06 03:29:58+0000,GNRC,GENERAC HOLDINGS INC.,0001474735,4,2026-08-04,2026-07-31,0001437749-26-025727,https://www.sec.gov/Archives/edgar/data/1474735/000143774926025727/rdgdoc.xml,nonDerivative,2026-07-31,A,Common Stock,128,196.17,25109.76,19716,D,Zarcone Dominick P,Director,1,,,,SEC EDGAR
GNRC|0001437749-26-025722|nonDerivative|2026-07-31|Morgan Bennett J|A|Common Stock|166|196.17|D,2026-08-06 03:29:58+0000,GNRC,GENERAC HOLDINGS INC.,0001474735,4,2026-08-04,2026-07-31,0001437749-26-025722,https://www.sec.gov/Archives/edgar/data/1474735/000143774926025722/rdgdoc.xml,nonDerivative,2026-07-31,A,Common Stock,166,196.17,32564.219999999998,32607,D,Morgan Bennett J,Director,1,,,,SEC EDGAR
GNRC|0001437749-26-025729|nonDerivative|2026-07-31|LAMPEREUR ANDREW|A|Common Stock|160|196.17|D,2026-08-06 03:29:58+0000,GNRC,GENERAC HOLDINGS INC.,0001474735,4,2026-08-04,2026-07-31,0001437749-26-025729,https://www.sec.gov/Archives/edgar/data/1474735/000143774926025729/rdgdoc.xml,nonDerivative,2026-07-31,A,Common Stock,160,196.17,31387.199999999997,28954,D,LAMPEREUR ANDREW,Director,1,,,,SEC EDGAR
GNRC|0001437749-26-025719|nonDerivative|2026-08-03|Jagdfeld Aaron|S|Common Stock|5000|194.89|D,2026-08-06 03:29:58+0000,GNRC,GENERAC HOLDINGS INC.,0001474735,4,2026-08-04,2026-08-03,0001437749-26-025719,https://www.sec.gov/Archives/edgar/data/1474735/000143774926025719/rdgdoc.xml,nonDerivative,2026-08-03,S,Common Stock,5000,194.89,974449.9999999999,554528,D,Jagdfeld Aaron,"Director, Officer, Chief Executive Officer",1,1,,Chief Executive Officer,SEC EDGAR
GIS|0000897101-26-000344|nonDerivative|2026-08-01|Bruce Kofi A|F|Common Stock|971|35.75|D,2026-08-06 03:29:58+0000,GIS,GENERAL MILLS INC,0000040704,4,2026-08-04,2026-08-01,0000897101-26-000344,https://www.sec.gov/Archives/edgar/data/40704/000089710126000344/edgardoc.xml,nonDerivative,2026-08-01,F,Common Stock,971,35.75,34713.25,256345.1867,D,Bruce Kofi A,"Officer, Chief Financial Officer",0,1,0,Chief Financial Officer,SEC EDGAR
GILD|0001638643-26-000028|nonDerivative|2026-08-03|O'Day Daniel Patrick|S|Common Stock|6700|129.6583|D,2026-08-06 03:29:58+0000,GILD,"GILEAD SCIENCES, INC.",0000882095,4,2026-08-04,2026-08-03,0001638643-26-000028,https://www.sec.gov/Archives/edgar/data/882095/000163864326000028/wk-form4_1785879633.xml,nonDerivative,2026-08-03,S,Common Stock,6700,129.6583,868710.61,600433,D,O'Day Daniel Patrick,"Director, Officer, Chairman & CEO",1,1,0,Chairman & CEO,SEC EDGAR
GILD|0001638643-26-000028|nonDerivative|2026-08-03|O'Day Daniel Patrick|S|Common Stock|7700|130.8022|D,2026-08-06 03:29:58+0000,GILD,"GILEAD SCIENCES, INC.",0000882095,4,2026-08-04,2026-08-03,0001638643-26-000028,https://www.sec.gov/Archives/edgar/data/882095/000163864326000028/wk-form4_1785879633.xml,nonDerivative,2026-08-03,S,Common Stock,7700,130.8022,1007176.94,592733,D,O'Day Daniel Patrick,"Director, Officer, Chairman & CEO",1,1,0,Chairman & CEO,SEC EDGAR
GILD|0001638643-26-000028|nonDerivative|2026-08-03|O'Day Daniel Patrick|S|Common Stock|600|131.3433|D,2026-08-06 03:29:58+0000,GILD,"GILEAD SCIENCES, INC.",0000882095,4,2026-08-04,2026-08-03,0001638643-26-000028,https://www.sec.gov/Archives/edgar/data/882095/000163864326000028/wk-form4_1785879633.xml,nonDerivative,2026-08-03,S,Common Stock,600,131.3433,78805.98,592133,D,O'Day Daniel Patrick,"Director, Officer, Chairman & CEO",1,1,0,Chairman & CEO,SEC EDGAR
GD|0001193125-26-333260|nonDerivative|2026-07-31|NOVAKOVIC PHEBE N|M|Common Stock|166660|165.47|D,2026-08-06 03:29:58+0000,GD,GENERAL DYNAMICS CORP,0000040533,4,2026-08-04,2026-07-31,0001193125-26-333260,https://www.sec.gov/Archives/edgar/data/40533/000119312526333260/ownership.xml,nonDerivative,2026-07-31,M,Common Stock,166660,165.47,27577230.2,933117,D,NOVAKOVIC PHEBE N,Chairman and CEO,true,true,false,Chairman and CEO,SEC EDGAR
GD|0001193125-26-333260|nonDerivative|2026-07-31|NOVAKOVIC PHEBE N|F|Common Stock|115092|379.17|D,2026-08-06 03:29:58+0000,GD,GENERAL DYNAMICS CORP,0000040533,4,2026-08-04,2026-07-31,0001193125-26-333260,https://www.sec.gov/Archives/edgar/data/40533/000119312526333260/ownership.xml,nonDerivative,2026-07-31,F,Common Stock,115092,379.17,43639433.64,818025,D,NOVAKOVIC PHEBE N,Chairman and CEO,true,true,false,Chairman and CEO,SEC EDGAR
GD|0001193125-26-333260|nonDerivative|2026-08-03|NOVAKOVIC PHEBE N|S|Common Stock|5673|381.17|D,2026-08-06 03:29:58+0000,GD,GENERAL DYNAMICS CORP,0000040533,4,2026-08-04,2026-07-31,0001193125-26-333260,https://www.sec.gov/Archives/edgar/data/40533/000119312526333260/ownership.xml,nonDerivative,2026-08-03,S,Common Stock,5673,381.17,2162377.41,812352,D,NOVAKOVIC PHEBE N,Chairman and CEO,true,true,false,Chairman and CEO,SEC EDGAR
GD|0001193125-26-333260|nonDerivative|2026-08-03|NOVAKOVIC PHEBE N|S|Common Stock|22707|382.165|D,2026-08-06 03:29:58+0000,GD,GENERAL DYNAMICS CORP,0000040533,4,2026-08-04,2026-07-31,0001193125-26-333260,https://www.sec.gov/Archives/edgar/data/40533/000119312526333260/ownership.xml,nonDerivative,2026-08-03,S,Common Stock,22707,382.165,8677820.655000001,789645,D,NOVAKOVIC PHEBE N,Chairman and CEO,true,true,false,Chairman and CEO,SEC EDGAR
GD|0001193125-26-333260|nonDerivative|2026-08-03|NOVAKOVIC PHEBE N|S|Common Stock|15917|383.091|D,2026-08-06 03:29:58+0000,GD,GENERAL DYNAMICS CORP,0000040533,4,2026-08-04,2026-07-31,0001193125-26-333260,https://www.sec.gov/Archives/edgar/data/40533/000119312526333260/ownership.xml,nonDerivative,2026-08-03,S,Common Stock,15917,383.091,6097659.447,773728,D,NOVAKOVIC PHEBE N,Chairman and CEO,true,true,false,Chairman and CEO,SEC EDGAR
GD|0001193125-26-333260|nonDerivative|2026-08-03|NOVAKOVIC PHEBE N|S|Common Stock|7271|383.852|D,2026-08-06 03:29:58+0000,GD,GENERAL DYNAMICS CORP,0000040533,4,2026-08-04,2026-07-31,0001193125-26-333260,https://www.sec.gov/Archives/edgar/data/40533/000119312526333260/ownership.xml,nonDerivative,2026-08-03,S,Common Stock,7271,383.852,2790987.892,766457,D,NOVAKOVIC PHEBE N,Chairman and CEO,true,true,false,Chairman and CEO,SEC EDGAR
GD|0001193125-26-333260|derivative|2026-07-31|NOVAKOVIC PHEBE N|M|Stock Options|166660|0|D,2026-08-06 03:29:58+0000,GD,GENERAL DYNAMICS CORP,0000040533,4,2026-08-04,2026-07-31,0001193125-26-333260,https://www.sec.gov/Archives/edgar/data/40533/000119312526333260/ownership.xml,derivative,2026-07-31,M,Stock Options,166660,0,0.0,0,D,NOVAKOVIC PHEBE N,Chairman and CEO,true,true,false,Chairman and CEO,SEC EDGAR
GD|0001193125-26-333251|nonDerivative|2026-07-31|Gilliland Marguerite Amy|M|Common Stock|43180|165.47|D,2026-08-06 03:29:58+0000,GD,GENERAL DYNAMICS CORP,0000040533,4,2026-08-04,2026-07-31,0001193125-26-333251,https://www.sec.gov/Archives/edgar/data/40533/000119312526333251/ownership.xml,nonDerivative,2026-07-31,M,Common Stock,43180,165.47,7144994.6,87947,D,Gilliland Marguerite Amy,Executive Vice President,false,true,false,Executive Vice President,SEC EDGAR
GD|0001193125-26-333251|nonDerivative|2026-07-31|Gilliland Marguerite Amy|S|Common Stock|16970|377.442|D,2026-08-06 03:29:58+0000,GD,GENERAL DYNAMICS CORP,0000040533,4,2026-08-04,2026-07-31,0001193125-26-333251,https://www.sec.gov/Archives/edgar/data/40533/000119312526333251/ownership.xml,nonDerivative,2026-07-31,S,Common Stock,16970,377.442,6405190.74,70977,D,Gilliland Marguerite Amy,Executive Vice President,false,true,false,Executive Vice President,SEC EDGAR
GD|0001193125-26-333251|nonDerivative|2026-07-31|Gilliland Marguerite Amy|S|Common Stock|26210|378.423|D,2026-08-06 03:29:58+0000,GD,GENERAL DYNAMICS CORP,0000040533,4,2026-08-04,2026-07-31,0001193125-26-333251,https://www.sec.gov/Archives/edgar/data/40533/000119312526333251/ownership.xml,nonDerivative,2026-07-31,S,Common Stock,26210,378.423,9918466.83,44767,D,Gilliland Marguerite Amy,Executive Vice President,false,true,false,Executive Vice President,SEC EDGAR
GD|0001193125-26-333251|derivative|2026-07-31|Gilliland Marguerite Amy|M|Stock Options|43180|0|D,2026-08-06 03:29:58+0000,GD,GENERAL DYNAMICS CORP,0000040533,4,2026-08-04,2026-07-31,0001193125-26-333251,https://www.sec.gov/Archives/edgar/data/40533/000119312526333251/ownership.xml,derivative,2026-07-31,M,Stock Options,43180,0,0.0,0,D,Gilliland Marguerite Amy,Executive Vice President,false,true,false,Executive Vice President,SEC EDGAR
FTV|0001530255-26-000010|derivative|2026-04-17|Okerstrom Mark D|A|Executive Deferred Incentive Program - Fortive Stock Fund|20.845|60.52|D,2026-08-06 03:29:58+0000,FTV,Fortive Corp,0001659166,4,2026-08-04,2026-04-17,0001530255-26-000010,https://www.sec.gov/Archives/edgar/data/1659166/000153025526000010/wk-form4_1785884245.xml,derivative,2026-04-17,A,Executive Deferred Incentive Program - Fortive Stock Fund,20.845,60.52,1261.5394,3742.3,D,Okerstrom Mark D,"Officer, SVP - Chief Financial Officer",0,1,0,SVP - Chief Financial Officer,SEC EDGAR
FTV|0001530255-26-000010|derivative|2026-05-01|Okerstrom Mark D|A|Executive Deferred Incentive Program - Fortive Stock Fund|21.501|59.03|D,2026-08-06 03:29:58+0000,FTV,Fortive Corp,0001659166,4,2026-08-04,2026-04-17,0001530255-26-000010,https://www.sec.gov/Archives/edgar/data/1659166/000153025526000010/wk-form4_1785884245.xml,derivative,2026-05-01,A,Executive Deferred Incentive Program - Fortive Stock Fund,21.501,59.03,1269.20403,3763.801,D,Okerstrom Mark D,"Officer, SVP - Chief Financial Officer",0,1,0,SVP - Chief Financial Officer,SEC EDGAR
FTV|0001530255-26-000010|derivative|2026-05-11|Okerstrom Mark D|A|Executive Deferred Incentive Program - Fortive Stock Fund|20.101|60.31|D,2026-08-06 03:29:58+0000,FTV,Fortive Corp,0001659166,4,2026-08-04,2026-04-17,0001530255-26-000010,https://www.sec.gov/Archives/edgar/data/1659166/000153025526000010/wk-form4_1785884245.xml,derivative,2026-05-11,A,Executive Deferred Incentive Program - Fortive Stock Fund,20.101,60.31,1212.29131,3783.902,D,Okerstrom Mark D,"Officer, SVP - Chief Financial Officer",0,1,0,SVP - Chief Financial Officer,SEC EDGAR
FTV|0001530255-26-000010|derivative|2026-05-15|Okerstrom Mark D|A|Executive Deferred Incentive Program - Fortive Stock Fund|21.615|58.72|D,2026-08-06 03:29:58+0000,FTV,Fortive Corp,0001659166,4,2026-08-04,2026-04-17,0001530255-26-000010,https://www.sec.gov/Archives/edgar/data/1659166/000153025526000010/wk-form4_1785884245.xml,derivative,2026-05-15,A,Executive Deferred Incentive Program - Fortive Stock Fund,21.615,58.72,1269.2327999999998,3805.517,D,Okerstrom Mark D,"Officer, SVP - Chief Financial Officer",0,1,0,SVP - Chief Financial Officer,SEC EDGAR
FTV|0001530255-26-000010|derivative|2026-05-29|Okerstrom Mark D|A|Executive Deferred Incentive Program - Fortive Stock Fund|21.763|58.32|D,2026-08-06 03:29:58+0000,FTV,Fortive Corp,0001659166,4,2026-08-04,2026-04-17,0001530255-26-000010,https://www.sec.gov/Archives/edgar/data/1659166/000153025526000010/wk-form4_1785884245.xml,derivative,2026-05-29,A,Executive Deferred Incentive Program - Fortive Stock Fund,21.763,58.32,1269.2181600000001,3827.28,D,Okerstrom Mark D,"Officer, SVP - Chief Financial Officer",0,1,0,SVP - Chief Financial Officer,SEC EDGAR
FTV|0001530255-26-000010|derivative|2026-06-12|Okerstrom Mark D|A|Executive Deferred Incentive Program - Fortive Stock Fund|21.105|60.14|D,2026-08-06 03:29:58+0000,FTV,Fortive Corp,0001659166,4,2026-08-04,2026-04-17,0001530255-26-000010,https://www.sec.gov/Archives/edgar/data/1659166/000153025526000010/wk-form4_1785884245.xml,derivative,2026-06-12,A,Executive Deferred Incentive Program - Fortive Stock Fund,21.105,60.14,1269.2547,3848.385,D,Okerstrom Mark D,"Officer, SVP - Chief Financial Officer",0,1,0,SVP - Chief Financial Officer,SEC EDGAR
FTV|0001530255-26-000010|derivative|2026-06-26|Okerstrom Mark D|A|Executive Deferred Incentive Program - Fortive Stock Fund|20.645|61.48|D,2026-08-06 03:29:58+0000,FTV,Fortive Corp,0001659166,4,2026-08-04,2026-04-17,0001530255-26-000010,https://www.sec.gov/Archives/edgar/data/1659166/000153025526000010/wk-form4_1785884245.xml,derivative,2026-06-26,A,Executive Deferred Incentive Program - Fortive Stock Fund,20.645,61.48,1269.2546,3869.03,D,Okerstrom Mark D,"Officer, SVP - Chief Financial Officer",0,1,0,SVP - Chief Financial Officer,SEC EDGAR
FTV|0001530255-26-000010|derivative|2026-07-10|Okerstrom Mark D|A|Executive Deferred Incentive Program - Fortive Stock Fund|20.406|62.20|D,2026-08-06 03:29:58+0000,FTV,Fortive Corp,0001659166,4,2026-08-04,2026-04-17,0001530255-26-000010,https://www.sec.gov/Archives/edgar/data/1659166/000153025526000010/wk-form4_1785884245.xml,derivative,2026-07-10,A,Executive Deferred Incentive Program - Fortive Stock Fund,20.406,62.20,1269.2531999999999,3889.436,D,Okerstrom Mark D,"Officer, SVP - Chief Financial Officer",0,1,0,SVP - Chief Financial Officer,SEC EDGAR
FTV|0001530255-26-000010|derivative|2026-07-24|Okerstrom Mark D|A|Executive Deferred Incentive Program - Fortive Stock Fund|20.37|62.31|D,2026-08-06 03:29:58+0000,FTV,Fortive Corp,0001659166,4,2026-08-04,2026-04-17,0001530255-26-000010,https://www.sec.gov/Archives/edgar/data/1659166/000153025526000010/wk-form4_1785884245.xml,derivative,2026-07-24,A,Executive Deferred Incentive Program - Fortive Stock Fund,20.37,62.31,1269.2547000000002,3909.806,D,Okerstrom Mark D,"Officer, SVP - Chief Financial Officer",0,1,0,SVP - Chief Financial Officer,SEC EDGAR
FTNT|0001475586-26-000018|nonDerivative|2026-08-01|Xie Michael|M|Common Stock|2764|0|D,2026-08-06 03:29:58+0000,FTNT,"Fortinet, Inc.",0001262039,4,2026-08-04,2026-08-01,0001475586-26-000018,https://www.sec.gov/Archives/edgar/data/1262039/000147558626000018/form4-08042026_090822.xml,nonDerivative,2026-08-01,M,Common Stock,2764,0,0.0,9921124,D,Xie Michael,"VP, ENGINEERING & CTO",true,true,false,"VP, ENGINEERING & CTO",SEC EDGAR
FTNT|0001475586-26-000018|nonDerivative|2026-08-01|Xie Michael|M|Common Stock|2242|0|D,2026-08-06 03:29:58+0000,FTNT,"Fortinet, Inc.",0001262039,4,2026-08-04,2026-08-01,0001475586-26-000018,https://www.sec.gov/Archives/edgar/data/1262039/000147558626000018/form4-08042026_090822.xml,nonDerivative,2026-08-01,M,Common Stock,2242,0,0.0,9923366,D,Xie Michael,"VP, ENGINEERING & CTO",true,true,false,"VP, ENGINEERING & CTO",SEC EDGAR
FTNT|0001475586-26-000018|nonDerivative|2026-08-01|Xie Michael|M|Common Stock|1300|0|D,2026-08-06 03:29:58+0000,FTNT,"Fortinet, Inc.",0001262039,4,2026-08-04,2026-08-01,0001475586-26-000018,https://www.sec.gov/Archives/edgar/data/1262039/000147558626000018/form4-08042026_090822.xml,nonDerivative,2026-08-01,M,Common Stock,1300,0,0.0,9924666,D,Xie Michael,"VP, ENGINEERING & CTO",true,true,false,"VP, ENGINEERING & CTO",SEC EDGAR
FTNT|0001475586-26-000018|nonDerivative|2026-08-01|Xie Michael|F|Common Stock|3185|161.95|D,2026-08-06 03:29:58+0000,FTNT,"Fortinet, Inc.",0001262039,4,2026-08-04,2026-08-01,0001475586-26-000018,https://www.sec.gov/Archives/edgar/data/1262039/000147558626000018/form4-08042026_090822.xml,nonDerivative,2026-08-01,F,Common Stock,3185,161.95,515810.74999999994,9921481,D,Xie Michael,"VP, ENGINEERING & CTO",true,true,false,"VP, ENGINEERING & CTO",SEC EDGAR
FTNT|0001475586-26-000018|nonDerivative|2026-08-03|Xie Michael|S|Common Stock|700|160.36|D,2026-08-06 03:29:58+0000,FTNT,"Fortinet, Inc.",0001262039,4,2026-08-04,2026-08-01,0001475586-26-000018,https://www.sec.gov/Archives/edgar/data/1262039/000147558626000018/form4-08042026_090822.xml,nonDerivative,2026-08-03,S,Common Stock,700,160.36,112252.00000000001,9920781,D,Xie Michael,"VP, ENGINEERING & CTO",true,true,false,"VP, ENGINEERING & CTO",SEC EDGAR
FTNT|0001475586-26-000018|nonDerivative|2026-08-03|Xie Michael|S|Common Stock|200|161.75|D,2026-08-06 03:29:58+0000,FTNT,"Fortinet, Inc.",0001262039,4,2026-08-04,2026-08-01,0001475586-26-000018,https://www.sec.gov/Archives/edgar/data/1262039/000147558626000018/form4-08042026_090822.xml,nonDerivative,2026-08-03,S,Common Stock,200,161.75,32350.0,9920581,D,Xie Michael,"VP, ENGINEERING & CTO",true,true,false,"VP, ENGINEERING & CTO",SEC EDGAR
FTNT|0001475586-26-000018|nonDerivative|2026-08-03|Xie Michael|S|Common Stock|1421|163.1181|D,2026-08-06 03:29:58+0000,FTNT,"Fortinet, Inc.",0001262039,4,2026-08-04,2026-08-01,0001475586-26-000018,https://www.sec.gov/Archives/edgar/data/1262039/000147558626000018/form4-08042026_090822.xml,nonDerivative,2026-08-03,S,Common Stock,1421,163.1181,231790.8201,9919160,D,Xie Michael,"VP, ENGINEERING & CTO",true,true,false,"VP, ENGINEERING & CTO",SEC EDGAR
FTNT|0001475586-26-000018|nonDerivative|2026-08-03|Xie Michael|S|Common Stock|800|163.9763|D,2026-08-06 03:29:58+0000,FTNT,"Fortinet, Inc.",0001262039,4,2026-08-04,2026-08-01,0001475586-26-000018,https://www.sec.gov/Archives/edgar/data/1262039/000147558626000018/form4-08042026_090822.xml,nonDerivative,2026-08-03,S,Common Stock,800,163.9763,131181.04,9918360,D,Xie Michael,"VP, ENGINEERING & CTO",true,true,false,"VP, ENGINEERING & CTO",SEC EDGAR
FTNT|0001475586-26-000018|derivative|2026-08-01|Xie Michael|M|Restricted Stock Units|2764|0|D,2026-08-06 03:29:58+0000,FTNT,"Fortinet, Inc.",0001262039,4,2026-08-04,2026-08-01,0001475586-26-000018,https://www.sec.gov/Archives/edgar/data/1262039/000147558626000018/form4-08042026_090822.xml,derivative,2026-08-01,M,Restricted Stock Units,2764,0,0.0,5527,D,Xie Michael,"VP, ENGINEERING & CTO",true,true,false,"VP, ENGINEERING & CTO",SEC EDGAR
FTNT|0001475586-26-000018|derivative|2026-08-01|Xie Michael|M|Restricted Stock Units|2242|0|D,2026-08-06 03:29:58+0000,FTNT,"Fortinet, Inc.",0001262039,4,2026-08-04,2026-08-01,0001475586-26-000018,https://www.sec.gov/Archives/edgar/data/1262039/000147558626000018/form4-08042026_090822.xml,derivative,2026-08-01,M,Restricted Stock Units,2242,0,0.0,13454,D,Xie Michael,"VP, ENGINEERING & CTO",true,true,false,"VP, ENGINEERING & CTO",SEC EDGAR
FTNT|0001475586-26-000018|derivative|2026-08-01|Xie Michael|M|Restricted Stock Units|1300|0|D,2026-08-06 03:29:58+0000,FTNT,"Fortinet, Inc.",0001262039,4,2026-08-04,2026-08-01,0001475586-26-000018,https://www.sec.gov/Archives/edgar/data/1262039/000147558626000018/form4-08042026_090822.xml,derivative,2026-08-01,M,Restricted Stock Units,1300,0,0.0,13002,D,Xie Michael,"VP, ENGINEERING & CTO",true,true,false,"VP, ENGINEERING & CTO",SEC EDGAR
FTNT|0001475587-26-000014|nonDerivative|2026-08-01|Xie Ken|M|Common Stock|6260|0|D,2026-08-06 03:29:58+0000,FTNT,"Fortinet, Inc.",0001262039,4,2026-08-04,2026-08-01,0001475587-26-000014,https://www.sec.gov/Archives/edgar/data/1262039/000147558726000014/form4-08042026_090854.xml,nonDerivative,2026-08-01,M,Common Stock,6260,0,0.0,52978632,D,Xie Ken,PRESIDENT & CEO,true,true,false,PRESIDENT & CEO,SEC EDGAR
FTNT|0001475587-26-000014|nonDerivative|2026-08-01|Xie Ken|M|Common Stock|4558|0|D,2026-08-06 03:29:58+0000,FTNT,"Fortinet, Inc.",0001262039,4,2026-08-04,2026-08-01,0001475587-26-000014,https://www.sec.gov/Archives/edgar/data/1262039/000147558726000014/form4-08042026_090854.xml,nonDerivative,2026-08-01,M,Common Stock,4558,0,0.0,52983190,D,Xie Ken,PRESIDENT & CEO,true,true,false,PRESIDENT & CEO,SEC EDGAR
FTNT|0001475587-26-000014|nonDerivative|2026-08-01|Xie Ken|M|Common Stock|2275|0|D,2026-08-06 03:29:58+0000,FTNT,"Fortinet, Inc.",0001262039,4,2026-08-04,2026-08-01,0001475587-26-000014,https://www.sec.gov/Archives/edgar/data/1262039/000147558726000014/form4-08042026_090854.xml,nonDerivative,2026-08-01,M,Common Stock,2275,0,0.0,52985465,D,Xie Ken,PRESIDENT & CEO,true,true,false,PRESIDENT & CEO,SEC EDGAR
FTNT|0001475587-26-000014|nonDerivative|2026-08-01|Xie Ken|F|Common Stock|6611|161.95|D,2026-08-06 03:29:58+0000,FTNT,"Fortinet, Inc.",0001262039,4,2026-08-04,2026-08-01,0001475587-26-000014,https://www.sec.gov/Archives/edgar/data/1262039/000147558726000014/form4-08042026_090854.xml,nonDerivative,2026-08-01,F,Common Stock,6611,161.95,1070651.45,52978854,D,Xie Ken,PRESIDENT & CEO,true,true,false,PRESIDENT & CEO,SEC EDGAR
FTNT|0001475587-26-000014|nonDerivative|2026-08-03|Xie Ken|M|Common Stock|155000|22.90|D,2026-08-06 03:29:58+0000,FTNT,"Fortinet, Inc.",0001262039,4,2026-08-04,2026-08-01,0001475587-26-000014,https://www.sec.gov/Archives/edgar/data/1262039/000147558726000014/form4-08042026_090854.xml,nonDerivative,2026-08-03,M,Common Stock,155000,22.90,3549500.0,53133854,D,Xie Ken,PRESIDENT & CEO,true,true,false,PRESIDENT & CEO,SEC EDGAR
FTNT|0001475587-26-000014|nonDerivative|2026-08-03|Xie Ken|S|Common Stock|18409|160.1376|D,2026-08-06 03:29:58+0000,FTNT,"Fortinet, Inc.",0001262039,4,2026-08-04,2026-08-01,0001475587-26-000014,https://www.sec.gov/Archives/edgar/data/1262039/000147558726000014/form4-08042026_090854.xml,nonDerivative,2026-08-03,S,Common Stock,18409,160.1376,2947973.0784,53115445,D,Xie Ken,PRESIDENT & CEO,true,true,false,PRESIDENT & CEO,SEC EDGAR
FTNT|0001475587-26-000014|nonDerivative|2026-08-03|Xie Ken|S|Common Stock|19647|160.823|D,2026-08-06 03:29:58+0000,FTNT,"Fortinet, Inc.",0001262039,4,2026-08-04,2026-08-01,0001475587-26-000014,https://www.sec.gov/Archives/edgar/data/1262039/000147558726000014/form4-08042026_090854.xml,nonDerivative,2026-08-03,S,Common Stock,19647,160.823,3159689.481,53095798,D,Xie Ken,PRESIDENT & CEO,true,true,false,PRESIDENT & CEO,SEC EDGAR
FTNT|0001475587-26-000014|nonDerivative|2026-08-03|Xie Ken|S|Common Stock|7350|161.8201|D,2026-08-06 03:29:58+0000,FTNT,"Fortinet, Inc.",0001262039,4,2026-08-04,2026-08-01,0001475587-26-000014,https://www.sec.gov/Archives/edgar/data/1262039/000147558726000014/form4-08042026_090854.xml,nonDerivative,2026-08-03,S,Common Stock,7350,161.8201,1189377.7349999999,53088448,D,Xie Ken,PRESIDENT & CEO,true,true,false,PRESIDENT & CEO,SEC EDGAR
FTNT|0001475587-26-000014|nonDerivative|2026-08-03|Xie Ken|S|Common Stock|67971|163.0821|D,2026-08-06 03:29:58+0000,FTNT,"Fortinet, Inc.",0001262039,4,2026-08-04,2026-08-01,0001475587-26-000014,https://www.sec.gov/Archives/edgar/data/1262039/000147558726000014/form4-08042026_090854.xml,nonDerivative,2026-08-03,S,Common Stock,67971,163.0821,11084853.4191,53020477,D,Xie Ken,PRESIDENT & CEO,true,true,false,PRESIDENT & CEO,SEC EDGAR
FTNT|0001475587-26-000014|nonDerivative|2026-08-03|Xie Ken|S|Common Stock|47943|163.91|D,2026-08-06 03:29:58+0000,FTNT,"Fortinet, Inc.",0001262039,4,2026-08-04,2026-08-01,0001475587-26-000014,https://www.sec.gov/Archives/edgar/data/1262039/000147558726000014/form4-08042026_090854.xml,nonDerivative,2026-08-03,S,Common Stock,47943,163.91,7858337.13,52972534,D,Xie Ken,PRESIDENT & CEO,true,true,false,PRESIDENT & CEO,SEC EDGAR
FTNT|0001475587-26-000014|nonDerivative|2026-08-03|Xie Ken|S|Common Stock|162|164.49|D,2026-08-06 03:29:58+0000,FTNT,"Fortinet, Inc.",0001262039,4,2026-08-04,2026-08-01,0001475587-26-000014,https://www.sec.gov/Archives/edgar/data/1262039/000147558726000014/form4-08042026_090854.xml,nonDerivative,2026-08-03,S,Common Stock,162,164.49,26647.38,52972372,D,Xie Ken,PRESIDENT & CEO,true,true,false,PRESIDENT & CEO,SEC EDGAR
FTNT|0001475587-26-000014|derivative|2026-08-01|Xie Ken|M|Restricted Stock Units|6260|0|D,2026-08-06 03:29:58+0000,FTNT,"Fortinet, Inc.",0001262039,4,2026-08-04,2026-08-01,0001475587-26-000014,https://www.sec.gov/Archives/edgar/data/1262039/000147558726000014/form4-08042026_090854.xml,derivative,2026-08-01,M,Restricted Stock Units,6260,0,0.0,12520,D,Xie Ken,PRESIDENT & CEO,true,true,false,PRESIDENT & CEO,SEC EDGAR
FTNT|0001475587-26-000014|derivative|2026-08-01|Xie Ken|M|Restricted Stock Units|4558|0|D,2026-08-06 03:29:58+0000,FTNT,"Fortinet, Inc.",0001262039,4,2026-08-04,2026-08-01,0001475587-26-000014,https://www.sec.gov/Archives/edgar/data/1262039/000147558726000014/form4-08042026_090854.xml,derivative,2026-08-01,M,Restricted Stock Units,4558,0,0.0,27346,D,Xie Ken,PRESIDENT & CEO,true,true,false,PRESIDENT & CEO,SEC EDGAR
FTNT|0001475587-26-000014|derivative|2026-08-01|Xie Ken|M|Restricted Stock Units|2275|0|D,2026-08-06 03:29:58+0000,FTNT,"Fortinet, Inc.",0001262039,4,2026-08-04,2026-08-01,0001475587-26-000014,https://www.sec.gov/Archives/edgar/data/1262039/000147558726000014/form4-08042026_090854.xml,derivative,2026-08-01,M,Restricted Stock Units,2275,0,0.0,22754,D,Xie Ken,PRESIDENT & CEO,true,true,false,PRESIDENT & CEO,SEC EDGAR
FTNT|0001475587-26-000014|derivative|2026-08-03|Xie Ken|M|Nonqualified Stock Option (right to buy)|155000|0|D,2026-08-06 03:29:58+0000,FTNT,"Fortinet, Inc.",0001262039,4,2026-08-04,2026-08-01,0001475587-26-000014,https://www.sec.gov/Archives/edgar/data/1262039/000147558726000014/form4-08042026_090854.xml,derivative,2026-08-03,M,Nonqualified Stock Option (right to buy),155000,0,0.0,306470,D,Xie Ken,PRESIDENT & CEO,true,true,false,PRESIDENT & CEO,SEC EDGAR
FTNT|0001476336-26-000012|nonDerivative|2026-08-01|Whittle John|M|Common Stock|1608|0|D,2026-08-06 03:29:58+0000,FTNT,"Fortinet, Inc.",0001262039,4,2026-08-04,2026-08-01,0001476336-26-000012,https://www.sec.gov/Archives/edgar/data/1262039/000147633626000012/form4-08042026_090841.xml,nonDerivative,2026-08-01,M,Common Stock,1608,0,0.0,96332,D,Whittle John,CHIEF OPERATING OFFICER,false,true,false,CHIEF OPERATING OFFICER,SEC EDGAR
FTNT|0001476336-26-000012|nonDerivative|2026-08-01|Whittle John|M|Common Stock|1827|0|D,2026-08-06 03:29:58+0000,FTNT,"Fortinet, Inc.",0001262039,4,2026-08-04,2026-08-01,0001476336-26-000012,https://www.sec.gov/Archives/edgar/data/1262039/000147633626000012/form4-08042026_090841.xml,nonDerivative,2026-08-01,M,Common Stock,1827,0,0.0,98159,D,Whittle John,CHIEF OPERATING OFFICER,false,true,false,CHIEF OPERATING OFFICER,SEC EDGAR
FTNT|0001476336-26-000012|nonDerivative|2026-08-01|Whittle John|M|Common Stock|1138|0|D,2026-08-06 03:29:58+0000,FTNT,"Fortinet, Inc.",0001262039,4,2026-08-04,2026-08-01,0001476336-26-000012,https://www.sec.gov/Archives/edgar/data/1262039/000147633626000012/form4-08042026_090841.xml,nonDerivative,2026-08-01,M,Common Stock,1138,0,0.0,99297,D,Whittle John,CHIEF OPERATING OFFICER,false,true,false,CHIEF OPERATING OFFICER,SEC EDGAR
FTNT|0001476336-26-000012|nonDerivative|2026-08-01|Whittle John|F|Common Stock|2310|161.95|D,2026-08-06 03:29:58+0000,FTNT,"Fortinet, Inc.",0001262039,4,2026-08-04,2026-08-01,0001476336-26-000012,https://www.sec.gov/Archives/edgar/data/1262039/000147633626000012/form4-08042026_090841.xml,nonDerivative,2026-08-01,F,Common Stock,2310,161.95,374104.5,96987,D,Whittle John,CHIEF OPERATING OFFICER,false,true,false,CHIEF OPERATING OFFICER,SEC EDGAR
FTNT|0001476336-26-000012|derivative|2026-08-01|Whittle John|M|Restricted Stock Units|1608|0|D,2026-08-06 03:29:58+0000,FTNT,"Fortinet, Inc.",0001262039,4,2026-08-04,2026-08-01,0001476336-26-000012,https://www.sec.gov/Archives/edgar/data/1262039/000147633626000012/form4-08042026_090841.xml,derivative,2026-08-01,M,Restricted Stock Units,1608,0,0.0,3217,D,Whittle John,CHIEF OPERATING OFFICER,false,true,false,CHIEF OPERATING OFFICER,SEC EDGAR
FTNT|0001476336-26-000012|derivative|2026-08-01|Whittle John|M|Restricted Stock Units|1827|0|D,2026-08-06 03:29:58+0000,FTNT,"Fortinet, Inc.",0001262039,4,2026-08-04,2026-08-01,0001476336-26-000012,https://www.sec.gov/Archives/edgar/data/1262039/000147633626000012/form4-08042026_090841.xml,derivative,2026-08-01,M,Restricted Stock Units,1827,0,0.0,10961,D,Whittle John,CHIEF OPERATING OFFICER,false,true,false,CHIEF OPERATING OFFICER,SEC EDGAR
FTNT|0001476336-26-000012|derivative|2026-08-01|Whittle John|M|Restricted Stock Units|1138|0|D,2026-08-06 03:29:58+0000,FTNT,"Fortinet, Inc.",0001262039,4,2026-08-04,2026-08-01,0001476336-26-000012,https://www.sec.gov/Archives/edgar/data/1262039/000147633626000012/form4-08042026_090841.xml,derivative,2026-08-01,M,Restricted Stock Units,1138,0,0.0,11377,D,Whittle John,CHIEF OPERATING OFFICER,false,true,false,CHIEF OPERATING OFFICER,SEC EDGAR
FTNT|0002016813-26-000018|nonDerivative|2026-08-01|Ohlgart Christiane|M|Common Stock|684|0|D,2026-08-06 03:29:58+0000,FTNT,"Fortinet, Inc.",0001262039,4,2026-08-04,2026-08-01,0002016813-26-000018,https://www.sec.gov/Archives/edgar/data/1262039/000201681326000018/form4-08042026_090829.xml,nonDerivative,2026-08-01,M,Common Stock,684,0,0.0,9509,D,Ohlgart Christiane,Chief Financial Officer,false,true,false,Chief Financial Officer,SEC EDGAR
FTNT|0002016813-26-000018|nonDerivative|2026-08-01|Ohlgart Christiane|M|Common Stock|650|0|D,2026-08-06 03:29:58+0000,FTNT,"Fortinet, Inc.",0001262039,4,2026-08-04,2026-08-01,0002016813-26-000018,https://www.sec.gov/Archives/edgar/data/1262039/000201681326000018/form4-08042026_090829.xml,nonDerivative,2026-08-01,M,Common Stock,650,0,0.0,10159,D,Ohlgart Christiane,Chief Financial Officer,false,true,false,Chief Financial Officer,SEC EDGAR
FTNT|0002016813-26-000018|nonDerivative|2026-08-01|Ohlgart Christiane|M|Common Stock|300|0|D,2026-08-06 03:29:58+0000,FTNT,"Fortinet, Inc.",0001262039,4,2026-08-04,2026-08-01,0002016813-26-000018,https://www.sec.gov/Archives/edgar/data/1262039/000201681326000018/form4-08042026_090829.xml,nonDerivative,2026-08-01,M,Common Stock,300,0,0.0,11361,D,Ohlgart Christiane,Chief Financial Officer,false,true,false,Chief Financial Officer,SEC EDGAR
FTNT|0002016813-26-000018|nonDerivative|2026-08-01|Ohlgart Christiane|F|Common Stock|581|161.95|D,2026-08-06 03:29:58+0000,FTNT,"Fortinet, Inc.",0001262039,4,2026-08-04,2026-08-01,0002016813-26-000018,https://www.sec.gov/Archives/edgar/data/1262039/000201681326000018/form4-08042026_090829.xml,nonDerivative,2026-08-01,F,Common Stock,581,161.95,94092.95,10780,D,Ohlgart Christiane,Chief Financial Officer,false,true,false,Chief Financial Officer,SEC EDGAR
FTNT|0002016813-26-000018|nonDerivative|2026-08-04|Ohlgart Christiane|S|Common Stock|387|164.59|D,2026-08-06 03:29:58+0000,FTNT,"Fortinet, Inc.",0001262039,4,2026-08-04,2026-08-01,0002016813-26-000018,https://www.sec.gov/Archives/edgar/data/1262039/000201681326000018/form4-08042026_090829.xml,nonDerivative,2026-08-04,S,Common Stock,387,164.59,63696.33,10393,D,Ohlgart Christiane,Chief Financial Officer,false,true,false,Chief Financial Officer,SEC EDGAR
FTNT|0002016813-26-000018|derivative|2026-08-01|Ohlgart Christiane|M|Restricted Stock Units|684|0|D,2026-08-06 03:29:58+0000,FTNT,"Fortinet, Inc.",0001262039,4,2026-08-04,2026-08-01,0002016813-26-000018,https://www.sec.gov/Archives/edgar/data/1262039/000201681326000018/form4-08042026_090829.xml,derivative,2026-08-01,M,Restricted Stock Units,684,0,0.0,4794,D,Ohlgart Christiane,Chief Financial Officer,false,true,false,Chief Financial Officer,SEC EDGAR
FTNT|0002016813-26-000018|derivative|2026-08-01|Ohlgart Christiane|M|Restricted Stock Units|650|0|D,2026-08-06 03:29:58+0000,FTNT,"Fortinet, Inc.",0001262039,4,2026-08-04,2026-08-01,0002016813-26-000018,https://www.sec.gov/Archives/edgar/data/1262039/000201681326000018/form4-08042026_090829.xml,derivative,2026-08-01,M,Restricted Stock Units,650,0,0.0,6501,D,Ohlgart Christiane,Chief Financial Officer,false,true,false,Chief Financial Officer,SEC EDGAR
FTNT|0002016813-26-000018|derivative|2026-08-01|Ohlgart Christiane|M|Restricted Stock Units|300|0|D,2026-08-06 03:29:58+0000,FTNT,"Fortinet, Inc.",0001262039,4,2026-08-04,2026-08-01,0002016813-26-000018,https://www.sec.gov/Archives/edgar/data/1262039/000201681326000018/form4-08042026_090829.xml,derivative,2026-08-01,M,Restricted Stock Units,300,0,0.0,3308,D,Ohlgart Christiane,Chief Financial Officer,false,true,false,Chief Financial Officer,SEC EDGAR
FRT|0000034903-26-000044|nonDerivative|2026-08-03|Guglielmone Daniel|F|Common Shares of Beneficial Interest|840|123.65|D,2026-08-06 03:29:58+0000,FRT,FEDERAL REALTY INVESTMENT TRUST,0000034903,4,2026-08-04,2026-08-03,0000034903-26-000044,https://www.sec.gov/Archives/edgar/data/34903/000003490326000044/wk-form4_1785876031.xml,nonDerivative,2026-08-03,F,Common Shares of Beneficial Interest,840,123.65,103866.0,80026,D,Guglielmone Daniel,"Officer, EVP-CFO and Treasurer",0,1,0,EVP-CFO and Treasurer,SEC EDGAR
FFIV|0002042647-26-000014|nonDerivative|2026-08-01|Werner Edward Cooper|M|Common Stock|987|0|D,2026-08-06 03:29:58+0000,FFIV,"F5, INC.",0001048695,4,2026-08-04,2026-08-01,0002042647-26-000014,https://www.sec.gov/Archives/edgar/data/1048695/000204264726000014/wk-form4_1785878050.xml,nonDerivative,2026-08-01,M,Common Stock,987,0,0.0,1393,D,Werner Edward Cooper,"Officer, Chief Financial Officer",0,1,0,Chief Financial Officer,SEC EDGAR
FFIV|0002042647-26-000014|nonDerivative|2026-08-01|Werner Edward Cooper|F|Common Stock|388|402.57|D,2026-08-06 03:29:58+0000,FFIV,"F5, INC.",0001048695,4,2026-08-04,2026-08-01,0002042647-26-000014,https://www.sec.gov/Archives/edgar/data/1048695/000204264726000014/wk-form4_1785878050.xml,nonDerivative,2026-08-01,F,Common Stock,388,402.57,156197.16,1005,D,Werner Edward Cooper,"Officer, Chief Financial Officer",0,1,0,Chief Financial Officer,SEC EDGAR
FFIV|0002042647-26-000014|nonDerivative|2026-08-03|Werner Edward Cooper|S|Common Stock|599|405.92|D,2026-08-06 03:29:58+0000,FFIV,"F5, INC.",0001048695,4,2026-08-04,2026-08-01,0002042647-26-000014,https://www.sec.gov/Archives/edgar/data/1048695/000204264726000014/wk-form4_1785878050.xml,nonDerivative,2026-08-03,S,Common Stock,599,405.92,243146.08000000002,406,D,Werner Edward Cooper,"Officer, Chief Financial Officer",0,1,0,Chief Financial Officer,SEC EDGAR
FFIV|0002042647-26-000014|derivative|2026-08-01|Werner Edward Cooper|M|Restricted Stock Unit|453|0|D,2026-08-06 03:29:58+0000,FFIV,"F5, INC.",0001048695,4,2026-08-04,2026-08-01,0002042647-26-000014,https://www.sec.gov/Archives/edgar/data/1048695/000204264726000014/wk-form4_1785878050.xml,derivative,2026-08-01,M,Restricted Stock Unit,453,0,0.0,2265,D,Werner Edward Cooper,"Officer, Chief Financial Officer",0,1,0,Chief Financial Officer,SEC EDGAR
FFIV|0002042647-26-000014|derivative|2026-08-01|Werner Edward Cooper|M|Restricted Stock Unit|534|0|D,2026-08-06 03:29:58+0000,FFIV,"F5, INC.",0001048695,4,2026-08-04,2026-08-01,0002042647-26-000014,https://www.sec.gov/Archives/edgar/data/1048695/000204264726000014/wk-form4_1785878050.xml,derivative,2026-08-01,M,Restricted Stock Unit,534,0,0.0,4808,D,Werner Edward Cooper,"Officer, Chief Financial Officer",0,1,0,Chief Financial Officer,SEC EDGAR
FFIV|0001746640-26-000008|nonDerivative|2026-08-01|WHALEN CHAD MICHAEL|M|Common Stock|2318|0|D,2026-08-06 03:29:58+0000,FFIV,"F5, INC.",0001048695,4,2026-08-04,2026-08-01,0001746640-26-000008,https://www.sec.gov/Archives/edgar/data/1048695/000174664026000008/wk-form4_1785878126.xml,nonDerivative,2026-08-01,M,Common Stock,2318,0,0.0,23150,D,WHALEN CHAD MICHAEL,"Officer, EVP, Worldwide Sales",0,1,0,"EVP, Worldwide Sales",SEC EDGAR
FFIV|0001746640-26-000008|nonDerivative|2026-08-01|WHALEN CHAD MICHAEL|F|Common Stock|911|402.57|D,2026-08-06 03:29:58+0000,FFIV,"F5, INC.",0001048695,4,2026-08-04,2026-08-01,0001746640-26-000008,https://www.sec.gov/Archives/edgar/data/1048695/000174664026000008/wk-form4_1785878126.xml,nonDerivative,2026-08-01,F,Common Stock,911,402.57,366741.27,22239,D,WHALEN CHAD MICHAEL,"Officer, EVP, Worldwide Sales",0,1,0,"EVP, Worldwide Sales",SEC EDGAR
FFIV|0001746640-26-000008|nonDerivative|2026-08-03|WHALEN CHAD MICHAEL|S|Common Stock|703|404.86|D,2026-08-06 03:29:58+0000,FFIV,"F5, INC.",0001048695,4,2026-08-04,2026-08-01,0001746640-26-000008,https://www.sec.gov/Archives/edgar/data/1048695/000174664026000008/wk-form4_1785878126.xml,nonDerivative,2026-08-03,S,Common Stock,703,404.86,284616.58,21536,D,WHALEN CHAD MICHAEL,"Officer, EVP, Worldwide Sales",0,1,0,"EVP, Worldwide Sales",SEC EDGAR
FFIV|0001746640-26-000008|derivative|2026-08-01|WHALEN CHAD MICHAEL|M|Restricted Stock Unit|668|0|D,2026-08-06 03:29:58+0000,FFIV,"F5, INC.",0001048695,4,2026-08-04,2026-08-01,0001746640-26-000008,https://www.sec.gov/Archives/edgar/data/1048695/000174664026000008/wk-form4_1785878126.xml,derivative,2026-08-01,M,Restricted Stock Unit,668,0,0.0,6010,D,WHALEN CHAD MICHAEL,"Officer, EVP, Worldwide Sales",0,1,0,"EVP, Worldwide Sales",SEC EDGAR
FFIV|0001746640-26-000008|derivative|2026-08-01|WHALEN CHAD MICHAEL|M|Restricted Stock Unit|717|0|D,2026-08-06 03:29:58+0000,FFIV,"F5, INC.",0001048695,4,2026-08-04,2026-08-01,0001746640-26-000008,https://www.sec.gov/Archives/edgar/data/1048695/000174664026000008/wk-form4_1785878126.xml,derivative,2026-08-01,M,Restricted Stock Unit,717,0,0.0,3587,D,WHALEN CHAD MICHAEL,"Officer, EVP, Worldwide Sales",0,1,0,"EVP, Worldwide Sales",SEC EDGAR
FFIV|0001746640-26-000008|derivative|2026-08-01|WHALEN CHAD MICHAEL|M|Restricted Stock Unit|933|0|D,2026-08-06 03:29:58+0000,FFIV,"F5, INC.",0001048695,4,2026-08-04,2026-08-01,0001746640-26-000008,https://www.sec.gov/Archives/edgar/data/1048695/000174664026000008/wk-form4_1785878126.xml,derivative,2026-08-01,M,Restricted Stock Unit,933,0,0.0,933,D,WHALEN CHAD MICHAEL,"Officer, EVP, Worldwide Sales",0,1,0,"EVP, Worldwide Sales",SEC EDGAR
FFIV|0002145318-26-000004|derivative|2026-08-03|Peterman Catherine A|A|Restricted Stock Unit|8618|0|D,2026-08-06 03:29:58+0000,FFIV,"F5, INC.",0001048695,4,2026-08-04,2026-08-03,0002145318-26-000004,https://www.sec.gov/Archives/edgar/data/1048695/000214531826000004/wk-form4_1785878193.xml,derivative,2026-08-03,A,Restricted Stock Unit,8618,0,0.0,8618,D,Peterman Catherine A,"Officer, Chief People Officer",0,1,0,Chief People Officer,SEC EDGAR
FFIV|0002060650-26-000008|nonDerivative|2026-08-01|OKEKE ANGELIQUE M|M|Common Stock|1060|0|D,2026-08-06 03:29:58+0000,FFIV,"F5, INC.",0001048695,4,2026-08-04,2026-08-01,0002060650-26-000008,https://www.sec.gov/Archives/edgar/data/1048695/000206065026000008/wk-form4_1785877990.xml,nonDerivative,2026-08-01,M,Common Stock,1060,0,0.0,3170,D,OKEKE ANGELIQUE M,"Officer, EVP, General Counsel",0,1,0,"EVP, General Counsel",SEC EDGAR
FFIV|0002060650-26-000008|nonDerivative|2026-08-01|OKEKE ANGELIQUE M|F|Common Stock|415|402.57|D,2026-08-06 03:29:58+0000,FFIV,"F5, INC.",0001048695,4,2026-08-04,2026-08-01,0002060650-26-000008,https://www.sec.gov/Archives/edgar/data/1048695/000206065026000008/wk-form4_1785877990.xml,nonDerivative,2026-08-01,F,Common Stock,415,402.57,167066.55,2755,D,OKEKE ANGELIQUE M,"Officer, EVP, General Counsel",0,1,0,"EVP, General Counsel",SEC EDGAR
FFIV|0002060650-26-000008|nonDerivative|2026-08-03|OKEKE ANGELIQUE M|S|Common Stock|515|404.4946|D,2026-08-06 03:29:58+0000,FFIV,"F5, INC.",0001048695,4,2026-08-04,2026-08-01,0002060650-26-000008,https://www.sec.gov/Archives/edgar/data/1048695/000206065026000008/wk-form4_1785877990.xml,nonDerivative,2026-08-03,S,Common Stock,515,404.4946,208314.71899999998,2240,D,OKEKE ANGELIQUE M,"Officer, EVP, General Counsel",0,1,0,"EVP, General Counsel",SEC EDGAR
FFIV|0002060650-26-000008|derivative|2026-08-01|OKEKE ANGELIQUE M|M|Restricted Stock Unit|113|0|D,2026-08-06 03:29:58+0000,FFIV,"F5, INC.",0001048695,4,2026-08-04,2026-08-01,0002060650-26-000008,https://www.sec.gov/Archives/edgar/data/1048695/000206065026000008/wk-form4_1785877990.xml,derivative,2026-08-01,M,Restricted Stock Unit,113,0,0.0,114,D,OKEKE ANGELIQUE M,"Officer, EVP, General Counsel",0,1,0,"EVP, General Counsel",SEC EDGAR
FFIV|0002060650-26-000008|derivative|2026-08-01|OKEKE ANGELIQUE M|M|Restricted Stock Unit|375|0|D,2026-08-06 03:29:58+0000,FFIV,"F5, INC.",0001048695,4,2026-08-04,2026-08-01,0002060650-26-000008,https://www.sec.gov/Archives/edgar/data/1048695/000206065026000008/wk-form4_1785877990.xml,derivative,2026-08-01,M,Restricted Stock Unit,375,0,0.0,2627,D,OKEKE ANGELIQUE M,"Officer, EVP, General Counsel",0,1,0,"EVP, General Counsel",SEC EDGAR
FFIV|0002060650-26-000008|derivative|2026-08-01|OKEKE ANGELIQUE M|M|Restricted Stock Unit|238|0|D,2026-08-06 03:29:58+0000,FFIV,"F5, INC.",0001048695,4,2026-08-04,2026-08-01,0002060650-26-000008,https://www.sec.gov/Archives/edgar/data/1048695/000206065026000008/wk-form4_1785877990.xml,derivative,2026-08-01,M,Restricted Stock Unit,238,0,0.0,2622,D,OKEKE ANGELIQUE M,"Officer, EVP, General Counsel",0,1,0,"EVP, General Counsel",SEC EDGAR
FFIV|0002060650-26-000008|derivative|2026-08-01|OKEKE ANGELIQUE M|M|Restricted Stock Unit|334|0|D,2026-08-06 03:29:58+0000,FFIV,"F5, INC.",0001048695,4,2026-08-04,2026-08-01,0002060650-26-000008,https://www.sec.gov/Archives/edgar/data/1048695/000206065026000008/wk-form4_1785877990.xml,derivative,2026-08-01,M,Restricted Stock Unit,334,0,0.0,3006,D,OKEKE ANGELIQUE M,"Officer, EVP, General Counsel",0,1,0,"EVP, General Counsel",SEC EDGAR
FFIV|0002046054-26-000008|nonDerivative|2026-08-01|Maddison John Anthony|M|Common Stock|454|0|D,2026-08-06 03:29:58+0000,FFIV,"F5, INC.",0001048695,4,2026-08-04,2026-08-01,0002046054-26-000008,https://www.sec.gov/Archives/edgar/data/1048695/000204605426000008/wk-form4_1785877792.xml,nonDerivative,2026-08-01,M,Common Stock,454,0,0.0,2603,D,Maddison John Anthony,"Officer, Chief Product  Mkting Officer",0,1,0,Chief Product  Mkting Officer,SEC EDGAR
FFIV|0002046054-26-000008|nonDerivative|2026-08-01|Maddison John Anthony|F|Common Stock|250|402.57|D,2026-08-06 03:29:58+0000,FFIV,"F5, INC.",0001048695,4,2026-08-04,2026-08-01,0002046054-26-000008,https://www.sec.gov/Archives/edgar/data/1048695/000204605426000008/wk-form4_1785877792.xml,nonDerivative,2026-08-01,F,Common Stock,250,402.57,100642.5,2353,D,Maddison John Anthony,"Officer, Chief Product  Mkting Officer",0,1,0,Chief Product  Mkting Officer,SEC EDGAR
FFIV|0002046054-26-000008|nonDerivative|2026-08-03|Maddison John Anthony|S|Common Stock|1000|405.8528|D,2026-08-06 03:29:58+0000,FFIV,"F5, INC.",0001048695,4,2026-08-04,2026-08-01,0002046054-26-000008,https://www.sec.gov/Archives/edgar/data/1048695/000204605426000008/wk-form4_1785877792.xml,nonDerivative,2026-08-03,S,Common Stock,1000,405.8528,405852.8,1353,D,Maddison John Anthony,"Officer, Chief Product  Mkting Officer",0,1,0,Chief Product  Mkting Officer,SEC EDGAR
FFIV|0002046054-26-000008|derivative|2026-08-01|Maddison John Anthony|M|Restricted Stock Unit|454|0|D,2026-08-06 03:29:58+0000,FFIV,"F5, INC.",0001048695,4,2026-08-04,2026-08-01,0002046054-26-000008,https://www.sec.gov/Archives/edgar/data/1048695/000204605426000008/wk-form4_1785877792.xml,derivative,2026-08-01,M,Restricted Stock Unit,454,0,0.0,4087,D,Maddison John Anthony,"Officer, Chief Product  Mkting Officer",0,1,0,Chief Product  Mkting Officer,SEC EDGAR
FFIV|0001869466-26-000010|nonDerivative|2026-08-01|MONTOYA MICHAEL F|M|Common Stock|2136|0|D,2026-08-06 03:29:58+0000,FFIV,"F5, INC.",0001048695,4,2026-08-04,2026-08-01,0001869466-26-000010,https://www.sec.gov/Archives/edgar/data/1048695/000186946626000010/wk-form4_1785877911.xml,nonDerivative,2026-08-01,M,Common Stock,2136,0,0.0,6575,D,MONTOYA MICHAEL F,"Officer, Chief Technology Ops Officer",0,1,0,Chief Technology Ops Officer,SEC EDGAR
FFIV|0001869466-26-000010|nonDerivative|2026-08-01|MONTOYA MICHAEL F|F|Common Stock|840|402.57|D,2026-08-06 03:29:58+0000,FFIV,"F5, INC.",0001048695,4,2026-08-04,2026-08-01,0001869466-26-000010,https://www.sec.gov/Archives/edgar/data/1048695/000186946626000010/wk-form4_1785877911.xml,nonDerivative,2026-08-01,F,Common Stock,840,402.57,338158.8,5735,D,MONTOYA MICHAEL F,"Officer, Chief Technology Ops Officer",0,1,0,Chief Technology Ops Officer,SEC EDGAR
FFIV|0001869466-26-000010|derivative|2026-08-01|MONTOYA MICHAEL F|M|Restricted Stock Unit|1602|0|D,2026-08-06 03:29:58+0000,FFIV,"F5, INC.",0001048695,4,2026-08-04,2026-08-01,0001869466-26-000010,https://www.sec.gov/Archives/edgar/data/1048695/000186946626000010/wk-form4_1785877911.xml,derivative,2026-08-01,M,Restricted Stock Unit,1602,0,0.0,8013,D,MONTOYA MICHAEL F,"Officer, Chief Technology Ops Officer",0,1,0,Chief Technology Ops Officer,SEC EDGAR
FFIV|0001869466-26-000010|derivative|2026-08-01|MONTOYA MICHAEL F|M|Restricted Stock Unit|534|0|D,2026-08-06 03:29:58+0000,FFIV,"F5, INC.",0001048695,4,2026-08-04,2026-08-01,0001869466-26-000010,https://www.sec.gov/Archives/edgar/data/1048695/000186946626000010/wk-form4_1785877911.xml,derivative,2026-08-01,M,Restricted Stock Unit,534,0,0.0,4808,D,MONTOYA MICHAEL F,"Officer, Chief Technology Ops Officer",0,1,0,Chief Technology Ops Officer,SEC EDGAR
FFIV|0001526624-26-000015|nonDerivative|2026-08-01|Locoh-Donou Francois|M|Common Stock|6233|0|D,2026-08-06 03:29:58+0000,FFIV,"F5, INC.",0001048695,4,2026-08-04,2026-08-01,0001526624-26-000015,https://www.sec.gov/Archives/edgar/data/1048695/000152662426000015/wk-form4_1785877696.xml,nonDerivative,2026-08-01,M,Common Stock,6233,0,0.0,153222,D,Locoh-Donou Francois,"Director, Officer, President, CEO & Director",1,1,0,"President, CEO & Director",SEC EDGAR
FFIV|0001526624-26-000015|nonDerivative|2026-08-01|Locoh-Donou Francois|F|Common Stock|2451|402.57|D,2026-08-06 03:29:58+0000,FFIV,"F5, INC.",0001048695,4,2026-08-04,2026-08-01,0001526624-26-000015,https://www.sec.gov/Archives/edgar/data/1048695/000152662426000015/wk-form4_1785877696.xml,nonDerivative,2026-08-01,F,Common Stock,2451,402.57,986699.07,150771,D,Locoh-Donou Francois,"Director, Officer, President, CEO & Director",1,1,0,"President, CEO & Director",SEC EDGAR
FFIV|0001526624-26-000015|derivative|2026-08-01|Locoh-Donou Francois|M|Restricted Stock Unit|2113|0|D,2026-08-06 03:29:58+0000,FFIV,"F5, INC.",0001048695,4,2026-08-04,2026-08-01,0001526624-26-000015,https://www.sec.gov/Archives/edgar/data/1048695/000152662426000015/wk-form4_1785877696.xml,derivative,2026-08-01,M,Restricted Stock Unit,2113,0,0.0,10570,D,Locoh-Donou Francois,"Director, Officer, President, CEO & Director",1,1,0,"President, CEO & Director",SEC EDGAR
FFIV|0001526624-26-000015|derivative|2026-08-01|Locoh-Donou Francois|M|Restricted Stock Unit|1597|0|D,2026-08-06 03:29:58+0000,FFIV,"F5, INC.",0001048695,4,2026-08-04,2026-08-01,0001526624-26-000015,https://www.sec.gov/Archives/edgar/data/1048695/000152662426000015/wk-form4_1785877696.xml,derivative,2026-08-01,M,Restricted Stock Unit,1597,0,0.0,14373,D,Locoh-Donou Francois,"Director, Officer, President, CEO & Director",1,1,0,"President, CEO & Director",SEC EDGAR
FFIV|0001526624-26-000015|derivative|2026-08-01|Locoh-Donou Francois|M|Restricted Stock Unit|2523|0|D,2026-08-06 03:29:58+0000,FFIV,"F5, INC.",0001048695,4,2026-08-04,2026-08-01,0001526624-26-000015,https://www.sec.gov/Archives/edgar/data/1048695/000152662426000015/wk-form4_1785877696.xml,derivative,2026-08-01,M,Restricted Stock Unit,2523,0,0.0,2524,D,Locoh-Donou Francois,"Director, Officer, President, CEO & Director",1,1,0,"President, CEO & Director",SEC EDGAR
FFIV|0001728330-26-000014|nonDerivative|2026-08-01|FOUNTAIN THOMAS DEAN|M|Common Stock|2700|0|D,2026-08-06 03:29:58+0000,FFIV,"F5, INC.",0001048695,4,2026-08-04,2026-08-01,0001728330-26-000014,https://www.sec.gov/Archives/edgar/data/1048695/000172833026000014/wk-form4_1785877641.xml,nonDerivative,2026-08-01,M,Common Stock,2700,0,0.0,10760,D,FOUNTAIN THOMAS DEAN,"Officer, EVP Global Services & Strategy",0,1,0,EVP Global Services & Strategy,SEC EDGAR
FFIV|0001728330-26-000014|nonDerivative|2026-08-01|FOUNTAIN THOMAS DEAN|F|Common Stock|1492|402.57|D,2026-08-06 03:29:58+0000,FFIV,"F5, INC.",0001048695,4,2026-08-04,2026-08-01,0001728330-26-000014,https://www.sec.gov/Archives/edgar/data/1048695/000172833026000014/wk-form4_1785877641.xml,nonDerivative,2026-08-01,F,Common Stock,1492,402.57,600634.44,9268,D,FOUNTAIN THOMAS DEAN,"Officer, EVP Global Services & Strategy",0,1,0,EVP Global Services & Strategy,SEC EDGAR
FFIV|0001728330-26-000014|derivative|2026-08-01|FOUNTAIN THOMAS DEAN|M|Restricted Stock Unit|950|0|D,2026-08-06 03:29:58+0000,FFIV,"F5, INC.",0001048695,4,2026-08-04,2026-08-01,0001728330-26-000014,https://www.sec.gov/Archives/edgar/data/1048695/000172833026000014/wk-form4_1785877641.xml,derivative,2026-08-01,M,Restricted Stock Unit,950,0,0.0,4753,D,FOUNTAIN THOMAS DEAN,"Officer, EVP Global Services & Strategy",0,1,0,EVP Global Services & Strategy,SEC EDGAR
FFIV|0001728330-26-000014|derivative|2026-08-01|FOUNTAIN THOMAS DEAN|M|Restricted Stock Unit|708|0|D,2026-08-06 03:29:58+0000,FFIV,"F5, INC.",0001048695,4,2026-08-04,2026-08-01,0001728330-26-000014,https://www.sec.gov/Archives/edgar/data/1048695/000172833026000014/wk-form4_1785877641.xml,derivative,2026-08-01,M,Restricted Stock Unit,708,0,0.0,6370,D,FOUNTAIN THOMAS DEAN,"Officer, EVP Global Services & Strategy",0,1,0,EVP Global Services & Strategy,SEC EDGAR
FFIV|0001728330-26-000014|derivative|2026-08-01|FOUNTAIN THOMAS DEAN|M|Restricted Stock Unit|1042|0|D,2026-08-06 03:29:58+0000,FFIV,"F5, INC.",0001048695,4,2026-08-04,2026-08-01,0001728330-26-000014,https://www.sec.gov/Archives/edgar/data/1048695/000172833026000014/wk-form4_1785877641.xml,derivative,2026-08-01,M,Restricted Stock Unit,1042,0,0.0,1043,D,FOUNTAIN THOMAS DEAN,"Officer, EVP Global Services & Strategy",0,1,0,EVP Global Services & Strategy,SEC EDGAR
FFIV|0002016857-26-000008|nonDerivative|2026-08-01|ANAND KUNAL|M|Common Stock|1290|0|D,2026-08-06 03:29:58+0000,FFIV,"F5, INC.",0001048695,4,2026-08-04,2026-08-01,0002016857-26-000008,https://www.sec.gov/Archives/edgar/data/1048695/000201685726000008/wk-form4_1785877534.xml,nonDerivative,2026-08-01,M,Common Stock,1290,0,0.0,13484,D,ANAND KUNAL,"Officer, Chief Technology Officer",0,1,0,Chief Technology Officer,SEC EDGAR
FFIV|0002016857-26-000008|nonDerivative|2026-08-01|ANAND KUNAL|F|Common Stock|506|402.57|D,2026-08-06 03:29:58+0000,FFIV,"F5, INC.",0001048695,4,2026-08-04,2026-08-01,0002016857-26-000008,https://www.sec.gov/Archives/edgar/data/1048695/000201685726000008/wk-form4_1785877534.xml,nonDerivative,2026-08-01,F,Common Stock,506,402.57,203700.41999999998,12978,D,ANAND KUNAL,"Officer, Chief Technology Officer",0,1,0,Chief Technology Officer,SEC EDGAR
FFIV|0002016857-26-000008|nonDerivative|2026-08-03|ANAND KUNAL|S|Common Stock|392|404.63|D,2026-08-06 03:29:58+0000,FFIV,"F5, INC.",0001048695,4,2026-08-04,2026-08-01,0002016857-26-000008,https://www.sec.gov/Archives/edgar/data/1048695/000201685726000008/wk-form4_1785877534.xml,nonDerivative,2026-08-03,S,Common Stock,392,404.63,158614.96,12586,D,ANAND KUNAL,"Officer, Chief Technology Officer",0,1,0,Chief Technology Officer,SEC EDGAR
FFIV|0002016857-26-000008|derivative|2026-08-01|ANAND KUNAL|M|Restricted Stock Unit|622|0|D,2026-08-06 03:29:58+0000,FFIV,"F5, INC.",0001048695,4,2026-08-04,2026-08-01,0002016857-26-000008,https://www.sec.gov/Archives/edgar/data/1048695/000201685726000008/wk-form4_1785877534.xml,derivative,2026-08-01,M,Restricted Stock Unit,622,0,0.0,3115,D,ANAND KUNAL,"Officer, Chief Technology Officer",0,1,0,Chief Technology Officer,SEC EDGAR
FFIV|0002016857-26-000008|derivative|2026-08-01|ANAND KUNAL|M|Restricted Stock Unit|668|0|D,2026-08-06 03:29:58+0000,FFIV,"F5, INC.",0001048695,4,2026-08-04,2026-08-01,0002016857-26-000008,https://www.sec.gov/Archives/edgar/data/1048695/000201685726000008/wk-form4_1785877534.xml,derivative,2026-08-01,M,Restricted Stock Unit,668,0,0.0,6010,D,ANAND KUNAL,"Officer, Chief Technology Officer",0,1,0,Chief Technology Officer,SEC EDGAR
FANG|0001539838-26-000139|nonDerivative|2026-08-03|Meloy Charles Alvin|S|Common Stock|3986|197.0581|I,2026-08-06 03:29:58+0000,FANG,"Diamondback Energy, Inc.",0001539838,4,2026-08-04,2026-08-03,0001539838-26-000139,https://www.sec.gov/Archives/edgar/data/1539838/000153983826000139/wk-form4_1785873669.xml,nonDerivative,2026-08-03,S,Common Stock,3986,197.0581,785473.5866,847544,I,Meloy Charles Alvin,Director,1,0,0,,SEC EDGAR
FANG|0001539838-26-000139|nonDerivative|2026-08-03|Meloy Charles Alvin|S|Common Stock|7562|197.9121|I,2026-08-06 03:29:58+0000,FANG,"Diamondback Energy, Inc.",0001539838,4,2026-08-04,2026-08-03,0001539838-26-000139,https://www.sec.gov/Archives/edgar/data/1539838/000153983826000139/wk-form4_1785873669.xml,nonDerivative,2026-08-03,S,Common Stock,7562,197.9121,1496611.3002000002,839982,I,Meloy Charles Alvin,Director,1,0,0,,SEC EDGAR
FANG|0001539838-26-000139|nonDerivative|2026-08-03|Meloy Charles Alvin|S|Common Stock|19055|198.739|I,2026-08-06 03:29:58+0000,FANG,"Diamondback Energy, Inc.",0001539838,4,2026-08-04,2026-08-03,0001539838-26-000139,https://www.sec.gov/Archives/edgar/data/1539838/000153983826000139/wk-form4_1785873669.xml,nonDerivative,2026-08-03,S,Common Stock,19055,198.739,3786971.645,820927,I,Meloy Charles Alvin,Director,1,0,0,,SEC EDGAR
FANG|0001539838-26-000139|nonDerivative|2026-08-03|Meloy Charles Alvin|S|Common Stock|2730|199.4439|I,2026-08-06 03:29:58+0000,FANG,"Diamondback Energy, Inc.",0001539838,4,2026-08-04,2026-08-03,0001539838-26-000139,https://www.sec.gov/Archives/edgar/data/1539838/000153983826000139/wk-form4_1785873669.xml,nonDerivative,2026-08-03,S,Common Stock,2730,199.4439,544481.8470000001,818197,I,Meloy Charles Alvin,Director,1,0,0,,SEC EDGAR
EOG|0000821189-26-000151|nonDerivative|2026-07-31|Yacob Ezra Y|A|Common Stock|2.401|148.69|D,2026-08-06 03:29:58+0000,EOG,EOG RESOURCES INC,0000821189,4,2026-08-04,2026-07-31,0000821189-26-000151,https://www.sec.gov/Archives/edgar/data/821189/000082118926000151/form4.xml,nonDerivative,2026-07-31,A,Common Stock,2.401,148.69,357.00469,278392.747,D,Yacob Ezra Y,"Director, Officer, Chairman & CEO",1,1,,Chairman & CEO,SEC EDGAR
EOG|0000821189-26-000153|nonDerivative|2026-07-31|Leitzell Jeffrey R.|A|Common Stock|4.17|148.69|D,2026-08-06 03:29:58+0000,EOG,EOG RESOURCES INC,0000821189,4,2026-08-04,2026-07-31,0000821189-26-000153,https://www.sec.gov/Archives/edgar/data/821189/000082118926000153/form4.xml,nonDerivative,2026-07-31,A,Common Stock,4.17,148.69,620.0373,88054.031,D,Leitzell Jeffrey R.,"Officer, EVP & COO",,1,,EVP & COO,SEC EDGAR
EOG|0000821189-26-000155|nonDerivative|2026-07-31|Kerr Michael T.|A|Common Stock|365.307|148.69|D,2026-08-06 03:29:58+0000,EOG,EOG RESOURCES INC,0000821189,4,2026-08-04,2026-07-31,0000821189-26-000155,https://www.sec.gov/Archives/edgar/data/821189/000082118926000155/form4.xml,nonDerivative,2026-07-31,A,Common Stock,365.307,148.69,54317.49783,23295.966,D,Kerr Michael T.,Director,1,,,,SEC EDGAR
EOG|0000821189-26-000157|nonDerivative|2026-07-31|GAUT C CHRISTOPHER|A|Common Stock|143.223|148.69|D,2026-08-06 03:29:58+0000,EOG,EOG RESOURCES INC,0000821189,4,2026-08-04,2026-07-31,0000821189-26-000157,https://www.sec.gov/Archives/edgar/data/821189/000082118926000157/form4.xml,nonDerivative,2026-07-31,A,Common Stock,143.223,148.69,21295.82787,23062.501,D,GAUT C CHRISTOPHER,Director,1,,,,SEC EDGAR
EOG|0000821189-26-000159|nonDerivative|2026-07-31|Dugle Lynn A|A|Common Stock|41.935|148.69|D,2026-08-06 03:29:58+0000,EOG,EOG RESOURCES INC,0000821189,4,2026-08-04,2026-07-31,0000821189-26-000159,https://www.sec.gov/Archives/edgar/data/821189/000082118926000159/form4.xml,nonDerivative,2026-07-31,A,Common Stock,41.935,148.69,6235.31515,7695.922,D,Dugle Lynn A,Director,1,,,,SEC EDGAR
EOG|0000821189-26-000161|nonDerivative|2026-07-31|Donaldson Michael P|A|Common Stock|147.844|148.69|D,2026-08-06 03:29:58+0000,EOG,EOG RESOURCES INC,0000821189,4,2026-08-04,2026-07-31,0000821189-26-000161,https://www.sec.gov/Archives/edgar/data/821189/000082118926000161/form4.xml,nonDerivative,2026-07-31,A,Common Stock,147.844,148.69,21982.924359999997,107894.1626,D,Donaldson Michael P,"Officer, EVP & Chief Legal Officer",,1,,EVP & Chief Legal Officer,SEC EDGAR
EOG|0000821189-26-000163|nonDerivative|2026-07-31|DANIELS  ROBERT P|A|Common Stock|446.402|148.69|D,2026-08-06 03:29:58+0000,EOG,EOG RESOURCES INC,0000821189,4,2026-08-04,2026-07-31,0000821189-26-000163,https://www.sec.gov/Archives/edgar/data/821189/000082118926000163/form4.xml,nonDerivative,2026-07-31,A,Common Stock,446.402,148.69,66375.51338,35198.58,D,DANIELS  ROBERT P,Director,1,,,,SEC EDGAR
EOG|0000821189-26-000165|nonDerivative|2026-07-31|CRISP CHARLES R|A|Common Stock|282.602|148.69|D,2026-08-06 03:29:58+0000,EOG,EOG RESOURCES INC,0000821189,4,2026-08-04,2026-07-31,0000821189-26-000165,https://www.sec.gov/Archives/edgar/data/821189/000082118926000165/form4.xml,nonDerivative,2026-07-31,A,Common Stock,282.602,148.69,42020.09138,63442.86,D,CRISP CHARLES R,Director,1,,,,SEC EDGAR
EOG|0000821189-26-000167|nonDerivative|2026-07-31|CLARK JANET F|A|Common Stock|314.273|148.69|D,2026-08-06 03:29:58+0000,EOG,EOG RESOURCES INC,0000821189,4,2026-08-04,2026-07-31,0000821189-26-000167,https://www.sec.gov/Archives/edgar/data/821189/000082118926000167/form4.xml,nonDerivative,2026-07-31,A,Common Stock,314.273,148.69,46729.25237,49555.414,D,CLARK JANET F,Director,1,,,,SEC EDGAR
EBAY|0001065088-26-000167|nonDerivative|2026-08-01|TRAQUINA PERRY M|A|Common Stock|270|0|D,2026-08-06 03:29:58+0000,EBAY,EBAY INC,0001065088,4,2026-08-04,2026-08-01,0001065088-26-000167,https://www.sec.gov/Archives/edgar/data/1065088/000106508826000167/form4.xml,nonDerivative,2026-08-01,A,Common Stock,270,0,0.0,89102,D,TRAQUINA PERRY M,Director,1,,,,SEC EDGAR
EBAY|0001065088-26-000170|nonDerivative|2026-08-01|Rowe Zane|A|Common Stock|237|0|D,2026-08-06 03:29:58+0000,EBAY,EBAY INC,0001065088,4,2026-08-04,2026-08-01,0001065088-26-000170,https://www.sec.gov/Archives/edgar/data/1065088/000106508826000170/form4.xml,nonDerivative,2026-08-01,A,Common Stock,237,0,0.0,13244,D,Rowe Zane,Director,1,,,,SEC EDGAR
EBAY|0001065088-26-000165|nonDerivative|2026-08-01|Chennapragada Aparna|A|Common Stock|198|0|D,2026-08-06 03:29:58+0000,EBAY,EBAY INC,0001065088,4,2026-08-04,2026-08-01,0001065088-26-000165,https://www.sec.gov/Archives/edgar/data/1065088/000106508826000165/form4.xml,nonDerivative,2026-08-01,A,Common Stock,198,0,0.0,18307,D,Chennapragada Aparna,Director,1,,,,SEC EDGAR
EA|0000712515-26-000136|nonDerivative|2026-08-04|Wilson Andrew|D|Common Stock|75974|210.00|I,2026-08-06 03:29:58+0000,EA,ELECTRONIC ARTS INC.,0000712515,4,2026-08-04,2026-08-04,0000712515-26-000136,https://www.sec.gov/Archives/edgar/data/712515/000071251526000136/form4.xml,nonDerivative,2026-08-04,D,Common Stock,75974,210.00,15954540.0,0,I,Wilson Andrew,"Director, Officer, Chairman & CEO",1,1,,Chairman & CEO,SEC EDGAR
EA|0000712515-26-000136|nonDerivative|2026-08-04|Wilson Andrew|D|Common Stock|41045|210.00|I,2026-08-06 03:29:58+0000,EA,ELECTRONIC ARTS INC.,0000712515,4,2026-08-04,2026-08-04,0000712515-26-000136,https://www.sec.gov/Archives/edgar/data/712515/000071251526000136/form4.xml,nonDerivative,2026-08-04,D,Common Stock,41045,210.00,8619450.0,0,I,Wilson Andrew,"Director, Officer, Chairman & CEO",1,1,,Chairman & CEO,SEC EDGAR
EA|0000712515-26-000136|derivative|2026-08-04|Wilson Andrew|D|Restricted Stock Units|24237||D,2026-08-06 03:29:58+0000,EA,ELECTRONIC ARTS INC.,0000712515,4,2026-08-04,2026-08-04,0000712515-26-000136,https://www.sec.gov/Archives/edgar/data/712515/000071251526000136/form4.xml,derivative,2026-08-04,D,Restricted Stock Units,24237,,,0,D,Wilson Andrew,"Director, Officer, Chairman & CEO",1,1,,Chairman & CEO,SEC EDGAR
EA|0000712515-26-000136|derivative|2026-08-04|Wilson Andrew|D|Restricted Stock Units|44121||D,2026-08-06 03:29:58+0000,EA,ELECTRONIC ARTS INC.,0000712515,4,2026-08-04,2026-08-04,0000712515-26-000136,https://www.sec.gov/Archives/edgar/data/712515/000071251526000136/form4.xml,derivative,2026-08-04,D,Restricted Stock Units,44121,,,0,D,Wilson Andrew,"Director, Officer, Chairman & CEO",1,1,,Chairman & CEO,SEC EDGAR
EA|0000712515-26-000136|derivative|2026-08-04|Wilson Andrew|D|Restricted Stock Units|150772||D,2026-08-06 03:29:58+0000,EA,ELECTRONIC ARTS INC.,0000712515,4,2026-08-04,2026-08-04,0000712515-26-000136,https://www.sec.gov/Archives/edgar/data/712515/000071251526000136/form4.xml,derivative,2026-08-04,D,Restricted Stock Units,150772,,,0,D,Wilson Andrew,"Director, Officer, Chairman & CEO",1,1,,Chairman & CEO,SEC EDGAR
EA|0000712515-26-000136|derivative|2026-08-04|Wilson Andrew|D|Performance-based Restricted Stock Units|160339||D,2026-08-06 03:29:58+0000,EA,ELECTRONIC ARTS INC.,0000712515,4,2026-08-04,2026-08-04,0000712515-26-000136,https://www.sec.gov/Archives/edgar/data/712515/000071251526000136/form4.xml,derivative,2026-08-04,D,Performance-based Restricted Stock Units,160339,,,0,D,Wilson Andrew,"Director, Officer, Chairman & CEO",1,1,,Chairman & CEO,SEC EDGAR
EA|0000712515-26-000136|derivative|2026-08-04|Wilson Andrew|D|Performance-based Restricted Stock Units|165462||D,2026-08-06 03:29:58+0000,EA,ELECTRONIC ARTS INC.,0000712515,4,2026-08-04,2026-08-04,0000712515-26-000136,https://www.sec.gov/Archives/edgar/data/712515/000071251526000136/form4.xml,derivative,2026-08-04,D,Performance-based Restricted Stock Units,165462,,,0,D,Wilson Andrew,"Director, Officer, Chairman & CEO",1,1,,Chairman & CEO,SEC EDGAR
EA|0000712515-26-000150|nonDerivative|2026-08-04|Ueberroth Heidi|D|Common Stock|12848|210.00|D,2026-08-06 03:29:58+0000,EA,ELECTRONIC ARTS INC.,0000712515,4,2026-08-04,2026-08-04,0000712515-26-000150,https://www.sec.gov/Archives/edgar/data/712515/000071251526000150/form4.xml,nonDerivative,2026-08-04,D,Common Stock,12848,210.00,2698080.0,0,D,Ueberroth Heidi,Director,1,,,,SEC EDGAR
EA|0000712515-26-000150|derivative|2026-08-04|Ueberroth Heidi|D|Restricted Stock Units|2730||D,2026-08-06 03:29:58+0000,EA,ELECTRONIC ARTS INC.,0000712515,4,2026-08-04,2026-08-04,0000712515-26-000150,https://www.sec.gov/Archives/edgar/data/712515/000071251526000150/form4.xml,derivative,2026-08-04,D,Restricted Stock Units,2730,,,0,D,Ueberroth Heidi,Director,1,,,,SEC EDGAR
EA|0000712515-26-000150|derivative|2026-08-04|Ueberroth Heidi|D|Restricted Stock Units|1769||D,2026-08-06 03:29:58+0000,EA,ELECTRONIC ARTS INC.,0000712515,4,2026-08-04,2026-08-04,0000712515-26-000150,https://www.sec.gov/Archives/edgar/data/712515/000071251526000150/form4.xml,derivative,2026-08-04,D,Restricted Stock Units,1769,,,0,D,Ueberroth Heidi,Director,1,,,,SEC EDGAR
EA|0000712515-26-000150|derivative|2026-08-04|Ueberroth Heidi|D|Restricted Stock Units|1870||D,2026-08-06 03:29:58+0000,EA,ELECTRONIC ARTS INC.,0000712515,4,2026-08-04,2026-08-04,0000712515-26-000150,https://www.sec.gov/Archives/edgar/data/712515/000071251526000150/form4.xml,derivative,2026-08-04,D,Restricted Stock Units,1870,,,0,D,Ueberroth Heidi,Director,1,,,,SEC EDGAR
EA|0000712515-26-000150|derivative|2026-08-04|Ueberroth Heidi|D|Restricted Stock Units|1452||D,2026-08-06 03:29:58+0000,EA,ELECTRONIC ARTS INC.,0000712515,4,2026-08-04,2026-08-04,0000712515-26-000150,https://www.sec.gov/Archives/edgar/data/712515/000071251526000150/form4.xml,derivative,2026-08-04,D,Restricted Stock Units,1452,,,0,D,Ueberroth Heidi,Director,1,,,,SEC EDGAR
EA|0000712515-26-000148|derivative|2026-08-04|Ubinas Luis A|D|Restricted Stock Units|7500||D,2026-08-06 03:29:58+0000,EA,ELECTRONIC ARTS INC.,0000712515,4,2026-08-04,2026-08-04,0000712515-26-000148,https://www.sec.gov/Archives/edgar/data/712515/000071251526000148/form4.xml,derivative,2026-08-04,D,Restricted Stock Units,7500,,,0,D,Ubinas Luis A,Director,1,,,,SEC EDGAR
EA|0000712515-26-000148|derivative|2026-08-04|Ubinas Luis A|D|Restricted Stock Units|10000||D,2026-08-06 03:29:58+0000,EA,ELECTRONIC ARTS INC.,0000712515,4,2026-08-04,2026-08-04,0000712515-26-000148,https://www.sec.gov/Archives/edgar/data/712515/000071251526000148/form4.xml,derivative,2026-08-04,D,Restricted Stock Units,10000,,,0,D,Ubinas Luis A,Director,1,,,,SEC EDGAR
EA|0000712515-26-000148|derivative|2026-08-04|Ubinas Luis A|D|Restricted Stock Units|3869||D,2026-08-06 03:29:58+0000,EA,ELECTRONIC ARTS INC.,0000712515,4,2026-08-04,2026-08-04,0000712515-26-000148,https://www.sec.gov/Archives/edgar/data/712515/000071251526000148/form4.xml,derivative,2026-08-04,D,Restricted Stock Units,3869,,,0,D,Ubinas Luis A,Director,1,,,,SEC EDGAR
EA|0000712515-26-000148|derivative|2026-08-04|Ubinas Luis A|D|Restricted Stock Units|3570||D,2026-08-06 03:29:58+0000,EA,ELECTRONIC ARTS INC.,0000712515,4,2026-08-04,2026-08-04,0000712515-26-000148,https://www.sec.gov/Archives/edgar/data/712515/000071251526000148/form4.xml,derivative,2026-08-04,D,Restricted Stock Units,3570,,,0,D,Ubinas Luis A,Director,1,,,,SEC EDGAR
EA|0000712515-26-000148|derivative|2026-08-04|Ubinas Luis A|D|Restricted Stock Units|3408||D,2026-08-06 03:29:58+0000,EA,ELECTRONIC ARTS INC.,0000712515,4,2026-08-04,2026-08-04,0000712515-26-000148,https://www.sec.gov/Archives/edgar/data/712515/000071251526000148/form4.xml,derivative,2026-08-04,D,Restricted Stock Units,3408,,,0,D,Ubinas Luis A,Director,1,,,,SEC EDGAR
EA|0000712515-26-000148|derivative|2026-08-04|Ubinas Luis A|D|Restricted Stock Units|2187||D,2026-08-06 03:29:58+0000,EA,ELECTRONIC ARTS INC.,0000712515,4,2026-08-04,2026-08-04,0000712515-26-000148,https://www.sec.gov/Archives/edgar/data/712515/000071251526000148/form4.xml,derivative,2026-08-04,D,Restricted Stock Units,2187,,,0,D,Ubinas Luis A,Director,1,,,,SEC EDGAR
EA|0000712515-26-000148|derivative|2026-08-04|Ubinas Luis A|D|Restricted Stock Units|1452||D,2026-08-06 03:29:58+0000,EA,ELECTRONIC ARTS INC.,0000712515,4,2026-08-04,2026-08-04,0000712515-26-000148,https://www.sec.gov/Archives/edgar/data/712515/000071251526000148/form4.xml,derivative,2026-08-04,D,Restricted Stock Units,1452,,,0,D,Ubinas Luis A,Director,1,,,,SEC EDGAR
EA|0000712515-26-000134|nonDerivative|2026-08-04|Singh Vijayanthimala|D|Common Stock|19130|210.00|D,2026-08-06 03:29:58+0000,EA,ELECTRONIC ARTS INC.,0000712515,4,2026-08-04,2026-08-04,0000712515-26-000134,https://www.sec.gov/Archives/edgar/data/712515/000071251526000134/form4.xml,nonDerivative,2026-08-04,D,Common Stock,19130,210.00,4017300.0,0,D,Singh Vijayanthimala,"Officer, Chief People Officer",,1,,Chief People Officer,SEC EDGAR
EA|0000712515-26-000134|nonDerivative|2026-08-04|Singh Vijayanthimala|D|Common Stock|25160|210.00|I,2026-08-06 03:29:58+0000,EA,ELECTRONIC ARTS INC.,0000712515,4,2026-08-04,2026-08-04,0000712515-26-000134,https://www.sec.gov/Archives/edgar/data/712515/000071251526000134/form4.xml,nonDerivative,2026-08-04,D,Common Stock,25160,210.00,5283600.0,0,I,Singh Vijayanthimala,"Officer, Chief People Officer",,1,,Chief People Officer,SEC EDGAR
EA|0000712515-26-000134|derivative|2026-08-04|Singh Vijayanthimala|D|Restricted Stock Units|7271||D,2026-08-06 03:29:58+0000,EA,ELECTRONIC ARTS INC.,0000712515,4,2026-08-04,2026-08-04,0000712515-26-000134,https://www.sec.gov/Archives/edgar/data/712515/000071251526000134/form4.xml,derivative,2026-08-04,D,Restricted Stock Units,7271,,,0,D,Singh Vijayanthimala,"Officer, Chief People Officer",,1,,Chief People Officer,SEC EDGAR
EA|0000712515-26-000134|derivative|2026-08-04|Singh Vijayanthimala|D|Restricted Stock Units|13236||D,2026-08-06 03:29:58+0000,EA,ELECTRONIC ARTS INC.,0000712515,4,2026-08-04,2026-08-04,0000712515-26-000134,https://www.sec.gov/Archives/edgar/data/712515/000071251526000134/form4.xml,derivative,2026-08-04,D,Restricted Stock Units,13236,,,0,D,Singh Vijayanthimala,"Officer, Chief People Officer",,1,,Chief People Officer,SEC EDGAR
EA|0000712515-26-000134|derivative|2026-08-04|Singh Vijayanthimala|D|Restricted Stock Units|40924||D,2026-08-06 03:29:58+0000,EA,ELECTRONIC ARTS INC.,0000712515,4,2026-08-04,2026-08-04,0000712515-26-000134,https://www.sec.gov/Archives/edgar/data/712515/000071251526000134/form4.xml,derivative,2026-08-04,D,Restricted Stock Units,40924,,,0,D,Singh Vijayanthimala,"Officer, Chief People Officer",,1,,Chief People Officer,SEC EDGAR
EA|0000712515-26-000134|derivative|2026-08-04|Singh Vijayanthimala|D|Performance-based Restricted Stock Units|32066||D,2026-08-06 03:29:58+0000,EA,ELECTRONIC ARTS INC.,0000712515,4,2026-08-04,2026-08-04,0000712515-26-000134,https://www.sec.gov/Archives/edgar/data/712515/000071251526000134/form4.xml,derivative,2026-08-04,D,Performance-based Restricted Stock Units,32066,,,0,D,Singh Vijayanthimala,"Officer, Chief People Officer",,1,,Chief People Officer,SEC EDGAR
EA|0000712515-26-000134|derivative|2026-08-04|Singh Vijayanthimala|D|Performance-based Restricted Stock Units|33091||D,2026-08-06 03:29:58+0000,EA,ELECTRONIC ARTS INC.,0000712515,4,2026-08-04,2026-08-04,0000712515-26-000134,https://www.sec.gov/Archives/edgar/data/712515/000071251526000134/form4.xml,derivative,2026-08-04,D,Performance-based Restricted Stock Units,33091,,,0,D,Singh Vijayanthimala,"Officer, Chief People Officer",,1,,Chief People Officer,SEC EDGAR
EA|0000712515-26-000146|nonDerivative|2026-08-04|Simonson Richard A|D|Common Stock|83251|210.00|D,2026-08-06 03:29:58+0000,EA,ELECTRONIC ARTS INC.,0000712515,4,2026-08-04,2026-08-04,0000712515-26-000146,https://www.sec.gov/Archives/edgar/data/712515/000071251526000146/form4.xml,nonDerivative,2026-08-04,D,Common Stock,83251,210.00,17482710.0,0,D,Simonson Richard A,Director,1,,,,SEC EDGAR
EA|0000712515-26-000146|derivative|2026-08-04|Simonson Richard A|D|Restricted Stock Units|3408||D,2026-08-06 03:29:58+0000,EA,ELECTRONIC ARTS INC.,0000712515,4,2026-08-04,2026-08-04,0000712515-26-000146,https://www.sec.gov/Archives/edgar/data/712515/000071251526000146/form4.xml,derivative,2026-08-04,D,Restricted Stock Units,3408,,,0,D,Simonson Richard A,Director,1,,,,SEC EDGAR
EA|0000712515-26-000146|derivative|2026-08-04|Simonson Richard A|D|Restricted Stock Units|2187||D,2026-08-06 03:29:58+0000,EA,ELECTRONIC ARTS INC.,0000712515,4,2026-08-04,2026-08-04,0000712515-26-000146,https://www.sec.gov/Archives/edgar/data/712515/000071251526000146/form4.xml,derivative,2026-08-04,D,Restricted Stock Units,2187,,,0,D,Simonson Richard A,Director,1,,,,SEC EDGAR
EA|0000712515-26-000146|derivative|2026-08-04|Simonson Richard A|D|Restricted Stock Units|1452||D,2026-08-06 03:29:58+0000,EA,ELECTRONIC ARTS INC.,0000712515,4,2026-08-04,2026-08-04,0000712515-26-000146,https://www.sec.gov/Archives/edgar/data/712515/000071251526000146/form4.xml,derivative,2026-08-04,D,Restricted Stock Units,1452,,,0,D,Simonson Richard A,Director,1,,,,SEC EDGAR
EA|0000712515-26-000132|nonDerivative|2026-08-04|Schatz Jacob J.|D|Common Stock|42287|210.00|D,2026-08-06 03:29:58+0000,EA,ELECTRONIC ARTS INC.,0000712515,4,2026-08-04,2026-08-04,0000712515-26-000132,https://www.sec.gov/Archives/edgar/data/712515/000071251526000132/form4.xml,nonDerivative,2026-08-04,D,Common Stock,42287,210.00,8880270.0,0,D,Schatz Jacob J.,"Officer, EVP, Global Affairs and CLO",,1,,"EVP, Global Affairs and CLO",SEC EDGAR
EA|0000712515-26-000132|derivative|2026-08-04|Schatz Jacob J.|D|Restricted Stock Units|7271||D,2026-08-06 03:29:58+0000,EA,ELECTRONIC ARTS INC.,0000712515,4,2026-08-04,2026-08-04,0000712515-26-000132,https://www.sec.gov/Archives/edgar/data/712515/000071251526000132/form4.xml,derivative,2026-08-04,D,Restricted Stock Units,7271,,,0,D,Schatz Jacob J.,"Officer, EVP, Global Affairs and CLO",,1,,"EVP, Global Affairs and CLO",SEC EDGAR
EA|0000712515-26-000132|derivative|2026-08-04|Schatz Jacob J.|D|Restricted Stock Units|13236||D,2026-08-06 03:29:58+0000,EA,ELECTRONIC ARTS INC.,0000712515,4,2026-08-04,2026-08-04,0000712515-26-000132,https://www.sec.gov/Archives/edgar/data/712515/000071251526000132/form4.xml,derivative,2026-08-04,D,Restricted Stock Units,13236,,,0,D,Schatz Jacob J.,"Officer, EVP, Global Affairs and CLO",,1,,"EVP, Global Affairs and CLO",SEC EDGAR
EA|0000712515-26-000132|derivative|2026-08-04|Schatz Jacob J.|D|Restricted Stock Units|40924||D,2026-08-06 03:29:58+0000,EA,ELECTRONIC ARTS INC.,0000712515,4,2026-08-04,2026-08-04,0000712515-26-000132,https://www.sec.gov/Archives/edgar/data/712515/000071251526000132/form4.xml,derivative,2026-08-04,D,Restricted Stock Units,40924,,,0,D,Schatz Jacob J.,"Officer, EVP, Global Affairs and CLO",,1,,"EVP, Global Affairs and CLO",SEC EDGAR
EA|0000712515-26-000132|derivative|2026-08-04|Schatz Jacob J.|D|Performance-based Restricted Stock Units|32066||D,2026-08-06 03:29:58+0000,EA,ELECTRONIC ARTS INC.,0000712515,4,2026-08-04,2026-08-04,0000712515-26-000132,https://www.sec.gov/Archives/edgar/data/712515/000071251526000132/form4.xml,derivative,2026-08-04,D,Performance-based Restricted Stock Units,32066,,,0,D,Schatz Jacob J.,"Officer, EVP, Global Affairs and CLO",,1,,"EVP, Global Affairs and CLO",SEC EDGAR
EA|0000712515-26-000132|derivative|2026-08-04|Schatz Jacob J.|D|Performance-based Restricted Stock Units|33091||D,2026-08-06 03:29:58+0000,EA,ELECTRONIC ARTS INC.,0000712515,4,2026-08-04,2026-08-04,0000712515-26-000132,https://www.sec.gov/Archives/edgar/data/712515/000071251526000132/form4.xml,derivative,2026-08-04,D,Performance-based Restricted Stock Units,33091,,,0,D,Schatz Jacob J.,"Officer, EVP, Global Affairs and CLO",,1,,"EVP, Global Affairs and CLO",SEC EDGAR
EA|0000712515-26-000130|nonDerivative|2026-08-04|Miele Laura|D|Common Stock|71013|210.00|D,2026-08-06 03:29:58+0000,EA,ELECTRONIC ARTS INC.,0000712515,4,2026-08-04,2026-08-04,0000712515-26-000130,https://www.sec.gov/Archives/edgar/data/712515/000071251526000130/form4.xml,nonDerivative,2026-08-04,D,Common Stock,71013,210.00,14912730.0,0,D,Miele Laura,"Officer, President, Enterprise Dev.",,1,,"President, Enterprise Dev.",SEC EDGAR
EA|0000712515-26-000130|derivative|2026-08-04|Miele Laura|D|Restricted Stock Units|9695||D,2026-08-06 03:29:58+0000,EA,ELECTRONIC ARTS INC.,0000712515,4,2026-08-04,2026-08-04,0000712515-26-000130,https://www.sec.gov/Archives/edgar/data/712515/000071251526000130/form4.xml,derivative,2026-08-04,D,Restricted Stock Units,9695,,,0,D,Miele Laura,"Officer, President, Enterprise Dev.",,1,,"President, Enterprise Dev.",SEC EDGAR
EA|0000712515-26-000130|derivative|2026-08-04|Miele Laura|D|Restricted Stock Units|17648||D,2026-08-06 03:29:58+0000,EA,ELECTRONIC ARTS INC.,0000712515,4,2026-08-04,2026-08-04,0000712515-26-000130,https://www.sec.gov/Archives/edgar/data/712515/000071251526000130/form4.xml,derivative,2026-08-04,D,Restricted Stock Units,17648,,,0,D,Miele Laura,"Officer, President, Enterprise Dev.",,1,,"President, Enterprise Dev.",SEC EDGAR
EA|0000712515-26-000130|derivative|2026-08-04|Miele Laura|D|Restricted Stock Units|60309||D,2026-08-06 03:29:58+0000,EA,ELECTRONIC ARTS INC.,0000712515,4,2026-08-04,2026-08-04,0000712515-26-000130,https://www.sec.gov/Archives/edgar/data/712515/000071251526000130/form4.xml,derivative,2026-08-04,D,Restricted Stock Units,60309,,,0,D,Miele Laura,"Officer, President, Enterprise Dev.",,1,,"President, Enterprise Dev.",SEC EDGAR
EA|0000712515-26-000130|derivative|2026-08-04|Miele Laura|D|Performance-based Restricted Stock Units|64134||D,2026-08-06 03:29:58+0000,EA,ELECTRONIC ARTS INC.,0000712515,4,2026-08-04,2026-08-04,0000712515-26-000130,https://www.sec.gov/Archives/edgar/data/712515/000071251526000130/form4.xml,derivative,2026-08-04,D,Performance-based Restricted Stock Units,64134,,,0,D,Miele Laura,"Officer, President, Enterprise Dev.",,1,,"President, Enterprise Dev.",SEC EDGAR
EA|0000712515-26-000130|derivative|2026-08-04|Miele Laura|D|Performance-based Restricted Stock Units|66183||D,2026-08-06 03:29:58+0000,EA,ELECTRONIC ARTS INC.,0000712515,4,2026-08-04,2026-08-04,0000712515-26-000130,https://www.sec.gov/Archives/edgar/data/712515/000071251526000130/form4.xml,derivative,2026-08-04,D,Performance-based Restricted Stock Units,66183,,,0,D,Miele Laura,"Officer, President, Enterprise Dev.",,1,,"President, Enterprise Dev.",SEC EDGAR
EA|0000712515-26-000128|nonDerivative|2026-08-04|Kelly Eric Charles|D|Common Stock|8739|210.00|D,2026-08-06 03:29:58+0000,EA,ELECTRONIC ARTS INC.,0000712515,4,2026-08-04,2026-08-04,0000712515-26-000128,https://www.sec.gov/Archives/edgar/data/712515/000071251526000128/form4.xml,nonDerivative,2026-08-04,D,Common Stock,8739,210.00,1835190.0,0,D,Kelly Eric Charles,"Officer, Chief Accounting Officer",,1,,Chief Accounting Officer,SEC EDGAR
EA|0000712515-26-000128|derivative|2026-08-04|Kelly Eric Charles|D|Restricted Stock Units|1454||D,2026-08-06 03:29:58+0000,EA,ELECTRONIC ARTS INC.,0000712515,4,2026-08-04,2026-08-04,0000712515-26-000128,https://www.sec.gov/Archives/edgar/data/712515/000071251526000128/form4.xml,derivative,2026-08-04,D,Restricted Stock Units,1454,,,0,D,Kelly Eric Charles,"Officer, Chief Accounting Officer",,1,,Chief Accounting Officer,SEC EDGAR
EA|0000712515-26-000128|derivative|2026-08-04|Kelly Eric Charles|D|Restricted Stock Units|2426||D,2026-08-06 03:29:58+0000,EA,ELECTRONIC ARTS INC.,0000712515,4,2026-08-04,2026-08-04,0000712515-26-000128,https://www.sec.gov/Archives/edgar/data/712515/000071251526000128/form4.xml,derivative,2026-08-04,D,Restricted Stock Units,2426,,,0,D,Kelly Eric Charles,"Officer, Chief Accounting Officer",,1,,Chief Accounting Officer,SEC EDGAR
EA|0000712515-26-000128|derivative|2026-08-04|Kelly Eric Charles|D|Restricted Stock Units|5415||D,2026-08-06 03:29:58+0000,EA,ELECTRONIC ARTS INC.,0000712515,4,2026-08-04,2026-08-04,0000712515-26-000128,https://www.sec.gov/Archives/edgar/data/712515/000071251526000128/form4.xml,derivative,2026-08-04,D,Restricted Stock Units,5415,,,0,D,Kelly Eric Charles,"Officer, Chief Accounting Officer",,1,,Chief Accounting Officer,SEC EDGAR
EA|0000712515-26-000128|derivative|2026-08-04|Kelly Eric Charles|D|Performance-based Stock Units|1454||D,2026-08-06 03:29:58+0000,EA,ELECTRONIC ARTS INC.,0000712515,4,2026-08-04,2026-08-04,0000712515-26-000128,https://www.sec.gov/Archives/edgar/data/712515/000071251526000128/form4.xml,derivative,2026-08-04,D,Performance-based Stock Units,1454,,,0,D,Kelly Eric Charles,"Officer, Chief Accounting Officer",,1,,Chief Accounting Officer,SEC EDGAR
EA|0000712515-26-000128|derivative|2026-08-04|Kelly Eric Charles|D|Performance-based Stock Units|1213||D,2026-08-06 03:29:58+0000,EA,ELECTRONIC ARTS INC.,0000712515,4,2026-08-04,2026-08-04,0000712515-26-000128,https://www.sec.gov/Archives/edgar/data/712515/000071251526000128/form4.xml,derivative,2026-08-04,D,Performance-based Stock Units,1213,,,0,D,Kelly Eric Charles,"Officer, Chief Accounting Officer",,1,,Chief Accounting Officer,SEC EDGAR
EA|0000712515-26-000142|nonDerivative|2026-08-04|Huber Jeff|D|Common Stock|2184|210.00|I,2026-08-06 03:29:58+0000,EA,ELECTRONIC ARTS INC.,0000712515,4,2026-08-04,2026-08-04,0000712515-26-000142,https://www.sec.gov/Archives/edgar/data/712515/000071251526000142/form4.xml,nonDerivative,2026-08-04,D,Common Stock,2184,210.00,458640.0,0,I,Huber Jeff,Director,1,,,,SEC EDGAR
EA|0000712515-26-000142|derivative|2026-08-04|Huber Jeff|D|Restricted Stock Units|1452||D,2026-08-06 03:29:58+0000,EA,ELECTRONIC ARTS INC.,0000712515,4,2026-08-04,2026-08-04,0000712515-26-000142,https://www.sec.gov/Archives/edgar/data/712515/000071251526000142/form4.xml,derivative,2026-08-04,D,Restricted Stock Units,1452,,,0,D,Huber Jeff,Director,1,,,,SEC EDGAR
EA|0000712515-26-000144|nonDerivative|2026-08-04|Hoskins Roche L Talbott|D|Common Stock|27337|210.00|D,2026-08-06 03:29:58+0000,EA,ELECTRONIC ARTS INC.,0000712515,4,2026-08-04,2026-08-04,0000712515-26-000144,https://www.sec.gov/Archives/edgar/data/712515/000071251526000144/form4.xml,nonDerivative,2026-08-04,D,Common Stock,27337,210.00,5740770.0,0,D,Hoskins Roche L Talbott,Director,1,,,,SEC EDGAR
EA|0000712515-26-000144|derivative|2026-08-04|Hoskins Roche L Talbott|D|Restricted Stock Units|1452||D,2026-08-06 03:29:58+0000,EA,ELECTRONIC ARTS INC.,0000712515,4,2026-08-04,2026-08-04,0000712515-26-000144,https://www.sec.gov/Archives/edgar/data/712515/000071251526000144/form4.xml,derivative,2026-08-04,D,Restricted Stock Units,1452,,,0,D,Hoskins Roche L Talbott,Director,1,,,,SEC EDGAR
EA|0000712515-26-000140|nonDerivative|2026-08-04|Gonzalez Rachel A|D|Common Stock|7854|210.00|D,2026-08-06 03:29:58+0000,EA,ELECTRONIC ARTS INC.,0000712515,4,2026-08-04,2026-08-04,0000712515-26-000140,https://www.sec.gov/Archives/edgar/data/712515/000071251526000140/form4.xml,nonDerivative,2026-08-04,D,Common Stock,7854,210.00,1649340.0,0,D,Gonzalez Rachel A,Director,1,,,,SEC EDGAR
EA|0000712515-26-000140|derivative|2026-08-04|Gonzalez Rachel A|D|Restricted Stock Units|1452||D,2026-08-06 03:29:58+0000,EA,ELECTRONIC ARTS INC.,0000712515,4,2026-08-04,2026-08-04,0000712515-26-000140,https://www.sec.gov/Archives/edgar/data/712515/000071251526000140/form4.xml,derivative,2026-08-04,D,Restricted Stock Units,1452,,,0,D,Gonzalez Rachel A,Director,1,,,,SEC EDGAR
EA|0000712515-26-000126|nonDerivative|2026-08-04|Canfield Stuart|D|Common Stock|27598|210.00|D,2026-08-06 03:29:58+0000,EA,ELECTRONIC ARTS INC.,0000712515,4,2026-08-04,2026-08-04,0000712515-26-000126,https://www.sec.gov/Archives/edgar/data/712515/000071251526000126/form4.xml,nonDerivative,2026-08-04,D,Common Stock,27598,210.00,5795580.0,0,D,Canfield Stuart,"Officer, EVP & Chief Financial Officer",,1,,EVP & Chief Financial Officer,SEC EDGAR
EA|0000712515-26-000126|derivative|2026-08-04|Canfield Stuart|D|Restricted Stock Units|7756||D,2026-08-06 03:29:58+0000,EA,ELECTRONIC ARTS INC.,0000712515,4,2026-08-04,2026-08-04,0000712515-26-000126,https://www.sec.gov/Archives/edgar/data/712515/000071251526000126/form4.xml,derivative,2026-08-04,D,Restricted Stock Units,7756,,,0,D,Canfield Stuart,"Officer, EVP & Chief Financial Officer",,1,,EVP & Chief Financial Officer,SEC EDGAR
EA|0000712515-26-000126|derivative|2026-08-04|Canfield Stuart|D|Restricted Stock Units|14119||D,2026-08-06 03:29:58+0000,EA,ELECTRONIC ARTS INC.,0000712515,4,2026-08-04,2026-08-04,0000712515-26-000126,https://www.sec.gov/Archives/edgar/data/712515/000071251526000126/form4.xml,derivative,2026-08-04,D,Restricted Stock Units,14119,,,0,D,Canfield Stuart,"Officer, EVP & Chief Financial Officer",,1,,EVP & Chief Financial Officer,SEC EDGAR
EA|0000712515-26-000126|derivative|2026-08-04|Canfield Stuart|D|Restricted Stock Units|60309||D,2026-08-06 03:29:58+0000,EA,ELECTRONIC ARTS INC.,0000712515,4,2026-08-04,2026-08-04,0000712515-26-000126,https://www.sec.gov/Archives/edgar/data/712515/000071251526000126/form4.xml,derivative,2026-08-04,D,Restricted Stock Units,60309,,,0,D,Canfield Stuart,"Officer, EVP & Chief Financial Officer",,1,,EVP & Chief Financial Officer,SEC EDGAR
EA|0000712515-26-000126|derivative|2026-08-04|Canfield Stuart|D|Performance-based Restricted Stock Units|51307||D,2026-08-06 03:29:58+0000,EA,ELECTRONIC ARTS INC.,0000712515,4,2026-08-04,2026-08-04,0000712515-26-000126,https://www.sec.gov/Archives/edgar/data/712515/000071251526000126/form4.xml,derivative,2026-08-04,D,Performance-based Restricted Stock Units,51307,,,0,D,Canfield Stuart,"Officer, EVP & Chief Financial Officer",,1,,EVP & Chief Financial Officer,SEC EDGAR
EA|0000712515-26-000126|derivative|2026-08-04|Canfield Stuart|D|Performance-based Restricted Stock Units|52947||D,2026-08-06 03:29:58+0000,EA,ELECTRONIC ARTS INC.,0000712515,4,2026-08-04,2026-08-04,0000712515-26-000126,https://www.sec.gov/Archives/edgar/data/712515/000071251526000126/form4.xml,derivative,2026-08-04,D,Performance-based Restricted Stock Units,52947,,,0,D,Canfield Stuart,"Officer, EVP & Chief Financial Officer",,1,,EVP & Chief Financial Officer,SEC EDGAR
EA|0000712515-26-000138|nonDerivative|2026-08-04|Bruce Kofi A|D|Common Stock|7746|210.00|D,2026-08-06 03:29:58+0000,EA,ELECTRONIC ARTS INC.,0000712515,4,2026-08-04,2026-08-04,0000712515-26-000138,https://www.sec.gov/Archives/edgar/data/712515/000071251526000138/form4.xml,nonDerivative,2026-08-04,D,Common Stock,7746,210.00,1626660.0,0,D,Bruce Kofi A,Director,1,,,,SEC EDGAR
EA|0000712515-26-000138|derivative|2026-08-04|Bruce Kofi A|D|Restricted Stock Units|1452||D,2026-08-06 03:29:58+0000,EA,ELECTRONIC ARTS INC.,0000712515,4,2026-08-04,2026-08-04,0000712515-26-000138,https://www.sec.gov/Archives/edgar/data/712515/000071251526000138/form4.xml,derivative,2026-08-04,D,Restricted Stock Units,1452,,,0,D,Bruce Kofi A,Director,1,,,,SEC EDGAR
DXCM|0001093557-26-000145|nonDerivative|2026-07-31|FOLETTA MARK G|S|Common Stock|2000|80|I,2026-08-06 03:29:58+0000,DXCM,DEXCOM INC,0001093557,4,2026-08-04,2026-07-31,0001093557-26-000145,https://www.sec.gov/Archives/edgar/data/1093557/000109355726000145/wk-form4_1785875897.xml,nonDerivative,2026-07-31,S,Common Stock,2000,80,160000.0,50852,I,FOLETTA MARK G,Director,1,0,0,,SEC EDGAR
DXCM|0001093557-26-000145|nonDerivative|2026-08-03|FOLETTA MARK G|S|Common Stock|2000|85.32|I,2026-08-06 03:29:58+0000,DXCM,DEXCOM INC,0001093557,4,2026-08-04,2026-07-31,0001093557-26-000145,https://www.sec.gov/Archives/edgar/data/1093557/000109355726000145/wk-form4_1785875897.xml,nonDerivative,2026-08-03,S,Common Stock,2000,85.32,170640.0,48852,I,FOLETTA MARK G,Director,1,0,0,,SEC EDGAR
DVN|0001090012-26-000108|nonDerivative|2026-06-10|Lowe Robert Ferrall III|A|Common Stock|30043|0|D,2026-08-06 03:29:58+0000,DVN,DEVON ENERGY CORP/DE,0001090012,4,2026-08-04,2026-06-10,0001090012-26-000108,https://www.sec.gov/Archives/edgar/data/1090012/000109001226000108/form4.xml,nonDerivative,2026-06-10,A,Common Stock,30043,0,0.0,79476,D,Lowe Robert Ferrall III,"Officer, EVP & CHIEF TECHNOLOGY OFFICER",,1,,EVP & CHIEF TECHNOLOGY OFFICER,SEC EDGAR
DVA|0001193125-26-333151|nonDerivative|2026-07-31|BERKSHIRE HATHAWAY INC|S|Common Stock|182980|199.548|I,2026-08-06 03:29:58+0000,DVA,DAVITA INC.,0000927066,4,2026-08-04,2026-07-31,0001193125-26-333151,https://www.sec.gov/Archives/edgar/data/927066/000119312526333151/ownership.xml,nonDerivative,2026-07-31,S,Common Stock,182980,199.548,36513293.04,28697229,I,BERKSHIRE HATHAWAY INC,,false,false,true,,SEC EDGAR
DRI|0001225208-26-006906|nonDerivative|2026-07-31|Williamson Laura B|S|Common Stock|1110.0000|204.3172|D,2026-08-06 03:29:58+0000,DRI,DARDEN RESTAURANTS INC,0000940944,4,2026-08-04,2026-07-31,0001225208-26-006906,https://www.sec.gov/Archives/edgar/data/940944/000122520826006906/doc4.xml,nonDerivative,2026-07-31,S,Common Stock,1110.0000,204.3172,226792.092,10754.4050,D,Williamson Laura B,"Officer, President, LongHorn Steakhouse",,1,,"President, LongHorn Steakhouse",SEC EDGAR
DRI|0001225208-26-006906|nonDerivative|2026-07-31|Williamson Laura B|S|Common Stock|443.0000|204.8946|I,2026-08-06 03:29:58+0000,DRI,DARDEN RESTAURANTS INC,0000940944,4,2026-08-04,2026-07-31,0001225208-26-006906,https://www.sec.gov/Archives/edgar/data/940944/000122520826006906/doc4.xml,nonDerivative,2026-07-31,S,Common Stock,443.0000,204.8946,90768.3078,5535.8010,I,Williamson Laura B,"Officer, President, LongHorn Steakhouse",,1,,"President, LongHorn Steakhouse",SEC EDGAR
DOV|0001829655-26-000058|nonDerivative|2026-08-01|Yehle Jeffrey|F|Common Stock|173|204.38|D,2026-08-06 03:29:58+0000,DOV,DOVER Corp,0000029905,4,2026-08-04,2026-08-01,0001829655-26-000058,https://www.sec.gov/Archives/edgar/data/29905/000182965526000058/form4.xml,nonDerivative,2026-08-01,F,Common Stock,173,204.38,35357.74,2640,D,Yehle Jeffrey,"Officer, Senior VP & CHRO",0,1,0,Senior VP & CHRO,SEC EDGAR
DHR|0000313616-26-000170|derivative|2026-07-31|Zerhouni Elias A.|A|Phantom shares|236.633|194.98|D,2026-08-06 03:29:58+0000,DHR,DANAHER CORP /DE/,0000313616,4,2026-08-04,2026-07-31,0000313616-26-000170,https://www.sec.gov/Archives/edgar/data/313616/000031361626000170/wk-form4_1785877270.xml,derivative,2026-07-31,A,Phantom shares,236.633,194.98,46138.702339999996,18708.915,D,Zerhouni Elias A.,Director,1,0,0,,SEC EDGAR
DHR|0000313616-26-000165|derivative|2026-07-31|Stevens Raymond C|A|Phantom shares|181.549|194.98|D,2026-08-06 03:29:58+0000,DHR,DANAHER CORP /DE/,0000313616,4,2026-08-04,2026-07-31,0000313616-26-000165,https://www.sec.gov/Archives/edgar/data/313616/000031361626000165/wk-form4_1785877231.xml,derivative,2026-07-31,A,Phantom shares,181.549,194.98,35398.42402,7427.835,D,Stevens Raymond C,Director,1,0,0,,SEC EDGAR
DHR|0000313616-26-000167|derivative|2026-07-31|Sanders A Shane|A|Phantom shares|211.205|194.98|D,2026-08-06 03:29:58+0000,DHR,DANAHER CORP /DE/,0000313616,4,2026-08-04,2026-07-31,0000313616-26-000167,https://www.sec.gov/Archives/edgar/data/313616/000031361626000167/wk-form4_1785877246.xml,derivative,2026-07-31,A,Phantom shares,211.205,194.98,41180.7509,3163.293,D,Sanders A Shane,Director,1,0,0,,SEC EDGAR
DHR|0000313616-26-000169|derivative|2026-07-31|SPOON ALAN G|A|Phantom shares|229.896|194.98|D,2026-08-06 03:29:58+0000,DHR,DANAHER CORP /DE/,0000313616,4,2026-08-04,2026-07-31,0000313616-26-000169,https://www.sec.gov/Archives/edgar/data/313616/000031361626000169/wk-form4_1785877262.xml,derivative,2026-07-31,A,Phantom shares,229.896,194.98,44825.122079999994,31042.585,D,SPOON ALAN G,Director,1,0,0,,SEC EDGAR
DHR|0000313616-26-000168|derivative|2026-07-31|List Teri|A|Phantom shares|15.716|194.98|D,2026-08-06 03:29:58+0000,DHR,DANAHER CORP /DE/,0000313616,4,2026-08-04,2026-07-31,0000313616-26-000168,https://www.sec.gov/Archives/edgar/data/313616/000031361626000168/wk-form4_1785877254.xml,derivative,2026-07-31,A,Phantom shares,15.716,194.98,3064.3056799999995,7676.115,D,List Teri,Director,1,0,0,,SEC EDGAR
DHR|0000313616-26-000171|derivative|2026-07-31|FILLER LINDA|A|Phantom shares|18.333|194.98|D,2026-08-06 03:29:58+0000,DHR,DANAHER CORP /DE/,0000313616,4,2026-08-04,2026-07-31,0000313616-26-000171,https://www.sec.gov/Archives/edgar/data/313616/000031361626000171/wk-form4_1785877278.xml,derivative,2026-07-31,A,Phantom shares,18.333,194.98,3574.5683399999994,8954.736,D,FILLER LINDA,Director,1,0,0,,SEC EDGAR
DHR|0000313616-26-000166|derivative|2026-07-31|Dewan Feroz|A|Phantom shares|171.195|194.98|D,2026-08-06 03:29:58+0000,DHR,DANAHER CORP /DE/,0000313616,4,2026-08-04,2026-07-31,0000313616-26-000166,https://www.sec.gov/Archives/edgar/data/313616/000031361626000166/wk-form4_1785877239.xml,derivative,2026-07-31,A,Phantom shares,171.195,194.98,33379.6011,2369.801,D,Dewan Feroz,Director,1,0,0,,SEC EDGAR
CVNA|0001607889-26-000030|nonDerivative|2026-08-01|Taira Thomas|F|Class A Common Stock|3948|62.36|D,2026-08-06 03:29:58+0000,CVNA,CARVANA CO.,0001690820,4,2026-08-04,2026-08-01,0001607889-26-000030,https://www.sec.gov/Archives/edgar/data/1690820/000160788926000030/wk-form4_1785877446.xml,nonDerivative,2026-08-01,F,Class A Common Stock,3948,62.36,246197.28,307178,D,Taira Thomas,"Officer, President, Special Projects",0,1,0,"President, Special Projects",SEC EDGAR
CVNA|0001607889-26-000030|nonDerivative|2026-08-03|Taira Thomas|A|Class A Common Stock|80547|0|D,2026-08-06 03:29:58+0000,CVNA,CARVANA CO.,0001690820,4,2026-08-04,2026-08-01,0001607889-26-000030,https://www.sec.gov/Archives/edgar/data/1690820/000160788926000030/wk-form4_1785877446.xml,nonDerivative,2026-08-03,A,Class A Common Stock,80547,0,0.0,387725,D,Taira Thomas,"Officer, President, Special Projects",0,1,0,"President, Special Projects",SEC EDGAR
CVNA|0001783558-26-000018|nonDerivative|2026-08-01|Palmer Stephen R|F|Class A Common Stock|3025|62.36|D,2026-08-06 03:29:58+0000,CVNA,CARVANA CO.,0001690820,4,2026-08-04,2026-08-01,0001783558-26-000018,https://www.sec.gov/Archives/edgar/data/1690820/000178355826000018/wk-form4_1785877478.xml,nonDerivative,2026-08-01,F,Class A Common Stock,3025,62.36,188639.0,141909,D,Palmer Stephen R,"Officer, Vice President of Accounting",0,1,0,Vice President of Accounting,SEC EDGAR
CVNA|0001783558-26-000018|nonDerivative|2026-08-03|Palmer Stephen R|S|Class A Common Stock|760|63.19|D,2026-08-06 03:29:58+0000,CVNA,CARVANA CO.,0001690820,4,2026-08-04,2026-08-01,0001783558-26-000018,https://www.sec.gov/Archives/edgar/data/1690820/000178355826000018/wk-form4_1785877478.xml,nonDerivative,2026-08-03,S,Class A Common Stock,760,63.19,48024.4,141149,D,Palmer Stephen R,"Officer, Vice President of Accounting",0,1,0,Vice President of Accounting,SEC EDGAR
CVNA|0001783558-26-000018|nonDerivative|2026-08-03|Palmer Stephen R|S|Class A Common Stock|2280|64.22|D,2026-08-06 03:29:58+0000,CVNA,CARVANA CO.,0001690820,4,2026-08-04,2026-08-01,0001783558-26-000018,https://www.sec.gov/Archives/edgar/data/1690820/000178355826000018/wk-form4_1785877478.xml,nonDerivative,2026-08-03,S,Class A Common Stock,2280,64.22,146421.6,138869,D,Palmer Stephen R,"Officer, Vice President of Accounting",0,1,0,Vice President of Accounting,SEC EDGAR
CVNA|0001783558-26-000018|nonDerivative|2026-08-03|Palmer Stephen R|S|Class A Common Stock|1440|65.14|D,2026-08-06 03:29:58+0000,CVNA,CARVANA CO.,0001690820,4,2026-08-04,2026-08-01,0001783558-26-000018,https://www.sec.gov/Archives/edgar/data/1690820/000178355826000018/wk-form4_1785877478.xml,nonDerivative,2026-08-03,S,Class A Common Stock,1440,65.14,93801.6,137429,D,Palmer Stephen R,"Officer, Vice President of Accounting",0,1,0,Vice President of Accounting,SEC EDGAR
CVNA|0001783558-26-000018|nonDerivative|2026-08-03|Palmer Stephen R|S|Class A Common Stock|520|65.82|D,2026-08-06 03:29:58+0000,CVNA,CARVANA CO.,0001690820,4,2026-08-04,2026-08-01,0001783558-26-000018,https://www.sec.gov/Archives/edgar/data/1690820/000178355826000018/wk-form4_1785877478.xml,nonDerivative,2026-08-03,S,Class A Common Stock,520,65.82,34226.399999999994,136909,D,Palmer Stephen R,"Officer, Vice President of Accounting",0,1,0,Vice President of Accounting,SEC EDGAR
CVNA|0001088011-26-000006|nonDerivative|2026-07-31|MAROONE MICHAEL E|P|Class A Common Stock|21153|61.69|D,2026-08-06 03:29:58+0000,CVNA,CARVANA CO.,0001690820,4,2026-08-04,2026-07-31,0001088011-26-000006,https://www.sec.gov/Archives/edgar/data/1690820/000108801126000006/wk-form4_1785877461.xml,nonDerivative,2026-07-31,P,Class A Common Stock,21153,61.69,1304928.57,164726,D,MAROONE MICHAEL E,Director,1,0,0,,SEC EDGAR
CVNA|0001088011-26-000006|nonDerivative|2026-07-31|MAROONE MICHAEL E|P|Class A Common Stock|3847|62.40|D,2026-08-06 03:29:58+0000,CVNA,CARVANA CO.,0001690820,4,2026-08-04,2026-07-31,0001088011-26-000006,https://www.sec.gov/Archives/edgar/data/1690820/000108801126000006/wk-form4_1785877461.xml,nonDerivative,2026-07-31,P,Class A Common Stock,3847,62.40,240052.8,168573,D,MAROONE MICHAEL E,Director,1,0,0,,SEC EDGAR
CVNA|0001700542-26-000018|nonDerivative|2026-08-01|KEETON RYAN S.|F|Class A Common Stock|2881|62.36|D,2026-08-06 03:29:58+0000,CVNA,CARVANA CO.,0001690820,4,2026-08-04,2026-08-01,0001700542-26-000018,https://www.sec.gov/Archives/edgar/data/1690820/000170054226000018/wk-form4_1785877472.xml,nonDerivative,2026-08-01,F,Class A Common Stock,2881,62.36,179659.16,375647,D,KEETON RYAN S.,"Officer, Chief Brand Officer",0,1,0,Chief Brand Officer,SEC EDGAR
CVNA|0001700542-26-000018|nonDerivative|2026-08-03|KEETON RYAN S.|A|Class A Common Stock|56742|0|D,2026-08-06 03:29:58+0000,CVNA,CARVANA CO.,0001690820,4,2026-08-04,2026-08-01,0001700542-26-000018,https://www.sec.gov/Archives/edgar/data/1690820/000170054226000018/wk-form4_1785877472.xml,nonDerivative,2026-08-03,A,Class A Common Stock,56742,0,0.0,432389,D,KEETON RYAN S.,"Officer, Chief Brand Officer",0,1,0,Chief Brand Officer,SEC EDGAR
CVNA|0001700540-26-000018|nonDerivative|2026-08-01|JENKINS MARK W.|F|Class A Common Stock|7018|62.36|D,2026-08-06 03:29:58+0000,CVNA,CARVANA CO.,0001690820,4,2026-08-04,2026-08-01,0001700540-26-000018,https://www.sec.gov/Archives/edgar/data/1690820/000170054026000018/wk-form4_1785877492.xml,nonDerivative,2026-08-01,F,Class A Common Stock,7018,62.36,437642.48,1022562,D,JENKINS MARK W.,"Officer, Chief Financial Officer",0,1,0,Chief Financial Officer,SEC EDGAR
CVNA|0001700540-26-000018|nonDerivative|2026-08-03|JENKINS MARK W.|A|Class A Common Stock|133972|0|D,2026-08-06 03:29:58+0000,CVNA,CARVANA CO.,0001690820,4,2026-08-04,2026-08-01,0001700540-26-000018,https://www.sec.gov/Archives/edgar/data/1690820/000170054026000018/wk-form4_1785877492.xml,nonDerivative,2026-08-03,A,Class A Common Stock,133972,0,0.0,1156534,D,JENKINS MARK W.,"Officer, Chief Financial Officer",0,1,0,Chief Financial Officer,SEC EDGAR
CVNA|0001700540-26-000018|nonDerivative|2026-08-03|JENKINS MARK W.|M|Class A Common Stock|50000|2.01|D,2026-08-06 03:29:58+0000,CVNA,CARVANA CO.,0001690820,4,2026-08-04,2026-08-01,0001700540-26-000018,https://www.sec.gov/Archives/edgar/data/1690820/000170054026000018/wk-form4_1785877492.xml,nonDerivative,2026-08-03,M,Class A Common Stock,50000,2.01,100499.99999999999,1206534,D,JENKINS MARK W.,"Officer, Chief Financial Officer",0,1,0,Chief Financial Officer,SEC EDGAR
CVNA|0001700540-26-000018|nonDerivative|2026-08-03|JENKINS MARK W.|M|Class A Common Stock|10000|8.41|D,2026-08-06 03:29:58+0000,CVNA,CARVANA CO.,0001690820,4,2026-08-04,2026-08-01,0001700540-26-000018,https://www.sec.gov/Archives/edgar/data/1690820/000170054026000018/wk-form4_1785877492.xml,nonDerivative,2026-08-03,M,Class A Common Stock,10000,8.41,84100.0,1216534,D,JENKINS MARK W.,"Officer, Chief Financial Officer",0,1,0,Chief Financial Officer,SEC EDGAR
CVNA|0001700540-26-000018|nonDerivative|2026-08-03|JENKINS MARK W.|M|Class A Common Stock|3750|10.39|D,2026-08-06 03:29:58+0000,CVNA,CARVANA CO.,0001690820,4,2026-08-04,2026-08-01,0001700540-26-000018,https://www.sec.gov/Archives/edgar/data/1690820/000170054026000018/wk-form4_1785877492.xml,nonDerivative,2026-08-03,M,Class A Common Stock,3750,10.39,38962.5,1220284,D,JENKINS MARK W.,"Officer, Chief Financial Officer",0,1,0,Chief Financial Officer,SEC EDGAR
CVNA|0001700540-26-000018|nonDerivative|2026-08-03|JENKINS MARK W.|S|Class A Common Stock|7940|63.17|D,2026-08-06 03:29:58+0000,CVNA,CARVANA CO.,0001690820,4,2026-08-04,2026-08-01,0001700540-26-000018,https://www.sec.gov/Archives/edgar/data/1690820/000170054026000018/wk-form4_1785877492.xml,nonDerivative,2026-08-03,S,Class A Common Stock,7940,63.17,501569.8,1212344,D,JENKINS MARK W.,"Officer, Chief Financial Officer",0,1,0,Chief Financial Officer,SEC EDGAR
CVNA|0001700540-26-000018|nonDerivative|2026-08-03|JENKINS MARK W.|S|Class A Common Stock|24287|64.08|D,2026-08-06 03:29:58+0000,CVNA,CARVANA CO.,0001690820,4,2026-08-04,2026-08-01,0001700540-26-000018,https://www.sec.gov/Archives/edgar/data/1690820/000170054026000018/wk-form4_1785877492.xml,nonDerivative,2026-08-03,S,Class A Common Stock,24287,64.08,1556310.96,1188057,D,JENKINS MARK W.,"Officer, Chief Financial Officer",0,1,0,Chief Financial Officer,SEC EDGAR
CVNA|0001700540-26-000018|nonDerivative|2026-08-03|JENKINS MARK W.|S|Class A Common Stock|22886|64.93|D,2026-08-06 03:29:58+0000,CVNA,CARVANA CO.,0001690820,4,2026-08-04,2026-08-01,0001700540-26-000018,https://www.sec.gov/Archives/edgar/data/1690820/000170054026000018/wk-form4_1785877492.xml,nonDerivative,2026-08-03,S,Class A Common Stock,22886,64.93,1485987.9800000002,1165171,D,JENKINS MARK W.,"Officer, Chief Financial Officer",0,1,0,Chief Financial Officer,SEC EDGAR
CVNA|0001700540-26-000018|nonDerivative|2026-08-03|JENKINS MARK W.|S|Class A Common Stock|8637|65.75|D,2026-08-06 03:29:58+0000,CVNA,CARVANA CO.,0001690820,4,2026-08-04,2026-08-01,0001700540-26-000018,https://www.sec.gov/Archives/edgar/data/1690820/000170054026000018/wk-form4_1785877492.xml,nonDerivative,2026-08-03,S,Class A Common Stock,8637,65.75,567882.75,1156534,D,JENKINS MARK W.,"Officer, Chief Financial Officer",0,1,0,Chief Financial Officer,SEC EDGAR
CVNA|0001700540-26-000018|derivative|2026-08-03|JENKINS MARK W.|M|Stock Options (Right to Buy)|0|0|D,2026-08-06 03:29:58+0000,CVNA,CARVANA CO.,0001690820,4,2026-08-04,2026-08-01,0001700540-26-000018,https://www.sec.gov/Archives/edgar/data/1690820/000170054026000018/wk-form4_1785877492.xml,derivative,2026-08-03,M,Stock Options (Right to Buy),0,0,0.0,81730,D,JENKINS MARK W.,"Officer, Chief Financial Officer",0,1,0,Chief Financial Officer,SEC EDGAR
CVNA|0001700537-26-000018|nonDerivative|2026-08-01|HUSTON BENJAMIN E.|F|Class A Common Stock|7018|62.36|D,2026-08-06 03:29:58+0000,CVNA,CARVANA CO.,0001690820,4,2026-08-04,2026-08-01,0001700537-26-000018,https://www.sec.gov/Archives/edgar/data/1690820/000170053726000018/wk-form4_1785877438.xml,nonDerivative,2026-08-01,F,Class A Common Stock,7018,62.36,437642.48,451737,D,HUSTON BENJAMIN E.,"Officer, Chief Operating Officer",0,1,0,Chief Operating Officer,SEC EDGAR
CVNA|0001700537-26-000018|nonDerivative|2026-08-03|HUSTON BENJAMIN E.|A|Class A Common Stock|133972|0|D,2026-08-06 03:29:58+0000,CVNA,CARVANA CO.,0001690820,4,2026-08-04,2026-08-01,0001700537-26-000018,https://www.sec.gov/Archives/edgar/data/1690820/000170053726000018/wk-form4_1785877438.xml,nonDerivative,2026-08-03,A,Class A Common Stock,133972,0,0.0,585709,D,HUSTON BENJAMIN E.,"Officer, Chief Operating Officer",0,1,0,Chief Operating Officer,SEC EDGAR
CVNA|0001700537-26-000018|nonDerivative|2026-08-03|HUSTON BENJAMIN E.|S|Class A Common Stock|6320|63.18|D,2026-08-06 03:29:58+0000,CVNA,CARVANA CO.,0001690820,4,2026-08-04,2026-08-01,0001700537-26-000018,https://www.sec.gov/Archives/edgar/data/1690820/000170053726000018/wk-form4_1785877438.xml,nonDerivative,2026-08-03,S,Class A Common Stock,6320,63.18,399297.6,579389,D,HUSTON BENJAMIN E.,"Officer, Chief Operating Officer",0,1,0,Chief Operating Officer,SEC EDGAR
CVNA|0001700537-26-000018|nonDerivative|2026-08-03|HUSTON BENJAMIN E.|S|Class A Common Stock|22144|64.14|D,2026-08-06 03:29:58+0000,CVNA,CARVANA CO.,0001690820,4,2026-08-04,2026-08-01,0001700537-26-000018,https://www.sec.gov/Archives/edgar/data/1690820/000170053726000018/wk-form4_1785877438.xml,nonDerivative,2026-08-03,S,Class A Common Stock,22144,64.14,1420316.16,557245,D,HUSTON BENJAMIN E.,"Officer, Chief Operating Officer",0,1,0,Chief Operating Officer,SEC EDGAR
CVNA|0001700537-26-000018|nonDerivative|2026-08-03|HUSTON BENJAMIN E.|S|Class A Common Stock|15920|65.06|D,2026-08-06 03:29:58+0000,CVNA,CARVANA CO.,0001690820,4,2026-08-04,2026-08-01,0001700537-26-000018,https://www.sec.gov/Archives/edgar/data/1690820/000170053726000018/wk-form4_1785877438.xml,nonDerivative,2026-08-03,S,Class A Common Stock,15920,65.06,1035755.2000000001,541325,D,HUSTON BENJAMIN E.,"Officer, Chief Operating Officer",0,1,0,Chief Operating Officer,SEC EDGAR
CVNA|0001700537-26-000018|nonDerivative|2026-08-03|HUSTON BENJAMIN E.|S|Class A Common Stock|5616|65.81|D,2026-08-06 03:29:58+0000,CVNA,CARVANA CO.,0001690820,4,2026-08-04,2026-08-01,0001700537-26-000018,https://www.sec.gov/Archives/edgar/data/1690820/000170053726000018/wk-form4_1785877438.xml,nonDerivative,2026-08-03,S,Class A Common Stock,5616,65.81,369588.96,535709,D,HUSTON BENJAMIN E.,"Officer, Chief Operating Officer",0,1,0,Chief Operating Officer,SEC EDGAR
CVNA|0001700538-26-000018|nonDerivative|2026-08-01|GILL DANIEL J.|F|Class A Common Stock|7707|62.36|D,2026-08-06 03:29:58+0000,CVNA,CARVANA CO.,0001690820,4,2026-08-04,2026-08-01,0001700538-26-000018,https://www.sec.gov/Archives/edgar/data/1690820/000170053826000018/wk-form4_1785877467.xml,nonDerivative,2026-08-01,F,Class A Common Stock,7707,62.36,480608.52,930421,D,GILL DANIEL J.,"Officer, Chief Product Officer",0,1,0,Chief Product Officer,SEC EDGAR
CVNA|0001700538-26-000018|nonDerivative|2026-08-03|GILL DANIEL J.|A|Class A Common Stock|119883|0|D,2026-08-06 03:29:58+0000,CVNA,CARVANA CO.,0001690820,4,2026-08-04,2026-08-01,0001700538-26-000018,https://www.sec.gov/Archives/edgar/data/1690820/000170053826000018/wk-form4_1785877467.xml,nonDerivative,2026-08-03,A,Class A Common Stock,119883,0,0.0,1050304,D,GILL DANIEL J.,"Officer, Chief Product Officer",0,1,0,Chief Product Officer,SEC EDGAR
CVNA|0001700548-26-000018|nonDerivative|2026-08-01|GARCIA ERNEST C. III|F|Class A Common Stock|7069|62.36|D,2026-08-06 03:29:58+0000,CVNA,CARVANA CO.,0001690820,4,2026-08-04,2026-08-01,0001700548-26-000018,https://www.sec.gov/Archives/edgar/data/1690820/000170054826000018/wk-form4_1785877455.xml,nonDerivative,2026-08-01,F,Class A Common Stock,7069,62.36,440822.83999999997,4589162,D,GARCIA ERNEST C. III,"Director, Officer, 10% Owner, Chief Executive Officer",1,1,1,Chief Executive Officer,SEC EDGAR
CVNA|0001700548-26-000018|nonDerivative|2026-08-03|GARCIA ERNEST C. III|A|Class A Common Stock|134707|0|D,2026-08-06 03:29:58+0000,CVNA,CARVANA CO.,0001690820,4,2026-08-04,2026-08-01,0001700548-26-000018,https://www.sec.gov/Archives/edgar/data/1690820/000170054826000018/wk-form4_1785877455.xml,nonDerivative,2026-08-03,A,Class A Common Stock,134707,0,0.0,4723869,D,GARCIA ERNEST C. III,"Director, Officer, 10% Owner, Chief Executive Officer",1,1,1,Chief Executive Officer,SEC EDGAR
CVNA|0001700545-26-000018|nonDerivative|2026-08-01|BREAUX PAUL W.|F|Class A Common Stock|4453|62.36|D,2026-08-06 03:29:58+0000,CVNA,CARVANA CO.,0001690820,4,2026-08-04,2026-08-01,0001700545-26-000018,https://www.sec.gov/Archives/edgar/data/1690820/000170054526000018/wk-form4_1785877486.xml,nonDerivative,2026-08-01,F,Class A Common Stock,4453,62.36,277689.08,345604,D,BREAUX PAUL W.,"Officer, See Remarks",0,1,0,See Remarks,SEC EDGAR
CVNA|0001700545-26-000018|nonDerivative|2026-08-03|BREAUX PAUL W.|A|Class A Common Stock|85336|0|D,2026-08-06 03:29:58+0000,CVNA,CARVANA CO.,0001690820,4,2026-08-04,2026-08-01,0001700545-26-000018,https://www.sec.gov/Archives/edgar/data/1690820/000170054526000018/wk-form4_1785877486.xml,nonDerivative,2026-08-03,A,Class A Common Stock,85336,0,0.0,430940,D,BREAUX PAUL W.,"Officer, See Remarks",0,1,0,See Remarks,SEC EDGAR
CTVA|0001476403-26-000010|nonDerivative|2026-07-31|Policinski Christopher J.|A|Common Stock|412.9081|78.71|D,2026-08-06 03:29:58+0000,CTVA,"Corteva, Inc.",0001755672,4,2026-08-04,2026-07-31,0001476403-26-000010,https://www.sec.gov/Archives/edgar/data/1755672/000147640326000010/ownership.xml,nonDerivative,2026-07-31,A,Common Stock,412.9081,78.71,32499.996550999997,2768.4952,D,Policinski Christopher J.,,true,false,false,,SEC EDGAR
CTVA|0001756318-26-000007|nonDerivative|2026-07-31|Nayyar Nayaki R|A|Common Stock|412.9081|78.71|D,2026-08-06 03:29:58+0000,CTVA,"Corteva, Inc.",0001755672,4,2026-08-04,2026-07-31,0001756318-26-000007,https://www.sec.gov/Archives/edgar/data/1755672/000175631826000007/ownership.xml,nonDerivative,2026-07-31,A,Common Stock,412.9081,78.71,32499.996550999997,36753.6815,D,Nayyar Nayaki R,,true,false,false,,SEC EDGAR
CTVA|0001635634-26-000006|nonDerivative|2026-07-31|Giesselman Janet Plaut|A|Common Stock|98.4627|78.71|D,2026-08-06 03:29:58+0000,CTVA,"Corteva, Inc.",0001755672,4,2026-08-04,2026-07-31,0001635634-26-000006,https://www.sec.gov/Archives/edgar/data/1755672/000163563426000006/ownership.xml,nonDerivative,2026-07-31,A,Common Stock,98.4627,78.71,7749.999116999999,20247.7383,D,Giesselman Janet Plaut,,true,false,false,,SEC EDGAR
"CSGP|0001500076-26-000010|nonDerivative|2026-08-01|SAINT FREDERICK G.|F|Common Stock, par value $0.01 per share|1436|28.76|D",2026-08-06 03:29:58+0000,CSGP,"COSTAR GROUP, INC.",0001057352,4,2026-08-04,2026-08-01,0001500076-26-000010,https://www.sec.gov/Archives/edgar/data/1057352/000150007626000010/wk-form4_1785878675.xml,nonDerivative,2026-08-01,F,"Common Stock, par value $0.01 per share",1436,28.76,41299.36,278415,D,SAINT FREDERICK G.,"Officer, President, Marketplaces",0,1,0,"President, Marketplaces",SEC EDGAR
CSGP|0002146463-26-000005|derivative|2026-07-31|Rossmann Robin Jack|A|Restricted Stock Units|34771|0|D,2026-08-06 03:29:58+0000,CSGP,"COSTAR GROUP, INC.",0001057352,4,2026-08-04,2026-07-31,0002146463-26-000005,https://www.sec.gov/Archives/edgar/data/1057352/000214646326000005/wk-form4_1785878685.xml,derivative,2026-07-31,A,Restricted Stock Units,34771,0,0.0,34771,D,Rossmann Robin Jack,"Officer, Chief  Financial Officer",0,1,0,Chief  Financial Officer,SEC EDGAR
"CSGP|0001472762-26-000010|nonDerivative|2026-08-01|Cann Cynthia Cammett|F|Common Stock, par value $0.01 per share|1077|28.76|D",2026-08-06 03:29:58+0000,CSGP,"COSTAR GROUP, INC.",0001057352,4,2026-08-04,2026-07-31,0001472762-26-000010,https://www.sec.gov/Archives/edgar/data/1057352/000147276226000010/wk-form4_1785878680.xml,nonDerivative,2026-08-01,F,"Common Stock, par value $0.01 per share",1077,28.76,30974.52,23610,D,Cann Cynthia Cammett,"Officer, Chief Accounting Officer",0,1,0,Chief Accounting Officer,SEC EDGAR
CSGP|0001472762-26-000010|derivative|2026-07-31|Cann Cynthia Cammett|A|Restricted Stock Units|26078|0|D,2026-08-06 03:29:58+0000,CSGP,"COSTAR GROUP, INC.",0001057352,4,2026-08-04,2026-07-31,0001472762-26-000010,https://www.sec.gov/Archives/edgar/data/1057352/000147276226000010/wk-form4_1785878680.xml,derivative,2026-07-31,A,Restricted Stock Units,26078,0,0.0,26078,D,Cann Cynthia Cammett,"Officer, Chief Accounting Officer",0,1,0,Chief Accounting Officer,SEC EDGAR
CRWD|0001778610-26-000020|nonDerivative|2026-08-03|Podbere Burt W.|S|Class A common stock|7602|194.34|D,2026-08-06 03:29:58+0000,CRWD,"CrowdStrike Holdings, Inc.",0001535527,4,2026-08-04,2026-08-03,0001778610-26-000020,https://www.sec.gov/Archives/edgar/data/1535527/000177861026000020/form4-08042026_080801.xml,nonDerivative,2026-08-03,S,Class A common stock,7602,194.34,1477372.68,696838,D,Podbere Burt W.,CHIEF FINANCIAL OFFICER,false,true,false,CHIEF FINANCIAL OFFICER,SEC EDGAR
CRWD|0001778610-26-000020|nonDerivative|2026-08-03|Podbere Burt W.|S|Class A common stock|20|196.62|D,2026-08-06 03:29:58+0000,CRWD,"CrowdStrike Holdings, Inc.",0001535527,4,2026-08-04,2026-08-03,0001778610-26-000020,https://www.sec.gov/Archives/edgar/data/1535527/000177861026000020/form4-08042026_080801.xml,nonDerivative,2026-08-03,S,Class A common stock,20,196.62,3932.4,696818,D,Podbere Burt W.,CHIEF FINANCIAL OFFICER,false,true,false,CHIEF FINANCIAL OFFICER,SEC EDGAR
CRWD|0001778564-26-000133|nonDerivative|2026-08-03|Kurtz George|S|Class A common stock|440|193.93|D,2026-08-06 03:29:58+0000,CRWD,"CrowdStrike Holdings, Inc.",0001535527,4,2026-08-04,2026-08-03,0001778564-26-000133,https://www.sec.gov/Archives/edgar/data/1535527/000177856426000133/form4-08042026_080804.xml,nonDerivative,2026-08-03,S,Class A common stock,440,193.93,85329.2,8083104,D,Kurtz George,PRESIDENT AND CEO,true,true,false,PRESIDENT AND CEO,SEC EDGAR
CRWD|0001778564-26-000133|nonDerivative|2026-08-03|Kurtz George|S|Class A common stock|1284|194.85|D,2026-08-06 03:29:58+0000,CRWD,"CrowdStrike Holdings, Inc.",0001535527,4,2026-08-04,2026-08-03,0001778564-26-000133,https://www.sec.gov/Archives/edgar/data/1535527/000177856426000133/form4-08042026_080804.xml,nonDerivative,2026-08-03,S,Class A common stock,1284,194.85,250187.4,8081820,D,Kurtz George,PRESIDENT AND CEO,true,true,false,PRESIDENT AND CEO,SEC EDGAR
CRWD|0001778564-26-000133|nonDerivative|2026-08-03|Kurtz George|S|Class A common stock|1676|195.99|D,2026-08-06 03:29:58+0000,CRWD,"CrowdStrike Holdings, Inc.",0001535527,4,2026-08-04,2026-08-03,0001778564-26-000133,https://www.sec.gov/Archives/edgar/data/1535527/000177856426000133/form4-08042026_080804.xml,nonDerivative,2026-08-03,S,Class A common stock,1676,195.99,328479.24,8080144,D,Kurtz George,PRESIDENT AND CEO,true,true,false,PRESIDENT AND CEO,SEC EDGAR
CRWD|0001778564-26-000133|nonDerivative|2026-08-03|Kurtz George|S|Class A common stock|1040|196.76|D,2026-08-06 03:29:58+0000,CRWD,"CrowdStrike Holdings, Inc.",0001535527,4,2026-08-04,2026-08-03,0001778564-26-000133,https://www.sec.gov/Archives/edgar/data/1535527/000177856426000133/form4-08042026_080804.xml,nonDerivative,2026-08-03,S,Class A common stock,1040,196.76,204630.4,8079104,D,Kurtz George,PRESIDENT AND CEO,true,true,false,PRESIDENT AND CEO,SEC EDGAR
CRWD|0001778564-26-000133|nonDerivative|2026-08-03|Kurtz George|S|Class A common stock|960|198.04|D,2026-08-06 03:29:58+0000,CRWD,"CrowdStrike Holdings, Inc.",0001535527,4,2026-08-04,2026-08-03,0001778564-26-000133,https://www.sec.gov/Archives/edgar/data/1535527/000177856426000133/form4-08042026_080804.xml,nonDerivative,2026-08-03,S,Class A common stock,960,198.04,190118.4,8078144,D,Kurtz George,PRESIDENT AND CEO,true,true,false,PRESIDENT AND CEO,SEC EDGAR
CRWD|0001778564-26-000133|nonDerivative|2026-08-03|Kurtz George|S|Class A common stock|1160|199.11|D,2026-08-06 03:29:58+0000,CRWD,"CrowdStrike Holdings, Inc.",0001535527,4,2026-08-04,2026-08-03,0001778564-26-000133,https://www.sec.gov/Archives/edgar/data/1535527/000177856426000133/form4-08042026_080804.xml,nonDerivative,2026-08-03,S,Class A common stock,1160,199.11,230967.6,8076984,D,Kurtz George,PRESIDENT AND CEO,true,true,false,PRESIDENT AND CEO,SEC EDGAR
CRWD|0001778564-26-000133|nonDerivative|2026-08-03|Kurtz George|S|Class A common stock|200|199.95|D,2026-08-06 03:29:58+0000,CRWD,"CrowdStrike Holdings, Inc.",0001535527,4,2026-08-04,2026-08-03,0001778564-26-000133,https://www.sec.gov/Archives/edgar/data/1535527/000177856426000133/form4-08042026_080804.xml,nonDerivative,2026-08-03,S,Class A common stock,200,199.95,39990.0,8076784,D,Kurtz George,PRESIDENT AND CEO,true,true,false,PRESIDENT AND CEO,SEC EDGAR
CRWD|0001778564-26-000133|nonDerivative|2026-08-03|Kurtz George|S|Class A common stock|560|201.23|D,2026-08-06 03:29:58+0000,CRWD,"CrowdStrike Holdings, Inc.",0001535527,4,2026-08-04,2026-08-03,0001778564-26-000133,https://www.sec.gov/Archives/edgar/data/1535527/000177856426000133/form4-08042026_080804.xml,nonDerivative,2026-08-03,S,Class A common stock,560,201.23,112688.79999999999,8076224,D,Kurtz George,PRESIDENT AND CEO,true,true,false,PRESIDENT AND CEO,SEC EDGAR
CRWD|0001778564-26-000133|nonDerivative|2026-08-03|Kurtz George|S|Class A common stock|2400|202.24|D,2026-08-06 03:29:58+0000,CRWD,"CrowdStrike Holdings, Inc.",0001535527,4,2026-08-04,2026-08-03,0001778564-26-000133,https://www.sec.gov/Archives/edgar/data/1535527/000177856426000133/form4-08042026_080804.xml,nonDerivative,2026-08-03,S,Class A common stock,2400,202.24,485376.0,8073824,D,Kurtz George,PRESIDENT AND CEO,true,true,false,PRESIDENT AND CEO,SEC EDGAR
CRWD|0001778564-26-000133|nonDerivative|2026-08-03|Kurtz George|S|Class A common stock|280|202.89|D,2026-08-06 03:29:58+0000,CRWD,"CrowdStrike Holdings, Inc.",0001535527,4,2026-08-04,2026-08-03,0001778564-26-000133,https://www.sec.gov/Archives/edgar/data/1535527/000177856426000133/form4-08042026_080804.xml,nonDerivative,2026-08-03,S,Class A common stock,280,202.89,56809.2,8073544,D,Kurtz George,PRESIDENT AND CEO,true,true,false,PRESIDENT AND CEO,SEC EDGAR
CRWD|0001778564-26-000133|nonDerivative|2026-08-03|Kurtz George|S|Class A common stock|14195|193.81|D,2026-08-06 03:29:58+0000,CRWD,"CrowdStrike Holdings, Inc.",0001535527,4,2026-08-04,2026-08-03,0001778564-26-000133,https://www.sec.gov/Archives/edgar/data/1535527/000177856426000133/form4-08042026_080804.xml,nonDerivative,2026-08-03,S,Class A common stock,14195,193.81,2751132.95,8059349,D,Kurtz George,PRESIDENT AND CEO,true,true,false,PRESIDENT AND CEO,SEC EDGAR
CRWD|0001778564-26-000133|nonDerivative|2026-08-03|Kurtz George|S|Class A common stock|1360|194.74|D,2026-08-06 03:29:58+0000,CRWD,"CrowdStrike Holdings, Inc.",0001535527,4,2026-08-04,2026-08-03,0001778564-26-000133,https://www.sec.gov/Archives/edgar/data/1535527/000177856426000133/form4-08042026_080804.xml,nonDerivative,2026-08-03,S,Class A common stock,1360,194.74,264846.4,8057989,D,Kurtz George,PRESIDENT AND CEO,true,true,false,PRESIDENT AND CEO,SEC EDGAR
CRWD|0001778564-26-000133|nonDerivative|2026-08-03|Kurtz George|S|Class A common stock|2099|195.86|D,2026-08-06 03:29:58+0000,CRWD,"CrowdStrike Holdings, Inc.",0001535527,4,2026-08-04,2026-08-03,0001778564-26-000133,https://www.sec.gov/Archives/edgar/data/1535527/000177856426000133/form4-08042026_080804.xml,nonDerivative,2026-08-03,S,Class A common stock,2099,195.86,411110.14,8055890,D,Kurtz George,PRESIDENT AND CEO,true,true,false,PRESIDENT AND CEO,SEC EDGAR
CRWD|0001778564-26-000133|nonDerivative|2026-08-03|Kurtz George|S|Class A common stock|1682|196.70|D,2026-08-06 03:29:58+0000,CRWD,"CrowdStrike Holdings, Inc.",0001535527,4,2026-08-04,2026-08-03,0001778564-26-000133,https://www.sec.gov/Archives/edgar/data/1535527/000177856426000133/form4-08042026_080804.xml,nonDerivative,2026-08-03,S,Class A common stock,1682,196.70,330849.39999999997,8054208,D,Kurtz George,PRESIDENT AND CEO,true,true,false,PRESIDENT AND CEO,SEC EDGAR
CRWD|0001778564-26-000133|nonDerivative|2026-08-03|Kurtz George|S|Class A common stock|1179|197.88|D,2026-08-06 03:29:58+0000,CRWD,"CrowdStrike Holdings, Inc.",0001535527,4,2026-08-04,2026-08-03,0001778564-26-000133,https://www.sec.gov/Archives/edgar/data/1535527/000177856426000133/form4-08042026_080804.xml,nonDerivative,2026-08-03,S,Class A common stock,1179,197.88,233300.52,8053029,D,Kurtz George,PRESIDENT AND CEO,true,true,false,PRESIDENT AND CEO,SEC EDGAR
CRWD|0001778564-26-000133|nonDerivative|2026-08-03|Kurtz George|S|Class A common stock|1800|199.01|D,2026-08-06 03:29:58+0000,CRWD,"CrowdStrike Holdings, Inc.",0001535527,4,2026-08-04,2026-08-03,0001778564-26-000133,https://www.sec.gov/Archives/edgar/data/1535527/000177856426000133/form4-08042026_080804.xml,nonDerivative,2026-08-03,S,Class A common stock,1800,199.01,358218.0,8051229,D,Kurtz George,PRESIDENT AND CEO,true,true,false,PRESIDENT AND CEO,SEC EDGAR
CRWD|0001778564-26-000133|nonDerivative|2026-08-03|Kurtz George|S|Class A common stock|360|199.93|D,2026-08-06 03:29:58+0000,CRWD,"CrowdStrike Holdings, Inc.",0001535527,4,2026-08-04,2026-08-03,0001778564-26-000133,https://www.sec.gov/Archives/edgar/data/1535527/000177856426000133/form4-08042026_080804.xml,nonDerivative,2026-08-03,S,Class A common stock,360,199.93,71974.8,8050869,D,Kurtz George,PRESIDENT AND CEO,true,true,false,PRESIDENT AND CEO,SEC EDGAR
CRWD|0001778564-26-000133|nonDerivative|2026-08-03|Kurtz George|S|Class A common stock|802|201.26|D,2026-08-06 03:29:58+0000,CRWD,"CrowdStrike Holdings, Inc.",0001535527,4,2026-08-04,2026-08-03,0001778564-26-000133,https://www.sec.gov/Archives/edgar/data/1535527/000177856426000133/form4-08042026_080804.xml,nonDerivative,2026-08-03,S,Class A common stock,802,201.26,161410.52,8050067,D,Kurtz George,PRESIDENT AND CEO,true,true,false,PRESIDENT AND CEO,SEC EDGAR
CRWD|0001778564-26-000133|nonDerivative|2026-08-03|Kurtz George|S|Class A common stock|3555|202.27|D,2026-08-06 03:29:58+0000,CRWD,"CrowdStrike Holdings, Inc.",0001535527,4,2026-08-04,2026-08-03,0001778564-26-000133,https://www.sec.gov/Archives/edgar/data/1535527/000177856426000133/form4-08042026_080804.xml,nonDerivative,2026-08-03,S,Class A common stock,3555,202.27,719069.8500000001,8046512,D,Kurtz George,PRESIDENT AND CEO,true,true,false,PRESIDENT AND CEO,SEC EDGAR
CRWD|0001778564-26-000133|nonDerivative|2026-08-03|Kurtz George|S|Class A common stock|493|202.79|D,2026-08-06 03:29:58+0000,CRWD,"CrowdStrike Holdings, Inc.",0001535527,4,2026-08-04,2026-08-03,0001778564-26-000133,https://www.sec.gov/Archives/edgar/data/1535527/000177856426000133/form4-08042026_080804.xml,nonDerivative,2026-08-03,S,Class A common stock,493,202.79,99975.47,8046019,D,Kurtz George,PRESIDENT AND CEO,true,true,false,PRESIDENT AND CEO,SEC EDGAR
COR|0001765744-26-000008|nonDerivative|2026-07-31|Tyler Lauren M|A|Common Stock|97|311.34|D,2026-08-06 03:29:58+0000,COR,"Cencora, Inc.",0001140859,4,2026-08-04,2026-07-31,0001765744-26-000008,https://www.sec.gov/Archives/edgar/data/1140859/000176574426000008/wk-form4_1785875603.xml,nonDerivative,2026-07-31,A,Common Stock,97,311.34,30199.979999999996,4456,D,Tyler Lauren M,Director,1,0,0,,SEC EDGAR
COR|0001685596-26-000006|nonDerivative|2026-07-31|NALLY DENNIS M|A|Common Stock|113|311.34|D,2026-08-06 03:29:58+0000,COR,"Cencora, Inc.",0001140859,4,2026-08-04,2026-07-31,0001685596-26-000006,https://www.sec.gov/Archives/edgar/data/1140859/000168559626000006/wk-form4_1785875711.xml,nonDerivative,2026-07-31,A,Common Stock,113,311.34,35181.42,13188,D,NALLY DENNIS M,Director,1,0,0,,SEC EDGAR
COR|0001555614-26-000008|nonDerivative|2026-07-31|Cooper Ellen|A|Common Stock|97|311.34|D,2026-08-06 03:29:58+0000,COR,"Cencora, Inc.",0001140859,4,2026-08-04,2026-07-31,0001555614-26-000008,https://www.sec.gov/Archives/edgar/data/1140859/000155561426000008/wk-form4_1785875659.xml,nonDerivative,2026-07-31,A,Common Stock,97,311.34,30199.979999999996,893,D,Cooper Ellen,Director,1,0,0,,SEC EDGAR
COF|0001938196-26-000012|nonDerivative|2026-08-03|Mouadeb Mark Daniel|S|Common Stock|690|215|D,2026-08-06 03:29:58+0000,COF,CAPITAL ONE FINANCIAL CORP,0000927628,4,2026-08-04,2026-08-03,0001938196-26-000012,https://www.sec.gov/Archives/edgar/data/927628/000193819626000012/wk-form4_1785875053.xml,nonDerivative,2026-08-03,S,Common Stock,690,215,148350.0,51514,D,Mouadeb Mark Daniel,"Officer, President,  Card",0,1,0,"President,  Card",SEC EDGAR
COF|0001982604-26-000011|nonDerivative|2026-08-01|Hanson Jason P.|M|Common Stock|2014||D,2026-08-06 03:29:58+0000,COF,CAPITAL ONE FINANCIAL CORP,0000927628,4,2026-08-04,2026-08-01,0001982604-26-000011,https://www.sec.gov/Archives/edgar/data/927628/000198260426000011/wk-form4_1785876387.xml,nonDerivative,2026-08-01,M,Common Stock,2014,,,42244,D,Hanson Jason P.,"Officer, Pres.- Global Payment Network",0,1,0,Pres.- Global Payment Network,SEC EDGAR
COF|0001982604-26-000011|nonDerivative|2026-08-01|Hanson Jason P.|F|Common Stock|893|209.01|D,2026-08-06 03:29:58+0000,COF,CAPITAL ONE FINANCIAL CORP,0000927628,4,2026-08-04,2026-08-01,0001982604-26-000011,https://www.sec.gov/Archives/edgar/data/927628/000198260426000011/wk-form4_1785876387.xml,nonDerivative,2026-08-01,F,Common Stock,893,209.01,186645.93,41351,D,Hanson Jason P.,"Officer, Pres.- Global Payment Network",0,1,0,Pres.- Global Payment Network,SEC EDGAR
COF|0001982604-26-000011|derivative|2026-08-01|Hanson Jason P.|M|Restricted Stock Units|2014|0|D,2026-08-06 03:29:58+0000,COF,CAPITAL ONE FINANCIAL CORP,0000927628,4,2026-08-04,2026-08-01,0001982604-26-000011,https://www.sec.gov/Archives/edgar/data/927628/000198260426000011/wk-form4_1785876387.xml,derivative,2026-08-01,M,Restricted Stock Units,2014,0,0.0,0,D,Hanson Jason P.,"Officer, Pres.- Global Payment Network",0,1,0,Pres.- Global Payment Network,SEC EDGAR
CINF|0001820994-26-000008|nonDerivative|2026-08-03|Schiff Charles Odell|S|Common Stock|7600.00|175.4036|I,2026-08-06 03:29:58+0000,CINF,CINCINNATI FINANCIAL CORP,0000020286,4,2026-08-04,2026-08-03,0001820994-26-000008,https://www.sec.gov/Archives/edgar/data/20286/000182099426000008/primarydocument.xml,nonDerivative,2026-08-03,S,Common Stock,7600.00,175.4036,1333067.36,173455.00,I,Schiff Charles Odell,,true,false,false,,SEC EDGAR
CIEN|0001032553-26-000033|nonDerivative|2026-08-03|SMITH GARY B|S|Common Stock|2952|379.8144|D,2026-08-06 03:29:58+0000,CIEN,CIENA CORP,0000936395,4,2026-08-04,2026-08-03,0001032553-26-000033,https://www.sec.gov/Archives/edgar/data/936395/000103255326000033/edgardoc.xml,nonDerivative,2026-08-03,S,Common Stock,2952,379.8144,1121212.1088,248982,D,SMITH GARY B,"Director, Officer, President, CEO",1,1,0,"President, CEO",SEC EDGAR
CIEN|0002080157-26-000008|nonDerivative|2026-08-01|Graff Marc D.|F|Common Stock|14441|377.05|D,2026-08-06 03:29:58+0000,CIEN,CIENA CORP,0000936395,4,2026-08-04,2026-08-01,0002080157-26-000008,https://www.sec.gov/Archives/edgar/data/936395/000208015726000008/edgardoc.xml,nonDerivative,2026-08-01,F,Common Stock,14441,377.05,5444979.05,112514,D,Graff Marc D.,"Officer, SVP & Chief Financial Officer",0,1,0,SVP & Chief Financial Officer,SEC EDGAR
BX|0001193125-26-332966|nonDerivative|2026-07-31|Blackstone Holdings II L.P.|C|Class A Common Stock|6593919||I,2026-08-06 03:29:58+0000,BX,Blackstone Inc.,0001393818,4,2026-08-04,2026-07-31,0001193125-26-332966,https://www.sec.gov/Archives/edgar/data/1393818/000119312526332966/ownership.xml,nonDerivative,2026-07-31,C,Class A Common Stock,6593919,,,6737618,I,Blackstone Holdings II L.P.,,false,false,true,,SEC EDGAR
BX|0001193125-26-332966|nonDerivative|2026-07-31|Blackstone Holdings II L.P.|S|Class A Common Stock|6593919|21.85|I,2026-08-06 03:29:58+0000,BX,Blackstone Inc.,0001393818,4,2026-08-04,2026-07-31,0001193125-26-332966,https://www.sec.gov/Archives/edgar/data/1393818/000119312526332966/ownership.xml,nonDerivative,2026-07-31,S,Class A Common Stock,6593919,21.85,144077130.15,143699,I,Blackstone Holdings II L.P.,,false,false,true,,SEC EDGAR
BX|0001193125-26-332966|nonDerivative|2026-07-31|Blackstone Holdings II L.P.|S|Class A Common Stock|23101733|21.85|I,2026-08-06 03:29:58+0000,BX,Blackstone Inc.,0001393818,4,2026-08-04,2026-07-31,0001193125-26-332966,https://www.sec.gov/Archives/edgar/data/1393818/000119312526332966/ownership.xml,nonDerivative,2026-07-31,S,Class A Common Stock,23101733,21.85,504772866.05,189138535,I,Blackstone Holdings II L.P.,,false,false,true,,SEC EDGAR
BX|0001193125-26-332966|nonDerivative|2026-07-31|Blackstone Holdings II L.P.|J|Class B Common Stock|6593919||I,2026-08-06 03:29:58+0000,BX,Blackstone Inc.,0001393818,4,2026-08-04,2026-07-31,0001193125-26-332966,https://www.sec.gov/Archives/edgar/data/1393818/000119312526332966/ownership.xml,nonDerivative,2026-07-31,J,Class B Common Stock,6593919,,,53842047,I,Blackstone Holdings II L.P.,,false,false,true,,SEC EDGAR
"BX|0001193125-26-332966|derivative|2026-07-31|Blackstone Holdings II L.P.|C|Common Units of Jersey Mike's HoldCo, LLC|6593919|0|I",2026-08-06 03:29:58+0000,BX,Blackstone Inc.,0001393818,4,2026-08-04,2026-07-31,0001193125-26-332966,https://www.sec.gov/Archives/edgar/data/1393818/000119312526332966/ownership.xml,derivative,2026-07-31,C,"Common Units of Jersey Mike's HoldCo, LLC",6593919,0,0.0,53842047,I,Blackstone Holdings II L.P.,,false,false,true,,SEC EDGAR
BRK-B|0001193125-26-333151|nonDerivative|2026-07-31|BERKSHIRE HATHAWAY INC|S|Common Stock|182980|199.548|I,2026-08-06 03:29:58+0000,BRK-B,BERKSHIRE HATHAWAY INC,0001067983,4,2026-08-04,2026-07-31,0001193125-26-333151,https://www.sec.gov/Archives/edgar/data/1067983/000119312526333151/ownership.xml,nonDerivative,2026-07-31,S,Common Stock,182980,199.548,36513293.04,28697229,I,BERKSHIRE HATHAWAY INC,,false,false,true,,SEC EDGAR
"BMY|0002080176-26-000004|nonDerivative|2026-08-01|Massacesi Cristian|M|Common Stock, $0.10 par value|51172|0|D",2026-08-06 03:29:58+0000,BMY,BRISTOL MYERS SQUIBB CO,0000014272,4,2026-08-04,2026-08-01,0002080176-26-000004,https://www.sec.gov/Archives/edgar/data/14272/000208017626000004/wk-form4_1785874216.xml,nonDerivative,2026-08-01,M,"Common Stock, $0.10 par value",51172,0,0.0,51172,D,Massacesi Cristian,"Officer, EVP,Chief Med Offr,Head of Dev",0,1,0,"EVP,Chief Med Offr,Head of Dev",SEC EDGAR
"BMY|0002080176-26-000004|nonDerivative|2026-08-01|Massacesi Cristian|F|Common Stock, $0.10 par value|26175|65.31|D",2026-08-06 03:29:58+0000,BMY,BRISTOL MYERS SQUIBB CO,0000014272,4,2026-08-04,2026-08-01,0002080176-26-000004,https://www.sec.gov/Archives/edgar/data/14272/000208017626000004/wk-form4_1785874216.xml,nonDerivative,2026-08-01,F,"Common Stock, $0.10 par value",26175,65.31,1709489.25,24997,D,Massacesi Cristian,"Officer, EVP,Chief Med Offr,Head of Dev",0,1,0,"EVP,Chief Med Offr,Head of Dev",SEC EDGAR
BMY|0002080176-26-000004|derivative|2026-08-01|Massacesi Cristian|M|Restricted Stock Units|51172|0|D,2026-08-06 03:29:58+0000,BMY,BRISTOL MYERS SQUIBB CO,0000014272,4,2026-08-04,2026-08-01,0002080176-26-000004,https://www.sec.gov/Archives/edgar/data/14272/000208017626000004/wk-form4_1785874216.xml,derivative,2026-08-01,M,Restricted Stock Units,51172,0,0.0,153519,D,Massacesi Cristian,"Officer, EVP,Chief Med Offr,Head of Dev",0,1,0,"EVP,Chief Med Offr,Head of Dev",SEC EDGAR
"BMY|0001995058-26-000005|nonDerivative|2026-08-01|Gallman Cari|M|Common Stock, $0.10 par value|1061|0|D",2026-08-06 03:29:58+0000,BMY,BRISTOL MYERS SQUIBB CO,0000014272,4,2026-08-04,2026-08-01,0001995058-26-000005,https://www.sec.gov/Archives/edgar/data/14272/000199505826000005/wk-form4_1785874049.xml,nonDerivative,2026-08-01,M,"Common Stock, $0.10 par value",1061,0,0.0,14192,D,Gallman Cari,"Officer, EVP, General Counsel",0,1,0,"EVP, General Counsel",SEC EDGAR
"BMY|0001995058-26-000005|nonDerivative|2026-08-01|Gallman Cari|F|Common Stock, $0.10 par value|543|65.31|D",2026-08-06 03:29:58+0000,BMY,BRISTOL MYERS SQUIBB CO,0000014272,4,2026-08-04,2026-08-01,0001995058-26-000005,https://www.sec.gov/Archives/edgar/data/14272/000199505826000005/wk-form4_1785874049.xml,nonDerivative,2026-08-01,F,"Common Stock, $0.10 par value",543,65.31,35463.33,13649,D,Gallman Cari,"Officer, EVP, General Counsel",0,1,0,"EVP, General Counsel",SEC EDGAR
BMY|0001995058-26-000005|derivative|2026-08-01|Gallman Cari|M|Restricted Stock Units|1061|0|D,2026-08-06 03:29:58+0000,BMY,BRISTOL MYERS SQUIBB CO,0000014272,4,2026-08-04,2026-08-01,0001995058-26-000005,https://www.sec.gov/Archives/edgar/data/14272/000199505826000005/wk-form4_1785874049.xml,derivative,2026-08-01,M,Restricted Stock Units,1061,0,0.0,0,D,Gallman Cari,"Officer, EVP, General Counsel",0,1,0,"EVP, General Counsel",SEC EDGAR
BG|0001628280-26-052580|nonDerivative|2026-07-31|Mahoney Christopher|P|Common Stock|5000|105.53|D,2026-08-06 03:29:58+0000,BG,Bunge Global SA,0001996862,4,2026-08-04,2026-07-31,0001628280-26-052580,https://www.sec.gov/Archives/edgar/data/1996862/000162828026052580/wk-form4_1785874416.xml,nonDerivative,2026-07-31,P,Common Stock,5000,105.53,527650.0,13320,D,Mahoney Christopher,Director,1,0,0,,SEC EDGAR
BG|0001628280-26-052580|nonDerivative|2026-08-04|Mahoney Christopher|P|Common Stock|1500|107.60|D,2026-08-06 03:29:58+0000,BG,Bunge Global SA,0001996862,4,2026-08-04,2026-07-31,0001628280-26-052580,https://www.sec.gov/Archives/edgar/data/1996862/000162828026052580/wk-form4_1785874416.xml,nonDerivative,2026-08-04,P,Common Stock,1500,107.60,161400.0,14820,D,Mahoney Christopher,Director,1,0,0,,SEC EDGAR
BAC|0000070858-26-000409|nonDerivative|2026-08-03|BANK OF AMERICA CORP /DE/|P|COMMON STOCK|7|10.195|I,2026-08-06 03:29:58+0000,BAC,BANK OF AMERICA CORP /DE/,0000070858,4,2026-08-04,2026-07-31,0000070858-26-000409,https://www.sec.gov/Archives/edgar/data/70858/000007085826000409/primary_doc.xml,nonDerivative,2026-08-03,P,COMMON STOCK,7,10.195,71.36500000000001,7,I,BANK OF AMERICA CORP /DE/,10% Owner,0,0,1,,SEC EDGAR
BAC|0000070858-26-000409|nonDerivative|2026-08-03|BANK OF AMERICA CORP /DE/|P|COMMON STOCK|14|10.2143|I,2026-08-06 03:29:58+0000,BAC,BANK OF AMERICA CORP /DE/,0000070858,4,2026-08-04,2026-07-31,0000070858-26-000409,https://www.sec.gov/Archives/edgar/data/70858/000007085826000409/primary_doc.xml,nonDerivative,2026-08-03,P,COMMON STOCK,14,10.2143,143.0002,21,I,BANK OF AMERICA CORP /DE/,10% Owner,0,0,1,,SEC EDGAR
BAC|0000070858-26-000409|nonDerivative|2026-08-03|BANK OF AMERICA CORP /DE/|P|COMMON STOCK|10|10.2143|I,2026-08-06 03:29:58+0000,BAC,BANK OF AMERICA CORP /DE/,0000070858,4,2026-08-04,2026-07-31,0000070858-26-000409,https://www.sec.gov/Archives/edgar/data/70858/000007085826000409/primary_doc.xml,nonDerivative,2026-08-03,P,COMMON STOCK,10,10.2143,102.143,31,I,BANK OF AMERICA CORP /DE/,10% Owner,0,0,1,,SEC EDGAR
BAC|0000070858-26-000409|nonDerivative|2026-08-03|BANK OF AMERICA CORP /DE/|P|COMMON STOCK|5|10.22|I,2026-08-06 03:29:58+0000,BAC,BANK OF AMERICA CORP /DE/,0000070858,4,2026-08-04,2026-07-31,0000070858-26-000409,https://www.sec.gov/Archives/edgar/data/70858/000007085826000409/primary_doc.xml,nonDerivative,2026-08-03,P,COMMON STOCK,5,10.22,51.1,36,I,BANK OF AMERICA CORP /DE/,10% Owner,0,0,1,,SEC EDGAR
BAC|0000070858-26-000409|nonDerivative|2026-08-03|BANK OF AMERICA CORP /DE/|S|COMMON STOCK|7|10.3237|I,2026-08-06 03:29:58+0000,BAC,BANK OF AMERICA CORP /DE/,0000070858,4,2026-08-04,2026-07-31,0000070858-26-000409,https://www.sec.gov/Archives/edgar/data/70858/000007085826000409/primary_doc.xml,nonDerivative,2026-08-03,S,COMMON STOCK,7,10.3237,72.2659,29,I,BANK OF AMERICA CORP /DE/,10% Owner,0,0,1,,SEC EDGAR
BAC|0000070858-26-000409|nonDerivative|2026-08-03|BANK OF AMERICA CORP /DE/|S|COMMON STOCK|14|10.2412|I,2026-08-06 03:29:58+0000,BAC,BANK OF AMERICA CORP /DE/,0000070858,4,2026-08-04,2026-07-31,0000070858-26-000409,https://www.sec.gov/Archives/edgar/data/70858/000007085826000409/primary_doc.xml,nonDerivative,2026-08-03,S,COMMON STOCK,14,10.2412,143.3768,15,I,BANK OF AMERICA CORP /DE/,10% Owner,0,0,1,,SEC EDGAR
BAC|0000070858-26-000409|nonDerivative|2026-08-03|BANK OF AMERICA CORP /DE/|S|COMMON STOCK|10|10.2301|I,2026-08-06 03:29:58+0000,BAC,BANK OF AMERICA CORP /DE/,0000070858,4,2026-08-04,2026-07-31,0000070858-26-000409,https://www.sec.gov/Archives/edgar/data/70858/000007085826000409/primary_doc.xml,nonDerivative,2026-08-03,S,COMMON STOCK,10,10.2301,102.301,5,I,BANK OF AMERICA CORP /DE/,10% Owner,0,0,1,,SEC EDGAR
BAC|0000070858-26-000409|nonDerivative|2026-07-31|BANK OF AMERICA CORP /DE/|S|COMMON STOCK|5|10.325|I,2026-08-06 03:29:58+0000,BAC,BANK OF AMERICA CORP /DE/,0000070858,4,2026-08-04,2026-07-31,0000070858-26-000409,https://www.sec.gov/Archives/edgar/data/70858/000007085826000409/primary_doc.xml,nonDerivative,2026-07-31,S,COMMON STOCK,5,10.325,51.625,0,I,BANK OF AMERICA CORP /DE/,10% Owner,0,0,1,,SEC EDGAR
"AVB|0001193125-26-333043|nonDerivative|2026-08-01|Thomas Pamela Rogers|F|Common Stock, par value $.01 per share|480|185.61|D",2026-08-06 03:29:58+0000,AVB,AVALONBAY COMMUNITIES INC,0000915912,4,2026-08-04,2026-08-01,0001193125-26-333043,https://www.sec.gov/Archives/edgar/data/915912/000119312526333043/ownership.xml,nonDerivative,2026-08-01,F,"Common Stock, par value $.01 per share",480,185.61,89092.8,10318,D,Thomas Pamela Rogers,Executive Vice President,false,true,false,Executive Vice President,SEC EDGAR
ARE|0001545076-26-000024|nonDerivative|2026-07-31|Moglia Peter M|F|Common Stock|1068|51.45|D,2026-08-06 03:29:58+0000,ARE,"ALEXANDRIA REAL ESTATE EQUITIES, INC.",0001035443,4,2026-08-04,2026-07-31,0001545076-26-000024,https://www.sec.gov/Archives/edgar/data/1035443/000154507626000024/wk-form4_1785875834.xml,nonDerivative,2026-07-31,F,Common Stock,1068,51.45,54948.600000000006,373022,D,Moglia Peter M,"Officer, Chief Executive Officer",0,1,0,Chief Executive Officer,SEC EDGAR
ALLE|0001817149-26-000011|nonDerivative|2026-08-01|Stone John H|F|Ordinary Shares|11292|156.73|D,2026-08-06 03:29:58+0000,ALLE,Allegion plc,0001579241,4,2026-08-04,2026-08-01,0001817149-26-000011,https://www.sec.gov/Archives/edgar/data/1579241/000181714926000011/wk-form4_1785874405.xml,nonDerivative,2026-08-01,F,Ordinary Shares,11292,156.73,1769795.16,136161,D,Stone John H,"Director, Officer, President and CEO",1,1,0,President and CEO,SEC EDGAR
ADP|0001225208-26-006922|nonDerivative|2026-07-31|Kwon David|M|Common Stock|250.0000|138.5300|D,2026-08-06 03:29:58+0000,ADP,AUTOMATIC DATA PROCESSING INC,0000008670,4,2026-08-04,2026-07-31,0001225208-26-006922,https://www.sec.gov/Archives/edgar/data/8670/000122520826006922/doc4.xml,nonDerivative,2026-07-31,M,Common Stock,250.0000,138.5300,34632.5,9909.5530,D,Kwon David,"Officer, Corp VP",,1,,Corp VP,SEC EDGAR
ADP|0001225208-26-006922|derivative|2026-07-31|Kwon David|M|Stock Option (Right to Buy)|250.0000|138.5300|D,2026-08-06 03:29:58+0000,ADP,AUTOMATIC DATA PROCESSING INC,0000008670,4,2026-08-04,2026-07-31,0001225208-26-006922,https://www.sec.gov/Archives/edgar/data/8670/000122520826006922/doc4.xml,derivative,2026-07-31,M,Stock Option (Right to Buy),250.0000,138.5300,34632.5,1137.0000,D,Kwon David,"Officer, Corp VP",,1,,Corp VP,SEC EDGAR
ADI|0000006281-26-000066|nonDerivative|2026-08-03|ROCHE VINCENT|M|Comm Stock - $.16-2/3 value|10000|108.08|D,2026-08-06 03:29:58+0000,ADI,ANALOG DEVICES INC,0000006281,4,2026-08-04,2026-08-03,0000006281-26-000066,https://www.sec.gov/Archives/edgar/data/6281/000000628126000066/wk-form4_1785877404.xml,nonDerivative,2026-08-03,M,Comm Stock - $.16-2/3 value,10000,108.08,1080800.0,147537.875,D,ROCHE VINCENT,"Director, Officer, Chair & CEO",1,1,0,Chair & CEO,SEC EDGAR
ADI|0000006281-26-000066|nonDerivative|2026-08-03|ROCHE VINCENT|S|Comm Stock - $.16-2/3 value|10000|363|D,2026-08-06 03:29:58+0000,ADI,ANALOG DEVICES INC,0000006281,4,2026-08-04,2026-08-03,0000006281-26-000066,https://www.sec.gov/Archives/edgar/data/6281/000000628126000066/wk-form4_1785877404.xml,nonDerivative,2026-08-03,S,Comm Stock - $.16-2/3 value,10000,363,3630000.0,137537.875,D,ROCHE VINCENT,"Director, Officer, Chair & CEO",1,1,0,Chair & CEO,SEC EDGAR
ADI|0000006281-26-000066|derivative|2026-08-03|ROCHE VINCENT|M|Non-Qualified Stock Option (right to buy)|10000|108.08|D,2026-08-06 03:29:58+0000,ADI,ANALOG DEVICES INC,0000006281,4,2026-08-04,2026-08-03,0000006281-26-000066,https://www.sec.gov/Archives/edgar/data/6281/000000628126000066/wk-form4_1785877404.xml,derivative,2026-08-03,M,Non-Qualified Stock Option (right to buy),10000,108.08,1080800.0,70803,D,ROCHE VINCENT,"Director, Officer, Chair & CEO",1,1,0,Chair & CEO,SEC EDGAR
YUM|0001041061-26-000151|nonDerivative|2026-08-03|Turner Christopher Lee|S|Common Stock|261|153.15|D,2026-08-06 03:29:58+0000,YUM,YUM BRANDS INC,0001041061,4,2026-08-03,2026-08-03,0001041061-26-000151,https://www.sec.gov/Archives/edgar/data/1041061/000104106126000151/form4.xml,nonDerivative,2026-08-03,S,Common Stock,261,153.15,39972.15,63770.66,D,Turner Christopher Lee,"Director, Officer, Chief Executive Officer",1,1,,Chief Executive Officer,SEC EDGAR
YUM|0001041061-26-000153|nonDerivative|2026-08-03|Mezvinsky Scott|M|Common Stock|483|68.00|D,2026-08-06 03:29:58+0000,YUM,YUM BRANDS INC,0001041061,4,2026-08-03,2026-08-03,0001041061-26-000153,https://www.sec.gov/Archives/edgar/data/1041061/000104106126000153/form4.xml,nonDerivative,2026-08-03,M,Common Stock,483,68.00,32844.0,483,D,Mezvinsky Scott,"Officer, KFC Division CEO",,1,,KFC Division CEO,SEC EDGAR
YUM|0001041061-26-000153|nonDerivative|2026-08-03|Mezvinsky Scott|D|Common Stock|215|153.28|D,2026-08-06 03:29:58+0000,YUM,YUM BRANDS INC,0001041061,4,2026-08-03,2026-08-03,0001041061-26-000153,https://www.sec.gov/Archives/edgar/data/1041061/000104106126000153/form4.xml,nonDerivative,2026-08-03,D,Common Stock,215,153.28,32955.2,268,D,Mezvinsky Scott,"Officer, KFC Division CEO",,1,,KFC Division CEO,SEC EDGAR
YUM|0001041061-26-000153|nonDerivative|2026-08-03|Mezvinsky Scott|S|Common Stock|268|153.15|D,2026-08-06 03:29:58+0000,YUM,YUM BRANDS INC,0001041061,4,2026-08-03,2026-08-03,0001041061-26-000153,https://www.sec.gov/Archives/edgar/data/1041061/000104106126000153/form4.xml,nonDerivative,2026-08-03,S,Common Stock,268,153.15,41044.200000000004,0,D,Mezvinsky Scott,"Officer, KFC Division CEO",,1,,KFC Division CEO,SEC EDGAR
YUM|0001041061-26-000153|derivative|2026-08-03|Mezvinsky Scott|M|Stock Appreciation Right|483|0|D,2026-08-06 03:29:58+0000,YUM,YUM BRANDS INC,0001041061,4,2026-08-03,2026-08-03,0001041061-26-000153,https://www.sec.gov/Archives/edgar/data/1041061/000104106126000153/form4.xml,derivative,2026-08-03,M,Stock Appreciation Right,483,0,0.0,2410,D,Mezvinsky Scott,"Officer, KFC Division CEO",,1,,KFC Division CEO,SEC EDGAR
XYZ|0001628280-26-051998|nonDerivative|2026-07-30|Eisen Anthony Mathew|S|Class A  Common Stock|6000|81.17|D,2026-08-06 03:29:58+0000,XYZ,"Block, Inc.",0001512673,4,2026-08-03,2026-07-30,0001628280-26-051998,https://www.sec.gov/Archives/edgar/data/1512673/000162828026051998/wk-form4_1785793083.xml,nonDerivative,2026-07-30,S,Class A  Common Stock,6000,81.17,487020.0,1625672,D,Eisen Anthony Mathew,Director,1,0,0,,SEC EDGAR
XYZ|0001628280-26-051998|nonDerivative|2026-07-31|Eisen Anthony Mathew|S|Class A  Common Stock|6000|82.27|D,2026-08-06 03:29:58+0000,XYZ,"Block, Inc.",0001512673,4,2026-08-03,2026-07-30,0001628280-26-051998,https://www.sec.gov/Archives/edgar/data/1512673/000162828026051998/wk-form4_1785793083.xml,nonDerivative,2026-07-31,S,Class A  Common Stock,6000,82.27,493620.0,1619672,D,Eisen Anthony Mathew,Director,1,0,0,,SEC EDGAR
XYZ|0001628280-26-051998|nonDerivative|2026-08-03|Eisen Anthony Mathew|S|Class A  Common Stock|6000|81.52|D,2026-08-06 03:29:58+0000,XYZ,"Block, Inc.",0001512673,4,2026-08-03,2026-07-30,0001628280-26-051998,https://www.sec.gov/Archives/edgar/data/1512673/000162828026051998/wk-form4_1785793083.xml,nonDerivative,2026-08-03,S,Class A  Common Stock,6000,81.52,489120.0,1613672,D,Eisen Anthony Mathew,Director,1,0,0,,SEC EDGAR
VZ|0002111103-26-000031|derivative|2026-07-30|Villanueva Rodriguez Alfonso|A|Phantom Stock (unitized)|79.477|13.16|I,2026-08-06 03:29:58+0000,VZ,VERIZON COMMUNICATIONS INC,0000732712,4,2026-08-03,2026-07-30,0002111103-26-000031,https://www.sec.gov/Archives/edgar/data/732712/000211110326000031/wk-form4_1785775385.xml,derivative,2026-07-30,A,Phantom Stock (unitized),79.477,13.16,1045.91732,6739.192,I,Villanueva Rodriguez Alfonso,"Officer, EVP and Group CEO-VZ Consumer",0,1,0,EVP and Group CEO-VZ Consumer,SEC EDGAR
VZ|0001950027-26-000040|derivative|2026-07-30|Venkatesh Vandana|A|Phantom Stock (unitized)|97.008|13.16|I,2026-08-06 03:29:58+0000,VZ,VERIZON COMMUNICATIONS INC,0000732712,4,2026-08-03,2026-07-30,0001950027-26-000040,https://www.sec.gov/Archives/edgar/data/732712/000195002726000040/wk-form4_1785775342.xml,derivative,2026-07-30,A,Phantom Stock (unitized),97.008,13.16,1276.62528,56906.604,I,Venkatesh Vandana,"Officer, EVP and Chief Legal Officer",0,1,0,EVP and Chief Legal Officer,SEC EDGAR
VZ|0001750052-26-000040|derivative|2026-07-30|Stillwell Mary-Lee|A|Phantom Stock (unitized)|44.414|13.16|I,2026-08-06 03:29:58+0000,VZ,VERIZON COMMUNICATIONS INC,0000732712,4,2026-08-03,2026-07-30,0001750052-26-000040,https://www.sec.gov/Archives/edgar/data/732712/000175005226000040/wk-form4_1785775296.xml,derivative,2026-07-30,A,Phantom Stock (unitized),44.414,13.16,584.48824,16771.864,I,Stillwell Mary-Lee,"Officer, SVP and Controller",0,1,0,SVP and Controller,SEC EDGAR
VZ|0001578926-26-000038|derivative|2026-07-30|Skiadas Anthony T|A|Phantom Stock (unitized)|132.072|13.16|I,2026-08-06 03:29:58+0000,VZ,VERIZON COMMUNICATIONS INC,0000732712,4,2026-08-03,2026-07-30,0001578926-26-000038,https://www.sec.gov/Archives/edgar/data/732712/000157892626000038/wk-form4_1785775255.xml,derivative,2026-07-30,A,Phantom Stock (unitized),132.072,13.16,1738.06752,144602.053,I,Skiadas Anthony T,"Officer, EVP and CFO",0,1,0,EVP and CFO,SEC EDGAR
VZ|0001215315-26-000034|derivative|2026-07-30|SCHULMAN DANIEL H|A|Phantom Stock (unitized)|202.199|13.16|I,2026-08-06 03:29:58+0000,VZ,VERIZON COMMUNICATIONS INC,0000732712,4,2026-08-03,2026-07-30,0001215315-26-000034,https://www.sec.gov/Archives/edgar/data/732712/000121531526000034/wk-form4_1785775063.xml,derivative,2026-07-30,A,Phantom Stock (unitized),202.199,13.16,2660.9388400000003,8717.272,I,SCHULMAN DANIEL H,"Director, Officer, CEO",1,1,0,CEO,SEC EDGAR
VZ|0001968243-26-000042|derivative|2026-07-30|Russo Joseph J.|A|Phantom Stock (unitized)|83.86|13.16|I,2026-08-06 03:29:58+0000,VZ,VERIZON COMMUNICATIONS INC,0000732712,4,2026-08-03,2026-07-30,0001968243-26-000042,https://www.sec.gov/Archives/edgar/data/732712/000196824326000042/wk-form4_1785775124.xml,derivative,2026-07-30,A,Phantom Stock (unitized),83.86,13.16,1103.5976,83481.068,I,Russo Joseph J.,"Officer, EVP&Pres-Global Networks&Tech",0,1,0,EVP&Pres-Global Networks&Tech,SEC EDGAR
VZ|0001760581-26-000040|derivative|2026-07-30|Malady Kyle|A|Phantom Stock (unitized)|132.072|13.16|I,2026-08-06 03:29:58+0000,VZ,VERIZON COMMUNICATIONS INC,0000732712,4,2026-08-03,2026-07-30,0001760581-26-000040,https://www.sec.gov/Archives/edgar/data/732712/000176058126000040/wk-form4_1785775186.xml,derivative,2026-07-30,A,Phantom Stock (unitized),132.072,13.16,1738.06752,417826.56,I,Malady Kyle,"Officer, EVP and Group CEO-VZ Business",0,1,0,EVP and Group CEO-VZ Business,SEC EDGAR
VRSK|0001193125-26-330642|nonDerivative|2026-08-03|Shavel Lee|M|Common Stock|3535|104.00|D,2026-08-06 03:29:58+0000,VRSK,"Verisk Analytics, Inc.",0001442145,4,2026-08-03,2026-08-03,0001193125-26-330642,https://www.sec.gov/Archives/edgar/data/1442145/000119312526330642/ownership.xml,nonDerivative,2026-08-03,M,Common Stock,3535,104.00,367640.0,102025,D,Shavel Lee,Chief Executive Officer,true,true,false,Chief Executive Officer,SEC EDGAR
VRSK|0001193125-26-330642|nonDerivative|2026-08-03|Shavel Lee|S|Common Stock|3535|196.94|D,2026-08-06 03:29:58+0000,VRSK,"Verisk Analytics, Inc.",0001442145,4,2026-08-03,2026-08-03,0001193125-26-330642,https://www.sec.gov/Archives/edgar/data/1442145/000119312526330642/ownership.xml,nonDerivative,2026-08-03,S,Common Stock,3535,196.94,696182.9,98490,D,Shavel Lee,Chief Executive Officer,true,true,false,Chief Executive Officer,SEC EDGAR
VRSK|0001193125-26-330642|derivative|2026-08-03|Shavel Lee|M|Stock Option|3535|0|D,2026-08-06 03:29:58+0000,VRSK,"Verisk Analytics, Inc.",0001442145,4,2026-08-03,2026-08-03,0001193125-26-330642,https://www.sec.gov/Archives/edgar/data/1442145/000119312526330642/ownership.xml,derivative,2026-08-03,M,Stock Option,3535,0,0.0,14139,D,Shavel Lee,Chief Executive Officer,true,true,false,Chief Executive Officer,SEC EDGAR
TSN|0001628280-26-051623|derivative|2026-07-10|TYSON JOHN H|A|Restricted Stock Units|51876.188|0|D,2026-08-06 03:29:58+0000,TSN,"TYSON FOODS, INC.",0000100493,4/A,2026-08-03,2026-07-10,0001628280-26-051623,https://www.sec.gov/Archives/edgar/data/100493/000162828026051623/wk-form4a_1785772261.xml,derivative,2026-07-10,A,Restricted Stock Units,51876.188,0,0.0,51876.188,D,TYSON JOHN H,"Director, Officer, Chairman of the Board",1,1,0,Chairman of the Board,SEC EDGAR
TPL|0001437749-26-025384|nonDerivative|2026-07-31|HORIZON KINETICS ASSET MANAGEMENT LLC|P|Common Stock|1|400.09|D,2026-08-06 03:29:58+0000,TPL,Texas Pacific Land Corp,0001811074,4,2026-08-03,2026-07-31,0001437749-26-025384,https://www.sec.gov/Archives/edgar/data/1811074/000143774926025384/rdgdoc.xml,nonDerivative,2026-07-31,P,Common Stock,1,400.09,400.09,3263688,D,HORIZON KINETICS ASSET MANAGEMENT LLC,10% Owner,,,1,,SEC EDGAR
STX|0001137789-26-000156|nonDerivative|2026-07-30|Lee James CI|S|Ordinary Shares|694|877.45|D,2026-08-06 03:29:58+0000,STX,Seagate Technology Holdings plc,0001137789,4,2026-08-03,2026-07-30,0001137789-26-000156,https://www.sec.gov/Archives/edgar/data/1137789/000113778926000156/wk-form4_1785788075.xml,nonDerivative,2026-07-30,S,Ordinary Shares,694,877.45,608950.3,346.75,D,Lee James CI,"Officer, EVP & CLO",0,1,0,EVP & CLO,SEC EDGAR
RSG|0001060391-26-000268|nonDerivative|2026-07-31|Reynolds Margaret|M|Common Stock|680|0|D,2026-08-06 03:29:58+0000,RSG,"REPUBLIC SERVICES, INC.",0001060391,4,2026-08-03,2026-07-31,0001060391-26-000268,https://www.sec.gov/Archives/edgar/data/1060391/000106039126000268/wk-form4_1785804154.xml,nonDerivative,2026-07-31,M,Common Stock,680,0,0.0,717,D,Reynolds Margaret,Director,1,0,0,,SEC EDGAR
RSG|0001060391-26-000268|derivative|2026-07-31|Reynolds Margaret|M|Restricted Stock Units|680|0|D,2026-08-06 03:29:58+0000,RSG,"REPUBLIC SERVICES, INC.",0001060391,4,2026-08-03,2026-07-31,0001060391-26-000268,https://www.sec.gov/Archives/edgar/data/1060391/000106039126000268/wk-form4_1785804154.xml,derivative,2026-07-31,M,Restricted Stock Units,680,0,0.0,0,D,Reynolds Margaret,Director,1,0,0,,SEC EDGAR
RL|0000950142-26-002261|nonDerivative|2026-07-30|Zhang Wei|A|Class A Common Stock|458||D,2026-08-06 03:29:58+0000,RL,RALPH LAUREN CORP,0001037038,4,2026-08-03,2026-07-30,0000950142-26-002261,https://www.sec.gov/Archives/edgar/data/1037038/000095014226002261/es260815487_4-zhang.xml,nonDerivative,2026-07-30,A,Class A Common Stock,458,,,3363,D,Zhang Wei,Director,1,0,0,,SEC EDGAR
RL|0000950142-26-002260|nonDerivative|2026-07-30|Walker Darren|A|Class A Common Stock|458||D,2026-08-06 03:29:58+0000,RL,RALPH LAUREN CORP,0001037038,4,2026-08-03,2026-07-30,0000950142-26-002260,https://www.sec.gov/Archives/edgar/data/1037038/000095014226002260/es260815485_4-walker.xml,nonDerivative,2026-07-30,A,Class A Common Stock,458,,,8500,D,Walker Darren,Director,1,0,0,,SEC EDGAR
RL|0000950142-26-002259|nonDerivative|2026-07-30|JARRETT VALERIE B|A|Class A Common Stock|458||D,2026-08-06 03:29:58+0000,RL,RALPH LAUREN CORP,0001037038,4,2026-08-03,2026-07-30,0000950142-26-002259,https://www.sec.gov/Archives/edgar/data/1037038/000095014226002259/es260815484_4-jarrett.xml,nonDerivative,2026-07-30,A,Class A Common Stock,458,,,6544,D,JARRETT VALERIE B,Director,1,0,0,,SEC EDGAR
RL|0000950142-26-002258|nonDerivative|2026-07-30|GEORGE MICHAEL A|A|Class A Common Stock|458||D,2026-08-06 03:29:58+0000,RL,RALPH LAUREN CORP,0001037038,4,2026-08-03,2026-07-30,0000950142-26-002258,https://www.sec.gov/Archives/edgar/data/1037038/000095014226002258/es260815483_4-george.xml,nonDerivative,2026-07-30,A,Class A Common Stock,458,,,16606,D,GEORGE MICHAEL A,Director,1,0,0,,SEC EDGAR
RL|0000950142-26-002257|nonDerivative|2026-07-30|Findley Linda|A|Class A Common Stock|458||D,2026-08-06 03:29:58+0000,RL,RALPH LAUREN CORP,0001037038,4,2026-08-03,2026-07-30,0000950142-26-002257,https://www.sec.gov/Archives/edgar/data/1037038/000095014226002257/es260815482_4-findley.xml,nonDerivative,2026-07-30,A,Class A Common Stock,458,,,11021,D,Findley Linda,Director,1,0,0,,SEC EDGAR
RL|0000950142-26-002256|nonDerivative|2026-07-30|Cupp Debra S.|A|Class A Common Stock|458||D,2026-08-06 03:29:58+0000,RL,RALPH LAUREN CORP,0001037038,4,2026-08-03,2026-07-30,0000950142-26-002256,https://www.sec.gov/Archives/edgar/data/1037038/000095014226002256/es260815481_4-cupp.xml,nonDerivative,2026-07-30,A,Class A Common Stock,458,,,5032,D,Cupp Debra S.,Director,1,0,0,,SEC EDGAR
RL|0000950142-26-002255|nonDerivative|2026-07-30|Conde Cesar|A|Class A Common Stock|458||D,2026-08-06 03:29:58+0000,RL,RALPH LAUREN CORP,0001037038,4,2026-08-03,2026-07-30,0000950142-26-002255,https://www.sec.gov/Archives/edgar/data/1037038/000095014226002255/es260815480_4-conde.xml,nonDerivative,2026-07-30,A,Class A Common Stock,458,,,468,D,Conde Cesar,Director,1,0,0,,SEC EDGAR
RL|0000950142-26-002254|nonDerivative|2026-07-30|BENNACK FRANK A JR|A|Class A Common Stock|458||D,2026-08-06 03:29:58+0000,RL,RALPH LAUREN CORP,0001037038,4,2026-08-03,2026-07-30,0000950142-26-002254,https://www.sec.gov/Archives/edgar/data/1037038/000095014226002254/es260815479_4-bennack.xml,nonDerivative,2026-07-30,A,Class A Common Stock,458,,,32890,D,BENNACK FRANK A JR,Director,1,0,0,,SEC EDGAR
RL|0000950142-26-002253|nonDerivative|2026-07-30|AHRENDTS ANGELA J|A|Class A Common Stock|458||D,2026-08-06 03:29:58+0000,RL,RALPH LAUREN CORP,0001037038,4,2026-08-03,2026-07-30,0000950142-26-002253,https://www.sec.gov/Archives/edgar/data/1037038/000095014226002253/es260815478_4-ahrendts.xml,nonDerivative,2026-07-30,A,Class A Common Stock,458,,,11021,D,AHRENDTS ANGELA J,Director,1,0,0,,SEC EDGAR
RCL|0002146850-26-000004|nonDerivative|2026-07-31|Bunch Tara|A|Common Stock|683|0|D,2026-08-06 03:29:58+0000,RCL,ROYAL CARIBBEAN CRUISES LTD,0000884887,4,2026-08-03,2026-07-31,0002146850-26-000004,https://www.sec.gov/Archives/edgar/data/884887/000214685026000004/wk-form4_1785789108.xml,nonDerivative,2026-07-31,A,Common Stock,683,0,0.0,683,D,Bunch Tara,Director,1,0,0,,SEC EDGAR
QCOM|0000804328-26-000090|nonDerivative|2026-08-03|ACE HEATHER S|S|Common Stock|3200|147.04|I,2026-08-06 03:29:58+0000,QCOM,QUALCOMM INC/DE,0000804328,4,2026-08-03,2026-08-03,0000804328-26-000090,https://www.sec.gov/Archives/edgar/data/804328/000080432826000090/edgardoc.xml,nonDerivative,2026-08-03,S,Common Stock,3200,147.04,470528.0,36535,I,ACE HEATHER S,"Officer, EVP, Chief HR Officer",0,1,0,"EVP, Chief HR Officer",SEC EDGAR
PFE|0001225208-26-006900|derivative|2026-07-31|BOURLA ALBERT|A|Phantom Stock Units SSP|24.0000|25.0100|D,2026-08-06 03:29:58+0000,PFE,PFIZER INC,0000078003,4,2026-08-03,2026-07-31,0001225208-26-006900,https://www.sec.gov/Archives/edgar/data/78003/000122520826006900/doc4.xml,derivative,2026-07-31,A,Phantom Stock Units SSP,24.0000,25.0100,600.24,786154.0000,D,BOURLA ALBERT,"Director, Officer, Chairman & CEO",1,1,,Chairman & CEO,SEC EDGAR
PCAR|0001225208-26-006889|nonDerivative|2026-07-31|Walters William Lance|M|Common Stock|1000.0000|43.7067|D,2026-08-06 03:29:58+0000,PCAR,PACCAR INC,0000075362,4,2026-08-03,2026-07-31,0001225208-26-006889,https://www.sec.gov/Archives/edgar/data/75362/000122520826006889/doc4.xml,nonDerivative,2026-07-31,M,Common Stock,1000.0000,43.7067,43706.7,1000.0000,D,Walters William Lance,"Officer, Vice President",,1,,Vice President,SEC EDGAR
PCAR|0001225208-26-006889|nonDerivative|2026-07-31|Walters William Lance|S|Common Stock|1000.0000|133.5000|D,2026-08-06 03:29:58+0000,PCAR,PACCAR INC,0000075362,4,2026-08-03,2026-07-31,0001225208-26-006889,https://www.sec.gov/Archives/edgar/data/75362/000122520826006889/doc4.xml,nonDerivative,2026-07-31,S,Common Stock,1000.0000,133.5000,133500.0,0.0000,D,Walters William Lance,"Officer, Vice President",,1,,Vice President,SEC EDGAR
PCAR|0001225208-26-006889|derivative|2026-07-31|Walters William Lance|M|Stock Option|1000.0000|43.7067|D,2026-08-06 03:29:58+0000,PCAR,PACCAR INC,0000075362,4,2026-08-03,2026-07-31,0001225208-26-006889,https://www.sec.gov/Archives/edgar/data/75362/000122520826006889/doc4.xml,derivative,2026-07-31,M,Stock Option,1000.0000,43.7067,43706.7,2000.0000,D,Walters William Lance,"Officer, Vice President",,1,,Vice President,SEC EDGAR
PCAR|0001225208-26-006890|nonDerivative|2026-07-31|Poplawski Brice J|M|Common Stock|1970.0000|71.9500|D,2026-08-06 03:29:58+0000,PCAR,PACCAR INC,0000075362,4,2026-08-03,2026-07-31,0001225208-26-006890,https://www.sec.gov/Archives/edgar/data/75362/000122520826006890/doc4.xml,nonDerivative,2026-07-31,M,Common Stock,1970.0000,71.9500,141741.5,3361.0000,D,Poplawski Brice J,"Officer, Sr. Vice President & CFO",,1,,Sr. Vice President & CFO,SEC EDGAR
PCAR|0001225208-26-006890|nonDerivative|2026-07-31|Poplawski Brice J|S|Common Stock|1970.0000|132.5000|D,2026-08-06 03:29:58+0000,PCAR,PACCAR INC,0000075362,4,2026-08-03,2026-07-31,0001225208-26-006890,https://www.sec.gov/Archives/edgar/data/75362/000122520826006890/doc4.xml,nonDerivative,2026-07-31,S,Common Stock,1970.0000,132.5000,261025.0,1391.0000,D,Poplawski Brice J,"Officer, Sr. Vice President & CFO",,1,,Sr. Vice President & CFO,SEC EDGAR
PCAR|0001225208-26-006890|derivative|2026-07-31|Poplawski Brice J|M|Stock Option|1970.0000|71.9500|D,2026-08-06 03:29:58+0000,PCAR,PACCAR INC,0000075362,4,2026-08-03,2026-07-31,0001225208-26-006890,https://www.sec.gov/Archives/edgar/data/75362/000122520826006890/doc4.xml,derivative,2026-07-31,M,Stock Option,1970.0000,71.9500,141741.5,0.0000,D,Poplawski Brice J,"Officer, Sr. Vice President & CFO",,1,,Sr. Vice President & CFO,SEC EDGAR
PCAR|0001225208-26-006888|nonDerivative|2026-07-31|FEIGHT R PRESTON|M|Common Stock|70519.0000|71.9500|D,2026-08-06 03:29:58+0000,PCAR,PACCAR INC,0000075362,4,2026-08-03,2026-07-31,0001225208-26-006888,https://www.sec.gov/Archives/edgar/data/75362/000122520826006888/doc4.xml,nonDerivative,2026-07-31,M,Common Stock,70519.0000,71.9500,5073842.05,319600.0000,D,FEIGHT R PRESTON,"Director, Officer, CHIEF EXECUTIVE OFFICER",1,1,,CHIEF EXECUTIVE OFFICER,SEC EDGAR
PCAR|0001225208-26-006888|nonDerivative|2026-07-31|FEIGHT R PRESTON|S|Common Stock|50975.0000|133.0682|D,2026-08-06 03:29:58+0000,PCAR,PACCAR INC,0000075362,4,2026-08-03,2026-07-31,0001225208-26-006888,https://www.sec.gov/Archives/edgar/data/75362/000122520826006888/doc4.xml,nonDerivative,2026-07-31,S,Common Stock,50975.0000,133.0682,6783151.494999999,268625.0000,D,FEIGHT R PRESTON,"Director, Officer, CHIEF EXECUTIVE OFFICER",1,1,,CHIEF EXECUTIVE OFFICER,SEC EDGAR
PCAR|0001225208-26-006888|derivative|2026-07-31|FEIGHT R PRESTON|M|Stock Option|70519.0000|71.9500|D,2026-08-06 03:29:58+0000,PCAR,PACCAR INC,0000075362,4,2026-08-03,2026-07-31,0001225208-26-006888,https://www.sec.gov/Archives/edgar/data/75362/000122520826006888/doc4.xml,derivative,2026-07-31,M,Stock Option,70519.0000,71.9500,5073842.05,70519.0000,D,FEIGHT R PRESTON,"Director, Officer, CHIEF EXECUTIVE OFFICER",1,1,,CHIEF EXECUTIVE OFFICER,SEC EDGAR
PCAR|0001225208-26-006891|nonDerivative|2026-07-31|Bolgar Paulo Henrique|S|Common Stock|2897.0000|133.9000|D,2026-08-06 03:29:58+0000,PCAR,PACCAR INC,0000075362,4,2026-08-03,2026-07-31,0001225208-26-006891,https://www.sec.gov/Archives/edgar/data/75362/000122520826006891/doc4.xml,nonDerivative,2026-07-31,S,Common Stock,2897.0000,133.9000,387908.3,3831.0000,D,Bolgar Paulo Henrique,"Officer, Vice President",,1,,Vice President,SEC EDGAR
NUE|0000073309-26-000124|nonDerivative|2026-07-30|Laxton Stephen D|G|Common Stock|2409|0|D,2026-08-06 03:29:58+0000,NUE,NUCOR CORP,0000073309,4,2026-08-03,2026-07-30,0000073309-26-000124,https://www.sec.gov/Archives/edgar/data/73309/000007330926000124/form4.xml,nonDerivative,2026-07-30,G,Common Stock,2409,0,0.0,81834.9,D,Laxton Stephen D,"Officer, President and COO",,1,,President and COO,SEC EDGAR
NUE|0000073309-26-000124|nonDerivative|2026-07-30|Laxton Stephen D|S|Common Stock|3968|256.96|D,2026-08-06 03:29:58+0000,NUE,NUCOR CORP,0000073309,4,2026-08-03,2026-07-30,0000073309-26-000124,https://www.sec.gov/Archives/edgar/data/73309/000007330926000124/form4.xml,nonDerivative,2026-07-30,S,Common Stock,3968,256.96,1019617.2799999999,77866.9,D,Laxton Stephen D,"Officer, President and COO",,1,,President and COO,SEC EDGAR
NDSN|0002078512-26-000002|nonDerivative|2026-07-31|Rutledge Joseph M|F|NDSN|274|297.78|D,2026-08-06 03:29:58+0000,NDSN,NORDSON CORP,0000072331,4,2026-08-03,2026-07-31,0002078512-26-000002,https://www.sec.gov/Archives/edgar/data/72331/000207851226000002/wk-form4_1785762460.xml,nonDerivative,2026-07-31,F,NDSN,274,297.78,81591.71999999999,2818,D,Rutledge Joseph M,"Officer, VP, CAO",0,1,0,"VP, CAO",SEC EDGAR
NDSN|0001219555-26-000006|nonDerivative|2026-07-31|MAPES CHRISTOPHER L|A|NDSN|42|297.78|D,2026-08-06 03:29:58+0000,NDSN,NORDSON CORP,0000072331,4,2026-08-03,2026-07-31,0001219555-26-000006,https://www.sec.gov/Archives/edgar/data/72331/000121955526000006/wk-form4_1785763709.xml,nonDerivative,2026-07-31,A,NDSN,42,297.78,12506.759999999998,3025,D,MAPES CHRISTOPHER L,Director,1,0,0,,SEC EDGAR
NDSN|0001403373-26-000007|nonDerivative|2026-07-31|DeFord John A|A|NDSN|84|297.78|D,2026-08-06 03:29:58+0000,NDSN,NORDSON CORP,0000072331,4,2026-08-03,2026-07-31,0001403373-26-000007,https://www.sec.gov/Archives/edgar/data/72331/000140337326000007/wk-form4_1785763704.xml,nonDerivative,2026-07-31,A,NDSN,84,297.78,25013.519999999997,5902,D,DeFord John A,Director,1,0,0,,SEC EDGAR
MS|0001193125-26-329456|nonDerivative|2026-07-30|MITSUBISHI UFJ FINANCIAL GROUP INC|D|Common Stock|414396|213.2830|D,2026-08-06 03:29:58+0000,MS,MORGAN STANLEY,0000895421,4,2026-08-03,2026-07-30,0001193125-26-329456,https://www.sec.gov/Archives/edgar/data/895421/000119312526329456/ownership.xml,nonDerivative,2026-07-30,D,Common Stock,414396,213.2830,88383622.06799999,376670771,D,MITSUBISHI UFJ FINANCIAL GROUP INC,,false,false,true,,SEC EDGAR
MKC|0000063754-26-000288|derivative|2026-07-30|Piper Sarah|A|Phantom Stock|49.813|50.96|I,2026-08-06 03:29:58+0000,MKC,MCCORMICK & CO INC,0000063754,4,2026-08-03,2026-07-30,0000063754-26-000288,https://www.sec.gov/Archives/edgar/data/63754/000006375426000288/form4.xml,derivative,2026-07-30,A,Phantom Stock,49.813,50.96,2538.47048,4801.207,I,Piper Sarah,"Officer, Chief Human Relations Officer",0,1,0,Chief Human Relations Officer,SEC EDGAR
MKC|0000063754-26-000286|derivative|2026-07-30|Foley Brendan M|A|Phantom Stock|49.19|50.96|I,2026-08-06 03:29:58+0000,MKC,MCCORMICK & CO INC,0000063754,4,2026-08-03,2026-07-30,0000063754-26-000286,https://www.sec.gov/Archives/edgar/data/63754/000006375426000286/form4.xml,derivative,2026-07-30,A,Phantom Stock,49.19,50.96,2506.7224,14267.457,I,Foley Brendan M,"Director, Officer, Chairman, President & CEO",1,1,0,"Chairman, President & CEO",SEC EDGAR
LLY|0002032089-26-000002|nonDerivative|2026-08-01|Seymour Melissa|M|Common Stock|981|0|D,2026-08-06 03:29:58+0000,LLY,ELI LILLY & Co,0000059478,4,2026-08-03,2026-08-01,0002032089-26-000002,https://www.sec.gov/Archives/edgar/data/59478/000203208926000002/wk-form4_1785789751.xml,nonDerivative,2026-08-01,M,Common Stock,981,0,0.0,1506.08,D,Seymour Melissa,"Officer, EVP, Global Quality",0,1,0,"EVP, Global Quality",SEC EDGAR
LLY|0002032089-26-000002|nonDerivative|2026-08-01|Seymour Melissa|F|Common Stock|438.707|1148.84|D,2026-08-06 03:29:58+0000,LLY,ELI LILLY & Co,0000059478,4,2026-08-03,2026-08-01,0002032089-26-000002,https://www.sec.gov/Archives/edgar/data/59478/000203208926000002/wk-form4_1785789751.xml,nonDerivative,2026-08-01,F,Common Stock,438.707,1148.84,504004.14988,1067.373,D,Seymour Melissa,"Officer, EVP, Global Quality",0,1,0,"EVP, Global Quality",SEC EDGAR
LLY|0002032089-26-000002|derivative|2026-08-01|Seymour Melissa|M|Restricted Stock Unit|981|0|D,2026-08-06 03:29:58+0000,LLY,ELI LILLY & Co,0000059478,4,2026-08-03,2026-08-01,0002032089-26-000002,https://www.sec.gov/Archives/edgar/data/59478/000203208926000002/wk-form4_1785789751.xml,derivative,2026-08-01,M,Restricted Stock Unit,981,0,0.0,952,D,Seymour Melissa,"Officer, EVP, Global Quality",0,1,0,"EVP, Global Quality",SEC EDGAR
LHX|0001579263-26-000008|derivative|2026-08-03|SHARP KENNETH P|A|Restricted Stock Units|8998|0|D,2026-08-06 03:29:58+0000,LHX,"L3HARRIS TECHNOLOGIES, INC. /DE/",0000202058,4,2026-08-03,2026-08-03,0001579263-26-000008,https://www.sec.gov/Archives/edgar/data/202058/000157926326000008/wk-form4_1785798965.xml,derivative,2026-08-03,A,Restricted Stock Units,8998,0,0.0,8998,D,SHARP KENNETH P,"Officer, SVP, Chief Financial Officer",0,1,0,"SVP, Chief Financial Officer",SEC EDGAR
LHX|0001971617-26-000010|derivative|2026-08-03|Rakita Melanie|A|Restricted Stock Units|5399|0|D,2026-08-06 03:29:58+0000,LHX,"L3HARRIS TECHNOLOGIES, INC. /DE/",0000202058,4,2026-08-03,2026-08-03,0001971617-26-000010,https://www.sec.gov/Archives/edgar/data/202058/000197161726000010/wk-form4_1785798903.xml,derivative,2026-08-03,A,Restricted Stock Units,5399,0,0.0,5399,D,Rakita Melanie,"Officer, Vice President & CHRO",0,1,0,Vice President & CHRO,SEC EDGAR
LHX|0001961104-26-000012|derivative|2026-08-03|MEHTA SAMIR|A|Restricted Stock Units|17995|0|D,2026-08-06 03:29:58+0000,LHX,"L3HARRIS TECHNOLOGIES, INC. /DE/",0000202058,4,2026-08-03,2026-08-03,0001961104-26-000012,https://www.sec.gov/Archives/edgar/data/202058/000196110426000012/wk-form4_1785798880.xml,derivative,2026-08-03,A,Restricted Stock Units,17995,0,0.0,17995,D,MEHTA SAMIR,"Officer, President, S&MS and C&SD",0,1,0,"President, S&MS and C&SD",SEC EDGAR
LHX|0000202058-26-000063|derivative|2026-08-03|Hanna Tania W.|A|Restricted Stock Units|8998|0|D,2026-08-06 03:29:58+0000,LHX,"L3HARRIS TECHNOLOGIES, INC. /DE/",0000202058,4,2026-08-03,2026-08-03,0000202058-26-000063,https://www.sec.gov/Archives/edgar/data/202058/000020205826000063/wk-form4_1785798726.xml,derivative,2026-08-03,A,Restricted Stock Units,8998,0,0.0,8998,D,Hanna Tania W.,"Officer, VP, Govt. & Customer Relations",0,1,0,"VP, Govt. & Customer Relations",SEC EDGAR
LHX|0001539147-26-000009|derivative|2026-08-03|Bedingfield Kenneth L|A|Restricted Stock Units|17995|0|D,2026-08-06 03:29:58+0000,LHX,"L3HARRIS TECHNOLOGIES, INC. /DE/",0000202058,4,2026-08-03,2026-08-03,0001539147-26-000009,https://www.sec.gov/Archives/edgar/data/202058/000153914726000009/wk-form4_1785798695.xml,derivative,2026-08-03,A,Restricted Stock Units,17995,0,0.0,17995,D,Bedingfield Kenneth L,"Officer, President, Missile Solutions",0,1,0,"President, Missile Solutions",SEC EDGAR
"KO|0000021344-26-000158|nonDerivative|2026-07-31|MURPHY JOHN|M|Common Stock, $.25 Par Value|152483|44.475|D",2026-08-06 03:29:58+0000,KO,COCA COLA CO,0000021344,4,2026-08-03,2026-07-31,0000021344-26-000158,https://www.sec.gov/Archives/edgar/data/21344/000002134426000158/form4.xml,nonDerivative,2026-07-31,M,"Common Stock, $.25 Par Value",152483,44.475,6781681.425,432400,D,MURPHY JOHN,"Officer, President and CFO",,1,,President and CFO,SEC EDGAR
"KO|0000021344-26-000158|nonDerivative|2026-07-31|MURPHY JOHN|S|Common Stock, $.25 Par Value|152483|87.3119|D",2026-08-06 03:29:58+0000,KO,COCA COLA CO,0000021344,4,2026-08-03,2026-07-31,0000021344-26-000158,https://www.sec.gov/Archives/edgar/data/21344/000002134426000158/form4.xml,nonDerivative,2026-07-31,S,"Common Stock, $.25 Par Value",152483,87.3119,13313580.4477,279917,D,MURPHY JOHN,"Officer, President and CFO",,1,,President and CFO,SEC EDGAR
KO|0000021344-26-000158|derivative|2026-07-31|MURPHY JOHN|M|Employee Stock Option (Right to Buy)|152483|0|D,2026-08-06 03:29:58+0000,KO,COCA COLA CO,0000021344,4,2026-08-03,2026-07-31,0000021344-26-000158,https://www.sec.gov/Archives/edgar/data/21344/000002134426000158/form4.xml,derivative,2026-07-31,M,Employee Stock Option (Right to Buy),152483,0,0.0,0,D,MURPHY JOHN,"Officer, President and CFO",,1,,President and CFO,SEC EDGAR
KMI|0001506307-26-000108|nonDerivative|2026-07-31|Sanders Dax|M|Class P Common Stock|130209|0|D,2026-08-06 03:29:58+0000,KMI,"KINDER MORGAN, INC.",0001506307,4,2026-08-03,2026-07-31,0001506307-26-000108,https://www.sec.gov/Archives/edgar/data/1506307/000150630726000108/wk-form4_1785795208.xml,nonDerivative,2026-07-31,M,Class P Common Stock,130209,0,0.0,420709,D,Sanders Dax,"Officer, President",0,1,0,President,SEC EDGAR
KMI|0001506307-26-000108|nonDerivative|2026-07-31|Sanders Dax|F|Class P Common Stock|51238|32.18|D,2026-08-06 03:29:58+0000,KMI,"KINDER MORGAN, INC.",0001506307,4,2026-08-03,2026-07-31,0001506307-26-000108,https://www.sec.gov/Archives/edgar/data/1506307/000150630726000108/wk-form4_1785795208.xml,nonDerivative,2026-07-31,F,Class P Common Stock,51238,32.18,1648838.84,369471,D,Sanders Dax,"Officer, President",0,1,0,President,SEC EDGAR
KMI|0001506307-26-000108|derivative|2026-07-31|Sanders Dax|M|Restricted Stock Unit|130209|0|D,2026-08-06 03:29:58+0000,KMI,"KINDER MORGAN, INC.",0001506307,4,2026-08-03,2026-07-31,0001506307-26-000108,https://www.sec.gov/Archives/edgar/data/1506307/000150630726000108/wk-form4_1785795208.xml,derivative,2026-07-31,M,Restricted Stock Unit,130209,0,0.0,0,D,Sanders Dax,"Officer, President",0,1,0,President,SEC EDGAR
KMI|0001506307-26-000102|nonDerivative|2026-07-31|Mody Sital K|M|Class P Common Stock|115741|0|D,2026-08-06 03:29:58+0000,KMI,"KINDER MORGAN, INC.",0001506307,4,2026-08-03,2026-07-31,0001506307-26-000102,https://www.sec.gov/Archives/edgar/data/1506307/000150630726000102/wk-form4_1785795169.xml,nonDerivative,2026-07-31,M,Class P Common Stock,115741,0,0.0,115741,D,Mody Sital K,"Officer, V.P. (Pres.,Nat Gas Pipelines)",0,1,0,"V.P. (Pres.,Nat Gas Pipelines)",SEC EDGAR
KMI|0001506307-26-000102|nonDerivative|2026-07-31|Mody Sital K|F|Class P Common Stock|45545|32.18|D,2026-08-06 03:29:58+0000,KMI,"KINDER MORGAN, INC.",0001506307,4,2026-08-03,2026-07-31,0001506307-26-000102,https://www.sec.gov/Archives/edgar/data/1506307/000150630726000102/wk-form4_1785795169.xml,nonDerivative,2026-07-31,F,Class P Common Stock,45545,32.18,1465638.1,70196,D,Mody Sital K,"Officer, V.P. (Pres.,Nat Gas Pipelines)",0,1,0,"V.P. (Pres.,Nat Gas Pipelines)",SEC EDGAR
KMI|0001506307-26-000102|derivative|2026-07-31|Mody Sital K|M|Restricted Stock Unit|115741|0|D,2026-08-06 03:29:58+0000,KMI,"KINDER MORGAN, INC.",0001506307,4,2026-08-03,2026-07-31,0001506307-26-000102,https://www.sec.gov/Archives/edgar/data/1506307/000150630726000102/wk-form4_1785795169.xml,derivative,2026-07-31,M,Restricted Stock Unit,115741,0,0.0,0,D,Mody Sital K,"Officer, V.P. (Pres.,Nat Gas Pipelines)",0,1,0,"V.P. (Pres.,Nat Gas Pipelines)",SEC EDGAR
KMI|0001506307-26-000109|nonDerivative|2026-07-31|Michels David Patrick|M|Class P Common Stock|121528|0|D,2026-08-06 03:29:58+0000,KMI,"KINDER MORGAN, INC.",0001506307,4,2026-08-03,2026-07-31,0001506307-26-000109,https://www.sec.gov/Archives/edgar/data/1506307/000150630726000109/wk-form4_1785795214.xml,nonDerivative,2026-07-31,M,Class P Common Stock,121528,0,0.0,260956,D,Michels David Patrick,"Officer, VP and Chief Financial Officer",0,1,0,VP and Chief Financial Officer,SEC EDGAR
KMI|0001506307-26-000109|nonDerivative|2026-07-31|Michels David Patrick|F|Class P Common Stock|47573|32.18|D,2026-08-06 03:29:58+0000,KMI,"KINDER MORGAN, INC.",0001506307,4,2026-08-03,2026-07-31,0001506307-26-000109,https://www.sec.gov/Archives/edgar/data/1506307/000150630726000109/wk-form4_1785795214.xml,nonDerivative,2026-07-31,F,Class P Common Stock,47573,32.18,1530899.14,213383,D,Michels David Patrick,"Officer, VP and Chief Financial Officer",0,1,0,VP and Chief Financial Officer,SEC EDGAR
KMI|0001506307-26-000109|derivative|2026-07-31|Michels David Patrick|M|Restricted Stock Unit|121528|0|D,2026-08-06 03:29:58+0000,KMI,"KINDER MORGAN, INC.",0001506307,4,2026-08-03,2026-07-31,0001506307-26-000109,https://www.sec.gov/Archives/edgar/data/1506307/000150630726000109/wk-form4_1785795214.xml,derivative,2026-07-31,M,Restricted Stock Unit,121528,0,0.0,0,D,Michels David Patrick,"Officer, VP and Chief Financial Officer",0,1,0,VP and Chief Financial Officer,SEC EDGAR
KMI|0001506307-26-000103|nonDerivative|2026-07-31|James Catherine C.|M|Class P Common Stock|69445|0|D,2026-08-06 03:29:58+0000,KMI,"KINDER MORGAN, INC.",0001506307,4,2026-08-03,2026-07-31,0001506307-26-000103,https://www.sec.gov/Archives/edgar/data/1506307/000150630726000103/wk-form4_1785795175.xml,nonDerivative,2026-07-31,M,Class P Common Stock,69445,0,0.0,192098,D,James Catherine C.,"Officer, VP and General Counsel",0,1,0,VP and General Counsel,SEC EDGAR
KMI|0001506307-26-000103|nonDerivative|2026-07-31|James Catherine C.|F|Class P Common Stock|26760|32.18|D,2026-08-06 03:29:58+0000,KMI,"KINDER MORGAN, INC.",0001506307,4,2026-08-03,2026-07-31,0001506307-26-000103,https://www.sec.gov/Archives/edgar/data/1506307/000150630726000103/wk-form4_1785795175.xml,nonDerivative,2026-07-31,F,Class P Common Stock,26760,32.18,861136.8,165338,D,James Catherine C.,"Officer, VP and General Counsel",0,1,0,VP and General Counsel,SEC EDGAR
KMI|0001506307-26-000103|derivative|2026-07-31|James Catherine C.|M|Restricted Stock Unit|69445|0|D,2026-08-06 03:29:58+0000,KMI,"KINDER MORGAN, INC.",0001506307,4,2026-08-03,2026-07-31,0001506307-26-000103,https://www.sec.gov/Archives/edgar/data/1506307/000150630726000103/wk-form4_1785795175.xml,derivative,2026-07-31,M,Restricted Stock Unit,69445,0,0.0,0,D,James Catherine C.,"Officer, VP and General Counsel",0,1,0,VP and General Counsel,SEC EDGAR
KMI|0001506307-26-000106|nonDerivative|2026-07-31|Holland James E|M|Class P Common Stock|130209|0|D,2026-08-06 03:29:58+0000,KMI,"KINDER MORGAN, INC.",0001506307,4,2026-08-03,2026-07-31,0001506307-26-000106,https://www.sec.gov/Archives/edgar/data/1506307/000150630726000106/wk-form4_1785795194.xml,nonDerivative,2026-07-31,M,Class P Common Stock,130209,0,0.0,665686,D,Holland James E,"Officer, VP and COO",0,1,0,VP and COO,SEC EDGAR
KMI|0001506307-26-000106|nonDerivative|2026-07-31|Holland James E|F|Class P Common Stock|50993|32.18|D,2026-08-06 03:29:58+0000,KMI,"KINDER MORGAN, INC.",0001506307,4,2026-08-03,2026-07-31,0001506307-26-000106,https://www.sec.gov/Archives/edgar/data/1506307/000150630726000106/wk-form4_1785795194.xml,nonDerivative,2026-07-31,F,Class P Common Stock,50993,32.18,1640954.74,614693,D,Holland James E,"Officer, VP and COO",0,1,0,VP and COO,SEC EDGAR
KMI|0001506307-26-000106|derivative|2026-07-31|Holland James E|M|Restricted Stock Unit|130209|0|D,2026-08-06 03:29:58+0000,KMI,"KINDER MORGAN, INC.",0001506307,4,2026-08-03,2026-07-31,0001506307-26-000106,https://www.sec.gov/Archives/edgar/data/1506307/000150630726000106/wk-form4_1785795194.xml,derivative,2026-07-31,M,Restricted Stock Unit,130209,0,0.0,0,D,Holland James E,"Officer, VP and COO",0,1,0,VP and COO,SEC EDGAR
KMI|0001506307-26-000104|nonDerivative|2026-07-31|Grahmann Kevin P|M|Class P Common Stock|40510|0|D,2026-08-06 03:29:58+0000,KMI,"KINDER MORGAN, INC.",0001506307,4,2026-08-03,2026-07-31,0001506307-26-000104,https://www.sec.gov/Archives/edgar/data/1506307/000150630726000104/wk-form4_1785795183.xml,nonDerivative,2026-07-31,M,Class P Common Stock,40510,0,0.0,99163,D,Grahmann Kevin P,"Officer, V.P., Corporate Development",0,1,0,"V.P., Corporate Development",SEC EDGAR
KMI|0001506307-26-000104|nonDerivative|2026-07-31|Grahmann Kevin P|F|Class P Common Stock|13576|32.18|D,2026-08-06 03:29:58+0000,KMI,"KINDER MORGAN, INC.",0001506307,4,2026-08-03,2026-07-31,0001506307-26-000104,https://www.sec.gov/Archives/edgar/data/1506307/000150630726000104/wk-form4_1785795183.xml,nonDerivative,2026-07-31,F,Class P Common Stock,13576,32.18,436875.68,85587,D,Grahmann Kevin P,"Officer, V.P., Corporate Development",0,1,0,"V.P., Corporate Development",SEC EDGAR
KMI|0001506307-26-000104|derivative|2026-07-31|Grahmann Kevin P|M|Restricted Stock Unit|40510|0|D,2026-08-06 03:29:58+0000,KMI,"KINDER MORGAN, INC.",0001506307,4,2026-08-03,2026-07-31,0001506307-26-000104,https://www.sec.gov/Archives/edgar/data/1506307/000150630726000104/wk-form4_1785795183.xml,derivative,2026-07-31,M,Restricted Stock Unit,40510,0,0.0,0,D,Grahmann Kevin P,"Officer, V.P., Corporate Development",0,1,0,"V.P., Corporate Development",SEC EDGAR
KMI|0001506307-26-000107|nonDerivative|2026-07-31|Dang Kimberly A|M|Class P Common Stock|636575|0|D,2026-08-06 03:29:58+0000,KMI,"KINDER MORGAN, INC.",0001506307,4,2026-08-03,2026-07-31,0001506307-26-000107,https://www.sec.gov/Archives/edgar/data/1506307/000150630726000107/wk-form4_1785795202.xml,nonDerivative,2026-07-31,M,Class P Common Stock,636575,0,0.0,1467176,D,Dang Kimberly A,"Director, Officer, Chief Executive Officer",1,1,0,Chief Executive Officer,SEC EDGAR
KMI|0001506307-26-000107|nonDerivative|2026-07-31|Dang Kimberly A|F|Class P Common Stock|250233|32.18|D,2026-08-06 03:29:58+0000,KMI,"KINDER MORGAN, INC.",0001506307,4,2026-08-03,2026-07-31,0001506307-26-000107,https://www.sec.gov/Archives/edgar/data/1506307/000150630726000107/wk-form4_1785795202.xml,nonDerivative,2026-07-31,F,Class P Common Stock,250233,32.18,8052497.9399999995,1216943,D,Dang Kimberly A,"Director, Officer, Chief Executive Officer",1,1,0,Chief Executive Officer,SEC EDGAR
KMI|0001506307-26-000107|derivative|2026-07-31|Dang Kimberly A|M|Restricted Stock Unit|636575|0|D,2026-08-06 03:29:58+0000,KMI,"KINDER MORGAN, INC.",0001506307,4,2026-08-03,2026-07-31,0001506307-26-000107,https://www.sec.gov/Archives/edgar/data/1506307/000150630726000107/wk-form4_1785795202.xml,derivative,2026-07-31,M,Restricted Stock Unit,636575,0,0.0,0,D,Dang Kimberly A,"Director, Officer, Chief Executive Officer",1,1,0,Chief Executive Officer,SEC EDGAR
KMI|0001506307-26-000105|nonDerivative|2026-07-31|ASHLEY ANTHONY B|M|Class P Common Stock|104167|0|D,2026-08-06 03:29:58+0000,KMI,"KINDER MORGAN, INC.",0001506307,4,2026-08-03,2026-07-31,0001506307-26-000105,https://www.sec.gov/Archives/edgar/data/1506307/000150630726000105/wk-form4_1785795188.xml,nonDerivative,2026-07-31,M,Class P Common Stock,104167,0,0.0,204313,D,ASHLEY ANTHONY B,"Officer, VP (President, CO2 and ETV)",0,1,0,"VP (President, CO2 and ETV)",SEC EDGAR
KMI|0001506307-26-000105|nonDerivative|2026-07-31|ASHLEY ANTHONY B|F|Class P Common Stock|40275|32.18|D,2026-08-06 03:29:58+0000,KMI,"KINDER MORGAN, INC.",0001506307,4,2026-08-03,2026-07-31,0001506307-26-000105,https://www.sec.gov/Archives/edgar/data/1506307/000150630726000105/wk-form4_1785795188.xml,nonDerivative,2026-07-31,F,Class P Common Stock,40275,32.18,1296049.5,164038,D,ASHLEY ANTHONY B,"Officer, VP (President, CO2 and ETV)",0,1,0,"VP (President, CO2 and ETV)",SEC EDGAR
KMI|0001506307-26-000105|derivative|2026-07-31|ASHLEY ANTHONY B|M|Restricted Stock Unit|104167|0|D,2026-08-06 03:29:58+0000,KMI,"KINDER MORGAN, INC.",0001506307,4,2026-08-03,2026-07-31,0001506307-26-000105,https://www.sec.gov/Archives/edgar/data/1506307/000150630726000105/wk-form4_1785795188.xml,derivative,2026-07-31,M,Restricted Stock Unit,104167,0,0.0,0,D,ASHLEY ANTHONY B,"Officer, VP (President, CO2 and ETV)",0,1,0,"VP (President, CO2 and ETV)",SEC EDGAR
KLAC|0001193125-26-330534|nonDerivative|2026-08-01|Wilkinson Mary Beth|F|Common Stock|1338.781|182.82|D,2026-08-06 03:29:58+0000,KLAC,KLA CORP,0000319201,4,2026-08-03,2026-08-01,0001193125-26-330534,https://www.sec.gov/Archives/edgar/data/319201/000119312526330534/ownership.xml,nonDerivative,2026-08-01,F,Common Stock,1338.781,182.82,244755.94241999998,52028.514,D,Wilkinson Mary Beth,"EVP, CLO and Secretary",false,true,false,"EVP, CLO and Secretary",SEC EDGAR
KLAC|0001193125-26-330534|nonDerivative|2026-08-03|Wilkinson Mary Beth|F|Common Stock|1785.04|182.82|D,2026-08-06 03:29:58+0000,KLAC,KLA CORP,0000319201,4,2026-08-03,2026-08-01,0001193125-26-330534,https://www.sec.gov/Archives/edgar/data/319201/000119312526330534/ownership.xml,nonDerivative,2026-08-03,F,Common Stock,1785.04,182.82,326341.01279999997,50243.474,D,Wilkinson Mary Beth,"EVP, CLO and Secretary",false,true,false,"EVP, CLO and Secretary",SEC EDGAR
KLAC|0001193125-26-330536|nonDerivative|2026-08-01|WALLACE RICHARD P|F|Common Stock|13213.071|182.82|D,2026-08-06 03:29:58+0000,KLAC,KLA CORP,0000319201,4,2026-08-03,2026-08-01,0001193125-26-330536,https://www.sec.gov/Archives/edgar/data/319201/000119312526330536/ownership.xml,nonDerivative,2026-08-01,F,Common Stock,13213.071,182.82,2415613.64022,654962.7249,D,WALLACE RICHARD P,President and CEO,false,true,false,President and CEO,SEC EDGAR
KLAC|0001193125-26-330536|nonDerivative|2026-08-03|WALLACE RICHARD P|F|Common Stock|19440.319|182.82|D,2026-08-06 03:29:58+0000,KLAC,KLA CORP,0000319201,4,2026-08-03,2026-08-01,0001193125-26-330536,https://www.sec.gov/Archives/edgar/data/319201/000119312526330536/ownership.xml,nonDerivative,2026-08-03,F,Common Stock,19440.319,182.82,3554079.1195799997,635522.4059,D,WALLACE RICHARD P,President and CEO,false,true,false,President and CEO,SEC EDGAR
KLAC|0001193125-26-330527|nonDerivative|2026-08-01|Lorig Brian|F|Common Stock|3004.549|182.82|D,2026-08-06 03:29:58+0000,KLAC,KLA CORP,0000319201,4,2026-08-03,2026-08-01,0001193125-26-330527,https://www.sec.gov/Archives/edgar/data/319201/000119312526330527/ownership.xml,nonDerivative,2026-08-01,F,Common Stock,3004.549,182.82,549291.64818,99759.2579,D,Lorig Brian,"EVP, KLA Global Services",false,true,false,"EVP, KLA Global Services",SEC EDGAR
KLAC|0001193125-26-330527|nonDerivative|2026-08-03|Lorig Brian|F|Common Stock|3282.197|182.82|D,2026-08-06 03:29:58+0000,KLAC,KLA CORP,0000319201,4,2026-08-03,2026-08-01,0001193125-26-330527,https://www.sec.gov/Archives/edgar/data/319201/000119312526330527/ownership.xml,nonDerivative,2026-08-03,F,Common Stock,3282.197,182.82,600051.25554,96477.0609,D,Lorig Brian,"EVP, KLA Global Services",false,true,false,"EVP, KLA Global Services",SEC EDGAR
KLAC|0001193125-26-330526|nonDerivative|2026-08-01|Kirloskar Virendra A|F|Common Stock|373.464|182.82|D,2026-08-06 03:29:58+0000,KLAC,KLA CORP,0000319201,4,2026-08-03,2026-08-01,0001193125-26-330526,https://www.sec.gov/Archives/edgar/data/319201/000119312526330526/ownership.xml,nonDerivative,2026-08-01,F,Common Stock,373.464,182.82,68276.68848,19201.6059,D,Kirloskar Virendra A,SVP & Chief Accounting Officer,false,true,false,SVP & Chief Accounting Officer,SEC EDGAR
KLAC|0001193125-26-330526|nonDerivative|2026-08-03|Kirloskar Virendra A|F|Common Stock|730.185|182.82|D,2026-08-06 03:29:58+0000,KLAC,KLA CORP,0000319201,4,2026-08-03,2026-08-01,0001193125-26-330526,https://www.sec.gov/Archives/edgar/data/319201/000119312526330526/ownership.xml,nonDerivative,2026-08-03,F,Common Stock,730.185,182.82,133492.42169999998,18471.4209,D,Kirloskar Virendra A,SVP & Chief Accounting Officer,false,true,false,SVP & Chief Accounting Officer,SEC EDGAR
KLAC|0001193125-26-330529|nonDerivative|2026-08-01|Khan Ahmad A.|F|Common Stock|4503.907|182.82|D,2026-08-06 03:29:58+0000,KLAC,KLA CORP,0000319201,4,2026-08-03,2026-08-01,0001193125-26-330529,https://www.sec.gov/Archives/edgar/data/319201/000119312526330529/ownership.xml,nonDerivative,2026-08-01,F,Common Stock,4503.907,182.82,823404.27774,192357.8099,D,Khan Ahmad A.,"President, Semi. Prod. & Cust.",false,true,false,"President, Semi. Prod. & Cust.",SEC EDGAR
KLAC|0001193125-26-330529|nonDerivative|2026-08-03|Khan Ahmad A.|F|Common Stock|7223.806|182.82|D,2026-08-06 03:29:58+0000,KLAC,KLA CORP,0000319201,4,2026-08-03,2026-08-01,0001193125-26-330529,https://www.sec.gov/Archives/edgar/data/319201/000119312526330529/ownership.xml,nonDerivative,2026-08-03,F,Common Stock,7223.806,182.82,1320656.2129199998,185134.0039,D,Khan Ahmad A.,"President, Semi. Prod. & Cust.",false,true,false,"President, Semi. Prod. & Cust.",SEC EDGAR
KLAC|0001193125-26-330525|nonDerivative|2026-08-01|Higgins Bren D.|F|Common Stock|4503.907|182.82|D,2026-08-06 03:29:58+0000,KLAC,KLA CORP,0000319201,4,2026-08-03,2026-08-01,0001193125-26-330525,https://www.sec.gov/Archives/edgar/data/319201/000119312526330525/ownership.xml,nonDerivative,2026-08-01,F,Common Stock,4503.907,182.82,823404.27774,258968.2899,D,Higgins Bren D.,EVP & Chief Financial Officer,false,true,false,EVP & Chief Financial Officer,SEC EDGAR
KLAC|0001193125-26-330525|nonDerivative|2026-08-03|Higgins Bren D.|F|Common Stock|7223.806|182.82|D,2026-08-06 03:29:58+0000,KLAC,KLA CORP,0000319201,4,2026-08-03,2026-08-01,0001193125-26-330525,https://www.sec.gov/Archives/edgar/data/319201/000119312526330525/ownership.xml,nonDerivative,2026-08-03,F,Common Stock,7223.806,182.82,1320656.2129199998,251744.4839,D,Higgins Bren D.,EVP & Chief Financial Officer,false,true,false,EVP & Chief Financial Officer,SEC EDGAR
INVH|0001193125-26-330665|nonDerivative|2026-07-31|Eisen Scott G.|F|Common Stock|7420|29.72|D,2026-08-06 03:29:58+0000,INVH,Invitation Homes Inc.,0001687229,4,2026-08-03,2026-08-03,0001193125-26-330665,https://www.sec.gov/Archives/edgar/data/1687229/000119312526330665/ownership.xml,nonDerivative,2026-07-31,F,Common Stock,7420,29.72,220522.4,263812,D,Eisen Scott G.,"EVP, Chief Investment Officer",false,true,false,"EVP, Chief Investment Officer",SEC EDGAR
INTC|0000050863-26-000174|nonDerivative|2026-07-30|Chandrasekaran Nagasubramaniyan|M|Common Stock|33007||D,2026-08-06 03:29:58+0000,INTC,INTEL CORP,0000050863,4,2026-08-03,2026-07-30,0000050863-26-000174,https://www.sec.gov/Archives/edgar/data/50863/000005086326000174/form4.xml,nonDerivative,2026-07-30,M,Common Stock,33007,,,238859,D,Chandrasekaran Nagasubramaniyan,"Officer, EVP, CT & Ops Off, GM Foundry",,1,,"EVP, CT & Ops Off, GM Foundry",SEC EDGAR
INTC|0000050863-26-000174|nonDerivative|2026-07-30|Chandrasekaran Nagasubramaniyan|F|Common Stock|14738|90.04|D,2026-08-06 03:29:58+0000,INTC,INTEL CORP,0000050863,4,2026-08-03,2026-07-30,0000050863-26-000174,https://www.sec.gov/Archives/edgar/data/50863/000005086326000174/form4.xml,nonDerivative,2026-07-30,F,Common Stock,14738,90.04,1327009.52,224121,D,Chandrasekaran Nagasubramaniyan,"Officer, EVP, CT & Ops Off, GM Foundry",,1,,"EVP, CT & Ops Off, GM Foundry",SEC EDGAR
INTC|0000050863-26-000174|derivative|2026-07-30|Chandrasekaran Nagasubramaniyan|M|Restricted Stock Units|33007||D,2026-08-06 03:29:58+0000,INTC,INTEL CORP,0000050863,4,2026-08-03,2026-07-30,0000050863-26-000174,https://www.sec.gov/Archives/edgar/data/50863/000005086326000174/form4.xml,derivative,2026-07-30,M,Restricted Stock Units,33007,,,33008,D,Chandrasekaran Nagasubramaniyan,"Officer, EVP, CT & Ops Off, GM Foundry",,1,,"EVP, CT & Ops Off, GM Foundry",SEC EDGAR
INTC|0000050863-26-000173|derivative|2026-07-30|BARRATT CRAIG H|A|Restricted Stock Units|1461||D,2026-08-06 03:29:58+0000,INTC,INTEL CORP,0000050863,4,2026-08-03,2026-07-30,0000050863-26-000173,https://www.sec.gov/Archives/edgar/data/50863/000005086326000173/form4.xml,derivative,2026-07-30,A,Restricted Stock Units,1461,,,1461,D,BARRATT CRAIG H,Director,1,,,,SEC EDGAR
IDXX|0000874716-26-000117|nonDerivative|2026-07-30|HOOLEY JOSEPH L|A|Common Stock|49|558.80|D,2026-08-06 03:29:58+0000,IDXX,IDEXX LABORATORIES INC /DE,0000874716,4,2026-08-03,2026-07-30,0000874716-26-000117,https://www.sec.gov/Archives/edgar/data/874716/000087471626000117/wk-form4_1785790805.xml,nonDerivative,2026-07-30,A,Common Stock,49,558.80,27381.199999999997,325,D,HOOLEY JOSEPH L,Director,1,0,0,,SEC EDGAR
"HSY|0000950142-26-002252|nonDerivative|2026-07-30|HERSHEY TRUST CO TRUSTEE IN TRUST FOR MILTON HERSHEY SCHOOL|S|Common Stock, $1.00 par value|2680|177.6170|D",2026-08-06 03:29:58+0000,HSY,HERSHEY CO,0000047111,4,2026-08-03,2026-07-30,0000950142-26-002252,https://www.sec.gov/Archives/edgar/data/47111/000095014226002252/es260815025_4-hsy.xml,nonDerivative,2026-07-30,S,"Common Stock, $1.00 par value",2680,177.6170,476013.56,1123439,D,HERSHEY TRUST CO TRUSTEE IN TRUST FOR MILTON HERSHEY SCHOOL,10% Owner,0,0,1,,SEC EDGAR
"HSY|0000950142-26-002252|nonDerivative|2026-07-30|HERSHEY TRUST CO TRUSTEE IN TRUST FOR MILTON HERSHEY SCHOOL|S|Common Stock, $1.00 par value|1620|178.6307|D",2026-08-06 03:29:58+0000,HSY,HERSHEY CO,0000047111,4,2026-08-03,2026-07-30,0000950142-26-002252,https://www.sec.gov/Archives/edgar/data/47111/000095014226002252/es260815025_4-hsy.xml,nonDerivative,2026-07-30,S,"Common Stock, $1.00 par value",1620,178.6307,289381.734,1121819,D,HERSHEY TRUST CO TRUSTEE IN TRUST FOR MILTON HERSHEY SCHOOL,10% Owner,0,0,1,,SEC EDGAR
"HSY|0000950142-26-002252|nonDerivative|2026-07-30|HERSHEY TRUST CO TRUSTEE IN TRUST FOR MILTON HERSHEY SCHOOL|S|Common Stock, $1.00 par value|4112|179.5866|D",2026-08-06 03:29:58+0000,HSY,HERSHEY CO,0000047111,4,2026-08-03,2026-07-30,0000950142-26-002252,https://www.sec.gov/Archives/edgar/data/47111/000095014226002252/es260815025_4-hsy.xml,nonDerivative,2026-07-30,S,"Common Stock, $1.00 par value",4112,179.5866,738460.0992,1117707,D,HERSHEY TRUST CO TRUSTEE IN TRUST FOR MILTON HERSHEY SCHOOL,10% Owner,0,0,1,,SEC EDGAR
"HSY|0000950142-26-002252|nonDerivative|2026-07-30|HERSHEY TRUST CO TRUSTEE IN TRUST FOR MILTON HERSHEY SCHOOL|S|Common Stock, $1.00 par value|888|180.2568|D",2026-08-06 03:29:58+0000,HSY,HERSHEY CO,0000047111,4,2026-08-03,2026-07-30,0000950142-26-002252,https://www.sec.gov/Archives/edgar/data/47111/000095014226002252/es260815025_4-hsy.xml,nonDerivative,2026-07-30,S,"Common Stock, $1.00 par value",888,180.2568,160068.0384,1116819,D,HERSHEY TRUST CO TRUSTEE IN TRUST FOR MILTON HERSHEY SCHOOL,10% Owner,0,0,1,,SEC EDGAR
"HSY|0000950142-26-002252|nonDerivative|2026-07-30|HERSHEY TRUST CO TRUSTEE IN TRUST FOR MILTON HERSHEY SCHOOL|S|Common Stock, $1.00 par value|400|181.4402|D",2026-08-06 03:29:58+0000,HSY,HERSHEY CO,0000047111,4,2026-08-03,2026-07-30,0000950142-26-002252,https://www.sec.gov/Archives/edgar/data/47111/000095014226002252/es260815025_4-hsy.xml,nonDerivative,2026-07-30,S,"Common Stock, $1.00 par value",400,181.4402,72576.08,1116419,D,HERSHEY TRUST CO TRUSTEE IN TRUST FOR MILTON HERSHEY SCHOOL,10% Owner,0,0,1,,SEC EDGAR
"HSY|0000950142-26-002252|nonDerivative|2026-07-30|HERSHEY TRUST CO TRUSTEE IN TRUST FOR MILTON HERSHEY SCHOOL|S|Common Stock, $1.00 par value|300|182.2767|D",2026-08-06 03:29:58+0000,HSY,HERSHEY CO,0000047111,4,2026-08-03,2026-07-30,0000950142-26-002252,https://www.sec.gov/Archives/edgar/data/47111/000095014226002252/es260815025_4-hsy.xml,nonDerivative,2026-07-30,S,"Common Stock, $1.00 par value",300,182.2767,54683.01,1116119,D,HERSHEY TRUST CO TRUSTEE IN TRUST FOR MILTON HERSHEY SCHOOL,10% Owner,0,0,1,,SEC EDGAR
"HSY|0000950142-26-002252|nonDerivative|2026-07-31|HERSHEY TRUST CO TRUSTEE IN TRUST FOR MILTON HERSHEY SCHOOL|S|Common Stock, $1.00 par value|2107|174.7271|D",2026-08-06 03:29:58+0000,HSY,HERSHEY CO,0000047111,4,2026-08-03,2026-07-30,0000950142-26-002252,https://www.sec.gov/Archives/edgar/data/47111/000095014226002252/es260815025_4-hsy.xml,nonDerivative,2026-07-31,S,"Common Stock, $1.00 par value",2107,174.7271,368149.99970000004,1114012,D,HERSHEY TRUST CO TRUSTEE IN TRUST FOR MILTON HERSHEY SCHOOL,10% Owner,0,0,1,,SEC EDGAR
"HSY|0000950142-26-002252|nonDerivative|2026-07-31|HERSHEY TRUST CO TRUSTEE IN TRUST FOR MILTON HERSHEY SCHOOL|S|Common Stock, $1.00 par value|6559|175.3267|D",2026-08-06 03:29:58+0000,HSY,HERSHEY CO,0000047111,4,2026-08-03,2026-07-30,0000950142-26-002252,https://www.sec.gov/Archives/edgar/data/47111/000095014226002252/es260815025_4-hsy.xml,nonDerivative,2026-07-31,S,"Common Stock, $1.00 par value",6559,175.3267,1149967.8253,1107453,D,HERSHEY TRUST CO TRUSTEE IN TRUST FOR MILTON HERSHEY SCHOOL,10% Owner,0,0,1,,SEC EDGAR
"HSY|0000950142-26-002252|nonDerivative|2026-07-31|HERSHEY TRUST CO TRUSTEE IN TRUST FOR MILTON HERSHEY SCHOOL|S|Common Stock, $1.00 par value|1267|176.4008|D",2026-08-06 03:29:58+0000,HSY,HERSHEY CO,0000047111,4,2026-08-03,2026-07-30,0000950142-26-002252,https://www.sec.gov/Archives/edgar/data/47111/000095014226002252/es260815025_4-hsy.xml,nonDerivative,2026-07-31,S,"Common Stock, $1.00 par value",1267,176.4008,223499.8136,1106186,D,HERSHEY TRUST CO TRUSTEE IN TRUST FOR MILTON HERSHEY SCHOOL,10% Owner,0,0,1,,SEC EDGAR
"HSY|0000950142-26-002252|nonDerivative|2026-07-31|HERSHEY TRUST CO TRUSTEE IN TRUST FOR MILTON HERSHEY SCHOOL|S|Common Stock, $1.00 par value|67|177.1556|D",2026-08-06 03:29:58+0000,HSY,HERSHEY CO,0000047111,4,2026-08-03,2026-07-30,0000950142-26-002252,https://www.sec.gov/Archives/edgar/data/47111/000095014226002252/es260815025_4-hsy.xml,nonDerivative,2026-07-31,S,"Common Stock, $1.00 par value",67,177.1556,11869.4252,1106119,D,HERSHEY TRUST CO TRUSTEE IN TRUST FOR MILTON HERSHEY SCHOOL,10% Owner,0,0,1,,SEC EDGAR
"HOOD|0001783879-26-000118|nonDerivative|2026-07-30|Robinhood Markets, Inc.|S|Common Shares of Beneficial Interest|3965|25.04|D",2026-08-06 03:29:58+0000,HOOD,"Robinhood Markets, Inc.",0001783879,4,2026-08-03,2026-07-30,0001783879-26-000118,https://www.sec.gov/Archives/edgar/data/1783879/000178387926000118/wk-form4_1785797676.xml,nonDerivative,2026-07-30,S,Common Shares of Beneficial Interest,3965,25.04,99283.59999999999,13154877,D,"Robinhood Markets, Inc.",10% Owner,0,0,1,,SEC EDGAR
"HOOD|0001783879-26-000118|nonDerivative|2026-07-31|Robinhood Markets, Inc.|S|Common Shares of Beneficial Interest|879|25.08|D",2026-08-06 03:29:58+0000,HOOD,"Robinhood Markets, Inc.",0001783879,4,2026-08-03,2026-07-30,0001783879-26-000118,https://www.sec.gov/Archives/edgar/data/1783879/000178387926000118/wk-form4_1785797676.xml,nonDerivative,2026-07-31,S,Common Shares of Beneficial Interest,879,25.08,22045.32,13153998,D,"Robinhood Markets, Inc.",10% Owner,0,0,1,,SEC EDGAR
HON|0002004222-26-000009|nonDerivative|2026-08-03|West Kenneth J|S|Common Stock|316|245.47|D,2026-08-06 03:29:58+0000,HON,HONEYWELL INTERNATIONAL INC,0000773840,4,2026-08-03,2026-08-03,0002004222-26-000009,https://www.sec.gov/Archives/edgar/data/773840/000200422226000009/wk-form4_1785792247.xml,nonDerivative,2026-08-03,S,Common Stock,316,245.47,77568.52,2004,D,West Kenneth J,"Officer, Pres/CEO Process Technologies",0,1,0,Pres/CEO Process Technologies,SEC EDGAR
HON|0002004222-26-000008|nonDerivative|2026-07-30|West Kenneth J|M|Common Stock|403||D,2026-08-06 03:29:58+0000,HON,HONEYWELL INTERNATIONAL INC,0000773840,4,2026-08-03,2026-07-30,0002004222-26-000008,https://www.sec.gov/Archives/edgar/data/773840/000200422226000008/wk-form4_1785787758.xml,nonDerivative,2026-07-30,M,Common Stock,403,,,2535,D,West Kenneth J,"Officer, Pres/CEO Process Technologies",0,1,0,Pres/CEO Process Technologies,SEC EDGAR
HON|0002004222-26-000008|nonDerivative|2026-07-30|West Kenneth J|F|Common Stock|215|239.89|D,2026-08-06 03:29:58+0000,HON,HONEYWELL INTERNATIONAL INC,0000773840,4,2026-08-03,2026-07-30,0002004222-26-000008,https://www.sec.gov/Archives/edgar/data/773840/000200422226000008/wk-form4_1785787758.xml,nonDerivative,2026-07-30,F,Common Stock,215,239.89,51576.35,2320,D,West Kenneth J,"Officer, Pres/CEO Process Technologies",0,1,0,Pres/CEO Process Technologies,SEC EDGAR
HON|0002004222-26-000008|derivative|2026-07-30|West Kenneth J|M|Restricted Stock Units|403|0|D,2026-08-06 03:29:58+0000,HON,HONEYWELL INTERNATIONAL INC,0000773840,4,2026-08-03,2026-07-30,0002004222-26-000008,https://www.sec.gov/Archives/edgar/data/773840/000200422226000008/wk-form4_1785787758.xml,derivative,2026-07-30,M,Restricted Stock Units,403,0,0.0,0,D,West Kenneth J,"Officer, Pres/CEO Process Technologies",0,1,0,Pres/CEO Process Technologies,SEC EDGAR
HON|0002056381-26-000005|nonDerivative|2026-07-30|Stepniak Michal|M|Common Stock|604||D,2026-08-06 03:29:58+0000,HON,HONEYWELL INTERNATIONAL INC,0000773840,4,2026-08-03,2026-07-30,0002056381-26-000005,https://www.sec.gov/Archives/edgar/data/773840/000205638126000005/wk-form4_1785787972.xml,nonDerivative,2026-07-30,M,Common Stock,604,,,2968,D,Stepniak Michal,"Officer, SrVP & Chief Financial Officer",0,1,0,SrVP & Chief Financial Officer,SEC EDGAR
HON|0002056381-26-000005|nonDerivative|2026-07-30|Stepniak Michal|F|Common Stock|263|239.89|D,2026-08-06 03:29:58+0000,HON,HONEYWELL INTERNATIONAL INC,0000773840,4,2026-08-03,2026-07-30,0002056381-26-000005,https://www.sec.gov/Archives/edgar/data/773840/000205638126000005/wk-form4_1785787972.xml,nonDerivative,2026-07-30,F,Common Stock,263,239.89,63091.07,2705,D,Stepniak Michal,"Officer, SrVP & Chief Financial Officer",0,1,0,SrVP & Chief Financial Officer,SEC EDGAR
HON|0002056381-26-000005|derivative|2026-07-30|Stepniak Michal|M|Restricted Stock Units|604|0|D,2026-08-06 03:29:58+0000,HON,HONEYWELL INTERNATIONAL INC,0000773840,4,2026-08-03,2026-07-30,0002056381-26-000005,https://www.sec.gov/Archives/edgar/data/773840/000205638126000005/wk-form4_1785787972.xml,derivative,2026-07-30,M,Restricted Stock Units,604,0,0.0,0,D,Stepniak Michal,"Officer, SrVP & Chief Financial Officer",0,1,0,SrVP & Chief Financial Officer,SEC EDGAR
HON|0001748614-26-000008|nonDerivative|2026-07-30|Lu Su Ping|M|Common Stock|471||D,2026-08-06 03:29:58+0000,HON,HONEYWELL INTERNATIONAL INC,0000773840,4,2026-08-03,2026-07-30,0001748614-26-000008,https://www.sec.gov/Archives/edgar/data/773840/000174861426000008/wk-form4_1785787520.xml,nonDerivative,2026-07-30,M,Common Stock,471,,,5531,D,Lu Su Ping,"Officer, SrVP, General Counsel, CorpSec",0,1,0,"SrVP, General Counsel, CorpSec",SEC EDGAR
HON|0001748614-26-000008|nonDerivative|2026-07-30|Lu Su Ping|F|Common Stock|205|239.89|D,2026-08-06 03:29:58+0000,HON,HONEYWELL INTERNATIONAL INC,0000773840,4,2026-08-03,2026-07-30,0001748614-26-000008,https://www.sec.gov/Archives/edgar/data/773840/000174861426000008/wk-form4_1785787520.xml,nonDerivative,2026-07-30,F,Common Stock,205,239.89,49177.45,5326,D,Lu Su Ping,"Officer, SrVP, General Counsel, CorpSec",0,1,0,"SrVP, General Counsel, CorpSec",SEC EDGAR
HON|0001748614-26-000008|derivative|2026-07-30|Lu Su Ping|M|Restricted Stock Units|471|0|D,2026-08-06 03:29:58+0000,HON,HONEYWELL INTERNATIONAL INC,0000773840,4,2026-08-03,2026-07-30,0001748614-26-000008,https://www.sec.gov/Archives/edgar/data/773840/000174861426000008/wk-form4_1785787520.xml,derivative,2026-07-30,M,Restricted Stock Units,471,0,0.0,0,D,Lu Su Ping,"Officer, SrVP, General Counsel, CorpSec",0,1,0,"SrVP, General Counsel, CorpSec",SEC EDGAR
GM|0001866710-26-000007|nonDerivative|2026-07-30|DIXTON GRANT MICHAEL|M|Common Stock|79132|0|D,2026-08-06 03:29:58+0000,GM,General Motors Co,0001467858,4,2026-08-03,2026-07-30,0001866710-26-000007,https://www.sec.gov/Archives/edgar/data/1467858/000186671026000007/wk-form4_1785794122.xml,nonDerivative,2026-07-30,M,Common Stock,79132,0,0.0,130048,D,DIXTON GRANT MICHAEL,"Officer, Executive Vice President",0,1,0,Executive Vice President,SEC EDGAR
GM|0001866710-26-000007|nonDerivative|2026-07-30|DIXTON GRANT MICHAEL|F|Common Stock|35056|88.40|D,2026-08-06 03:29:58+0000,GM,General Motors Co,0001467858,4,2026-08-03,2026-07-30,0001866710-26-000007,https://www.sec.gov/Archives/edgar/data/1467858/000186671026000007/wk-form4_1785794122.xml,nonDerivative,2026-07-30,F,Common Stock,35056,88.40,3098950.4000000004,94992,D,DIXTON GRANT MICHAEL,"Officer, Executive Vice President",0,1,0,Executive Vice President,SEC EDGAR
GM|0001866710-26-000007|nonDerivative|2026-08-03|DIXTON GRANT MICHAEL|S|Common Stock|40000|88.44|D,2026-08-06 03:29:58+0000,GM,General Motors Co,0001467858,4,2026-08-03,2026-07-30,0001866710-26-000007,https://www.sec.gov/Archives/edgar/data/1467858/000186671026000007/wk-form4_1785794122.xml,nonDerivative,2026-08-03,S,Common Stock,40000,88.44,3537600.0,54992,D,DIXTON GRANT MICHAEL,"Officer, Executive Vice President",0,1,0,Executive Vice President,SEC EDGAR
GM|0001866710-26-000007|derivative|2026-07-30|DIXTON GRANT MICHAEL|M|Restricted Stock Units|79132|0|D,2026-08-06 03:29:58+0000,GM,General Motors Co,0001467858,4,2026-08-03,2026-07-30,0001866710-26-000007,https://www.sec.gov/Archives/edgar/data/1467858/000186671026000007/wk-form4_1785794122.xml,derivative,2026-07-30,M,Restricted Stock Units,79132,0,0.0,0,D,DIXTON GRANT MICHAEL,"Officer, Executive Vice President",0,1,0,Executive Vice President,SEC EDGAR
GL|0000320335-26-000214|nonDerivative|2026-07-31|Darden James Matthew|M|Common Stock|50000|98.32|D,2026-08-06 03:29:58+0000,GL,GLOBE LIFE INC.,0000320335,4,2026-08-03,2026-07-31,0000320335-26-000214,https://www.sec.gov/Archives/edgar/data/320335/000032033526000214/form4.xml,nonDerivative,2026-07-31,M,Common Stock,50000,98.32,4916000.0,108451.4598,D,Darden James Matthew,"Director, Officer, Co-Chairman & CEO",1,1,0,Co-Chairman & CEO,SEC EDGAR
GL|0000320335-26-000214|nonDerivative|2026-07-31|Darden James Matthew|S|Common Stock|49600|182.4253|D,2026-08-06 03:29:58+0000,GL,GLOBE LIFE INC.,0000320335,4,2026-08-03,2026-07-31,0000320335-26-000214,https://www.sec.gov/Archives/edgar/data/320335/000032033526000214/form4.xml,nonDerivative,2026-07-31,S,Common Stock,49600,182.4253,9048294.879999999,58851.4598,D,Darden James Matthew,"Director, Officer, Co-Chairman & CEO",1,1,0,Co-Chairman & CEO,SEC EDGAR
GL|0000320335-26-000214|nonDerivative|2026-07-31|Darden James Matthew|S|Common Stock|400|183.3575|D,2026-08-06 03:29:58+0000,GL,GLOBE LIFE INC.,0000320335,4,2026-08-03,2026-07-31,0000320335-26-000214,https://www.sec.gov/Archives/edgar/data/320335/000032033526000214/form4.xml,nonDerivative,2026-07-31,S,Common Stock,400,183.3575,73343.0,58451.4598,D,Darden James Matthew,"Director, Officer, Co-Chairman & CEO",1,1,0,Co-Chairman & CEO,SEC EDGAR
GL|0000320335-26-000214|derivative|2026-07-31|Darden James Matthew|M|Employee Stock Option (Right to Buy)|50000|0|D,2026-08-06 03:29:58+0000,GL,GLOBE LIFE INC.,0000320335,4,2026-08-03,2026-07-31,0000320335-26-000214,https://www.sec.gov/Archives/edgar/data/320335/000032033526000214/form4.xml,derivative,2026-07-31,M,Employee Stock Option (Right to Buy),50000,0,0.0,0,D,Darden James Matthew,"Director, Officer, Co-Chairman & CEO",1,1,0,Co-Chairman & CEO,SEC EDGAR
FISV|0001549373-26-000012|nonDerivative|2026-08-03|Rosman Adam L.|A|Common Stock|36799|0|D,2026-08-06 03:29:58+0000,FISV,FISERV INC,0000798354,4,2026-08-03,2026-08-03,0001549373-26-000012,https://www.sec.gov/Archives/edgar/data/798354/000154937326000012/wk-form4_1785795842.xml,nonDerivative,2026-08-03,A,Common Stock,36799,0,0.0,173523,D,Rosman Adam L.,"Officer, Chief Admin. and Legal Officer",0,1,0,Chief Admin. and Legal Officer,SEC EDGAR
FFIV|0001764727-26-000008|nonDerivative|2026-07-30|MEHTA NIKHIL RAMESH|S|Common Stock|943|387.0666|D,2026-08-06 03:29:58+0000,FFIV,"F5, INC.",0001048695,4,2026-08-03,2026-07-30,0001764727-26-000008,https://www.sec.gov/Archives/edgar/data/1048695/000176472726000008/wk-form4_1785793325.xml,nonDerivative,2026-07-30,S,Common Stock,943,387.0666,365003.8038,10100,D,MEHTA NIKHIL RAMESH,Director,1,0,0,,SEC EDGAR
FFIV|0001764727-26-000008|nonDerivative|2026-07-30|MEHTA NIKHIL RAMESH|S|Common Stock|717|388.1014|D,2026-08-06 03:29:58+0000,FFIV,"F5, INC.",0001048695,4,2026-08-03,2026-07-30,0001764727-26-000008,https://www.sec.gov/Archives/edgar/data/1048695/000176472726000008/wk-form4_1785793325.xml,nonDerivative,2026-07-30,S,Common Stock,717,388.1014,278268.7038,9383,D,MEHTA NIKHIL RAMESH,Director,1,0,0,,SEC EDGAR
FFIV|0001764727-26-000008|nonDerivative|2026-07-30|MEHTA NIKHIL RAMESH|S|Common Stock|692|388.6797|D,2026-08-06 03:29:58+0000,FFIV,"F5, INC.",0001048695,4,2026-08-03,2026-07-30,0001764727-26-000008,https://www.sec.gov/Archives/edgar/data/1048695/000176472726000008/wk-form4_1785793325.xml,nonDerivative,2026-07-30,S,Common Stock,692,388.6797,268966.35240000003,8691,D,MEHTA NIKHIL RAMESH,Director,1,0,0,,SEC EDGAR
FFIV|0001764727-26-000008|nonDerivative|2026-07-30|MEHTA NIKHIL RAMESH|S|Common Stock|992|390.0704|D,2026-08-06 03:29:58+0000,FFIV,"F5, INC.",0001048695,4,2026-08-03,2026-07-30,0001764727-26-000008,https://www.sec.gov/Archives/edgar/data/1048695/000176472726000008/wk-form4_1785793325.xml,nonDerivative,2026-07-30,S,Common Stock,992,390.0704,386949.8368,7699,D,MEHTA NIKHIL RAMESH,Director,1,0,0,,SEC EDGAR
FFIV|0001764727-26-000008|nonDerivative|2026-07-30|MEHTA NIKHIL RAMESH|S|Common Stock|458|390.9308|D,2026-08-06 03:29:58+0000,FFIV,"F5, INC.",0001048695,4,2026-08-03,2026-07-30,0001764727-26-000008,https://www.sec.gov/Archives/edgar/data/1048695/000176472726000008/wk-form4_1785793325.xml,nonDerivative,2026-07-30,S,Common Stock,458,390.9308,179046.3064,7241,D,MEHTA NIKHIL RAMESH,Director,1,0,0,,SEC EDGAR
FFIV|0001764727-26-000008|nonDerivative|2026-07-30|MEHTA NIKHIL RAMESH|S|Common Stock|198|391.7178|D,2026-08-06 03:29:58+0000,FFIV,"F5, INC.",0001048695,4,2026-08-03,2026-07-30,0001764727-26-000008,https://www.sec.gov/Archives/edgar/data/1048695/000176472726000008/wk-form4_1785793325.xml,nonDerivative,2026-07-30,S,Common Stock,198,391.7178,77560.1244,7043,D,MEHTA NIKHIL RAMESH,Director,1,0,0,,SEC EDGAR
FCX|0001214659-26-009498|nonDerivative|2026-07-30|Higgins Stephen T.|S|Common Stock|7550|63.0000|I,2026-08-06 03:29:58+0000,FCX,FREEPORT-MCMORAN INC,0000831259,4,2026-08-03,2026-07-30,0001214659-26-009498,https://www.sec.gov/Archives/edgar/data/831259/000121465926009498/marketforms-73649.xml,nonDerivative,2026-07-30,S,Common Stock,7550,63.0000,475650.0,68895,I,Higgins Stephen T.,EVP & CAO,false,true,false,EVP & CAO,SEC EDGAR
ERIE|0001628280-26-051621|derivative|2026-07-31|Vorsheck Elizabeth A|A|Directors' Deferred Compensation Share Credits|65|0|D,2026-08-06 03:29:58+0000,ERIE,ERIE INDEMNITY CO,0000922621,4,2026-08-03,2026-07-31,0001628280-26-051621,https://www.sec.gov/Archives/edgar/data/922621/000162828026051621/wk-form4_1785772162.xml,derivative,2026-07-31,A,Directors' Deferred Compensation Share Credits,65,0,0.0,14625.846,D,Vorsheck Elizabeth A,"Director, 10% Owner",1,0,1,,SEC EDGAR
ERIE|0001628280-26-051643|nonDerivative|2026-07-31|Smith Douglas Edward|J|Class A Common Stock|2.577|242.04|D,2026-08-06 03:29:58+0000,ERIE,ERIE INDEMNITY CO,0000922621,4,2026-08-03,2026-07-31,0001628280-26-051643,https://www.sec.gov/Archives/edgar/data/922621/000162828026051643/wk-form4_1785773809.xml,nonDerivative,2026-07-31,J,Class A Common Stock,2.577,242.04,623.73708,5172.201,D,Smith Douglas Edward,"Officer, EVP",0,1,0,EVP,SEC EDGAR
ERIE|0001628280-26-051639|nonDerivative|2026-07-31|Shine Sarah|J|Class A Common Stock|11.051|242.04|D,2026-08-06 03:29:58+0000,ERIE,ERIE INDEMNITY CO,0000922621,4,2026-08-03,2026-07-31,0001628280-26-051639,https://www.sec.gov/Archives/edgar/data/922621/000162828026051639/wk-form4_1785773656.xml,nonDerivative,2026-07-31,J,Class A Common Stock,11.051,242.04,2674.78404,568.573,D,Shine Sarah,"Officer, Executive Vice President",0,1,0,Executive Vice President,SEC EDGAR
ERIE|0001628280-26-051637|nonDerivative|2026-07-31|Pelkowski Julie Marie|J|Class A Common Stock|3.394|242.04|D,2026-08-06 03:29:58+0000,ERIE,ERIE INDEMNITY CO,0000922621,4,2026-08-03,2026-07-31,0001628280-26-051637,https://www.sec.gov/Archives/edgar/data/922621/000162828026051637/wk-form4_1785773414.xml,nonDerivative,2026-07-31,J,Class A Common Stock,3.394,242.04,821.48376,675.394,D,Pelkowski Julie Marie,"Officer, EVP & CFO",0,1,0,EVP & CFO,SEC EDGAR
ERIE|0001628280-26-051614|derivative|2026-07-31|Palmer Thomas W|J|Directors' Deferred Compensation Share Credits|65|242.04|D,2026-08-06 03:29:58+0000,ERIE,ERIE INDEMNITY CO,0000922621,4,2026-08-03,2026-07-31,0001628280-26-051614,https://www.sec.gov/Archives/edgar/data/922621/000162828026051614/wk-form4_1785771156.xml,derivative,2026-07-31,J,Directors' Deferred Compensation Share Credits,65,242.04,15732.6,15890.356,D,Palmer Thomas W,Director,1,0,0,,SEC EDGAR
ERIE|0001628280-26-051607|derivative|2026-07-31|Hudson Brian Arden Sr.|J|Directors' Deferred Compensation Share Credits|65|242.04|D,2026-08-06 03:29:58+0000,ERIE,ERIE INDEMNITY CO,0000922621,4,2026-08-03,2026-07-31,0001628280-26-051607,https://www.sec.gov/Archives/edgar/data/922621/000162828026051607/wk-form4_1785770799.xml,derivative,2026-07-31,J,Directors' Deferred Compensation Share Credits,65,242.04,15732.6,3454.127,D,Hudson Brian Arden Sr.,Director,1,0,0,,SEC EDGAR
ERIE|0001628280-26-051602|derivative|2026-07-31|Hagen Thomas B|J|Directors' Deferred Compensation Share Credits|65|242.04|D,2026-08-06 03:29:58+0000,ERIE,ERIE INDEMNITY CO,0000922621,4,2026-08-03,2026-07-31,0001628280-26-051602,https://www.sec.gov/Archives/edgar/data/922621/000162828026051602/wk-form4_1785770276.xml,derivative,2026-07-31,J,Directors' Deferred Compensation Share Credits,65,242.04,15732.6,14625.851,D,Hagen Thomas B,Director,1,0,0,,SEC EDGAR
ERIE|0001628280-26-051592|derivative|2026-07-31|Hagen Jonathan Hirt|J|Directors' Deferred Compensation Share Credits|65|242.04|D,2026-08-06 03:29:58+0000,ERIE,ERIE INDEMNITY CO,0000922621,4,2026-08-03,2026-07-31,0001628280-26-051592,https://www.sec.gov/Archives/edgar/data/922621/000162828026051592/wk-form4_1785769367.xml,derivative,2026-07-31,J,Directors' Deferred Compensation Share Credits,65,242.04,15732.6,17175.739,D,Hagen Jonathan Hirt,Director,1,0,0,,SEC EDGAR
ERIE|0001628280-26-051604|derivative|2026-07-31|HARTZ CHARLES SCOTT|J|Directors' Deferred Compensation Share Credits|65|242.04|D,2026-08-06 03:29:58+0000,ERIE,ERIE INDEMNITY CO,0000922621,4,2026-08-03,2026-07-31,0001628280-26-051604,https://www.sec.gov/Archives/edgar/data/922621/000162828026051604/wk-form4_1785770513.xml,derivative,2026-07-31,J,Directors' Deferred Compensation Share Credits,65,242.04,15732.6,19506.845,D,HARTZ CHARLES SCOTT,Director,1,0,0,,SEC EDGAR
ERIE|0001628280-26-051597|derivative|2026-07-31|Edwards William David|J|Directors' Deferred Compensation Share Credits|65|242.04|D,2026-08-06 03:29:58+0000,ERIE,ERIE INDEMNITY CO,0000922621,4,2026-08-03,2026-07-31,0001628280-26-051597,https://www.sec.gov/Archives/edgar/data/922621/000162828026051597/wk-form4_1785769671.xml,derivative,2026-07-31,J,Directors' Deferred Compensation Share Credits,65,242.04,15732.6,66.762,D,Edwards William David,Director,1,0,0,,SEC EDGAR
ERIE|0001628280-26-051586|derivative|2026-07-31|Datesh LuAnn|J|Directors' Deferred Compensation Share Credits|65|242.04|D,2026-08-06 03:29:58+0000,ERIE,ERIE INDEMNITY CO,0000922621,4,2026-08-03,2026-07-31,0001628280-26-051586,https://www.sec.gov/Archives/edgar/data/922621/000162828026051586/wk-form4_1785767811.xml,derivative,2026-07-31,J,Directors' Deferred Compensation Share Credits,65,242.04,15732.6,4256.076,D,Datesh LuAnn,Director,1,0,0,,SEC EDGAR
ERIE|0001628280-26-051636|nonDerivative|2026-07-31|DaBreo Anthony|J|Class A Common Stock|8.959|242.04|D,2026-08-06 03:29:58+0000,ERIE,ERIE INDEMNITY CO,0000922621,4,2026-08-03,2026-07-31,0001628280-26-051636,https://www.sec.gov/Archives/edgar/data/922621/000162828026051636/wk-form4_1785773260.xml,nonDerivative,2026-07-31,J,Class A Common Stock,8.959,242.04,2168.4363599999997,920.633,D,DaBreo Anthony,"Officer, Senior Vice President, Life",0,1,0,"Senior Vice President, Life",SEC EDGAR
ERIE|0001628280-26-051580|derivative|2026-07-31|Correnti Salvatore|J|Directors' Deferred Compensation Share Credits|65|242.04|D,2026-08-06 03:29:58+0000,ERIE,ERIE INDEMNITY CO,0000922621,4,2026-08-03,2026-07-31,0001628280-26-051580,https://www.sec.gov/Archives/edgar/data/922621/000162828026051580/wk-form4_1785766928.xml,derivative,2026-07-31,J,Directors' Deferred Compensation Share Credits,65,242.04,15732.6,2867.147,D,Correnti Salvatore,Director,1,0,0,,SEC EDGAR
ERIE|0001628280-26-051629|nonDerivative|2026-07-31|Cook Cody|J|Class A Common Stock|11.768|242.04|D,2026-08-06 03:29:58+0000,ERIE,ERIE INDEMNITY CO,0000922621,4,2026-08-03,2026-07-31,0001628280-26-051629,https://www.sec.gov/Archives/edgar/data/922621/000162828026051629/wk-form4_1785772681.xml,nonDerivative,2026-07-31,J,Class A Common Stock,11.768,242.04,2848.32672,1159.036,D,Cook Cody,"Officer, Executive Vice President",0,1,0,Executive Vice President,SEC EDGAR
ERIE|0001628280-26-051574|derivative|2026-07-31|CONNELL EUGENE C|J|Directors' Deferred Compensation Share Credits|65|242.04|D,2026-08-06 03:29:58+0000,ERIE,ERIE INDEMNITY CO,0000922621,4,2026-08-03,2026-07-31,0001628280-26-051574,https://www.sec.gov/Archives/edgar/data/922621/000162828026051574/wk-form4_1785766170.xml,derivative,2026-07-31,J,Directors' Deferred Compensation Share Credits,65,242.04,15732.6,3454.13,D,CONNELL EUGENE C,Director,1,0,0,,SEC EDGAR
ERIE|0001628280-26-051572|derivative|2026-07-31|BORNEMAN J RALPH JR|J|Directors' Deferred Compensation Share Credits|65|242.04|D,2026-08-06 03:29:58+0000,ERIE,ERIE INDEMNITY CO,0000922621,4,2026-08-03,2026-07-31,0001628280-26-051572,https://www.sec.gov/Archives/edgar/data/922621/000162828026051572/wk-form4_1785765901.xml,derivative,2026-07-31,J,Directors' Deferred Compensation Share Credits,65,242.04,15732.6,20625.311,D,BORNEMAN J RALPH JR,Director,1,0,0,,SEC EDGAR
EQIX|0001101239-26-000149|nonDerivative|2026-08-03|PAISLEY CHRISTOPHER B|S|Common Stock|4000|1019.28|I,2026-08-06 03:29:58+0000,EQIX,EQUINIX INC,0001101239,4,2026-08-03,2026-08-03,0001101239-26-000149,https://www.sec.gov/Archives/edgar/data/1101239/000110123926000149/form4.xml,nonDerivative,2026-08-03,S,Common Stock,4000,1019.28,4077120.0,13859,I,PAISLEY CHRISTOPHER B,Director,1,,,,SEC EDGAR
EME|0000105634-26-000121|nonDerivative|2026-07-31|Nalbandian Jason R|A|Common Stock|4|0|D,2026-08-06 03:29:58+0000,EME,"EMCOR Group, Inc.",0000105634,4,2026-08-03,2026-07-31,0000105634-26-000121,https://www.sec.gov/Archives/edgar/data/105634/000010563426000121/form4.xml,nonDerivative,2026-07-31,A,Common Stock,4,0,0.0,18161,D,Nalbandian Jason R,"Officer, SVP, Chief Acct Officer & CFO",0,1,0,"SVP, Chief Acct Officer & CFO",SEC EDGAR
EME|0000105634-26-000119|nonDerivative|2026-07-31|Mauricio Maxine Lum|A|Common Stock|4|0|D,2026-08-06 03:29:58+0000,EME,"EMCOR Group, Inc.",0000105634,4,2026-08-03,2026-07-31,0000105634-26-000119,https://www.sec.gov/Archives/edgar/data/105634/000010563426000119/form4.xml,nonDerivative,2026-07-31,A,Common Stock,4,0,0.0,22484,D,Mauricio Maxine Lum,"Officer, CAO, EVP & General Counsel",0,1,0,"CAO, EVP & General Counsel",SEC EDGAR
EME|0000105634-26-000117|nonDerivative|2026-07-31|Guzzi Anthony|A|Common Stock|13|0|D,2026-08-06 03:29:58+0000,EME,"EMCOR Group, Inc.",0000105634,4,2026-08-03,2026-07-31,0000105634-26-000117,https://www.sec.gov/Archives/edgar/data/105634/000010563426000117/form4.xml,nonDerivative,2026-07-31,A,Common Stock,13,0,0.0,167325,D,Guzzi Anthony,"Director, Officer, Chairman, President and CEO",1,1,0,"Chairman, President and CEO",SEC EDGAR
EME|0000105634-26-000123|nonDerivative|2026-07-31|Altmeyer John W|A|Common Stock|3|0|D,2026-08-06 03:29:58+0000,EME,"EMCOR Group, Inc.",0000105634,4,2026-08-03,2026-07-31,0000105634-26-000123,https://www.sec.gov/Archives/edgar/data/105634/000010563426000123/form4.xml,nonDerivative,2026-07-31,A,Common Stock,3,0,0.0,33923,D,Altmeyer John W,Director,1,0,0,,SEC EDGAR
DLTR|0000935703-26-000097|nonDerivative|2026-08-01|Stahl Stephanie|C|Common Stock|1185||D,2026-08-06 03:29:58+0000,DLTR,"DOLLAR TREE, INC.",0000935703,4,2026-08-03,2026-08-01,0000935703-26-000097,https://www.sec.gov/Archives/edgar/data/935703/000093570326000097/form4.xml,nonDerivative,2026-08-01,C,Common Stock,1185,,,5274,D,Stahl Stephanie,Director,1,,,,SEC EDGAR
DLTR|0000935703-26-000097|derivative|2026-08-01|Stahl Stephanie|C|Phantom Stock|1185||D,2026-08-06 03:29:58+0000,DLTR,"DOLLAR TREE, INC.",0000935703,4,2026-08-03,2026-08-01,0000935703-26-000097,https://www.sec.gov/Archives/edgar/data/935703/000093570326000097/form4.xml,derivative,2026-08-01,C,Phantom Stock,1185,,,0,D,Stahl Stephanie,Director,1,,,,SEC EDGAR
DLTR|0000935703-26-000095|nonDerivative|2026-08-02|Maheshwari Aditya|F|Common Stock|127|127.21|D,2026-08-06 03:29:58+0000,DLTR,"DOLLAR TREE, INC.",0000935703,4,2026-08-03,2026-08-02,0000935703-26-000095,https://www.sec.gov/Archives/edgar/data/935703/000093570326000095/form4.xml,nonDerivative,2026-08-02,F,Common Stock,127,127.21,16155.67,5896,D,Maheshwari Aditya,"Officer, Chief Accounting Officer",,1,,Chief Accounting Officer,SEC EDGAR
DDOG|0001561550-26-000254|nonDerivative|2026-07-30|Agarwal Amit|C|Class A Common Stock|20000|0|I,2026-08-06 03:29:58+0000,DDOG,"Datadog, Inc.",0001561550,4,2026-08-03,2026-07-30,0001561550-26-000254,https://www.sec.gov/Archives/edgar/data/1561550/000156155026000254/wk-form4_1785791412.xml,nonDerivative,2026-07-30,C,Class A Common Stock,20000,0,0.0,21640,I,Agarwal Amit,Director,1,0,0,,SEC EDGAR
DDOG|0001561550-26-000254|nonDerivative|2026-07-30|Agarwal Amit|S|Class A Common Stock|600|264.3533|I,2026-08-06 03:29:58+0000,DDOG,"Datadog, Inc.",0001561550,4,2026-08-03,2026-07-30,0001561550-26-000254,https://www.sec.gov/Archives/edgar/data/1561550/000156155026000254/wk-form4_1785791412.xml,nonDerivative,2026-07-30,S,Class A Common Stock,600,264.3533,158611.97999999998,21040,I,Agarwal Amit,Director,1,0,0,,SEC EDGAR
DDOG|0001561550-26-000254|nonDerivative|2026-07-30|Agarwal Amit|S|Class A Common Stock|2047|265.2699|I,2026-08-06 03:29:58+0000,DDOG,"Datadog, Inc.",0001561550,4,2026-08-03,2026-07-30,0001561550-26-000254,https://www.sec.gov/Archives/edgar/data/1561550/000156155026000254/wk-form4_1785791412.xml,nonDerivative,2026-07-30,S,Class A Common Stock,2047,265.2699,543007.4853000001,18993,I,Agarwal Amit,Director,1,0,0,,SEC EDGAR
DDOG|0001561550-26-000254|nonDerivative|2026-07-30|Agarwal Amit|S|Class A Common Stock|6969|266.3233|I,2026-08-06 03:29:58+0000,DDOG,"Datadog, Inc.",0001561550,4,2026-08-03,2026-07-30,0001561550-26-000254,https://www.sec.gov/Archives/edgar/data/1561550/000156155026000254/wk-form4_1785791412.xml,nonDerivative,2026-07-30,S,Class A Common Stock,6969,266.3233,1856007.0777,12024,I,Agarwal Amit,Director,1,0,0,,SEC EDGAR
DDOG|0001561550-26-000254|nonDerivative|2026-07-30|Agarwal Amit|S|Class A Common Stock|7084|267.1573|I,2026-08-06 03:29:58+0000,DDOG,"Datadog, Inc.",0001561550,4,2026-08-03,2026-07-30,0001561550-26-000254,https://www.sec.gov/Archives/edgar/data/1561550/000156155026000254/wk-form4_1785791412.xml,nonDerivative,2026-07-30,S,Class A Common Stock,7084,267.1573,1892542.3132000002,4940,I,Agarwal Amit,Director,1,0,0,,SEC EDGAR
DDOG|0001561550-26-000254|nonDerivative|2026-07-30|Agarwal Amit|S|Class A Common Stock|1700|268.1159|I,2026-08-06 03:29:58+0000,DDOG,"Datadog, Inc.",0001561550,4,2026-08-03,2026-07-30,0001561550-26-000254,https://www.sec.gov/Archives/edgar/data/1561550/000156155026000254/wk-form4_1785791412.xml,nonDerivative,2026-07-30,S,Class A Common Stock,1700,268.1159,455797.03,3240,I,Agarwal Amit,Director,1,0,0,,SEC EDGAR
DDOG|0001561550-26-000254|nonDerivative|2026-07-30|Agarwal Amit|S|Class A Common Stock|1600|268.9994|I,2026-08-06 03:29:58+0000,DDOG,"Datadog, Inc.",0001561550,4,2026-08-03,2026-07-30,0001561550-26-000254,https://www.sec.gov/Archives/edgar/data/1561550/000156155026000254/wk-form4_1785791412.xml,nonDerivative,2026-07-30,S,Class A Common Stock,1600,268.9994,430399.04,1640,I,Agarwal Amit,Director,1,0,0,,SEC EDGAR
DDOG|0001561550-26-000254|derivative|2026-07-30|Agarwal Amit|C|Class B Common Stock|20000|0|I,2026-08-06 03:29:58+0000,DDOG,"Datadog, Inc.",0001561550,4,2026-08-03,2026-07-30,0001561550-26-000254,https://www.sec.gov/Archives/edgar/data/1561550/000156155026000254/wk-form4_1785791412.xml,derivative,2026-07-30,C,Class B Common Stock,20000,0,0.0,230059,I,Agarwal Amit,Director,1,0,0,,SEC EDGAR
CRWD|0001778564-26-000131|nonDerivative|2026-07-30|Kurtz George|S|Class A common stock|360|178.72|D,2026-08-06 03:29:58+0000,CRWD,"CrowdStrike Holdings, Inc.",0001535527,4,2026-08-03,2026-07-30,0001778564-26-000131,https://www.sec.gov/Archives/edgar/data/1535527/000177856426000131/form4-08032026_080801.xml,nonDerivative,2026-07-30,S,Class A common stock,360,178.72,64339.2,8103184,D,Kurtz George,PRESIDENT AND CEO,true,true,false,PRESIDENT AND CEO,SEC EDGAR
CRWD|0001778564-26-000131|nonDerivative|2026-07-30|Kurtz George|S|Class A common stock|862|180.22|D,2026-08-06 03:29:58+0000,CRWD,"CrowdStrike Holdings, Inc.",0001535527,4,2026-08-03,2026-07-30,0001778564-26-000131,https://www.sec.gov/Archives/edgar/data/1535527/000177856426000131/form4-08032026_080801.xml,nonDerivative,2026-07-30,S,Class A common stock,862,180.22,155349.63999999998,8102322,D,Kurtz George,PRESIDENT AND CEO,true,true,false,PRESIDENT AND CEO,SEC EDGAR
CRWD|0001778564-26-000131|nonDerivative|2026-07-30|Kurtz George|S|Class A common stock|2758|181.27|D,2026-08-06 03:29:58+0000,CRWD,"CrowdStrike Holdings, Inc.",0001535527,4,2026-08-03,2026-07-30,0001778564-26-000131,https://www.sec.gov/Archives/edgar/data/1535527/000177856426000131/form4-08032026_080801.xml,nonDerivative,2026-07-30,S,Class A common stock,2758,181.27,499942.66000000003,8099564,D,Kurtz George,PRESIDENT AND CEO,true,true,false,PRESIDENT AND CEO,SEC EDGAR
CRWD|0001778564-26-000131|nonDerivative|2026-07-30|Kurtz George|S|Class A common stock|2487|182.16|D,2026-08-06 03:29:58+0000,CRWD,"CrowdStrike Holdings, Inc.",0001535527,4,2026-08-03,2026-07-30,0001778564-26-000131,https://www.sec.gov/Archives/edgar/data/1535527/000177856426000131/form4-08032026_080801.xml,nonDerivative,2026-07-30,S,Class A common stock,2487,182.16,453031.92,8097077,D,Kurtz George,PRESIDENT AND CEO,true,true,false,PRESIDENT AND CEO,SEC EDGAR
CRWD|0001778564-26-000131|nonDerivative|2026-07-30|Kurtz George|S|Class A common stock|1755|183.15|D,2026-08-06 03:29:58+0000,CRWD,"CrowdStrike Holdings, Inc.",0001535527,4,2026-08-03,2026-07-30,0001778564-26-000131,https://www.sec.gov/Archives/edgar/data/1535527/000177856426000131/form4-08032026_080801.xml,nonDerivative,2026-07-30,S,Class A common stock,1755,183.15,321428.25,8095322,D,Kurtz George,PRESIDENT AND CEO,true,true,false,PRESIDENT AND CEO,SEC EDGAR
CRWD|0001778564-26-000131|nonDerivative|2026-07-30|Kurtz George|S|Class A common stock|1164|184.21|D,2026-08-06 03:29:58+0000,CRWD,"CrowdStrike Holdings, Inc.",0001535527,4,2026-08-03,2026-07-30,0001778564-26-000131,https://www.sec.gov/Archives/edgar/data/1535527/000177856426000131/form4-08032026_080801.xml,nonDerivative,2026-07-30,S,Class A common stock,1164,184.21,214420.44,8094158,D,Kurtz George,PRESIDENT AND CEO,true,true,false,PRESIDENT AND CEO,SEC EDGAR
CRWD|0001778564-26-000131|nonDerivative|2026-07-30|Kurtz George|S|Class A common stock|614|185.29|D,2026-08-06 03:29:58+0000,CRWD,"CrowdStrike Holdings, Inc.",0001535527,4,2026-08-03,2026-07-30,0001778564-26-000131,https://www.sec.gov/Archives/edgar/data/1535527/000177856426000131/form4-08032026_080801.xml,nonDerivative,2026-07-30,S,Class A common stock,614,185.29,113768.06,8093544,D,Kurtz George,PRESIDENT AND CEO,true,true,false,PRESIDENT AND CEO,SEC EDGAR
CRWD|0001778564-26-000131|nonDerivative|2026-07-31|Kurtz George|S|Class A common stock|328|185.05|D,2026-08-06 03:29:58+0000,CRWD,"CrowdStrike Holdings, Inc.",0001535527,4,2026-08-03,2026-07-30,0001778564-26-000131,https://www.sec.gov/Archives/edgar/data/1535527/000177856426000131/form4-08032026_080801.xml,nonDerivative,2026-07-31,S,Class A common stock,328,185.05,60696.4,8093216,D,Kurtz George,PRESIDENT AND CEO,true,true,false,PRESIDENT AND CEO,SEC EDGAR
CRWD|0001778564-26-000131|nonDerivative|2026-07-31|Kurtz George|S|Class A common stock|878|185.81|D,2026-08-06 03:29:58+0000,CRWD,"CrowdStrike Holdings, Inc.",0001535527,4,2026-08-03,2026-07-30,0001778564-26-000131,https://www.sec.gov/Archives/edgar/data/1535527/000177856426000131/form4-08032026_080801.xml,nonDerivative,2026-07-31,S,Class A common stock,878,185.81,163141.18,8092338,D,Kurtz George,PRESIDENT AND CEO,true,true,false,PRESIDENT AND CEO,SEC EDGAR
CRWD|0001778564-26-000131|nonDerivative|2026-07-31|Kurtz George|S|Class A common stock|1179|186.88|D,2026-08-06 03:29:58+0000,CRWD,"CrowdStrike Holdings, Inc.",0001535527,4,2026-08-03,2026-07-30,0001778564-26-000131,https://www.sec.gov/Archives/edgar/data/1535527/000177856426000131/form4-08032026_080801.xml,nonDerivative,2026-07-31,S,Class A common stock,1179,186.88,220331.52,8091159,D,Kurtz George,PRESIDENT AND CEO,true,true,false,PRESIDENT AND CEO,SEC EDGAR
CRWD|0001778564-26-000131|nonDerivative|2026-07-31|Kurtz George|S|Class A common stock|1704|187.93|D,2026-08-06 03:29:58+0000,CRWD,"CrowdStrike Holdings, Inc.",0001535527,4,2026-08-03,2026-07-30,0001778564-26-000131,https://www.sec.gov/Archives/edgar/data/1535527/000177856426000131/form4-08032026_080801.xml,nonDerivative,2026-07-31,S,Class A common stock,1704,187.93,320232.72000000003,8089455,D,Kurtz George,PRESIDENT AND CEO,true,true,false,PRESIDENT AND CEO,SEC EDGAR
CRWD|0001778564-26-000131|nonDerivative|2026-07-31|Kurtz George|S|Class A common stock|1278|188.84|D,2026-08-06 03:29:58+0000,CRWD,"CrowdStrike Holdings, Inc.",0001535527,4,2026-08-03,2026-07-30,0001778564-26-000131,https://www.sec.gov/Archives/edgar/data/1535527/000177856426000131/form4-08032026_080801.xml,nonDerivative,2026-07-31,S,Class A common stock,1278,188.84,241337.52000000002,8088177,D,Kurtz George,PRESIDENT AND CEO,true,true,false,PRESIDENT AND CEO,SEC EDGAR
CRWD|0001778564-26-000131|nonDerivative|2026-07-31|Kurtz George|S|Class A common stock|1895|190|D,2026-08-06 03:29:58+0000,CRWD,"CrowdStrike Holdings, Inc.",0001535527,4,2026-08-03,2026-07-30,0001778564-26-000131,https://www.sec.gov/Archives/edgar/data/1535527/000177856426000131/form4-08032026_080801.xml,nonDerivative,2026-07-31,S,Class A common stock,1895,190,360050.0,8086282,D,Kurtz George,PRESIDENT AND CEO,true,true,false,PRESIDENT AND CEO,SEC EDGAR
CRWD|0001778564-26-000131|nonDerivative|2026-07-31|Kurtz George|S|Class A common stock|2685|190.88|D,2026-08-06 03:29:58+0000,CRWD,"CrowdStrike Holdings, Inc.",0001535527,4,2026-08-03,2026-07-30,0001778564-26-000131,https://www.sec.gov/Archives/edgar/data/1535527/000177856426000131/form4-08032026_080801.xml,nonDerivative,2026-07-31,S,Class A common stock,2685,190.88,512512.8,8083597,D,Kurtz George,PRESIDENT AND CEO,true,true,false,PRESIDENT AND CEO,SEC EDGAR
CRWD|0001778564-26-000131|nonDerivative|2026-07-31|Kurtz George|S|Class A common stock|53|191.45|D,2026-08-06 03:29:58+0000,CRWD,"CrowdStrike Holdings, Inc.",0001535527,4,2026-08-03,2026-07-30,0001778564-26-000131,https://www.sec.gov/Archives/edgar/data/1535527/000177856426000131/form4-08032026_080801.xml,nonDerivative,2026-07-31,S,Class A common stock,53,191.45,10146.849999999999,8083544,D,Kurtz George,PRESIDENT AND CEO,true,true,false,PRESIDENT AND CEO,SEC EDGAR
COF|0001938203-26-000011|nonDerivative|2026-07-31|Raghu Ravi|S|Common Stock|3462|209.27|D,2026-08-06 03:29:58+0000,COF,CAPITAL ONE FINANCIAL CORP,0000927628,4,2026-08-03,2026-07-31,0001938203-26-000011,https://www.sec.gov/Archives/edgar/data/927628/000193820326000011/wk-form4_1785787808.xml,nonDerivative,2026-07-31,S,Common Stock,3462,209.27,724492.74,32592,D,Raghu Ravi,"Officer, Pres, Software, Intl & Sm Bus",0,1,0,"Pres, Software, Intl & Sm Bus",SEC EDGAR
COF|0001938203-26-000011|nonDerivative|2026-07-31|Raghu Ravi|S|Common Stock|5820|210.02|D,2026-08-06 03:29:58+0000,COF,CAPITAL ONE FINANCIAL CORP,0000927628,4,2026-08-03,2026-07-31,0001938203-26-000011,https://www.sec.gov/Archives/edgar/data/927628/000193820326000011/wk-form4_1785787808.xml,nonDerivative,2026-07-31,S,Common Stock,5820,210.02,1222316.4000000001,26772,D,Raghu Ravi,"Officer, Pres, Software, Intl & Sm Bus",0,1,0,"Pres, Software, Intl & Sm Bus",SEC EDGAR
COF|0001938203-26-000011|nonDerivative|2026-07-31|Raghu Ravi|S|Common Stock|444|210.70|D,2026-08-06 03:29:58+0000,COF,CAPITAL ONE FINANCIAL CORP,0000927628,4,2026-08-03,2026-07-31,0001938203-26-000011,https://www.sec.gov/Archives/edgar/data/927628/000193820326000011/wk-form4_1785787808.xml,nonDerivative,2026-07-31,S,Common Stock,444,210.70,93550.79999999999,26328,D,Raghu Ravi,"Officer, Pres, Software, Intl & Sm Bus",0,1,0,"Pres, Software, Intl & Sm Bus",SEC EDGAR
CMS|0002137913-26-000008|nonDerivative|2026-07-31|MADDIPATI SRIKANTH|P|Common Stock|200|72.455|D,2026-08-06 03:29:58+0000,CMS,CMS ENERGY CORP,0000811156,4,2026-08-03,2026-07-31,0002137913-26-000008,https://www.sec.gov/Archives/edgar/data/811156/000213791326000008/wk-form4_1785773236.xml,nonDerivative,2026-07-31,P,Common Stock,200,72.455,14491.0,34895,D,MADDIPATI SRIKANTH,"Officer, EVP/CFO",0,1,0,EVP/CFO,SEC EDGAR
CHD|0000313927-26-000290|derivative|2026-07-31|Linares Carlos G.|A|Phantom Stock|26.429|98.81|D,2026-08-06 03:29:58+0000,CHD,CHURCH & DWIGHT CO INC /DE/,0000313927,4,2026-08-03,2026-07-31,0000313927-26-000290,https://www.sec.gov/Archives/edgar/data/313927/000031392726000290/form4.xml,derivative,2026-07-31,A,Phantom Stock,26.429,98.81,2611.44949,18023.687,D,Linares Carlos G.,"Officer, EVP Chief Tech&Global New Prod",,1,,EVP Chief Tech&Global New Prod,SEC EDGAR
CHD|0000313927-26-000288|derivative|2026-07-31|Dierker Richard A|A|Phantom Stock|43.77|98.81|D,2026-08-06 03:29:58+0000,CHD,CHURCH & DWIGHT CO INC /DE/,0000313927,4,2026-08-03,2026-07-31,0000313927-26-000288,https://www.sec.gov/Archives/edgar/data/313927/000031392726000288/form4.xml,derivative,2026-07-31,A,Phantom Stock,43.77,98.81,4324.9137,18011.167,D,Dierker Richard A,"Director, Officer, President and CEO",1,1,,President and CEO,SEC EDGAR
CHD|0000313927-26-000286|derivative|2026-07-31|Buchert Brian D|A|Phantom Stock|5.535|98.81|D,2026-08-06 03:29:58+0000,CHD,CHURCH & DWIGHT CO INC /DE/,0000313927,4,2026-08-03,2026-07-31,0000313927-26-000286,https://www.sec.gov/Archives/edgar/data/313927/000031392726000286/form4.xml,derivative,2026-07-31,A,Phantom Stock,5.535,98.81,546.91335,696.041,D,Buchert Brian D,"Officer, EVP of Strategy, M&A, and BP",,1,,"EVP of Strategy, M&A, and BP",SEC EDGAR
CDNS|0001223726-26-000001|nonDerivative|2026-07-30|SOHN YOUNG|G|Common Stock|9|0|D,2026-08-06 03:29:58+0000,CDNS,CADENCE DESIGN SYSTEMS INC,0000813672,4,2026-08-03,2026-07-30,0001223726-26-000001,https://www.sec.gov/Archives/edgar/data/813672/000122372626000001/wk-form4_1785804672.xml,nonDerivative,2026-07-30,G,Common Stock,9,0,0.0,15243,D,SOHN YOUNG,Director,1,0,0,,SEC EDGAR
BSX|0001225208-26-006882|nonDerivative|2026-07-31|LUDWIG EDWARD J|P|Common Stock|5000.0000|45.4799|D,2026-08-06 03:29:58+0000,BSX,BOSTON SCIENTIFIC CORP,0000885725,4,2026-08-03,2026-07-31,0001225208-26-006882,https://www.sec.gov/Archives/edgar/data/885725/000122520826006882/doc4.xml,nonDerivative,2026-07-31,P,Common Stock,5000.0000,45.4799,227399.5,30359.0000,D,LUDWIG EDWARD J,Director,1,,,,SEC EDGAR
BSX|0001225208-26-006881|nonDerivative|2026-07-31|Fitzgerald Joseph Michael|I|Common Stock|64198.0000|46.7300|I,2026-08-06 03:29:58+0000,BSX,BOSTON SCIENTIFIC CORP,0000885725,4,2026-08-03,2026-07-31,0001225208-26-006881,https://www.sec.gov/Archives/edgar/data/885725/000122520826006881/doc4.xml,nonDerivative,2026-07-31,I,Common Stock,64198.0000,46.7300,2999972.5399999996,64198.0000,I,Fitzgerald Joseph Michael,"Officer, EVP & Group Pres, Cardiology",,1,,"EVP & Group Pres, Cardiology",SEC EDGAR
ARES|0001605729-26-000015|nonDerivative|2026-07-30|Olian Judy D.|A|Class A Common Stock|1728|0|D,2026-08-06 03:29:58+0000,ARES,Ares Management Corp,0001176948,4,2026-08-03,2026-07-30,0001605729-26-000015,https://www.sec.gov/Archives/edgar/data/1176948/000160572926000015/wk-form4_1785807502.xml,nonDerivative,2026-07-30,A,Class A Common Stock,1728,0,0.0,31462,D,Olian Judy D.,Director,1,0,0,,SEC EDGAR
ARES|0001378072-26-000002|nonDerivative|2026-07-30|Naughton Eileen|A|Class A Common Stock|1728|0|D,2026-08-06 03:29:58+0000,ARES,Ares Management Corp,0001176948,4,2026-08-03,2026-07-30,0001378072-26-000002,https://www.sec.gov/Archives/edgar/data/1176948/000137807226000002/wk-form4_1785807541.xml,nonDerivative,2026-07-30,A,Class A Common Stock,1728,0,0.0,8586,D,Naughton Eileen,Director,1,0,0,,SEC EDGAR
ARES|0001606115-26-000003|nonDerivative|2026-07-30|Lynton Michael|A|Class A Common Stock|1728|0|D,2026-08-06 03:29:58+0000,ARES,Ares Management Corp,0001176948,4,2026-08-03,2026-07-30,0001606115-26-000003,https://www.sec.gov/Archives/edgar/data/1176948/000160611526000003/wk-form4_1785807452.xml,nonDerivative,2026-07-30,A,Class A Common Stock,1728,0,0.0,34196,D,Lynton Michael,Director,1,0,0,,SEC EDGAR
ARES|0001438584-26-000002|nonDerivative|2026-07-30|Joubert Paul G.|A|Class A Common Stock|1728|0|D,2026-08-06 03:29:58+0000,ARES,Ares Management Corp,0001176948,4,2026-08-03,2026-07-30,0001438584-26-000002,https://www.sec.gov/Archives/edgar/data/1176948/000143858426000002/wk-form4_1785807339.xml,nonDerivative,2026-07-30,A,Class A Common Stock,1728,0,0.0,44196,D,Joubert Paul G.,Director,1,0,0,,SEC EDGAR
ARES|0001209364-26-000002|nonDerivative|2026-07-30|BUSH ANTOINETTE COOK|A|Class A Common Stock|1728|0|D,2026-08-06 03:29:58+0000,ARES,Ares Management Corp,0001176948,4,2026-08-03,2026-07-30,0001209364-26-000002,https://www.sec.gov/Archives/edgar/data/1176948/000120936426000002/wk-form4_1785807623.xml,nonDerivative,2026-07-30,A,Class A Common Stock,1728,0,0.0,24168,D,BUSH ANTOINETTE COOK,Director,1,0,0,,SEC EDGAR
ARES|0001287727-26-000004|nonDerivative|2026-07-30|BHUTANI ASHISH|A|Class A Common Stock|1728|0|D,2026-08-06 03:29:58+0000,ARES,Ares Management Corp,0001176948,4,2026-08-03,2026-07-30,0001287727-26-000004,https://www.sec.gov/Archives/edgar/data/1176948/000128772726000004/wk-form4_1785807584.xml,nonDerivative,2026-07-30,A,Class A Common Stock,1728,0,0.0,35799,D,BHUTANI ASHISH,Director,1,0,0,,SEC EDGAR
APH|0001104659-26-089782|nonDerivative|2026-07-31|NORWITT RICHARD ADAM|M|Class A Common Stock|500000|22.3725|D,2026-08-06 03:29:58+0000,APH,AMPHENOL CORP /DE/,0000820313,4,2026-08-03,2026-07-31,0001104659-26-089782,https://www.sec.gov/Archives/edgar/data/820313/000110465926089782/tm2622042-1_4seq1.xml,nonDerivative,2026-07-31,M,Class A Common Stock,500000,22.3725,11186250.0,2427507,D,NORWITT RICHARD ADAM,"Director, Officer, President & CEO",1,1,0,President & CEO,SEC EDGAR
APH|0001104659-26-089782|nonDerivative|2026-07-31|NORWITT RICHARD ADAM|S|Class A Common Stock|500000|161.5748|D,2026-08-06 03:29:58+0000,APH,AMPHENOL CORP /DE/,0000820313,4,2026-08-03,2026-07-31,0001104659-26-089782,https://www.sec.gov/Archives/edgar/data/820313/000110465926089782/tm2622042-1_4seq1.xml,nonDerivative,2026-07-31,S,Class A Common Stock,500000,161.5748,80787400.0,1927507,D,NORWITT RICHARD ADAM,"Director, Officer, President & CEO",1,1,0,President & CEO,SEC EDGAR
APH|0001104659-26-089782|nonDerivative|2026-07-31|NORWITT RICHARD ADAM|M|Class A Common Stock|186104|22.3725|I,2026-08-06 03:29:58+0000,APH,AMPHENOL CORP /DE/,0000820313,4,2026-08-03,2026-07-31,0001104659-26-089782,https://www.sec.gov/Archives/edgar/data/820313/000110465926089782/tm2622042-1_4seq1.xml,nonDerivative,2026-07-31,M,Class A Common Stock,186104,22.3725,4163611.7399999998,1050281,I,NORWITT RICHARD ADAM,"Director, Officer, President & CEO",1,1,0,President & CEO,SEC EDGAR
APH|0001104659-26-089782|nonDerivative|2026-07-31|NORWITT RICHARD ADAM|S|Class A Common Stock|186104|162.2712|I,2026-08-06 03:29:58+0000,APH,AMPHENOL CORP /DE/,0000820313,4,2026-08-03,2026-07-31,0001104659-26-089782,https://www.sec.gov/Archives/edgar/data/820313/000110465926089782/tm2622042-1_4seq1.xml,nonDerivative,2026-07-31,S,Class A Common Stock,186104,162.2712,30199319.404799998,864177,I,NORWITT RICHARD ADAM,"Director, Officer, President & CEO",1,1,0,President & CEO,SEC EDGAR
APH|0001104659-26-089782|derivative|2026-07-31|NORWITT RICHARD ADAM|M|Stock Option|500000|0|D,2026-08-06 03:29:58+0000,APH,AMPHENOL CORP /DE/,0000820313,4,2026-08-03,2026-07-31,0001104659-26-089782,https://www.sec.gov/Archives/edgar/data/820313/000110465926089782/tm2622042-1_4seq1.xml,derivative,2026-07-31,M,Stock Option,500000,0,0.0,399788,D,NORWITT RICHARD ADAM,"Director, Officer, President & CEO",1,1,0,President & CEO,SEC EDGAR
APH|0001104659-26-089782|derivative|2026-07-31|NORWITT RICHARD ADAM|M|Stock Option|186104|0|I,2026-08-06 03:29:58+0000,APH,AMPHENOL CORP /DE/,0000820313,4,2026-08-03,2026-07-31,0001104659-26-089782,https://www.sec.gov/Archives/edgar/data/820313/000110465926089782/tm2622042-1_4seq1.xml,derivative,2026-07-31,M,Stock Option,186104,0,0.0,0,I,NORWITT RICHARD ADAM,"Director, Officer, President & CEO",1,1,0,President & CEO,SEC EDGAR
ACN|0001455134-26-000016|nonDerivative|2026-08-01|Burgum Melissa A|A|Class A ordinary shares|778|0|D,2026-08-06 03:29:58+0000,ACN,Accenture plc,0001467373,4,2026-08-03,2026-08-01,0001455134-26-000016,https://www.sec.gov/Archives/edgar/data/1467373/000145513426000016/wk-form4_1785798250.xml,nonDerivative,2026-08-01,A,Class A ordinary shares,778,0,0.0,9504,D,Burgum Melissa A,"Officer, Chief Accounting Officer",0,1,0,Chief Accounting Officer,SEC EDGAR
ABNB|0001193125-26-330775|nonDerivative|2026-07-30|Blecharczyk Nathan|G|Class A Common Stock|4077|0|I,2026-08-06 03:29:58+0000,ABNB,"Airbnb, Inc.",0001559720,4,2026-08-03,2026-07-30,0001193125-26-330775,https://www.sec.gov/Archives/edgar/data/1559720/000119312526330775/ownership.xml,nonDerivative,2026-07-30,G,Class A Common Stock,4077,0,0.0,12370,I,Blecharczyk Nathan,Chief Strategy Officer,true,true,true,Chief Strategy Officer,SEC EDGAR
XYZ|0001628280-26-051453|nonDerivative|2026-07-29|Acosta Andrea|A|Class A  Common Stock|112191|0|D,2026-08-06 03:29:58+0000,XYZ,"Block, Inc.",0001512673,4,2026-07-31,2026-07-29,0001628280-26-051453,https://www.sec.gov/Archives/edgar/data/1512673/000162828026051453/wk-form4_1785532058.xml,nonDerivative,2026-07-29,A,Class A  Common Stock,112191,0,0.0,112191,D,Acosta Andrea,"Officer, Chief Accounting Officer",0,1,0,Chief Accounting Officer,SEC EDGAR
XEL|0000072903-26-000158|nonDerivative|2026-07-29|Carter Peter W|A|Common Stock|1818.74|0|D,2026-08-06 03:29:58+0000,XEL,XCEL ENERGY INC,0000072903,4,2026-07-31,2026-07-29,0000072903-26-000158,https://www.sec.gov/Archives/edgar/data/72903/000007290326000158/wk-form4_1785530378.xml,nonDerivative,2026-07-29,A,Common Stock,1818.74,0,0.0,1818.74,D,Carter Peter W,Director,1,0,0,,SEC EDGAR
VRSK|0001193125-26-328459|nonDerivative|2026-07-29|Shavel Lee|S|Common Stock|2500|220.00|D,2026-08-06 03:29:58+0000,VRSK,"Verisk Analytics, Inc.",0001442145,4,2026-07-31,2026-07-29,0001193125-26-328459,https://www.sec.gov/Archives/edgar/data/1442145/000119312526328459/ownership.xml,nonDerivative,2026-07-29,S,Common Stock,2500,220.00,550000.0,98490,D,Shavel Lee,Chief Executive Officer,true,true,false,Chief Executive Officer,SEC EDGAR
VRSK|0001193125-26-328574|nonDerivative|2026-07-31|Beckles Kathy Card|S|Common Stock|2020|195.49|D,2026-08-06 03:29:58+0000,VRSK,"Verisk Analytics, Inc.",0001442145,4,2026-07-31,2026-07-31,0001193125-26-328574,https://www.sec.gov/Archives/edgar/data/1442145/000119312526328574/ownership.xml,nonDerivative,2026-07-31,S,Common Stock,2020,195.49,394889.80000000005,11516,D,Beckles Kathy Card,Chief Legal Officer,false,true,false,Chief Legal Officer,SEC EDGAR
VLTO|0001834046-26-000008|nonDerivative|2026-07-29|Honeycutt Jennifer|M|Common Stock|7097|28.76|D,2026-08-06 03:29:58+0000,VLTO,Veralto Corp,0001967680,4,2026-07-31,2026-07-29,0001834046-26-000008,https://www.sec.gov/Archives/edgar/data/1967680/000183404626000008/wk-form4_1785531663.xml,nonDerivative,2026-07-29,M,Common Stock,7097,28.76,204109.72,131182,D,Honeycutt Jennifer,"Director, Officer, President and CEO",1,1,0,President and CEO,SEC EDGAR
VLTO|0001834046-26-000008|nonDerivative|2026-07-29|Honeycutt Jennifer|S|Common Stock|7097|101.52|D,2026-08-06 03:29:58+0000,VLTO,Veralto Corp,0001967680,4,2026-07-31,2026-07-29,0001834046-26-000008,https://www.sec.gov/Archives/edgar/data/1967680/000183404626000008/wk-form4_1785531663.xml,nonDerivative,2026-07-29,S,Common Stock,7097,101.52,720487.44,124085,D,Honeycutt Jennifer,"Director, Officer, President and CEO",1,1,0,President and CEO,SEC EDGAR
VLTO|0001834046-26-000008|derivative|2026-07-29|Honeycutt Jennifer|M|Employee Stock Option (Right to Buy)|7097|0|D,2026-08-06 03:29:58+0000,VLTO,Veralto Corp,0001967680,4,2026-07-31,2026-07-29,0001834046-26-000008,https://www.sec.gov/Archives/edgar/data/1967680/000183404626000008/wk-form4_1785531663.xml,derivative,2026-07-29,M,Employee Stock Option (Right to Buy),7097,0,0.0,7098,D,Honeycutt Jennifer,"Director, Officer, President and CEO",1,1,0,President and CEO,SEC EDGAR
V|0001403161-26-000107|nonDerivative|2026-07-30|MAHON TULLIER KELLY|M|Class A Common Stock|37281|109.82|D,2026-08-06 03:29:58+0000,V,VISA INC.,0001403161,4,2026-07-31,2026-07-30,0001403161-26-000107,https://www.sec.gov/Archives/edgar/data/1403161/000140316126000107/form4.xml,nonDerivative,2026-07-30,M,Class A Common Stock,37281,109.82,4094199.42,106934,D,MAHON TULLIER KELLY,"Officer, VICE CHAIR, CHF PPL & CORP AFF",,1,,"VICE CHAIR, CHF PPL & CORP AFF",SEC EDGAR
V|0001403161-26-000107|nonDerivative|2026-07-30|MAHON TULLIER KELLY|S|Class A Common Stock|37281|365.0492|D,2026-08-06 03:29:58+0000,V,VISA INC.,0001403161,4,2026-07-31,2026-07-30,0001403161-26-000107,https://www.sec.gov/Archives/edgar/data/1403161/000140316126000107/form4.xml,nonDerivative,2026-07-30,S,Class A Common Stock,37281,365.0492,13609399.2252,69653,D,MAHON TULLIER KELLY,"Officer, VICE CHAIR, CHF PPL & CORP AFF",,1,,"VICE CHAIR, CHF PPL & CORP AFF",SEC EDGAR
V|0001403161-26-000107|nonDerivative|2026-07-30|MAHON TULLIER KELLY|S|Class A Common Stock|19991|364.8112|D,2026-08-06 03:29:58+0000,V,VISA INC.,0001403161,4,2026-07-31,2026-07-30,0001403161-26-000107,https://www.sec.gov/Archives/edgar/data/1403161/000140316126000107/form4.xml,nonDerivative,2026-07-30,S,Class A Common Stock,19991,364.8112,7292940.6992,49662,D,MAHON TULLIER KELLY,"Officer, VICE CHAIR, CHF PPL & CORP AFF",,1,,"VICE CHAIR, CHF PPL & CORP AFF",SEC EDGAR
V|0001403161-26-000107|derivative|2026-07-30|MAHON TULLIER KELLY|M|Employee Stock Option (Right to Buy)|37281|0|D,2026-08-06 03:29:58+0000,V,VISA INC.,0001403161,4,2026-07-31,2026-07-30,0001403161-26-000107,https://www.sec.gov/Archives/edgar/data/1403161/000140316126000107/form4.xml,derivative,2026-07-30,M,Employee Stock Option (Right to Buy),37281,0,0.0,0,D,MAHON TULLIER KELLY,"Officer, VICE CHAIR, CHF PPL & CORP AFF",,1,,"VICE CHAIR, CHF PPL & CORP AFF",SEC EDGAR
TXN|0000097476-26-000154|nonDerivative|2026-07-24|Knecht Julie C.|A|Common Stock|7154|0|D,2026-08-06 03:29:58+0000,TXN,TEXAS INSTRUMENTS INC,0000097476,4,2026-07-31,2026-07-24,0000097476-26-000154,https://www.sec.gov/Archives/edgar/data/97476/000009747626000154/wk-form4_1785529564.xml,nonDerivative,2026-07-24,A,Common Stock,7154,0,0.0,16294,D,Knecht Julie C.,"Officer, VP & Chief Accounting Officer",0,1,0,VP & Chief Accounting Officer,SEC EDGAR
TPL|0001437749-26-025180|nonDerivative|2026-07-30|HORIZON KINETICS ASSET MANAGEMENT LLC|P|Common Stock|1|389.14|D,2026-08-06 03:29:58+0000,TPL,Texas Pacific Land Corp,0001811074,4,2026-07-31,2026-07-30,0001437749-26-025180,https://www.sec.gov/Archives/edgar/data/1811074/000143774926025180/rdgdoc.xml,nonDerivative,2026-07-30,P,Common Stock,1,389.14,389.14,3263687,D,HORIZON KINETICS ASSET MANAGEMENT LLC,10% Owner,,,1,,SEC EDGAR
TECH|0000914190-26-000108|nonDerivative|2026-07-29|Hippel James|M|Common Stock|62068|47.60|D,2026-08-06 03:29:58+0000,TECH,BIO-TECHNE Corp,0000842023,4,2026-07-31,2026-07-29,0000914190-26-000108,https://www.sec.gov/Archives/edgar/data/842023/000091419026000108/form4.xml,nonDerivative,2026-07-29,M,Common Stock,62068,47.60,2954436.8000000003,215738,D,Hippel James,"Officer, CFO",0,1,0,CFO,SEC EDGAR
TECH|0000914190-26-000108|nonDerivative|2026-07-29|Hippel James|F|Common Stock|51024|72.03|D,2026-08-06 03:29:58+0000,TECH,BIO-TECHNE Corp,0000842023,4,2026-07-31,2026-07-29,0000914190-26-000108,https://www.sec.gov/Archives/edgar/data/842023/000091419026000108/form4.xml,nonDerivative,2026-07-29,F,Common Stock,51024,72.03,3675258.72,164714,D,Hippel James,"Officer, CFO",0,1,0,CFO,SEC EDGAR
TECH|0000914190-26-000108|derivative|2026-07-29|Hippel James|M|Stock Options (Right to Buy)|62068|0|D,2026-08-06 03:29:58+0000,TECH,BIO-TECHNE Corp,0000842023,4,2026-07-31,2026-07-29,0000914190-26-000108,https://www.sec.gov/Archives/edgar/data/842023/000091419026000108/form4.xml,derivative,2026-07-29,M,Stock Options (Right to Buy),62068,0,0.0,0,D,Hippel James,"Officer, CFO",0,1,0,CFO,SEC EDGAR
SNA|0000091440-26-000148|nonDerivative|2026-07-31|HOLDEN JAMES P|A|Common Stock|33|410.41|D,2026-08-06 03:29:58+0000,SNA,Snap-on Inc,0000091440,4,2026-07-31,2026-07-31,0000091440-26-000148,https://www.sec.gov/Archives/edgar/data/91440/000009144026000148/form4.xml,nonDerivative,2026-07-31,A,Common Stock,33,410.41,13543.53,8991.3456,D,HOLDEN JAMES P,Director,1,,,,SEC EDGAR
RCL|0001492662-26-000009|nonDerivative|2026-07-29|Bayley Michael W|S|Common Stock|12811|315.99|D,2026-08-06 03:29:58+0000,RCL,ROYAL CARIBBEAN CRUISES LTD,0000884887,4,2026-07-31,2026-07-29,0001492662-26-000009,https://www.sec.gov/Archives/edgar/data/884887/000149266226000009/wk-form4_1785530184.xml,nonDerivative,2026-07-29,S,Common Stock,12811,315.99,4048147.89,45297,D,Bayley Michael W,"Officer, Pres&CEO, Royal Caribbean Intl",0,1,0,"Pres&CEO, Royal Caribbean Intl",SEC EDGAR
NXPI|0002141713-26-000004|derivative|2026-07-29|Hoffmann Michael Thomas|A|Restricted Stock Unit|2075|0|D,2026-08-06 03:29:58+0000,NXPI,NXP Semiconductors N.V.,0001413447,4,2026-07-31,2026-07-29,0002141713-26-000004,https://www.sec.gov/Archives/edgar/data/1413447/000214171326000004/wk-form4_1785499426.xml,derivative,2026-07-29,A,Restricted Stock Unit,2075,0,0.0,2075,D,Hoffmann Michael Thomas,"Officer, EVP & General Counsel",0,1,0,EVP & General Counsel,SEC EDGAR
"NVR|0000906163-26-000088|nonDerivative|2026-07-30|Martinez Melquiades R.|G|NVR, Inc. common stock|29|0|D",2026-08-06 03:29:58+0000,NVR,NVR INC,0000906163,4,2026-07-31,2026-07-30,0000906163-26-000088,https://www.sec.gov/Archives/edgar/data/906163/000090616326000088/wk-form4_1785523152.xml,nonDerivative,2026-07-30,G,"NVR, Inc. common stock",29,0,0.0,162,D,Martinez Melquiades R.,Director,1,0,0,,SEC EDGAR
"NDAQ|0001193125-26-328462|nonDerivative|2026-07-29|Griggs PC Nelson|S|Common Stock, par value $0.01 per share|11010|96.35|D",2026-08-06 03:29:58+0000,NDAQ,"NASDAQ, INC.",0001120193,4,2026-07-31,2026-07-29,0001193125-26-328462,https://www.sec.gov/Archives/edgar/data/1120193/000119312526328462/ownership.xml,nonDerivative,2026-07-29,S,"Common Stock, par value $0.01 per share",11010,96.35,1060813.5,205001,D,Griggs PC Nelson,Pres. Capital Access Platforms,false,true,false,Pres. Capital Access Platforms,SEC EDGAR
MRSH|0000062709-26-000204|nonDerivative|2026-07-29|Beswick Paul|S|Common Stock|713|198.00|D,2026-08-06 03:29:58+0000,MRSH,"MARSH & MCLENNAN COMPANIES, INC.",0000062709,4,2026-07-31,2026-07-29,0000062709-26-000204,https://www.sec.gov/Archives/edgar/data/62709/000006270926000204/form4.xml,nonDerivative,2026-07-29,S,Common Stock,713,198.00,141174.0,16376,D,Beswick Paul,"Officer, SVP, Chief Information Officer",,1,,"SVP, Chief Information Officer",SEC EDGAR
ISRG|0002010300-26-000025|nonDerivative|2026-07-30|Brosius Mark|S|Common Stock|28|346.83|D,2026-08-06 03:29:58+0000,ISRG,INTUITIVE SURGICAL INC,0001035267,4,2026-07-31,2026-07-30,0002010300-26-000025,https://www.sec.gov/Archives/edgar/data/1035267/000201030026000025/edgardoc.xml,nonDerivative,2026-07-30,S,Common Stock,28,346.83,9711.24,1294,D,Brosius Mark,"Officer, EVP & Chief Mfg and Supply Cha",0,1,0,EVP & Chief Mfg and Supply Cha,SEC EDGAR
ISRG|0002010300-26-000025|nonDerivative|2026-07-31|Brosius Mark|S|Common Stock|28|351.0|D,2026-08-06 03:29:58+0000,ISRG,INTUITIVE SURGICAL INC,0001035267,4,2026-07-31,2026-07-30,0002010300-26-000025,https://www.sec.gov/Archives/edgar/data/1035267/000201030026000025/edgardoc.xml,nonDerivative,2026-07-31,S,Common Stock,28,351.0,9828.0,1266,D,Brosius Mark,"Officer, EVP & Chief Mfg and Supply Cha",0,1,0,EVP & Chief Mfg and Supply Cha,SEC EDGAR
IQV|0001628280-26-051451|nonDerivative|2026-07-29|Sherbet Eric|S|Common Stock|5000|249.16|D,2026-08-06 03:29:58+0000,IQV,IQVIA HOLDINGS INC.,0001478242,4,2026-07-31,2026-07-29,0001628280-26-051451,https://www.sec.gov/Archives/edgar/data/1478242/000162828026051451/wk-form4_1785531837.xml,nonDerivative,2026-07-29,S,Common Stock,5000,249.16,1245800.0,20999,D,Sherbet Eric,"Officer, See Remarks",0,1,0,See Remarks,SEC EDGAR
IQV|0001628280-26-051450|nonDerivative|2026-07-29|Cherofsky Keriann|S|Common Stock|558|245.21|D,2026-08-06 03:29:58+0000,IQV,IQVIA HOLDINGS INC.,0001478242,4,2026-07-31,2026-07-29,0001628280-26-051450,https://www.sec.gov/Archives/edgar/data/1478242/000162828026051450/wk-form4_1785531795.xml,nonDerivative,2026-07-29,S,Common Stock,558,245.21,136827.18,2989,D,Cherofsky Keriann,"Officer, See Remarks",0,1,0,See Remarks,SEC EDGAR
IQV|0001628280-26-051449|nonDerivative|2026-07-29|BOUSBIB ARI|M|Common Stock|156206|78.21|D,2026-08-06 03:29:58+0000,IQV,IQVIA HOLDINGS INC.,0001478242,4,2026-07-31,2026-07-29,0001628280-26-051449,https://www.sec.gov/Archives/edgar/data/1478242/000162828026051449/wk-form4_1785531724.xml,nonDerivative,2026-07-29,M,Common Stock,156206,78.21,12216871.26,992147,D,BOUSBIB ARI,"Director, Officer, See Remarks",1,1,0,See Remarks,SEC EDGAR
IQV|0001628280-26-051449|nonDerivative|2026-07-29|BOUSBIB ARI|S|Common Stock|4465|247.10|D,2026-08-06 03:29:58+0000,IQV,IQVIA HOLDINGS INC.,0001478242,4,2026-07-31,2026-07-29,0001628280-26-051449,https://www.sec.gov/Archives/edgar/data/1478242/000162828026051449/wk-form4_1785531724.xml,nonDerivative,2026-07-29,S,Common Stock,4465,247.10,1103301.5,987682,D,BOUSBIB ARI,"Director, Officer, See Remarks",1,1,0,See Remarks,SEC EDGAR
IQV|0001628280-26-051449|nonDerivative|2026-07-29|BOUSBIB ARI|S|Common Stock|4584|246.85|D,2026-08-06 03:29:58+0000,IQV,IQVIA HOLDINGS INC.,0001478242,4,2026-07-31,2026-07-29,0001628280-26-051449,https://www.sec.gov/Archives/edgar/data/1478242/000162828026051449/wk-form4_1785531724.xml,nonDerivative,2026-07-29,S,Common Stock,4584,246.85,1131560.4,983098,D,BOUSBIB ARI,"Director, Officer, See Remarks",1,1,0,See Remarks,SEC EDGAR
IQV|0001628280-26-051449|nonDerivative|2026-07-29|BOUSBIB ARI|S|Common Stock|44039|246.08|D,2026-08-06 03:29:58+0000,IQV,IQVIA HOLDINGS INC.,0001478242,4,2026-07-31,2026-07-29,0001628280-26-051449,https://www.sec.gov/Archives/edgar/data/1478242/000162828026051449/wk-form4_1785531724.xml,nonDerivative,2026-07-29,S,Common Stock,44039,246.08,10837117.120000001,939059,D,BOUSBIB ARI,"Director, Officer, See Remarks",1,1,0,See Remarks,SEC EDGAR
IQV|0001628280-26-051449|nonDerivative|2026-07-29|BOUSBIB ARI|S|Common Stock|53191|244.78|D,2026-08-06 03:29:58+0000,IQV,IQVIA HOLDINGS INC.,0001478242,4,2026-07-31,2026-07-29,0001628280-26-051449,https://www.sec.gov/Archives/edgar/data/1478242/000162828026051449/wk-form4_1785531724.xml,nonDerivative,2026-07-29,S,Common Stock,53191,244.78,13020092.98,885868,D,BOUSBIB ARI,"Director, Officer, See Remarks",1,1,0,See Remarks,SEC EDGAR
IQV|0001628280-26-051449|nonDerivative|2026-07-29|BOUSBIB ARI|D|Common Stock|47858|244.60|D,2026-08-06 03:29:58+0000,IQV,IQVIA HOLDINGS INC.,0001478242,4,2026-07-31,2026-07-29,0001628280-26-051449,https://www.sec.gov/Archives/edgar/data/1478242/000162828026051449/wk-form4_1785531724.xml,nonDerivative,2026-07-29,D,Common Stock,47858,244.60,11706066.799999999,838010,D,BOUSBIB ARI,"Director, Officer, See Remarks",1,1,0,See Remarks,SEC EDGAR
IQV|0001628280-26-051449|nonDerivative|2026-07-29|BOUSBIB ARI|D|Common Stock|2069|247|D,2026-08-06 03:29:58+0000,IQV,IQVIA HOLDINGS INC.,0001478242,4,2026-07-31,2026-07-29,0001628280-26-051449,https://www.sec.gov/Archives/edgar/data/1478242/000162828026051449/wk-form4_1785531724.xml,nonDerivative,2026-07-29,D,Common Stock,2069,247,511043.0,835941,D,BOUSBIB ARI,"Director, Officer, See Remarks",1,1,0,See Remarks,SEC EDGAR
IQV|0001628280-26-051449|derivative|2026-07-29|BOUSBIB ARI|M|Stock Appreciation Right|156206|78.21|D,2026-08-06 03:29:58+0000,IQV,IQVIA HOLDINGS INC.,0001478242,4,2026-07-31,2026-07-29,0001628280-26-051449,https://www.sec.gov/Archives/edgar/data/1478242/000162828026051449/wk-form4_1785531724.xml,derivative,2026-07-29,M,Stock Appreciation Right,156206,78.21,12216871.26,0,D,BOUSBIB ARI,"Director, Officer, See Remarks",1,1,0,See Remarks,SEC EDGAR
INTU|0001628280-26-051443|nonDerivative|2026-07-30|SZKUTAK THOMAS J|M|Common Stock|48|529.97|D,2026-08-06 03:29:58+0000,INTU,INTUIT INC.,0000896878,4,2026-07-31,2026-07-30,0001628280-26-051443,https://www.sec.gov/Archives/edgar/data/896878/000162828026051443/wk-form4_1785530371.xml,nonDerivative,2026-07-30,M,Common Stock,48,529.97,25438.56,5720,D,SZKUTAK THOMAS J,Director,1,0,0,,SEC EDGAR
INTU|0001628280-26-051443|derivative|2026-07-30|SZKUTAK THOMAS J|M|Restricted Stock Units|48|529.97|D,2026-08-06 03:29:58+0000,INTU,INTUIT INC.,0000896878,4,2026-07-31,2026-07-30,0001628280-26-051443,https://www.sec.gov/Archives/edgar/data/896878/000162828026051443/wk-form4_1785530371.xml,derivative,2026-07-30,M,Restricted Stock Units,48,529.97,25438.56,0,D,SZKUTAK THOMAS J,Director,1,0,0,,SEC EDGAR
INTU|0001628280-26-051432|nonDerivative|2026-07-30|DALZELL RICHARD L|M|Common Stock|58|529.97|D,2026-08-06 03:29:58+0000,INTU,INTUIT INC.,0000896878,4,2026-07-31,2026-07-30,0001628280-26-051432,https://www.sec.gov/Archives/edgar/data/896878/000162828026051432/wk-form4_1785530129.xml,nonDerivative,2026-07-30,M,Common Stock,58,529.97,30738.260000000002,11816,D,DALZELL RICHARD L,Director,1,0,0,,SEC EDGAR
INTU|0001628280-26-051432|derivative|2026-07-30|DALZELL RICHARD L|M|Restricted Stock Units|58|529.97|D,2026-08-06 03:29:58+0000,INTU,INTUIT INC.,0000896878,4,2026-07-31,2026-07-30,0001628280-26-051432,https://www.sec.gov/Archives/edgar/data/896878/000162828026051432/wk-form4_1785530129.xml,derivative,2026-07-30,M,Restricted Stock Units,58,529.97,30738.260000000002,0,D,DALZELL RICHARD L,Director,1,0,0,,SEC EDGAR
HAS|0001828057-26-000014|nonDerivative|2026-07-31|GOETTER GINA M|S|Common Stock (Par Value $.50 per share)|8265|93.9627|D,2026-08-06 03:29:58+0000,HAS,"HASBRO, INC.",0000046080,4,2026-07-31,2026-07-31,0001828057-26-000014,https://www.sec.gov/Archives/edgar/data/46080/000182805726000014/wk-form4_1785530819.xml,nonDerivative,2026-07-31,S,Common Stock (Par Value $.50 per share),8265,93.9627,776601.7154999999,79839,D,GOETTER GINA M,"Officer, EVP & CFO",0,1,0,EVP & CFO,SEC EDGAR
GRMN|0001193125-26-329029|nonDerivative|2026-07-29|PEMBLE CLIFTON A|S|Registered Shares|4029|300|D,2026-08-06 03:29:58+0000,GRMN,GARMIN LTD,0001121788,4,2026-07-31,2026-07-29,0001193125-26-329029,https://www.sec.gov/Archives/edgar/data/1121788/000119312526329029/ownership.xml,nonDerivative,2026-07-29,S,Registered Shares,4029,300,1208700.0,120127,D,PEMBLE CLIFTON A,President and CEO,true,true,false,President and CEO,SEC EDGAR
GRMN|0001193125-26-329030|nonDerivative|2026-07-31|MAXFIELD JOSHUA H|S|Registered Shares|272|289.1515|D,2026-08-06 03:29:58+0000,GRMN,GARMIN LTD,0001121788,4,2026-07-31,2026-07-31,0001193125-26-329030,https://www.sec.gov/Archives/edgar/data/1121788/000119312526329030/ownership.xml,nonDerivative,2026-07-31,S,Registered Shares,272,289.1515,78649.208,15922,D,MAXFIELD JOSHUA H,"VP, General Counsel",false,true,false,"VP, General Counsel",SEC EDGAR
GRMN|0001193125-26-329030|nonDerivative|2026-07-31|MAXFIELD JOSHUA H|S|Registered Shares|438|291.3217|D,2026-08-06 03:29:58+0000,GRMN,GARMIN LTD,0001121788,4,2026-07-31,2026-07-31,0001193125-26-329030,https://www.sec.gov/Archives/edgar/data/1121788/000119312526329030/ownership.xml,nonDerivative,2026-07-31,S,Registered Shares,438,291.3217,127598.90460000001,15484,D,MAXFIELD JOSHUA H,"VP, General Counsel",false,true,false,"VP, General Counsel",SEC EDGAR
GRMN|0001193125-26-329030|nonDerivative|2026-07-31|MAXFIELD JOSHUA H|S|Registered Shares|442|292.1657|D,2026-08-06 03:29:58+0000,GRMN,GARMIN LTD,0001121788,4,2026-07-31,2026-07-31,0001193125-26-329030,https://www.sec.gov/Archives/edgar/data/1121788/000119312526329030/ownership.xml,nonDerivative,2026-07-31,S,Registered Shares,442,292.1657,129137.2394,15042,D,MAXFIELD JOSHUA H,"VP, General Counsel",false,true,false,"VP, General Counsel",SEC EDGAR
GRMN|0001193125-26-329031|nonDerivative|2026-07-31|Biddlecombe Sean|S|Registered Shares|986|292.8795|D,2026-08-06 03:29:58+0000,GRMN,GARMIN LTD,0001121788,4,2026-07-31,2026-07-31,0001193125-26-329031,https://www.sec.gov/Archives/edgar/data/1121788/000119312526329031/ownership.xml,nonDerivative,2026-07-31,S,Registered Shares,986,292.8795,288779.18700000003,6021,D,Biddlecombe Sean,"Managing Director, EMEA",false,true,false,"Managing Director, EMEA",SEC EDGAR
GPN|0001123360-26-000078|nonDerivative|2026-07-29|Bready Cameron M|M|Common Stock|9703|74.66|D,2026-08-06 03:29:58+0000,GPN,GLOBAL PAYMENTS INC,0001123360,4,2026-07-31,2026-07-29,0001123360-26-000078,https://www.sec.gov/Archives/edgar/data/1123360/000112336026000078/form4.xml,nonDerivative,2026-07-29,M,Common Stock,9703,74.66,724425.98,441661,D,Bready Cameron M,"Director, Officer, Chief Executive Officer",1,1,,Chief Executive Officer,SEC EDGAR
GPN|0001123360-26-000078|nonDerivative|2026-07-29|Bready Cameron M|F|Common Stock|8871|88.27|D,2026-08-06 03:29:58+0000,GPN,GLOBAL PAYMENTS INC,0001123360,4,2026-07-31,2026-07-29,0001123360-26-000078,https://www.sec.gov/Archives/edgar/data/1123360/000112336026000078/form4.xml,nonDerivative,2026-07-29,F,Common Stock,8871,88.27,783043.1699999999,432790,D,Bready Cameron M,"Director, Officer, Chief Executive Officer",1,1,,Chief Executive Officer,SEC EDGAR
GPN|0001123360-26-000078|derivative|2026-07-29|Bready Cameron M|M|Non-qualified Stock Option (Right to Buy)|9703|0|D,2026-08-06 03:29:58+0000,GPN,GLOBAL PAYMENTS INC,0001123360,4,2026-07-31,2026-07-29,0001123360-26-000078,https://www.sec.gov/Archives/edgar/data/1123360/000112336026000078/form4.xml,derivative,2026-07-29,M,Non-qualified Stock Option (Right to Buy),9703,0,0.0,0,D,Bready Cameron M,"Director, Officer, Chief Executive Officer",1,1,,Chief Executive Officer,SEC EDGAR
GM|0001878943-26-000006|nonDerivative|2026-07-29|Anderson Sterling|M|Common Stock|95951|0|D,2026-08-06 03:29:58+0000,GM,General Motors Co,0001467858,4,2026-07-31,2026-07-29,0001878943-26-000006,https://www.sec.gov/Archives/edgar/data/1467858/000187894326000006/wk-form4_1785530104.xml,nonDerivative,2026-07-29,M,Common Stock,95951,0,0.0,108673,D,Anderson Sterling,"Officer, Exective Vice President",0,1,0,Exective Vice President,SEC EDGAR
GM|0001878943-26-000006|nonDerivative|2026-07-29|Anderson Sterling|F|Common Stock|48820|89.40|D,2026-08-06 03:29:58+0000,GM,General Motors Co,0001467858,4,2026-07-31,2026-07-29,0001878943-26-000006,https://www.sec.gov/Archives/edgar/data/1467858/000187894326000006/wk-form4_1785530104.xml,nonDerivative,2026-07-29,F,Common Stock,48820,89.40,4364508.0,59853,D,Anderson Sterling,"Officer, Exective Vice President",0,1,0,Exective Vice President,SEC EDGAR
GM|0001878943-26-000006|derivative|2026-07-29|Anderson Sterling|M|Restricted Stock Units|95951|0|D,2026-08-06 03:29:58+0000,GM,General Motors Co,0001467858,4,2026-07-31,2026-07-29,0001878943-26-000006,https://www.sec.gov/Archives/edgar/data/1467858/000187894326000006/wk-form4_1785530104.xml,derivative,2026-07-29,M,Restricted Stock Units,95951,0,0.0,95951,D,Anderson Sterling,"Officer, Exective Vice President",0,1,0,Exective Vice President,SEC EDGAR
FICO|0001214659-26-009413|nonDerivative|2026-07-29|Manolis Eva|M|Common Stock|967|391.57|D,2026-08-06 03:29:58+0000,FICO,FAIR ISAAC CORP,0000814547,4,2026-07-31,2026-07-29,0001214659-26-009413,https://www.sec.gov/Archives/edgar/data/814547/000121465926009413/marketforms-73642.xml,nonDerivative,2026-07-29,M,Common Stock,967,391.57,378648.19,1465,D,Manolis Eva,,true,false,false,,SEC EDGAR
FICO|0001214659-26-009413|nonDerivative|2026-07-29|Manolis Eva|S|Common Stock|967|1400.00|D,2026-08-06 03:29:58+0000,FICO,FAIR ISAAC CORP,0000814547,4,2026-07-31,2026-07-29,0001214659-26-009413,https://www.sec.gov/Archives/edgar/data/814547/000121465926009413/marketforms-73642.xml,nonDerivative,2026-07-29,S,Common Stock,967,1400.00,1353800.0,498,D,Manolis Eva,,true,false,false,,SEC EDGAR
FICO|0001214659-26-009413|derivative|2026-07-29|Manolis Eva|M|Non-Qualified Stock Options (right to buy)|967|0.00|D,2026-08-06 03:29:58+0000,FICO,FAIR ISAAC CORP,0000814547,4,2026-07-31,2026-07-29,0001214659-26-009413,https://www.sec.gov/Archives/edgar/data/814547/000121465926009413/marketforms-73642.xml,derivative,2026-07-29,M,Non-Qualified Stock Options (right to buy),967,0.00,0.0,967,D,Manolis Eva,,true,false,false,,SEC EDGAR
ETR|0000065984-26-000285|nonDerivative|2026-07-30|CHAPMAN JASON|M|Common Stock|1734|54.24|D,2026-08-06 03:29:58+0000,ETR,ENTERGY CORP /DE/,0000065984,4,2026-07-31,2026-07-30,0000065984-26-000285,https://www.sec.gov/Archives/edgar/data/65984/000006598426000285/form4.xml,nonDerivative,2026-07-30,M,Common Stock,1734,54.24,94052.16,18910,D,CHAPMAN JASON,"Officer, SVP Chief Tech & Bus Servs Off",,1,,SVP Chief Tech & Bus Servs Off,SEC EDGAR
ETR|0000065984-26-000285|nonDerivative|2026-07-30|CHAPMAN JASON|M|Common Stock|5140|49.54|D,2026-08-06 03:29:58+0000,ETR,ENTERGY CORP /DE/,0000065984,4,2026-07-31,2026-07-30,0000065984-26-000285,https://www.sec.gov/Archives/edgar/data/65984/000006598426000285/form4.xml,nonDerivative,2026-07-30,M,Common Stock,5140,49.54,254635.6,24050,D,CHAPMAN JASON,"Officer, SVP Chief Tech & Bus Servs Off",,1,,SVP Chief Tech & Bus Servs Off,SEC EDGAR
ETR|0000065984-26-000285|nonDerivative|2026-07-30|CHAPMAN JASON|M|Common Stock|2573|82.79|D,2026-08-06 03:29:58+0000,ETR,ENTERGY CORP /DE/,0000065984,4,2026-07-31,2026-07-30,0000065984-26-000285,https://www.sec.gov/Archives/edgar/data/65984/000006598426000285/form4.xml,nonDerivative,2026-07-30,M,Common Stock,2573,82.79,213018.67,26623,D,CHAPMAN JASON,"Officer, SVP Chief Tech & Bus Servs Off",,1,,SVP Chief Tech & Bus Servs Off,SEC EDGAR
ETR|0000065984-26-000285|nonDerivative|2026-07-30|CHAPMAN JASON|S|Common Stock|9447|109.06|D,2026-08-06 03:29:58+0000,ETR,ENTERGY CORP /DE/,0000065984,4,2026-07-31,2026-07-30,0000065984-26-000285,https://www.sec.gov/Archives/edgar/data/65984/000006598426000285/form4.xml,nonDerivative,2026-07-30,S,Common Stock,9447,109.06,1030289.8200000001,17176,D,CHAPMAN JASON,"Officer, SVP Chief Tech & Bus Servs Off",,1,,SVP Chief Tech & Bus Servs Off,SEC EDGAR
ETR|0000065984-26-000285|derivative|2026-07-30|CHAPMAN JASON|M|Employee Stock Option (Right to Buy)|5140|0|D,2026-08-06 03:29:58+0000,ETR,ENTERGY CORP /DE/,0000065984,4,2026-07-31,2026-07-30,0000065984-26-000285,https://www.sec.gov/Archives/edgar/data/65984/000006598426000285/form4.xml,derivative,2026-07-30,M,Employee Stock Option (Right to Buy),5140,0,0.0,5140,D,CHAPMAN JASON,"Officer, SVP Chief Tech & Bus Servs Off",,1,,SVP Chief Tech & Bus Servs Off,SEC EDGAR
ETR|0000065984-26-000285|derivative|2026-07-30|CHAPMAN JASON|M|Employee Stock Option (Right to Buy)|1734|0|D,2026-08-06 03:29:58+0000,ETR,ENTERGY CORP /DE/,0000065984,4,2026-07-31,2026-07-30,0000065984-26-000285,https://www.sec.gov/Archives/edgar/data/65984/000006598426000285/form4.xml,derivative,2026-07-30,M,Employee Stock Option (Right to Buy),1734,0,0.0,0,D,CHAPMAN JASON,"Officer, SVP Chief Tech & Bus Servs Off",,1,,SVP Chief Tech & Bus Servs Off,SEC EDGAR
ETR|0000065984-26-000285|derivative|2026-07-30|CHAPMAN JASON|M|Employee Stock Option (Right to Buy)|2573|0|D,2026-08-06 03:29:58+0000,ETR,ENTERGY CORP /DE/,0000065984,4,2026-07-31,2026-07-30,0000065984-26-000285,https://www.sec.gov/Archives/edgar/data/65984/000006598426000285/form4.xml,derivative,2026-07-30,M,Employee Stock Option (Right to Buy),2573,0,0.0,5146,D,CHAPMAN JASON,"Officer, SVP Chief Tech & Bus Servs Off",,1,,SVP Chief Tech & Bus Servs Off,SEC EDGAR
ECL|0001628280-26-051448|nonDerivative|2026-07-30|Kirkland Scott D|M|Common Stock|3972|117.73|D,2026-08-06 03:29:58+0000,ECL,ECOLAB INC.,0000031462,4,2026-07-31,2026-07-30,0001628280-26-051448,https://www.sec.gov/Archives/edgar/data/31462/000162828026051448/wk-form4_1785530778.xml,nonDerivative,2026-07-30,M,Common Stock,3972,117.73,467623.56,20881.412,D,Kirkland Scott D,"Officer, CHIEF FINANCIAL OFFICER",0,1,0,CHIEF FINANCIAL OFFICER,SEC EDGAR
ECL|0001628280-26-051448|nonDerivative|2026-07-30|Kirkland Scott D|S|Common Stock|3357|276.96|D,2026-08-06 03:29:58+0000,ECL,ECOLAB INC.,0000031462,4,2026-07-31,2026-07-30,0001628280-26-051448,https://www.sec.gov/Archives/edgar/data/31462/000162828026051448/wk-form4_1785530778.xml,nonDerivative,2026-07-30,S,Common Stock,3357,276.96,929754.72,17524.412,D,Kirkland Scott D,"Officer, CHIEF FINANCIAL OFFICER",0,1,0,CHIEF FINANCIAL OFFICER,SEC EDGAR
ECL|0001628280-26-051448|derivative|2026-07-30|Kirkland Scott D|M|Employee Stock Option (Right to Buy)|3972|0|D,2026-08-06 03:29:58+0000,ECL,ECOLAB INC.,0000031462,4,2026-07-31,2026-07-30,0001628280-26-051448,https://www.sec.gov/Archives/edgar/data/31462/000162828026051448/wk-form4_1785530778.xml,derivative,2026-07-30,M,Employee Stock Option (Right to Buy),3972,0,0.0,0,D,Kirkland Scott D,"Officer, CHIEF FINANCIAL OFFICER",0,1,0,CHIEF FINANCIAL OFFICER,SEC EDGAR
CBRE|0001225208-26-006861|nonDerivative|2026-07-29|Kohli Vikramaditya|S|Class A Common Stock|2666.0000|150.0000|D,2026-08-06 03:29:58+0000,CBRE,"CBRE GROUP, INC.",0001138118,4,2026-07-31,2026-07-29,0001225208-26-006861,https://www.sec.gov/Archives/edgar/data/1138118/000122520826006861/doc4.xml,nonDerivative,2026-07-29,S,Class A Common Stock,2666.0000,150.0000,399900.0,134869.0000,D,Kohli Vikramaditya,"Officer, COO & CEO, Advisory Services",,1,,"COO & CEO, Advisory Services",SEC EDGAR
AMT|0001053507-26-000137|nonDerivative|2026-07-29|Meyer Robert Joseph|S|Common Stock|5000|178.89|D,2026-08-06 03:29:58+0000,AMT,AMERICAN TOWER CORP /MA/,0001053507,4,2026-07-31,2026-07-29,0001053507-26-000137,https://www.sec.gov/Archives/edgar/data/1053507/000105350726000137/wk-form4_1785528506.xml,nonDerivative,2026-07-29,S,Common Stock,5000,178.89,894449.9999999999,21428,D,Meyer Robert Joseph,"Officer, SVP & Advisor to the CFO",0,1,0,SVP & Advisor to the CFO,SEC EDGAR
ADP|0001225208-26-006860|nonDerivative|2026-07-30|Kwon David|M|Common Stock|887.0000|138.5300|D,2026-08-06 03:29:58+0000,ADP,AUTOMATIC DATA PROCESSING INC,0000008670,4,2026-07-31,2026-07-30,0001225208-26-006860,https://www.sec.gov/Archives/edgar/data/8670/000122520826006860/doc4.xml,nonDerivative,2026-07-30,M,Common Stock,887.0000,138.5300,122876.11,12073.5530,D,Kwon David,"Officer, Corp VP",,1,,Corp VP,SEC EDGAR
ADP|0001225208-26-006860|nonDerivative|2026-07-30|Kwon David|S|Common Stock|474.0000|265.6200|D,2026-08-06 03:29:58+0000,ADP,AUTOMATIC DATA PROCESSING INC,0000008670,4,2026-07-31,2026-07-30,0001225208-26-006860,https://www.sec.gov/Archives/edgar/data/8670/000122520826006860/doc4.xml,nonDerivative,2026-07-30,S,Common Stock,474.0000,265.6200,125903.88,11599.5530,D,Kwon David,"Officer, Corp VP",,1,,Corp VP,SEC EDGAR
ADP|0001225208-26-006860|nonDerivative|2026-07-30|Kwon David|S|Common Stock|887.0000|265.6200|D,2026-08-06 03:29:58+0000,ADP,AUTOMATIC DATA PROCESSING INC,0000008670,4,2026-07-31,2026-07-30,0001225208-26-006860,https://www.sec.gov/Archives/edgar/data/8670/000122520826006860/doc4.xml,nonDerivative,2026-07-30,S,Common Stock,887.0000,265.6200,235604.94,10712.5530,D,Kwon David,"Officer, Corp VP",,1,,Corp VP,SEC EDGAR
ADP|0001225208-26-006860|nonDerivative|2026-07-30|Kwon David|S|Common Stock|1053.0000|265.6200|D,2026-08-06 03:29:58+0000,ADP,AUTOMATIC DATA PROCESSING INC,0000008670,4,2026-07-31,2026-07-30,0001225208-26-006860,https://www.sec.gov/Archives/edgar/data/8670/000122520826006860/doc4.xml,nonDerivative,2026-07-30,S,Common Stock,1053.0000,265.6200,279697.86,9659.5530,D,Kwon David,"Officer, Corp VP",,1,,Corp VP,SEC EDGAR
ADP|0001225208-26-006860|derivative|2026-07-30|Kwon David|M|Stock Option (Right to Buy)|887.0000|138.5300|D,2026-08-06 03:29:58+0000,ADP,AUTOMATIC DATA PROCESSING INC,0000008670,4,2026-07-31,2026-07-30,0001225208-26-006860,https://www.sec.gov/Archives/edgar/data/8670/000122520826006860/doc4.xml,derivative,2026-07-30,M,Stock Option (Right to Buy),887.0000,138.5300,122876.11,1387.0000,D,Kwon David,"Officer, Corp VP",,1,,Corp VP,SEC EDGAR
ADBE|0000796343-26-000137|nonDerivative|2026-07-29|Forusz Jillian|S|Common Stock|416|264.33|D,2026-08-06 03:29:58+0000,ADBE,ADOBE INC.,0000796343,4,2026-07-31,2026-07-29,0000796343-26-000137,https://www.sec.gov/Archives/edgar/data/796343/000079634326000137/wk-form4_1785531148.xml,nonDerivative,2026-07-29,S,Common Stock,416,264.33,109961.28,3824.156,D,Forusz Jillian,"Officer, SVP & CAO",0,1,0,SVP & CAO,SEC EDGAR
ACN|0001783059-26-000014|nonDerivative|2026-07-30|Unruch Joel|S|Class A ordinary shares|1373|160.8633|D,2026-08-06 03:29:58+0000,ACN,Accenture plc,0001467373,4,2026-07-31,2026-07-30,0001783059-26-000014,https://www.sec.gov/Archives/edgar/data/1467373/000178305926000014/wk-form4_1785528265.xml,nonDerivative,2026-07-30,S,Class A ordinary shares,1373,160.8633,220865.3109,26860,D,Unruch Joel,"Officer, General Counsel/Corp Secretary",0,1,0,General Counsel/Corp Secretary,SEC EDGAR
ACN|0001783059-26-000014|nonDerivative|2026-07-30|Unruch Joel|S|Class A ordinary shares|3555|162.2949|D,2026-08-06 03:29:58+0000,ACN,Accenture plc,0001467373,4,2026-07-31,2026-07-30,0001783059-26-000014,https://www.sec.gov/Archives/edgar/data/1467373/000178305926000014/wk-form4_1785528265.xml,nonDerivative,2026-07-30,S,Class A ordinary shares,3555,162.2949,576958.3695,23305,D,Unruch Joel,"Officer, General Counsel/Corp Secretary",0,1,0,General Counsel/Corp Secretary,SEC EDGAR
ACN|0001783059-26-000014|nonDerivative|2026-07-30|Unruch Joel|S|Class A ordinary shares|2569|163.2708|D,2026-08-06 03:29:58+0000,ACN,Accenture plc,0001467373,4,2026-07-31,2026-07-30,0001783059-26-000014,https://www.sec.gov/Archives/edgar/data/1467373/000178305926000014/wk-form4_1785528265.xml,nonDerivative,2026-07-30,S,Class A ordinary shares,2569,163.2708,419442.6852,20736,D,Unruch Joel,"Officer, General Counsel/Corp Secretary",0,1,0,General Counsel/Corp Secretary,SEC EDGAR
ACN|0001783059-26-000014|nonDerivative|2026-07-30|Unruch Joel|S|Class A ordinary shares|2772|164.4409|D,2026-08-06 03:29:58+0000,ACN,Accenture plc,0001467373,4,2026-07-31,2026-07-30,0001783059-26-000014,https://www.sec.gov/Archives/edgar/data/1467373/000178305926000014/wk-form4_1785528265.xml,nonDerivative,2026-07-30,S,Class A ordinary shares,2772,164.4409,455830.1748,17964,D,Unruch Joel,"Officer, General Counsel/Corp Secretary",0,1,0,General Counsel/Corp Secretary,SEC EDGAR
ACN|0001783059-26-000014|nonDerivative|2026-07-30|Unruch Joel|S|Class A ordinary shares|229|165.1631|D,2026-08-06 03:29:58+0000,ACN,Accenture plc,0001467373,4,2026-07-31,2026-07-30,0001783059-26-000014,https://www.sec.gov/Archives/edgar/data/1467373/000178305926000014/wk-form4_1785528265.xml,nonDerivative,2026-07-30,S,Class A ordinary shares,229,165.1631,37822.349899999994,17735,D,Unruch Joel,"Officer, General Counsel/Corp Secretary",0,1,0,General Counsel/Corp Secretary,SEC EDGAR
TPL|0001437749-26-024994|nonDerivative|2026-07-29|HORIZON KINETICS ASSET MANAGEMENT LLC|P|Common Stock|1|394.14|D,2026-08-06 03:29:58+0000,TPL,Texas Pacific Land Corp,0001811074,4,2026-07-30,2026-07-29,0001437749-26-024994,https://www.sec.gov/Archives/edgar/data/1811074/000143774926024994/rdgdoc.xml,nonDerivative,2026-07-29,P,Common Stock,1,394.14,394.14,3263686,D,HORIZON KINETICS ASSET MANAGEMENT LLC,10% Owner,,,1,,SEC EDGAR
TFC|0001649626-26-000006|nonDerivative|2026-07-28|Bessant Catherine P|A|Common Stock|2338.0000|0.0000|D,2026-08-06 03:29:58+0000,TFC,TRUIST FINANCIAL CORP,0000092230,4,2026-07-30,2026-07-28,0001649626-26-000006,https://www.sec.gov/Archives/edgar/data/92230/000164962626000006/f4_a1eus000009stlxmac-live.xml,nonDerivative,2026-07-28,A,Common Stock,2338.0000,0.0000,0.0,2338.0000,D,Bessant Catherine P,,true,false,false,,SEC EDGAR
TECH|0000914190-26-000106|nonDerivative|2026-07-28|Kelderman Kim|M|Common Stock|35000|47.60|D,2026-08-06 03:29:58+0000,TECH,BIO-TECHNE Corp,0000842023,4,2026-07-30,2026-07-28,0000914190-26-000106,https://www.sec.gov/Archives/edgar/data/842023/000091419026000106/form4.xml,nonDerivative,2026-07-28,M,Common Stock,35000,47.60,1666000.0,100799,D,Kelderman Kim,"Director, Officer, Chief Executive Officer",1,1,0,Chief Executive Officer,SEC EDGAR
TECH|0000914190-26-000106|nonDerivative|2026-07-28|Kelderman Kim|F|Common Stock|28686|72.07|D,2026-08-06 03:29:58+0000,TECH,BIO-TECHNE Corp,0000842023,4,2026-07-30,2026-07-28,0000914190-26-000106,https://www.sec.gov/Archives/edgar/data/842023/000091419026000106/form4.xml,nonDerivative,2026-07-28,F,Common Stock,28686,72.07,2067400.0199999998,72113,D,Kelderman Kim,"Director, Officer, Chief Executive Officer",1,1,0,Chief Executive Officer,SEC EDGAR
TECH|0000914190-26-000106|derivative|2026-07-28|Kelderman Kim|M|Stock Option (Right to Buy)|35000|0|D,2026-08-06 03:29:58+0000,TECH,BIO-TECHNE Corp,0000842023,4,2026-07-30,2026-07-28,0000914190-26-000106,https://www.sec.gov/Archives/edgar/data/842023/000091419026000106/form4.xml,derivative,2026-07-28,M,Stock Option (Right to Buy),35000,0,0.0,0,D,Kelderman Kim,"Director, Officer, Chief Executive Officer",1,1,0,Chief Executive Officer,SEC EDGAR
SYF|0001614719-26-000010|nonDerivative|2026-07-28|DOUBLES BRIAN D|F|Common Stock|2353|77.12|D,2026-08-06 03:29:58+0000,SYF,Synchrony Financial,0001601712,4,2026-07-30,2026-07-28,0001614719-26-000010,https://www.sec.gov/Archives/edgar/data/1601712/000161471926000010/wk-form4_1785445712.xml,nonDerivative,2026-07-28,F,Common Stock,2353,77.12,181463.36000000002,827886,D,DOUBLES BRIAN D,"Director, Officer, See remarks",1,1,0,See remarks,SEC EDGAR
SCHW|0001950787-26-000009|nonDerivative|2026-07-28|Schwab-Pomerantz Carolyn|S|Common Stock|22650|105.713|I,2026-08-06 03:29:58+0000,SCHW,SCHWAB CHARLES CORP,0000316709,4,2026-07-30,2026-07-28,0001950787-26-000009,https://www.sec.gov/Archives/edgar/data/316709/000195078726000009/wk-form4_1785458029.xml,nonDerivative,2026-07-28,S,Common Stock,22650,105.713,2394399.4499999997,1373808.6599,I,Schwab-Pomerantz Carolyn,Director,1,0,0,,SEC EDGAR
SCHW|0001950787-26-000009|nonDerivative|2026-07-28|Schwab-Pomerantz Carolyn|G|Common Stock|271|0|I,2026-08-06 03:29:58+0000,SCHW,SCHWAB CHARLES CORP,0000316709,4,2026-07-30,2026-07-28,0001950787-26-000009,https://www.sec.gov/Archives/edgar/data/316709/000195078726000009/wk-form4_1785458029.xml,nonDerivative,2026-07-28,G,Common Stock,271,0,0.0,1373537.6599,I,Schwab-Pomerantz Carolyn,Director,1,0,0,,SEC EDGAR
SCHW|0000923738-26-000031|nonDerivative|2026-07-28|Schwab Charles R.|S|Common Stock|48000|105.5964|I,2026-08-06 03:29:58+0000,SCHW,SCHWAB CHARLES CORP,0000316709,4,2026-07-30,2026-07-28,0000923738-26-000031,https://www.sec.gov/Archives/edgar/data/316709/000092373826000031/wk-form4_1785459472.xml,nonDerivative,2026-07-28,S,Common Stock,48000,105.5964,5068627.2,54080841,I,Schwab Charles R.,"Director, Officer, Co-Chairman",1,1,0,Co-Chairman,SEC EDGAR
SCHW|0000923738-26-000031|nonDerivative|2026-07-28|Schwab Charles R.|G|Common Stock|60000|0|I,2026-08-06 03:29:58+0000,SCHW,SCHWAB CHARLES CORP,0000316709,4,2026-07-30,2026-07-28,0000923738-26-000031,https://www.sec.gov/Archives/edgar/data/316709/000092373826000031/wk-form4_1785459472.xml,nonDerivative,2026-07-28,G,Common Stock,60000,0,0.0,54020841,I,Schwab Charles R.,"Director, Officer, Co-Chairman",1,1,0,Co-Chairman,SEC EDGAR
SCHW|0000923738-26-000031|nonDerivative|2026-07-29|Schwab Charles R.|S|Common Stock|95450|105.8152|I,2026-08-06 03:29:58+0000,SCHW,SCHWAB CHARLES CORP,0000316709,4,2026-07-30,2026-07-28,0000923738-26-000031,https://www.sec.gov/Archives/edgar/data/316709/000092373826000031/wk-form4_1785459472.xml,nonDerivative,2026-07-29,S,Common Stock,95450,105.8152,10100060.84,30114318,I,Schwab Charles R.,"Director, Officer, Co-Chairman",1,1,0,Co-Chairman,SEC EDGAR
SCHW|0001825454-26-000023|nonDerivative|2026-07-28|Howard Dennis|M|Common Stock|28000|64.10|D,2026-08-06 03:29:58+0000,SCHW,SCHWAB CHARLES CORP,0000316709,4,2026-07-30,2026-07-28,0001825454-26-000023,https://www.sec.gov/Archives/edgar/data/316709/000182545426000023/wk-form4_1785454977.xml,nonDerivative,2026-07-28,M,Common Stock,28000,64.10,1794799.9999999998,38470,D,Howard Dennis,"Officer, MD, Chief Tech, OPS & Data Off",0,1,0,"MD, Chief Tech, OPS & Data Off",SEC EDGAR
SCHW|0001825454-26-000023|nonDerivative|2026-07-28|Howard Dennis|S|Common Stock|28000|105.0094|D,2026-08-06 03:29:58+0000,SCHW,SCHWAB CHARLES CORP,0000316709,4,2026-07-30,2026-07-28,0001825454-26-000023,https://www.sec.gov/Archives/edgar/data/316709/000182545426000023/wk-form4_1785454977.xml,nonDerivative,2026-07-28,S,Common Stock,28000,105.0094,2940263.2,10470,D,Howard Dennis,"Officer, MD, Chief Tech, OPS & Data Off",0,1,0,"MD, Chief Tech, OPS & Data Off",SEC EDGAR
SCHW|0001825454-26-000023|derivative|2026-07-28|Howard Dennis|M|Nonqualified Stock Option (right to buy)|28000|0|D,2026-08-06 03:29:58+0000,SCHW,SCHWAB CHARLES CORP,0000316709,4,2026-07-30,2026-07-28,0001825454-26-000023,https://www.sec.gov/Archives/edgar/data/316709/000182545426000023/wk-form4_1785454977.xml,derivative,2026-07-28,M,Nonqualified Stock Option (right to buy),28000,0,0.0,56000,D,Howard Dennis,"Officer, MD, Chief Tech, OPS & Data Off",0,1,0,"MD, Chief Tech, OPS & Data Off",SEC EDGAR
RCL|0002112888-26-000012|nonDerivative|2026-05-28|Wiernicki Christopher J|A|Common Stock|571|0|D,2026-08-06 03:29:58+0000,RCL,ROYAL CARIBBEAN CRUISES LTD,0000884887,4/A,2026-07-30,2026-05-28,0002112888-26-000012,https://www.sec.gov/Archives/edgar/data/884887/000211288826000012/wk-form4a_1785443846.xml,nonDerivative,2026-05-28,A,Common Stock,571,0,0.0,922,D,Wiernicki Christopher J,Director,1,0,0,,SEC EDGAR
PYPL|0001905272-26-000012|nonDerivative|2026-07-29|Natali Chris|S|Common Stock|1337|58.1|D,2026-08-06 03:29:58+0000,PYPL,"PayPal Holdings, Inc.",0001633917,4,2026-07-30,2026-07-29,0001905272-26-000012,https://www.sec.gov/Archives/edgar/data/1633917/000190527226000012/edgardoc.xml,nonDerivative,2026-07-29,S,Common Stock,1337,58.1,77679.7,2216,D,Natali Chris,"Officer, SVP, Chief Accounting Officer",0,1,0,"SVP, Chief Accounting Officer",SEC EDGAR
PYPL|0002006416-26-000013|nonDerivative|2026-07-29|Keller Frank|S|Common Stock|732|58.1|D,2026-08-06 03:29:58+0000,PYPL,"PayPal Holdings, Inc.",0001633917,4,2026-07-30,2026-07-29,0002006416-26-000013,https://www.sec.gov/Archives/edgar/data/1633917/000200641626000013/edgardoc.xml,nonDerivative,2026-07-29,S,Common Stock,732,58.1,42529.200000000004,41567,D,Keller Frank,"Officer, Pres., Checkout Sol. & PayPal",0,1,0,"Pres., Checkout Sol. & PayPal",SEC EDGAR
PSA|0001726283-26-000004|derivative|2026-07-28|Johnson Natalia|M|AO LTIP Units|10327||D,2026-08-06 03:29:58+0000,PSA,Public Storage,0001393311,4,2026-07-30,2026-07-28,0001726283-26-000004,https://www.sec.gov/Archives/edgar/data/1393311/000172628326000004/wk-form4_1785454040.xml,derivative,2026-07-28,M,AO LTIP Units,10327,,,0,D,Johnson Natalia,"Officer, CD&TO",0,1,0,CD&TO,SEC EDGAR
PSA|0001726283-26-000004|derivative|2026-07-28|Johnson Natalia|M|LTIP Units|3284|0|D,2026-08-06 03:29:58+0000,PSA,Public Storage,0001393311,4,2026-07-30,2026-07-28,0001726283-26-000004,https://www.sec.gov/Archives/edgar/data/1393311/000172628326000004/wk-form4_1785454040.xml,derivative,2026-07-28,M,LTIP Units,3284,0,0.0,26493,D,Johnson Natalia,"Officer, CD&TO",0,1,0,CD&TO,SEC EDGAR
PSA|0001227384-26-000017|derivative|2026-07-29|HAVNER RONALD L JR|M|AO LTIP Units|103275||D,2026-08-06 03:29:58+0000,PSA,Public Storage,0001393311,4,2026-07-30,2026-07-29,0001227384-26-000017,https://www.sec.gov/Archives/edgar/data/1393311/000122738426000017/wk-form4_1785446591.xml,derivative,2026-07-29,M,AO LTIP Units,103275,,,0,D,HAVNER RONALD L JR,Director,1,0,0,,SEC EDGAR
PSA|0001227384-26-000017|derivative|2026-07-29|HAVNER RONALD L JR|M|LTIP Units|34599.51|0|D,2026-08-06 03:29:58+0000,PSA,Public Storage,0001393311,4,2026-07-30,2026-07-29,0001227384-26-000017,https://www.sec.gov/Archives/edgar/data/1393311/000122738426000017/wk-form4_1785446591.xml,derivative,2026-07-29,M,LTIP Units,34599.51,0,0.0,182393.91,D,HAVNER RONALD L JR,Director,1,0,0,,SEC EDGAR
"PRU|0001104659-26-088646|nonDerivative|2026-07-28|PRUDENTIAL INSURANCE CO OF AMERICA|S|Class I common shares of beneficial interest, par val $0.001|214746.359|24.75|I",2026-08-06 03:29:58+0000,PRU,PRUDENTIAL FINANCIAL INC,0001137774,4,2026-07-30,2026-07-28,0001104659-26-088646,https://www.sec.gov/Archives/edgar/data/1137774/000110465926088646/tm2621669-1_4seq1.xml,nonDerivative,2026-07-28,S,"Class I common shares of beneficial interest, par val $0.001",214746.359,24.75,5314972.38525,7973656.68,I,PRUDENTIAL INSURANCE CO OF AMERICA,10% Owner,0,0,1,,SEC EDGAR
NTRS|0002033834-26-000019|nonDerivative|2026-07-29|Moritz Robert Edward Jr.|P|Common Stock|255|179.57|D,2026-08-06 03:29:58+0000,NTRS,NORTHERN TRUST CORP,0000073124,4,2026-07-30,2026-07-29,0002033834-26-000019,https://www.sec.gov/Archives/edgar/data/73124/000203383426000019/wk-form4_1785441999.xml,nonDerivative,2026-07-29,P,Common Stock,255,179.57,45790.35,8400,D,Moritz Robert Edward Jr.,Director,1,0,0,,SEC EDGAR
LW|0001904829-26-000006|nonDerivative|2026-07-28|Younes Steven J|A|Common Stock|6957|0|D,2026-08-06 03:29:58+0000,LW,"Lamb Weston Holdings, Inc.",0001679273,4,2026-07-30,2026-07-28,0001904829-26-000006,https://www.sec.gov/Archives/edgar/data/1679273/000190482926000006/form4-07302026_090737.xml,nonDerivative,2026-07-28,A,Common Stock,6957,0,0.0,46352.7,D,Younes Steven J,CHIEF HUMAN RESOURCES OFFICER,false,true,false,CHIEF HUMAN RESOURCES OFFICER,SEC EDGAR
LW|0002031596-26-000004|nonDerivative|2026-07-28|Wilks Sylvia|A|Common Stock|8971|0|D,2026-08-06 03:29:58+0000,LW,"Lamb Weston Holdings, Inc.",0001679273,4,2026-07-30,2026-07-28,0002031596-26-000004,https://www.sec.gov/Archives/edgar/data/1679273/000203159626000004/form4-07302026_090751.xml,nonDerivative,2026-07-28,A,Common Stock,8971,0,0.0,44626.3,D,Wilks Sylvia,Chief Supply Chain Officer,false,true,false,Chief Supply Chain Officer,SEC EDGAR
LW|0001353531-26-000006|nonDerivative|2026-07-28|Spytek Eryk J|A|Common Stock|8788|0|D,2026-08-06 03:29:58+0000,LW,"Lamb Weston Holdings, Inc.",0001679273,4,2026-07-30,2026-07-28,0001353531-26-000006,https://www.sec.gov/Archives/edgar/data/1679273/000135353126000006/form4-07302026_090705.xml,nonDerivative,2026-07-28,A,Common Stock,8788,0,0.0,35993,D,Spytek Eryk J,GEN COUNSEL & CHIEF COMPL OFF,false,true,false,GEN COUNSEL & CHIEF COMPL OFF,SEC EDGAR
LW|0001712056-26-000006|nonDerivative|2026-07-28|Smith Michael Jared|A|Common Stock|45770|0|D,2026-08-06 03:29:58+0000,LW,"Lamb Weston Holdings, Inc.",0001679273,4,2026-07-30,2026-07-28,0001712056-26-000006,https://www.sec.gov/Archives/edgar/data/1679273/000171205626000006/form4-07302026_090717.xml,nonDerivative,2026-07-28,A,Common Stock,45770,0,0.0,187863.3,D,Smith Michael Jared,President and CEO,true,true,false,President and CEO,SEC EDGAR
LW|0001975231-26-000008|nonDerivative|2026-07-28|Schroeder Marc|A|Common Stock|8422|0|D,2026-08-06 03:29:58+0000,LW,"Lamb Weston Holdings, Inc.",0001679273,4,2026-07-30,2026-07-28,0001975231-26-000008,https://www.sec.gov/Archives/edgar/data/1679273/000197523126000008/form4-07302026_090733.xml,nonDerivative,2026-07-28,A,Common Stock,8422,0,0.0,47601.1,D,Schroeder Marc,"PRESIDENT, INTERNATIONAL",false,true,false,"PRESIDENT, INTERNATIONAL",SEC EDGAR
LW|0001787207-26-000009|nonDerivative|2026-07-28|Philip Amit|A|Common Stock|8788|0|D,2026-08-06 03:29:58+0000,LW,"Lamb Weston Holdings, Inc.",0001679273,4,2026-07-30,2026-07-28,0001787207-26-000009,https://www.sec.gov/Archives/edgar/data/1679273/000178720726000009/form4-07302026_090752.xml,nonDerivative,2026-07-28,A,Common Stock,8788,0,0.0,38686.3,D,Philip Amit,Chief Strategy/Tech Officer,false,true,false,Chief Strategy/Tech Officer,SEC EDGAR
LW|0001877286-26-000004|nonDerivative|2026-07-28|Jones Gregory W|A|Common Stock|2746|0|D,2026-08-06 03:29:58+0000,LW,"Lamb Weston Holdings, Inc.",0001679273,4,2026-07-30,2026-07-28,0001877286-26-000004,https://www.sec.gov/Archives/edgar/data/1679273/000187728626000004/form4-07302026_090748.xml,nonDerivative,2026-07-28,A,Common Stock,2746,0,0.0,12477.04,D,Jones Gregory W,VP AND CONTROLLER,false,true,false,VP AND CONTROLLER,SEC EDGAR
LW|0001699728-26-000012|nonDerivative|2026-07-28|Gray James D|A|Common Stock|16111|0|D,2026-08-06 03:29:58+0000,LW,"Lamb Weston Holdings, Inc.",0001679273,4,2026-07-30,2026-07-28,0001699728-26-000012,https://www.sec.gov/Archives/edgar/data/1679273/000169972826000012/form4-07302026_090751.xml,nonDerivative,2026-07-28,A,Common Stock,16111,0,0.0,101444,D,Gray James D,Chief Financial Officer,false,true,false,Chief Financial Officer,SEC EDGAR
LW|0002052319-26-000006|nonDerivative|2026-07-28|Crowley Michael Christopher|A|Common Stock|8422|0|D,2026-08-06 03:29:58+0000,LW,"Lamb Weston Holdings, Inc.",0001679273,4,2026-07-30,2026-07-28,0002052319-26-000006,https://www.sec.gov/Archives/edgar/data/1679273/000205231926000006/form4-07302026_090726.xml,nonDerivative,2026-07-28,A,Common Stock,8422,0,0.0,34061.7,D,Crowley Michael Christopher,"President, North America",false,true,false,"President, North America",SEC EDGAR
LW|0002107955-26-000006|nonDerivative|2026-07-28|Craps Jan Eli B|A|Common Stock|68656|0|D,2026-08-06 03:29:58+0000,LW,"Lamb Weston Holdings, Inc.",0001679273,4,2026-07-30,2026-07-28,0002107955-26-000006,https://www.sec.gov/Archives/edgar/data/1679273/000210795526000006/form4-07302026_090739.xml,nonDerivative,2026-07-28,A,Common Stock,68656,0,0.0,689168.8,D,Craps Jan Eli B,Executive Chair,true,true,false,Executive Chair,SEC EDGAR
"KO|0000021344-26-000156|nonDerivative|2026-07-28|Quincey James|M|Common Stock, $.25 Par Value|381140|45.435|D",2026-08-06 03:29:58+0000,KO,COCA COLA CO,0000021344,4,2026-07-30,2026-07-28,0000021344-26-000156,https://www.sec.gov/Archives/edgar/data/21344/000002134426000156/form4.xml,nonDerivative,2026-07-28,M,"Common Stock, $.25 Par Value",381140,45.435,17317095.900000002,503973,D,Quincey James,"Director, Officer, Chairman",1,1,,Chairman,SEC EDGAR
"KO|0000021344-26-000156|nonDerivative|2026-07-28|Quincey James|S|Common Stock, $.25 Par Value|381140|90.0447|D",2026-08-06 03:29:58+0000,KO,COCA COLA CO,0000021344,4,2026-07-30,2026-07-28,0000021344-26-000156,https://www.sec.gov/Archives/edgar/data/21344/000002134426000156/form4.xml,nonDerivative,2026-07-28,S,"Common Stock, $.25 Par Value",381140,90.0447,34319636.958000004,122833,D,Quincey James,"Director, Officer, Chairman",1,1,,Chairman,SEC EDGAR
"KO|0000021344-26-000156|nonDerivative|2026-07-29|Quincey James|M|Common Stock, $.25 Par Value|145947|45.435|D",2026-08-06 03:29:58+0000,KO,COCA COLA CO,0000021344,4,2026-07-30,2026-07-28,0000021344-26-000156,https://www.sec.gov/Archives/edgar/data/21344/000002134426000156/form4.xml,nonDerivative,2026-07-29,M,"Common Stock, $.25 Par Value",145947,45.435,6631101.945,268780,D,Quincey James,"Director, Officer, Chairman",1,1,,Chairman,SEC EDGAR
"KO|0000021344-26-000156|nonDerivative|2026-07-29|Quincey James|S|Common Stock, $.25 Par Value|145947|90.0942|D",2026-08-06 03:29:58+0000,KO,COCA COLA CO,0000021344,4,2026-07-30,2026-07-28,0000021344-26-000156,https://www.sec.gov/Archives/edgar/data/21344/000002134426000156/form4.xml,nonDerivative,2026-07-29,S,"Common Stock, $.25 Par Value",145947,90.0942,13148978.2074,122833,D,Quincey James,"Director, Officer, Chairman",1,1,,Chairman,SEC EDGAR
KO|0000021344-26-000156|derivative|2026-07-28|Quincey James|M|Employee Stock Option (Right to Buy)|381140|0|D,2026-08-06 03:29:58+0000,KO,COCA COLA CO,0000021344,4,2026-07-30,2026-07-28,0000021344-26-000156,https://www.sec.gov/Archives/edgar/data/21344/000002134426000156/form4.xml,derivative,2026-07-28,M,Employee Stock Option (Right to Buy),381140,0,0.0,145947,D,Quincey James,"Director, Officer, Chairman",1,1,,Chairman,SEC EDGAR
KO|0000021344-26-000156|derivative|2026-07-29|Quincey James|M|Employee Stock Option (Right to Buy)|145947|0|D,2026-08-06 03:29:58+0000,KO,COCA COLA CO,0000021344,4,2026-07-30,2026-07-28,0000021344-26-000156,https://www.sec.gov/Archives/edgar/data/21344/000002134426000156/form4.xml,derivative,2026-07-29,M,Employee Stock Option (Right to Buy),145947,0,0.0,0,D,Quincey James,"Director, Officer, Chairman",1,1,,Chairman,SEC EDGAR
HPQ|0001951912-26-000005|nonDerivative|2026-07-28|McQuarrie David P.|S|Common Stock|10524|27.98|D,2026-08-06 03:29:58+0000,HPQ,HP INC,0000047217,4,2026-07-30,2026-07-28,0001951912-26-000005,https://www.sec.gov/Archives/edgar/data/47217/000195191226000005/form4-07302026_080700.xml,nonDerivative,2026-07-28,S,Common Stock,10524,27.98,294461.52,81676,D,McQuarrie David P.,Chief Commercial Officer,false,true,false,Chief Commercial Officer,SEC EDGAR
"HOOD|0001783879-26-000116|nonDerivative|2026-07-28|Robinhood Markets, Inc.|S|Common Shares of Beneficial Interest|3595|25.08|D",2026-08-06 03:29:58+0000,HOOD,"Robinhood Markets, Inc.",0001783879,4,2026-07-30,2026-07-28,0001783879-26-000116,https://www.sec.gov/Archives/edgar/data/1783879/000178387926000116/wk-form4_1785450506.xml,nonDerivative,2026-07-28,S,Common Shares of Beneficial Interest,3595,25.08,90162.59999999999,13159727,D,"Robinhood Markets, Inc.",10% Owner,0,0,1,,SEC EDGAR
"HOOD|0001783879-26-000116|nonDerivative|2026-07-29|Robinhood Markets, Inc.|S|Common Shares of Beneficial Interest|885|25.15|D",2026-08-06 03:29:58+0000,HOOD,"Robinhood Markets, Inc.",0001783879,4,2026-07-30,2026-07-28,0001783879-26-000116,https://www.sec.gov/Archives/edgar/data/1783879/000178387926000116/wk-form4_1785450506.xml,nonDerivative,2026-07-29,S,Common Shares of Beneficial Interest,885,25.15,22257.75,13158842,D,"Robinhood Markets, Inc.",10% Owner,0,0,1,,SEC EDGAR
HON|0001742938-26-000008|nonDerivative|2026-07-28|Kapur Vimal|M|Common Stock|300||D,2026-08-06 03:29:58+0000,HON,HONEYWELL INTERNATIONAL INC,0000773840,4,2026-07-30,2026-07-28,0001742938-26-000008,https://www.sec.gov/Archives/edgar/data/773840/000174293826000008/wk-form4_1785443296.xml,nonDerivative,2026-07-28,M,Common Stock,300,,,2337,D,Kapur Vimal,"Director, Officer, Chief Executive Officer",1,1,0,Chief Executive Officer,SEC EDGAR
HON|0001742938-26-000008|nonDerivative|2026-07-28|Kapur Vimal|F|Common Stock|131|249.05|D,2026-08-06 03:29:58+0000,HON,HONEYWELL INTERNATIONAL INC,0000773840,4,2026-07-30,2026-07-28,0001742938-26-000008,https://www.sec.gov/Archives/edgar/data/773840/000174293826000008/wk-form4_1785443296.xml,nonDerivative,2026-07-28,F,Common Stock,131,249.05,32625.550000000003,2206,D,Kapur Vimal,"Director, Officer, Chief Executive Officer",1,1,0,Chief Executive Officer,SEC EDGAR
HON|0001742938-26-000008|derivative|2026-07-28|Kapur Vimal|M|Restricted Stock Units|300|0|D,2026-08-06 03:29:58+0000,HON,HONEYWELL INTERNATIONAL INC,0000773840,4,2026-07-30,2026-07-28,0001742938-26-000008,https://www.sec.gov/Archives/edgar/data/773840/000174293826000008/wk-form4_1785443296.xml,derivative,2026-07-28,M,Restricted Stock Units,300,0,0.0,285,D,Kapur Vimal,"Director, Officer, Chief Executive Officer",1,1,0,Chief Executive Officer,SEC EDGAR
HON|0001973103-26-000008|nonDerivative|2026-07-28|Hammoud Billal|M|Common Stock|349||D,2026-08-06 03:29:58+0000,HON,HONEYWELL INTERNATIONAL INC,0000773840,4,2026-07-30,2026-07-28,0001973103-26-000008,https://www.sec.gov/Archives/edgar/data/773840/000197310326000008/wk-form4_1785443796.xml,nonDerivative,2026-07-28,M,Common Stock,349,,,3732,D,Hammoud Billal,"Officer, Pres/CEO Building Automation",0,1,0,Pres/CEO Building Automation,SEC EDGAR
HON|0001973103-26-000008|nonDerivative|2026-07-28|Hammoud Billal|F|Common Stock|158|249.05|D,2026-08-06 03:29:58+0000,HON,HONEYWELL INTERNATIONAL INC,0000773840,4,2026-07-30,2026-07-28,0001973103-26-000008,https://www.sec.gov/Archives/edgar/data/773840/000197310326000008/wk-form4_1785443796.xml,nonDerivative,2026-07-28,F,Common Stock,158,249.05,39349.9,3574,D,Hammoud Billal,"Officer, Pres/CEO Building Automation",0,1,0,Pres/CEO Building Automation,SEC EDGAR
HON|0001973103-26-000008|derivative|2026-07-28|Hammoud Billal|M|Restricted Stock Units|349|0|D,2026-08-06 03:29:58+0000,HON,HONEYWELL INTERNATIONAL INC,0000773840,4,2026-07-30,2026-07-28,0001973103-26-000008,https://www.sec.gov/Archives/edgar/data/773840/000197310326000008/wk-form4_1785443796.xml,derivative,2026-07-28,M,Restricted Stock Units,349,0,0.0,0,D,Hammoud Billal,"Officer, Pres/CEO Building Automation",0,1,0,Pres/CEO Building Automation,SEC EDGAR
HAS|0002033439-26-000006|nonDerivative|2026-07-30|Hight John|S|Common Stock (Par Value $.50 per share)|3186|93.7071|D,2026-08-06 03:29:58+0000,HAS,"HASBRO, INC.",0000046080,4,2026-07-30,2026-07-30,0002033439-26-000006,https://www.sec.gov/Archives/edgar/data/46080/000203343926000006/wk-form4_1785442720.xml,nonDerivative,2026-07-30,S,Common Stock (Par Value $.50 per share),3186,93.7071,298550.8206,67557,D,Hight John,"Officer, President, WOTC",0,1,0,"President, WOTC",SEC EDGAR
GOOGL|0001193125-26-326284|nonDerivative|2026-07-30|ARNOLD FRANCES|S|Class C Capital Stock|82|333.39|D,2026-08-06 03:29:58+0000,GOOGL,Alphabet Inc.,0001652044,4,2026-07-30,2026-07-30,0001193125-26-326284,https://www.sec.gov/Archives/edgar/data/1652044/000119312526326284/ownership.xml,nonDerivative,2026-07-30,S,Class C Capital Stock,82,333.39,27337.98,18914,D,ARNOLD FRANCES,,true,false,false,,SEC EDGAR
GOOG|0001193125-26-326284|nonDerivative|2026-07-30|ARNOLD FRANCES|S|Class C Capital Stock|82|333.39|D,2026-08-06 03:29:58+0000,GOOG,Alphabet Inc.,0001652044,4,2026-07-30,2026-07-30,0001193125-26-326284,https://www.sec.gov/Archives/edgar/data/1652044/000119312526326284/ownership.xml,nonDerivative,2026-07-30,S,Class C Capital Stock,82,333.39,27337.98,18914,D,ARNOLD FRANCES,,true,false,false,,SEC EDGAR
GL|0000320335-26-000208|nonDerivative|2026-07-29|MAJORS MICHAEL CLAY|M|Common Stock|37000|103.2300|D,2026-08-06 03:29:58+0000,GL,GLOBE LIFE INC.,0000320335,4,2026-07-30,2026-07-29,0000320335-26-000208,https://www.sec.gov/Archives/edgar/data/320335/000032033526000208/form4.xml,nonDerivative,2026-07-29,M,Common Stock,37000,103.2300,3819510.0,90518.447,D,MAJORS MICHAEL CLAY,"Officer, EVP - Chief Strategy Officer",0,1,0,EVP - Chief Strategy Officer,SEC EDGAR
GL|0000320335-26-000208|nonDerivative|2026-07-29|MAJORS MICHAEL CLAY|S|Common Stock|33500|178.5613|D,2026-08-06 03:29:58+0000,GL,GLOBE LIFE INC.,0000320335,4,2026-07-30,2026-07-29,0000320335-26-000208,https://www.sec.gov/Archives/edgar/data/320335/000032033526000208/form4.xml,nonDerivative,2026-07-29,S,Common Stock,33500,178.5613,5981803.55,57018.447,D,MAJORS MICHAEL CLAY,"Officer, EVP - Chief Strategy Officer",0,1,0,EVP - Chief Strategy Officer,SEC EDGAR
GL|0000320335-26-000208|nonDerivative|2026-07-29|MAJORS MICHAEL CLAY|S|Common Stock|3500|179.349|D,2026-08-06 03:29:58+0000,GL,GLOBE LIFE INC.,0000320335,4,2026-07-30,2026-07-29,0000320335-26-000208,https://www.sec.gov/Archives/edgar/data/320335/000032033526000208/form4.xml,nonDerivative,2026-07-29,S,Common Stock,3500,179.349,627721.5,53518.447,D,MAJORS MICHAEL CLAY,"Officer, EVP - Chief Strategy Officer",0,1,0,EVP - Chief Strategy Officer,SEC EDGAR
GL|0000320335-26-000208|derivative|2026-07-29|MAJORS MICHAEL CLAY|M|Employee Stock Option (Right to Buy)|37000|0|D,2026-08-06 03:29:58+0000,GL,GLOBE LIFE INC.,0000320335,4,2026-07-30,2026-07-29,0000320335-26-000208,https://www.sec.gov/Archives/edgar/data/320335/000032033526000208/form4.xml,derivative,2026-07-29,M,Employee Stock Option (Right to Buy),37000,0,0.0,0,D,MAJORS MICHAEL CLAY,"Officer, EVP - Chief Strategy Officer",0,1,0,EVP - Chief Strategy Officer,SEC EDGAR
GL|0000320335-26-000210|nonDerivative|2026-07-30|Kalmbach Thomas Peter|M|Common Stock|10000|103.23|D,2026-08-06 03:29:58+0000,GL,GLOBE LIFE INC.,0000320335,4,2026-07-30,2026-07-30,0000320335-26-000210,https://www.sec.gov/Archives/edgar/data/320335/000032033526000210/form4.xml,nonDerivative,2026-07-30,M,Common Stock,10000,103.23,1032300.0,60567.7765,D,Kalmbach Thomas Peter,"Officer, EVP & CFO",0,1,0,EVP & CFO,SEC EDGAR
GL|0000320335-26-000210|nonDerivative|2026-07-30|Kalmbach Thomas Peter|M|Common Stock|11000|120.49|D,2026-08-06 03:29:58+0000,GL,GLOBE LIFE INC.,0000320335,4,2026-07-30,2026-07-30,0000320335-26-000210,https://www.sec.gov/Archives/edgar/data/320335/000032033526000210/form4.xml,nonDerivative,2026-07-30,M,Common Stock,11000,120.49,1325390.0,71567.7765,D,Kalmbach Thomas Peter,"Officer, EVP & CFO",0,1,0,EVP & CFO,SEC EDGAR
GL|0000320335-26-000210|nonDerivative|2026-07-30|Kalmbach Thomas Peter|S|Common Stock|10720|179.2972|D,2026-08-06 03:29:58+0000,GL,GLOBE LIFE INC.,0000320335,4,2026-07-30,2026-07-30,0000320335-26-000210,https://www.sec.gov/Archives/edgar/data/320335/000032033526000210/form4.xml,nonDerivative,2026-07-30,S,Common Stock,10720,179.2972,1922065.984,60847.7765,D,Kalmbach Thomas Peter,"Officer, EVP & CFO",0,1,0,EVP & CFO,SEC EDGAR
GL|0000320335-26-000210|nonDerivative|2026-07-30|Kalmbach Thomas Peter|S|Common Stock|4840|180.0780|D,2026-08-06 03:29:58+0000,GL,GLOBE LIFE INC.,0000320335,4,2026-07-30,2026-07-30,0000320335-26-000210,https://www.sec.gov/Archives/edgar/data/320335/000032033526000210/form4.xml,nonDerivative,2026-07-30,S,Common Stock,4840,180.0780,871577.52,56007.7765,D,Kalmbach Thomas Peter,"Officer, EVP & CFO",0,1,0,EVP & CFO,SEC EDGAR
GL|0000320335-26-000210|nonDerivative|2026-07-30|Kalmbach Thomas Peter|S|Common Stock|2650|181.2284|D,2026-08-06 03:29:58+0000,GL,GLOBE LIFE INC.,0000320335,4,2026-07-30,2026-07-30,0000320335-26-000210,https://www.sec.gov/Archives/edgar/data/320335/000032033526000210/form4.xml,nonDerivative,2026-07-30,S,Common Stock,2650,181.2284,480255.26,53357.7765,D,Kalmbach Thomas Peter,"Officer, EVP & CFO",0,1,0,EVP & CFO,SEC EDGAR
GL|0000320335-26-000210|nonDerivative|2026-07-30|Kalmbach Thomas Peter|S|Common Stock|2790|181.8149|D,2026-08-06 03:29:58+0000,GL,GLOBE LIFE INC.,0000320335,4,2026-07-30,2026-07-30,0000320335-26-000210,https://www.sec.gov/Archives/edgar/data/320335/000032033526000210/form4.xml,nonDerivative,2026-07-30,S,Common Stock,2790,181.8149,507263.571,50567.7765,D,Kalmbach Thomas Peter,"Officer, EVP & CFO",0,1,0,EVP & CFO,SEC EDGAR
GL|0000320335-26-000210|derivative|2026-07-30|Kalmbach Thomas Peter|M|Employee Stock Option (Right to Buy)|10000|0|D,2026-08-06 03:29:58+0000,GL,GLOBE LIFE INC.,0000320335,4,2026-07-30,2026-07-30,0000320335-26-000210,https://www.sec.gov/Archives/edgar/data/320335/000032033526000210/form4.xml,derivative,2026-07-30,M,Employee Stock Option (Right to Buy),10000,0,0.0,0,D,Kalmbach Thomas Peter,"Officer, EVP & CFO",0,1,0,EVP & CFO,SEC EDGAR
GL|0000320335-26-000210|derivative|2026-07-30|Kalmbach Thomas Peter|M|Employee Stock Option (right to buy)|11000|0|D,2026-08-06 03:29:58+0000,GL,GLOBE LIFE INC.,0000320335,4,2026-07-30,2026-07-30,0000320335-26-000210,https://www.sec.gov/Archives/edgar/data/320335/000032033526000210/form4.xml,derivative,2026-07-30,M,Employee Stock Option (right to buy),11000,0,0.0,0,D,Kalmbach Thomas Peter,"Officer, EVP & CFO",0,1,0,EVP & CFO,SEC EDGAR
EW|0001225208-26-006853|nonDerivative|2026-07-30|Markowitz Wayne|S|Common Stock|146.3127|86.0338|D,2026-08-06 03:29:58+0000,EW,Edwards Lifesciences Corp,0001099800,4,2026-07-30,2026-07-30,0001225208-26-006853,https://www.sec.gov/Archives/edgar/data/1099800/000122520826006853/doc4.xml,nonDerivative,2026-07-30,S,Common Stock,146.3127,86.0338,12587.83756926,21533.5581,D,Markowitz Wayne,"Officer, CVP, JAPAC",,1,,"CVP, JAPAC",SEC EDGAR
DRI|0001225208-26-006850|derivative|2026-07-29|Williamson Laura B|A|Restricted Stock Units (FY27 Annual Grant)|1154.0000|0.0000|D,2026-08-06 03:29:58+0000,DRI,DARDEN RESTAURANTS INC,0000940944,4,2026-07-30,2026-07-29,0001225208-26-006850,https://www.sec.gov/Archives/edgar/data/940944/000122520826006850/doc4.xml,derivative,2026-07-29,A,Restricted Stock Units (FY27 Annual Grant),1154.0000,0.0000,0.0,1154.0000,D,Williamson Laura B,"Officer, President, LongHorn Steakhouse",,1,,"President, LongHorn Steakhouse",SEC EDGAR
DRI|0001225208-26-006850|derivative|2026-07-29|Williamson Laura B|A|Stock Option (Right to Buy)|3405.0000|0.0000|D,2026-08-06 03:29:58+0000,DRI,DARDEN RESTAURANTS INC,0000940944,4,2026-07-30,2026-07-29,0001225208-26-006850,https://www.sec.gov/Archives/edgar/data/940944/000122520826006850/doc4.xml,derivative,2026-07-29,A,Stock Option (Right to Buy),3405.0000,0.0000,0.0,3405.0000,D,Williamson Laura B,"Officer, President, LongHorn Steakhouse",,1,,"President, LongHorn Steakhouse",SEC EDGAR
DRI|0001225208-26-006850|derivative|2026-07-29|Williamson Laura B|A|Restricted Stock Units (FY27 Annual Grant)|125.0000|0.0000|I,2026-08-06 03:29:58+0000,DRI,DARDEN RESTAURANTS INC,0000940944,4,2026-07-30,2026-07-29,0001225208-26-006850,https://www.sec.gov/Archives/edgar/data/940944/000122520826006850/doc4.xml,derivative,2026-07-29,A,Restricted Stock Units (FY27 Annual Grant),125.0000,0.0000,0.0,125.0000,I,Williamson Laura B,"Officer, President, LongHorn Steakhouse",,1,,"President, LongHorn Steakhouse",SEC EDGAR
DRI|0001225208-26-006850|derivative|2026-07-29|Williamson Laura B|A|Stock Option (Right to Buy)|368.0000|0.0000|I,2026-08-06 03:29:58+0000,DRI,DARDEN RESTAURANTS INC,0000940944,4,2026-07-30,2026-07-29,0001225208-26-006850,https://www.sec.gov/Archives/edgar/data/940944/000122520826006850/doc4.xml,derivative,2026-07-29,A,Stock Option (Right to Buy),368.0000,0.0000,0.0,368.0000,I,Williamson Laura B,"Officer, President, LongHorn Steakhouse",,1,,"President, LongHorn Steakhouse",SEC EDGAR
DRI|0001225208-26-006848|derivative|2026-07-29|Wilkerson John W.|A|Restricted Stock Units (FY27 Annual Grant)|1622.0000|0.0000|D,2026-08-06 03:29:58+0000,DRI,DARDEN RESTAURANTS INC,0000940944,4,2026-07-30,2026-07-29,0001225208-26-006848,https://www.sec.gov/Archives/edgar/data/940944/000122520826006848/doc4.xml,derivative,2026-07-29,A,Restricted Stock Units (FY27 Annual Grant),1622.0000,0.0000,0.0,1622.0000,D,Wilkerson John W.,"Officer, President, Olive Garden",,1,,"President, Olive Garden",SEC EDGAR
DRI|0001225208-26-006848|derivative|2026-07-29|Wilkerson John W.|A|Stock Option (Right to Buy)|4786.0000|0.0000|D,2026-08-06 03:29:58+0000,DRI,DARDEN RESTAURANTS INC,0000940944,4,2026-07-30,2026-07-29,0001225208-26-006848,https://www.sec.gov/Archives/edgar/data/940944/000122520826006848/doc4.xml,derivative,2026-07-29,A,Stock Option (Right to Buy),4786.0000,0.0000,0.0,4786.0000,D,Wilkerson John W.,"Officer, President, Olive Garden",,1,,"President, Olive Garden",SEC EDGAR
DRI|0001225208-26-006845|nonDerivative|2026-07-29|Vennam Rajesh|S|Common Stock|8478.0000|210.0000|D,2026-08-06 03:29:58+0000,DRI,DARDEN RESTAURANTS INC,0000940944,4,2026-07-30,2026-07-29,0001225208-26-006845,https://www.sec.gov/Archives/edgar/data/940944/000122520826006845/doc4.xml,nonDerivative,2026-07-29,S,Common Stock,8478.0000,210.0000,1780380.0,8569.4990,D,Vennam Rajesh,"Officer, SVP, CFO",,1,,"SVP, CFO",SEC EDGAR
DRI|0001225208-26-006845|derivative|2026-07-29|Vennam Rajesh|A|Restricted Stock Units (FY27 Annual Grant)|3744.0000|0.0000|D,2026-08-06 03:29:58+0000,DRI,DARDEN RESTAURANTS INC,0000940944,4,2026-07-30,2026-07-29,0001225208-26-006845,https://www.sec.gov/Archives/edgar/data/940944/000122520826006845/doc4.xml,derivative,2026-07-29,A,Restricted Stock Units (FY27 Annual Grant),3744.0000,0.0000,0.0,3744.0000,D,Vennam Rajesh,"Officer, SVP, CFO",,1,,"SVP, CFO",SEC EDGAR
DRI|0001225208-26-006845|derivative|2026-07-29|Vennam Rajesh|A|Stock Option (Right to Buy)|11044.0000|0.0000|D,2026-08-06 03:29:58+0000,DRI,DARDEN RESTAURANTS INC,0000940944,4,2026-07-30,2026-07-29,0001225208-26-006845,https://www.sec.gov/Archives/edgar/data/940944/000122520826006845/doc4.xml,derivative,2026-07-29,A,Stock Option (Right to Buy),11044.0000,0.0000,0.0,11044.0000,D,Vennam Rajesh,"Officer, SVP, CFO",,1,,"SVP, CFO",SEC EDGAR
DRI|0001225208-26-006851|derivative|2026-07-29|Milanes Douglas J.|A|Restricted Stock Units (FY27 Annual Grant)|936.0000|0.0000|D,2026-08-06 03:29:58+0000,DRI,DARDEN RESTAURANTS INC,0000940944,4,2026-07-30,2026-07-29,0001225208-26-006851,https://www.sec.gov/Archives/edgar/data/940944/000122520826006851/doc4.xml,derivative,2026-07-29,A,Restricted Stock Units (FY27 Annual Grant),936.0000,0.0000,0.0,936.0000,D,Milanes Douglas J.,"Officer, SVP, Chief Supply Chain Ofcr",,1,,"SVP, Chief Supply Chain Ofcr",SEC EDGAR
DRI|0001225208-26-006851|derivative|2026-07-29|Milanes Douglas J.|A|Stock Option (Right to Buy)|2761.0000|0.0000|D,2026-08-06 03:29:58+0000,DRI,DARDEN RESTAURANTS INC,0000940944,4,2026-07-30,2026-07-29,0001225208-26-006851,https://www.sec.gov/Archives/edgar/data/940944/000122520826006851/doc4.xml,derivative,2026-07-29,A,Stock Option (Right to Buy),2761.0000,0.0000,0.0,2761.0000,D,Milanes Douglas J.,"Officer, SVP, Chief Supply Chain Ofcr",,1,,"SVP, Chief Supply Chain Ofcr",SEC EDGAR
DRI|0001225208-26-006847|derivative|2026-07-29|Martin Melvin John|A|Restricted Stock Units (FY27 Annual Grant)|1997.0000|0.0000|D,2026-08-06 03:29:58+0000,DRI,DARDEN RESTAURANTS INC,0000940944,4,2026-07-30,2026-07-29,0001225208-26-006847,https://www.sec.gov/Archives/edgar/data/940944/000122520826006847/doc4.xml,derivative,2026-07-29,A,Restricted Stock Units (FY27 Annual Grant),1997.0000,0.0000,0.0,1997.0000,D,Martin Melvin John,"Officer, Group President",,1,,Group President,SEC EDGAR
DRI|0001225208-26-006847|derivative|2026-07-29|Martin Melvin John|A|Stock Option (Right to Buy)|5890.0000|0.0000|D,2026-08-06 03:29:58+0000,DRI,DARDEN RESTAURANTS INC,0000940944,4,2026-07-30,2026-07-29,0001225208-26-006847,https://www.sec.gov/Archives/edgar/data/940944/000122520826006847/doc4.xml,derivative,2026-07-29,A,Stock Option (Right to Buy),5890.0000,0.0000,0.0,5890.0000,D,Martin Melvin John,"Officer, Group President",,1,,Group President,SEC EDGAR
DRI|0001225208-26-006852|derivative|2026-07-29|Madonna John W.|A|Restricted Stock Units (FY27 Annual Grant)|624.0000|0.0000|D,2026-08-06 03:29:58+0000,DRI,DARDEN RESTAURANTS INC,0000940944,4,2026-07-30,2026-07-29,0001225208-26-006852,https://www.sec.gov/Archives/edgar/data/940944/000122520826006852/doc4.xml,derivative,2026-07-29,A,Restricted Stock Units (FY27 Annual Grant),624.0000,0.0000,0.0,624.0000,D,Madonna John W.,"Officer, SVP, Corporate Controller",,1,,"SVP, Corporate Controller",SEC EDGAR
DRI|0001225208-26-006852|derivative|2026-07-29|Madonna John W.|A|Stock Option (Right to Buy)|1841.0000|0.0000|D,2026-08-06 03:29:58+0000,DRI,DARDEN RESTAURANTS INC,0000940944,4,2026-07-30,2026-07-29,0001225208-26-006852,https://www.sec.gov/Archives/edgar/data/940944/000122520826006852/doc4.xml,derivative,2026-07-29,A,Stock Option (Right to Buy),1841.0000,0.0000,0.0,1841.0000,D,Madonna John W.,"Officer, SVP, Corporate Controller",,1,,"SVP, Corporate Controller",SEC EDGAR
DRI|0001225208-26-006849|derivative|2026-07-29|Koren Lindsay L.|A|Restricted Stock Units (FY27 Annual Grant)|1373.0000|0.0000|D,2026-08-06 03:29:58+0000,DRI,DARDEN RESTAURANTS INC,0000940944,4,2026-07-30,2026-07-29,0001225208-26-006849,https://www.sec.gov/Archives/edgar/data/940944/000122520826006849/doc4.xml,derivative,2026-07-29,A,Restricted Stock Units (FY27 Annual Grant),1373.0000,0.0000,0.0,1373.0000,D,Koren Lindsay L.,"Officer, SVP General Counsel",,1,,SVP General Counsel,SEC EDGAR
DRI|0001225208-26-006849|derivative|2026-07-29|Koren Lindsay L.|A|Stock Option (Right to Buy)|4050.0000|0.0000|D,2026-08-06 03:29:58+0000,DRI,DARDEN RESTAURANTS INC,0000940944,4,2026-07-30,2026-07-29,0001225208-26-006849,https://www.sec.gov/Archives/edgar/data/940944/000122520826006849/doc4.xml,derivative,2026-07-29,A,Stock Option (Right to Buy),4050.0000,0.0000,0.0,4050.0000,D,Koren Lindsay L.,"Officer, SVP General Counsel",,1,,SVP General Counsel,SEC EDGAR
DRI|0001225208-26-006843|nonDerivative|2026-07-29|King Sarah H.|S|Common Stock|1500.0000|209.6321|D,2026-08-06 03:29:58+0000,DRI,DARDEN RESTAURANTS INC,0000940944,4,2026-07-30,2026-07-29,0001225208-26-006843,https://www.sec.gov/Archives/edgar/data/940944/000122520826006843/doc4.xml,nonDerivative,2026-07-29,S,Common Stock,1500.0000,209.6321,314448.15,3615.8190,D,King Sarah H.,"Officer, SVP, Chief People Officer",,1,,"SVP, Chief People Officer",SEC EDGAR
DRI|0001225208-26-006843|nonDerivative|2026-07-29|King Sarah H.|S|Common Stock|2873.0000|210.8308|D,2026-08-06 03:29:58+0000,DRI,DARDEN RESTAURANTS INC,0000940944,4,2026-07-30,2026-07-29,0001225208-26-006843,https://www.sec.gov/Archives/edgar/data/940944/000122520826006843/doc4.xml,nonDerivative,2026-07-29,S,Common Stock,2873.0000,210.8308,605716.8884,742.8190,D,King Sarah H.,"Officer, SVP, Chief People Officer",,1,,"SVP, Chief People Officer",SEC EDGAR
DRI|0001225208-26-006843|derivative|2026-07-29|King Sarah H.|A|Restricted Stock Units (FY27 Annual Grant)|1810.0000|0.0000|D,2026-08-06 03:29:58+0000,DRI,DARDEN RESTAURANTS INC,0000940944,4,2026-07-30,2026-07-29,0001225208-26-006843,https://www.sec.gov/Archives/edgar/data/940944/000122520826006843/doc4.xml,derivative,2026-07-29,A,Restricted Stock Units (FY27 Annual Grant),1810.0000,0.0000,0.0,1810.0000,D,King Sarah H.,"Officer, SVP, Chief People Officer",,1,,"SVP, Chief People Officer",SEC EDGAR
DRI|0001225208-26-006843|derivative|2026-07-29|King Sarah H.|A|Stock Option (Right to Buy)|5338.0000|0.0000|D,2026-08-06 03:29:58+0000,DRI,DARDEN RESTAURANTS INC,0000940944,4,2026-07-30,2026-07-29,0001225208-26-006843,https://www.sec.gov/Archives/edgar/data/940944/000122520826006843/doc4.xml,derivative,2026-07-29,A,Stock Option (Right to Buy),5338.0000,0.0000,0.0,5338.0000,D,King Sarah H.,"Officer, SVP, Chief People Officer",,1,,"SVP, Chief People Officer",SEC EDGAR
DRI|0001225208-26-006844|nonDerivative|2026-07-29|Connelly Susan M.|S|Common Stock|2226.0000|208.1710|D,2026-08-06 03:29:58+0000,DRI,DARDEN RESTAURANTS INC,0000940944,4,2026-07-30,2026-07-29,0001225208-26-006844,https://www.sec.gov/Archives/edgar/data/940944/000122520826006844/doc4.xml,nonDerivative,2026-07-29,S,Common Stock,2226.0000,208.1710,463388.646,4165.3010,D,Connelly Susan M.,"Officer, SVP, Chief Comm & PA Officer",,1,,"SVP, Chief Comm & PA Officer",SEC EDGAR
DRI|0001225208-26-006844|derivative|2026-07-29|Connelly Susan M.|A|Restricted Stock Units (FY27 Annual Grant)|749.0000|0.0000|D,2026-08-06 03:29:58+0000,DRI,DARDEN RESTAURANTS INC,0000940944,4,2026-07-30,2026-07-29,0001225208-26-006844,https://www.sec.gov/Archives/edgar/data/940944/000122520826006844/doc4.xml,derivative,2026-07-29,A,Restricted Stock Units (FY27 Annual Grant),749.0000,0.0000,0.0,749.0000,D,Connelly Susan M.,"Officer, SVP, Chief Comm & PA Officer",,1,,"SVP, Chief Comm & PA Officer",SEC EDGAR
DRI|0001225208-26-006844|derivative|2026-07-29|Connelly Susan M.|A|Stock Option (Right to Buy)|2209.0000|0.0000|D,2026-08-06 03:29:58+0000,DRI,DARDEN RESTAURANTS INC,0000940944,4,2026-07-30,2026-07-29,0001225208-26-006844,https://www.sec.gov/Archives/edgar/data/940944/000122520826006844/doc4.xml,derivative,2026-07-29,A,Stock Option (Right to Buy),2209.0000,0.0000,0.0,2209.0000,D,Connelly Susan M.,"Officer, SVP, Chief Comm & PA Officer",,1,,"SVP, Chief Comm & PA Officer",SEC EDGAR
DRI|0001225208-26-006842|nonDerivative|2026-07-28|Cardenas Ricardo|M|Common Stock|19091.0000|124.2400|D,2026-08-06 03:29:58+0000,DRI,DARDEN RESTAURANTS INC,0000940944,4,2026-07-30,2026-07-28,0001225208-26-006842,https://www.sec.gov/Archives/edgar/data/940944/000122520826006842/doc4.xml,nonDerivative,2026-07-28,M,Common Stock,19091.0000,124.2400,2371865.84,125279.9880,D,Cardenas Ricardo,"Director, Officer, President and CEO",1,1,,President and CEO,SEC EDGAR
DRI|0001225208-26-006842|nonDerivative|2026-07-28|Cardenas Ricardo|S|Common Stock|3801.0000|209.5754|D,2026-08-06 03:29:58+0000,DRI,DARDEN RESTAURANTS INC,0000940944,4,2026-07-30,2026-07-28,0001225208-26-006842,https://www.sec.gov/Archives/edgar/data/940944/000122520826006842/doc4.xml,nonDerivative,2026-07-28,S,Common Stock,3801.0000,209.5754,796596.0954,121478.9880,D,Cardenas Ricardo,"Director, Officer, President and CEO",1,1,,President and CEO,SEC EDGAR
DRI|0001225208-26-006842|nonDerivative|2026-07-28|Cardenas Ricardo|S|Common Stock|7241.0000|209.4085|D,2026-08-06 03:29:58+0000,DRI,DARDEN RESTAURANTS INC,0000940944,4,2026-07-30,2026-07-28,0001225208-26-006842,https://www.sec.gov/Archives/edgar/data/940944/000122520826006842/doc4.xml,nonDerivative,2026-07-28,S,Common Stock,7241.0000,209.4085,1516326.9485,114237.9880,D,Cardenas Ricardo,"Director, Officer, President and CEO",1,1,,President and CEO,SEC EDGAR
DRI|0001225208-26-006842|nonDerivative|2026-07-28|Cardenas Ricardo|S|Common Stock|12802.0000|208.7950|D,2026-08-06 03:29:58+0000,DRI,DARDEN RESTAURANTS INC,0000940944,4,2026-07-30,2026-07-28,0001225208-26-006842,https://www.sec.gov/Archives/edgar/data/940944/000122520826006842/doc4.xml,nonDerivative,2026-07-28,S,Common Stock,12802.0000,208.7950,2672993.59,101435.9880,D,Cardenas Ricardo,"Director, Officer, President and CEO",1,1,,President and CEO,SEC EDGAR
DRI|0001225208-26-006842|nonDerivative|2026-07-28|Cardenas Ricardo|S|Common Stock|15290.0000|208.9985|D,2026-08-06 03:29:58+0000,DRI,DARDEN RESTAURANTS INC,0000940944,4,2026-07-30,2026-07-28,0001225208-26-006842,https://www.sec.gov/Archives/edgar/data/940944/000122520826006842/doc4.xml,nonDerivative,2026-07-28,S,Common Stock,15290.0000,208.9985,3195587.065,86145.9880,D,Cardenas Ricardo,"Director, Officer, President and CEO",1,1,,President and CEO,SEC EDGAR
DRI|0001225208-26-006842|derivative|2026-07-28|Cardenas Ricardo|M|Stock Option (Right to Buy)|19091.0000|0.0000|D,2026-08-06 03:29:58+0000,DRI,DARDEN RESTAURANTS INC,0000940944,4,2026-07-30,2026-07-28,0001225208-26-006842,https://www.sec.gov/Archives/edgar/data/940944/000122520826006842/doc4.xml,derivative,2026-07-28,M,Stock Option (Right to Buy),19091.0000,0.0000,0.0,0.0000,D,Cardenas Ricardo,"Director, Officer, President and CEO",1,1,,President and CEO,SEC EDGAR
DRI|0001225208-26-006842|derivative|2026-07-29|Cardenas Ricardo|A|Restricted Stock Units (FY27 Annual Grant)|12792.0000|0.0000|D,2026-08-06 03:29:58+0000,DRI,DARDEN RESTAURANTS INC,0000940944,4,2026-07-30,2026-07-28,0001225208-26-006842,https://www.sec.gov/Archives/edgar/data/940944/000122520826006842/doc4.xml,derivative,2026-07-29,A,Restricted Stock Units (FY27 Annual Grant),12792.0000,0.0000,0.0,12792.0000,D,Cardenas Ricardo,"Director, Officer, President and CEO",1,1,,President and CEO,SEC EDGAR
DRI|0001225208-26-006842|derivative|2026-07-29|Cardenas Ricardo|A|Stock Option (Right to Buy)|37735.0000|0.0000|D,2026-08-06 03:29:58+0000,DRI,DARDEN RESTAURANTS INC,0000940944,4,2026-07-30,2026-07-28,0001225208-26-006842,https://www.sec.gov/Archives/edgar/data/940944/000122520826006842/doc4.xml,derivative,2026-07-29,A,Stock Option (Right to Buy),37735.0000,0.0000,0.0,37735.0000,D,Cardenas Ricardo,"Director, Officer, President and CEO",1,1,,President and CEO,SEC EDGAR
DRI|0001225208-26-006846|derivative|2026-07-29|Burrowes Todd|A|Restricted Stock Units (FY27 Annual Grant)|1997.0000|0.0000|D,2026-08-06 03:29:58+0000,DRI,DARDEN RESTAURANTS INC,0000940944,4,2026-07-30,2026-07-29,0001225208-26-006846,https://www.sec.gov/Archives/edgar/data/940944/000122520826006846/doc4.xml,derivative,2026-07-29,A,Restricted Stock Units (FY27 Annual Grant),1997.0000,0.0000,0.0,1997.0000,D,Burrowes Todd,"Officer, Group Pres, Pres, Chuy's",,1,,"Group Pres, Pres, Chuy's",SEC EDGAR
DRI|0001225208-26-006846|derivative|2026-07-29|Burrowes Todd|A|Stock Option (Right to Buy)|5890.0000|0.0000|D,2026-08-06 03:29:58+0000,DRI,DARDEN RESTAURANTS INC,0000940944,4,2026-07-30,2026-07-29,0001225208-26-006846,https://www.sec.gov/Archives/edgar/data/940944/000122520826006846/doc4.xml,derivative,2026-07-29,A,Stock Option (Right to Buy),5890.0000,0.0000,0.0,5890.0000,D,Burrowes Todd,"Officer, Group Pres, Pres, Chuy's",,1,,"Group Pres, Pres, Chuy's",SEC EDGAR
CTAS|0000950103-26-011495|derivative|2026-07-28|Coletti Robert E.|A|Phantom Stock Units|116.33|214.90|D,2026-08-06 03:29:58+0000,CTAS,CINTAS CORP,0000723254,4,2026-07-30,2026-07-28,0000950103-26-011495,https://www.sec.gov/Archives/edgar/data/723254/000095010326011495/ownership.xml,derivative,2026-07-28,A,Phantom Stock Units,116.33,214.90,24999.317,11363.14,D,Coletti Robert E.,Director,1,0,0,,SEC EDGAR
CTAS|0000950103-26-011493|derivative|2026-07-28|CARNAHAN KAREN L|A|Phantom Stock Units|133.78|214.90|D,2026-08-06 03:29:58+0000,CTAS,CINTAS CORP,0000723254,4,2026-07-30,2026-07-28,0000950103-26-011493,https://www.sec.gov/Archives/edgar/data/723254/000095010326011493/ownership.xml,derivative,2026-07-28,A,Phantom Stock Units,133.78,214.90,28749.322,6815.81,D,CARNAHAN KAREN L,Director,1,0,0,,SEC EDGAR
CTAS|0000950103-26-011492|derivative|2026-07-28|Barstad Melanie W.|A|Phantom Stock Units|148.32|214.90|D,2026-08-06 03:29:58+0000,CTAS,CINTAS CORP,0000723254,4,2026-07-30,2026-07-28,0000950103-26-011492,https://www.sec.gov/Archives/edgar/data/723254/000095010326011492/ownership.xml,derivative,2026-07-28,A,Phantom Stock Units,148.32,214.90,31873.968,4734.45,D,Barstad Melanie W.,Director,1,0,0,,SEC EDGAR
CRWD|0001778564-26-000129|nonDerivative|2026-07-28|Kurtz George|S|Class A common stock|160|174.70|D,2026-08-06 03:29:58+0000,CRWD,"CrowdStrike Holdings, Inc.",0001535527,4,2026-07-30,2026-07-28,0001778564-26-000129,https://www.sec.gov/Archives/edgar/data/1535527/000177856426000129/form4-07302026_080701.xml,nonDerivative,2026-07-28,S,Class A common stock,160,174.70,27952.0,8123384,D,Kurtz George,PRESIDENT AND CEO,true,true,false,PRESIDENT AND CEO,SEC EDGAR
CRWD|0001778564-26-000129|nonDerivative|2026-07-28|Kurtz George|S|Class A common stock|880|175.86|D,2026-08-06 03:29:58+0000,CRWD,"CrowdStrike Holdings, Inc.",0001535527,4,2026-07-30,2026-07-28,0001778564-26-000129,https://www.sec.gov/Archives/edgar/data/1535527/000177856426000129/form4-07302026_080701.xml,nonDerivative,2026-07-28,S,Class A common stock,880,175.86,154756.80000000002,8122504,D,Kurtz George,PRESIDENT AND CEO,true,true,false,PRESIDENT AND CEO,SEC EDGAR
CRWD|0001778564-26-000129|nonDerivative|2026-07-28|Kurtz George|S|Class A common stock|760|176.80|D,2026-08-06 03:29:58+0000,CRWD,"CrowdStrike Holdings, Inc.",0001535527,4,2026-07-30,2026-07-28,0001778564-26-000129,https://www.sec.gov/Archives/edgar/data/1535527/000177856426000129/form4-07302026_080701.xml,nonDerivative,2026-07-28,S,Class A common stock,760,176.80,134368.0,8121744,D,Kurtz George,PRESIDENT AND CEO,true,true,false,PRESIDENT AND CEO,SEC EDGAR
CRWD|0001778564-26-000129|nonDerivative|2026-07-28|Kurtz George|S|Class A common stock|640|178.04|D,2026-08-06 03:29:58+0000,CRWD,"CrowdStrike Holdings, Inc.",0001535527,4,2026-07-30,2026-07-28,0001778564-26-000129,https://www.sec.gov/Archives/edgar/data/1535527/000177856426000129/form4-07302026_080701.xml,nonDerivative,2026-07-28,S,Class A common stock,640,178.04,113945.59999999999,8121104,D,Kurtz George,PRESIDENT AND CEO,true,true,false,PRESIDENT AND CEO,SEC EDGAR
CRWD|0001778564-26-000129|nonDerivative|2026-07-28|Kurtz George|S|Class A common stock|680|179.04|D,2026-08-06 03:29:58+0000,CRWD,"CrowdStrike Holdings, Inc.",0001535527,4,2026-07-30,2026-07-28,0001778564-26-000129,https://www.sec.gov/Archives/edgar/data/1535527/000177856426000129/form4-07302026_080701.xml,nonDerivative,2026-07-28,S,Class A common stock,680,179.04,121747.2,8120424,D,Kurtz George,PRESIDENT AND CEO,true,true,false,PRESIDENT AND CEO,SEC EDGAR
CRWD|0001778564-26-000129|nonDerivative|2026-07-28|Kurtz George|S|Class A common stock|360|179.94|D,2026-08-06 03:29:58+0000,CRWD,"CrowdStrike Holdings, Inc.",0001535527,4,2026-07-30,2026-07-28,0001778564-26-000129,https://www.sec.gov/Archives/edgar/data/1535527/000177856426000129/form4-07302026_080701.xml,nonDerivative,2026-07-28,S,Class A common stock,360,179.94,64778.4,8120064,D,Kurtz George,PRESIDENT AND CEO,true,true,false,PRESIDENT AND CEO,SEC EDGAR
CRWD|0001778564-26-000129|nonDerivative|2026-07-28|Kurtz George|S|Class A common stock|1238|181.34|D,2026-08-06 03:29:58+0000,CRWD,"CrowdStrike Holdings, Inc.",0001535527,4,2026-07-30,2026-07-28,0001778564-26-000129,https://www.sec.gov/Archives/edgar/data/1535527/000177856426000129/form4-07302026_080701.xml,nonDerivative,2026-07-28,S,Class A common stock,1238,181.34,224498.92,8118826,D,Kurtz George,PRESIDENT AND CEO,true,true,false,PRESIDENT AND CEO,SEC EDGAR
CRWD|0001778564-26-000129|nonDerivative|2026-07-28|Kurtz George|S|Class A common stock|2762|182.08|D,2026-08-06 03:29:58+0000,CRWD,"CrowdStrike Holdings, Inc.",0001535527,4,2026-07-30,2026-07-28,0001778564-26-000129,https://www.sec.gov/Archives/edgar/data/1535527/000177856426000129/form4-07302026_080701.xml,nonDerivative,2026-07-28,S,Class A common stock,2762,182.08,502904.96,8116064,D,Kurtz George,PRESIDENT AND CEO,true,true,false,PRESIDENT AND CEO,SEC EDGAR
CRWD|0001778564-26-000129|nonDerivative|2026-07-28|Kurtz George|S|Class A common stock|1600|183.24|D,2026-08-06 03:29:58+0000,CRWD,"CrowdStrike Holdings, Inc.",0001535527,4,2026-07-30,2026-07-28,0001778564-26-000129,https://www.sec.gov/Archives/edgar/data/1535527/000177856426000129/form4-07302026_080701.xml,nonDerivative,2026-07-28,S,Class A common stock,1600,183.24,293184.0,8114464,D,Kurtz George,PRESIDENT AND CEO,true,true,false,PRESIDENT AND CEO,SEC EDGAR
CRWD|0001778564-26-000129|nonDerivative|2026-07-28|Kurtz George|S|Class A common stock|920|183.97|D,2026-08-06 03:29:58+0000,CRWD,"CrowdStrike Holdings, Inc.",0001535527,4,2026-07-30,2026-07-28,0001778564-26-000129,https://www.sec.gov/Archives/edgar/data/1535527/000177856426000129/form4-07302026_080701.xml,nonDerivative,2026-07-28,S,Class A common stock,920,183.97,169252.4,8113544,D,Kurtz George,PRESIDENT AND CEO,true,true,false,PRESIDENT AND CEO,SEC EDGAR
CRWD|0001778564-26-000129|nonDerivative|2026-07-29|Kurtz George|S|Class A common stock|560|178.38|D,2026-08-06 03:29:58+0000,CRWD,"CrowdStrike Holdings, Inc.",0001535527,4,2026-07-30,2026-07-28,0001778564-26-000129,https://www.sec.gov/Archives/edgar/data/1535527/000177856426000129/form4-07302026_080701.xml,nonDerivative,2026-07-29,S,Class A common stock,560,178.38,99892.8,8112984,D,Kurtz George,PRESIDENT AND CEO,true,true,false,PRESIDENT AND CEO,SEC EDGAR
CRWD|0001778564-26-000129|nonDerivative|2026-07-29|Kurtz George|S|Class A common stock|3276|179.44|D,2026-08-06 03:29:58+0000,CRWD,"CrowdStrike Holdings, Inc.",0001535527,4,2026-07-30,2026-07-28,0001778564-26-000129,https://www.sec.gov/Archives/edgar/data/1535527/000177856426000129/form4-07302026_080701.xml,nonDerivative,2026-07-29,S,Class A common stock,3276,179.44,587845.44,8109708,D,Kurtz George,PRESIDENT AND CEO,true,true,false,PRESIDENT AND CEO,SEC EDGAR
CRWD|0001778564-26-000129|nonDerivative|2026-07-29|Kurtz George|S|Class A common stock|3318|180.23|D,2026-08-06 03:29:58+0000,CRWD,"CrowdStrike Holdings, Inc.",0001535527,4,2026-07-30,2026-07-28,0001778564-26-000129,https://www.sec.gov/Archives/edgar/data/1535527/000177856426000129/form4-07302026_080701.xml,nonDerivative,2026-07-29,S,Class A common stock,3318,180.23,598003.14,8106390,D,Kurtz George,PRESIDENT AND CEO,true,true,false,PRESIDENT AND CEO,SEC EDGAR
CRWD|0001778564-26-000129|nonDerivative|2026-07-29|Kurtz George|S|Class A common stock|1446|181.19|D,2026-08-06 03:29:58+0000,CRWD,"CrowdStrike Holdings, Inc.",0001535527,4,2026-07-30,2026-07-28,0001778564-26-000129,https://www.sec.gov/Archives/edgar/data/1535527/000177856426000129/form4-07302026_080701.xml,nonDerivative,2026-07-29,S,Class A common stock,1446,181.19,262000.74,8104944,D,Kurtz George,PRESIDENT AND CEO,true,true,false,PRESIDENT AND CEO,SEC EDGAR
CRWD|0001778564-26-000129|nonDerivative|2026-07-29|Kurtz George|S|Class A common stock|680|182.31|D,2026-08-06 03:29:58+0000,CRWD,"CrowdStrike Holdings, Inc.",0001535527,4,2026-07-30,2026-07-28,0001778564-26-000129,https://www.sec.gov/Archives/edgar/data/1535527/000177856426000129/form4-07302026_080701.xml,nonDerivative,2026-07-29,S,Class A common stock,680,182.31,123970.8,8104264,D,Kurtz George,PRESIDENT AND CEO,true,true,false,PRESIDENT AND CEO,SEC EDGAR
CRWD|0001778564-26-000129|nonDerivative|2026-07-29|Kurtz George|S|Class A common stock|320|183.21|D,2026-08-06 03:29:58+0000,CRWD,"CrowdStrike Holdings, Inc.",0001535527,4,2026-07-30,2026-07-28,0001778564-26-000129,https://www.sec.gov/Archives/edgar/data/1535527/000177856426000129/form4-07302026_080701.xml,nonDerivative,2026-07-29,S,Class A common stock,320,183.21,58627.200000000004,8103944,D,Kurtz George,PRESIDENT AND CEO,true,true,false,PRESIDENT AND CEO,SEC EDGAR
CRWD|0001778564-26-000129|nonDerivative|2026-07-29|Kurtz George|S|Class A common stock|240|184.82|D,2026-08-06 03:29:58+0000,CRWD,"CrowdStrike Holdings, Inc.",0001535527,4,2026-07-30,2026-07-28,0001778564-26-000129,https://www.sec.gov/Archives/edgar/data/1535527/000177856426000129/form4-07302026_080701.xml,nonDerivative,2026-07-29,S,Class A common stock,240,184.82,44356.799999999996,8103704,D,Kurtz George,PRESIDENT AND CEO,true,true,false,PRESIDENT AND CEO,SEC EDGAR
CRWD|0001778564-26-000129|nonDerivative|2026-07-29|Kurtz George|S|Class A common stock|160|185.77|D,2026-08-06 03:29:58+0000,CRWD,"CrowdStrike Holdings, Inc.",0001535527,4,2026-07-30,2026-07-28,0001778564-26-000129,https://www.sec.gov/Archives/edgar/data/1535527/000177856426000129/form4-07302026_080701.xml,nonDerivative,2026-07-29,S,Class A common stock,160,185.77,29723.2,8103544,D,Kurtz George,PRESIDENT AND CEO,true,true,false,PRESIDENT AND CEO,SEC EDGAR
CPRT|0001193125-26-326503|nonDerivative|2026-07-28|Liaw Jeffrey|M|Common Stock|3591|6.78|D,2026-08-06 03:29:58+0000,CPRT,COPART INC,0000900075,4,2026-07-30,2026-07-28,0001193125-26-326503,https://www.sec.gov/Archives/edgar/data/900075/000119312526326503/ownership.xml,nonDerivative,2026-07-28,M,Common Stock,3591,6.78,24346.98,84220,D,Liaw Jeffrey,Chief Executive Officer,false,true,false,Chief Executive Officer,SEC EDGAR
CPRT|0001193125-26-326503|nonDerivative|2026-07-28|Liaw Jeffrey|M|Common Stock|43166|8.70|D,2026-08-06 03:29:58+0000,CPRT,COPART INC,0000900075,4,2026-07-30,2026-07-28,0001193125-26-326503,https://www.sec.gov/Archives/edgar/data/900075/000119312526326503/ownership.xml,nonDerivative,2026-07-28,M,Common Stock,43166,8.70,375544.19999999995,127386,D,Liaw Jeffrey,Chief Executive Officer,false,true,false,Chief Executive Officer,SEC EDGAR
CPRT|0001193125-26-326503|nonDerivative|2026-07-28|Liaw Jeffrey|S|Common Stock|27745|30.49|D,2026-08-06 03:29:58+0000,CPRT,COPART INC,0000900075,4,2026-07-30,2026-07-28,0001193125-26-326503,https://www.sec.gov/Archives/edgar/data/900075/000119312526326503/ownership.xml,nonDerivative,2026-07-28,S,Common Stock,27745,30.49,845945.0499999999,99641,D,Liaw Jeffrey,Chief Executive Officer,false,true,false,Chief Executive Officer,SEC EDGAR
CPRT|0001193125-26-326503|derivative|2026-07-28|Liaw Jeffrey|M|Stock Option|3591|0|D,2026-08-06 03:29:58+0000,CPRT,COPART INC,0000900075,4,2026-07-30,2026-07-28,0001193125-26-326503,https://www.sec.gov/Archives/edgar/data/900075/000119312526326503/ownership.xml,derivative,2026-07-28,M,Stock Option,3591,0,0.0,0,D,Liaw Jeffrey,Chief Executive Officer,false,true,false,Chief Executive Officer,SEC EDGAR
CPRT|0001193125-26-326503|derivative|2026-07-28|Liaw Jeffrey|M|Stock Option|43166|0|D,2026-08-06 03:29:58+0000,CPRT,COPART INC,0000900075,4,2026-07-30,2026-07-28,0001193125-26-326503,https://www.sec.gov/Archives/edgar/data/900075/000119312526326503/ownership.xml,derivative,2026-07-28,M,Stock Option,43166,0,0.0,178718,D,Liaw Jeffrey,Chief Executive Officer,false,true,false,Chief Executive Officer,SEC EDGAR
COF|0001706865-26-000007|nonDerivative|2026-07-29|Golden Timothy P|S|Common Stock|3487|211|D,2026-08-06 03:29:58+0000,COF,CAPITAL ONE FINANCIAL CORP,0000927628,4,2026-07-30,2026-07-29,0001706865-26-000007,https://www.sec.gov/Archives/edgar/data/927628/000170686526000007/wk-form4_1785444712.xml,nonDerivative,2026-07-29,S,Common Stock,3487,211,735757.0,7429,D,Golden Timothy P,"Officer, SVP, Chief Accounting Officer",0,1,0,"SVP, Chief Accounting Officer",SEC EDGAR
BKNG|0001214607-26-000012|nonDerivative|2026-07-29|MYLOD ROBERT J JR|S|Common Stock|5000|200|I,2026-08-06 03:29:58+0000,BKNG,Booking Holdings Inc.,0001075531,4,2026-07-30,2026-07-29,0001214607-26-000012,https://www.sec.gov/Archives/edgar/data/1075531/000121460726000012/form4-07302026_040701.xml,nonDerivative,2026-07-29,S,Common Stock,5000,200,1000000.0,16000,I,MYLOD ROBERT J JR,,true,false,false,,SEC EDGAR
AON|0001193125-26-326365|nonDerivative|2026-07-28|Zeidel Darren|S|Class A Ordinary Stock|700|376|D,2026-08-06 03:29:58+0000,AON,Aon plc,0000315293,4,2026-07-30,2026-07-28,0001193125-26-326365,https://www.sec.gov/Archives/edgar/data/315293/000119312526326365/ownership.xml,nonDerivative,2026-07-28,S,Class A Ordinary Stock,700,376,263200.0,12704.099,D,Zeidel Darren,General Counsel,false,true,false,General Counsel,SEC EDGAR
AON|0001193125-26-326365|nonDerivative|2026-07-28|Zeidel Darren|S|Class A Ordinary Stock|725|378|D,2026-08-06 03:29:58+0000,AON,Aon plc,0000315293,4,2026-07-30,2026-07-28,0001193125-26-326365,https://www.sec.gov/Archives/edgar/data/315293/000119312526326365/ownership.xml,nonDerivative,2026-07-28,S,Class A Ordinary Stock,725,378,274050.0,11979.099,D,Zeidel Darren,General Counsel,false,true,false,General Counsel,SEC EDGAR
AON|0001193125-26-326365|nonDerivative|2026-07-28|Zeidel Darren|S|Class A Ordinary Stock|475|380|D,2026-08-06 03:29:58+0000,AON,Aon plc,0000315293,4,2026-07-30,2026-07-28,0001193125-26-326365,https://www.sec.gov/Archives/edgar/data/315293/000119312526326365/ownership.xml,nonDerivative,2026-07-28,S,Class A Ordinary Stock,475,380,180500.0,11504.099,D,Zeidel Darren,General Counsel,false,true,false,General Counsel,SEC EDGAR
AMT|0001053507-26-000135|nonDerivative|2026-07-28|Dowling Ruth T|S|Common Stock|685|169.54|D,2026-08-06 03:29:58+0000,AMT,AMERICAN TOWER CORP /MA/,0001053507,4,2026-07-30,2026-07-28,0001053507-26-000135,https://www.sec.gov/Archives/edgar/data/1053507/000105350726000135/wk-form4_1785442264.xml,nonDerivative,2026-07-28,S,Common Stock,685,169.54,116134.9,28817,D,Dowling Ruth T,"Officer, EVP, Chief Admin Ofr, GC & Sec",0,1,0,"EVP, Chief Admin Ofr, GC & Sec",SEC EDGAR
AMT|0001053507-26-000135|nonDerivative|2026-07-29|Dowling Ruth T|S|Common Stock|1106|174.96|D,2026-08-06 03:29:58+0000,AMT,AMERICAN TOWER CORP /MA/,0001053507,4,2026-07-30,2026-07-28,0001053507-26-000135,https://www.sec.gov/Archives/edgar/data/1053507/000105350726000135/wk-form4_1785442264.xml,nonDerivative,2026-07-29,S,Common Stock,1106,174.96,193505.76,27711,D,Dowling Ruth T,"Officer, EVP, Chief Admin Ofr, GC & Sec",0,1,0,"EVP, Chief Admin Ofr, GC & Sec",SEC EDGAR
AMP|0001269949-26-000008|derivative|2026-07-28|WILLIAMS CHRISTOPHER J|A|Phantom Stock (Retainer Deferral)|37.7318|546.62|D,2026-08-06 03:29:58+0000,AMP,AMERIPRISE FINANCIAL INC,0000820027,4,2026-07-30,2026-07-28,0001269949-26-000008,https://www.sec.gov/Archives/edgar/data/820027/000126994926000008/form4-07302026_090726.xml,derivative,2026-07-28,A,Phantom Stock (Retainer Deferral),37.7318,546.62,20624.956516,3927.3767,D,WILLIAMS CHRISTOPHER J,,true,false,false,,SEC EDGAR
AMP|0001196484-26-000014|nonDerivative|2026-07-28|CRACCHIOLO JAMES M|M|Common Stock|52932|165.41|D,2026-08-06 03:29:58+0000,AMP,AMERIPRISE FINANCIAL INC,0000820027,4,2026-07-30,2026-07-28,0001196484-26-000014,https://www.sec.gov/Archives/edgar/data/820027/000119648426000014/form4-07302026_090726.xml,nonDerivative,2026-07-28,M,Common Stock,52932,165.41,8755482.12,160565,D,CRACCHIOLO JAMES M,CHAIRMAN AND CEO,true,true,false,CHAIRMAN AND CEO,SEC EDGAR
AMP|0001196484-26-000014|nonDerivative|2026-07-28|CRACCHIOLO JAMES M|F|Common Stock|34912|545.83|D,2026-08-06 03:29:58+0000,AMP,AMERIPRISE FINANCIAL INC,0000820027,4,2026-07-30,2026-07-28,0001196484-26-000014,https://www.sec.gov/Archives/edgar/data/820027/000119648426000014/form4-07302026_090726.xml,nonDerivative,2026-07-28,F,Common Stock,34912,545.83,19056016.96,125653,D,CRACCHIOLO JAMES M,CHAIRMAN AND CEO,true,true,false,CHAIRMAN AND CEO,SEC EDGAR
AMP|0001196484-26-000014|nonDerivative|2026-07-28|CRACCHIOLO JAMES M|S|Common Stock|16120|545.2789|D,2026-08-06 03:29:58+0000,AMP,AMERIPRISE FINANCIAL INC,0000820027,4,2026-07-30,2026-07-28,0001196484-26-000014,https://www.sec.gov/Archives/edgar/data/820027/000119648426000014/form4-07302026_090726.xml,nonDerivative,2026-07-28,S,Common Stock,16120,545.2789,8789895.868,109533,D,CRACCHIOLO JAMES M,CHAIRMAN AND CEO,true,true,false,CHAIRMAN AND CEO,SEC EDGAR
AMP|0001196484-26-000014|nonDerivative|2026-07-28|CRACCHIOLO JAMES M|S|Common Stock|1900|546.6658|D,2026-08-06 03:29:58+0000,AMP,AMERIPRISE FINANCIAL INC,0000820027,4,2026-07-30,2026-07-28,0001196484-26-000014,https://www.sec.gov/Archives/edgar/data/820027/000119648426000014/form4-07302026_090726.xml,nonDerivative,2026-07-28,S,Common Stock,1900,546.6658,1038665.02,107633,D,CRACCHIOLO JAMES M,CHAIRMAN AND CEO,true,true,false,CHAIRMAN AND CEO,SEC EDGAR
AMP|0001196484-26-000014|derivative|2026-07-28|CRACCHIOLO JAMES M|M|Employee Stock Option (right to buy)|52932|0|D,2026-08-06 03:29:58+0000,AMP,AMERIPRISE FINANCIAL INC,0000820027,4,2026-07-30,2026-07-28,0001196484-26-000014,https://www.sec.gov/Archives/edgar/data/820027/000119648426000014/form4-07302026_090726.xml,derivative,2026-07-28,M,Employee Stock Option (right to buy),52932,0,0.0,0,D,CRACCHIOLO JAMES M,CHAIRMAN AND CEO,true,true,false,CHAIRMAN AND CEO,SEC EDGAR
AMP|0001335761-26-000013|nonDerivative|2026-07-28|Berman Walter Stanley|M|Common Stock|10905|165.41|D,2026-08-06 03:29:58+0000,AMP,AMERIPRISE FINANCIAL INC,0000820027,4,2026-07-30,2026-07-28,0001335761-26-000013,https://www.sec.gov/Archives/edgar/data/820027/000133576126000013/form4-07302026_090743.xml,nonDerivative,2026-07-28,M,Common Stock,10905,165.41,1803796.05,16514,D,Berman Walter Stanley,EXECUTIVE VP AND CFO,false,true,false,EXECUTIVE VP AND CFO,SEC EDGAR
AMP|0001335761-26-000013|nonDerivative|2026-07-28|Berman Walter Stanley|M|Common Stock|23206|197.87|D,2026-08-06 03:29:58+0000,AMP,AMERIPRISE FINANCIAL INC,0000820027,4,2026-07-30,2026-07-28,0001335761-26-000013,https://www.sec.gov/Archives/edgar/data/820027/000133576126000013/form4-07302026_090743.xml,nonDerivative,2026-07-28,M,Common Stock,23206,197.87,4591771.22,39720,D,Berman Walter Stanley,EXECUTIVE VP AND CFO,false,true,false,EXECUTIVE VP AND CFO,SEC EDGAR
AMP|0001335761-26-000013|nonDerivative|2026-07-28|Berman Walter Stanley|F|Common Stock|23099|550.81|D,2026-08-06 03:29:58+0000,AMP,AMERIPRISE FINANCIAL INC,0000820027,4,2026-07-30,2026-07-28,0001335761-26-000013,https://www.sec.gov/Archives/edgar/data/820027/000133576126000013/form4-07302026_090743.xml,nonDerivative,2026-07-28,F,Common Stock,23099,550.81,12723160.19,16621,D,Berman Walter Stanley,EXECUTIVE VP AND CFO,false,true,false,EXECUTIVE VP AND CFO,SEC EDGAR
AMP|0001335761-26-000013|nonDerivative|2026-07-28|Berman Walter Stanley|S|Common Stock|10590|548.9171|D,2026-08-06 03:29:58+0000,AMP,AMERIPRISE FINANCIAL INC,0000820027,4,2026-07-30,2026-07-28,0001335761-26-000013,https://www.sec.gov/Archives/edgar/data/820027/000133576126000013/form4-07302026_090743.xml,nonDerivative,2026-07-28,S,Common Stock,10590,548.9171,5813032.089,6031,D,Berman Walter Stanley,EXECUTIVE VP AND CFO,false,true,false,EXECUTIVE VP AND CFO,SEC EDGAR
AMP|0001335761-26-000013|nonDerivative|2026-07-28|Berman Walter Stanley|S|Common Stock|422|549.7582|D,2026-08-06 03:29:58+0000,AMP,AMERIPRISE FINANCIAL INC,0000820027,4,2026-07-30,2026-07-28,0001335761-26-000013,https://www.sec.gov/Archives/edgar/data/820027/000133576126000013/form4-07302026_090743.xml,nonDerivative,2026-07-28,S,Common Stock,422,549.7582,231997.96039999998,5609,D,Berman Walter Stanley,EXECUTIVE VP AND CFO,false,true,false,EXECUTIVE VP AND CFO,SEC EDGAR
AMP|0001335761-26-000013|derivative|2026-07-28|Berman Walter Stanley|M|Employee Stock Option (right to buy)|10905|0|D,2026-08-06 03:29:58+0000,AMP,AMERIPRISE FINANCIAL INC,0000820027,4,2026-07-30,2026-07-28,0001335761-26-000013,https://www.sec.gov/Archives/edgar/data/820027/000133576126000013/form4-07302026_090743.xml,derivative,2026-07-28,M,Employee Stock Option (right to buy),10905,0,0.0,0,D,Berman Walter Stanley,EXECUTIVE VP AND CFO,false,true,false,EXECUTIVE VP AND CFO,SEC EDGAR
AMP|0001335761-26-000013|derivative|2026-07-28|Berman Walter Stanley|M|Employee Stock Option (right to buy)|23206|0|D,2026-08-06 03:29:58+0000,AMP,AMERIPRISE FINANCIAL INC,0000820027,4,2026-07-30,2026-07-28,0001335761-26-000013,https://www.sec.gov/Archives/edgar/data/820027/000133576126000013/form4-07302026_090743.xml,derivative,2026-07-28,M,Employee Stock Option (right to buy),23206,0,0.0,0,D,Berman Walter Stanley,EXECUTIVE VP AND CFO,false,true,false,EXECUTIVE VP AND CFO,SEC EDGAR
