unique_key,collected_at_utc,ticker,company_name,cik,form,filing_date,report_date,accession_number,filing_url,transaction_table,transaction_date,transaction_code,security_title,shares,price,total_amount,shares_owned_after,ownership_type,reporting_owner,relationship,is_director,is_officer,is_ten_percent_owner,officer_title,source
XYZ|0001628280-26-061433|nonDerivative|2026-09-08|Eisen Anthony Mathew|S|Class A  Common Stock|6000|82.18|D,2026-09-11 04:29:41+0000,XYZ,"Block, Inc.",0001512673,4,2026-09-10,2026-09-08,0001628280-26-061433,https://www.sec.gov/Archives/edgar/data/1512673/000162828026061433/wk-form4_1789077758.xml,nonDerivative,2026-09-08,S,Class A  Common Stock,6000,82.18,493080.00000000006,1428672,D,Eisen Anthony Mathew,Director,1,0,0,,SEC EDGAR
XYZ|0001628280-26-061433|nonDerivative|2026-09-09|Eisen Anthony Mathew|S|Class A  Common Stock|6000|79.27|D,2026-09-11 04:29:41+0000,XYZ,"Block, Inc.",0001512673,4,2026-09-10,2026-09-08,0001628280-26-061433,https://www.sec.gov/Archives/edgar/data/1512673/000162828026061433/wk-form4_1789077758.xml,nonDerivative,2026-09-09,S,Class A  Common Stock,6000,79.27,475620.0,1422672,D,Eisen Anthony Mathew,Director,1,0,0,,SEC EDGAR
XYZ|0001628280-26-061433|nonDerivative|2026-09-10|Eisen Anthony Mathew|S|Class A  Common Stock|6000|78.39|D,2026-09-11 04:29:41+0000,XYZ,"Block, Inc.",0001512673,4,2026-09-10,2026-09-08,0001628280-26-061433,https://www.sec.gov/Archives/edgar/data/1512673/000162828026061433/wk-form4_1789077758.xml,nonDerivative,2026-09-10,S,Class A  Common Stock,6000,78.39,470340.0,1416672,D,Eisen Anthony Mathew,Director,1,0,0,,SEC EDGAR
WST|0001518973-26-000007|derivative|2026-09-08|Lagarde Michel|A|Stock Option (Right to Buy)|13879|0|D,2026-09-11 04:29:41+0000,WST,WEST PHARMACEUTICAL SERVICES INC,0000105770,4,2026-09-10,2026-09-08,0001518973-26-000007,https://www.sec.gov/Archives/edgar/data/105770/000151897326000007/wk-form4_1789069215.xml,derivative,2026-09-08,A,Stock Option (Right to Buy),13879,0,0.0,13879,D,Lagarde Michel,"Director, Officer, President and CEO",1,1,0,President and CEO,SEC EDGAR
WST|0001518973-26-000007|derivative|2026-09-08|Lagarde Michel|A|Stock Option (Right to Buy)|11081|0|D,2026-09-11 04:29:41+0000,WST,WEST PHARMACEUTICAL SERVICES INC,0000105770,4,2026-09-10,2026-09-08,0001518973-26-000007,https://www.sec.gov/Archives/edgar/data/105770/000151897326000007/wk-form4_1789069215.xml,derivative,2026-09-08,A,Stock Option (Right to Buy),11081,0,0.0,11081,D,Lagarde Michel,"Director, Officer, President and CEO",1,1,0,President and CEO,SEC EDGAR
WST|0001518973-26-000007|derivative|2026-09-08|Lagarde Michel|A|Stock Option (Right to Buy)|12088|0|D,2026-09-11 04:29:41+0000,WST,WEST PHARMACEUTICAL SERVICES INC,0000105770,4,2026-09-10,2026-09-08,0001518973-26-000007,https://www.sec.gov/Archives/edgar/data/105770/000151897326000007/wk-form4_1789069215.xml,derivative,2026-09-08,A,Stock Option (Right to Buy),12088,0,0.0,12088,D,Lagarde Michel,"Director, Officer, President and CEO",1,1,0,President and CEO,SEC EDGAR
WST|0001518973-26-000007|derivative|2026-09-08|Lagarde Michel|A|Rst. Stock Unit|6200|0|D,2026-09-11 04:29:41+0000,WST,WEST PHARMACEUTICAL SERVICES INC,0000105770,4,2026-09-10,2026-09-08,0001518973-26-000007,https://www.sec.gov/Archives/edgar/data/105770/000151897326000007/wk-form4_1789069215.xml,derivative,2026-09-08,A,Rst. Stock Unit,6200,0,0.0,6200,D,Lagarde Michel,"Director, Officer, President and CEO",1,1,0,President and CEO,SEC EDGAR
WST|0001518973-26-000007|derivative|2026-09-08|Lagarde Michel|A|Rst. Stock Unit|4950|0|D,2026-09-11 04:29:41+0000,WST,WEST PHARMACEUTICAL SERVICES INC,0000105770,4,2026-09-10,2026-09-08,0001518973-26-000007,https://www.sec.gov/Archives/edgar/data/105770/000151897326000007/wk-form4_1789069215.xml,derivative,2026-09-08,A,Rst. Stock Unit,4950,0,0.0,4950,D,Lagarde Michel,"Director, Officer, President and CEO",1,1,0,President and CEO,SEC EDGAR
WST|0001518973-26-000007|derivative|2026-09-08|Lagarde Michel|A|Rst. Stock Unit|3600|0|D,2026-09-11 04:29:41+0000,WST,WEST PHARMACEUTICAL SERVICES INC,0000105770,4,2026-09-10,2026-09-08,0001518973-26-000007,https://www.sec.gov/Archives/edgar/data/105770/000151897326000007/wk-form4_1789069215.xml,derivative,2026-09-08,A,Rst. Stock Unit,3600,0,0.0,3600,D,Lagarde Michel,"Director, Officer, President and CEO",1,1,0,President and CEO,SEC EDGAR
WST|0000105770-26-000108|nonDerivative|2026-09-08|Favorite Annette F|M|Common Stock|2817|83.47|D,2026-09-11 04:29:41+0000,WST,WEST PHARMACEUTICAL SERVICES INC,0000105770,4,2026-09-10,2026-09-08,0000105770-26-000108,https://www.sec.gov/Archives/edgar/data/105770/000010577026000108/wk-form4_1789076210.xml,nonDerivative,2026-09-08,M,Common Stock,2817,83.47,235134.99,19661.5548,D,Favorite Annette F,"Officer, Sr. VP & Chief HR Officer",0,1,0,Sr. VP & Chief HR Officer,SEC EDGAR
WST|0000105770-26-000108|nonDerivative|2026-09-08|Favorite Annette F|S|Common Stock|2817|340.81|D,2026-09-11 04:29:41+0000,WST,WEST PHARMACEUTICAL SERVICES INC,0000105770,4,2026-09-10,2026-09-08,0000105770-26-000108,https://www.sec.gov/Archives/edgar/data/105770/000010577026000108/wk-form4_1789076210.xml,nonDerivative,2026-09-08,S,Common Stock,2817,340.81,960061.77,16844.5548,D,Favorite Annette F,"Officer, Sr. VP & Chief HR Officer",0,1,0,Sr. VP & Chief HR Officer,SEC EDGAR
WST|0000105770-26-000108|nonDerivative|2026-09-08|Favorite Annette F|M|Common Stock|2818|83.47|D,2026-09-11 04:29:41+0000,WST,WEST PHARMACEUTICAL SERVICES INC,0000105770,4,2026-09-10,2026-09-08,0000105770-26-000108,https://www.sec.gov/Archives/edgar/data/105770/000010577026000108/wk-form4_1789076210.xml,nonDerivative,2026-09-08,M,Common Stock,2818,83.47,235218.46,19662.5548,D,Favorite Annette F,"Officer, Sr. VP & Chief HR Officer",0,1,0,Sr. VP & Chief HR Officer,SEC EDGAR
WST|0000105770-26-000108|nonDerivative|2026-09-08|Favorite Annette F|S|Common Stock|2818|340.81|D,2026-09-11 04:29:41+0000,WST,WEST PHARMACEUTICAL SERVICES INC,0000105770,4,2026-09-10,2026-09-08,0000105770-26-000108,https://www.sec.gov/Archives/edgar/data/105770/000010577026000108/wk-form4_1789076210.xml,nonDerivative,2026-09-08,S,Common Stock,2818,340.81,960402.58,16844.5548,D,Favorite Annette F,"Officer, Sr. VP & Chief HR Officer",0,1,0,Sr. VP & Chief HR Officer,SEC EDGAR
WST|0000105770-26-000108|nonDerivative|2026-09-08|Favorite Annette F|M|Common Stock|2500|89.64|D,2026-09-11 04:29:41+0000,WST,WEST PHARMACEUTICAL SERVICES INC,0000105770,4,2026-09-10,2026-09-08,0000105770-26-000108,https://www.sec.gov/Archives/edgar/data/105770/000010577026000108/wk-form4_1789076210.xml,nonDerivative,2026-09-08,M,Common Stock,2500,89.64,224100.0,19344.5548,D,Favorite Annette F,"Officer, Sr. VP & Chief HR Officer",0,1,0,Sr. VP & Chief HR Officer,SEC EDGAR
WST|0000105770-26-000108|nonDerivative|2026-09-08|Favorite Annette F|S|Common Stock|2500|340.81|D,2026-09-11 04:29:41+0000,WST,WEST PHARMACEUTICAL SERVICES INC,0000105770,4,2026-09-10,2026-09-08,0000105770-26-000108,https://www.sec.gov/Archives/edgar/data/105770/000010577026000108/wk-form4_1789076210.xml,nonDerivative,2026-09-08,S,Common Stock,2500,340.81,852025.0,16844.5548,D,Favorite Annette F,"Officer, Sr. VP & Chief HR Officer",0,1,0,Sr. VP & Chief HR Officer,SEC EDGAR
WST|0000105770-26-000108|derivative|2026-09-08|Favorite Annette F|M|Stock Options (Right to Buy)|2817|0|D,2026-09-11 04:29:41+0000,WST,WEST PHARMACEUTICAL SERVICES INC,0000105770,4,2026-09-10,2026-09-08,0000105770-26-000108,https://www.sec.gov/Archives/edgar/data/105770/000010577026000108/wk-form4_1789076210.xml,derivative,2026-09-08,M,Stock Options (Right to Buy),2817,0,0.0,2818,D,Favorite Annette F,"Officer, Sr. VP & Chief HR Officer",0,1,0,Sr. VP & Chief HR Officer,SEC EDGAR
WST|0000105770-26-000108|derivative|2026-09-08|Favorite Annette F|M|Stock Options (Right to Buy)|2818|0|D,2026-09-11 04:29:41+0000,WST,WEST PHARMACEUTICAL SERVICES INC,0000105770,4,2026-09-10,2026-09-08,0000105770-26-000108,https://www.sec.gov/Archives/edgar/data/105770/000010577026000108/wk-form4_1789076210.xml,derivative,2026-09-08,M,Stock Options (Right to Buy),2818,0,0.0,0,D,Favorite Annette F,"Officer, Sr. VP & Chief HR Officer",0,1,0,Sr. VP & Chief HR Officer,SEC EDGAR
WST|0000105770-26-000108|derivative|2026-09-08|Favorite Annette F|M|Stock Option (Right to Buy)|2500|0|D,2026-09-11 04:29:41+0000,WST,WEST PHARMACEUTICAL SERVICES INC,0000105770,4,2026-09-10,2026-09-08,0000105770-26-000108,https://www.sec.gov/Archives/edgar/data/105770/000010577026000108/wk-form4_1789076210.xml,derivative,2026-09-08,M,Stock Option (Right to Buy),2500,0,0.0,7524,D,Favorite Annette F,"Officer, Sr. VP & Chief HR Officer",0,1,0,Sr. VP & Chief HR Officer,SEC EDGAR
WBD|0002060469-26-000004|nonDerivative|2026-09-09|Girdwood Amy|S|Series A Common Stock|262285|27.98|D,2026-09-11 04:29:41+0000,WBD,"Warner Bros. Discovery, Inc.",0001437107,4,2026-09-10,2026-09-09,0002060469-26-000004,https://www.sec.gov/Archives/edgar/data/1437107/000206046926000004/wk-form4_1789073883.xml,nonDerivative,2026-09-09,S,Series A Common Stock,262285,27.98,7338734.3,539374,D,Girdwood Amy,"Officer, Chief People & Culture Officer",0,1,0,Chief People & Culture Officer,SEC EDGAR
VST|0001940494-26-000006|nonDerivative|2026-09-08|Moldovan Kristopher E.|S|Common Stock|20000|151.03|I,2026-09-11 04:29:41+0000,VST,Vistra Corp.,0001692819,4,2026-09-10,2026-09-08,0001940494-26-000006,https://www.sec.gov/Archives/edgar/data/1692819/000194049426000006/wk-form4_1789072625.xml,nonDerivative,2026-09-08,S,Common Stock,20000,151.03,3020600.0,199044,I,Moldovan Kristopher E.,"Officer, EVP and CFO",0,1,0,EVP and CFO,SEC EDGAR
VST|0001728553-26-000006|nonDerivative|2026-09-08|HUDSON SCOTT A|S|Common Stock|7777|150.97|D,2026-09-11 04:29:41+0000,VST,Vistra Corp.,0001692819,4,2026-09-10,2026-09-08,0001728553-26-000006,https://www.sec.gov/Archives/edgar/data/1692819/000172855326000006/wk-form4_1789072599.xml,nonDerivative,2026-09-08,S,Common Stock,7777,150.97,1174093.69,367804,D,HUDSON SCOTT A,"Officer, EVP & President Vistra Retail",0,1,0,EVP & President Vistra Retail,SEC EDGAR
VST|0001728553-26-000006|nonDerivative|2026-09-08|HUDSON SCOTT A|S|Common Stock|28826|151.85|D,2026-09-11 04:29:41+0000,VST,Vistra Corp.,0001692819,4,2026-09-10,2026-09-08,0001728553-26-000006,https://www.sec.gov/Archives/edgar/data/1692819/000172855326000006/wk-form4_1789072599.xml,nonDerivative,2026-09-08,S,Common Stock,28826,151.85,4377228.1,338978,D,HUDSON SCOTT A,"Officer, EVP & President Vistra Retail",0,1,0,EVP & President Vistra Retail,SEC EDGAR
VST|0001728553-26-000006|nonDerivative|2026-09-08|HUDSON SCOTT A|S|Common Stock|7841|152.56|D,2026-09-11 04:29:41+0000,VST,Vistra Corp.,0001692819,4,2026-09-10,2026-09-08,0001728553-26-000006,https://www.sec.gov/Archives/edgar/data/1692819/000172855326000006/wk-form4_1789072599.xml,nonDerivative,2026-09-08,S,Common Stock,7841,152.56,1196222.96,331137,D,HUDSON SCOTT A,"Officer, EVP & President Vistra Retail",0,1,0,EVP & President Vistra Retail,SEC EDGAR
VRTX|0000875320-26-000272|nonDerivative|2026-09-08|van Grunsven Jasper|A|Common Stock|8682|0|D,2026-09-11 04:29:41+0000,VRTX,VERTEX PHARMACEUTICALS INC / MA,0000875320,4,2026-09-10,2026-09-08,0000875320-26-000272,https://www.sec.gov/Archives/edgar/data/875320/000087532026000272/wk-form4_1789072310.xml,nonDerivative,2026-09-08,A,Common Stock,8682,0,0.0,8682,D,van Grunsven Jasper,"Officer, EVP,   CP and NPPO",0,1,0,"EVP,   CP and NPPO",SEC EDGAR
V|0001403161-26-000118|nonDerivative|2026-09-09|ROTTENBERG JULIE B|M|Class A Common Stock|1867|134.76|D,2026-09-11 04:29:41+0000,V,VISA INC.,0001403161,4,2026-09-10,2026-09-09,0001403161-26-000118,https://www.sec.gov/Archives/edgar/data/1403161/000140316126000118/form4.xml,nonDerivative,2026-09-09,M,Class A Common Stock,1867,134.76,251596.91999999998,20271,D,ROTTENBERG JULIE B,"Officer, GENERAL COUNSEL",,1,,GENERAL COUNSEL,SEC EDGAR
V|0001403161-26-000118|nonDerivative|2026-09-09|ROTTENBERG JULIE B|S|Class A Common Stock|1867|368.34|D,2026-09-11 04:29:41+0000,V,VISA INC.,0001403161,4,2026-09-10,2026-09-09,0001403161-26-000118,https://www.sec.gov/Archives/edgar/data/1403161/000140316126000118/form4.xml,nonDerivative,2026-09-09,S,Class A Common Stock,1867,368.34,687690.7799999999,18404,D,ROTTENBERG JULIE B,"Officer, GENERAL COUNSEL",,1,,GENERAL COUNSEL,SEC EDGAR
V|0001403161-26-000118|derivative|2026-09-09|ROTTENBERG JULIE B|M|Employee Stock Option (Right to Buy)|1867|0|D,2026-09-11 04:29:41+0000,V,VISA INC.,0001403161,4,2026-09-10,2026-09-09,0001403161-26-000118,https://www.sec.gov/Archives/edgar/data/1403161/000140316126000118/form4.xml,derivative,2026-09-09,M,Employee Stock Option (Right to Buy),1867,0,0.0,3734,D,ROTTENBERG JULIE B,"Officer, GENERAL COUNSEL",,1,,GENERAL COUNSEL,SEC EDGAR
UBER|0001184237-26-000008|nonDerivative|2026-09-10|KHOSROWSHAHI DARA|P|Common Stock|141000.00|70.9642|D,2026-09-11 04:29:41+0000,UBER,"Uber Technologies, Inc",0001543151,4,2026-09-10,2026-09-10,0001184237-26-000008,https://www.sec.gov/Archives/edgar/data/1543151/000118423726000008/primarydocument.xml,nonDerivative,2026-09-10,P,Common Stock,141000.00,70.9642,10005952.200000001,1367100.00,D,KHOSROWSHAHI DARA,Chief Executive Officer,true,true,false,Chief Executive Officer,SEC EDGAR
TPR|0001225208-26-007731|nonDerivative|2026-09-09|Kulikowsky Denise|M|Common Stock|6910.0000|40.5800|D,2026-09-11 04:29:41+0000,TPR,"TAPESTRY, INC.",0001116132,4,2026-09-10,2026-09-09,0001225208-26-007731,https://www.sec.gov/Archives/edgar/data/1116132/000122520826007731/doc4.xml,nonDerivative,2026-09-09,M,Common Stock,6910.0000,40.5800,280407.8,26946.0000,D,Kulikowsky Denise,"Officer, Chief People Officer",,1,,Chief People Officer,SEC EDGAR
TPR|0001225208-26-007731|nonDerivative|2026-09-09|Kulikowsky Denise|S|Common Stock|2191.0000|115.4000|D,2026-09-11 04:29:41+0000,TPR,"TAPESTRY, INC.",0001116132,4,2026-09-10,2026-09-09,0001225208-26-007731,https://www.sec.gov/Archives/edgar/data/1116132/000122520826007731/doc4.xml,nonDerivative,2026-09-09,S,Common Stock,2191.0000,115.4000,252841.40000000002,24755.0000,D,Kulikowsky Denise,"Officer, Chief People Officer",,1,,Chief People Officer,SEC EDGAR
TPR|0001225208-26-007731|nonDerivative|2026-09-09|Kulikowsky Denise|S|Common Stock|3619.0000|115.3600|D,2026-09-11 04:29:41+0000,TPR,"TAPESTRY, INC.",0001116132,4,2026-09-10,2026-09-09,0001225208-26-007731,https://www.sec.gov/Archives/edgar/data/1116132/000122520826007731/doc4.xml,nonDerivative,2026-09-09,S,Common Stock,3619.0000,115.3600,417487.84,21136.0000,D,Kulikowsky Denise,"Officer, Chief People Officer",,1,,Chief People Officer,SEC EDGAR
TPR|0001225208-26-007731|nonDerivative|2026-09-09|Kulikowsky Denise|F|Common Stock|4719.0000|115.4000|D,2026-09-11 04:29:41+0000,TPR,"TAPESTRY, INC.",0001116132,4,2026-09-10,2026-09-09,0001225208-26-007731,https://www.sec.gov/Archives/edgar/data/1116132/000122520826007731/doc4.xml,nonDerivative,2026-09-09,F,Common Stock,4719.0000,115.4000,544572.6,16417.0000,D,Kulikowsky Denise,"Officer, Chief People Officer",,1,,Chief People Officer,SEC EDGAR
TPR|0001225208-26-007731|derivative|2026-09-09|Kulikowsky Denise|M|Stock Option|6910.0000|0.0000|D,2026-09-11 04:29:41+0000,TPR,"TAPESTRY, INC.",0001116132,4,2026-09-10,2026-09-09,0001225208-26-007731,https://www.sec.gov/Archives/edgar/data/1116132/000122520826007731/doc4.xml,derivative,2026-09-09,M,Stock Option,6910.0000,0.0000,0.0,13820.0000,D,Kulikowsky Denise,"Officer, Chief People Officer",,1,,Chief People Officer,SEC EDGAR
TPL|0001437749-26-030032|nonDerivative|2026-09-09|HORIZON KINETICS ASSET MANAGEMENT LLC|P|Common Stock|1|378.57|D,2026-09-11 04:29:41+0000,TPL,Texas Pacific Land Corp,0001811074,4,2026-09-10,2026-09-09,0001437749-26-030032,https://www.sec.gov/Archives/edgar/data/1811074/000143774926030032/rdgdoc.xml,nonDerivative,2026-09-09,P,Common Stock,1,378.57,378.57,3390843,D,HORIZON KINETICS ASSET MANAGEMENT LLC,10% Owner,,,1,,SEC EDGAR
SBUX|0000829224-26-000137|nonDerivative|2026-09-09|Niccol Brian R|F|Common Stock|56267|100.04|D,2026-09-11 04:29:41+0000,SBUX,STARBUCKS CORP,0000829224,4,2026-09-10,2026-09-09,0000829224-26-000137,https://www.sec.gov/Archives/edgar/data/829224/000082922426000137/form4.xml,nonDerivative,2026-09-09,F,Common Stock,56267,100.04,5628950.680000001,428696.951,D,Niccol Brian R,"Director, Officer, chairman and ceo",1,1,,chairman and ceo,SEC EDGAR
"RSG|0001104659-26-106713|nonDerivative|2026-09-08|CASCADE INVESTMENT, L.L.C.|P|Common stock|141819|220.7666|D",2026-09-11 04:29:41+0000,RSG,"REPUBLIC SERVICES, INC.",0001060391,4,2026-09-10,2026-09-08,0001104659-26-106713,https://www.sec.gov/Archives/edgar/data/1060391/000110465926106713/tm2625157-1_4seq1.xml,nonDerivative,2026-09-08,P,Common stock,141819,220.7666,31308898.445400003,115898649,D,"CASCADE INVESTMENT, L.L.C.",10% Owner,0,0,1,,SEC EDGAR
"RSG|0001104659-26-106713|nonDerivative|2026-09-08|CASCADE INVESTMENT, L.L.C.|P|Common stock|249866|221.8189|D",2026-09-11 04:29:41+0000,RSG,"REPUBLIC SERVICES, INC.",0001060391,4,2026-09-10,2026-09-08,0001104659-26-106713,https://www.sec.gov/Archives/edgar/data/1060391/000110465926106713/tm2625157-1_4seq1.xml,nonDerivative,2026-09-08,P,Common stock,249866,221.8189,55425001.267400004,116148515,D,"CASCADE INVESTMENT, L.L.C.",10% Owner,0,0,1,,SEC EDGAR
"RSG|0001104659-26-106713|nonDerivative|2026-09-08|CASCADE INVESTMENT, L.L.C.|P|Common stock|17815|222.5564|D",2026-09-11 04:29:41+0000,RSG,"REPUBLIC SERVICES, INC.",0001060391,4,2026-09-10,2026-09-08,0001104659-26-106713,https://www.sec.gov/Archives/edgar/data/1060391/000110465926106713/tm2625157-1_4seq1.xml,nonDerivative,2026-09-08,P,Common stock,17815,222.5564,3964842.266,116166330,D,"CASCADE INVESTMENT, L.L.C.",10% Owner,0,0,1,,SEC EDGAR
"RSG|0001104659-26-106713|nonDerivative|2026-09-09|CASCADE INVESTMENT, L.L.C.|P|Common stock|32765|220.3687|D",2026-09-11 04:29:41+0000,RSG,"REPUBLIC SERVICES, INC.",0001060391,4,2026-09-10,2026-09-08,0001104659-26-106713,https://www.sec.gov/Archives/edgar/data/1060391/000110465926106713/tm2625157-1_4seq1.xml,nonDerivative,2026-09-09,P,Common stock,32765,220.3687,7220380.455499999,116199095,D,"CASCADE INVESTMENT, L.L.C.",10% Owner,0,0,1,,SEC EDGAR
"RSG|0001104659-26-106713|nonDerivative|2026-09-09|CASCADE INVESTMENT, L.L.C.|P|Common stock|213574|221.1262|D",2026-09-11 04:29:41+0000,RSG,"REPUBLIC SERVICES, INC.",0001060391,4,2026-09-10,2026-09-08,0001104659-26-106713,https://www.sec.gov/Archives/edgar/data/1060391/000110465926106713/tm2625157-1_4seq1.xml,nonDerivative,2026-09-09,P,Common stock,213574,221.1262,47226807.0388,116412669,D,"CASCADE INVESTMENT, L.L.C.",10% Owner,0,0,1,,SEC EDGAR
"RSG|0001104659-26-106713|nonDerivative|2026-09-09|CASCADE INVESTMENT, L.L.C.|P|Common stock|64965|222.3830|D",2026-09-11 04:29:41+0000,RSG,"REPUBLIC SERVICES, INC.",0001060391,4,2026-09-10,2026-09-08,0001104659-26-106713,https://www.sec.gov/Archives/edgar/data/1060391/000110465926106713/tm2625157-1_4seq1.xml,nonDerivative,2026-09-09,P,Common stock,64965,222.3830,14447111.595,116477634,D,"CASCADE INVESTMENT, L.L.C.",10% Owner,0,0,1,,SEC EDGAR
RMD|0000943819-26-000052|nonDerivative|2026-09-08|Farrell Michael J.|M|ResMed Common Stock|4991|146.34|D,2026-09-11 04:29:41+0000,RMD,RESMED INC,0000943819,4,2026-09-10,2026-09-08,0000943819-26-000052,https://www.sec.gov/Archives/edgar/data/943819/000094381926000052/form4.xml,nonDerivative,2026-09-08,M,ResMed Common Stock,4991,146.34,730382.9400000001,471247,D,Farrell Michael J.,"Director, Officer, Chairman and CEO",1,1,,Chairman and CEO,SEC EDGAR
RMD|0000943819-26-000052|nonDerivative|2026-09-08|Farrell Michael J.|S|ResMed Common Stock|4991|222.4385|D,2026-09-11 04:29:41+0000,RMD,RESMED INC,0000943819,4,2026-09-10,2026-09-08,0000943819-26-000052,https://www.sec.gov/Archives/edgar/data/943819/000094381926000052/form4.xml,nonDerivative,2026-09-08,S,ResMed Common Stock,4991,222.4385,1110190.5535,466256,D,Farrell Michael J.,"Director, Officer, Chairman and CEO",1,1,,Chairman and CEO,SEC EDGAR
RMD|0000943819-26-000052|derivative|2026-09-08|Farrell Michael J.|M|ResMed  Common Stock Options|4991|0|D,2026-09-11 04:29:41+0000,RMD,RESMED INC,0000943819,4,2026-09-10,2026-09-08,0000943819-26-000052,https://www.sec.gov/Archives/edgar/data/943819/000094381926000052/form4.xml,derivative,2026-09-08,M,ResMed  Common Stock Options,4991,0,0.0,9984,D,Farrell Michael J.,"Director, Officer, Chairman and CEO",1,1,,Chairman and CEO,SEC EDGAR
PH|0000076334-26-000137|nonDerivative|2026-09-08|Thompson Laura K|S|Common Stock|160|958.95|D,2026-09-11 04:29:41+0000,PH,Parker-Hannifin Corp,0000076334,4,2026-09-10,2026-09-08,0000076334-26-000137,https://www.sec.gov/Archives/edgar/data/76334/000007633426000137/form4.xml,nonDerivative,2026-09-08,S,Common Stock,160,958.95,153432.0,4438,D,Thompson Laura K,Director,1,0,0,,SEC EDGAR
PG|0000080424-26-000166|nonDerivative|2026-09-08|Portman Robert Jones|A|Common Stock|52|0|D,2026-09-11 04:29:41+0000,PG,PROCTER & GAMBLE Co,0000080424,4,2026-09-10,2026-09-08,0000080424-26-000166,https://www.sec.gov/Archives/edgar/data/80424/000008042426000166/form4.xml,nonDerivative,2026-09-08,A,Common Stock,52,0,0.0,5246.6454,D,Portman Robert Jones,Director,1,,,,SEC EDGAR
PG|0000080424-26-000165|nonDerivative|2026-09-08|McEvoy Ashley|A|Common Stock|207|0|D,2026-09-11 04:29:41+0000,PG,PROCTER & GAMBLE Co,0000080424,4,2026-09-10,2026-09-08,0000080424-26-000165,https://www.sec.gov/Archives/edgar/data/80424/000008042426000165/form4.xml,nonDerivative,2026-09-08,A,Common Stock,207,0,0.0,6228.0049,D,McEvoy Ashley,Director,1,,,,SEC EDGAR
PG|0000080424-26-000164|nonDerivative|2026-09-08|McCarthy Christine M|A|Common Stock|258|0|D,2026-09-11 04:29:41+0000,PG,PROCTER & GAMBLE Co,0000080424,4,2026-09-10,2026-09-08,0000080424-26-000164,https://www.sec.gov/Archives/edgar/data/80424/000008042426000164/form4.xml,nonDerivative,2026-09-08,A,Common Stock,258,0,0.0,17903.7543,D,McCarthy Christine M,Director,1,,,,SEC EDGAR
PG|0000080424-26-000163|nonDerivative|2026-09-08|Kempczinski Christopher J|A|Common Stock|250|0|D,2026-09-11 04:29:41+0000,PG,PROCTER & GAMBLE Co,0000080424,4,2026-09-10,2026-09-08,0000080424-26-000163,https://www.sec.gov/Archives/edgar/data/80424/000008042426000163/form4.xml,nonDerivative,2026-09-08,A,Common Stock,250,0,0.0,11933.6723,D,Kempczinski Christopher J,Director,1,,,,SEC EDGAR
PG|0000080424-26-000162|nonDerivative|2026-09-08|JIMENEZ JOSEPH|A|Common Stock|327|0|D,2026-09-11 04:29:41+0000,PG,PROCTER & GAMBLE Co,0000080424,4,2026-09-10,2026-09-08,0000080424-26-000162,https://www.sec.gov/Archives/edgar/data/80424/000008042426000162/form4.xml,nonDerivative,2026-09-08,A,Common Stock,327,0,0.0,37529.634,D,JIMENEZ JOSEPH,Director,1,,,,SEC EDGAR
PG|0000080424-26-000161|nonDerivative|2026-09-08|ARNOLD CRAIG|A|Common Stock|207|0|D,2026-09-11 04:29:41+0000,PG,PROCTER & GAMBLE Co,0000080424,4,2026-09-10,2026-09-08,0000080424-26-000161,https://www.sec.gov/Archives/edgar/data/80424/000008042426000161/form4.xml,nonDerivative,2026-09-08,A,Common Stock,207,0,0.0,3036.1836,D,ARNOLD CRAIG,Director,1,,,,SEC EDGAR
O|0001403051-26-000006|nonDerivative|2026-09-10|McLaughlin Gregory|S|Common Stock|3475|60.1502|I,2026-09-11 04:29:41+0000,O,REALTY INCOME CORP,0000726728,4,2026-09-10,2026-09-10,0001403051-26-000006,https://www.sec.gov/Archives/edgar/data/726728/000140305126000006/wk-form4_1789076488.xml,nonDerivative,2026-09-10,S,Common Stock,3475,60.1502,209021.945,34732,I,McLaughlin Gregory,Director,1,0,0,,SEC EDGAR
NTAP|0002008967-26-000013|derivative|2026-09-09|Yang June|A|Restricted Stock Unit|1542||D,2026-09-11 04:29:41+0000,NTAP,"NetApp, Inc.",0001002047,4,2026-09-10,2026-09-09,0002008967-26-000013,https://www.sec.gov/Archives/edgar/data/1002047/000200896726000013/ownership.xml,derivative,2026-09-09,A,Restricted Stock Unit,1542,,,1542,D,Yang June,,true,false,false,,SEC EDGAR
NTAP|0001492125-26-000003|nonDerivative|2026-09-08|Pelzer Francis J.|M|Common Shares|2307||D,2026-09-11 04:29:41+0000,NTAP,"NetApp, Inc.",0001002047,4,2026-09-10,2026-09-08,0001492125-26-000003,https://www.sec.gov/Archives/edgar/data/1002047/000149212526000003/ownership.xml,nonDerivative,2026-09-08,M,Common Shares,2307,,,3763,D,Pelzer Francis J.,,true,false,false,,SEC EDGAR
NTAP|0001492125-26-000003|derivative|2026-09-08|Pelzer Francis J.|M|Restricted Stock Unit|2307||D,2026-09-11 04:29:41+0000,NTAP,"NetApp, Inc.",0001002047,4,2026-09-10,2026-09-08,0001492125-26-000003,https://www.sec.gov/Archives/edgar/data/1002047/000149212526000003/ownership.xml,derivative,2026-09-08,M,Restricted Stock Unit,2307,,,0,D,Pelzer Francis J.,,true,false,false,,SEC EDGAR
NTAP|0001492125-26-000003|derivative|2026-09-09|Pelzer Francis J.|A|Restricted Stock Unit|1542||D,2026-09-11 04:29:41+0000,NTAP,"NetApp, Inc.",0001002047,4,2026-09-10,2026-09-08,0001492125-26-000003,https://www.sec.gov/Archives/edgar/data/1002047/000149212526000003/ownership.xml,derivative,2026-09-09,A,Restricted Stock Unit,1542,,,1542,D,Pelzer Francis J.,,true,false,false,,SEC EDGAR
NTAP|0001193125-26-388027|nonDerivative|2026-09-08|Palin Carrie|M|Common Shares|2307||D,2026-09-11 04:29:41+0000,NTAP,"NetApp, Inc.",0001002047,4,2026-09-10,2026-09-08,0001193125-26-388027,https://www.sec.gov/Archives/edgar/data/1002047/000119312526388027/ownership.xml,nonDerivative,2026-09-08,M,Common Shares,2307,,,11660,D,Palin Carrie,,true,false,false,,SEC EDGAR
NTAP|0001193125-26-388027|derivative|2026-09-08|Palin Carrie|M|Restricted Stock Unit|2307||D,2026-09-11 04:29:41+0000,NTAP,"NetApp, Inc.",0001002047,4,2026-09-10,2026-09-08,0001193125-26-388027,https://www.sec.gov/Archives/edgar/data/1002047/000119312526388027/ownership.xml,derivative,2026-09-08,M,Restricted Stock Unit,2307,,,0,D,Palin Carrie,,true,false,false,,SEC EDGAR
NTAP|0001193125-26-388027|derivative|2026-09-09|Palin Carrie|A|Restricted Stock Unit|1542||D,2026-09-11 04:29:41+0000,NTAP,"NetApp, Inc.",0001002047,4,2026-09-10,2026-09-08,0001193125-26-388027,https://www.sec.gov/Archives/edgar/data/1002047/000119312526388027/ownership.xml,derivative,2026-09-09,A,Restricted Stock Unit,1542,,,1542,D,Palin Carrie,,true,false,false,,SEC EDGAR
NTAP|0001193125-26-388037|nonDerivative|2026-09-08|NEVENS THOMAS MICHAEL|M|Common Shares|2914||I,2026-09-11 04:29:41+0000,NTAP,"NetApp, Inc.",0001002047,4,2026-09-10,2026-09-08,0001193125-26-388037,https://www.sec.gov/Archives/edgar/data/1002047/000119312526388037/ownership.xml,nonDerivative,2026-09-08,M,Common Shares,2914,,,13687,I,NEVENS THOMAS MICHAEL,,true,false,false,,SEC EDGAR
NTAP|0001193125-26-388037|derivative|2026-09-08|NEVENS THOMAS MICHAEL|M|Restricted Stock Unit|2914||D,2026-09-11 04:29:41+0000,NTAP,"NetApp, Inc.",0001002047,4,2026-09-10,2026-09-08,0001193125-26-388037,https://www.sec.gov/Archives/edgar/data/1002047/000119312526388037/ownership.xml,derivative,2026-09-08,M,Restricted Stock Unit,2914,,,0,D,NEVENS THOMAS MICHAEL,,true,false,false,,SEC EDGAR
NTAP|0001193125-26-388037|derivative|2026-09-09|NEVENS THOMAS MICHAEL|A|Restricted Stock Unit|1948||D,2026-09-11 04:29:41+0000,NTAP,"NetApp, Inc.",0001002047,4,2026-09-10,2026-09-08,0001193125-26-388037,https://www.sec.gov/Archives/edgar/data/1002047/000119312526388037/ownership.xml,derivative,2026-09-09,A,Restricted Stock Unit,1948,,,1948,D,NEVENS THOMAS MICHAEL,,true,false,false,,SEC EDGAR
NTAP|0001193125-26-388051|nonDerivative|2026-09-08|KERR DEBORAH|M|Common Shares|2307||D,2026-09-11 04:29:41+0000,NTAP,"NetApp, Inc.",0001002047,4,2026-09-10,2026-09-08,0001193125-26-388051,https://www.sec.gov/Archives/edgar/data/1002047/000119312526388051/ownership.xml,nonDerivative,2026-09-08,M,Common Shares,2307,,,27360,D,KERR DEBORAH,,true,false,false,,SEC EDGAR
NTAP|0001193125-26-388051|derivative|2026-09-08|KERR DEBORAH|M|Restricted Stock Unit|2307||D,2026-09-11 04:29:41+0000,NTAP,"NetApp, Inc.",0001002047,4,2026-09-10,2026-09-08,0001193125-26-388051,https://www.sec.gov/Archives/edgar/data/1002047/000119312526388051/ownership.xml,derivative,2026-09-08,M,Restricted Stock Unit,2307,,,0,D,KERR DEBORAH,,true,false,false,,SEC EDGAR
NTAP|0001193125-26-388051|derivative|2026-09-09|KERR DEBORAH|A|Restricted Stock Unit|1542||D,2026-09-11 04:29:41+0000,NTAP,"NetApp, Inc.",0001002047,4,2026-09-10,2026-09-08,0001193125-26-388051,https://www.sec.gov/Archives/edgar/data/1002047/000119312526388051/ownership.xml,derivative,2026-09-09,A,Restricted Stock Unit,1542,,,1542,D,KERR DEBORAH,,true,false,false,,SEC EDGAR
NTAP|0001193125-26-388066|nonDerivative|2026-09-08|HELD GERALD|M|Common Shares|2307||D,2026-09-11 04:29:41+0000,NTAP,"NetApp, Inc.",0001002047,4,2026-09-10,2026-09-08,0001193125-26-388066,https://www.sec.gov/Archives/edgar/data/1002047/000119312526388066/ownership.xml,nonDerivative,2026-09-08,M,Common Shares,2307,,,16082,D,HELD GERALD,,true,false,false,,SEC EDGAR
NTAP|0001193125-26-388066|derivative|2026-09-08|HELD GERALD|M|Restricted Stock Unit|2307||D,2026-09-11 04:29:41+0000,NTAP,"NetApp, Inc.",0001002047,4,2026-09-10,2026-09-08,0001193125-26-388066,https://www.sec.gov/Archives/edgar/data/1002047/000119312526388066/ownership.xml,derivative,2026-09-08,M,Restricted Stock Unit,2307,,,0,D,HELD GERALD,,true,false,false,,SEC EDGAR
NTAP|0001193125-26-388066|derivative|2026-09-09|HELD GERALD|A|Restricted Stock Unit|1542||D,2026-09-11 04:29:41+0000,NTAP,"NetApp, Inc.",0001002047,4,2026-09-10,2026-09-08,0001193125-26-388066,https://www.sec.gov/Archives/edgar/data/1002047/000119312526388066/ownership.xml,derivative,2026-09-09,A,Restricted Stock Unit,1542,,,1542,D,HELD GERALD,,true,false,false,,SEC EDGAR
NTAP|0001129136-26-000002|nonDerivative|2026-09-08|GUSTAFSSON ANDERS|M|Common Shares|2307||D,2026-09-11 04:29:41+0000,NTAP,"NetApp, Inc.",0001002047,4,2026-09-10,2026-09-08,0001129136-26-000002,https://www.sec.gov/Archives/edgar/data/1002047/000112913626000002/ownership.xml,nonDerivative,2026-09-08,M,Common Shares,2307,,,13756,D,GUSTAFSSON ANDERS,,true,false,false,,SEC EDGAR
NTAP|0001129136-26-000002|derivative|2026-09-08|GUSTAFSSON ANDERS|M|Restricted Stock Unit|2307||D,2026-09-11 04:29:41+0000,NTAP,"NetApp, Inc.",0001002047,4,2026-09-10,2026-09-08,0001129136-26-000002,https://www.sec.gov/Archives/edgar/data/1002047/000112913626000002/ownership.xml,derivative,2026-09-08,M,Restricted Stock Unit,2307,,,0,D,GUSTAFSSON ANDERS,,true,false,false,,SEC EDGAR
NTAP|0001129136-26-000002|derivative|2026-09-09|GUSTAFSSON ANDERS|A|Restricted Stock Unit|1542||D,2026-09-11 04:29:41+0000,NTAP,"NetApp, Inc.",0001002047,4,2026-09-10,2026-09-08,0001129136-26-000002,https://www.sec.gov/Archives/edgar/data/1002047/000112913626000002/ownership.xml,derivative,2026-09-09,A,Restricted Stock Unit,1542,,,1542,D,GUSTAFSSON ANDERS,,true,false,false,,SEC EDGAR
NTAP|0001193125-26-388071|nonDerivative|2026-09-08|Fipps Paul|M|Common Shares|2646||D,2026-09-11 04:29:41+0000,NTAP,"NetApp, Inc.",0001002047,4,2026-09-10,2026-09-08,0001193125-26-388071,https://www.sec.gov/Archives/edgar/data/1002047/000119312526388071/ownership.xml,nonDerivative,2026-09-08,M,Common Shares,2646,,,2646,D,Fipps Paul,,true,false,false,,SEC EDGAR
NTAP|0001193125-26-388071|derivative|2026-09-08|Fipps Paul|M|Restricted Stock Unit|2646||D,2026-09-11 04:29:41+0000,NTAP,"NetApp, Inc.",0001002047,4,2026-09-10,2026-09-08,0001193125-26-388071,https://www.sec.gov/Archives/edgar/data/1002047/000119312526388071/ownership.xml,derivative,2026-09-08,M,Restricted Stock Unit,2646,,,0,D,Fipps Paul,,true,false,false,,SEC EDGAR
NTAP|0001193125-26-388071|derivative|2026-09-09|Fipps Paul|A|Restricted Stock Unit|1542||D,2026-09-11 04:29:41+0000,NTAP,"NetApp, Inc.",0001002047,4,2026-09-10,2026-09-08,0001193125-26-388071,https://www.sec.gov/Archives/edgar/data/1002047/000119312526388071/ownership.xml,derivative,2026-09-09,A,Restricted Stock Unit,1542,,,1542,D,Fipps Paul,,true,false,false,,SEC EDGAR
NTAP|0001193125-26-388079|derivative|2026-09-09|Ahuja Deepak|A|Restricted Stock Unit|1542||D,2026-09-11 04:29:41+0000,NTAP,"NetApp, Inc.",0001002047,4,2026-09-10,2026-09-09,0001193125-26-388079,https://www.sec.gov/Archives/edgar/data/1002047/000119312526388079/ownership.xml,derivative,2026-09-09,A,Restricted Stock Unit,1542,,,1542,D,Ahuja Deepak,,true,false,false,,SEC EDGAR
NKE|0000320187-26-000161|nonDerivative|2026-09-08|SWAN ROBERT HOLMES|A|Class B Common Stock|5047|0|D,2026-09-11 04:29:41+0000,NKE,"NIKE, Inc.",0000320187,4,2026-09-10,2026-09-08,0000320187-26-000161,https://www.sec.gov/Archives/edgar/data/320187/000032018726000161/form4.xml,nonDerivative,2026-09-08,A,Class B Common Stock,5047,0,0.0,59025.387,D,SWAN ROBERT HOLMES,Director,1,,,,SEC EDGAR
NKE|0000320187-26-000145|nonDerivative|2026-09-08|PELUSO MICHELLE A|A|Class B Common Stock|5047|0|D,2026-09-11 04:29:41+0000,NKE,"NIKE, Inc.",0000320187,4,2026-09-10,2026-09-08,0000320187-26-000145,https://www.sec.gov/Archives/edgar/data/320187/000032018726000145/form4.xml,nonDerivative,2026-09-08,A,Class B Common Stock,5047,0,0.0,37861,D,PELUSO MICHELLE A,Director,1,,,,SEC EDGAR
NKE|0000320187-26-000167|nonDerivative|2026-09-09|McCartney Philip|S|Class B Common Stock|2559|37.59|D,2026-09-11 04:29:41+0000,NKE,"NIKE, Inc.",0000320187,4,2026-09-10,2026-09-09,0000320187-26-000167,https://www.sec.gov/Archives/edgar/data/320187/000032018726000167/form4.xml,nonDerivative,2026-09-09,S,Class B Common Stock,2559,37.59,96192.81000000001,78120.9272,D,McCartney Philip,"Officer, EVP: CHIEF INN,PROD&DSG OFCR",,1,,"EVP: CHIEF INN,PROD&DSG OFCR",SEC EDGAR
NKE|0000320187-26-000165|nonDerivative|2026-09-09|Leinwand Robert|S|Class B Common Stock|3646|37.59|D,2026-09-11 04:29:41+0000,NKE,"NIKE, Inc.",0000320187,4,2026-09-10,2026-09-09,0000320187-26-000165,https://www.sec.gov/Archives/edgar/data/320187/000032018726000165/form4.xml,nonDerivative,2026-09-09,S,Class B Common Stock,3646,37.59,137053.14,87758.159,D,Leinwand Robert,"Officer, EVP: Chief Legal Officer",,1,,EVP: Chief Legal Officer,SEC EDGAR
NKE|0000320187-26-000159|nonDerivative|2026-07-30|Knight Travis A|G|Class B Common Stock|2850717|0|I,2026-09-11 04:29:41+0000,NKE,"NIKE, Inc.",0000320187,4,2026-09-10,2026-09-08,0000320187-26-000159,https://www.sec.gov/Archives/edgar/data/320187/000032018726000159/form4.xml,nonDerivative,2026-07-30,G,Class B Common Stock,2850717,0,0.0,1954424,I,Knight Travis A,Director,1,,,,SEC EDGAR
NKE|0000320187-26-000159|nonDerivative|2026-07-30|Knight Travis A|G|Class B Common Stock|2850717|0|D,2026-09-11 04:29:41+0000,NKE,"NIKE, Inc.",0000320187,4,2026-09-10,2026-09-08,0000320187-26-000159,https://www.sec.gov/Archives/edgar/data/320187/000032018726000159/form4.xml,nonDerivative,2026-07-30,G,Class B Common Stock,2850717,0,0.0,2884657,D,Knight Travis A,Director,1,,,,SEC EDGAR
NKE|0000320187-26-000159|nonDerivative|2026-09-08|Knight Travis A|A|Class B Common Stock|5047|0|D,2026-09-11 04:29:41+0000,NKE,"NIKE, Inc.",0000320187,4,2026-09-10,2026-09-08,0000320187-26-000159,https://www.sec.gov/Archives/edgar/data/320187/000032018726000159/form4.xml,nonDerivative,2026-09-08,A,Class B Common Stock,5047,0,0.0,2889704,D,Knight Travis A,Director,1,,,,SEC EDGAR
NKE|0000320187-26-000157|nonDerivative|2026-09-08|KNUDSTORP JORGEN VIG|A|Class B Common Stock|5047|0|D,2026-09-11 04:29:41+0000,NKE,"NIKE, Inc.",0000320187,4,2026-09-10,2026-09-08,0000320187-26-000157,https://www.sec.gov/Archives/edgar/data/320187/000032018726000157/form4.xml,nonDerivative,2026-09-08,A,Class B Common Stock,5047,0,0.0,26435,D,KNUDSTORP JORGEN VIG,Director,1,,,,SEC EDGAR
NKE|0000320187-26-000155|nonDerivative|2026-09-08|Henry Peter B.|A|Class B Common Stock|5047|0|D,2026-09-11 04:29:41+0000,NKE,"NIKE, Inc.",0000320187,4,2026-09-10,2026-09-08,0000320187-26-000155,https://www.sec.gov/Archives/edgar/data/320187/000032018726000155/form4.xml,nonDerivative,2026-09-08,A,Class B Common Stock,5047,0,0.0,16146,D,Henry Peter B.,Director,1,,,,SEC EDGAR
NKE|0000320187-26-000153|nonDerivative|2026-09-08|HENRY MARIA|A|Class B Common Stock|5047|0|D,2026-09-11 04:29:41+0000,NKE,"NIKE, Inc.",0000320187,4,2026-09-10,2026-09-08,0000320187-26-000153,https://www.sec.gov/Archives/edgar/data/320187/000032018726000153/form4.xml,nonDerivative,2026-09-08,A,Class B Common Stock,5047,0,0.0,13814,D,HENRY MARIA,Director,1,,,,SEC EDGAR
NKE|0000320187-26-000151|nonDerivative|2026-09-08|Gil Monica|A|Class B Common Stock|5047|0|D,2026-09-11 04:29:41+0000,NKE,"NIKE, Inc.",0000320187,4,2026-09-10,2026-09-08,0000320187-26-000151,https://www.sec.gov/Archives/edgar/data/320187/000032018726000151/form4.xml,nonDerivative,2026-09-08,A,Class B Common Stock,5047,0,0.0,13940,D,Gil Monica,Director,1,,,,SEC EDGAR
NKE|0000320187-26-000149|nonDerivative|2026-09-08|Duckett Thasunda|A|Class B Common Stock|5047|0|D,2026-09-11 04:29:41+0000,NKE,"NIKE, Inc.",0000320187,4,2026-09-10,2026-09-08,0000320187-26-000149,https://www.sec.gov/Archives/edgar/data/320187/000032018726000149/form4.xml,nonDerivative,2026-09-08,A,Class B Common Stock,5047,0,0.0,18636,D,Duckett Thasunda,Director,1,,,,SEC EDGAR
NKE|0000320187-26-000147|nonDerivative|2026-09-08|COOK TIMOTHY D|A|Class B Common Stock|5047|0|D,2026-09-11 04:29:41+0000,NKE,"NIKE, Inc.",0000320187,4,2026-09-10,2026-09-08,0000320187-26-000147,https://www.sec.gov/Archives/edgar/data/320187/000032018726000147/form4.xml,nonDerivative,2026-09-08,A,Class B Common Stock,5047,0,0.0,135527,D,COOK TIMOTHY D,Director,1,,,,SEC EDGAR
NKE|0000320187-26-000163|nonDerivative|2026-09-09|Alagirisamy Venkatesh|S|Class B Common Stock|3671|37.59|D,2026-09-11 04:29:41+0000,NKE,"NIKE, Inc.",0000320187,4,2026-09-10,2026-09-09,0000320187-26-000163,https://www.sec.gov/Archives/edgar/data/320187/000032018726000163/form4.xml,nonDerivative,2026-09-09,S,Class B Common Stock,3671,37.59,137992.89,104861.9272,D,Alagirisamy Venkatesh,"Officer, EVP: CHIEF OPERATING OFFICER",,1,,EVP: CHIEF OPERATING OFFICER,SEC EDGAR
NFLX|0001065280-26-000271|nonDerivative|2026-09-09|BARTON RICHARD N|M|Common Stock|230|20.107|D,2026-09-11 04:29:41+0000,NFLX,NETFLIX INC,0001065280,4,2026-09-10,2026-09-09,0001065280-26-000271,https://www.sec.gov/Archives/edgar/data/1065280/000106528026000271/wk-form4_1789085087.xml,nonDerivative,2026-09-09,M,Common Stock,230,20.107,4624.61,2690,D,BARTON RICHARD N,Director,1,0,0,,SEC EDGAR
NFLX|0001065280-26-000271|nonDerivative|2026-09-09|BARTON RICHARD N|M|Common Stock|490|26.507|D,2026-09-11 04:29:41+0000,NFLX,NETFLIX INC,0001065280,4,2026-09-10,2026-09-09,0001065280-26-000271,https://www.sec.gov/Archives/edgar/data/1065280/000106528026000271/wk-form4_1789085087.xml,nonDerivative,2026-09-09,M,Common Stock,490,26.507,12988.43,3180,D,BARTON RICHARD N,Director,1,0,0,,SEC EDGAR
NFLX|0001065280-26-000271|nonDerivative|2026-09-09|BARTON RICHARD N|S|Common Stock|720|76.26|D,2026-09-11 04:29:41+0000,NFLX,NETFLIX INC,0001065280,4,2026-09-10,2026-09-09,0001065280-26-000271,https://www.sec.gov/Archives/edgar/data/1065280/000106528026000271/wk-form4_1789085087.xml,nonDerivative,2026-09-09,S,Common Stock,720,76.26,54907.200000000004,2460,D,BARTON RICHARD N,Director,1,0,0,,SEC EDGAR
NFLX|0001065280-26-000271|nonDerivative|2026-09-10|BARTON RICHARD N|M|Common Stock|720|26.507|D,2026-09-11 04:29:41+0000,NFLX,NETFLIX INC,0001065280,4,2026-09-10,2026-09-09,0001065280-26-000271,https://www.sec.gov/Archives/edgar/data/1065280/000106528026000271/wk-form4_1789085087.xml,nonDerivative,2026-09-10,M,Common Stock,720,26.507,19085.04,3180,D,BARTON RICHARD N,Director,1,0,0,,SEC EDGAR
NFLX|0001065280-26-000271|nonDerivative|2026-09-10|BARTON RICHARD N|S|Common Stock|720|75.27|D,2026-09-11 04:29:41+0000,NFLX,NETFLIX INC,0001065280,4,2026-09-10,2026-09-09,0001065280-26-000271,https://www.sec.gov/Archives/edgar/data/1065280/000106528026000271/wk-form4_1789085087.xml,nonDerivative,2026-09-10,S,Common Stock,720,75.27,54194.399999999994,2460,D,BARTON RICHARD N,Director,1,0,0,,SEC EDGAR
NFLX|0001065280-26-000271|derivative|2026-09-09|BARTON RICHARD N|M|Non-Qualified Stock Option (right to buy)|230|0|D,2026-09-11 04:29:41+0000,NFLX,NETFLIX INC,0001065280,4,2026-09-10,2026-09-09,0001065280-26-000271,https://www.sec.gov/Archives/edgar/data/1065280/000106528026000271/wk-form4_1789085087.xml,derivative,2026-09-09,M,Non-Qualified Stock Option (right to buy),230,0,0.0,0,D,BARTON RICHARD N,Director,1,0,0,,SEC EDGAR
NFLX|0001065280-26-000271|derivative|2026-09-09|BARTON RICHARD N|M|Non-Qualified Stock Option (right to buy)|490|0|D,2026-09-11 04:29:41+0000,NFLX,NETFLIX INC,0001065280,4,2026-09-10,2026-09-09,0001065280-26-000271,https://www.sec.gov/Archives/edgar/data/1065280/000106528026000271/wk-form4_1789085087.xml,derivative,2026-09-09,M,Non-Qualified Stock Option (right to buy),490,0,0.0,1870,D,BARTON RICHARD N,Director,1,0,0,,SEC EDGAR
NFLX|0001065280-26-000271|derivative|2026-09-10|BARTON RICHARD N|M|Non-Qualified Stock Option (right to buy)|720|0|D,2026-09-11 04:29:41+0000,NFLX,NETFLIX INC,0001065280,4,2026-09-10,2026-09-09,0001065280-26-000271,https://www.sec.gov/Archives/edgar/data/1065280/000106528026000271/wk-form4_1789085087.xml,derivative,2026-09-10,M,Non-Qualified Stock Option (right to buy),720,0,0.0,1150,D,BARTON RICHARD N,Director,1,0,0,,SEC EDGAR
MSFT|0000789019-26-000188|nonDerivative|2026-09-09|SMITH BRADFORD L|G|Common Stock|14000|0|D,2026-09-11 04:29:41+0000,MSFT,MICROSOFT CORP,0000789019,4,2026-09-10,2026-09-09,0000789019-26-000188,https://www.sec.gov/Archives/edgar/data/789019/000078901926000188/form4.xml,nonDerivative,2026-09-09,G,Common Stock,14000,0,0.0,444716.2944,D,SMITH BRADFORD L,"Officer, Vice Chair and President",0,1,0,Vice Chair and President,SEC EDGAR
META|0000950103-26-013794|nonDerivative|2026-09-08|Olivan Javier|S|Class A Common Stock|258|612.9883|D,2026-09-11 04:29:41+0000,META,"Meta Platforms, Inc.",0001326801,4,2026-09-10,2026-09-08,0000950103-26-013794,https://www.sec.gov/Archives/edgar/data/1326801/000095010326013794/ownership.xml,nonDerivative,2026-09-08,S,Class A Common Stock,258,612.9883,158150.9814,14242,D,Olivan Javier,"Officer, Chief Operating Officer",0,1,0,Chief Operating Officer,SEC EDGAR
META|0000950103-26-013794|nonDerivative|2026-09-08|Olivan Javier|S|Class A Common Stock|117|614.2163|D,2026-09-11 04:29:41+0000,META,"Meta Platforms, Inc.",0001326801,4,2026-09-10,2026-09-08,0000950103-26-013794,https://www.sec.gov/Archives/edgar/data/1326801/000095010326013794/ownership.xml,nonDerivative,2026-09-08,S,Class A Common Stock,117,614.2163,71863.3071,14125,D,Olivan Javier,"Officer, Chief Operating Officer",0,1,0,Chief Operating Officer,SEC EDGAR
META|0000950103-26-013794|nonDerivative|2026-09-08|Olivan Javier|S|Class A Common Stock|262|615.2329|D,2026-09-11 04:29:41+0000,META,"Meta Platforms, Inc.",0001326801,4,2026-09-10,2026-09-08,0000950103-26-013794,https://www.sec.gov/Archives/edgar/data/1326801/000095010326013794/ownership.xml,nonDerivative,2026-09-08,S,Class A Common Stock,262,615.2329,161191.01979999998,13863,D,Olivan Javier,"Officer, Chief Operating Officer",0,1,0,Chief Operating Officer,SEC EDGAR
META|0000950103-26-013794|nonDerivative|2026-09-08|Olivan Javier|S|Class A Common Stock|855|616.3211|D,2026-09-11 04:29:41+0000,META,"Meta Platforms, Inc.",0001326801,4,2026-09-10,2026-09-08,0000950103-26-013794,https://www.sec.gov/Archives/edgar/data/1326801/000095010326013794/ownership.xml,nonDerivative,2026-09-08,S,Class A Common Stock,855,616.3211,526954.5405,13008,D,Olivan Javier,"Officer, Chief Operating Officer",0,1,0,Chief Operating Officer,SEC EDGAR
META|0000950103-26-013794|nonDerivative|2026-09-08|Olivan Javier|S|Class A Common Stock|555|617.2823|D,2026-09-11 04:29:41+0000,META,"Meta Platforms, Inc.",0001326801,4,2026-09-10,2026-09-08,0000950103-26-013794,https://www.sec.gov/Archives/edgar/data/1326801/000095010326013794/ownership.xml,nonDerivative,2026-09-08,S,Class A Common Stock,555,617.2823,342591.6765,12453,D,Olivan Javier,"Officer, Chief Operating Officer",0,1,0,Chief Operating Officer,SEC EDGAR
META|0000950103-26-013794|nonDerivative|2026-09-08|Olivan Javier|S|Class A Common Stock|529|618.1840|D,2026-09-11 04:29:41+0000,META,"Meta Platforms, Inc.",0001326801,4,2026-09-10,2026-09-08,0000950103-26-013794,https://www.sec.gov/Archives/edgar/data/1326801/000095010326013794/ownership.xml,nonDerivative,2026-09-08,S,Class A Common Stock,529,618.1840,327019.336,11924,D,Olivan Javier,"Officer, Chief Operating Officer",0,1,0,Chief Operating Officer,SEC EDGAR
META|0000950103-26-013794|nonDerivative|2026-09-08|Olivan Javier|S|Class A Common Stock|120|618.93|D,2026-09-11 04:29:41+0000,META,"Meta Platforms, Inc.",0001326801,4,2026-09-10,2026-09-08,0000950103-26-013794,https://www.sec.gov/Archives/edgar/data/1326801/000095010326013794/ownership.xml,nonDerivative,2026-09-08,S,Class A Common Stock,120,618.93,74271.59999999999,11804,D,Olivan Javier,"Officer, Chief Operating Officer",0,1,0,Chief Operating Officer,SEC EDGAR
META|0000950103-26-013794|nonDerivative|2026-09-08|Olivan Javier|S|Class A Common Stock|78|620.3697|D,2026-09-11 04:29:41+0000,META,"Meta Platforms, Inc.",0001326801,4,2026-09-10,2026-09-08,0000950103-26-013794,https://www.sec.gov/Archives/edgar/data/1326801/000095010326013794/ownership.xml,nonDerivative,2026-09-08,S,Class A Common Stock,78,620.3697,48388.836599999995,11726,D,Olivan Javier,"Officer, Chief Operating Officer",0,1,0,Chief Operating Officer,SEC EDGAR
META|0000950103-26-013794|nonDerivative|2026-09-08|Olivan Javier|S|Class A Common Stock|40|621.0300|D,2026-09-11 04:29:41+0000,META,"Meta Platforms, Inc.",0001326801,4,2026-09-10,2026-09-08,0000950103-26-013794,https://www.sec.gov/Archives/edgar/data/1326801/000095010326013794/ownership.xml,nonDerivative,2026-09-08,S,Class A Common Stock,40,621.0300,24841.199999999997,11686,D,Olivan Javier,"Officer, Chief Operating Officer",0,1,0,Chief Operating Officer,SEC EDGAR
META|0000950103-26-013794|nonDerivative|2026-09-08|Olivan Javier|S|Class A Common Stock|24|622.9900|D,2026-09-11 04:29:41+0000,META,"Meta Platforms, Inc.",0001326801,4,2026-09-10,2026-09-08,0000950103-26-013794,https://www.sec.gov/Archives/edgar/data/1326801/000095010326013794/ownership.xml,nonDerivative,2026-09-08,S,Class A Common Stock,24,622.9900,14951.76,11662,D,Olivan Javier,"Officer, Chief Operating Officer",0,1,0,Chief Operating Officer,SEC EDGAR
META|0000950103-26-013794|nonDerivative|2026-09-08|Olivan Javier|S|Class A Common Stock|328|616.06|I,2026-09-11 04:29:41+0000,META,"Meta Platforms, Inc.",0001326801,4,2026-09-10,2026-09-08,0000950103-26-013794,https://www.sec.gov/Archives/edgar/data/1326801/000095010326013794/ownership.xml,nonDerivative,2026-09-08,S,Class A Common Stock,328,616.06,202067.68,6162,I,Olivan Javier,"Officer, Chief Operating Officer",0,1,0,Chief Operating Officer,SEC EDGAR
META|0000950103-26-013794|nonDerivative|2026-09-08|Olivan Javier|S|Class A Common Stock|228|616.06|I,2026-09-11 04:29:41+0000,META,"Meta Platforms, Inc.",0001326801,4,2026-09-10,2026-09-08,0000950103-26-013794,https://www.sec.gov/Archives/edgar/data/1326801/000095010326013794/ownership.xml,nonDerivative,2026-09-08,S,Class A Common Stock,228,616.06,140461.68,1289,I,Olivan Javier,"Officer, Chief Operating Officer",0,1,0,Chief Operating Officer,SEC EDGAR
META|0000950103-26-013794|nonDerivative|2026-09-08|Olivan Javier|S|Class A Common Stock|52|612.2056|I,2026-09-11 04:29:41+0000,META,"Meta Platforms, Inc.",0001326801,4,2026-09-10,2026-09-08,0000950103-26-013794,https://www.sec.gov/Archives/edgar/data/1326801/000095010326013794/ownership.xml,nonDerivative,2026-09-08,S,Class A Common Stock,52,612.2056,31834.6912,79833,I,Olivan Javier,"Officer, Chief Operating Officer",0,1,0,Chief Operating Officer,SEC EDGAR
META|0000950103-26-013794|nonDerivative|2026-09-08|Olivan Javier|S|Class A Common Stock|40|613.296|I,2026-09-11 04:29:41+0000,META,"Meta Platforms, Inc.",0001326801,4,2026-09-10,2026-09-08,0000950103-26-013794,https://www.sec.gov/Archives/edgar/data/1326801/000095010326013794/ownership.xml,nonDerivative,2026-09-08,S,Class A Common Stock,40,613.296,24531.840000000004,79793,I,Olivan Javier,"Officer, Chief Operating Officer",0,1,0,Chief Operating Officer,SEC EDGAR
META|0000950103-26-013794|nonDerivative|2026-09-08|Olivan Javier|S|Class A Common Stock|200|614.49|I,2026-09-11 04:29:41+0000,META,"Meta Platforms, Inc.",0001326801,4,2026-09-10,2026-09-08,0000950103-26-013794,https://www.sec.gov/Archives/edgar/data/1326801/000095010326013794/ownership.xml,nonDerivative,2026-09-08,S,Class A Common Stock,200,614.49,122898.0,79593,I,Olivan Javier,"Officer, Chief Operating Officer",0,1,0,Chief Operating Officer,SEC EDGAR
META|0000950103-26-013794|nonDerivative|2026-09-08|Olivan Javier|S|Class A Common Stock|354|615.879|I,2026-09-11 04:29:41+0000,META,"Meta Platforms, Inc.",0001326801,4,2026-09-10,2026-09-08,0000950103-26-013794,https://www.sec.gov/Archives/edgar/data/1326801/000095010326013794/ownership.xml,nonDerivative,2026-09-08,S,Class A Common Stock,354,615.879,218021.166,79239,I,Olivan Javier,"Officer, Chief Operating Officer",0,1,0,Chief Operating Officer,SEC EDGAR
META|0000950103-26-013794|nonDerivative|2026-09-08|Olivan Javier|S|Class A Common Stock|473|616.7869|I,2026-09-11 04:29:41+0000,META,"Meta Platforms, Inc.",0001326801,4,2026-09-10,2026-09-08,0000950103-26-013794,https://www.sec.gov/Archives/edgar/data/1326801/000095010326013794/ownership.xml,nonDerivative,2026-09-08,S,Class A Common Stock,473,616.7869,291740.20369999995,78766,I,Olivan Javier,"Officer, Chief Operating Officer",0,1,0,Chief Operating Officer,SEC EDGAR
META|0000950103-26-013794|nonDerivative|2026-09-08|Olivan Javier|S|Class A Common Stock|304|618.0049|I,2026-09-11 04:29:41+0000,META,"Meta Platforms, Inc.",0001326801,4,2026-09-10,2026-09-08,0000950103-26-013794,https://www.sec.gov/Archives/edgar/data/1326801/000095010326013794/ownership.xml,nonDerivative,2026-09-08,S,Class A Common Stock,304,618.0049,187873.4896,78462,I,Olivan Javier,"Officer, Chief Operating Officer",0,1,0,Chief Operating Officer,SEC EDGAR
META|0000950103-26-013794|nonDerivative|2026-09-08|Olivan Javier|S|Class A Common Stock|157|619.11|I,2026-09-11 04:29:41+0000,META,"Meta Platforms, Inc.",0001326801,4,2026-09-10,2026-09-08,0000950103-26-013794,https://www.sec.gov/Archives/edgar/data/1326801/000095010326013794/ownership.xml,nonDerivative,2026-09-08,S,Class A Common Stock,157,619.11,97200.27,78305,I,Olivan Javier,"Officer, Chief Operating Officer",0,1,0,Chief Operating Officer,SEC EDGAR
META|0000950103-26-013794|nonDerivative|2026-09-08|Olivan Javier|S|Class A Common Stock|52|620.2669|I,2026-09-11 04:29:41+0000,META,"Meta Platforms, Inc.",0001326801,4,2026-09-10,2026-09-08,0000950103-26-013794,https://www.sec.gov/Archives/edgar/data/1326801/000095010326013794/ownership.xml,nonDerivative,2026-09-08,S,Class A Common Stock,52,620.2669,32253.8788,78253,I,Olivan Javier,"Officer, Chief Operating Officer",0,1,0,Chief Operating Officer,SEC EDGAR
MET|0001714199-26-000011|nonDerivative|2026-09-08|TADROS RAMY|A|Common Stock|115|95.50|D,2026-09-11 04:29:41+0000,MET,METLIFE INC,0001099219,4,2026-09-10,2026-09-08,0001714199-26-000011,https://www.sec.gov/Archives/edgar/data/1099219/000171419926000011/wk-form4_1789070562.xml,nonDerivative,2026-09-08,A,Common Stock,115,95.50,10982.5,212695,D,TADROS RAMY,"Officer, President, U.S. Business",0,1,0,"President, U.S. Business",SEC EDGAR
MET|0002066326-26-000013|nonDerivative|2026-09-08|Mumenthaler Christian Stephane|A|Common  Stock|21|95.50|D,2026-09-11 04:29:41+0000,MET,METLIFE INC,0001099219,4,2026-09-10,2026-09-08,0002066326-26-000013,https://www.sec.gov/Archives/edgar/data/1099219/000206632626000013/wk-form4_1789070551.xml,nonDerivative,2026-09-08,A,Common  Stock,21,95.50,2005.5,3474,D,Mumenthaler Christian Stephane,Director,1,0,0,,SEC EDGAR
MET|0001754648-26-000013|nonDerivative|2026-09-08|MCKENZIE DIANA|A|Common Stock|157|95.50|D,2026-09-11 04:29:41+0000,MET,METLIFE INC,0001099219,4,2026-09-10,2026-09-08,0001754648-26-000013,https://www.sec.gov/Archives/edgar/data/1099219/000175464826000013/wk-form4_1789070521.xml,nonDerivative,2026-09-08,A,Common Stock,157,95.50,14993.5,25385,D,MCKENZIE DIANA,Director,1,0,0,,SEC EDGAR
MET|0001198236-26-000013|nonDerivative|2026-09-08|Kennard William E|A|Common Stock|294|95.50|D,2026-09-11 04:29:41+0000,MET,METLIFE INC,0001099219,4,2026-09-10,2026-09-08,0001198236-26-000013,https://www.sec.gov/Archives/edgar/data/1099219/000119823626000013/wk-form4_1789070557.xml,nonDerivative,2026-09-08,A,Common Stock,294,95.50,28077.0,47704,D,Kennard William E,Director,1,0,0,,SEC EDGAR
MET|0001707516-26-000013|nonDerivative|2026-09-08|Johnson Jeh C.|A|Common Stock|59|95.50|D,2026-09-11 04:29:41+0000,MET,METLIFE INC,0001099219,4,2026-09-10,2026-09-08,0001707516-26-000013,https://www.sec.gov/Archives/edgar/data/1099219/000170751626000013/wk-form4_1789070527.xml,nonDerivative,2026-09-08,A,Common Stock,59,95.50,5634.5,9557,D,Johnson Jeh C.,Director,1,0,0,,SEC EDGAR
MET|0002013372-26-000014|nonDerivative|2026-09-08|Hay Laura J|A|Common  Stock|39|95.50|D,2026-09-11 04:29:41+0000,MET,METLIFE INC,0001099219,4,2026-09-10,2026-09-08,0002013372-26-000014,https://www.sec.gov/Archives/edgar/data/1099219/000201337226000014/wk-form4_1789070545.xml,nonDerivative,2026-09-08,A,Common  Stock,39,95.50,3724.5,6357,D,Hay Laura J,Director,1,0,0,,SEC EDGAR
MET|0001707351-26-000020|nonDerivative|2026-09-08|Harris Carla A|A|Common Stock|42|95.50|D,2026-09-11 04:29:41+0000,MET,METLIFE INC,0001099219,4,2026-09-10,2026-09-08,0001707351-26-000020,https://www.sec.gov/Archives/edgar/data/1099219/000170735126000020/wk-form4_1789070540.xml,nonDerivative,2026-09-08,A,Common Stock,42,95.50,4011.0,11157,D,Harris Carla A,Director,1,0,0,,SEC EDGAR
MET|0001283051-26-000013|nonDerivative|2026-09-08|HUBBARD ROBERT GLENN|A|Common Stock|618|95.50|D,2026-09-11 04:29:41+0000,MET,METLIFE INC,0001099219,4,2026-09-10,2026-09-08,0001283051-26-000013,https://www.sec.gov/Archives/edgar/data/1099219/000128305126000013/wk-form4_1789070532.xml,nonDerivative,2026-09-08,A,Common Stock,618,95.50,59019.0,108191,D,HUBBARD ROBERT GLENN,Director,1,0,0,,SEC EDGAR
MET|0001420864-26-000022|nonDerivative|2026-09-08|Glaser Daniel S|A|Common  Stock|10|95.50|D,2026-09-11 04:29:41+0000,MET,METLIFE INC,0001099219,4,2026-09-10,2026-09-08,0001420864-26-000022,https://www.sec.gov/Archives/edgar/data/1099219/000142086426000022/wk-form4_1789070515.xml,nonDerivative,2026-09-08,A,Common  Stock,10,95.50,955.0,2705,D,Glaser Daniel S,Director,1,0,0,,SEC EDGAR
MCK|0000927653-26-000249|nonDerivative|2026-09-08|Rutledge Napoleon B JR|S|Common Stock|111|891.45|D,2026-09-11 04:29:41+0000,MCK,MCKESSON CORP,0000927653,4,2026-09-10,2026-09-08,0000927653-26-000249,https://www.sec.gov/Archives/edgar/data/927653/000092765326000249/form4.xml,nonDerivative,2026-09-08,S,Common Stock,111,891.45,98950.95000000001,521,D,Rutledge Napoleon B JR,"Officer, SVP, Controller & CAO",0,1,0,"SVP, Controller & CAO",SEC EDGAR
MAR|0001225208-26-007732|nonDerivative|2026-09-08|Marriott Juliana B.|J|Class A Common Stock|2000000.0000|0.0000|I,2026-09-11 04:29:41+0000,MAR,MARRIOTT INTERNATIONAL INC /MD/,0001048286,4,2026-09-10,2026-09-08,0001225208-26-007732,https://www.sec.gov/Archives/edgar/data/1048286/000122520826007732/doc4.xml,nonDerivative,2026-09-08,J,Class A Common Stock,2000000.0000,0.0000,0.0,20027118.0000,I,Marriott Juliana B.,,,,,,SEC EDGAR
MAR|0001225208-26-007735|nonDerivative|2026-09-08|Marriott David S|J|Class A Common Stock|2000000.0000|0.0000|I,2026-09-11 04:29:41+0000,MAR,MARRIOTT INTERNATIONAL INC /MD/,0001048286,4,2026-09-10,2026-09-08,0001225208-26-007735,https://www.sec.gov/Archives/edgar/data/1048286/000122520826007735/doc4.xml,nonDerivative,2026-09-08,J,Class A Common Stock,2000000.0000,0.0000,0.0,20027118.0000,I,Marriott David S,Director,1,,,,SEC EDGAR
MAR|0001225208-26-007733|nonDerivative|2026-09-08|Juliana B. Marriott Marital Trust|J|Class A Common Stock|2000000.0000|0.0000|I,2026-09-11 04:29:41+0000,MAR,MARRIOTT INTERNATIONAL INC /MD/,0001048286,4,2026-09-10,2026-09-08,0001225208-26-007733,https://www.sec.gov/Archives/edgar/data/1048286/000122520826007733/doc4.xml,nonDerivative,2026-09-08,J,Class A Common Stock,2000000.0000,0.0000,0.0,20027118.0000,I,Juliana B. Marriott Marital Trust,,,,,,SEC EDGAR
MAR|0001225208-26-007734|nonDerivative|2026-09-08|Harrison Deborah Marriott|J|Class A Common Stock|2000000.0000|0.0000|I,2026-09-11 04:29:41+0000,MAR,MARRIOTT INTERNATIONAL INC /MD/,0001048286,4,2026-09-10,2026-09-08,0001225208-26-007734,https://www.sec.gov/Archives/edgar/data/1048286/000122520826007734/doc4.xml,nonDerivative,2026-09-08,J,Class A Common Stock,2000000.0000,0.0000,0.0,20027118.0000,I,Harrison Deborah Marriott,Director,1,,,,SEC EDGAR
LRCX|0001405693-26-000011|nonDerivative|2026-09-09|Mayer Bethany|S|Common Stock|9557|314.74|I,2026-09-11 04:29:41+0000,LRCX,LAM RESEARCH CORP,0000707549,4,2026-09-10,2026-09-09,0001405693-26-000011,https://www.sec.gov/Archives/edgar/data/707549/000140569326000011/wk-form4_1789059862.xml,nonDerivative,2026-09-09,S,Common Stock,9557,314.74,3007970.18,20995,I,Mayer Bethany,Director,1,0,0,,SEC EDGAR
LRCX|0001343600-26-000013|nonDerivative|2026-09-09|ARCHER TIMOTHY|M|Common Stock|30000|30.033|D,2026-09-11 04:29:41+0000,LRCX,LAM RESEARCH CORP,0000707549,4,2026-09-10,2026-09-09,0001343600-26-000013,https://www.sec.gov/Archives/edgar/data/707549/000134360026000013/wk-form4_1789059918.xml,nonDerivative,2026-09-09,M,Common Stock,30000,30.033,900990.0,1105966,D,ARCHER TIMOTHY,"Officer, President and CEO",0,1,0,President and CEO,SEC EDGAR
LRCX|0001343600-26-000013|nonDerivative|2026-09-09|ARCHER TIMOTHY|S|Common Stock|30000|319.26|D,2026-09-11 04:29:41+0000,LRCX,LAM RESEARCH CORP,0000707549,4,2026-09-10,2026-09-09,0001343600-26-000013,https://www.sec.gov/Archives/edgar/data/707549/000134360026000013/wk-form4_1789059918.xml,nonDerivative,2026-09-09,S,Common Stock,30000,319.26,9577800.0,1075966,D,ARCHER TIMOTHY,"Officer, President and CEO",0,1,0,President and CEO,SEC EDGAR
LRCX|0001343600-26-000013|derivative|2026-09-09|ARCHER TIMOTHY|M|Employee Stock Option (Right to Buy)|30000|0|D,2026-09-11 04:29:41+0000,LRCX,LAM RESEARCH CORP,0000707549,4,2026-09-10,2026-09-09,0001343600-26-000013,https://www.sec.gov/Archives/edgar/data/707549/000134360026000013/wk-form4_1789059918.xml,derivative,2026-09-09,M,Employee Stock Option (Right to Buy),30000,0,0.0,31400,D,ARCHER TIMOTHY,"Officer, President and CEO",0,1,0,President and CEO,SEC EDGAR
KKR|0001140361-26-036220|nonDerivative|2026-09-08|BAE JOSEPH Y|G|Common Stock|122403|0|D,2026-09-11 04:29:41+0000,KKR,KKR & Co. Inc.,0001404912,4,2026-09-10,2026-09-08,0001140361-26-036220,https://www.sec.gov/Archives/edgar/data/1404912/000114036126036220/form4.xml,nonDerivative,2026-09-08,G,Common Stock,122403,0,0.0,2211701,D,BAE JOSEPH Y,Co-Chief Executive Officer,true,true,,Co-Chief Executive Officer,SEC EDGAR
KKR|0001140361-26-036220|nonDerivative|2026-09-08|BAE JOSEPH Y|G|Common Stock|345849|0|I,2026-09-11 04:29:41+0000,KKR,KKR & Co. Inc.,0001404912,4,2026-09-10,2026-09-08,0001140361-26-036220,https://www.sec.gov/Archives/edgar/data/1404912/000114036126036220/form4.xml,nonDerivative,2026-09-08,G,Common Stock,345849,0,0.0,1607053,I,BAE JOSEPH Y,Co-Chief Executive Officer,true,true,,Co-Chief Executive Officer,SEC EDGAR
KDP|0001587484-26-000004|nonDerivative|2026-09-08|DeNooyer Mary Beth|S|Common Stock|12000|32.55|D,2026-09-11 04:29:41+0000,KDP,Keurig Dr Pepper Inc.,0001418135,4,2026-09-10,2026-09-08,0001587484-26-000004,https://www.sec.gov/Archives/edgar/data/1418135/000158748426000004/wk-form4_1789076957.xml,nonDerivative,2026-09-08,S,Common Stock,12000,32.55,390599.99999999994,84171,D,DeNooyer Mary Beth,"Officer, Chief Human Resources Officer",0,1,0,Chief Human Resources Officer,SEC EDGAR
KDP|0001587484-26-000004|nonDerivative|2026-09-09|DeNooyer Mary Beth|S|Common Stock|12000|32.30|D,2026-09-11 04:29:41+0000,KDP,Keurig Dr Pepper Inc.,0001418135,4,2026-09-10,2026-09-08,0001587484-26-000004,https://www.sec.gov/Archives/edgar/data/1418135/000158748426000004/wk-form4_1789076957.xml,nonDerivative,2026-09-09,S,Common Stock,12000,32.30,387599.99999999994,72171,D,DeNooyer Mary Beth,"Officer, Chief Human Resources Officer",0,1,0,Chief Human Resources Officer,SEC EDGAR
JPM|0001225208-26-007727|nonDerivative|2026-09-10|Leopold Robin|S|Common Stock|2500.0000|352.8106|D,2026-09-11 04:29:41+0000,JPM,JPMORGAN CHASE & CO,0000019617,4,2026-09-10,2026-09-10,0001225208-26-007727,https://www.sec.gov/Archives/edgar/data/19617/000122520826007727/doc4.xml,nonDerivative,2026-09-10,S,Common Stock,2500.0000,352.8106,882026.5,71047.0000,D,Leopold Robin,"Officer, Head of Human Resources",,1,,Head of Human Resources,SEC EDGAR
JNJ|0000200406-26-000184|derivative|2026-09-08|Woods Eugene A.|A|Deferred Share Units|135.717|276.31|D,2026-09-11 04:29:41+0000,JNJ,JOHNSON & JOHNSON,0000200406,4,2026-09-10,2026-09-08,0000200406-26-000184,https://www.sec.gov/Archives/edgar/data/200406/000020040626000184/wk-form4_1789087843.xml,derivative,2026-09-08,A,Deferred Share Units,135.717,276.31,37499.964270000004,6578.771,D,Woods Eugene A.,Director,1,0,0,,SEC EDGAR
JNJ|0000200406-26-000185|derivative|2026-09-08|Pinto Daniel E|A|Deferred Share Units|113.098|276.31|D,2026-09-11 04:29:41+0000,JNJ,JOHNSON & JOHNSON,0000200406,4,2026-09-10,2026-09-08,0000200406-26-000185,https://www.sec.gov/Archives/edgar/data/200406/000020040626000185/wk-form4_1789087875.xml,derivative,2026-09-08,A,Deferred Share Units,113.098,276.31,31250.10838,2445.177,D,Pinto Daniel E,Director,1,0,0,,SEC EDGAR
JNJ|0000200406-26-000183|derivative|2026-09-08|HEWSON MARILLYN A|A|Deferred Share Units|180.956|276.31|D,2026-09-11 04:29:41+0000,JNJ,JOHNSON & JOHNSON,0000200406,4,2026-09-10,2026-09-08,0000200406-26-000183,https://www.sec.gov/Archives/edgar/data/200406/000020040626000183/wk-form4_1789087809.xml,derivative,2026-09-08,A,Deferred Share Units,180.956,276.31,49999.952359999996,16049.417,D,HEWSON MARILLYN A,Director,1,0,0,,SEC EDGAR
IVZ|0001407922-26-000007|nonDerivative|2026-09-08|Lo Andrew Tak Shing|S|Common Shares|42530|32.845|D,2026-09-11 04:29:41+0000,IVZ,Invesco Ltd.,0000914208,4,2026-09-10,2026-09-08,0001407922-26-000007,https://www.sec.gov/Archives/edgar/data/914208/000140792226000007/wk-form4_1789063372.xml,nonDerivative,2026-09-08,S,Common Shares,42530,32.845,1396897.8499999999,913317,D,Lo Andrew Tak Shing,"Officer, Senior Managing Director",0,1,0,Senior Managing Director,SEC EDGAR
IVZ|0001407922-26-000007|nonDerivative|2026-09-09|Lo Andrew Tak Shing|S|Common Shares|100840|32.20|D,2026-09-11 04:29:41+0000,IVZ,Invesco Ltd.,0000914208,4,2026-09-10,2026-09-08,0001407922-26-000007,https://www.sec.gov/Archives/edgar/data/914208/000140792226000007/wk-form4_1789063372.xml,nonDerivative,2026-09-09,S,Common Shares,100840,32.20,3247048.0000000005,812477,D,Lo Andrew Tak Shing,"Officer, Senior Managing Director",0,1,0,Senior Managing Director,SEC EDGAR
IVZ|0001965994-26-000006|nonDerivative|2026-09-09|Butcher Stephanie|S|Common Shares|45095|32.2825|D,2026-09-11 04:29:41+0000,IVZ,Invesco Ltd.,0000914208,4,2026-09-10,2026-09-09,0001965994-26-000006,https://www.sec.gov/Archives/edgar/data/914208/000196599426000006/wk-form4_1789063223.xml,nonDerivative,2026-09-09,S,Common Shares,45095,32.2825,1455779.3375,10205,D,Butcher Stephanie,"Officer, Senior Managing Director",0,1,0,Senior Managing Director,SEC EDGAR
HOOD|0001817425-26-000012|nonDerivative|2026-09-08|Treseder Oluwadara Johnson|S|Class A Common Stock|1875|125|D,2026-09-11 04:29:41+0000,HOOD,"Robinhood Markets, Inc.",0001783879,4,2026-09-10,2026-09-08,0001817425-26-000012,https://www.sec.gov/Archives/edgar/data/1783879/000181742526000012/wk-form4_1789074490.xml,nonDerivative,2026-09-08,S,Class A Common Stock,1875,125,234375.0,70567,D,Treseder Oluwadara Johnson,Director,1,0,0,,SEC EDGAR
GPC|0001422164-26-000004|nonDerivative|2026-09-08|CARRUTHERS COURT D|A|Common Stock|11935|0|D,2026-09-11 04:29:41+0000,GPC,GENUINE PARTS CO,0000040987,4,2026-09-10,2026-09-08,0001422164-26-000004,https://www.sec.gov/Archives/edgar/data/40987/000142216426000004/wk-form4_1789067591.xml,nonDerivative,2026-09-08,A,Common Stock,11935,0,0.0,11935,D,CARRUTHERS COURT D,Director,1,0,0,,SEC EDGAR
GPC|0001422164-26-000004|nonDerivative|2026-09-08|CARRUTHERS COURT D|A|Common Stock|29838|0|D,2026-09-11 04:29:41+0000,GPC,GENUINE PARTS CO,0000040987,4,2026-09-10,2026-09-08,0001422164-26-000004,https://www.sec.gov/Archives/edgar/data/40987/000142216426000004/wk-form4_1789067591.xml,nonDerivative,2026-09-08,A,Common Stock,29838,0,0.0,41773,D,CARRUTHERS COURT D,Director,1,0,0,,SEC EDGAR
GD|0001193125-26-387811|nonDerivative|2026-09-08|Rayha Mark|F|Common Stock|19|358.07|D,2026-09-11 04:29:41+0000,GD,GENERAL DYNAMICS CORP,0000040533,4,2026-09-10,2026-09-08,0001193125-26-387811,https://www.sec.gov/Archives/edgar/data/40533/000119312526387811/ownership.xml,nonDerivative,2026-09-08,F,Common Stock,19,358.07,6803.33,10403,D,Rayha Mark,Vice President,false,true,false,Vice President,SEC EDGAR
EL|0001145766-26-000006|nonDerivative|2026-09-09|BARSHEFSKY CHARLENE|M|Class A Common Stock|4697|78.36|I,2026-09-11 04:29:41+0000,EL,ESTEE LAUDER COMPANIES INC,0001001250,4,2026-09-10,2026-09-09,0001145766-26-000006,https://www.sec.gov/Archives/edgar/data/1001250/000114576626000006/wk-form4_1789072956.xml,nonDerivative,2026-09-09,M,Class A Common Stock,4697,78.36,368056.92,54745.528,I,BARSHEFSKY CHARLENE,Director,1,0,0,,SEC EDGAR
EL|0001145766-26-000006|nonDerivative|2026-09-09|BARSHEFSKY CHARLENE|S|Class A Common Stock|3775|98.82|I,2026-09-11 04:29:41+0000,EL,ESTEE LAUDER COMPANIES INC,0001001250,4,2026-09-10,2026-09-09,0001145766-26-000006,https://www.sec.gov/Archives/edgar/data/1001250/000114576626000006/wk-form4_1789072956.xml,nonDerivative,2026-09-09,S,Class A Common Stock,3775,98.82,373045.5,50970.528,I,BARSHEFSKY CHARLENE,Director,1,0,0,,SEC EDGAR
EL|0001145766-26-000006|derivative|2026-09-09|BARSHEFSKY CHARLENE|M|Stock Option (Right to Buy)|4697||I,2026-09-11 04:29:41+0000,EL,ESTEE LAUDER COMPANIES INC,0001001250,4,2026-09-10,2026-09-09,0001145766-26-000006,https://www.sec.gov/Archives/edgar/data/1001250/000114576626000006/wk-form4_1789072956.xml,derivative,2026-09-09,M,Stock Option (Right to Buy),4697,,,0,I,BARSHEFSKY CHARLENE,Director,1,0,0,,SEC EDGAR
EBAY|0001065088-26-000190|nonDerivative|2026-09-08|IANNONE JAMIE|S|Common Stock|3844|100.48|D,2026-09-11 04:29:41+0000,EBAY,EBAY INC,0001065088,4,2026-09-10,2026-09-08,0001065088-26-000190,https://www.sec.gov/Archives/edgar/data/1065088/000106508826000190/form4.xml,nonDerivative,2026-09-08,S,Common Stock,3844,100.48,386245.12,238257,D,IANNONE JAMIE,"Director, Officer, President and CEO",1,1,,President and CEO,SEC EDGAR
EBAY|0001065088-26-000190|nonDerivative|2026-09-08|IANNONE JAMIE|S|Common Stock|1331|101.30|D,2026-09-11 04:29:41+0000,EBAY,EBAY INC,0001065088,4,2026-09-10,2026-09-08,0001065088-26-000190,https://www.sec.gov/Archives/edgar/data/1065088/000106508826000190/form4.xml,nonDerivative,2026-09-08,S,Common Stock,1331,101.30,134830.3,236926,D,IANNONE JAMIE,"Director, Officer, President and CEO",1,1,,President and CEO,SEC EDGAR
EBAY|0001065088-26-000190|nonDerivative|2026-09-08|IANNONE JAMIE|S|Common Stock|1155|102.39|D,2026-09-11 04:29:41+0000,EBAY,EBAY INC,0001065088,4,2026-09-10,2026-09-08,0001065088-26-000190,https://www.sec.gov/Archives/edgar/data/1065088/000106508826000190/form4.xml,nonDerivative,2026-09-08,S,Common Stock,1155,102.39,118260.45,235771,D,IANNONE JAMIE,"Director, Officer, President and CEO",1,1,,President and CEO,SEC EDGAR
EBAY|0001065088-26-000190|nonDerivative|2026-09-08|IANNONE JAMIE|S|Common Stock|1596|103.14|D,2026-09-11 04:29:41+0000,EBAY,EBAY INC,0001065088,4,2026-09-10,2026-09-08,0001065088-26-000190,https://www.sec.gov/Archives/edgar/data/1065088/000106508826000190/form4.xml,nonDerivative,2026-09-08,S,Common Stock,1596,103.14,164611.44,234175,D,IANNONE JAMIE,"Director, Officer, President and CEO",1,1,,President and CEO,SEC EDGAR
EBAY|0001065088-26-000190|nonDerivative|2026-09-08|IANNONE JAMIE|S|Common Stock|2911|104.59|D,2026-09-11 04:29:41+0000,EBAY,EBAY INC,0001065088,4,2026-09-10,2026-09-08,0001065088-26-000190,https://www.sec.gov/Archives/edgar/data/1065088/000106508826000190/form4.xml,nonDerivative,2026-09-08,S,Common Stock,2911,104.59,304461.49,231264,D,IANNONE JAMIE,"Director, Officer, President and CEO",1,1,,President and CEO,SEC EDGAR
EBAY|0001065088-26-000190|nonDerivative|2026-09-08|IANNONE JAMIE|S|Common Stock|273|104.95|D,2026-09-11 04:29:41+0000,EBAY,EBAY INC,0001065088,4,2026-09-10,2026-09-08,0001065088-26-000190,https://www.sec.gov/Archives/edgar/data/1065088/000106508826000190/form4.xml,nonDerivative,2026-09-08,S,Common Stock,273,104.95,28651.350000000002,230991,D,IANNONE JAMIE,"Director, Officer, President and CEO",1,1,,President and CEO,SEC EDGAR
EBAY|0001065088-26-000190|nonDerivative|2026-09-09|IANNONE JAMIE|S|Common Stock|1050|102.06|D,2026-09-11 04:29:41+0000,EBAY,EBAY INC,0001065088,4,2026-09-10,2026-09-08,0001065088-26-000190,https://www.sec.gov/Archives/edgar/data/1065088/000106508826000190/form4.xml,nonDerivative,2026-09-09,S,Common Stock,1050,102.06,107163.0,229941,D,IANNONE JAMIE,"Director, Officer, President and CEO",1,1,,President and CEO,SEC EDGAR
EBAY|0001065088-26-000190|nonDerivative|2026-09-09|IANNONE JAMIE|S|Common Stock|2214|102.85|D,2026-09-11 04:29:41+0000,EBAY,EBAY INC,0001065088,4,2026-09-10,2026-09-08,0001065088-26-000190,https://www.sec.gov/Archives/edgar/data/1065088/000106508826000190/form4.xml,nonDerivative,2026-09-09,S,Common Stock,2214,102.85,227709.9,227727,D,IANNONE JAMIE,"Director, Officer, President and CEO",1,1,,President and CEO,SEC EDGAR
EBAY|0001065088-26-000190|nonDerivative|2026-09-09|IANNONE JAMIE|S|Common Stock|3258|103.82|D,2026-09-11 04:29:41+0000,EBAY,EBAY INC,0001065088,4,2026-09-10,2026-09-08,0001065088-26-000190,https://www.sec.gov/Archives/edgar/data/1065088/000106508826000190/form4.xml,nonDerivative,2026-09-09,S,Common Stock,3258,103.82,338245.56,224469,D,IANNONE JAMIE,"Director, Officer, President and CEO",1,1,,President and CEO,SEC EDGAR
EBAY|0001065088-26-000190|nonDerivative|2026-09-09|IANNONE JAMIE|S|Common Stock|3778|105.02|D,2026-09-11 04:29:41+0000,EBAY,EBAY INC,0001065088,4,2026-09-10,2026-09-08,0001065088-26-000190,https://www.sec.gov/Archives/edgar/data/1065088/000106508826000190/form4.xml,nonDerivative,2026-09-09,S,Common Stock,3778,105.02,396765.56,220691,D,IANNONE JAMIE,"Director, Officer, President and CEO",1,1,,President and CEO,SEC EDGAR
EBAY|0001065088-26-000190|nonDerivative|2026-09-09|IANNONE JAMIE|S|Common Stock|810|105.55|D,2026-09-11 04:29:41+0000,EBAY,EBAY INC,0001065088,4,2026-09-10,2026-09-08,0001065088-26-000190,https://www.sec.gov/Archives/edgar/data/1065088/000106508826000190/form4.xml,nonDerivative,2026-09-09,S,Common Stock,810,105.55,85495.5,219881,D,IANNONE JAMIE,"Director, Officer, President and CEO",1,1,,President and CEO,SEC EDGAR
DXCM|0001093557-26-000171|nonDerivative|2026-09-10|Boehnlein Glenn S|A|Common Stock|5841|0|D,2026-09-11 04:29:41+0000,DXCM,DEXCOM INC,0001093557,4,2026-09-10,2026-09-10,0001093557-26-000171,https://www.sec.gov/Archives/edgar/data/1093557/000109355726000171/wk-form4_1789072814.xml,nonDerivative,2026-09-10,A,Common Stock,5841,0,0.0,5841,D,Boehnlein Glenn S,Director,1,0,0,,SEC EDGAR
DHI|0000882184-26-000104|nonDerivative|2026-09-08|Murray Michael J|G|Common Stock|5000|0|D,2026-09-11 04:29:41+0000,DHI,HORTON D R INC /DE/,0000882184,4,2026-09-10,2026-09-08,0000882184-26-000104,https://www.sec.gov/Archives/edgar/data/882184/000088218426000104/form4.xml,nonDerivative,2026-09-08,G,Common Stock,5000,0,0.0,123968,D,Murray Michael J,"Officer, EVP and COO",0,1,0,EVP and COO,SEC EDGAR
"DELL|0001193125-26-388265|nonDerivative|2026-09-08|Silver Lake Technology Investors V, L.P.|M|Class C Common Stock|505||I",2026-09-11 04:29:41+0000,DELL,Dell Technologies Inc.,0001571996,4,2026-09-10,2026-09-08,0001193125-26-388265,https://www.sec.gov/Archives/edgar/data/1571996/000119312526388265/ownership.xml,nonDerivative,2026-09-08,M,Class C Common Stock,505,,,505,I,"Silver Lake Technology Investors V, L.P.",,true,false,true,,SEC EDGAR
"DELL|0001193125-26-388265|nonDerivative|2026-09-08|Silver Lake Technology Investors V, L.P.|S|Class C Common Stock|7|516.27|I",2026-09-11 04:29:41+0000,DELL,Dell Technologies Inc.,0001571996,4,2026-09-10,2026-09-08,0001193125-26-388265,https://www.sec.gov/Archives/edgar/data/1571996/000119312526388265/ownership.xml,nonDerivative,2026-09-08,S,Class C Common Stock,7,516.27,3613.89,498,I,"Silver Lake Technology Investors V, L.P.",,true,false,true,,SEC EDGAR
"DELL|0001193125-26-388265|nonDerivative|2026-09-08|Silver Lake Technology Investors V, L.P.|S|Class C Common Stock|27|517.42|I",2026-09-11 04:29:41+0000,DELL,Dell Technologies Inc.,0001571996,4,2026-09-10,2026-09-08,0001193125-26-388265,https://www.sec.gov/Archives/edgar/data/1571996/000119312526388265/ownership.xml,nonDerivative,2026-09-08,S,Class C Common Stock,27,517.42,13970.339999999998,471,I,"Silver Lake Technology Investors V, L.P.",,true,false,true,,SEC EDGAR
"DELL|0001193125-26-388265|nonDerivative|2026-09-08|Silver Lake Technology Investors V, L.P.|S|Class C Common Stock|24|518.36|I",2026-09-11 04:29:41+0000,DELL,Dell Technologies Inc.,0001571996,4,2026-09-10,2026-09-08,0001193125-26-388265,https://www.sec.gov/Archives/edgar/data/1571996/000119312526388265/ownership.xml,nonDerivative,2026-09-08,S,Class C Common Stock,24,518.36,12440.64,447,I,"Silver Lake Technology Investors V, L.P.",,true,false,true,,SEC EDGAR
"DELL|0001193125-26-388265|nonDerivative|2026-09-08|Silver Lake Technology Investors V, L.P.|S|Class C Common Stock|14|519.31|I",2026-09-11 04:29:41+0000,DELL,Dell Technologies Inc.,0001571996,4,2026-09-10,2026-09-08,0001193125-26-388265,https://www.sec.gov/Archives/edgar/data/1571996/000119312526388265/ownership.xml,nonDerivative,2026-09-08,S,Class C Common Stock,14,519.31,7270.339999999999,433,I,"Silver Lake Technology Investors V, L.P.",,true,false,true,,SEC EDGAR
"DELL|0001193125-26-388265|nonDerivative|2026-09-08|Silver Lake Technology Investors V, L.P.|S|Class C Common Stock|7|520.47|I",2026-09-11 04:29:41+0000,DELL,Dell Technologies Inc.,0001571996,4,2026-09-10,2026-09-08,0001193125-26-388265,https://www.sec.gov/Archives/edgar/data/1571996/000119312526388265/ownership.xml,nonDerivative,2026-09-08,S,Class C Common Stock,7,520.47,3643.29,426,I,"Silver Lake Technology Investors V, L.P.",,true,false,true,,SEC EDGAR
"DELL|0001193125-26-388265|nonDerivative|2026-09-08|Silver Lake Technology Investors V, L.P.|S|Class C Common Stock|22|521.71|I",2026-09-11 04:29:41+0000,DELL,Dell Technologies Inc.,0001571996,4,2026-09-10,2026-09-08,0001193125-26-388265,https://www.sec.gov/Archives/edgar/data/1571996/000119312526388265/ownership.xml,nonDerivative,2026-09-08,S,Class C Common Stock,22,521.71,11477.62,403,I,"Silver Lake Technology Investors V, L.P.",,true,false,true,,SEC EDGAR
"DELL|0001193125-26-388265|nonDerivative|2026-09-08|Silver Lake Technology Investors V, L.P.|S|Class C Common Stock|15|522.65|I",2026-09-11 04:29:41+0000,DELL,Dell Technologies Inc.,0001571996,4,2026-09-10,2026-09-08,0001193125-26-388265,https://www.sec.gov/Archives/edgar/data/1571996/000119312526388265/ownership.xml,nonDerivative,2026-09-08,S,Class C Common Stock,15,522.65,7839.75,388,I,"Silver Lake Technology Investors V, L.P.",,true,false,true,,SEC EDGAR
"DELL|0001193125-26-388265|nonDerivative|2026-09-08|Silver Lake Technology Investors V, L.P.|S|Class C Common Stock|23|523.81|I",2026-09-11 04:29:41+0000,DELL,Dell Technologies Inc.,0001571996,4,2026-09-10,2026-09-08,0001193125-26-388265,https://www.sec.gov/Archives/edgar/data/1571996/000119312526388265/ownership.xml,nonDerivative,2026-09-08,S,Class C Common Stock,23,523.81,12047.63,365,I,"Silver Lake Technology Investors V, L.P.",,true,false,true,,SEC EDGAR
"DELL|0001193125-26-388265|nonDerivative|2026-09-08|Silver Lake Technology Investors V, L.P.|S|Class C Common Stock|27|524.63|I",2026-09-11 04:29:41+0000,DELL,Dell Technologies Inc.,0001571996,4,2026-09-10,2026-09-08,0001193125-26-388265,https://www.sec.gov/Archives/edgar/data/1571996/000119312526388265/ownership.xml,nonDerivative,2026-09-08,S,Class C Common Stock,27,524.63,14165.01,338,I,"Silver Lake Technology Investors V, L.P.",,true,false,true,,SEC EDGAR
"DELL|0001193125-26-388265|nonDerivative|2026-09-08|Silver Lake Technology Investors V, L.P.|S|Class C Common Stock|36|525.75|I",2026-09-11 04:29:41+0000,DELL,Dell Technologies Inc.,0001571996,4,2026-09-10,2026-09-08,0001193125-26-388265,https://www.sec.gov/Archives/edgar/data/1571996/000119312526388265/ownership.xml,nonDerivative,2026-09-08,S,Class C Common Stock,36,525.75,18927.0,302,I,"Silver Lake Technology Investors V, L.P.",,true,false,true,,SEC EDGAR
"DELL|0001193125-26-388265|nonDerivative|2026-09-08|Silver Lake Technology Investors V, L.P.|S|Class C Common Stock|29|526.68|I",2026-09-11 04:29:41+0000,DELL,Dell Technologies Inc.,0001571996,4,2026-09-10,2026-09-08,0001193125-26-388265,https://www.sec.gov/Archives/edgar/data/1571996/000119312526388265/ownership.xml,nonDerivative,2026-09-08,S,Class C Common Stock,29,526.68,15273.72,272,I,"Silver Lake Technology Investors V, L.P.",,true,false,true,,SEC EDGAR
"DELL|0001193125-26-388265|nonDerivative|2026-09-08|Silver Lake Technology Investors V, L.P.|S|Class C Common Stock|46|527.70|I",2026-09-11 04:29:41+0000,DELL,Dell Technologies Inc.,0001571996,4,2026-09-10,2026-09-08,0001193125-26-388265,https://www.sec.gov/Archives/edgar/data/1571996/000119312526388265/ownership.xml,nonDerivative,2026-09-08,S,Class C Common Stock,46,527.70,24274.2,226,I,"Silver Lake Technology Investors V, L.P.",,true,false,true,,SEC EDGAR
"DELL|0001193125-26-388265|nonDerivative|2026-09-08|Silver Lake Technology Investors V, L.P.|S|Class C Common Stock|31|528.68|I",2026-09-11 04:29:41+0000,DELL,Dell Technologies Inc.,0001571996,4,2026-09-10,2026-09-08,0001193125-26-388265,https://www.sec.gov/Archives/edgar/data/1571996/000119312526388265/ownership.xml,nonDerivative,2026-09-08,S,Class C Common Stock,31,528.68,16389.079999999998,195,I,"Silver Lake Technology Investors V, L.P.",,true,false,true,,SEC EDGAR
"DELL|0001193125-26-388265|nonDerivative|2026-09-08|Silver Lake Technology Investors V, L.P.|S|Class C Common Stock|55|529.83|I",2026-09-11 04:29:41+0000,DELL,Dell Technologies Inc.,0001571996,4,2026-09-10,2026-09-08,0001193125-26-388265,https://www.sec.gov/Archives/edgar/data/1571996/000119312526388265/ownership.xml,nonDerivative,2026-09-08,S,Class C Common Stock,55,529.83,29140.65,141,I,"Silver Lake Technology Investors V, L.P.",,true,false,true,,SEC EDGAR
"DELL|0001193125-26-388265|nonDerivative|2026-09-08|Silver Lake Technology Investors V, L.P.|S|Class C Common Stock|23|530.66|I",2026-09-11 04:29:41+0000,DELL,Dell Technologies Inc.,0001571996,4,2026-09-10,2026-09-08,0001193125-26-388265,https://www.sec.gov/Archives/edgar/data/1571996/000119312526388265/ownership.xml,nonDerivative,2026-09-08,S,Class C Common Stock,23,530.66,12205.179999999998,118,I,"Silver Lake Technology Investors V, L.P.",,true,false,true,,SEC EDGAR
"DELL|0001193125-26-388265|nonDerivative|2026-09-08|Silver Lake Technology Investors V, L.P.|S|Class C Common Stock|39|531.92|I",2026-09-11 04:29:41+0000,DELL,Dell Technologies Inc.,0001571996,4,2026-09-10,2026-09-08,0001193125-26-388265,https://www.sec.gov/Archives/edgar/data/1571996/000119312526388265/ownership.xml,nonDerivative,2026-09-08,S,Class C Common Stock,39,531.92,20744.879999999997,79,I,"Silver Lake Technology Investors V, L.P.",,true,false,true,,SEC EDGAR
"DELL|0001193125-26-388265|nonDerivative|2026-09-08|Silver Lake Technology Investors V, L.P.|S|Class C Common Stock|19|532.85|I",2026-09-11 04:29:41+0000,DELL,Dell Technologies Inc.,0001571996,4,2026-09-10,2026-09-08,0001193125-26-388265,https://www.sec.gov/Archives/edgar/data/1571996/000119312526388265/ownership.xml,nonDerivative,2026-09-08,S,Class C Common Stock,19,532.85,10124.15,60,I,"Silver Lake Technology Investors V, L.P.",,true,false,true,,SEC EDGAR
"DELL|0001193125-26-388265|nonDerivative|2026-09-08|Silver Lake Technology Investors V, L.P.|S|Class C Common Stock|17|533.85|I",2026-09-11 04:29:41+0000,DELL,Dell Technologies Inc.,0001571996,4,2026-09-10,2026-09-08,0001193125-26-388265,https://www.sec.gov/Archives/edgar/data/1571996/000119312526388265/ownership.xml,nonDerivative,2026-09-08,S,Class C Common Stock,17,533.85,9075.45,43,I,"Silver Lake Technology Investors V, L.P.",,true,false,true,,SEC EDGAR
"DELL|0001193125-26-388265|nonDerivative|2026-09-08|Silver Lake Technology Investors V, L.P.|S|Class C Common Stock|17|534.94|I",2026-09-11 04:29:41+0000,DELL,Dell Technologies Inc.,0001571996,4,2026-09-10,2026-09-08,0001193125-26-388265,https://www.sec.gov/Archives/edgar/data/1571996/000119312526388265/ownership.xml,nonDerivative,2026-09-08,S,Class C Common Stock,17,534.94,9093.980000000001,26,I,"Silver Lake Technology Investors V, L.P.",,true,false,true,,SEC EDGAR
"DELL|0001193125-26-388265|nonDerivative|2026-09-08|Silver Lake Technology Investors V, L.P.|S|Class C Common Stock|14|535.73|I",2026-09-11 04:29:41+0000,DELL,Dell Technologies Inc.,0001571996,4,2026-09-10,2026-09-08,0001193125-26-388265,https://www.sec.gov/Archives/edgar/data/1571996/000119312526388265/ownership.xml,nonDerivative,2026-09-08,S,Class C Common Stock,14,535.73,7500.22,11,I,"Silver Lake Technology Investors V, L.P.",,true,false,true,,SEC EDGAR
"DELL|0001193125-26-388265|nonDerivative|2026-09-08|Silver Lake Technology Investors V, L.P.|S|Class C Common Stock|11|536.40|I",2026-09-11 04:29:41+0000,DELL,Dell Technologies Inc.,0001571996,4,2026-09-10,2026-09-08,0001193125-26-388265,https://www.sec.gov/Archives/edgar/data/1571996/000119312526388265/ownership.xml,nonDerivative,2026-09-08,S,Class C Common Stock,11,536.40,5900.4,0,I,"Silver Lake Technology Investors V, L.P.",,true,false,true,,SEC EDGAR
"DELL|0001193125-26-388265|derivative|2026-09-08|Silver Lake Technology Investors V, L.P.|M|Class B Common Stock|505|0|I",2026-09-11 04:29:41+0000,DELL,Dell Technologies Inc.,0001571996,4,2026-09-10,2026-09-08,0001193125-26-388265,https://www.sec.gov/Archives/edgar/data/1571996/000119312526388265/ownership.xml,derivative,2026-09-08,M,Class B Common Stock,505,0,0.0,111587,I,"Silver Lake Technology Investors V, L.P.",,true,false,true,,SEC EDGAR
"DELL|0001193125-26-388263|nonDerivative|2026-09-08|Silver Lake Technology Investors IV, L.P.|M|Class C Common Stock|1119||I",2026-09-11 04:29:41+0000,DELL,Dell Technologies Inc.,0001571996,4,2026-09-10,2026-09-08,0001193125-26-388263,https://www.sec.gov/Archives/edgar/data/1571996/000119312526388263/ownership.xml,nonDerivative,2026-09-08,M,Class C Common Stock,1119,,,1119,I,"Silver Lake Technology Investors IV, L.P.",,true,false,true,,SEC EDGAR
"DELL|0001193125-26-388263|nonDerivative|2026-09-08|Silver Lake Technology Investors IV, L.P.|S|Class C Common Stock|16|516.27|I",2026-09-11 04:29:41+0000,DELL,Dell Technologies Inc.,0001571996,4,2026-09-10,2026-09-08,0001193125-26-388263,https://www.sec.gov/Archives/edgar/data/1571996/000119312526388263/ownership.xml,nonDerivative,2026-09-08,S,Class C Common Stock,16,516.27,8260.32,1103,I,"Silver Lake Technology Investors IV, L.P.",,true,false,true,,SEC EDGAR
"DELL|0001193125-26-388263|nonDerivative|2026-09-08|Silver Lake Technology Investors IV, L.P.|S|Class C Common Stock|60|517.42|I",2026-09-11 04:29:41+0000,DELL,Dell Technologies Inc.,0001571996,4,2026-09-10,2026-09-08,0001193125-26-388263,https://www.sec.gov/Archives/edgar/data/1571996/000119312526388263/ownership.xml,nonDerivative,2026-09-08,S,Class C Common Stock,60,517.42,31045.199999999997,1044,I,"Silver Lake Technology Investors IV, L.P.",,true,false,true,,SEC EDGAR
"DELL|0001193125-26-388263|nonDerivative|2026-09-08|Silver Lake Technology Investors IV, L.P.|S|Class C Common Stock|52|518.36|I",2026-09-11 04:29:41+0000,DELL,Dell Technologies Inc.,0001571996,4,2026-09-10,2026-09-08,0001193125-26-388263,https://www.sec.gov/Archives/edgar/data/1571996/000119312526388263/ownership.xml,nonDerivative,2026-09-08,S,Class C Common Stock,52,518.36,26954.72,992,I,"Silver Lake Technology Investors IV, L.P.",,true,false,true,,SEC EDGAR
"DELL|0001193125-26-388263|nonDerivative|2026-09-08|Silver Lake Technology Investors IV, L.P.|S|Class C Common Stock|32|519.31|I",2026-09-11 04:29:41+0000,DELL,Dell Technologies Inc.,0001571996,4,2026-09-10,2026-09-08,0001193125-26-388263,https://www.sec.gov/Archives/edgar/data/1571996/000119312526388263/ownership.xml,nonDerivative,2026-09-08,S,Class C Common Stock,32,519.31,16617.92,960,I,"Silver Lake Technology Investors IV, L.P.",,true,false,true,,SEC EDGAR
"DELL|0001193125-26-388263|nonDerivative|2026-09-08|Silver Lake Technology Investors IV, L.P.|S|Class C Common Stock|16|520.47|I",2026-09-11 04:29:41+0000,DELL,Dell Technologies Inc.,0001571996,4,2026-09-10,2026-09-08,0001193125-26-388263,https://www.sec.gov/Archives/edgar/data/1571996/000119312526388263/ownership.xml,nonDerivative,2026-09-08,S,Class C Common Stock,16,520.47,8327.52,943,I,"Silver Lake Technology Investors IV, L.P.",,true,false,true,,SEC EDGAR
"DELL|0001193125-26-388263|nonDerivative|2026-09-08|Silver Lake Technology Investors IV, L.P.|S|Class C Common Stock|50|521.71|I",2026-09-11 04:29:41+0000,DELL,Dell Technologies Inc.,0001571996,4,2026-09-10,2026-09-08,0001193125-26-388263,https://www.sec.gov/Archives/edgar/data/1571996/000119312526388263/ownership.xml,nonDerivative,2026-09-08,S,Class C Common Stock,50,521.71,26085.5,893,I,"Silver Lake Technology Investors IV, L.P.",,true,false,true,,SEC EDGAR
"DELL|0001193125-26-388263|nonDerivative|2026-09-08|Silver Lake Technology Investors IV, L.P.|S|Class C Common Stock|33|522.65|I",2026-09-11 04:29:41+0000,DELL,Dell Technologies Inc.,0001571996,4,2026-09-10,2026-09-08,0001193125-26-388263,https://www.sec.gov/Archives/edgar/data/1571996/000119312526388263/ownership.xml,nonDerivative,2026-09-08,S,Class C Common Stock,33,522.65,17247.45,860,I,"Silver Lake Technology Investors IV, L.P.",,true,false,true,,SEC EDGAR
"DELL|0001193125-26-388263|nonDerivative|2026-09-08|Silver Lake Technology Investors IV, L.P.|S|Class C Common Stock|51|523.81|I",2026-09-11 04:29:41+0000,DELL,Dell Technologies Inc.,0001571996,4,2026-09-10,2026-09-08,0001193125-26-388263,https://www.sec.gov/Archives/edgar/data/1571996/000119312526388263/ownership.xml,nonDerivative,2026-09-08,S,Class C Common Stock,51,523.81,26714.309999999998,809,I,"Silver Lake Technology Investors IV, L.P.",,true,false,true,,SEC EDGAR
"DELL|0001193125-26-388263|nonDerivative|2026-09-08|Silver Lake Technology Investors IV, L.P.|S|Class C Common Stock|60|524.63|I",2026-09-11 04:29:41+0000,DELL,Dell Technologies Inc.,0001571996,4,2026-09-10,2026-09-08,0001193125-26-388263,https://www.sec.gov/Archives/edgar/data/1571996/000119312526388263/ownership.xml,nonDerivative,2026-09-08,S,Class C Common Stock,60,524.63,31477.8,749,I,"Silver Lake Technology Investors IV, L.P.",,true,false,true,,SEC EDGAR
"DELL|0001193125-26-388263|nonDerivative|2026-09-08|Silver Lake Technology Investors IV, L.P.|S|Class C Common Stock|81|525.75|I",2026-09-11 04:29:41+0000,DELL,Dell Technologies Inc.,0001571996,4,2026-09-10,2026-09-08,0001193125-26-388263,https://www.sec.gov/Archives/edgar/data/1571996/000119312526388263/ownership.xml,nonDerivative,2026-09-08,S,Class C Common Stock,81,525.75,42585.75,668,I,"Silver Lake Technology Investors IV, L.P.",,true,false,true,,SEC EDGAR
"DELL|0001193125-26-388263|nonDerivative|2026-09-08|Silver Lake Technology Investors IV, L.P.|S|Class C Common Stock|65|526.68|I",2026-09-11 04:29:41+0000,DELL,Dell Technologies Inc.,0001571996,4,2026-09-10,2026-09-08,0001193125-26-388263,https://www.sec.gov/Archives/edgar/data/1571996/000119312526388263/ownership.xml,nonDerivative,2026-09-08,S,Class C Common Stock,65,526.68,34234.2,603,I,"Silver Lake Technology Investors IV, L.P.",,true,false,true,,SEC EDGAR
"DELL|0001193125-26-388263|nonDerivative|2026-09-08|Silver Lake Technology Investors IV, L.P.|S|Class C Common Stock|102|527.70|I",2026-09-11 04:29:41+0000,DELL,Dell Technologies Inc.,0001571996,4,2026-09-10,2026-09-08,0001193125-26-388263,https://www.sec.gov/Archives/edgar/data/1571996/000119312526388263/ownership.xml,nonDerivative,2026-09-08,S,Class C Common Stock,102,527.70,53825.4,501,I,"Silver Lake Technology Investors IV, L.P.",,true,false,true,,SEC EDGAR
"DELL|0001193125-26-388263|nonDerivative|2026-09-08|Silver Lake Technology Investors IV, L.P.|S|Class C Common Stock|68|528.68|I",2026-09-11 04:29:41+0000,DELL,Dell Technologies Inc.,0001571996,4,2026-09-10,2026-09-08,0001193125-26-388263,https://www.sec.gov/Archives/edgar/data/1571996/000119312526388263/ownership.xml,nonDerivative,2026-09-08,S,Class C Common Stock,68,528.68,35950.24,433,I,"Silver Lake Technology Investors IV, L.P.",,true,false,true,,SEC EDGAR
"DELL|0001193125-26-388263|nonDerivative|2026-09-08|Silver Lake Technology Investors IV, L.P.|S|Class C Common Stock|121|529.83|I",2026-09-11 04:29:41+0000,DELL,Dell Technologies Inc.,0001571996,4,2026-09-10,2026-09-08,0001193125-26-388263,https://www.sec.gov/Archives/edgar/data/1571996/000119312526388263/ownership.xml,nonDerivative,2026-09-08,S,Class C Common Stock,121,529.83,64109.43000000001,312,I,"Silver Lake Technology Investors IV, L.P.",,true,false,true,,SEC EDGAR
"DELL|0001193125-26-388263|nonDerivative|2026-09-08|Silver Lake Technology Investors IV, L.P.|S|Class C Common Stock|51|530.66|I",2026-09-11 04:29:41+0000,DELL,Dell Technologies Inc.,0001571996,4,2026-09-10,2026-09-08,0001193125-26-388263,https://www.sec.gov/Archives/edgar/data/1571996/000119312526388263/ownership.xml,nonDerivative,2026-09-08,S,Class C Common Stock,51,530.66,27063.66,261,I,"Silver Lake Technology Investors IV, L.P.",,true,false,true,,SEC EDGAR
"DELL|0001193125-26-388263|nonDerivative|2026-09-08|Silver Lake Technology Investors IV, L.P.|S|Class C Common Stock|87|531.92|I",2026-09-11 04:29:41+0000,DELL,Dell Technologies Inc.,0001571996,4,2026-09-10,2026-09-08,0001193125-26-388263,https://www.sec.gov/Archives/edgar/data/1571996/000119312526388263/ownership.xml,nonDerivative,2026-09-08,S,Class C Common Stock,87,531.92,46277.03999999999,175,I,"Silver Lake Technology Investors IV, L.P.",,true,false,true,,SEC EDGAR
"DELL|0001193125-26-388263|nonDerivative|2026-09-08|Silver Lake Technology Investors IV, L.P.|S|Class C Common Stock|42|532.85|I",2026-09-11 04:29:41+0000,DELL,Dell Technologies Inc.,0001571996,4,2026-09-10,2026-09-08,0001193125-26-388263,https://www.sec.gov/Archives/edgar/data/1571996/000119312526388263/ownership.xml,nonDerivative,2026-09-08,S,Class C Common Stock,42,532.85,22379.7,133,I,"Silver Lake Technology Investors IV, L.P.",,true,false,true,,SEC EDGAR
"DELL|0001193125-26-388263|nonDerivative|2026-09-08|Silver Lake Technology Investors IV, L.P.|S|Class C Common Stock|38|533.85|I",2026-09-11 04:29:41+0000,DELL,Dell Technologies Inc.,0001571996,4,2026-09-10,2026-09-08,0001193125-26-388263,https://www.sec.gov/Archives/edgar/data/1571996/000119312526388263/ownership.xml,nonDerivative,2026-09-08,S,Class C Common Stock,38,533.85,20286.3,95,I,"Silver Lake Technology Investors IV, L.P.",,true,false,true,,SEC EDGAR
"DELL|0001193125-26-388263|nonDerivative|2026-09-08|Silver Lake Technology Investors IV, L.P.|S|Class C Common Stock|38|534.94|I",2026-09-11 04:29:41+0000,DELL,Dell Technologies Inc.,0001571996,4,2026-09-10,2026-09-08,0001193125-26-388263,https://www.sec.gov/Archives/edgar/data/1571996/000119312526388263/ownership.xml,nonDerivative,2026-09-08,S,Class C Common Stock,38,534.94,20327.72,57,I,"Silver Lake Technology Investors IV, L.P.",,true,false,true,,SEC EDGAR
"DELL|0001193125-26-388263|nonDerivative|2026-09-08|Silver Lake Technology Investors IV, L.P.|S|Class C Common Stock|31|535.73|I",2026-09-11 04:29:41+0000,DELL,Dell Technologies Inc.,0001571996,4,2026-09-10,2026-09-08,0001193125-26-388263,https://www.sec.gov/Archives/edgar/data/1571996/000119312526388263/ownership.xml,nonDerivative,2026-09-08,S,Class C Common Stock,31,535.73,16607.63,25,I,"Silver Lake Technology Investors IV, L.P.",,true,false,true,,SEC EDGAR
"DELL|0001193125-26-388263|nonDerivative|2026-09-08|Silver Lake Technology Investors IV, L.P.|S|Class C Common Stock|25|536.40|I",2026-09-11 04:29:41+0000,DELL,Dell Technologies Inc.,0001571996,4,2026-09-10,2026-09-08,0001193125-26-388263,https://www.sec.gov/Archives/edgar/data/1571996/000119312526388263/ownership.xml,nonDerivative,2026-09-08,S,Class C Common Stock,25,536.40,13410.0,0,I,"Silver Lake Technology Investors IV, L.P.",,true,false,true,,SEC EDGAR
"DELL|0001193125-26-388263|derivative|2026-09-08|Silver Lake Technology Investors IV, L.P.|M|Class B Common Stock|1119|0|I",2026-09-11 04:29:41+0000,DELL,Dell Technologies Inc.,0001571996,4,2026-09-10,2026-09-08,0001193125-26-388263,https://www.sec.gov/Archives/edgar/data/1571996/000119312526388263/ownership.xml,derivative,2026-09-08,M,Class B Common Stock,1119,0,0.0,247451,I,"Silver Lake Technology Investors IV, L.P.",,true,false,true,,SEC EDGAR
"DELL|0001193125-26-388264|nonDerivative|2026-09-08|Silver Lake Partners V DE (AIV), L.P.|M|Class C Common Stock|41165||I",2026-09-11 04:29:41+0000,DELL,Dell Technologies Inc.,0001571996,4,2026-09-10,2026-09-08,0001193125-26-388264,https://www.sec.gov/Archives/edgar/data/1571996/000119312526388264/ownership.xml,nonDerivative,2026-09-08,M,Class C Common Stock,41165,,,91428,I,"Silver Lake Partners V DE (AIV), L.P.",,true,false,true,,SEC EDGAR
"DELL|0001193125-26-388264|nonDerivative|2026-09-08|Silver Lake Partners V DE (AIV), L.P.|S|Class C Common Stock|404|516.27|I",2026-09-11 04:29:41+0000,DELL,Dell Technologies Inc.,0001571996,4,2026-09-10,2026-09-08,0001193125-26-388264,https://www.sec.gov/Archives/edgar/data/1571996/000119312526388264/ownership.xml,nonDerivative,2026-09-08,S,Class C Common Stock,404,516.27,208573.08,91024,I,"Silver Lake Partners V DE (AIV), L.P.",,true,false,true,,SEC EDGAR
"DELL|0001193125-26-388264|nonDerivative|2026-09-08|Silver Lake Partners V DE (AIV), L.P.|S|Class C Common Stock|1529|517.42|I",2026-09-11 04:29:41+0000,DELL,Dell Technologies Inc.,0001571996,4,2026-09-10,2026-09-08,0001193125-26-388264,https://www.sec.gov/Archives/edgar/data/1571996/000119312526388264/ownership.xml,nonDerivative,2026-09-08,S,Class C Common Stock,1529,517.42,791135.1799999999,89495,I,"Silver Lake Partners V DE (AIV), L.P.",,true,false,true,,SEC EDGAR
"DELL|0001193125-26-388264|nonDerivative|2026-09-08|Silver Lake Partners V DE (AIV), L.P.|S|Class C Common Stock|1336|518.36|I",2026-09-11 04:29:41+0000,DELL,Dell Technologies Inc.,0001571996,4,2026-09-10,2026-09-08,0001193125-26-388264,https://www.sec.gov/Archives/edgar/data/1571996/000119312526388264/ownership.xml,nonDerivative,2026-09-08,S,Class C Common Stock,1336,518.36,692528.96,88159,I,"Silver Lake Partners V DE (AIV), L.P.",,true,false,true,,SEC EDGAR
"DELL|0001193125-26-388264|nonDerivative|2026-09-08|Silver Lake Partners V DE (AIV), L.P.|S|Class C Common Stock|820|519.31|I",2026-09-11 04:29:41+0000,DELL,Dell Technologies Inc.,0001571996,4,2026-09-10,2026-09-08,0001193125-26-388264,https://www.sec.gov/Archives/edgar/data/1571996/000119312526388264/ownership.xml,nonDerivative,2026-09-08,S,Class C Common Stock,820,519.31,425834.19999999995,87338,I,"Silver Lake Partners V DE (AIV), L.P.",,true,false,true,,SEC EDGAR
"DELL|0001193125-26-388264|nonDerivative|2026-09-08|Silver Lake Partners V DE (AIV), L.P.|S|Class C Common Stock|423|520.47|I",2026-09-11 04:29:41+0000,DELL,Dell Technologies Inc.,0001571996,4,2026-09-10,2026-09-08,0001193125-26-388264,https://www.sec.gov/Archives/edgar/data/1571996/000119312526388264/ownership.xml,nonDerivative,2026-09-08,S,Class C Common Stock,423,520.47,220158.81,86916,I,"Silver Lake Partners V DE (AIV), L.P.",,true,false,true,,SEC EDGAR
"DELL|0001193125-26-388264|nonDerivative|2026-09-08|Silver Lake Partners V DE (AIV), L.P.|S|Class C Common Stock|1278|521.71|I",2026-09-11 04:29:41+0000,DELL,Dell Technologies Inc.,0001571996,4,2026-09-10,2026-09-08,0001193125-26-388264,https://www.sec.gov/Archives/edgar/data/1571996/000119312526388264/ownership.xml,nonDerivative,2026-09-08,S,Class C Common Stock,1278,521.71,666745.38,85637,I,"Silver Lake Partners V DE (AIV), L.P.",,true,false,true,,SEC EDGAR
"DELL|0001193125-26-388264|nonDerivative|2026-09-08|Silver Lake Partners V DE (AIV), L.P.|S|Class C Common Stock|856|522.65|I",2026-09-11 04:29:41+0000,DELL,Dell Technologies Inc.,0001571996,4,2026-09-10,2026-09-08,0001193125-26-388264,https://www.sec.gov/Archives/edgar/data/1571996/000119312526388264/ownership.xml,nonDerivative,2026-09-08,S,Class C Common Stock,856,522.65,447388.39999999997,84781,I,"Silver Lake Partners V DE (AIV), L.P.",,true,false,true,,SEC EDGAR
"DELL|0001193125-26-388264|nonDerivative|2026-09-08|Silver Lake Partners V DE (AIV), L.P.|S|Class C Common Stock|1306|523.81|I",2026-09-11 04:29:41+0000,DELL,Dell Technologies Inc.,0001571996,4,2026-09-10,2026-09-08,0001193125-26-388264,https://www.sec.gov/Archives/edgar/data/1571996/000119312526388264/ownership.xml,nonDerivative,2026-09-08,S,Class C Common Stock,1306,523.81,684095.86,83475,I,"Silver Lake Partners V DE (AIV), L.P.",,true,false,true,,SEC EDGAR
"DELL|0001193125-26-388264|nonDerivative|2026-09-08|Silver Lake Partners V DE (AIV), L.P.|S|Class C Common Stock|1537|524.63|I",2026-09-11 04:29:41+0000,DELL,Dell Technologies Inc.,0001571996,4,2026-09-10,2026-09-08,0001193125-26-388264,https://www.sec.gov/Archives/edgar/data/1571996/000119312526388264/ownership.xml,nonDerivative,2026-09-08,S,Class C Common Stock,1537,524.63,806356.3099999999,81938,I,"Silver Lake Partners V DE (AIV), L.P.",,true,false,true,,SEC EDGAR
"DELL|0001193125-26-388264|nonDerivative|2026-09-08|Silver Lake Partners V DE (AIV), L.P.|S|Class C Common Stock|2073|525.75|I",2026-09-11 04:29:41+0000,DELL,Dell Technologies Inc.,0001571996,4,2026-09-10,2026-09-08,0001193125-26-388264,https://www.sec.gov/Archives/edgar/data/1571996/000119312526388264/ownership.xml,nonDerivative,2026-09-08,S,Class C Common Stock,2073,525.75,1089879.75,79866,I,"Silver Lake Partners V DE (AIV), L.P.",,true,false,true,,SEC EDGAR
"DELL|0001193125-26-388264|nonDerivative|2026-09-08|Silver Lake Partners V DE (AIV), L.P.|S|Class C Common Stock|1669|526.68|I",2026-09-11 04:29:41+0000,DELL,Dell Technologies Inc.,0001571996,4,2026-09-10,2026-09-08,0001193125-26-388264,https://www.sec.gov/Archives/edgar/data/1571996/000119312526388264/ownership.xml,nonDerivative,2026-09-08,S,Class C Common Stock,1669,526.68,879028.9199999999,78196,I,"Silver Lake Partners V DE (AIV), L.P.",,true,false,true,,SEC EDGAR
"DELL|0001193125-26-388264|nonDerivative|2026-09-08|Silver Lake Partners V DE (AIV), L.P.|S|Class C Common Stock|2617|527.70|I",2026-09-11 04:29:41+0000,DELL,Dell Technologies Inc.,0001571996,4,2026-09-10,2026-09-08,0001193125-26-388264,https://www.sec.gov/Archives/edgar/data/1571996/000119312526388264/ownership.xml,nonDerivative,2026-09-08,S,Class C Common Stock,2617,527.70,1380990.9000000001,75580,I,"Silver Lake Partners V DE (AIV), L.P.",,true,false,true,,SEC EDGAR
"DELL|0001193125-26-388264|nonDerivative|2026-09-08|Silver Lake Partners V DE (AIV), L.P.|S|Class C Common Stock|1739|528.68|I",2026-09-11 04:29:41+0000,DELL,Dell Technologies Inc.,0001571996,4,2026-09-10,2026-09-08,0001193125-26-388264,https://www.sec.gov/Archives/edgar/data/1571996/000119312526388264/ownership.xml,nonDerivative,2026-09-08,S,Class C Common Stock,1739,528.68,919374.5199999999,73841,I,"Silver Lake Partners V DE (AIV), L.P.",,true,false,true,,SEC EDGAR
"DELL|0001193125-26-388264|nonDerivative|2026-09-08|Silver Lake Partners V DE (AIV), L.P.|S|Class C Common Stock|3109|529.83|I",2026-09-11 04:29:41+0000,DELL,Dell Technologies Inc.,0001571996,4,2026-09-10,2026-09-08,0001193125-26-388264,https://www.sec.gov/Archives/edgar/data/1571996/000119312526388264/ownership.xml,nonDerivative,2026-09-08,S,Class C Common Stock,3109,529.83,1647241.4700000002,70732,I,"Silver Lake Partners V DE (AIV), L.P.",,true,false,true,,SEC EDGAR
"DELL|0001193125-26-388264|nonDerivative|2026-09-08|Silver Lake Partners V DE (AIV), L.P.|S|Class C Common Stock|1299|530.66|I",2026-09-11 04:29:41+0000,DELL,Dell Technologies Inc.,0001571996,4,2026-09-10,2026-09-08,0001193125-26-388264,https://www.sec.gov/Archives/edgar/data/1571996/000119312526388264/ownership.xml,nonDerivative,2026-09-08,S,Class C Common Stock,1299,530.66,689327.34,69433,I,"Silver Lake Partners V DE (AIV), L.P.",,true,false,true,,SEC EDGAR
"DELL|0001193125-26-388264|nonDerivative|2026-09-08|Silver Lake Partners V DE (AIV), L.P.|S|Class C Common Stock|2225|531.92|I",2026-09-11 04:29:41+0000,DELL,Dell Technologies Inc.,0001571996,4,2026-09-10,2026-09-08,0001193125-26-388264,https://www.sec.gov/Archives/edgar/data/1571996/000119312526388264/ownership.xml,nonDerivative,2026-09-08,S,Class C Common Stock,2225,531.92,1183522.0,67208,I,"Silver Lake Partners V DE (AIV), L.P.",,true,false,true,,SEC EDGAR
"DELL|0001193125-26-388264|nonDerivative|2026-09-08|Silver Lake Partners V DE (AIV), L.P.|S|Class C Common Stock|1074|532.85|I",2026-09-11 04:29:41+0000,DELL,Dell Technologies Inc.,0001571996,4,2026-09-10,2026-09-08,0001193125-26-388264,https://www.sec.gov/Archives/edgar/data/1571996/000119312526388264/ownership.xml,nonDerivative,2026-09-08,S,Class C Common Stock,1074,532.85,572280.9,66134,I,"Silver Lake Partners V DE (AIV), L.P.",,true,false,true,,SEC EDGAR
"DELL|0001193125-26-388264|nonDerivative|2026-09-08|Silver Lake Partners V DE (AIV), L.P.|S|Class C Common Stock|968|533.85|I",2026-09-11 04:29:41+0000,DELL,Dell Technologies Inc.,0001571996,4,2026-09-10,2026-09-08,0001193125-26-388264,https://www.sec.gov/Archives/edgar/data/1571996/000119312526388264/ownership.xml,nonDerivative,2026-09-08,S,Class C Common Stock,968,533.85,516766.80000000005,65166,I,"Silver Lake Partners V DE (AIV), L.P.",,true,false,true,,SEC EDGAR
"DELL|0001193125-26-388264|nonDerivative|2026-09-08|Silver Lake Partners V DE (AIV), L.P.|S|Class C Common Stock|982|534.94|I",2026-09-11 04:29:41+0000,DELL,Dell Technologies Inc.,0001571996,4,2026-09-10,2026-09-08,0001193125-26-388264,https://www.sec.gov/Archives/edgar/data/1571996/000119312526388264/ownership.xml,nonDerivative,2026-09-08,S,Class C Common Stock,982,534.94,525311.0800000001,64184,I,"Silver Lake Partners V DE (AIV), L.P.",,true,false,true,,SEC EDGAR
"DELL|0001193125-26-388264|nonDerivative|2026-09-08|Silver Lake Partners V DE (AIV), L.P.|S|Class C Common Stock|803|535.73|I",2026-09-11 04:29:41+0000,DELL,Dell Technologies Inc.,0001571996,4,2026-09-10,2026-09-08,0001193125-26-388264,https://www.sec.gov/Archives/edgar/data/1571996/000119312526388264/ownership.xml,nonDerivative,2026-09-08,S,Class C Common Stock,803,535.73,430191.19,63381,I,"Silver Lake Partners V DE (AIV), L.P.",,true,false,true,,SEC EDGAR
"DELL|0001193125-26-388264|nonDerivative|2026-09-08|Silver Lake Partners V DE (AIV), L.P.|S|Class C Common Stock|648|536.40|I",2026-09-11 04:29:41+0000,DELL,Dell Technologies Inc.,0001571996,4,2026-09-10,2026-09-08,0001193125-26-388264,https://www.sec.gov/Archives/edgar/data/1571996/000119312526388264/ownership.xml,nonDerivative,2026-09-08,S,Class C Common Stock,648,536.40,347587.2,62733,I,"Silver Lake Partners V DE (AIV), L.P.",,true,false,true,,SEC EDGAR
"DELL|0001193125-26-388264|nonDerivative|2026-09-08|Silver Lake Partners V DE (AIV), L.P.|J|Class C Common Stock|50263||I",2026-09-11 04:29:41+0000,DELL,Dell Technologies Inc.,0001571996,4,2026-09-10,2026-09-08,0001193125-26-388264,https://www.sec.gov/Archives/edgar/data/1571996/000119312526388264/ownership.xml,nonDerivative,2026-09-08,J,Class C Common Stock,50263,,,12470,I,"Silver Lake Partners V DE (AIV), L.P.",,true,false,true,,SEC EDGAR
"DELL|0001193125-26-388264|derivative|2026-09-08|Silver Lake Partners V DE (AIV), L.P.|M|Class B Common Stock|41165|0|I",2026-09-11 04:29:41+0000,DELL,Dell Technologies Inc.,0001571996,4,2026-09-10,2026-09-08,0001193125-26-388264,https://www.sec.gov/Archives/edgar/data/1571996/000119312526388264/ownership.xml,derivative,2026-09-08,M,Class B Common Stock,41165,0,0.0,9103686,I,"Silver Lake Partners V DE (AIV), L.P.",,true,false,true,,SEC EDGAR
"DELL|0001193125-26-388252|nonDerivative|2026-09-08|Silver Lake Partners IV, L.P.|J|Class C Common Stock|85520||I",2026-09-11 04:29:41+0000,DELL,Dell Technologies Inc.,0001571996,4,2026-09-10,2026-09-08,0001193125-26-388252,https://www.sec.gov/Archives/edgar/data/1571996/000119312526388252/ownership.xml,nonDerivative,2026-09-08,J,Class C Common Stock,85520,,,21317,I,"Silver Lake Partners IV, L.P.",,true,false,true,,SEC EDGAR
"DELL|0001193125-26-388251|nonDerivative|2026-09-08|Silver Lake Partners IV, L.P.|M|Class C Common Stock|76049||I",2026-09-11 04:29:41+0000,DELL,Dell Technologies Inc.,0001571996,4,2026-09-10,2026-09-08,0001193125-26-388251,https://www.sec.gov/Archives/edgar/data/1571996/000119312526388251/ownership.xml,nonDerivative,2026-09-08,M,Class C Common Stock,76049,,,161569,I,"Silver Lake Partners IV, L.P.",,true,false,true,,SEC EDGAR
"DELL|0001193125-26-388251|nonDerivative|2026-09-08|Silver Lake Partners IV, L.P.|S|Class C Common Stock|770|516.27|I",2026-09-11 04:29:41+0000,DELL,Dell Technologies Inc.,0001571996,4,2026-09-10,2026-09-08,0001193125-26-388251,https://www.sec.gov/Archives/edgar/data/1571996/000119312526388251/ownership.xml,nonDerivative,2026-09-08,S,Class C Common Stock,770,516.27,397527.89999999997,160799,I,"Silver Lake Partners IV, L.P.",,true,false,true,,SEC EDGAR
"DELL|0001193125-26-388251|nonDerivative|2026-09-08|Silver Lake Partners IV, L.P.|S|Class C Common Stock|2917|517.42|I",2026-09-11 04:29:41+0000,DELL,Dell Technologies Inc.,0001571996,4,2026-09-10,2026-09-08,0001193125-26-388251,https://www.sec.gov/Archives/edgar/data/1571996/000119312526388251/ownership.xml,nonDerivative,2026-09-08,S,Class C Common Stock,2917,517.42,1509314.14,157882,I,"Silver Lake Partners IV, L.P.",,true,false,true,,SEC EDGAR
"DELL|0001193125-26-388251|nonDerivative|2026-09-08|Silver Lake Partners IV, L.P.|S|Class C Common Stock|2548|518.36|I",2026-09-11 04:29:41+0000,DELL,Dell Technologies Inc.,0001571996,4,2026-09-10,2026-09-08,0001193125-26-388251,https://www.sec.gov/Archives/edgar/data/1571996/000119312526388251/ownership.xml,nonDerivative,2026-09-08,S,Class C Common Stock,2548,518.36,1320781.28,155333,I,"Silver Lake Partners IV, L.P.",,true,false,true,,SEC EDGAR
"DELL|0001193125-26-388251|nonDerivative|2026-09-08|Silver Lake Partners IV, L.P.|S|Class C Common Stock|1565|519.31|I",2026-09-11 04:29:41+0000,DELL,Dell Technologies Inc.,0001571996,4,2026-09-10,2026-09-08,0001193125-26-388251,https://www.sec.gov/Archives/edgar/data/1571996/000119312526388251/ownership.xml,nonDerivative,2026-09-08,S,Class C Common Stock,1565,519.31,812720.1499999999,153769,I,"Silver Lake Partners IV, L.P.",,true,false,true,,SEC EDGAR
"DELL|0001193125-26-388251|nonDerivative|2026-09-08|Silver Lake Partners IV, L.P.|S|Class C Common Stock|806|520.47|I",2026-09-11 04:29:41+0000,DELL,Dell Technologies Inc.,0001571996,4,2026-09-10,2026-09-08,0001193125-26-388251,https://www.sec.gov/Archives/edgar/data/1571996/000119312526388251/ownership.xml,nonDerivative,2026-09-08,S,Class C Common Stock,806,520.47,419498.82,152962,I,"Silver Lake Partners IV, L.P.",,true,false,true,,SEC EDGAR
"DELL|0001193125-26-388251|nonDerivative|2026-09-08|Silver Lake Partners IV, L.P.|S|Class C Common Stock|2438|521.71|I",2026-09-11 04:29:41+0000,DELL,Dell Technologies Inc.,0001571996,4,2026-09-10,2026-09-08,0001193125-26-388251,https://www.sec.gov/Archives/edgar/data/1571996/000119312526388251/ownership.xml,nonDerivative,2026-09-08,S,Class C Common Stock,2438,521.71,1271928.98,150524,I,"Silver Lake Partners IV, L.P.",,true,false,true,,SEC EDGAR
"DELL|0001193125-26-388251|nonDerivative|2026-09-08|Silver Lake Partners IV, L.P.|S|Class C Common Stock|1633|522.65|I",2026-09-11 04:29:41+0000,DELL,Dell Technologies Inc.,0001571996,4,2026-09-10,2026-09-08,0001193125-26-388251,https://www.sec.gov/Archives/edgar/data/1571996/000119312526388251/ownership.xml,nonDerivative,2026-09-08,S,Class C Common Stock,1633,522.65,853487.45,148891,I,"Silver Lake Partners IV, L.P.",,true,false,true,,SEC EDGAR
"DELL|0001193125-26-388251|nonDerivative|2026-09-08|Silver Lake Partners IV, L.P.|S|Class C Common Stock|2491|523.81|I",2026-09-11 04:29:41+0000,DELL,Dell Technologies Inc.,0001571996,4,2026-09-10,2026-09-08,0001193125-26-388251,https://www.sec.gov/Archives/edgar/data/1571996/000119312526388251/ownership.xml,nonDerivative,2026-09-08,S,Class C Common Stock,2491,523.81,1304810.71,146401,I,"Silver Lake Partners IV, L.P.",,true,false,true,,SEC EDGAR
"DELL|0001193125-26-388251|nonDerivative|2026-09-08|Silver Lake Partners IV, L.P.|S|Class C Common Stock|2932|524.63|I",2026-09-11 04:29:41+0000,DELL,Dell Technologies Inc.,0001571996,4,2026-09-10,2026-09-08,0001193125-26-388251,https://www.sec.gov/Archives/edgar/data/1571996/000119312526388251/ownership.xml,nonDerivative,2026-09-08,S,Class C Common Stock,2932,524.63,1538215.16,143469,I,"Silver Lake Partners IV, L.P.",,true,false,true,,SEC EDGAR
"DELL|0001193125-26-388251|nonDerivative|2026-09-08|Silver Lake Partners IV, L.P.|S|Class C Common Stock|3953|525.75|I",2026-09-11 04:29:41+0000,DELL,Dell Technologies Inc.,0001571996,4,2026-09-10,2026-09-08,0001193125-26-388251,https://www.sec.gov/Archives/edgar/data/1571996/000119312526388251/ownership.xml,nonDerivative,2026-09-08,S,Class C Common Stock,3953,525.75,2078289.75,139515,I,"Silver Lake Partners IV, L.P.",,true,false,true,,SEC EDGAR
"DELL|0001193125-26-388251|nonDerivative|2026-09-08|Silver Lake Partners IV, L.P.|S|Class C Common Stock|3184|526.68|I",2026-09-11 04:29:41+0000,DELL,Dell Technologies Inc.,0001571996,4,2026-09-10,2026-09-08,0001193125-26-388251,https://www.sec.gov/Archives/edgar/data/1571996/000119312526388251/ownership.xml,nonDerivative,2026-09-08,S,Class C Common Stock,3184,526.68,1676949.1199999999,136331,I,"Silver Lake Partners IV, L.P.",,true,false,true,,SEC EDGAR
"DELL|0001193125-26-388251|nonDerivative|2026-09-08|Silver Lake Partners IV, L.P.|S|Class C Common Stock|4991|527.70|I",2026-09-11 04:29:41+0000,DELL,Dell Technologies Inc.,0001571996,4,2026-09-10,2026-09-08,0001193125-26-388251,https://www.sec.gov/Archives/edgar/data/1571996/000119312526388251/ownership.xml,nonDerivative,2026-09-08,S,Class C Common Stock,4991,527.70,2633750.7,131340,I,"Silver Lake Partners IV, L.P.",,true,false,true,,SEC EDGAR
"DELL|0001193125-26-388251|nonDerivative|2026-09-08|Silver Lake Partners IV, L.P.|S|Class C Common Stock|3317|528.68|I",2026-09-11 04:29:41+0000,DELL,Dell Technologies Inc.,0001571996,4,2026-09-10,2026-09-08,0001193125-26-388251,https://www.sec.gov/Archives/edgar/data/1571996/000119312526388251/ownership.xml,nonDerivative,2026-09-08,S,Class C Common Stock,3317,528.68,1753631.5599999998,128024,I,"Silver Lake Partners IV, L.P.",,true,false,true,,SEC EDGAR
"DELL|0001193125-26-388251|nonDerivative|2026-09-08|Silver Lake Partners IV, L.P.|S|Class C Common Stock|5930|529.83|I",2026-09-11 04:29:41+0000,DELL,Dell Technologies Inc.,0001571996,4,2026-09-10,2026-09-08,0001193125-26-388251,https://www.sec.gov/Archives/edgar/data/1571996/000119312526388251/ownership.xml,nonDerivative,2026-09-08,S,Class C Common Stock,5930,529.83,3141891.9000000004,122093,I,"Silver Lake Partners IV, L.P.",,true,false,true,,SEC EDGAR
"DELL|0001193125-26-388251|nonDerivative|2026-09-08|Silver Lake Partners IV, L.P.|S|Class C Common Stock|2477|530.66|I",2026-09-11 04:29:41+0000,DELL,Dell Technologies Inc.,0001571996,4,2026-09-10,2026-09-08,0001193125-26-388251,https://www.sec.gov/Archives/edgar/data/1571996/000119312526388251/ownership.xml,nonDerivative,2026-09-08,S,Class C Common Stock,2477,530.66,1314444.8199999998,119617,I,"Silver Lake Partners IV, L.P.",,true,false,true,,SEC EDGAR
"DELL|0001193125-26-388251|nonDerivative|2026-09-08|Silver Lake Partners IV, L.P.|S|Class C Common Stock|4244|531.92|I",2026-09-11 04:29:41+0000,DELL,Dell Technologies Inc.,0001571996,4,2026-09-10,2026-09-08,0001193125-26-388251,https://www.sec.gov/Archives/edgar/data/1571996/000119312526388251/ownership.xml,nonDerivative,2026-09-08,S,Class C Common Stock,4244,531.92,2257468.48,115372,I,"Silver Lake Partners IV, L.P.",,true,false,true,,SEC EDGAR
"DELL|0001193125-26-388251|nonDerivative|2026-09-08|Silver Lake Partners IV, L.P.|S|Class C Common Stock|2048|532.85|I",2026-09-11 04:29:41+0000,DELL,Dell Technologies Inc.,0001571996,4,2026-09-10,2026-09-08,0001193125-26-388251,https://www.sec.gov/Archives/edgar/data/1571996/000119312526388251/ownership.xml,nonDerivative,2026-09-08,S,Class C Common Stock,2048,532.85,1091276.8,113324,I,"Silver Lake Partners IV, L.P.",,true,false,true,,SEC EDGAR
"DELL|0001193125-26-388251|nonDerivative|2026-09-08|Silver Lake Partners IV, L.P.|S|Class C Common Stock|1846|533.85|I",2026-09-11 04:29:41+0000,DELL,Dell Technologies Inc.,0001571996,4,2026-09-10,2026-09-08,0001193125-26-388251,https://www.sec.gov/Archives/edgar/data/1571996/000119312526388251/ownership.xml,nonDerivative,2026-09-08,S,Class C Common Stock,1846,533.85,985487.1000000001,111478,I,"Silver Lake Partners IV, L.P.",,true,false,true,,SEC EDGAR
"DELL|0001193125-26-388251|nonDerivative|2026-09-08|Silver Lake Partners IV, L.P.|S|Class C Common Stock|1874|534.94|I",2026-09-11 04:29:41+0000,DELL,Dell Technologies Inc.,0001571996,4,2026-09-10,2026-09-08,0001193125-26-388251,https://www.sec.gov/Archives/edgar/data/1571996/000119312526388251/ownership.xml,nonDerivative,2026-09-08,S,Class C Common Stock,1874,534.94,1002477.56,109604,I,"Silver Lake Partners IV, L.P.",,true,false,true,,SEC EDGAR
"DELL|0001193125-26-388251|nonDerivative|2026-09-08|Silver Lake Partners IV, L.P.|S|Class C Common Stock|1531|535.73|I",2026-09-11 04:29:41+0000,DELL,Dell Technologies Inc.,0001571996,4,2026-09-10,2026-09-08,0001193125-26-388251,https://www.sec.gov/Archives/edgar/data/1571996/000119312526388251/ownership.xml,nonDerivative,2026-09-08,S,Class C Common Stock,1531,535.73,820202.63,108073,I,"Silver Lake Partners IV, L.P.",,true,false,true,,SEC EDGAR
"DELL|0001193125-26-388251|nonDerivative|2026-09-08|Silver Lake Partners IV, L.P.|S|Class C Common Stock|1236|536.40|I",2026-09-11 04:29:41+0000,DELL,Dell Technologies Inc.,0001571996,4,2026-09-10,2026-09-08,0001193125-26-388251,https://www.sec.gov/Archives/edgar/data/1571996/000119312526388251/ownership.xml,nonDerivative,2026-09-08,S,Class C Common Stock,1236,536.40,662990.4,106837,I,"Silver Lake Partners IV, L.P.",,true,false,true,,SEC EDGAR
"DELL|0001193125-26-388251|nonDerivative|2026-09-08|Silver Lake Partners IV, L.P.|S|Class C Common Stock|1047|528.19|D",2026-09-11 04:29:41+0000,DELL,Dell Technologies Inc.,0001571996,4,2026-09-10,2026-09-08,0001193125-26-388251,https://www.sec.gov/Archives/edgar/data/1571996/000119312526388251/ownership.xml,nonDerivative,2026-09-08,S,Class C Common Stock,1047,528.19,553014.93,1400788,D,"Silver Lake Partners IV, L.P.",,true,false,true,,SEC EDGAR
"DELL|0001193125-26-388251|nonDerivative|2026-09-08|Silver Lake Partners IV, L.P.|S|Class C Common Stock|899|529.26|D",2026-09-11 04:29:41+0000,DELL,Dell Technologies Inc.,0001571996,4,2026-09-10,2026-09-08,0001193125-26-388251,https://www.sec.gov/Archives/edgar/data/1571996/000119312526388251/ownership.xml,nonDerivative,2026-09-08,S,Class C Common Stock,899,529.26,475804.74,1399889,D,"Silver Lake Partners IV, L.P.",,true,false,true,,SEC EDGAR
"DELL|0001193125-26-388251|nonDerivative|2026-09-08|Silver Lake Partners IV, L.P.|S|Class C Common Stock|954|529.92|D",2026-09-11 04:29:41+0000,DELL,Dell Technologies Inc.,0001571996,4,2026-09-10,2026-09-08,0001193125-26-388251,https://www.sec.gov/Archives/edgar/data/1571996/000119312526388251/ownership.xml,nonDerivative,2026-09-08,S,Class C Common Stock,954,529.92,505543.67999999993,1398935,D,"Silver Lake Partners IV, L.P.",,true,false,true,,SEC EDGAR
"DELL|0001193125-26-388251|derivative|2026-09-08|Silver Lake Partners IV, L.P.|M|Class B Common Stock|76049|0|I",2026-09-11 04:29:41+0000,DELL,Dell Technologies Inc.,0001571996,4,2026-09-10,2026-09-08,0001193125-26-388251,https://www.sec.gov/Archives/edgar/data/1571996/000119312526388251/ownership.xml,derivative,2026-09-08,M,Class B Common Stock,76049,0,0.0,16818228,I,"Silver Lake Partners IV, L.P.",,true,false,true,,SEC EDGAR
"DELL|0001193125-26-388258|nonDerivative|2026-09-08|SL SPV-2, L.P.|M|Class C Common Stock|74083||I",2026-09-11 04:29:41+0000,DELL,Dell Technologies Inc.,0001571996,4,2026-09-10,2026-09-08,0001193125-26-388258,https://www.sec.gov/Archives/edgar/data/1571996/000119312526388258/ownership.xml,nonDerivative,2026-09-08,M,Class C Common Stock,74083,,,171398,I,"SL SPV-2, L.P.",,true,false,true,,SEC EDGAR
"DELL|0001193125-26-388258|nonDerivative|2026-09-08|SL SPV-2, L.P.|S|Class C Common Stock|703|516.27|I",2026-09-11 04:29:41+0000,DELL,Dell Technologies Inc.,0001571996,4,2026-09-10,2026-09-08,0001193125-26-388258,https://www.sec.gov/Archives/edgar/data/1571996/000119312526388258/ownership.xml,nonDerivative,2026-09-08,S,Class C Common Stock,703,516.27,362937.81,170695,I,"SL SPV-2, L.P.",,true,false,true,,SEC EDGAR
"DELL|0001193125-26-388258|nonDerivative|2026-09-08|SL SPV-2, L.P.|S|Class C Common Stock|2662|517.42|I",2026-09-11 04:29:41+0000,DELL,Dell Technologies Inc.,0001571996,4,2026-09-10,2026-09-08,0001193125-26-388258,https://www.sec.gov/Archives/edgar/data/1571996/000119312526388258/ownership.xml,nonDerivative,2026-09-08,S,Class C Common Stock,2662,517.42,1377372.0399999998,168033,I,"SL SPV-2, L.P.",,true,false,true,,SEC EDGAR
"DELL|0001193125-26-388258|nonDerivative|2026-09-08|SL SPV-2, L.P.|S|Class C Common Stock|2326|518.36|I",2026-09-11 04:29:41+0000,DELL,Dell Technologies Inc.,0001571996,4,2026-09-10,2026-09-08,0001193125-26-388258,https://www.sec.gov/Archives/edgar/data/1571996/000119312526388258/ownership.xml,nonDerivative,2026-09-08,S,Class C Common Stock,2326,518.36,1205705.36,165707,I,"SL SPV-2, L.P.",,true,false,true,,SEC EDGAR
"DELL|0001193125-26-388258|nonDerivative|2026-09-08|SL SPV-2, L.P.|S|Class C Common Stock|1428|519.31|I",2026-09-11 04:29:41+0000,DELL,Dell Technologies Inc.,0001571996,4,2026-09-10,2026-09-08,0001193125-26-388258,https://www.sec.gov/Archives/edgar/data/1571996/000119312526388258/ownership.xml,nonDerivative,2026-09-08,S,Class C Common Stock,1428,519.31,741574.6799999999,164279,I,"SL SPV-2, L.P.",,true,false,true,,SEC EDGAR
"DELL|0001193125-26-388258|nonDerivative|2026-09-08|SL SPV-2, L.P.|S|Class C Common Stock|736|520.47|I",2026-09-11 04:29:41+0000,DELL,Dell Technologies Inc.,0001571996,4,2026-09-10,2026-09-08,0001193125-26-388258,https://www.sec.gov/Archives/edgar/data/1571996/000119312526388258/ownership.xml,nonDerivative,2026-09-08,S,Class C Common Stock,736,520.47,383065.92000000004,163543,I,"SL SPV-2, L.P.",,true,false,true,,SEC EDGAR
"DELL|0001193125-26-388258|nonDerivative|2026-09-08|SL SPV-2, L.P.|S|Class C Common Stock|2225|521.71|I",2026-09-11 04:29:41+0000,DELL,Dell Technologies Inc.,0001571996,4,2026-09-10,2026-09-08,0001193125-26-388258,https://www.sec.gov/Archives/edgar/data/1571996/000119312526388258/ownership.xml,nonDerivative,2026-09-08,S,Class C Common Stock,2225,521.71,1160804.75,161318,I,"SL SPV-2, L.P.",,true,false,true,,SEC EDGAR
"DELL|0001193125-26-388258|nonDerivative|2026-09-08|SL SPV-2, L.P.|S|Class C Common Stock|1490|522.65|I",2026-09-11 04:29:41+0000,DELL,Dell Technologies Inc.,0001571996,4,2026-09-10,2026-09-08,0001193125-26-388258,https://www.sec.gov/Archives/edgar/data/1571996/000119312526388258/ownership.xml,nonDerivative,2026-09-08,S,Class C Common Stock,1490,522.65,778748.5,159828,I,"SL SPV-2, L.P.",,true,false,true,,SEC EDGAR
"DELL|0001193125-26-388258|nonDerivative|2026-09-08|SL SPV-2, L.P.|S|Class C Common Stock|2273|523.81|I",2026-09-11 04:29:41+0000,DELL,Dell Technologies Inc.,0001571996,4,2026-09-10,2026-09-08,0001193125-26-388258,https://www.sec.gov/Archives/edgar/data/1571996/000119312526388258/ownership.xml,nonDerivative,2026-09-08,S,Class C Common Stock,2273,523.81,1190620.13,157555,I,"SL SPV-2, L.P.",,true,false,true,,SEC EDGAR
"DELL|0001193125-26-388258|nonDerivative|2026-09-08|SL SPV-2, L.P.|S|Class C Common Stock|2676|524.63|I",2026-09-11 04:29:41+0000,DELL,Dell Technologies Inc.,0001571996,4,2026-09-10,2026-09-08,0001193125-26-388258,https://www.sec.gov/Archives/edgar/data/1571996/000119312526388258/ownership.xml,nonDerivative,2026-09-08,S,Class C Common Stock,2676,524.63,1403909.88,154879,I,"SL SPV-2, L.P.",,true,false,true,,SEC EDGAR
"DELL|0001193125-26-388258|nonDerivative|2026-09-08|SL SPV-2, L.P.|S|Class C Common Stock|3608|525.75|I",2026-09-11 04:29:41+0000,DELL,Dell Technologies Inc.,0001571996,4,2026-09-10,2026-09-08,0001193125-26-388258,https://www.sec.gov/Archives/edgar/data/1571996/000119312526388258/ownership.xml,nonDerivative,2026-09-08,S,Class C Common Stock,3608,525.75,1896906.0,151272,I,"SL SPV-2, L.P.",,true,false,true,,SEC EDGAR
"DELL|0001193125-26-388258|nonDerivative|2026-09-08|SL SPV-2, L.P.|S|Class C Common Stock|2906|526.68|I",2026-09-11 04:29:41+0000,DELL,Dell Technologies Inc.,0001571996,4,2026-09-10,2026-09-08,0001193125-26-388258,https://www.sec.gov/Archives/edgar/data/1571996/000119312526388258/ownership.xml,nonDerivative,2026-09-08,S,Class C Common Stock,2906,526.68,1530532.0799999998,148366,I,"SL SPV-2, L.P.",,true,false,true,,SEC EDGAR
"DELL|0001193125-26-388258|nonDerivative|2026-09-08|SL SPV-2, L.P.|S|Class C Common Stock|4555|527.70|I",2026-09-11 04:29:41+0000,DELL,Dell Technologies Inc.,0001571996,4,2026-09-10,2026-09-08,0001193125-26-388258,https://www.sec.gov/Archives/edgar/data/1571996/000119312526388258/ownership.xml,nonDerivative,2026-09-08,S,Class C Common Stock,4555,527.70,2403673.5,143811,I,"SL SPV-2, L.P.",,true,false,true,,SEC EDGAR
"DELL|0001193125-26-388258|nonDerivative|2026-09-08|SL SPV-2, L.P.|S|Class C Common Stock|3027|528.68|I",2026-09-11 04:29:41+0000,DELL,Dell Technologies Inc.,0001571996,4,2026-09-10,2026-09-08,0001193125-26-388258,https://www.sec.gov/Archives/edgar/data/1571996/000119312526388258/ownership.xml,nonDerivative,2026-09-08,S,Class C Common Stock,3027,528.68,1600314.3599999999,140784,I,"SL SPV-2, L.P.",,true,false,true,,SEC EDGAR
"DELL|0001193125-26-388258|nonDerivative|2026-09-08|SL SPV-2, L.P.|S|Class C Common Stock|5412|529.83|I",2026-09-11 04:29:41+0000,DELL,Dell Technologies Inc.,0001571996,4,2026-09-10,2026-09-08,0001193125-26-388258,https://www.sec.gov/Archives/edgar/data/1571996/000119312526388258/ownership.xml,nonDerivative,2026-09-08,S,Class C Common Stock,5412,529.83,2867439.9600000004,135372,I,"SL SPV-2, L.P.",,true,false,true,,SEC EDGAR
"DELL|0001193125-26-388258|nonDerivative|2026-09-08|SL SPV-2, L.P.|S|Class C Common Stock|2260|530.66|I",2026-09-11 04:29:41+0000,DELL,Dell Technologies Inc.,0001571996,4,2026-09-10,2026-09-08,0001193125-26-388258,https://www.sec.gov/Archives/edgar/data/1571996/000119312526388258/ownership.xml,nonDerivative,2026-09-08,S,Class C Common Stock,2260,530.66,1199291.5999999999,133112,I,"SL SPV-2, L.P.",,true,false,true,,SEC EDGAR
"DELL|0001193125-26-388258|nonDerivative|2026-09-08|SL SPV-2, L.P.|S|Class C Common Stock|3873|531.92|I",2026-09-11 04:29:41+0000,DELL,Dell Technologies Inc.,0001571996,4,2026-09-10,2026-09-08,0001193125-26-388258,https://www.sec.gov/Archives/edgar/data/1571996/000119312526388258/ownership.xml,nonDerivative,2026-09-08,S,Class C Common Stock,3873,531.92,2060126.16,129238,I,"SL SPV-2, L.P.",,true,false,true,,SEC EDGAR
"DELL|0001193125-26-388258|nonDerivative|2026-09-08|SL SPV-2, L.P.|S|Class C Common Stock|1869|532.85|I",2026-09-11 04:29:41+0000,DELL,Dell Technologies Inc.,0001571996,4,2026-09-10,2026-09-08,0001193125-26-388258,https://www.sec.gov/Archives/edgar/data/1571996/000119312526388258/ownership.xml,nonDerivative,2026-09-08,S,Class C Common Stock,1869,532.85,995896.65,127369,I,"SL SPV-2, L.P.",,true,false,true,,SEC EDGAR
"DELL|0001193125-26-388258|nonDerivative|2026-09-08|SL SPV-2, L.P.|S|Class C Common Stock|1685|533.85|I",2026-09-11 04:29:41+0000,DELL,Dell Technologies Inc.,0001571996,4,2026-09-10,2026-09-08,0001193125-26-388258,https://www.sec.gov/Archives/edgar/data/1571996/000119312526388258/ownership.xml,nonDerivative,2026-09-08,S,Class C Common Stock,1685,533.85,899537.25,125684,I,"SL SPV-2, L.P.",,true,false,true,,SEC EDGAR
"DELL|0001193125-26-388258|nonDerivative|2026-09-08|SL SPV-2, L.P.|S|Class C Common Stock|1710|534.94|I",2026-09-11 04:29:41+0000,DELL,Dell Technologies Inc.,0001571996,4,2026-09-10,2026-09-08,0001193125-26-388258,https://www.sec.gov/Archives/edgar/data/1571996/000119312526388258/ownership.xml,nonDerivative,2026-09-08,S,Class C Common Stock,1710,534.94,914747.4000000001,123974,I,"SL SPV-2, L.P.",,true,false,true,,SEC EDGAR
"DELL|0001193125-26-388258|nonDerivative|2026-09-08|SL SPV-2, L.P.|S|Class C Common Stock|1397|535.73|I",2026-09-11 04:29:41+0000,DELL,Dell Technologies Inc.,0001571996,4,2026-09-10,2026-09-08,0001193125-26-388258,https://www.sec.gov/Archives/edgar/data/1571996/000119312526388258/ownership.xml,nonDerivative,2026-09-08,S,Class C Common Stock,1397,535.73,748414.81,122577,I,"SL SPV-2, L.P.",,true,false,true,,SEC EDGAR
"DELL|0001193125-26-388258|nonDerivative|2026-09-08|SL SPV-2, L.P.|S|Class C Common Stock|1128|536.40|I",2026-09-11 04:29:41+0000,DELL,Dell Technologies Inc.,0001571996,4,2026-09-10,2026-09-08,0001193125-26-388258,https://www.sec.gov/Archives/edgar/data/1571996/000119312526388258/ownership.xml,nonDerivative,2026-09-08,S,Class C Common Stock,1128,536.40,605059.2,121449,I,"SL SPV-2, L.P.",,true,false,true,,SEC EDGAR
"DELL|0001193125-26-388258|nonDerivative|2026-09-08|SL SPV-2, L.P.|J|Class C Common Stock|97315||I",2026-09-11 04:29:41+0000,DELL,Dell Technologies Inc.,0001571996,4,2026-09-10,2026-09-08,0001193125-26-388258,https://www.sec.gov/Archives/edgar/data/1571996/000119312526388258/ownership.xml,nonDerivative,2026-09-08,J,Class C Common Stock,97315,,,24134,I,"SL SPV-2, L.P.",,true,false,true,,SEC EDGAR
"DELL|0001193125-26-388258|derivative|2026-09-08|SL SPV-2, L.P.|M|Class B Common Stock|74083|0|I",2026-09-11 04:29:41+0000,DELL,Dell Technologies Inc.,0001571996,4,2026-09-10,2026-09-08,0001193125-26-388258,https://www.sec.gov/Archives/edgar/data/1571996/000119312526388258/ownership.xml,derivative,2026-09-08,M,Class B Common Stock,74083,0,0.0,16383250,I,"SL SPV-2, L.P.",,true,false,true,,SEC EDGAR
DDOG|0001561550-26-000306|nonDerivative|2026-09-08|Pomel Olivier|C|Class A Common Stock|89497|0|D,2026-09-11 04:29:41+0000,DDOG,"Datadog, Inc.",0001561550,4,2026-09-10,2026-09-08,0001561550-26-000306,https://www.sec.gov/Archives/edgar/data/1561550/000156155026000306/wk-form4_1789072462.xml,nonDerivative,2026-09-08,C,Class A Common Stock,89497,0,0.0,675913,D,Pomel Olivier,"Director, Officer, Chief Executive Officer",1,1,0,Chief Executive Officer,SEC EDGAR
DDOG|0001561550-26-000306|nonDerivative|2026-09-08|Pomel Olivier|S|Class A Common Stock|10800|204.0258|D,2026-09-11 04:29:41+0000,DDOG,"Datadog, Inc.",0001561550,4,2026-09-10,2026-09-08,0001561550-26-000306,https://www.sec.gov/Archives/edgar/data/1561550/000156155026000306/wk-form4_1789072462.xml,nonDerivative,2026-09-08,S,Class A Common Stock,10800,204.0258,2203478.64,665113,D,Pomel Olivier,"Director, Officer, Chief Executive Officer",1,1,0,Chief Executive Officer,SEC EDGAR
DDOG|0001561550-26-000306|nonDerivative|2026-09-08|Pomel Olivier|S|Class A Common Stock|3000|205.6234|D,2026-09-11 04:29:41+0000,DDOG,"Datadog, Inc.",0001561550,4,2026-09-10,2026-09-08,0001561550-26-000306,https://www.sec.gov/Archives/edgar/data/1561550/000156155026000306/wk-form4_1789072462.xml,nonDerivative,2026-09-08,S,Class A Common Stock,3000,205.6234,616870.2,662113,D,Pomel Olivier,"Director, Officer, Chief Executive Officer",1,1,0,Chief Executive Officer,SEC EDGAR
DDOG|0001561550-26-000306|nonDerivative|2026-09-08|Pomel Olivier|S|Class A Common Stock|10048|206.8157|D,2026-09-11 04:29:41+0000,DDOG,"Datadog, Inc.",0001561550,4,2026-09-10,2026-09-08,0001561550-26-000306,https://www.sec.gov/Archives/edgar/data/1561550/000156155026000306/wk-form4_1789072462.xml,nonDerivative,2026-09-08,S,Class A Common Stock,10048,206.8157,2078084.1535999998,652065,D,Pomel Olivier,"Director, Officer, Chief Executive Officer",1,1,0,Chief Executive Officer,SEC EDGAR
DDOG|0001561550-26-000306|nonDerivative|2026-09-08|Pomel Olivier|S|Class A Common Stock|19287|207.5354|D,2026-09-11 04:29:41+0000,DDOG,"Datadog, Inc.",0001561550,4,2026-09-10,2026-09-08,0001561550-26-000306,https://www.sec.gov/Archives/edgar/data/1561550/000156155026000306/wk-form4_1789072462.xml,nonDerivative,2026-09-08,S,Class A Common Stock,19287,207.5354,4002735.2598,632778,D,Pomel Olivier,"Director, Officer, Chief Executive Officer",1,1,0,Chief Executive Officer,SEC EDGAR
DDOG|0001561550-26-000306|nonDerivative|2026-09-08|Pomel Olivier|S|Class A Common Stock|24283|208.5278|D,2026-09-11 04:29:41+0000,DDOG,"Datadog, Inc.",0001561550,4,2026-09-10,2026-09-08,0001561550-26-000306,https://www.sec.gov/Archives/edgar/data/1561550/000156155026000306/wk-form4_1789072462.xml,nonDerivative,2026-09-08,S,Class A Common Stock,24283,208.5278,5063680.5674,608495,D,Pomel Olivier,"Director, Officer, Chief Executive Officer",1,1,0,Chief Executive Officer,SEC EDGAR
DDOG|0001561550-26-000306|nonDerivative|2026-09-08|Pomel Olivier|S|Class A Common Stock|8006|209.6948|D,2026-09-11 04:29:41+0000,DDOG,"Datadog, Inc.",0001561550,4,2026-09-10,2026-09-08,0001561550-26-000306,https://www.sec.gov/Archives/edgar/data/1561550/000156155026000306/wk-form4_1789072462.xml,nonDerivative,2026-09-08,S,Class A Common Stock,8006,209.6948,1678816.5688,600489,D,Pomel Olivier,"Director, Officer, Chief Executive Officer",1,1,0,Chief Executive Officer,SEC EDGAR
DDOG|0001561550-26-000306|nonDerivative|2026-09-08|Pomel Olivier|S|Class A Common Stock|14073|210.2563|D,2026-09-11 04:29:41+0000,DDOG,"Datadog, Inc.",0001561550,4,2026-09-10,2026-09-08,0001561550-26-000306,https://www.sec.gov/Archives/edgar/data/1561550/000156155026000306/wk-form4_1789072462.xml,nonDerivative,2026-09-08,S,Class A Common Stock,14073,210.2563,2958936.9099000003,586416,D,Pomel Olivier,"Director, Officer, Chief Executive Officer",1,1,0,Chief Executive Officer,SEC EDGAR
DDOG|0001561550-26-000306|derivative|2026-09-08|Pomel Olivier|M|Stock Option (Right to Buy)|38118|0|D,2026-09-11 04:29:41+0000,DDOG,"Datadog, Inc.",0001561550,4,2026-09-10,2026-09-08,0001561550-26-000306,https://www.sec.gov/Archives/edgar/data/1561550/000156155026000306/wk-form4_1789072462.xml,derivative,2026-09-08,M,Stock Option (Right to Buy),38118,0,0.0,190590,D,Pomel Olivier,"Director, Officer, Chief Executive Officer",1,1,0,Chief Executive Officer,SEC EDGAR
DDOG|0001561550-26-000306|derivative|2026-09-08|Pomel Olivier|M|Class B Common Stock|38118|0.9092|D,2026-09-11 04:29:41+0000,DDOG,"Datadog, Inc.",0001561550,4,2026-09-10,2026-09-08,0001561550-26-000306,https://www.sec.gov/Archives/edgar/data/1561550/000156155026000306/wk-form4_1789072462.xml,derivative,2026-09-08,M,Class B Common Stock,38118,0.9092,34656.8856,8784307,D,Pomel Olivier,"Director, Officer, Chief Executive Officer",1,1,0,Chief Executive Officer,SEC EDGAR
DDOG|0001561550-26-000306|derivative|2026-09-08|Pomel Olivier|M|Stock Option (Right to Buy)|35715|0|D,2026-09-11 04:29:41+0000,DDOG,"Datadog, Inc.",0001561550,4,2026-09-10,2026-09-08,0001561550-26-000306,https://www.sec.gov/Archives/edgar/data/1561550/000156155026000306/wk-form4_1789072462.xml,derivative,2026-09-08,M,Stock Option (Right to Buy),35715,0,0.0,631163,D,Pomel Olivier,"Director, Officer, Chief Executive Officer",1,1,0,Chief Executive Officer,SEC EDGAR
DDOG|0001561550-26-000306|derivative|2026-09-08|Pomel Olivier|M|Class B Common Stock|35715|10.74|D,2026-09-11 04:29:41+0000,DDOG,"Datadog, Inc.",0001561550,4,2026-09-10,2026-09-08,0001561550-26-000306,https://www.sec.gov/Archives/edgar/data/1561550/000156155026000306/wk-form4_1789072462.xml,derivative,2026-09-08,M,Class B Common Stock,35715,10.74,383579.10000000003,8820022,D,Pomel Olivier,"Director, Officer, Chief Executive Officer",1,1,0,Chief Executive Officer,SEC EDGAR
DDOG|0001561550-26-000306|derivative|2026-09-08|Pomel Olivier|C|Class B Common Stock|89497|0|D,2026-09-11 04:29:41+0000,DDOG,"Datadog, Inc.",0001561550,4,2026-09-10,2026-09-08,0001561550-26-000306,https://www.sec.gov/Archives/edgar/data/1561550/000156155026000306/wk-form4_1789072462.xml,derivative,2026-09-08,C,Class B Common Stock,89497,0,0.0,8730525,D,Pomel Olivier,"Director, Officer, Chief Executive Officer",1,1,0,Chief Executive Officer,SEC EDGAR
COIN|0001679788-26-000107|nonDerivative|2026-09-08|Andreessen Marc L|S|Class A Common Stock|13676|181.1392|I,2026-09-11 04:29:41+0000,COIN,"Coinbase Global, Inc.",0001679788,4,2026-09-10,2026-09-08,0001679788-26-000107,https://www.sec.gov/Archives/edgar/data/1679788/000167978826000107/wk-form4_1789071473.xml,nonDerivative,2026-09-08,S,Class A Common Stock,13676,181.1392,2477259.6991999997,1136324,I,Andreessen Marc L,Director,1,0,0,,SEC EDGAR
"BMY|0002080176-26-000006|nonDerivative|2026-09-09|Massacesi Cristian|S|Common Stock, $0.10 par value|6249|64.57|D",2026-09-11 04:29:41+0000,BMY,BRISTOL MYERS SQUIBB CO,0000014272,4,2026-09-10,2026-09-09,0002080176-26-000006,https://www.sec.gov/Archives/edgar/data/14272/000208017626000006/wk-form4_1789072637.xml,nonDerivative,2026-09-09,S,"Common Stock, $0.10 par value",6249,64.57,403497.92999999993,18748,D,Massacesi Cristian,"Officer, EVP,Chief Med Offr,Head of Dev",0,1,0,"EVP,Chief Med Offr,Head of Dev",SEC EDGAR
AXON|0001628280-26-061381|nonDerivative|2026-09-08|SMITH PATRICK W|S|Common Stock|71|501.99|D,2026-09-11 04:29:41+0000,AXON,"AXON ENTERPRISE, INC.",0001069183,4,2026-09-10,2026-09-08,0001628280-26-061381,https://www.sec.gov/Archives/edgar/data/1069183/000162828026061381/wk-form4_1789073128.xml,nonDerivative,2026-09-08,S,Common Stock,71,501.99,35641.29,3127941,D,SMITH PATRICK W,"Director, Officer, CHIEF EXECUTIVE OFFICER",1,1,0,CHIEF EXECUTIVE OFFICER,SEC EDGAR
AXON|0001628280-26-061381|nonDerivative|2026-09-08|SMITH PATRICK W|S|Common Stock|410|503.7367|D,2026-09-11 04:29:41+0000,AXON,"AXON ENTERPRISE, INC.",0001069183,4,2026-09-10,2026-09-08,0001628280-26-061381,https://www.sec.gov/Archives/edgar/data/1069183/000162828026061381/wk-form4_1789073128.xml,nonDerivative,2026-09-08,S,Common Stock,410,503.7367,206532.047,3127531,D,SMITH PATRICK W,"Director, Officer, CHIEF EXECUTIVE OFFICER",1,1,0,CHIEF EXECUTIVE OFFICER,SEC EDGAR
AXON|0001628280-26-061381|nonDerivative|2026-09-08|SMITH PATRICK W|S|Common Stock|1104|505.5922|D,2026-09-11 04:29:41+0000,AXON,"AXON ENTERPRISE, INC.",0001069183,4,2026-09-10,2026-09-08,0001628280-26-061381,https://www.sec.gov/Archives/edgar/data/1069183/000162828026061381/wk-form4_1789073128.xml,nonDerivative,2026-09-08,S,Common Stock,1104,505.5922,558173.7888,3126427,D,SMITH PATRICK W,"Director, Officer, CHIEF EXECUTIVE OFFICER",1,1,0,CHIEF EXECUTIVE OFFICER,SEC EDGAR
AXON|0001628280-26-061381|nonDerivative|2026-09-08|SMITH PATRICK W|S|Common Stock|744|506.4781|D,2026-09-11 04:29:41+0000,AXON,"AXON ENTERPRISE, INC.",0001069183,4,2026-09-10,2026-09-08,0001628280-26-061381,https://www.sec.gov/Archives/edgar/data/1069183/000162828026061381/wk-form4_1789073128.xml,nonDerivative,2026-09-08,S,Common Stock,744,506.4781,376819.70639999997,3125683,D,SMITH PATRICK W,"Director, Officer, CHIEF EXECUTIVE OFFICER",1,1,0,CHIEF EXECUTIVE OFFICER,SEC EDGAR
AXON|0001628280-26-061381|nonDerivative|2026-09-08|SMITH PATRICK W|S|Common Stock|749|507.476|D,2026-09-11 04:29:41+0000,AXON,"AXON ENTERPRISE, INC.",0001069183,4,2026-09-10,2026-09-08,0001628280-26-061381,https://www.sec.gov/Archives/edgar/data/1069183/000162828026061381/wk-form4_1789073128.xml,nonDerivative,2026-09-08,S,Common Stock,749,507.476,380099.524,3124934,D,SMITH PATRICK W,"Director, Officer, CHIEF EXECUTIVE OFFICER",1,1,0,CHIEF EXECUTIVE OFFICER,SEC EDGAR
AXON|0001628280-26-061381|nonDerivative|2026-09-08|SMITH PATRICK W|S|Common Stock|1774|508.4505|D,2026-09-11 04:29:41+0000,AXON,"AXON ENTERPRISE, INC.",0001069183,4,2026-09-10,2026-09-08,0001628280-26-061381,https://www.sec.gov/Archives/edgar/data/1069183/000162828026061381/wk-form4_1789073128.xml,nonDerivative,2026-09-08,S,Common Stock,1774,508.4505,901991.1869999999,3123160,D,SMITH PATRICK W,"Director, Officer, CHIEF EXECUTIVE OFFICER",1,1,0,CHIEF EXECUTIVE OFFICER,SEC EDGAR
AXON|0001628280-26-061381|nonDerivative|2026-09-08|SMITH PATRICK W|S|Common Stock|1319|509.3189|D,2026-09-11 04:29:41+0000,AXON,"AXON ENTERPRISE, INC.",0001069183,4,2026-09-10,2026-09-08,0001628280-26-061381,https://www.sec.gov/Archives/edgar/data/1069183/000162828026061381/wk-form4_1789073128.xml,nonDerivative,2026-09-08,S,Common Stock,1319,509.3189,671791.6291,3121841,D,SMITH PATRICK W,"Director, Officer, CHIEF EXECUTIVE OFFICER",1,1,0,CHIEF EXECUTIVE OFFICER,SEC EDGAR
AXON|0001628280-26-061381|nonDerivative|2026-09-08|SMITH PATRICK W|S|Common Stock|1348|510.587|D,2026-09-11 04:29:41+0000,AXON,"AXON ENTERPRISE, INC.",0001069183,4,2026-09-10,2026-09-08,0001628280-26-061381,https://www.sec.gov/Archives/edgar/data/1069183/000162828026061381/wk-form4_1789073128.xml,nonDerivative,2026-09-08,S,Common Stock,1348,510.587,688271.276,3120493,D,SMITH PATRICK W,"Director, Officer, CHIEF EXECUTIVE OFFICER",1,1,0,CHIEF EXECUTIVE OFFICER,SEC EDGAR
AXON|0001628280-26-061381|nonDerivative|2026-09-08|SMITH PATRICK W|S|Common Stock|1251|511.4341|D,2026-09-11 04:29:41+0000,AXON,"AXON ENTERPRISE, INC.",0001069183,4,2026-09-10,2026-09-08,0001628280-26-061381,https://www.sec.gov/Archives/edgar/data/1069183/000162828026061381/wk-form4_1789073128.xml,nonDerivative,2026-09-08,S,Common Stock,1251,511.4341,639804.0591,3119242,D,SMITH PATRICK W,"Director, Officer, CHIEF EXECUTIVE OFFICER",1,1,0,CHIEF EXECUTIVE OFFICER,SEC EDGAR
AXON|0001628280-26-061381|nonDerivative|2026-09-08|SMITH PATRICK W|S|Common Stock|1033|512.7022|D,2026-09-11 04:29:41+0000,AXON,"AXON ENTERPRISE, INC.",0001069183,4,2026-09-10,2026-09-08,0001628280-26-061381,https://www.sec.gov/Archives/edgar/data/1069183/000162828026061381/wk-form4_1789073128.xml,nonDerivative,2026-09-08,S,Common Stock,1033,512.7022,529621.3726,3118209,D,SMITH PATRICK W,"Director, Officer, CHIEF EXECUTIVE OFFICER",1,1,0,CHIEF EXECUTIVE OFFICER,SEC EDGAR
AXON|0001628280-26-061381|nonDerivative|2026-09-08|SMITH PATRICK W|S|Common Stock|197|513.3808|D,2026-09-11 04:29:41+0000,AXON,"AXON ENTERPRISE, INC.",0001069183,4,2026-09-10,2026-09-08,0001628280-26-061381,https://www.sec.gov/Archives/edgar/data/1069183/000162828026061381/wk-form4_1789073128.xml,nonDerivative,2026-09-08,S,Common Stock,197,513.3808,101136.0176,3118012,D,SMITH PATRICK W,"Director, Officer, CHIEF EXECUTIVE OFFICER",1,1,0,CHIEF EXECUTIVE OFFICER,SEC EDGAR
ANET|0001596532-26-000226|nonDerivative|2026-09-08|TEMPLETON MARK B|S|Common Stock|1300|195.2692|D,2026-09-11 04:29:41+0000,ANET,"Arista Networks, Inc.",0001596532,4,2026-09-10,2026-09-08,0001596532-26-000226,https://www.sec.gov/Archives/edgar/data/1596532/000159653226000226/edgardoc.xml,nonDerivative,2026-09-08,S,Common Stock,1300,195.2692,253849.96000000002,57110,D,TEMPLETON MARK B,Director,1,0,0,,SEC EDGAR
ANET|0001596532-26-000226|nonDerivative|2026-09-08|TEMPLETON MARK B|S|Common Stock|700|196.1986|D,2026-09-11 04:29:41+0000,ANET,"Arista Networks, Inc.",0001596532,4,2026-09-10,2026-09-08,0001596532-26-000226,https://www.sec.gov/Archives/edgar/data/1596532/000159653226000226/edgardoc.xml,nonDerivative,2026-09-08,S,Common Stock,700,196.1986,137339.02,56410,D,TEMPLETON MARK B,Director,1,0,0,,SEC EDGAR
ANET|0001596532-26-000226|nonDerivative|2026-09-08|TEMPLETON MARK B|S|Common Stock|1000|197.4598|D,2026-09-11 04:29:41+0000,ANET,"Arista Networks, Inc.",0001596532,4,2026-09-10,2026-09-08,0001596532-26-000226,https://www.sec.gov/Archives/edgar/data/1596532/000159653226000226/edgardoc.xml,nonDerivative,2026-09-08,S,Common Stock,1000,197.4598,197459.8,55410,D,TEMPLETON MARK B,Director,1,0,0,,SEC EDGAR
ANET|0001596532-26-000226|nonDerivative|2026-09-08|TEMPLETON MARK B|S|Common Stock|1700|198.4376|D,2026-09-11 04:29:41+0000,ANET,"Arista Networks, Inc.",0001596532,4,2026-09-10,2026-09-08,0001596532-26-000226,https://www.sec.gov/Archives/edgar/data/1596532/000159653226000226/edgardoc.xml,nonDerivative,2026-09-08,S,Common Stock,1700,198.4376,337343.92,53710,D,TEMPLETON MARK B,Director,1,0,0,,SEC EDGAR
ANET|0001596532-26-000226|nonDerivative|2026-09-08|TEMPLETON MARK B|S|Common Stock|300|199.3167|D,2026-09-11 04:29:41+0000,ANET,"Arista Networks, Inc.",0001596532,4,2026-09-10,2026-09-08,0001596532-26-000226,https://www.sec.gov/Archives/edgar/data/1596532/000159653226000226/edgardoc.xml,nonDerivative,2026-09-08,S,Common Stock,300,199.3167,59795.01,53410,D,TEMPLETON MARK B,Director,1,0,0,,SEC EDGAR
ANET|0001596532-26-000225|nonDerivative|2026-09-08|Duda Kenneth|J|Common Stock|100000|0.0|I,2026-09-11 04:29:41+0000,ANET,"Arista Networks, Inc.",0001596532,4,2026-09-10,2026-09-08,0001596532-26-000225,https://www.sec.gov/Archives/edgar/data/1596532/000159653226000225/edgardoc.xml,nonDerivative,2026-09-08,J,Common Stock,100000,0.0,0.0,719237,I,Duda Kenneth,"Director, Officer, President and CTO",1,1,0,President and CTO,SEC EDGAR
ANET|0001596532-26-000225|nonDerivative|2026-09-08|Duda Kenneth|J|Common Stock|200000|0.0|I,2026-09-11 04:29:41+0000,ANET,"Arista Networks, Inc.",0001596532,4,2026-09-10,2026-09-08,0001596532-26-000225,https://www.sec.gov/Archives/edgar/data/1596532/000159653226000225/edgardoc.xml,nonDerivative,2026-09-08,J,Common Stock,200000,0.0,0.0,24695,I,Duda Kenneth,"Director, Officer, President and CTO",1,1,0,President and CTO,SEC EDGAR
AMAT|0001628280-26-061408|nonDerivative|2026-09-08|BRUNER JUDY|S|Common Stock|1000|465|I,2026-09-11 04:29:41+0000,AMAT,APPLIED MATERIALS INC /DE,0000006951,4,2026-09-10,2026-09-08,0001628280-26-061408,https://www.sec.gov/Archives/edgar/data/6951/000162828026061408/wk-form4_1789074224.xml,nonDerivative,2026-09-08,S,Common Stock,1000,465,465000.0,25544,I,BRUNER JUDY,Director,1,0,0,,SEC EDGAR
AJG|0000354190-26-000207|nonDerivative|2026-09-08|Gallagher Patrick Murphy|G|Common Stock|49988|0|I,2026-09-11 04:29:41+0000,AJG,Arthur J. Gallagher & Co.,0000354190,4,2026-09-10,2026-09-08,0000354190-26-000207,https://www.sec.gov/Archives/edgar/data/354190/000035419026000207/form4.xml,nonDerivative,2026-09-08,G,Common Stock,49988,0,0.0,148093.25,I,Gallagher Patrick Murphy,"Officer, Chief Operating Officer",,1,,Chief Operating Officer,SEC EDGAR
AJG|0000354190-26-000205|nonDerivative|2026-09-08|GALLAGHER J PATRICK JR|G|Common Stock|49988|0|I,2026-09-11 04:29:41+0000,AJG,Arthur J. Gallagher & Co.,0000354190,4,2026-09-10,2026-09-08,0000354190-26-000205,https://www.sec.gov/Archives/edgar/data/354190/000035419026000205/form4.xml,nonDerivative,2026-09-08,G,Common Stock,49988,0,0.0,0,I,GALLAGHER J PATRICK JR,"Director, Officer, CEO",1,1,,CEO,SEC EDGAR
"AFL|0001104659-26-106570|nonDerivative|2026-09-08|Japan Post Holdings Co., Ltd.|S|Common Stock|11500|115.32|I",2026-09-11 04:29:41+0000,AFL,AFLAC INC,0000004977,4,2026-09-10,2026-09-08,0001104659-26-106570,https://www.sec.gov/Archives/edgar/data/4977/000110465926106570/tm2624595-5_4seq1.xml,nonDerivative,2026-09-08,S,Common Stock,11500,115.32,1326180.0,50641190,I,"Japan Post Holdings Co., Ltd.",10% Owner,0,0,1,,SEC EDGAR
"AFL|0001104659-26-106570|nonDerivative|2026-09-08|Japan Post Holdings Co., Ltd.|S|Common Stock|2100|116.11|I",2026-09-11 04:29:41+0000,AFL,AFLAC INC,0000004977,4,2026-09-10,2026-09-08,0001104659-26-106570,https://www.sec.gov/Archives/edgar/data/4977/000110465926106570/tm2624595-5_4seq1.xml,nonDerivative,2026-09-08,S,Common Stock,2100,116.11,243831.0,50639090,I,"Japan Post Holdings Co., Ltd.",10% Owner,0,0,1,,SEC EDGAR
ADP|0001225208-26-007726|nonDerivative|2026-09-09|Sugla Vishwas|A|Common Stock|2827.0000|0.0000|D,2026-09-11 04:29:41+0000,ADP,AUTOMATIC DATA PROCESSING INC,0000008670,4,2026-09-10,2026-09-09,0001225208-26-007726,https://www.sec.gov/Archives/edgar/data/8670/000122520826007726/doc4.xml,nonDerivative,2026-09-09,A,Common Stock,2827.0000,0.0000,0.0,2827.0000,D,Sugla Vishwas,"Officer, Chief Strategy Officer",,1,,Chief Strategy Officer,SEC EDGAR
ADP|0001225208-26-007726|nonDerivative|2026-09-09|Sugla Vishwas|A|Common Stock|2073.0000|0.0000|D,2026-09-11 04:29:41+0000,ADP,AUTOMATIC DATA PROCESSING INC,0000008670,4,2026-09-10,2026-09-09,0001225208-26-007726,https://www.sec.gov/Archives/edgar/data/8670/000122520826007726/doc4.xml,nonDerivative,2026-09-09,A,Common Stock,2073.0000,0.0000,0.0,4900.0000,D,Sugla Vishwas,"Officer, Chief Strategy Officer",,1,,Chief Strategy Officer,SEC EDGAR
ADM|0001225208-26-007729|nonDerivative|2026-09-08|Jones Regina|F|Common Stock|1706.0000|84.6100|D,2026-09-11 04:29:41+0000,ADM,Archer-Daniels-Midland Co,0000007084,4,2026-09-10,2026-09-08,0001225208-26-007729,https://www.sec.gov/Archives/edgar/data/7084/000122520826007729/doc4.xml,nonDerivative,2026-09-08,F,Common Stock,1706.0000,84.6100,144344.66,87022.0000,D,Jones Regina,"Officer, Senior Vice President",,1,,Senior Vice President,SEC EDGAR
ADI|0000900729-26-000017|nonDerivative|2026-09-08|STATA RAY|S|Comm Stock - $.16-2/3 value|364|361.2577|D,2026-09-11 04:29:41+0000,ADI,ANALOG DEVICES INC,0000006281,4,2026-09-10,2026-09-08,0000900729-26-000017,https://www.sec.gov/Archives/edgar/data/6281/000090072926000017/wk-form4_1789075246.xml,nonDerivative,2026-09-08,S,Comm Stock - $.16-2/3 value,364,361.2577,131497.8028,112731,D,STATA RAY,Director,1,0,0,,SEC EDGAR
ADI|0000900729-26-000017|nonDerivative|2026-09-08|STATA RAY|S|Comm Stock - $.16-2/3 value|462|362.2012|D,2026-09-11 04:29:41+0000,ADI,ANALOG DEVICES INC,0000006281,4,2026-09-10,2026-09-08,0000900729-26-000017,https://www.sec.gov/Archives/edgar/data/6281/000090072926000017/wk-form4_1789075246.xml,nonDerivative,2026-09-08,S,Comm Stock - $.16-2/3 value,462,362.2012,167336.9544,112269,D,STATA RAY,Director,1,0,0,,SEC EDGAR
ADI|0000900729-26-000017|nonDerivative|2026-09-08|STATA RAY|S|Comm Stock - $.16-2/3 value|222|363.3769|D,2026-09-11 04:29:41+0000,ADI,ANALOG DEVICES INC,0000006281,4,2026-09-10,2026-09-08,0000900729-26-000017,https://www.sec.gov/Archives/edgar/data/6281/000090072926000017/wk-form4_1789075246.xml,nonDerivative,2026-09-08,S,Comm Stock - $.16-2/3 value,222,363.3769,80669.6718,112047,D,STATA RAY,Director,1,0,0,,SEC EDGAR
ADI|0000900729-26-000017|nonDerivative|2026-09-08|STATA RAY|S|Comm Stock - $.16-2/3 value|200|364.3699|D,2026-09-11 04:29:41+0000,ADI,ANALOG DEVICES INC,0000006281,4,2026-09-10,2026-09-08,0000900729-26-000017,https://www.sec.gov/Archives/edgar/data/6281/000090072926000017/wk-form4_1789075246.xml,nonDerivative,2026-09-08,S,Comm Stock - $.16-2/3 value,200,364.3699,72873.98,111847,D,STATA RAY,Director,1,0,0,,SEC EDGAR
ADI|0000900729-26-000017|nonDerivative|2026-09-08|STATA RAY|S|Comm Stock - $.16-2/3 value|156|365.5117|D,2026-09-11 04:29:41+0000,ADI,ANALOG DEVICES INC,0000006281,4,2026-09-10,2026-09-08,0000900729-26-000017,https://www.sec.gov/Archives/edgar/data/6281/000090072926000017/wk-form4_1789075246.xml,nonDerivative,2026-09-08,S,Comm Stock - $.16-2/3 value,156,365.5117,57019.82520000001,111691,D,STATA RAY,Director,1,0,0,,SEC EDGAR
ADI|0000900729-26-000017|nonDerivative|2026-09-08|STATA RAY|S|Comm Stock - $.16-2/3 value|12|366.045|D,2026-09-11 04:29:41+0000,ADI,ANALOG DEVICES INC,0000006281,4,2026-09-10,2026-09-08,0000900729-26-000017,https://www.sec.gov/Archives/edgar/data/6281/000090072926000017/wk-form4_1789075246.xml,nonDerivative,2026-09-08,S,Comm Stock - $.16-2/3 value,12,366.045,4392.54,111679,D,STATA RAY,Director,1,0,0,,SEC EDGAR
ADI|0000900729-26-000017|nonDerivative|2026-09-09|STATA RAY|S|Comm Stock - $.16-2/3 value|158|361.9282|D,2026-09-11 04:29:41+0000,ADI,ANALOG DEVICES INC,0000006281,4,2026-09-10,2026-09-08,0000900729-26-000017,https://www.sec.gov/Archives/edgar/data/6281/000090072926000017/wk-form4_1789075246.xml,nonDerivative,2026-09-09,S,Comm Stock - $.16-2/3 value,158,361.9282,57184.6556,111521,D,STATA RAY,Director,1,0,0,,SEC EDGAR
ADI|0000900729-26-000017|nonDerivative|2026-09-09|STATA RAY|S|Comm Stock - $.16-2/3 value|369|362.9393|D,2026-09-11 04:29:41+0000,ADI,ANALOG DEVICES INC,0000006281,4,2026-09-10,2026-09-08,0000900729-26-000017,https://www.sec.gov/Archives/edgar/data/6281/000090072926000017/wk-form4_1789075246.xml,nonDerivative,2026-09-09,S,Comm Stock - $.16-2/3 value,369,362.9393,133924.6017,111152,D,STATA RAY,Director,1,0,0,,SEC EDGAR
ADI|0000900729-26-000017|nonDerivative|2026-09-09|STATA RAY|S|Comm Stock - $.16-2/3 value|461|363.9043|D,2026-09-11 04:29:41+0000,ADI,ANALOG DEVICES INC,0000006281,4,2026-09-10,2026-09-08,0000900729-26-000017,https://www.sec.gov/Archives/edgar/data/6281/000090072926000017/wk-form4_1789075246.xml,nonDerivative,2026-09-09,S,Comm Stock - $.16-2/3 value,461,363.9043,167759.8823,110691,D,STATA RAY,Director,1,0,0,,SEC EDGAR
ADI|0000900729-26-000017|nonDerivative|2026-09-09|STATA RAY|S|Comm Stock - $.16-2/3 value|356|364.9028|D,2026-09-11 04:29:41+0000,ADI,ANALOG DEVICES INC,0000006281,4,2026-09-10,2026-09-08,0000900729-26-000017,https://www.sec.gov/Archives/edgar/data/6281/000090072926000017/wk-form4_1789075246.xml,nonDerivative,2026-09-09,S,Comm Stock - $.16-2/3 value,356,364.9028,129905.3968,110335,D,STATA RAY,Director,1,0,0,,SEC EDGAR
ADI|0000900729-26-000017|nonDerivative|2026-09-09|STATA RAY|S|Comm Stock - $.16-2/3 value|72|365.9733|D,2026-09-11 04:29:41+0000,ADI,ANALOG DEVICES INC,0000006281,4,2026-09-10,2026-09-08,0000900729-26-000017,https://www.sec.gov/Archives/edgar/data/6281/000090072926000017/wk-form4_1789075246.xml,nonDerivative,2026-09-09,S,Comm Stock - $.16-2/3 value,72,365.9733,26350.0776,110263,D,STATA RAY,Director,1,0,0,,SEC EDGAR
AAPL|0001140361-26-036226|nonDerivative|2026-09-08|Newstead Jennifer|S|Common Stock|1438|317.23|D,2026-09-11 04:29:41+0000,AAPL,Apple Inc.,0000320193,4,2026-09-10,2026-09-08,0001140361-26-036226,https://www.sec.gov/Archives/edgar/data/320193/000114036126036226/form4.xml,nonDerivative,2026-09-08,S,Common Stock,1438,317.23,456176.74000000005,34352,D,Newstead Jennifer,"SVP, GC and Government Affairs",,true,,"SVP, GC and Government Affairs",SEC EDGAR
A|0001090872-26-000067|nonDerivative|2026-09-08|Boehnlein Glenn S|A|Common Stock|817|146.85|D,2026-09-11 04:29:41+0000,A,"AGILENT TECHNOLOGIES, INC.",0001090872,4,2026-09-10,2026-09-08,0001090872-26-000067,https://www.sec.gov/Archives/edgar/data/1090872/000109087226000067/form4.xml,nonDerivative,2026-09-08,A,Common Stock,817,146.85,119976.45,817,D,Boehnlein Glenn S,Director,1,,,,SEC EDGAR
ZBH|0001346672-26-000010|nonDerivative|2026-09-04|Phipps Chad F|S|Common Stock|3000|98.35|D,2026-09-11 04:29:41+0000,ZBH,"ZIMMER BIOMET HOLDINGS, INC.",0001136869,4,2026-09-09,2026-09-04,0001346672-26-000010,https://www.sec.gov/Archives/edgar/data/1136869/000134667226000010/form4-09092026_080951.xml,nonDerivative,2026-09-04,S,Common Stock,3000,98.35,295050.0,65231,D,Phipps Chad F,See remarks below.,false,true,false,See remarks below.,SEC EDGAR
WMT|0001886367-26-000025|nonDerivative|2026-09-08|Watkins Latriece|F|Common|227.113|107.14|D,2026-09-11 04:29:41+0000,WMT,Walmart Inc.,0000104169,4,2026-09-09,2026-09-08,0001886367-26-000025,https://www.sec.gov/Archives/edgar/data/104169/000188636726000025/wk-form4_1788988202.xml,nonDerivative,2026-09-08,F,Common,227.113,107.14,24332.88682,115655.272,D,Watkins Latriece,"Officer, Executive Vice President",0,1,0,Executive Vice President,SEC EDGAR
WMT|0002110643-26-000018|nonDerivative|2026-09-08|Milum Dwayne M|F|Common|121.178|107.14|D,2026-09-11 04:29:41+0000,WMT,Walmart Inc.,0000104169,4,2026-09-09,2026-09-08,0002110643-26-000018,https://www.sec.gov/Archives/edgar/data/104169/000211064326000018/wk-form4_1788988391.xml,nonDerivative,2026-09-08,F,Common,121.178,107.14,12983.01092,49030.454,D,Milum Dwayne M,"Officer, SVP & Controller",0,1,0,SVP & Controller,SEC EDGAR
WMT|0002110304-26-000021|nonDerivative|2026-09-08|Guggina David W|F|Common|117.725|107.14|D,2026-09-11 04:29:41+0000,WMT,Walmart Inc.,0000104169,4,2026-09-09,2026-09-08,0002110304-26-000021,https://www.sec.gov/Archives/edgar/data/104169/000211030426000021/wk-form4_1788988237.xml,nonDerivative,2026-09-08,F,Common,117.725,107.14,12613.056499999999,124724.127,D,Guggina David W,"Officer, Executive Vice President",0,1,0,Executive Vice President,SEC EDGAR
WMT|0002058309-26-000017|nonDerivative|2026-09-08|Dallaire Seth|F|Common|386.619|107.14|D,2026-09-11 04:29:41+0000,WMT,Walmart Inc.,0000104169,4,2026-09-09,2026-09-08,0002058309-26-000017,https://www.sec.gov/Archives/edgar/data/104169/000205830926000017/wk-form4_1788988410.xml,nonDerivative,2026-09-08,F,Common,386.619,107.14,41422.35966,377242.537,D,Dallaire Seth,"Officer, Executive Vice President",0,1,0,Executive Vice President,SEC EDGAR
WDAY|0001444158-26-000018|nonDerivative|2026-09-05|Rowe Zane|F|Class A Common Stock|2808|195.79|D,2026-09-11 04:29:41+0000,WDAY,"Workday, Inc.",0001327811,4,2026-09-09,2026-09-05,0001444158-26-000018,https://www.sec.gov/Archives/edgar/data/1327811/000144415826000018/wk-form4_1788991040.xml,nonDerivative,2026-09-05,F,Class A Common Stock,2808,195.79,549778.32,285652,D,Rowe Zane,"Officer, Chief Financial Officer",0,1,0,Chief Financial Officer,SEC EDGAR
WDAY|0002060774-26-000015|nonDerivative|2026-09-05|Kazmaier Gerrit S|F|Class A Common Stock|3369|195.79|D,2026-09-11 04:29:41+0000,WDAY,"Workday, Inc.",0001327811,4,2026-09-09,2026-09-05,0002060774-26-000015,https://www.sec.gov/Archives/edgar/data/1327811/000206077426000015/wk-form4_1788990958.xml,nonDerivative,2026-09-05,F,Class A Common Stock,3369,195.79,659616.51,263019,D,Kazmaier Gerrit S,"Officer, President, Prod. and Tech.",0,1,0,"President, Prod. and Tech.",SEC EDGAR
WDAY|0001928908-26-000015|nonDerivative|2026-09-05|Enslin Robert|F|Class A Common Stock|2228|195.79|D,2026-09-11 04:29:41+0000,WDAY,"Workday, Inc.",0001327811,4,2026-09-09,2026-09-05,0001928908-26-000015,https://www.sec.gov/Archives/edgar/data/1327811/000192890826000015/wk-form4_1788990840.xml,nonDerivative,2026-09-05,F,Class A Common Stock,2228,195.79,436220.12,237241,D,Enslin Robert,"Officer, President, CCO",0,1,0,"President, CCO",SEC EDGAR
WDAY|0000938071-26-000051|nonDerivative|2026-09-04|DUFFIELD DAVID A|C|Class A Common Stock|90615|0|D,2026-09-11 04:29:41+0000,WDAY,"Workday, Inc.",0001327811,4,2026-09-09,2026-09-04,0000938071-26-000051,https://www.sec.gov/Archives/edgar/data/1327811/000093807126000051/wk-form4_1788990725.xml,nonDerivative,2026-09-04,C,Class A Common Stock,90615,0,0.0,195664,D,DUFFIELD DAVID A,10% Owner,0,0,1,,SEC EDGAR
WDAY|0000938071-26-000051|nonDerivative|2026-09-04|DUFFIELD DAVID A|S|Class A Common Stock|13666|195.8074|D,2026-09-11 04:29:41+0000,WDAY,"Workday, Inc.",0001327811,4,2026-09-09,2026-09-04,0000938071-26-000051,https://www.sec.gov/Archives/edgar/data/1327811/000093807126000051/wk-form4_1788990725.xml,nonDerivative,2026-09-04,S,Class A Common Stock,13666,195.8074,2675903.9284,181998,D,DUFFIELD DAVID A,10% Owner,0,0,1,,SEC EDGAR
WDAY|0000938071-26-000051|nonDerivative|2026-09-04|DUFFIELD DAVID A|S|Class A Common Stock|6241|196.7256|D,2026-09-11 04:29:41+0000,WDAY,"Workday, Inc.",0001327811,4,2026-09-09,2026-09-04,0000938071-26-000051,https://www.sec.gov/Archives/edgar/data/1327811/000093807126000051/wk-form4_1788990725.xml,nonDerivative,2026-09-04,S,Class A Common Stock,6241,196.7256,1227764.4696,175757,D,DUFFIELD DAVID A,10% Owner,0,0,1,,SEC EDGAR
WDAY|0000938071-26-000051|nonDerivative|2026-09-04|DUFFIELD DAVID A|S|Class A Common Stock|31605|198.1095|D,2026-09-11 04:29:41+0000,WDAY,"Workday, Inc.",0001327811,4,2026-09-09,2026-09-04,0000938071-26-000051,https://www.sec.gov/Archives/edgar/data/1327811/000093807126000051/wk-form4_1788990725.xml,nonDerivative,2026-09-04,S,Class A Common Stock,31605,198.1095,6261250.7475,144152,D,DUFFIELD DAVID A,10% Owner,0,0,1,,SEC EDGAR
WDAY|0000938071-26-000051|nonDerivative|2026-09-04|DUFFIELD DAVID A|S|Class A Common Stock|30048|198.8661|D,2026-09-11 04:29:41+0000,WDAY,"Workday, Inc.",0001327811,4,2026-09-09,2026-09-04,0000938071-26-000051,https://www.sec.gov/Archives/edgar/data/1327811/000093807126000051/wk-form4_1788990725.xml,nonDerivative,2026-09-04,S,Class A Common Stock,30048,198.8661,5975528.572799999,114104,D,DUFFIELD DAVID A,10% Owner,0,0,1,,SEC EDGAR
WDAY|0000938071-26-000051|nonDerivative|2026-09-04|DUFFIELD DAVID A|S|Class A Common Stock|7631|199.9094|D,2026-09-11 04:29:41+0000,WDAY,"Workday, Inc.",0001327811,4,2026-09-09,2026-09-04,0000938071-26-000051,https://www.sec.gov/Archives/edgar/data/1327811/000093807126000051/wk-form4_1788990725.xml,nonDerivative,2026-09-04,S,Class A Common Stock,7631,199.9094,1525508.6314,106473,D,DUFFIELD DAVID A,10% Owner,0,0,1,,SEC EDGAR
WDAY|0000938071-26-000051|nonDerivative|2026-09-04|DUFFIELD DAVID A|S|Class A Common Stock|224|200.5861|D,2026-09-11 04:29:41+0000,WDAY,"Workday, Inc.",0001327811,4,2026-09-09,2026-09-04,0000938071-26-000051,https://www.sec.gov/Archives/edgar/data/1327811/000093807126000051/wk-form4_1788990725.xml,nonDerivative,2026-09-04,S,Class A Common Stock,224,200.5861,44931.2864,106249,D,DUFFIELD DAVID A,10% Owner,0,0,1,,SEC EDGAR
WDAY|0000938071-26-000051|nonDerivative|2026-09-04|DUFFIELD DAVID A|S|Class A Common Stock|600|201.75|D,2026-09-11 04:29:41+0000,WDAY,"Workday, Inc.",0001327811,4,2026-09-09,2026-09-04,0000938071-26-000051,https://www.sec.gov/Archives/edgar/data/1327811/000093807126000051/wk-form4_1788990725.xml,nonDerivative,2026-09-04,S,Class A Common Stock,600,201.75,121050.0,105649,D,DUFFIELD DAVID A,10% Owner,0,0,1,,SEC EDGAR
WDAY|0000938071-26-000051|nonDerivative|2026-09-04|DUFFIELD DAVID A|S|Class A Common Stock|600|204.05|D,2026-09-11 04:29:41+0000,WDAY,"Workday, Inc.",0001327811,4,2026-09-09,2026-09-04,0000938071-26-000051,https://www.sec.gov/Archives/edgar/data/1327811/000093807126000051/wk-form4_1788990725.xml,nonDerivative,2026-09-04,S,Class A Common Stock,600,204.05,122430.0,105049,D,DUFFIELD DAVID A,10% Owner,0,0,1,,SEC EDGAR
WDAY|0000938071-26-000051|derivative|2026-09-04|DUFFIELD DAVID A|C|Class B Common Stock|90615|0|D,2026-09-11 04:29:41+0000,WDAY,"Workday, Inc.",0001327811,4,2026-09-09,2026-09-04,0000938071-26-000051,https://www.sec.gov/Archives/edgar/data/1327811/000093807126000051/wk-form4_1788990725.xml,derivative,2026-09-04,C,Class B Common Stock,90615,0,0.0,36268258,D,DUFFIELD DAVID A,10% Owner,0,0,1,,SEC EDGAR
VZ|0001760581-26-000052|nonDerivative|2026-09-08|Malady Kyle|S|Common Stock|1100|49.98|D,2026-09-11 04:29:41+0000,VZ,VERIZON COMMUNICATIONS INC,0000732712,4,2026-09-09,2026-09-08,0001760581-26-000052,https://www.sec.gov/Archives/edgar/data/732712/000176058126000052/wk-form4_1788975645.xml,nonDerivative,2026-09-08,S,Common Stock,1100,49.98,54978.0,106566,D,Malady Kyle,"Officer, EVP and Group CEO-VZ Business",0,1,0,EVP and Group CEO-VZ Business,SEC EDGAR
VRSN|0001624651-26-000049|nonDerivative|2026-09-08|Indelicarto Thomas C|S|Common Stock|500|289.16|D,2026-09-11 04:29:41+0000,VRSN,VERISIGN INC/CA,0001014473,4,2026-09-09,2026-09-08,0001624651-26-000049,https://www.sec.gov/Archives/edgar/data/1014473/000162465126000049/wk-form4_1788986396.xml,nonDerivative,2026-09-08,S,Common Stock,500,289.16,144580.0,32894.5328,D,Indelicarto Thomas C,"Officer, EVP, Gen Counsel & Secretary",0,1,0,"EVP, Gen Counsel & Secretary",SEC EDGAR
VRSN|0001204816-26-000042|nonDerivative|2026-09-08|BIDZOS D JAMES|S|Common Stock|300|279.6625|D,2026-09-11 04:29:41+0000,VRSN,VERISIGN INC/CA,0001014473,4,2026-09-09,2026-09-08,0001204816-26-000042,https://www.sec.gov/Archives/edgar/data/1014473/000120481626000042/wk-form4_1788986736.xml,nonDerivative,2026-09-08,S,Common Stock,300,279.6625,83898.75,394627.4109,D,BIDZOS D JAMES,"Director, Officer, Exec. Chairman, Pres, & CEO",1,1,0,"Exec. Chairman, Pres, & CEO",SEC EDGAR
VRSN|0001204816-26-000042|nonDerivative|2026-09-08|BIDZOS D JAMES|S|Common Stock|400|280.8175|D,2026-09-11 04:29:41+0000,VRSN,VERISIGN INC/CA,0001014473,4,2026-09-09,2026-09-08,0001204816-26-000042,https://www.sec.gov/Archives/edgar/data/1014473/000120481626000042/wk-form4_1788986736.xml,nonDerivative,2026-09-08,S,Common Stock,400,280.8175,112327.0,394227.4109,D,BIDZOS D JAMES,"Director, Officer, Exec. Chairman, Pres, & CEO",1,1,0,"Exec. Chairman, Pres, & CEO",SEC EDGAR
VRSN|0001204816-26-000042|nonDerivative|2026-09-08|BIDZOS D JAMES|S|Common Stock|900|282.031|D,2026-09-11 04:29:41+0000,VRSN,VERISIGN INC/CA,0001014473,4,2026-09-09,2026-09-08,0001204816-26-000042,https://www.sec.gov/Archives/edgar/data/1014473/000120481626000042/wk-form4_1788986736.xml,nonDerivative,2026-09-08,S,Common Stock,900,282.031,253827.9,393327.4109,D,BIDZOS D JAMES,"Director, Officer, Exec. Chairman, Pres, & CEO",1,1,0,"Exec. Chairman, Pres, & CEO",SEC EDGAR
VRSN|0001204816-26-000042|nonDerivative|2026-09-08|BIDZOS D JAMES|S|Common Stock|300|282.99|D,2026-09-11 04:29:41+0000,VRSN,VERISIGN INC/CA,0001014473,4,2026-09-09,2026-09-08,0001204816-26-000042,https://www.sec.gov/Archives/edgar/data/1014473/000120481626000042/wk-form4_1788986736.xml,nonDerivative,2026-09-08,S,Common Stock,300,282.99,84897.0,393027.4109,D,BIDZOS D JAMES,"Director, Officer, Exec. Chairman, Pres, & CEO",1,1,0,"Exec. Chairman, Pres, & CEO",SEC EDGAR
VRSN|0001204816-26-000042|nonDerivative|2026-09-08|BIDZOS D JAMES|S|Common Stock|300|285.70|D,2026-09-11 04:29:41+0000,VRSN,VERISIGN INC/CA,0001014473,4,2026-09-09,2026-09-08,0001204816-26-000042,https://www.sec.gov/Archives/edgar/data/1014473/000120481626000042/wk-form4_1788986736.xml,nonDerivative,2026-09-08,S,Common Stock,300,285.70,85710.0,392727.4109,D,BIDZOS D JAMES,"Director, Officer, Exec. Chairman, Pres, & CEO",1,1,0,"Exec. Chairman, Pres, & CEO",SEC EDGAR
VRSN|0001204816-26-000042|nonDerivative|2026-09-08|BIDZOS D JAMES|S|Common Stock|100|287.04|D,2026-09-11 04:29:41+0000,VRSN,VERISIGN INC/CA,0001014473,4,2026-09-09,2026-09-08,0001204816-26-000042,https://www.sec.gov/Archives/edgar/data/1014473/000120481626000042/wk-form4_1788986736.xml,nonDerivative,2026-09-08,S,Common Stock,100,287.04,28704.000000000004,392627.4109,D,BIDZOS D JAMES,"Director, Officer, Exec. Chairman, Pres, & CEO",1,1,0,"Exec. Chairman, Pres, & CEO",SEC EDGAR
VRSN|0001204816-26-000042|nonDerivative|2026-09-08|BIDZOS D JAMES|S|Common Stock|1000|289.16|D,2026-09-11 04:29:41+0000,VRSN,VERISIGN INC/CA,0001014473,4,2026-09-09,2026-09-08,0001204816-26-000042,https://www.sec.gov/Archives/edgar/data/1014473/000120481626000042/wk-form4_1788986736.xml,nonDerivative,2026-09-08,S,Common Stock,1000,289.16,289160.0,391627.4109,D,BIDZOS D JAMES,"Director, Officer, Exec. Chairman, Pres, & CEO",1,1,0,"Exec. Chairman, Pres, & CEO",SEC EDGAR
TSLA|0001104659-26-106432|nonDerivative|2026-09-05|Taneja Vaibhav|M|Common Stock|6539|0.0|D,2026-09-11 04:29:41+0000,TSLA,"Tesla, Inc.",0001318605,4,2026-09-09,2026-09-05,0001104659-26-106432,https://www.sec.gov/Archives/edgar/data/1318605/000110465926106432/tm2625055d1_4seq1.xml,nonDerivative,2026-09-05,M,Common Stock,6539,0.0,0.0,28578,D,Taneja Vaibhav,"Officer, Chief Financial Officer",0,1,0,Chief Financial Officer,SEC EDGAR
TSLA|0001104659-26-106432|nonDerivative|2026-09-08|Taneja Vaibhav|S|Common Stock|2605.75|360.134|D,2026-09-11 04:29:41+0000,TSLA,"Tesla, Inc.",0001318605,4,2026-09-09,2026-09-05,0001104659-26-106432,https://www.sec.gov/Archives/edgar/data/1318605/000110465926106432/tm2625055d1_4seq1.xml,nonDerivative,2026-09-08,S,Common Stock,2605.75,360.134,938419.1705,25972.25,D,Taneja Vaibhav,"Officer, Chief Financial Officer",0,1,0,Chief Financial Officer,SEC EDGAR
TSLA|0001104659-26-106432|derivative|2026-09-05|Taneja Vaibhav|M|Restricted Stock Unit|6539|0.000|D,2026-09-11 04:29:41+0000,TSLA,"Tesla, Inc.",0001318605,4,2026-09-09,2026-09-05,0001104659-26-106432,https://www.sec.gov/Archives/edgar/data/1318605/000110465926106432/tm2625055d1_4seq1.xml,derivative,2026-09-05,M,Restricted Stock Unit,6539,0.000,0.0,52305,D,Taneja Vaibhav,"Officer, Chief Financial Officer",0,1,0,Chief Financial Officer,SEC EDGAR
TSCO|0001989273-26-000014|nonDerivative|2026-09-04|Ham Margaret M|L|Common stock|84.895|35.047|D,2026-09-11 04:29:41+0000,TSCO,TRACTOR SUPPLY CO /DE/,0000916365,4,2026-09-09,2026-09-04,0001989273-26-000014,https://www.sec.gov/Archives/edgar/data/916365/000198927326000014/wk-form4_1788986189.xml,nonDerivative,2026-09-04,L,Common stock,84.895,35.047,2975.315065,19612.622,D,Ham Margaret M,Director,1,0,0,,SEC EDGAR
TPL|0001437749-26-029936|nonDerivative|2026-09-08|HORIZON KINETICS ASSET MANAGEMENT LLC|P|Common Stock|1|375.10|D,2026-09-11 04:29:41+0000,TPL,Texas Pacific Land Corp,0001811074,4,2026-09-09,2026-09-08,0001437749-26-029936,https://www.sec.gov/Archives/edgar/data/1811074/000143774926029936/rdgdoc.xml,nonDerivative,2026-09-08,P,Common Stock,1,375.10,375.1,3390842,D,HORIZON KINETICS ASSET MANAGEMENT LLC,10% Owner,,,1,,SEC EDGAR
SWKS|0001976916-26-000003|nonDerivative|2026-09-08|Carter Philip Matthew|M|Common Stock|9917||D,2026-09-11 04:29:41+0000,SWKS,"SKYWORKS SOLUTIONS, INC.",0000004127,4,2026-09-09,2026-09-08,0001976916-26-000003,https://www.sec.gov/Archives/edgar/data/4127/000197691626000003/wk-form4_1788985987.xml,nonDerivative,2026-09-08,M,Common Stock,9917,,,9917,D,Carter Philip Matthew,"Officer, SVP & Chief Financial Officer",0,1,0,SVP & Chief Financial Officer,SEC EDGAR
SWKS|0001976916-26-000003|nonDerivative|2026-09-08|Carter Philip Matthew|F|Common Stock|5046|75.38|D,2026-09-11 04:29:41+0000,SWKS,"SKYWORKS SOLUTIONS, INC.",0000004127,4,2026-09-09,2026-09-08,0001976916-26-000003,https://www.sec.gov/Archives/edgar/data/4127/000197691626000003/wk-form4_1788985987.xml,nonDerivative,2026-09-08,F,Common Stock,5046,75.38,380367.48,4871,D,Carter Philip Matthew,"Officer, SVP & Chief Financial Officer",0,1,0,SVP & Chief Financial Officer,SEC EDGAR
SWKS|0001976916-26-000003|derivative|2026-09-08|Carter Philip Matthew|M|Restricted Stock Units|9917|0|D,2026-09-11 04:29:41+0000,SWKS,"SKYWORKS SOLUTIONS, INC.",0000004127,4,2026-09-09,2026-09-08,0001976916-26-000003,https://www.sec.gov/Archives/edgar/data/4127/000197691626000003/wk-form4_1788985987.xml,derivative,2026-09-08,M,Restricted Stock Units,9917,0,0.0,29749,D,Carter Philip Matthew,"Officer, SVP & Chief Financial Officer",0,1,0,SVP & Chief Financial Officer,SEC EDGAR
SBUX|0000829224-26-000135|nonDerivative|2026-09-04|BREWER BRADY|S|Common Stock|2229|105.60|D,2026-09-11 04:29:41+0000,SBUX,STARBUCKS CORP,0000829224,4,2026-09-09,2026-09-04,0000829224-26-000135,https://www.sec.gov/Archives/edgar/data/829224/000082922426000135/form4.xml,nonDerivative,2026-09-04,S,Common Stock,2229,105.60,235382.4,73148.502,D,BREWER BRADY,"Officer, ceo, International",,1,,"ceo, International",SEC EDGAR
ROK|0001825762-26-000004|nonDerivative|2026-09-05|Woods Isaac|M|Common Stock|325|0|D,2026-09-11 04:29:41+0000,ROK,"ROCKWELL AUTOMATION, INC",0001024478,4,2026-09-09,2026-09-05,0001825762-26-000004,https://www.sec.gov/Archives/edgar/data/1024478/000182576226000004/wk-form4_1788987053.xml,nonDerivative,2026-09-05,M,Common Stock,325,0,0.0,2012,D,Woods Isaac,"Officer, Vice President and Treasurer",0,1,0,Vice President and Treasurer,SEC EDGAR
ROK|0001825762-26-000004|nonDerivative|2026-09-08|Woods Isaac|S|Common Stock|44|432.11|D,2026-09-11 04:29:41+0000,ROK,"ROCKWELL AUTOMATION, INC",0001024478,4,2026-09-09,2026-09-05,0001825762-26-000004,https://www.sec.gov/Archives/edgar/data/1024478/000182576226000004/wk-form4_1788987053.xml,nonDerivative,2026-09-08,S,Common Stock,44,432.11,19012.84,1968,D,Woods Isaac,"Officer, Vice President and Treasurer",0,1,0,Vice President and Treasurer,SEC EDGAR
ROK|0001825762-26-000004|nonDerivative|2026-09-08|Woods Isaac|S|Common Stock|110|432.83|D,2026-09-11 04:29:41+0000,ROK,"ROCKWELL AUTOMATION, INC",0001024478,4,2026-09-09,2026-09-05,0001825762-26-000004,https://www.sec.gov/Archives/edgar/data/1024478/000182576226000004/wk-form4_1788987053.xml,nonDerivative,2026-09-08,S,Common Stock,110,432.83,47611.299999999996,1858,D,Woods Isaac,"Officer, Vice President and Treasurer",0,1,0,Vice President and Treasurer,SEC EDGAR
ROK|0001825762-26-000004|derivative|2026-09-05|Woods Isaac|M|Restricted Stock Units|325|0|D,2026-09-11 04:29:41+0000,ROK,"ROCKWELL AUTOMATION, INC",0001024478,4,2026-09-09,2026-09-05,0001825762-26-000004,https://www.sec.gov/Archives/edgar/data/1024478/000182576226000004/wk-form4_1788987053.xml,derivative,2026-09-05,M,Restricted Stock Units,325,0,0.0,325,D,Woods Isaac,"Officer, Vice President and Treasurer",0,1,0,Vice President and Treasurer,SEC EDGAR
PCG|0001628280-26-061139|nonDerivative|2026-09-04|Fugate William Craig|S|Common Stock|6500|13.76|D,2026-09-11 04:29:41+0000,PCG,PG&E Corp,0001004980,4,2026-09-09,2026-09-04,0001628280-26-061139,https://www.sec.gov/Archives/edgar/data/1004980/000162828026061139/wk-form4_1788984927.xml,nonDerivative,2026-09-04,S,Common Stock,6500,13.76,89440.0,73530.26,D,Fugate William Craig,Director,1,0,0,,SEC EDGAR
"NRG|0001225208-26-007712|nonDerivative|2026-09-08|Spencer Gerald Alfred|S|Common Stock, par value $.01 per share|1580.0000|120.9300|D",2026-09-11 04:29:41+0000,NRG,"NRG ENERGY, INC.",0001013871,4,2026-09-09,2026-09-08,0001225208-26-007712,https://www.sec.gov/Archives/edgar/data/1013871/000122520826007712/doc4.xml,nonDerivative,2026-09-08,S,"Common Stock, par value $.01 per share",1580.0000,120.9300,191069.40000000002,6213.0000,D,Spencer Gerald Alfred,"Officer, SVP & Chief Accounting Officer",,1,,SVP & Chief Accounting Officer,SEC EDGAR
NFLX|0001065280-26-000269|nonDerivative|2026-09-08|BARTON RICHARD N|M|Common Stock|720|20.107|D,2026-09-11 04:29:41+0000,NFLX,NETFLIX INC,0001065280,4,2026-09-09,2026-09-08,0001065280-26-000269,https://www.sec.gov/Archives/edgar/data/1065280/000106528026000269/wk-form4_1788984509.xml,nonDerivative,2026-09-08,M,Common Stock,720,20.107,14477.039999999999,3180,D,BARTON RICHARD N,Director,1,0,0,,SEC EDGAR
NFLX|0001065280-26-000269|nonDerivative|2026-09-08|BARTON RICHARD N|S|Common Stock|720|77.60|D,2026-09-11 04:29:41+0000,NFLX,NETFLIX INC,0001065280,4,2026-09-09,2026-09-08,0001065280-26-000269,https://www.sec.gov/Archives/edgar/data/1065280/000106528026000269/wk-form4_1788984509.xml,nonDerivative,2026-09-08,S,Common Stock,720,77.60,55871.99999999999,2460,D,BARTON RICHARD N,Director,1,0,0,,SEC EDGAR
NFLX|0001065280-26-000269|derivative|2026-09-08|BARTON RICHARD N|M|Non-Qualified Stock Option (right to buy)|720|0|D,2026-09-11 04:29:41+0000,NFLX,NETFLIX INC,0001065280,4,2026-09-09,2026-09-08,0001065280-26-000269,https://www.sec.gov/Archives/edgar/data/1065280/000106528026000269/wk-form4_1788984509.xml,derivative,2026-09-08,M,Non-Qualified Stock Option (right to buy),720,0,0.0,230,D,BARTON RICHARD N,Director,1,0,0,,SEC EDGAR
MKC|0000063754-26-000311|derivative|2026-09-08|Piper Sarah|A|Phantom Stock|48.911|51.90|I,2026-09-11 04:29:41+0000,MKC,MCCORMICK & CO INC,0000063754,4,2026-09-09,2026-09-08,0000063754-26-000311,https://www.sec.gov/Archives/edgar/data/63754/000006375426000311/form4.xml,derivative,2026-09-08,A,Phantom Stock,48.911,51.90,2538.4809,4986.288,I,Piper Sarah,"Officer, Chief Human Relations Officer",0,1,0,Chief Human Relations Officer,SEC EDGAR
MKC|0000063754-26-000313|derivative|2026-07-20|PRESTON MARGARET M V|J|Phantom Stock|269.397|52.24|I,2026-09-11 04:29:41+0000,MKC,MCCORMICK & CO INC,0000063754,4,2026-09-09,2026-07-20,0000063754-26-000313,https://www.sec.gov/Archives/edgar/data/63754/000006375426000313/form4.xml,derivative,2026-07-20,J,Phantom Stock,269.397,52.24,14073.29928,29588.762,I,PRESTON MARGARET M V,Director,1,0,0,,SEC EDGAR
MKC|0000063754-26-000315|nonDerivative|2026-07-20|Foust Andrew|J|Common Stock - Voting|50.94|52.22|D,2026-09-11 04:29:41+0000,MKC,MCCORMICK & CO INC,0000063754,4,2026-09-09,2026-07-20,0000063754-26-000315,https://www.sec.gov/Archives/edgar/data/63754/000006375426000315/form4.xml,nonDerivative,2026-07-20,J,Common Stock - Voting,50.94,52.22,2660.0868,13386.33,D,Foust Andrew,"Officer, Chief Integration Officer",0,1,0,Chief Integration Officer,SEC EDGAR
MKC|0000063754-26-000315|nonDerivative|2026-07-20|Foust Andrew|J|Common Stock - Non Voting|3.10|52.22|D,2026-09-11 04:29:41+0000,MKC,MCCORMICK & CO INC,0000063754,4,2026-09-09,2026-07-20,0000063754-26-000315,https://www.sec.gov/Archives/edgar/data/63754/000006375426000315/form4.xml,nonDerivative,2026-07-20,J,Common Stock - Non Voting,3.10,52.22,161.882,340.70,D,Foust Andrew,"Officer, Chief Integration Officer",0,1,0,Chief Integration Officer,SEC EDGAR
MKC|0000063754-26-000309|derivative|2026-09-08|Foley Brendan M|A|Phantom Stock|48.300|51.90|I,2026-09-11 04:29:41+0000,MKC,MCCORMICK & CO INC,0000063754,4,2026-09-09,2026-09-08,0000063754-26-000309,https://www.sec.gov/Archives/edgar/data/63754/000006375426000309/form4.xml,derivative,2026-09-08,A,Phantom Stock,48.300,51.90,2506.77,14537.757,I,Foley Brendan M,"Director, Officer, Chairman, President & CEO",1,1,0,"Chairman, President & CEO",SEC EDGAR
KEYS|0001621346-26-000008|nonDerivative|2026-09-04|Estrada Ingrid A|S|Common Stock|2000|326.10|D,2026-09-11 04:29:41+0000,KEYS,"Keysight Technologies, Inc.",0001601046,4,2026-09-09,2026-09-04,0001621346-26-000008,https://www.sec.gov/Archives/edgar/data/1601046/000162134626000008/wk-form4_1788948200.xml,nonDerivative,2026-09-04,S,Common Stock,2000,326.10,652200.0,101861.19,D,Estrada Ingrid A,"Officer, SVP",0,1,0,SVP,SEC EDGAR
IVZ|0001674244-26-000010|nonDerivative|2026-09-04|DUKES LAURA ALLISON|S|Common Shares|31075|33.1629|D,2026-09-11 04:29:41+0000,IVZ,Invesco Ltd.,0000914208,4,2026-09-09,2026-09-04,0001674244-26-000010,https://www.sec.gov/Archives/edgar/data/914208/000167424426000010/wk-form4_1788971581.xml,nonDerivative,2026-09-04,S,Common Shares,31075,33.1629,1030537.1175,259183,D,DUKES LAURA ALLISON,"Officer, Chief Financial Officer",0,1,0,Chief Financial Officer,SEC EDGAR
IVZ|0001674244-26-000010|nonDerivative|2026-09-04|DUKES LAURA ALLISON|G|Common Shares|7600|0|D,2026-09-11 04:29:41+0000,IVZ,Invesco Ltd.,0000914208,4,2026-09-09,2026-09-04,0001674244-26-000010,https://www.sec.gov/Archives/edgar/data/914208/000167424426000010/wk-form4_1788971581.xml,nonDerivative,2026-09-04,G,Common Shares,7600,0,0.0,251583,D,DUKES LAURA ALLISON,"Officer, Chief Financial Officer",0,1,0,Chief Financial Officer,SEC EDGAR
ISRG|0002010300-26-000031|nonDerivative|2026-09-08|Brosius Mark|S|Common Stock|46|361.23|D,2026-09-11 04:29:41+0000,ISRG,INTUITIVE SURGICAL INC,0001035267,4,2026-09-09,2026-09-08,0002010300-26-000031,https://www.sec.gov/Archives/edgar/data/1035267/000201030026000031/edgardoc.xml,nonDerivative,2026-09-08,S,Common Stock,46,361.23,16616.58,835,D,Brosius Mark,"Officer, EVP & Chief Mfg and Supply Cha",0,1,0,EVP & Chief Mfg and Supply Cha,SEC EDGAR
ISRG|0002010300-26-000031|nonDerivative|2026-09-09|Brosius Mark|S|Common Stock|23|350.2|D,2026-09-11 04:29:41+0000,ISRG,INTUITIVE SURGICAL INC,0001035267,4,2026-09-09,2026-09-08,0002010300-26-000031,https://www.sec.gov/Archives/edgar/data/1035267/000201030026000031/edgardoc.xml,nonDerivative,2026-09-09,S,Common Stock,23,350.2,8054.599999999999,812,D,Brosius Mark,"Officer, EVP & Chief Mfg and Supply Cha",0,1,0,EVP & Chief Mfg and Supply Cha,SEC EDGAR
INTU|0001628280-26-061198|nonDerivative|2026-09-08|DALZELL RICHARD L|S|Common Stock|285|325.36|D,2026-09-11 04:29:41+0000,INTU,INTUIT INC.,0000896878,4,2026-09-09,2026-09-08,0001628280-26-061198,https://www.sec.gov/Archives/edgar/data/896878/000162828026061198/wk-form4_1788997194.xml,nonDerivative,2026-09-08,S,Common Stock,285,325.36,92727.6,11531,D,DALZELL RICHARD L,Director,1,0,0,,SEC EDGAR
IDXX|0000874716-26-000127|nonDerivative|2026-09-04|Kingsley Lawrence D|M|Common Stock|2203|114.17|D,2026-09-11 04:29:41+0000,IDXX,IDEXX LABORATORIES INC /DE,0000874716,4,2026-09-09,2026-09-04,0000874716-26-000127,https://www.sec.gov/Archives/edgar/data/874716/000087471626000127/wk-form4_1788987605.xml,nonDerivative,2026-09-04,M,Common Stock,2203,114.17,251516.51,11771,D,Kingsley Lawrence D,Director,1,0,0,,SEC EDGAR
IDXX|0000874716-26-000127|nonDerivative|2026-09-04|Kingsley Lawrence D|S|Common Stock|2203|532.0826|D,2026-09-11 04:29:41+0000,IDXX,IDEXX LABORATORIES INC /DE,0000874716,4,2026-09-09,2026-09-04,0000874716-26-000127,https://www.sec.gov/Archives/edgar/data/874716/000087471626000127/wk-form4_1788987605.xml,nonDerivative,2026-09-04,S,Common Stock,2203,532.0826,1172177.9678,9568,D,Kingsley Lawrence D,Director,1,0,0,,SEC EDGAR
IDXX|0000874716-26-000127|derivative|2026-09-04|Kingsley Lawrence D|M|Non-Qualified Stock Option (right-to-buy)|2203||D,2026-09-11 04:29:41+0000,IDXX,IDEXX LABORATORIES INC /DE,0000874716,4,2026-09-09,2026-09-04,0000874716-26-000127,https://www.sec.gov/Archives/edgar/data/874716/000087471626000127/wk-form4_1788987605.xml,derivative,2026-09-04,M,Non-Qualified Stock Option (right-to-buy),2203,,,0,D,Kingsley Lawrence D,Director,1,0,0,,SEC EDGAR
"HSY|0000950142-26-002530|nonDerivative|2026-09-08|HERSHEY TRUST CO TRUSTEE IN TRUST FOR MILTON HERSHEY SCHOOL|S|Common Stock, $1.00 par value|355|171.1331|D",2026-09-11 04:29:41+0000,HSY,HERSHEY CO,0000047111,4,2026-09-09,2026-09-08,0000950142-26-002530,https://www.sec.gov/Archives/edgar/data/47111/000095014226002530/es260828059_4-hsy.xml,nonDerivative,2026-09-08,S,"Common Stock, $1.00 par value",355,171.1331,60752.2505,855764,D,HERSHEY TRUST CO TRUSTEE IN TRUST FOR MILTON HERSHEY SCHOOL,10% Owner,0,0,1,,SEC EDGAR
"HSY|0000950142-26-002530|nonDerivative|2026-09-08|HERSHEY TRUST CO TRUSTEE IN TRUST FOR MILTON HERSHEY SCHOOL|S|Common Stock, $1.00 par value|334|172.49|D",2026-09-11 04:29:41+0000,HSY,HERSHEY CO,0000047111,4,2026-09-09,2026-09-08,0000950142-26-002530,https://www.sec.gov/Archives/edgar/data/47111/000095014226002530/es260828059_4-hsy.xml,nonDerivative,2026-09-08,S,"Common Stock, $1.00 par value",334,172.49,57611.66,855430,D,HERSHEY TRUST CO TRUSTEE IN TRUST FOR MILTON HERSHEY SCHOOL,10% Owner,0,0,1,,SEC EDGAR
"HSY|0000950142-26-002530|nonDerivative|2026-09-08|HERSHEY TRUST CO TRUSTEE IN TRUST FOR MILTON HERSHEY SCHOOL|S|Common Stock, $1.00 par value|7489|173.4569|D",2026-09-11 04:29:41+0000,HSY,HERSHEY CO,0000047111,4,2026-09-09,2026-09-08,0000950142-26-002530,https://www.sec.gov/Archives/edgar/data/47111/000095014226002530/es260828059_4-hsy.xml,nonDerivative,2026-09-08,S,"Common Stock, $1.00 par value",7489,173.4569,1299018.7241,847941,D,HERSHEY TRUST CO TRUSTEE IN TRUST FOR MILTON HERSHEY SCHOOL,10% Owner,0,0,1,,SEC EDGAR
"HSY|0000950142-26-002530|nonDerivative|2026-09-08|HERSHEY TRUST CO TRUSTEE IN TRUST FOR MILTON HERSHEY SCHOOL|S|Common Stock, $1.00 par value|1822|174.2646|D",2026-09-11 04:29:41+0000,HSY,HERSHEY CO,0000047111,4,2026-09-09,2026-09-08,0000950142-26-002530,https://www.sec.gov/Archives/edgar/data/47111/000095014226002530/es260828059_4-hsy.xml,nonDerivative,2026-09-08,S,"Common Stock, $1.00 par value",1822,174.2646,317510.1012,846119,D,HERSHEY TRUST CO TRUSTEE IN TRUST FOR MILTON HERSHEY SCHOOL,10% Owner,0,0,1,,SEC EDGAR
"HSY|0000950142-26-002530|nonDerivative|2026-09-09|HERSHEY TRUST CO TRUSTEE IN TRUST FOR MILTON HERSHEY SCHOOL|S|Common Stock, $1.00 par value|1325|170.8036|D",2026-09-11 04:29:41+0000,HSY,HERSHEY CO,0000047111,4,2026-09-09,2026-09-08,0000950142-26-002530,https://www.sec.gov/Archives/edgar/data/47111/000095014226002530/es260828059_4-hsy.xml,nonDerivative,2026-09-09,S,"Common Stock, $1.00 par value",1325,170.8036,226314.77,844794,D,HERSHEY TRUST CO TRUSTEE IN TRUST FOR MILTON HERSHEY SCHOOL,10% Owner,0,0,1,,SEC EDGAR
"HSY|0000950142-26-002530|nonDerivative|2026-09-09|HERSHEY TRUST CO TRUSTEE IN TRUST FOR MILTON HERSHEY SCHOOL|S|Common Stock, $1.00 par value|6195|171.4689|D",2026-09-11 04:29:41+0000,HSY,HERSHEY CO,0000047111,4,2026-09-09,2026-09-08,0000950142-26-002530,https://www.sec.gov/Archives/edgar/data/47111/000095014226002530/es260828059_4-hsy.xml,nonDerivative,2026-09-09,S,"Common Stock, $1.00 par value",6195,171.4689,1062249.8355,838599,D,HERSHEY TRUST CO TRUSTEE IN TRUST FOR MILTON HERSHEY SCHOOL,10% Owner,0,0,1,,SEC EDGAR
"HSY|0000950142-26-002530|nonDerivative|2026-09-09|HERSHEY TRUST CO TRUSTEE IN TRUST FOR MILTON HERSHEY SCHOOL|S|Common Stock, $1.00 par value|2480|172.1721|D",2026-09-11 04:29:41+0000,HSY,HERSHEY CO,0000047111,4,2026-09-09,2026-09-08,0000950142-26-002530,https://www.sec.gov/Archives/edgar/data/47111/000095014226002530/es260828059_4-hsy.xml,nonDerivative,2026-09-09,S,"Common Stock, $1.00 par value",2480,172.1721,426986.808,836119,D,HERSHEY TRUST CO TRUSTEE IN TRUST FOR MILTON HERSHEY SCHOOL,10% Owner,0,0,1,,SEC EDGAR
"HSIC|0002025230-26-000008|nonDerivative|2026-09-08|Albertini Andrea|F|Common Stock, par value $0.01 per share|603.00|88.86|D",2026-09-11 04:29:41+0000,HSIC,HENRY SCHEIN INC,0001000228,4,2026-09-09,2026-09-08,0002025230-26-000008,https://www.sec.gov/Archives/edgar/data/1000228/000202523026000008/ownership.xml,nonDerivative,2026-09-08,F,"Common Stock, par value $0.01 per share",603.00,88.86,53582.58,120088,D,Albertini Andrea,"CEO,  Global Dist. & Tech.",false,true,false,"CEO,  Global Dist. & Tech.",SEC EDGAR
"HSIC|0002025230-26-000008|nonDerivative|2026-09-08|Albertini Andrea|D|Common Stock, par value $0.01 per share|3984|0.00|D",2026-09-11 04:29:41+0000,HSIC,HENRY SCHEIN INC,0001000228,4,2026-09-09,2026-09-08,0002025230-26-000008,https://www.sec.gov/Archives/edgar/data/1000228/000202523026000008/ownership.xml,nonDerivative,2026-09-08,D,"Common Stock, par value $0.01 per share",3984,0.00,0.0,116104,D,Albertini Andrea,"CEO,  Global Dist. & Tech.",false,true,false,"CEO,  Global Dist. & Tech.",SEC EDGAR
GNRC|0001437749-26-030003|nonDerivative|2026-09-08|Taffe Norman P|S|Common Stock|200|188.27|D,2026-09-11 04:29:41+0000,GNRC,GENERAC HOLDINGS INC.,0001474735,4,2026-09-09,2026-09-08,0001437749-26-030003,https://www.sec.gov/Archives/edgar/data/1474735/000143774926030003/rdgdoc.xml,nonDerivative,2026-09-08,S,Common Stock,200,188.27,37654.0,11376,D,Taffe Norman P,"Officer, President Generac Home",,1,,President Generac Home,SEC EDGAR
GNRC|0001437749-26-030003|nonDerivative|2026-09-08|Taffe Norman P|S|Common Stock|100|188.27|D,2026-09-11 04:29:41+0000,GNRC,GENERAC HOLDINGS INC.,0001474735,4,2026-09-09,2026-09-08,0001437749-26-030003,https://www.sec.gov/Archives/edgar/data/1474735/000143774926030003/rdgdoc.xml,nonDerivative,2026-09-08,S,Common Stock,100,188.27,18827.0,11276,D,Taffe Norman P,"Officer, President Generac Home",,1,,President Generac Home,SEC EDGAR
GNRC|0001437749-26-030003|nonDerivative|2026-09-08|Taffe Norman P|M|Common Stock|100|119.54|D,2026-09-11 04:29:41+0000,GNRC,GENERAC HOLDINGS INC.,0001474735,4,2026-09-09,2026-09-08,0001437749-26-030003,https://www.sec.gov/Archives/edgar/data/1474735/000143774926030003/rdgdoc.xml,nonDerivative,2026-09-08,M,Common Stock,100,119.54,11954.0,11376,D,Taffe Norman P,"Officer, President Generac Home",,1,,President Generac Home,SEC EDGAR
GNRC|0001437749-26-030003|nonDerivative|2026-09-08|Taffe Norman P|S|Common Stock|100|190|D,2026-09-11 04:29:41+0000,GNRC,GENERAC HOLDINGS INC.,0001474735,4,2026-09-09,2026-09-08,0001437749-26-030003,https://www.sec.gov/Archives/edgar/data/1474735/000143774926030003/rdgdoc.xml,nonDerivative,2026-09-08,S,Common Stock,100,190,19000.0,11276,D,Taffe Norman P,"Officer, President Generac Home",,1,,President Generac Home,SEC EDGAR
GNRC|0001437749-26-030003|derivative|2026-09-08|Taffe Norman P|M|Stock Option (Right to Buy)|100|0|D,2026-09-11 04:29:41+0000,GNRC,GENERAC HOLDINGS INC.,0001474735,4,2026-09-09,2026-09-08,0001437749-26-030003,https://www.sec.gov/Archives/edgar/data/1474735/000143774926030003/rdgdoc.xml,derivative,2026-09-08,M,Stock Option (Right to Buy),100,0,0.0,2270,D,Taffe Norman P,"Officer, President Generac Home",,1,,President Generac Home,SEC EDGAR
GEN|0000849399-26-000050|nonDerivative|2026-09-04|KO BRYAN SEUK|S|Common Stock|28248|30.673|D,2026-09-11 04:29:41+0000,GEN,Gen Digital Inc.,0000849399,4,2026-09-09,2026-09-04,0000849399-26-000050,https://www.sec.gov/Archives/edgar/data/849399/000084939926000050/wk-form4_1788995779.xml,nonDerivative,2026-09-04,S,Common Stock,28248,30.673,866450.904,744262,D,KO BRYAN SEUK,"Officer, COO, CLO and Secretary",0,1,0,"COO, CLO and Secretary",SEC EDGAR
DELL|0002016161-26-000012|nonDerivative|2026-09-04|Tunnell Jane|S|Class C Common Stock|5436|523.515|D,2026-09-11 04:29:41+0000,DELL,Dell Technologies Inc.,0001571996,4,2026-09-09,2026-09-04,0002016161-26-000012,https://www.sec.gov/Archives/edgar/data/1571996/000201616126000012/wk-form4_1788984717.xml,nonDerivative,2026-09-04,S,Class C Common Stock,5436,523.515,2845827.54,41539,D,Tunnell Jane,"Officer, Chief Marketing Officer",0,1,0,Chief Marketing Officer,SEC EDGAR
"DELL|0001193125-26-386859|nonDerivative|2026-09-04|Silver Lake Technology Investors V, L.P.|M|Class C Common Stock|504||I",2026-09-11 04:29:41+0000,DELL,Dell Technologies Inc.,0001571996,4,2026-09-09,2026-09-04,0001193125-26-386859,https://www.sec.gov/Archives/edgar/data/1571996/000119312526386859/ownership.xml,nonDerivative,2026-09-04,M,Class C Common Stock,504,,,504,I,"Silver Lake Technology Investors V, L.P.",,true,false,true,,SEC EDGAR
"DELL|0001193125-26-386859|nonDerivative|2026-09-04|Silver Lake Technology Investors V, L.P.|S|Class C Common Stock|56|515.53|I",2026-09-11 04:29:41+0000,DELL,Dell Technologies Inc.,0001571996,4,2026-09-09,2026-09-04,0001193125-26-386859,https://www.sec.gov/Archives/edgar/data/1571996/000119312526386859/ownership.xml,nonDerivative,2026-09-04,S,Class C Common Stock,56,515.53,28869.68,448,I,"Silver Lake Technology Investors V, L.P.",,true,false,true,,SEC EDGAR
"DELL|0001193125-26-386859|nonDerivative|2026-09-04|Silver Lake Technology Investors V, L.P.|S|Class C Common Stock|30|516.38|I",2026-09-11 04:29:41+0000,DELL,Dell Technologies Inc.,0001571996,4,2026-09-09,2026-09-04,0001193125-26-386859,https://www.sec.gov/Archives/edgar/data/1571996/000119312526386859/ownership.xml,nonDerivative,2026-09-04,S,Class C Common Stock,30,516.38,15491.4,418,I,"Silver Lake Technology Investors V, L.P.",,true,false,true,,SEC EDGAR
"DELL|0001193125-26-386859|nonDerivative|2026-09-04|Silver Lake Technology Investors V, L.P.|S|Class C Common Stock|50|517.63|I",2026-09-11 04:29:41+0000,DELL,Dell Technologies Inc.,0001571996,4,2026-09-09,2026-09-04,0001193125-26-386859,https://www.sec.gov/Archives/edgar/data/1571996/000119312526386859/ownership.xml,nonDerivative,2026-09-04,S,Class C Common Stock,50,517.63,25881.5,368,I,"Silver Lake Technology Investors V, L.P.",,true,false,true,,SEC EDGAR
"DELL|0001193125-26-386859|nonDerivative|2026-09-04|Silver Lake Technology Investors V, L.P.|S|Class C Common Stock|58|518.43|I",2026-09-11 04:29:41+0000,DELL,Dell Technologies Inc.,0001571996,4,2026-09-09,2026-09-04,0001193125-26-386859,https://www.sec.gov/Archives/edgar/data/1571996/000119312526386859/ownership.xml,nonDerivative,2026-09-04,S,Class C Common Stock,58,518.43,30068.94,310,I,"Silver Lake Technology Investors V, L.P.",,true,false,true,,SEC EDGAR
"DELL|0001193125-26-386859|nonDerivative|2026-09-04|Silver Lake Technology Investors V, L.P.|S|Class C Common Stock|23|519.41|I",2026-09-11 04:29:41+0000,DELL,Dell Technologies Inc.,0001571996,4,2026-09-09,2026-09-04,0001193125-26-386859,https://www.sec.gov/Archives/edgar/data/1571996/000119312526386859/ownership.xml,nonDerivative,2026-09-04,S,Class C Common Stock,23,519.41,11946.429999999998,287,I,"Silver Lake Technology Investors V, L.P.",,true,false,true,,SEC EDGAR
"DELL|0001193125-26-386859|nonDerivative|2026-09-04|Silver Lake Technology Investors V, L.P.|S|Class C Common Stock|19|520.58|I",2026-09-11 04:29:41+0000,DELL,Dell Technologies Inc.,0001571996,4,2026-09-09,2026-09-04,0001193125-26-386859,https://www.sec.gov/Archives/edgar/data/1571996/000119312526386859/ownership.xml,nonDerivative,2026-09-04,S,Class C Common Stock,19,520.58,9891.02,268,I,"Silver Lake Technology Investors V, L.P.",,true,false,true,,SEC EDGAR
"DELL|0001193125-26-386859|nonDerivative|2026-09-04|Silver Lake Technology Investors V, L.P.|S|Class C Common Stock|37|521.59|I",2026-09-11 04:29:41+0000,DELL,Dell Technologies Inc.,0001571996,4,2026-09-09,2026-09-04,0001193125-26-386859,https://www.sec.gov/Archives/edgar/data/1571996/000119312526386859/ownership.xml,nonDerivative,2026-09-04,S,Class C Common Stock,37,521.59,19298.83,231,I,"Silver Lake Technology Investors V, L.P.",,true,false,true,,SEC EDGAR
"DELL|0001193125-26-386859|nonDerivative|2026-09-04|Silver Lake Technology Investors V, L.P.|S|Class C Common Stock|51|522.66|I",2026-09-11 04:29:41+0000,DELL,Dell Technologies Inc.,0001571996,4,2026-09-09,2026-09-04,0001193125-26-386859,https://www.sec.gov/Archives/edgar/data/1571996/000119312526386859/ownership.xml,nonDerivative,2026-09-04,S,Class C Common Stock,51,522.66,26655.66,180,I,"Silver Lake Technology Investors V, L.P.",,true,false,true,,SEC EDGAR
"DELL|0001193125-26-386859|nonDerivative|2026-09-04|Silver Lake Technology Investors V, L.P.|S|Class C Common Stock|34|523.52|I",2026-09-11 04:29:41+0000,DELL,Dell Technologies Inc.,0001571996,4,2026-09-09,2026-09-04,0001193125-26-386859,https://www.sec.gov/Archives/edgar/data/1571996/000119312526386859/ownership.xml,nonDerivative,2026-09-04,S,Class C Common Stock,34,523.52,17799.68,145,I,"Silver Lake Technology Investors V, L.P.",,true,false,true,,SEC EDGAR
"DELL|0001193125-26-386859|nonDerivative|2026-09-04|Silver Lake Technology Investors V, L.P.|S|Class C Common Stock|24|524.67|I",2026-09-11 04:29:41+0000,DELL,Dell Technologies Inc.,0001571996,4,2026-09-09,2026-09-04,0001193125-26-386859,https://www.sec.gov/Archives/edgar/data/1571996/000119312526386859/ownership.xml,nonDerivative,2026-09-04,S,Class C Common Stock,24,524.67,12592.079999999998,121,I,"Silver Lake Technology Investors V, L.P.",,true,false,true,,SEC EDGAR
"DELL|0001193125-26-386859|nonDerivative|2026-09-04|Silver Lake Technology Investors V, L.P.|S|Class C Common Stock|51|525.57|I",2026-09-11 04:29:41+0000,DELL,Dell Technologies Inc.,0001571996,4,2026-09-09,2026-09-04,0001193125-26-386859,https://www.sec.gov/Archives/edgar/data/1571996/000119312526386859/ownership.xml,nonDerivative,2026-09-04,S,Class C Common Stock,51,525.57,26804.070000000003,71,I,"Silver Lake Technology Investors V, L.P.",,true,false,true,,SEC EDGAR
"DELL|0001193125-26-386859|nonDerivative|2026-09-04|Silver Lake Technology Investors V, L.P.|S|Class C Common Stock|21|526.65|I",2026-09-11 04:29:41+0000,DELL,Dell Technologies Inc.,0001571996,4,2026-09-09,2026-09-04,0001193125-26-386859,https://www.sec.gov/Archives/edgar/data/1571996/000119312526386859/ownership.xml,nonDerivative,2026-09-04,S,Class C Common Stock,21,526.65,11059.65,50,I,"Silver Lake Technology Investors V, L.P.",,true,false,true,,SEC EDGAR
"DELL|0001193125-26-386859|nonDerivative|2026-09-04|Silver Lake Technology Investors V, L.P.|S|Class C Common Stock|30|527.59|I",2026-09-11 04:29:41+0000,DELL,Dell Technologies Inc.,0001571996,4,2026-09-09,2026-09-04,0001193125-26-386859,https://www.sec.gov/Archives/edgar/data/1571996/000119312526386859/ownership.xml,nonDerivative,2026-09-04,S,Class C Common Stock,30,527.59,15827.7,20,I,"Silver Lake Technology Investors V, L.P.",,true,false,true,,SEC EDGAR
"DELL|0001193125-26-386859|nonDerivative|2026-09-04|Silver Lake Technology Investors V, L.P.|S|Class C Common Stock|17|528.48|I",2026-09-11 04:29:41+0000,DELL,Dell Technologies Inc.,0001571996,4,2026-09-09,2026-09-04,0001193125-26-386859,https://www.sec.gov/Archives/edgar/data/1571996/000119312526386859/ownership.xml,nonDerivative,2026-09-04,S,Class C Common Stock,17,528.48,8984.16,3,I,"Silver Lake Technology Investors V, L.P.",,true,false,true,,SEC EDGAR
"DELL|0001193125-26-386859|nonDerivative|2026-09-04|Silver Lake Technology Investors V, L.P.|S|Class C Common Stock|3|529.16|I",2026-09-11 04:29:41+0000,DELL,Dell Technologies Inc.,0001571996,4,2026-09-09,2026-09-04,0001193125-26-386859,https://www.sec.gov/Archives/edgar/data/1571996/000119312526386859/ownership.xml,nonDerivative,2026-09-04,S,Class C Common Stock,3,529.16,1587.48,0,I,"Silver Lake Technology Investors V, L.P.",,true,false,true,,SEC EDGAR
"DELL|0001193125-26-386859|derivative|2026-09-04|Silver Lake Technology Investors V, L.P.|M|Class B Common Stock|504|0|I",2026-09-11 04:29:41+0000,DELL,Dell Technologies Inc.,0001571996,4,2026-09-09,2026-09-04,0001193125-26-386859,https://www.sec.gov/Archives/edgar/data/1571996/000119312526386859/ownership.xml,derivative,2026-09-04,M,Class B Common Stock,504,0,0.0,112092,I,"Silver Lake Technology Investors V, L.P.",,true,false,true,,SEC EDGAR
"DELL|0001193125-26-386860|nonDerivative|2026-09-04|Silver Lake Technology Investors IV, L.P.|M|Class C Common Stock|1119||I",2026-09-11 04:29:41+0000,DELL,Dell Technologies Inc.,0001571996,4,2026-09-09,2026-09-04,0001193125-26-386860,https://www.sec.gov/Archives/edgar/data/1571996/000119312526386860/ownership.xml,nonDerivative,2026-09-04,M,Class C Common Stock,1119,,,1119,I,"Silver Lake Technology Investors IV, L.P.",,true,false,true,,SEC EDGAR
"DELL|0001193125-26-386860|nonDerivative|2026-09-04|Silver Lake Technology Investors IV, L.P.|S|Class C Common Stock|125|515.53|I",2026-09-11 04:29:41+0000,DELL,Dell Technologies Inc.,0001571996,4,2026-09-09,2026-09-04,0001193125-26-386860,https://www.sec.gov/Archives/edgar/data/1571996/000119312526386860/ownership.xml,nonDerivative,2026-09-04,S,Class C Common Stock,125,515.53,64441.25,994,I,"Silver Lake Technology Investors IV, L.P.",,true,false,true,,SEC EDGAR
"DELL|0001193125-26-386860|nonDerivative|2026-09-04|Silver Lake Technology Investors IV, L.P.|S|Class C Common Stock|66|516.38|I",2026-09-11 04:29:41+0000,DELL,Dell Technologies Inc.,0001571996,4,2026-09-09,2026-09-04,0001193125-26-386860,https://www.sec.gov/Archives/edgar/data/1571996/000119312526386860/ownership.xml,nonDerivative,2026-09-04,S,Class C Common Stock,66,516.38,34081.08,928,I,"Silver Lake Technology Investors IV, L.P.",,true,false,true,,SEC EDGAR
"DELL|0001193125-26-386860|nonDerivative|2026-09-04|Silver Lake Technology Investors IV, L.P.|S|Class C Common Stock|111|517.63|I",2026-09-11 04:29:41+0000,DELL,Dell Technologies Inc.,0001571996,4,2026-09-09,2026-09-04,0001193125-26-386860,https://www.sec.gov/Archives/edgar/data/1571996/000119312526386860/ownership.xml,nonDerivative,2026-09-04,S,Class C Common Stock,111,517.63,57456.93,817,I,"Silver Lake Technology Investors IV, L.P.",,true,false,true,,SEC EDGAR
"DELL|0001193125-26-386860|nonDerivative|2026-09-04|Silver Lake Technology Investors IV, L.P.|S|Class C Common Stock|129|518.43|I",2026-09-11 04:29:41+0000,DELL,Dell Technologies Inc.,0001571996,4,2026-09-09,2026-09-04,0001193125-26-386860,https://www.sec.gov/Archives/edgar/data/1571996/000119312526386860/ownership.xml,nonDerivative,2026-09-04,S,Class C Common Stock,129,518.43,66877.46999999999,687,I,"Silver Lake Technology Investors IV, L.P.",,true,false,true,,SEC EDGAR
"DELL|0001193125-26-386860|nonDerivative|2026-09-04|Silver Lake Technology Investors IV, L.P.|S|Class C Common Stock|50|519.41|I",2026-09-11 04:29:41+0000,DELL,Dell Technologies Inc.,0001571996,4,2026-09-09,2026-09-04,0001193125-26-386860,https://www.sec.gov/Archives/edgar/data/1571996/000119312526386860/ownership.xml,nonDerivative,2026-09-04,S,Class C Common Stock,50,519.41,25970.5,637,I,"Silver Lake Technology Investors IV, L.P.",,true,false,true,,SEC EDGAR
"DELL|0001193125-26-386860|nonDerivative|2026-09-04|Silver Lake Technology Investors IV, L.P.|S|Class C Common Stock|43|520.58|I",2026-09-11 04:29:41+0000,DELL,Dell Technologies Inc.,0001571996,4,2026-09-09,2026-09-04,0001193125-26-386860,https://www.sec.gov/Archives/edgar/data/1571996/000119312526386860/ownership.xml,nonDerivative,2026-09-04,S,Class C Common Stock,43,520.58,22384.940000000002,595,I,"Silver Lake Technology Investors IV, L.P.",,true,false,true,,SEC EDGAR
"DELL|0001193125-26-386860|nonDerivative|2026-09-04|Silver Lake Technology Investors IV, L.P.|S|Class C Common Stock|82|521.59|I",2026-09-11 04:29:41+0000,DELL,Dell Technologies Inc.,0001571996,4,2026-09-09,2026-09-04,0001193125-26-386860,https://www.sec.gov/Archives/edgar/data/1571996/000119312526386860/ownership.xml,nonDerivative,2026-09-04,S,Class C Common Stock,82,521.59,42770.380000000005,513,I,"Silver Lake Technology Investors IV, L.P.",,true,false,true,,SEC EDGAR
"DELL|0001193125-26-386860|nonDerivative|2026-09-04|Silver Lake Technology Investors IV, L.P.|S|Class C Common Stock|114|522.66|I",2026-09-11 04:29:41+0000,DELL,Dell Technologies Inc.,0001571996,4,2026-09-09,2026-09-04,0001193125-26-386860,https://www.sec.gov/Archives/edgar/data/1571996/000119312526386860/ownership.xml,nonDerivative,2026-09-04,S,Class C Common Stock,114,522.66,59583.24,399,I,"Silver Lake Technology Investors IV, L.P.",,true,false,true,,SEC EDGAR
"DELL|0001193125-26-386860|nonDerivative|2026-09-04|Silver Lake Technology Investors IV, L.P.|S|Class C Common Stock|76|523.52|I",2026-09-11 04:29:41+0000,DELL,Dell Technologies Inc.,0001571996,4,2026-09-09,2026-09-04,0001193125-26-386860,https://www.sec.gov/Archives/edgar/data/1571996/000119312526386860/ownership.xml,nonDerivative,2026-09-04,S,Class C Common Stock,76,523.52,39787.52,323,I,"Silver Lake Technology Investors IV, L.P.",,true,false,true,,SEC EDGAR
"DELL|0001193125-26-386860|nonDerivative|2026-09-04|Silver Lake Technology Investors IV, L.P.|S|Class C Common Stock|54|524.67|I",2026-09-11 04:29:41+0000,DELL,Dell Technologies Inc.,0001571996,4,2026-09-09,2026-09-04,0001193125-26-386860,https://www.sec.gov/Archives/edgar/data/1571996/000119312526386860/ownership.xml,nonDerivative,2026-09-04,S,Class C Common Stock,54,524.67,28332.179999999997,269,I,"Silver Lake Technology Investors IV, L.P.",,true,false,true,,SEC EDGAR
"DELL|0001193125-26-386860|nonDerivative|2026-09-04|Silver Lake Technology Investors IV, L.P.|S|Class C Common Stock|113|525.57|I",2026-09-11 04:29:41+0000,DELL,Dell Technologies Inc.,0001571996,4,2026-09-09,2026-09-04,0001193125-26-386860,https://www.sec.gov/Archives/edgar/data/1571996/000119312526386860/ownership.xml,nonDerivative,2026-09-04,S,Class C Common Stock,113,525.57,59389.41,157,I,"Silver Lake Technology Investors IV, L.P.",,true,false,true,,SEC EDGAR
"DELL|0001193125-26-386860|nonDerivative|2026-09-04|Silver Lake Technology Investors IV, L.P.|S|Class C Common Stock|46|526.65|I",2026-09-11 04:29:41+0000,DELL,Dell Technologies Inc.,0001571996,4,2026-09-09,2026-09-04,0001193125-26-386860,https://www.sec.gov/Archives/edgar/data/1571996/000119312526386860/ownership.xml,nonDerivative,2026-09-04,S,Class C Common Stock,46,526.65,24225.899999999998,111,I,"Silver Lake Technology Investors IV, L.P.",,true,false,true,,SEC EDGAR
"DELL|0001193125-26-386860|nonDerivative|2026-09-04|Silver Lake Technology Investors IV, L.P.|S|Class C Common Stock|66|527.59|I",2026-09-11 04:29:41+0000,DELL,Dell Technologies Inc.,0001571996,4,2026-09-09,2026-09-04,0001193125-26-386860,https://www.sec.gov/Archives/edgar/data/1571996/000119312526386860/ownership.xml,nonDerivative,2026-09-04,S,Class C Common Stock,66,527.59,34820.94,45,I,"Silver Lake Technology Investors IV, L.P.",,true,false,true,,SEC EDGAR
"DELL|0001193125-26-386860|nonDerivative|2026-09-04|Silver Lake Technology Investors IV, L.P.|S|Class C Common Stock|38|528.48|I",2026-09-11 04:29:41+0000,DELL,Dell Technologies Inc.,0001571996,4,2026-09-09,2026-09-04,0001193125-26-386860,https://www.sec.gov/Archives/edgar/data/1571996/000119312526386860/ownership.xml,nonDerivative,2026-09-04,S,Class C Common Stock,38,528.48,20082.24,7,I,"Silver Lake Technology Investors IV, L.P.",,true,false,true,,SEC EDGAR
"DELL|0001193125-26-386860|nonDerivative|2026-09-04|Silver Lake Technology Investors IV, L.P.|S|Class C Common Stock|7|529.16|I",2026-09-11 04:29:41+0000,DELL,Dell Technologies Inc.,0001571996,4,2026-09-09,2026-09-04,0001193125-26-386860,https://www.sec.gov/Archives/edgar/data/1571996/000119312526386860/ownership.xml,nonDerivative,2026-09-04,S,Class C Common Stock,7,529.16,3704.12,0,I,"Silver Lake Technology Investors IV, L.P.",,true,false,true,,SEC EDGAR
"DELL|0001193125-26-386860|derivative|2026-09-04|Silver Lake Technology Investors IV, L.P.|M|Class B Common Stock|1119|0|I",2026-09-11 04:29:41+0000,DELL,Dell Technologies Inc.,0001571996,4,2026-09-09,2026-09-04,0001193125-26-386860,https://www.sec.gov/Archives/edgar/data/1571996/000119312526386860/ownership.xml,derivative,2026-09-04,M,Class B Common Stock,1119,0,0.0,248570,I,"Silver Lake Technology Investors IV, L.P.",,true,false,true,,SEC EDGAR
"DELL|0001193125-26-386868|nonDerivative|2026-09-04|Silver Lake Partners V DE (AIV), L.P.|M|Class C Common Stock|41162||I",2026-09-11 04:29:41+0000,DELL,Dell Technologies Inc.,0001571996,4,2026-09-09,2026-09-04,0001193125-26-386868,https://www.sec.gov/Archives/edgar/data/1571996/000119312526386868/ownership.xml,nonDerivative,2026-09-04,M,Class C Common Stock,41162,,,78961,I,"Silver Lake Partners V DE (AIV), L.P.",,true,false,true,,SEC EDGAR
"DELL|0001193125-26-386868|nonDerivative|2026-09-04|Silver Lake Partners V DE (AIV), L.P.|S|Class C Common Stock|3207|515.53|I",2026-09-11 04:29:41+0000,DELL,Dell Technologies Inc.,0001571996,4,2026-09-09,2026-09-04,0001193125-26-386868,https://www.sec.gov/Archives/edgar/data/1571996/000119312526386868/ownership.xml,nonDerivative,2026-09-04,S,Class C Common Stock,3207,515.53,1653304.71,75754,I,"Silver Lake Partners V DE (AIV), L.P.",,true,false,true,,SEC EDGAR
"DELL|0001193125-26-386868|nonDerivative|2026-09-04|Silver Lake Partners V DE (AIV), L.P.|S|Class C Common Stock|1700|516.38|I",2026-09-11 04:29:41+0000,DELL,Dell Technologies Inc.,0001571996,4,2026-09-09,2026-09-04,0001193125-26-386868,https://www.sec.gov/Archives/edgar/data/1571996/000119312526386868/ownership.xml,nonDerivative,2026-09-04,S,Class C Common Stock,1700,516.38,877846.0,74054,I,"Silver Lake Partners V DE (AIV), L.P.",,true,false,true,,SEC EDGAR
"DELL|0001193125-26-386868|nonDerivative|2026-09-04|Silver Lake Partners V DE (AIV), L.P.|S|Class C Common Stock|2849|517.63|I",2026-09-11 04:29:41+0000,DELL,Dell Technologies Inc.,0001571996,4,2026-09-09,2026-09-04,0001193125-26-386868,https://www.sec.gov/Archives/edgar/data/1571996/000119312526386868/ownership.xml,nonDerivative,2026-09-04,S,Class C Common Stock,2849,517.63,1474727.8699999999,71204,I,"Silver Lake Partners V DE (AIV), L.P.",,true,false,true,,SEC EDGAR
"DELL|0001193125-26-386868|nonDerivative|2026-09-04|Silver Lake Partners V DE (AIV), L.P.|S|Class C Common Stock|3310|518.43|I",2026-09-11 04:29:41+0000,DELL,Dell Technologies Inc.,0001571996,4,2026-09-09,2026-09-04,0001193125-26-386868,https://www.sec.gov/Archives/edgar/data/1571996/000119312526386868/ownership.xml,nonDerivative,2026-09-04,S,Class C Common Stock,3310,518.43,1716003.2999999998,67894,I,"Silver Lake Partners V DE (AIV), L.P.",,true,false,true,,SEC EDGAR
"DELL|0001193125-26-386868|nonDerivative|2026-09-04|Silver Lake Partners V DE (AIV), L.P.|S|Class C Common Stock|1285|519.41|I",2026-09-11 04:29:41+0000,DELL,Dell Technologies Inc.,0001571996,4,2026-09-09,2026-09-04,0001193125-26-386868,https://www.sec.gov/Archives/edgar/data/1571996/000119312526386868/ownership.xml,nonDerivative,2026-09-04,S,Class C Common Stock,1285,519.41,667441.85,66609,I,"Silver Lake Partners V DE (AIV), L.P.",,true,false,true,,SEC EDGAR
"DELL|0001193125-26-386868|nonDerivative|2026-09-04|Silver Lake Partners V DE (AIV), L.P.|S|Class C Common Stock|1097|520.58|I",2026-09-11 04:29:41+0000,DELL,Dell Technologies Inc.,0001571996,4,2026-09-09,2026-09-04,0001193125-26-386868,https://www.sec.gov/Archives/edgar/data/1571996/000119312526386868/ownership.xml,nonDerivative,2026-09-04,S,Class C Common Stock,1097,520.58,571076.26,65511,I,"Silver Lake Partners V DE (AIV), L.P.",,true,false,true,,SEC EDGAR
"DELL|0001193125-26-386868|nonDerivative|2026-09-04|Silver Lake Partners V DE (AIV), L.P.|S|Class C Common Stock|2103|521.59|I",2026-09-11 04:29:41+0000,DELL,Dell Technologies Inc.,0001571996,4,2026-09-09,2026-09-04,0001193125-26-386868,https://www.sec.gov/Archives/edgar/data/1571996/000119312526386868/ownership.xml,nonDerivative,2026-09-04,S,Class C Common Stock,2103,521.59,1096903.77,63408,I,"Silver Lake Partners V DE (AIV), L.P.",,true,false,true,,SEC EDGAR
"DELL|0001193125-26-386868|nonDerivative|2026-09-04|Silver Lake Partners V DE (AIV), L.P.|S|Class C Common Stock|2922|522.66|I",2026-09-11 04:29:41+0000,DELL,Dell Technologies Inc.,0001571996,4,2026-09-09,2026-09-04,0001193125-26-386868,https://www.sec.gov/Archives/edgar/data/1571996/000119312526386868/ownership.xml,nonDerivative,2026-09-04,S,Class C Common Stock,2922,522.66,1527212.52,60486,I,"Silver Lake Partners V DE (AIV), L.P.",,true,false,true,,SEC EDGAR
"DELL|0001193125-26-386868|nonDerivative|2026-09-04|Silver Lake Partners V DE (AIV), L.P.|S|Class C Common Stock|1948|523.52|I",2026-09-11 04:29:41+0000,DELL,Dell Technologies Inc.,0001571996,4,2026-09-09,2026-09-04,0001193125-26-386868,https://www.sec.gov/Archives/edgar/data/1571996/000119312526386868/ownership.xml,nonDerivative,2026-09-04,S,Class C Common Stock,1948,523.52,1019816.96,58538,I,"Silver Lake Partners V DE (AIV), L.P.",,true,false,true,,SEC EDGAR
"DELL|0001193125-26-386868|nonDerivative|2026-09-04|Silver Lake Partners V DE (AIV), L.P.|S|Class C Common Stock|1375|524.67|I",2026-09-11 04:29:41+0000,DELL,Dell Technologies Inc.,0001571996,4,2026-09-09,2026-09-04,0001193125-26-386868,https://www.sec.gov/Archives/edgar/data/1571996/000119312526386868/ownership.xml,nonDerivative,2026-09-04,S,Class C Common Stock,1375,524.67,721421.25,57163,I,"Silver Lake Partners V DE (AIV), L.P.",,true,false,true,,SEC EDGAR
"DELL|0001193125-26-386868|nonDerivative|2026-09-04|Silver Lake Partners V DE (AIV), L.P.|S|Class C Common Stock|2886|525.57|I",2026-09-11 04:29:41+0000,DELL,Dell Technologies Inc.,0001571996,4,2026-09-09,2026-09-04,0001193125-26-386868,https://www.sec.gov/Archives/edgar/data/1571996/000119312526386868/ownership.xml,nonDerivative,2026-09-04,S,Class C Common Stock,2886,525.57,1516795.0200000003,54278,I,"Silver Lake Partners V DE (AIV), L.P.",,true,false,true,,SEC EDGAR
"DELL|0001193125-26-386868|nonDerivative|2026-09-04|Silver Lake Partners V DE (AIV), L.P.|S|Class C Common Stock|1174|526.65|I",2026-09-11 04:29:41+0000,DELL,Dell Technologies Inc.,0001571996,4,2026-09-09,2026-09-04,0001193125-26-386868,https://www.sec.gov/Archives/edgar/data/1571996/000119312526386868/ownership.xml,nonDerivative,2026-09-04,S,Class C Common Stock,1174,526.65,618287.1,53103,I,"Silver Lake Partners V DE (AIV), L.P.",,true,false,true,,SEC EDGAR
"DELL|0001193125-26-386868|nonDerivative|2026-09-04|Silver Lake Partners V DE (AIV), L.P.|S|Class C Common Stock|1690|527.59|I",2026-09-11 04:29:41+0000,DELL,Dell Technologies Inc.,0001571996,4,2026-09-09,2026-09-04,0001193125-26-386868,https://www.sec.gov/Archives/edgar/data/1571996/000119312526386868/ownership.xml,nonDerivative,2026-09-04,S,Class C Common Stock,1690,527.59,891627.1000000001,51413,I,"Silver Lake Partners V DE (AIV), L.P.",,true,false,true,,SEC EDGAR
"DELL|0001193125-26-386868|nonDerivative|2026-09-04|Silver Lake Partners V DE (AIV), L.P.|S|Class C Common Stock|969|528.48|I",2026-09-11 04:29:41+0000,DELL,Dell Technologies Inc.,0001571996,4,2026-09-09,2026-09-04,0001193125-26-386868,https://www.sec.gov/Archives/edgar/data/1571996/000119312526386868/ownership.xml,nonDerivative,2026-09-04,S,Class C Common Stock,969,528.48,512097.12,50444,I,"Silver Lake Partners V DE (AIV), L.P.",,true,false,true,,SEC EDGAR
"DELL|0001193125-26-386868|nonDerivative|2026-09-04|Silver Lake Partners V DE (AIV), L.P.|S|Class C Common Stock|181|529.16|I",2026-09-11 04:29:41+0000,DELL,Dell Technologies Inc.,0001571996,4,2026-09-09,2026-09-04,0001193125-26-386868,https://www.sec.gov/Archives/edgar/data/1571996/000119312526386868/ownership.xml,nonDerivative,2026-09-04,S,Class C Common Stock,181,529.16,95777.95999999999,50263,I,"Silver Lake Partners V DE (AIV), L.P.",,true,false,true,,SEC EDGAR
"DELL|0001193125-26-386868|derivative|2026-09-04|Silver Lake Partners V DE (AIV), L.P.|M|Class B Common Stock|41162|0|I",2026-09-11 04:29:41+0000,DELL,Dell Technologies Inc.,0001571996,4,2026-09-09,2026-09-04,0001193125-26-386868,https://www.sec.gov/Archives/edgar/data/1571996/000119312526386868/ownership.xml,derivative,2026-09-04,M,Class B Common Stock,41162,0,0.0,9144851,I,"Silver Lake Partners V DE (AIV), L.P.",,true,false,true,,SEC EDGAR
"DELL|0001193125-26-386858|nonDerivative|2026-09-04|Silver Lake Partners IV, L.P.|M|Class C Common Stock|76043||I",2026-09-11 04:29:41+0000,DELL,Dell Technologies Inc.,0001571996,4,2026-09-09,2026-09-04,0001193125-26-386858,https://www.sec.gov/Archives/edgar/data/1571996/000119312526386858/ownership.xml,nonDerivative,2026-09-04,M,Class C Common Stock,76043,,,140252,I,"Silver Lake Partners IV, L.P.",,true,false,true,,SEC EDGAR
"DELL|0001193125-26-386858|nonDerivative|2026-09-04|Silver Lake Partners IV, L.P.|S|Class C Common Stock|6116|515.53|I",2026-09-11 04:29:41+0000,DELL,Dell Technologies Inc.,0001571996,4,2026-09-09,2026-09-04,0001193125-26-386858,https://www.sec.gov/Archives/edgar/data/1571996/000119312526386858/ownership.xml,nonDerivative,2026-09-04,S,Class C Common Stock,6116,515.53,3152981.48,134136,I,"Silver Lake Partners IV, L.P.",,true,false,true,,SEC EDGAR
"DELL|0001193125-26-386858|nonDerivative|2026-09-04|Silver Lake Partners IV, L.P.|S|Class C Common Stock|3243|516.38|I",2026-09-11 04:29:41+0000,DELL,Dell Technologies Inc.,0001571996,4,2026-09-09,2026-09-04,0001193125-26-386858,https://www.sec.gov/Archives/edgar/data/1571996/000119312526386858/ownership.xml,nonDerivative,2026-09-04,S,Class C Common Stock,3243,516.38,1674620.34,130893,I,"Silver Lake Partners IV, L.P.",,true,false,true,,SEC EDGAR
"DELL|0001193125-26-386858|nonDerivative|2026-09-04|Silver Lake Partners IV, L.P.|S|Class C Common Stock|5434|517.63|I",2026-09-11 04:29:41+0000,DELL,Dell Technologies Inc.,0001571996,4,2026-09-09,2026-09-04,0001193125-26-386858,https://www.sec.gov/Archives/edgar/data/1571996/000119312526386858/ownership.xml,nonDerivative,2026-09-04,S,Class C Common Stock,5434,517.63,2812801.42,125459,I,"Silver Lake Partners IV, L.P.",,true,false,true,,SEC EDGAR
"DELL|0001193125-26-386858|nonDerivative|2026-09-04|Silver Lake Partners IV, L.P.|S|Class C Common Stock|6314|518.43|I",2026-09-11 04:29:41+0000,DELL,Dell Technologies Inc.,0001571996,4,2026-09-09,2026-09-04,0001193125-26-386858,https://www.sec.gov/Archives/edgar/data/1571996/000119312526386858/ownership.xml,nonDerivative,2026-09-04,S,Class C Common Stock,6314,518.43,3273367.0199999996,119145,I,"Silver Lake Partners IV, L.P.",,true,false,true,,SEC EDGAR
"DELL|0001193125-26-386858|nonDerivative|2026-09-04|Silver Lake Partners IV, L.P.|S|Class C Common Stock|2452|519.41|I",2026-09-11 04:29:41+0000,DELL,Dell Technologies Inc.,0001571996,4,2026-09-09,2026-09-04,0001193125-26-386858,https://www.sec.gov/Archives/edgar/data/1571996/000119312526386858/ownership.xml,nonDerivative,2026-09-04,S,Class C Common Stock,2452,519.41,1273593.3199999998,116694,I,"Silver Lake Partners IV, L.P.",,true,false,true,,SEC EDGAR
"DELL|0001193125-26-386858|nonDerivative|2026-09-04|Silver Lake Partners IV, L.P.|S|Class C Common Stock|2093|520.58|I",2026-09-11 04:29:41+0000,DELL,Dell Technologies Inc.,0001571996,4,2026-09-09,2026-09-04,0001193125-26-386858,https://www.sec.gov/Archives/edgar/data/1571996/000119312526386858/ownership.xml,nonDerivative,2026-09-04,S,Class C Common Stock,2093,520.58,1089573.9400000002,114601,I,"Silver Lake Partners IV, L.P.",,true,false,true,,SEC EDGAR
"DELL|0001193125-26-386858|nonDerivative|2026-09-04|Silver Lake Partners IV, L.P.|S|Class C Common Stock|4012|521.59|I",2026-09-11 04:29:41+0000,DELL,Dell Technologies Inc.,0001571996,4,2026-09-09,2026-09-04,0001193125-26-386858,https://www.sec.gov/Archives/edgar/data/1571996/000119312526386858/ownership.xml,nonDerivative,2026-09-04,S,Class C Common Stock,4012,521.59,2092619.08,110589,I,"Silver Lake Partners IV, L.P.",,true,false,true,,SEC EDGAR
"DELL|0001193125-26-386858|nonDerivative|2026-09-04|Silver Lake Partners IV, L.P.|S|Class C Common Stock|5573|522.66|I",2026-09-11 04:29:41+0000,DELL,Dell Technologies Inc.,0001571996,4,2026-09-09,2026-09-04,0001193125-26-386858,https://www.sec.gov/Archives/edgar/data/1571996/000119312526386858/ownership.xml,nonDerivative,2026-09-04,S,Class C Common Stock,5573,522.66,2912784.1799999997,105016,I,"Silver Lake Partners IV, L.P.",,true,false,true,,SEC EDGAR
"DELL|0001193125-26-386858|nonDerivative|2026-09-04|Silver Lake Partners IV, L.P.|S|Class C Common Stock|3715|523.52|I",2026-09-11 04:29:41+0000,DELL,Dell Technologies Inc.,0001571996,4,2026-09-09,2026-09-04,0001193125-26-386858,https://www.sec.gov/Archives/edgar/data/1571996/000119312526386858/ownership.xml,nonDerivative,2026-09-04,S,Class C Common Stock,3715,523.52,1944876.8,101301,I,"Silver Lake Partners IV, L.P.",,true,false,true,,SEC EDGAR
"DELL|0001193125-26-386858|nonDerivative|2026-09-04|Silver Lake Partners IV, L.P.|S|Class C Common Stock|2621|524.67|I",2026-09-11 04:29:41+0000,DELL,Dell Technologies Inc.,0001571996,4,2026-09-09,2026-09-04,0001193125-26-386858,https://www.sec.gov/Archives/edgar/data/1571996/000119312526386858/ownership.xml,nonDerivative,2026-09-04,S,Class C Common Stock,2621,524.67,1375160.0699999998,98680,I,"Silver Lake Partners IV, L.P.",,true,false,true,,SEC EDGAR
"DELL|0001193125-26-386858|nonDerivative|2026-09-04|Silver Lake Partners IV, L.P.|S|Class C Common Stock|5504|525.57|I",2026-09-11 04:29:41+0000,DELL,Dell Technologies Inc.,0001571996,4,2026-09-09,2026-09-04,0001193125-26-386858,https://www.sec.gov/Archives/edgar/data/1571996/000119312526386858/ownership.xml,nonDerivative,2026-09-04,S,Class C Common Stock,5504,525.57,2892737.2800000003,93176,I,"Silver Lake Partners IV, L.P.",,true,false,true,,SEC EDGAR
"DELL|0001193125-26-386858|nonDerivative|2026-09-04|Silver Lake Partners IV, L.P.|S|Class C Common Stock|2240|526.65|I",2026-09-11 04:29:41+0000,DELL,Dell Technologies Inc.,0001571996,4,2026-09-09,2026-09-04,0001193125-26-386858,https://www.sec.gov/Archives/edgar/data/1571996/000119312526386858/ownership.xml,nonDerivative,2026-09-04,S,Class C Common Stock,2240,526.65,1179696.0,90937,I,"Silver Lake Partners IV, L.P.",,true,false,true,,SEC EDGAR
"DELL|0001193125-26-386858|nonDerivative|2026-09-04|Silver Lake Partners IV, L.P.|S|Class C Common Stock|3223|527.59|I",2026-09-11 04:29:41+0000,DELL,Dell Technologies Inc.,0001571996,4,2026-09-09,2026-09-04,0001193125-26-386858,https://www.sec.gov/Archives/edgar/data/1571996/000119312526386858/ownership.xml,nonDerivative,2026-09-04,S,Class C Common Stock,3223,527.59,1700422.57,87714,I,"Silver Lake Partners IV, L.P.",,true,false,true,,SEC EDGAR
"DELL|0001193125-26-386858|nonDerivative|2026-09-04|Silver Lake Partners IV, L.P.|S|Class C Common Stock|1849|528.48|I",2026-09-11 04:29:41+0000,DELL,Dell Technologies Inc.,0001571996,4,2026-09-09,2026-09-04,0001193125-26-386858,https://www.sec.gov/Archives/edgar/data/1571996/000119312526386858/ownership.xml,nonDerivative,2026-09-04,S,Class C Common Stock,1849,528.48,977159.52,85865,I,"Silver Lake Partners IV, L.P.",,true,false,true,,SEC EDGAR
"DELL|0001193125-26-386858|nonDerivative|2026-09-04|Silver Lake Partners IV, L.P.|S|Class C Common Stock|345|529.16|I",2026-09-11 04:29:41+0000,DELL,Dell Technologies Inc.,0001571996,4,2026-09-09,2026-09-04,0001193125-26-386858,https://www.sec.gov/Archives/edgar/data/1571996/000119312526386858/ownership.xml,nonDerivative,2026-09-04,S,Class C Common Stock,345,529.16,182560.19999999998,85520,I,"Silver Lake Partners IV, L.P.",,true,false,true,,SEC EDGAR
"DELL|0001193125-26-386858|nonDerivative|2026-09-04|Silver Lake Partners IV, L.P.|S|Class C Common Stock|6315|518.21|D",2026-09-11 04:29:41+0000,DELL,Dell Technologies Inc.,0001571996,4,2026-09-09,2026-09-04,0001193125-26-386858,https://www.sec.gov/Archives/edgar/data/1571996/000119312526386858/ownership.xml,nonDerivative,2026-09-04,S,Class C Common Stock,6315,518.21,3272496.1500000004,1387813,D,"Silver Lake Partners IV, L.P.",,true,false,true,,SEC EDGAR
"DELL|0001193125-26-386858|nonDerivative|2026-09-04|Silver Lake Partners IV, L.P.|S|Class C Common Stock|10052|519.11|D",2026-09-11 04:29:41+0000,DELL,Dell Technologies Inc.,0001571996,4,2026-09-09,2026-09-04,0001193125-26-386858,https://www.sec.gov/Archives/edgar/data/1571996/000119312526386858/ownership.xml,nonDerivative,2026-09-04,S,Class C Common Stock,10052,519.11,5218093.72,1377761,D,"Silver Lake Partners IV, L.P.",,true,false,true,,SEC EDGAR
"DELL|0001193125-26-386858|nonDerivative|2026-09-04|Silver Lake Partners IV, L.P.|S|Class C Common Stock|3427|520.00|D",2026-09-11 04:29:41+0000,DELL,Dell Technologies Inc.,0001571996,4,2026-09-09,2026-09-04,0001193125-26-386858,https://www.sec.gov/Archives/edgar/data/1571996/000119312526386858/ownership.xml,nonDerivative,2026-09-04,S,Class C Common Stock,3427,520.00,1782040.0,1374334,D,"Silver Lake Partners IV, L.P.",,true,false,true,,SEC EDGAR
"DELL|0001193125-26-386858|nonDerivative|2026-09-04|Silver Lake Partners IV, L.P.|S|Class C Common Stock|2911|521.19|D",2026-09-11 04:29:41+0000,DELL,Dell Technologies Inc.,0001571996,4,2026-09-09,2026-09-04,0001193125-26-386858,https://www.sec.gov/Archives/edgar/data/1571996/000119312526386858/ownership.xml,nonDerivative,2026-09-04,S,Class C Common Stock,2911,521.19,1517184.09,1371423,D,"Silver Lake Partners IV, L.P.",,true,false,true,,SEC EDGAR
"DELL|0001193125-26-386858|nonDerivative|2026-09-04|Silver Lake Partners IV, L.P.|S|Class C Common Stock|7948|522.28|D",2026-09-11 04:29:41+0000,DELL,Dell Technologies Inc.,0001571996,4,2026-09-09,2026-09-04,0001193125-26-386858,https://www.sec.gov/Archives/edgar/data/1571996/000119312526386858/ownership.xml,nonDerivative,2026-09-04,S,Class C Common Stock,7948,522.28,4151081.44,1363475,D,"Silver Lake Partners IV, L.P.",,true,false,true,,SEC EDGAR
"DELL|0001193125-26-386858|nonDerivative|2026-09-04|Silver Lake Partners IV, L.P.|S|Class C Common Stock|3845|522.98|D",2026-09-11 04:29:41+0000,DELL,Dell Technologies Inc.,0001571996,4,2026-09-09,2026-09-04,0001193125-26-386858,https://www.sec.gov/Archives/edgar/data/1571996/000119312526386858/ownership.xml,nonDerivative,2026-09-04,S,Class C Common Stock,3845,522.98,2010858.1,1359630,D,"Silver Lake Partners IV, L.P.",,true,false,true,,SEC EDGAR
"DELL|0001193125-26-386858|nonDerivative|2026-09-04|Silver Lake Partners IV, L.P.|S|Class C Common Stock|2602|524.54|D",2026-09-11 04:29:41+0000,DELL,Dell Technologies Inc.,0001571996,4,2026-09-09,2026-09-04,0001193125-26-386858,https://www.sec.gov/Archives/edgar/data/1571996/000119312526386858/ownership.xml,nonDerivative,2026-09-04,S,Class C Common Stock,2602,524.54,1364853.0799999998,1357028,D,"Silver Lake Partners IV, L.P.",,true,false,true,,SEC EDGAR
"DELL|0001193125-26-386858|nonDerivative|2026-09-04|Silver Lake Partners IV, L.P.|S|Class C Common Stock|400|525.22|D",2026-09-11 04:29:41+0000,DELL,Dell Technologies Inc.,0001571996,4,2026-09-09,2026-09-04,0001193125-26-386858,https://www.sec.gov/Archives/edgar/data/1571996/000119312526386858/ownership.xml,nonDerivative,2026-09-04,S,Class C Common Stock,400,525.22,210088.0,1356628,D,"Silver Lake Partners IV, L.P.",,true,false,true,,SEC EDGAR
"DELL|0001193125-26-386858|derivative|2026-09-04|Silver Lake Partners IV, L.P.|M|Class B Common Stock|76043|0|I",2026-09-11 04:29:41+0000,DELL,Dell Technologies Inc.,0001571996,4,2026-09-09,2026-09-04,0001193125-26-386858,https://www.sec.gov/Archives/edgar/data/1571996/000119312526386858/ownership.xml,derivative,2026-09-04,M,Class B Common Stock,76043,0,0.0,16894277,I,"Silver Lake Partners IV, L.P.",,true,false,true,,SEC EDGAR
DELL|0001850336-26-000010|nonDerivative|2026-09-04|Saavedra Jennifer D.|S|Class C Common Stock|25251|520|D,2026-09-11 04:29:41+0000,DELL,Dell Technologies Inc.,0001571996,4,2026-09-09,2026-09-04,0001850336-26-000010,https://www.sec.gov/Archives/edgar/data/1571996/000185033626000010/wk-form4_1788984528.xml,nonDerivative,2026-09-04,S,Class C Common Stock,25251,520,13130520.0,296891,D,Saavedra Jennifer D.,"Officer, Chief Human Resources Officer",0,1,0,Chief Human Resources Officer,SEC EDGAR
"DELL|0001193125-26-386857|nonDerivative|2026-09-04|SL SPV-2, L.P.|M|Class C Common Stock|74077||I",2026-09-11 04:29:41+0000,DELL,Dell Technologies Inc.,0001571996,4,2026-09-09,2026-09-04,0001193125-26-386857,https://www.sec.gov/Archives/edgar/data/1571996/000119312526386857/ownership.xml,nonDerivative,2026-09-04,M,Class C Common Stock,74077,,,147262,I,"SL SPV-2, L.P.",,true,false,true,,SEC EDGAR
"DELL|0001193125-26-386857|nonDerivative|2026-09-04|SL SPV-2, L.P.|S|Class C Common Stock|5581|515.53|I",2026-09-11 04:29:41+0000,DELL,Dell Technologies Inc.,0001571996,4,2026-09-09,2026-09-04,0001193125-26-386857,https://www.sec.gov/Archives/edgar/data/1571996/000119312526386857/ownership.xml,nonDerivative,2026-09-04,S,Class C Common Stock,5581,515.53,2877172.9299999997,141681,I,"SL SPV-2, L.P.",,true,false,true,,SEC EDGAR
"DELL|0001193125-26-386857|nonDerivative|2026-09-04|SL SPV-2, L.P.|S|Class C Common Stock|2959|516.38|I",2026-09-11 04:29:41+0000,DELL,Dell Technologies Inc.,0001571996,4,2026-09-09,2026-09-04,0001193125-26-386857,https://www.sec.gov/Archives/edgar/data/1571996/000119312526386857/ownership.xml,nonDerivative,2026-09-04,S,Class C Common Stock,2959,516.38,1527968.42,138721,I,"SL SPV-2, L.P.",,true,false,true,,SEC EDGAR
"DELL|0001193125-26-386857|nonDerivative|2026-09-04|SL SPV-2, L.P.|S|Class C Common Stock|4959|517.63|I",2026-09-11 04:29:41+0000,DELL,Dell Technologies Inc.,0001571996,4,2026-09-09,2026-09-04,0001193125-26-386857,https://www.sec.gov/Archives/edgar/data/1571996/000119312526386857/ownership.xml,nonDerivative,2026-09-04,S,Class C Common Stock,4959,517.63,2566927.17,133762,I,"SL SPV-2, L.P.",,true,false,true,,SEC EDGAR
"DELL|0001193125-26-386857|nonDerivative|2026-09-04|SL SPV-2, L.P.|S|Class C Common Stock|5762|518.43|I",2026-09-11 04:29:41+0000,DELL,Dell Technologies Inc.,0001571996,4,2026-09-09,2026-09-04,0001193125-26-386857,https://www.sec.gov/Archives/edgar/data/1571996/000119312526386857/ownership.xml,nonDerivative,2026-09-04,S,Class C Common Stock,5762,518.43,2987193.6599999997,128001,I,"SL SPV-2, L.P.",,true,false,true,,SEC EDGAR
"DELL|0001193125-26-386857|nonDerivative|2026-09-04|SL SPV-2, L.P.|S|Class C Common Stock|2237|519.41|I",2026-09-11 04:29:41+0000,DELL,Dell Technologies Inc.,0001571996,4,2026-09-09,2026-09-04,0001193125-26-386857,https://www.sec.gov/Archives/edgar/data/1571996/000119312526386857/ownership.xml,nonDerivative,2026-09-04,S,Class C Common Stock,2237,519.41,1161920.17,125763,I,"SL SPV-2, L.P.",,true,false,true,,SEC EDGAR
"DELL|0001193125-26-386857|nonDerivative|2026-09-04|SL SPV-2, L.P.|S|Class C Common Stock|1910|520.58|I",2026-09-11 04:29:41+0000,DELL,Dell Technologies Inc.,0001571996,4,2026-09-09,2026-09-04,0001193125-26-386857,https://www.sec.gov/Archives/edgar/data/1571996/000119312526386857/ownership.xml,nonDerivative,2026-09-04,S,Class C Common Stock,1910,520.58,994307.8,123854,I,"SL SPV-2, L.P.",,true,false,true,,SEC EDGAR
"DELL|0001193125-26-386857|nonDerivative|2026-09-04|SL SPV-2, L.P.|S|Class C Common Stock|3661|521.59|I",2026-09-11 04:29:41+0000,DELL,Dell Technologies Inc.,0001571996,4,2026-09-09,2026-09-04,0001193125-26-386857,https://www.sec.gov/Archives/edgar/data/1571996/000119312526386857/ownership.xml,nonDerivative,2026-09-04,S,Class C Common Stock,3661,521.59,1909540.9900000002,120193,I,"SL SPV-2, L.P.",,true,false,true,,SEC EDGAR
"DELL|0001193125-26-386857|nonDerivative|2026-09-04|SL SPV-2, L.P.|S|Class C Common Stock|5086|522.66|I",2026-09-11 04:29:41+0000,DELL,Dell Technologies Inc.,0001571996,4,2026-09-09,2026-09-04,0001193125-26-386857,https://www.sec.gov/Archives/edgar/data/1571996/000119312526386857/ownership.xml,nonDerivative,2026-09-04,S,Class C Common Stock,5086,522.66,2658248.76,115107,I,"SL SPV-2, L.P.",,true,false,true,,SEC EDGAR
"DELL|0001193125-26-386857|nonDerivative|2026-09-04|SL SPV-2, L.P.|S|Class C Common Stock|3390|523.52|I",2026-09-11 04:29:41+0000,DELL,Dell Technologies Inc.,0001571996,4,2026-09-09,2026-09-04,0001193125-26-386857,https://www.sec.gov/Archives/edgar/data/1571996/000119312526386857/ownership.xml,nonDerivative,2026-09-04,S,Class C Common Stock,3390,523.52,1774732.8,111717,I,"SL SPV-2, L.P.",,true,false,true,,SEC EDGAR
"DELL|0001193125-26-386857|nonDerivative|2026-09-04|SL SPV-2, L.P.|S|Class C Common Stock|2392|524.67|I",2026-09-11 04:29:41+0000,DELL,Dell Technologies Inc.,0001571996,4,2026-09-09,2026-09-04,0001193125-26-386857,https://www.sec.gov/Archives/edgar/data/1571996/000119312526386857/ownership.xml,nonDerivative,2026-09-04,S,Class C Common Stock,2392,524.67,1255010.64,109324,I,"SL SPV-2, L.P.",,true,false,true,,SEC EDGAR
"DELL|0001193125-26-386857|nonDerivative|2026-09-04|SL SPV-2, L.P.|S|Class C Common Stock|5022|525.57|I",2026-09-11 04:29:41+0000,DELL,Dell Technologies Inc.,0001571996,4,2026-09-09,2026-09-04,0001193125-26-386857,https://www.sec.gov/Archives/edgar/data/1571996/000119312526386857/ownership.xml,nonDerivative,2026-09-04,S,Class C Common Stock,5022,525.57,2639412.54,104302,I,"SL SPV-2, L.P.",,true,false,true,,SEC EDGAR
"DELL|0001193125-26-386857|nonDerivative|2026-09-04|SL SPV-2, L.P.|S|Class C Common Stock|2044|526.65|I",2026-09-11 04:29:41+0000,DELL,Dell Technologies Inc.,0001571996,4,2026-09-09,2026-09-04,0001193125-26-386857,https://www.sec.gov/Archives/edgar/data/1571996/000119312526386857/ownership.xml,nonDerivative,2026-09-04,S,Class C Common Stock,2044,526.65,1076472.5999999999,102258,I,"SL SPV-2, L.P.",,true,false,true,,SEC EDGAR
"DELL|0001193125-26-386857|nonDerivative|2026-09-04|SL SPV-2, L.P.|S|Class C Common Stock|2941|527.59|I",2026-09-11 04:29:41+0000,DELL,Dell Technologies Inc.,0001571996,4,2026-09-09,2026-09-04,0001193125-26-386857,https://www.sec.gov/Archives/edgar/data/1571996/000119312526386857/ownership.xml,nonDerivative,2026-09-04,S,Class C Common Stock,2941,527.59,1551642.1900000002,99317,I,"SL SPV-2, L.P.",,true,false,true,,SEC EDGAR
"DELL|0001193125-26-386857|nonDerivative|2026-09-04|SL SPV-2, L.P.|S|Class C Common Stock|1687|528.48|I",2026-09-11 04:29:41+0000,DELL,Dell Technologies Inc.,0001571996,4,2026-09-09,2026-09-04,0001193125-26-386857,https://www.sec.gov/Archives/edgar/data/1571996/000119312526386857/ownership.xml,nonDerivative,2026-09-04,S,Class C Common Stock,1687,528.48,891545.76,97630,I,"SL SPV-2, L.P.",,true,false,true,,SEC EDGAR
"DELL|0001193125-26-386857|nonDerivative|2026-09-04|SL SPV-2, L.P.|S|Class C Common Stock|315|529.16|I",2026-09-11 04:29:41+0000,DELL,Dell Technologies Inc.,0001571996,4,2026-09-09,2026-09-04,0001193125-26-386857,https://www.sec.gov/Archives/edgar/data/1571996/000119312526386857/ownership.xml,nonDerivative,2026-09-04,S,Class C Common Stock,315,529.16,166685.4,97315,I,"SL SPV-2, L.P.",,true,false,true,,SEC EDGAR
"DELL|0001193125-26-386857|derivative|2026-09-04|SL SPV-2, L.P.|M|Class B Common Stock|74077|0|I",2026-09-11 04:29:41+0000,DELL,Dell Technologies Inc.,0001571996,4,2026-09-09,2026-09-04,0001193125-26-386857,https://www.sec.gov/Archives/edgar/data/1571996/000119312526386857/ownership.xml,derivative,2026-09-04,M,Class B Common Stock,74077,0,0.0,16457333,I,"SL SPV-2, L.P.",,true,false,true,,SEC EDGAR
DDOG|0001466857-26-000012|nonDerivative|2026-09-04|Richardson Julie|C|Class A Common Stock|5625|0|D,2026-09-11 04:29:41+0000,DDOG,"Datadog, Inc.",0001561550,4,2026-09-09,2026-09-04,0001466857-26-000012,https://www.sec.gov/Archives/edgar/data/1561550/000146685726000012/wk-form4_1788985931.xml,nonDerivative,2026-09-04,C,Class A Common Stock,5625,0,0.0,8803,D,Richardson Julie,Director,1,0,0,,SEC EDGAR
DDOG|0001466857-26-000012|nonDerivative|2026-09-04|Richardson Julie|S|Class A Common Stock|5212|212.2051|D,2026-09-11 04:29:41+0000,DDOG,"Datadog, Inc.",0001561550,4,2026-09-09,2026-09-04,0001466857-26-000012,https://www.sec.gov/Archives/edgar/data/1561550/000146685726000012/wk-form4_1788985931.xml,nonDerivative,2026-09-04,S,Class A Common Stock,5212,212.2051,1106012.9812,3591,D,Richardson Julie,Director,1,0,0,,SEC EDGAR
DDOG|0001466857-26-000012|nonDerivative|2026-09-04|Richardson Julie|S|Class A Common Stock|413|212.8518|D,2026-09-11 04:29:41+0000,DDOG,"Datadog, Inc.",0001561550,4,2026-09-09,2026-09-04,0001466857-26-000012,https://www.sec.gov/Archives/edgar/data/1561550/000146685726000012/wk-form4_1788985931.xml,nonDerivative,2026-09-04,S,Class A Common Stock,413,212.8518,87907.7934,3178,D,Richardson Julie,Director,1,0,0,,SEC EDGAR
DDOG|0001466857-26-000012|derivative|2026-09-04|Richardson Julie|M|Stock Option (Right to Buy)|5625|0|D,2026-09-11 04:29:41+0000,DDOG,"Datadog, Inc.",0001561550,4,2026-09-09,2026-09-04,0001466857-26-000012,https://www.sec.gov/Archives/edgar/data/1561550/000146685726000012/wk-form4_1788985931.xml,derivative,2026-09-04,M,Stock Option (Right to Buy),5625,0,0.0,16878,D,Richardson Julie,Director,1,0,0,,SEC EDGAR
DDOG|0001466857-26-000012|derivative|2026-09-04|Richardson Julie|M|Class B Common Stock|5625|7.9567|D,2026-09-11 04:29:41+0000,DDOG,"Datadog, Inc.",0001561550,4,2026-09-09,2026-09-04,0001466857-26-000012,https://www.sec.gov/Archives/edgar/data/1561550/000146685726000012/wk-form4_1788985931.xml,derivative,2026-09-04,M,Class B Common Stock,5625,7.9567,44756.4375,5625,D,Richardson Julie,Director,1,0,0,,SEC EDGAR
DDOG|0001466857-26-000012|derivative|2026-09-04|Richardson Julie|C|Class B Common Stock|5625|0|D,2026-09-11 04:29:41+0000,DDOG,"Datadog, Inc.",0001561550,4,2026-09-09,2026-09-04,0001466857-26-000012,https://www.sec.gov/Archives/edgar/data/1561550/000146685726000012/wk-form4_1788985931.xml,derivative,2026-09-04,C,Class B Common Stock,5625,0,0.0,0,D,Richardson Julie,Director,1,0,0,,SEC EDGAR
DASH|0001635648-26-000016|nonDerivative|2026-09-04|Lee Gordon S|S|Class A Common Stock|413|221.50|D,2026-09-11 04:29:41+0000,DASH,"DoorDash, Inc.",0001792789,4,2026-09-09,2026-09-04,0001635648-26-000016,https://www.sec.gov/Archives/edgar/data/1792789/000163564826000016/form4-09092026_040902.xml,nonDerivative,2026-09-04,S,Class A Common Stock,413,221.50,91479.5,83919,D,Lee Gordon S,CHIEF ACCOUNTING OFFICER,false,true,false,CHIEF ACCOUNTING OFFICER,SEC EDGAR
CSCO|0000858877-26-000134|nonDerivative|2026-09-08|Fink Nichlas A|S|Common Stock|2274|109.36|D,2026-09-11 04:29:41+0000,CSCO,"CISCO SYSTEMS, INC.",0000858877,4,2026-09-09,2026-09-08,0000858877-26-000134,https://www.sec.gov/Archives/edgar/data/858877/000085887726000134/wk-form4_1788984494.xml,nonDerivative,2026-09-08,S,Common Stock,2274,109.36,248684.63999999998,31352.09,D,Fink Nichlas A,"Officer, SVP, Chief Accounting Officer",0,1,0,"SVP, Chief Accounting Officer",SEC EDGAR
CRWD|0001778564-26-000157|nonDerivative|2026-09-04|Kurtz George|S|Class A common stock|2069|212.32|D,2026-09-11 04:29:41+0000,CRWD,"CrowdStrike Holdings, Inc.",0001535527,4,2026-09-09,2026-09-04,0001778564-26-000157,https://www.sec.gov/Archives/edgar/data/1535527/000177856426000157/form4-09092026_080901.xml,nonDerivative,2026-09-04,S,Class A common stock,2069,212.32,439290.07999999996,7813950,D,Kurtz George,PRESIDENT AND CEO,true,true,false,PRESIDENT AND CEO,SEC EDGAR
CRWD|0001778564-26-000157|nonDerivative|2026-09-04|Kurtz George|S|Class A common stock|4590|212.96|D,2026-09-11 04:29:41+0000,CRWD,"CrowdStrike Holdings, Inc.",0001535527,4,2026-09-09,2026-09-04,0001778564-26-000157,https://www.sec.gov/Archives/edgar/data/1535527/000177856426000157/form4-09092026_080901.xml,nonDerivative,2026-09-04,S,Class A common stock,4590,212.96,977486.4,7809360,D,Kurtz George,PRESIDENT AND CEO,true,true,false,PRESIDENT AND CEO,SEC EDGAR
CRWD|0001778564-26-000157|nonDerivative|2026-09-04|Kurtz George|S|Class A common stock|833|213.77|D,2026-09-11 04:29:41+0000,CRWD,"CrowdStrike Holdings, Inc.",0001535527,4,2026-09-09,2026-09-04,0001778564-26-000157,https://www.sec.gov/Archives/edgar/data/1535527/000177856426000157/form4-09092026_080901.xml,nonDerivative,2026-09-04,S,Class A common stock,833,213.77,178070.41,7808527,D,Kurtz George,PRESIDENT AND CEO,true,true,false,PRESIDENT AND CEO,SEC EDGAR
CRWD|0001778564-26-000157|nonDerivative|2026-09-04|Kurtz George|S|Class A common stock|1377|215.22|D,2026-09-11 04:29:41+0000,CRWD,"CrowdStrike Holdings, Inc.",0001535527,4,2026-09-09,2026-09-04,0001778564-26-000157,https://www.sec.gov/Archives/edgar/data/1535527/000177856426000157/form4-09092026_080901.xml,nonDerivative,2026-09-04,S,Class A common stock,1377,215.22,296357.94,7807150,D,Kurtz George,PRESIDENT AND CEO,true,true,false,PRESIDENT AND CEO,SEC EDGAR
CRWD|0001778564-26-000157|nonDerivative|2026-09-04|Kurtz George|S|Class A common stock|1131|216|D,2026-09-11 04:29:41+0000,CRWD,"CrowdStrike Holdings, Inc.",0001535527,4,2026-09-09,2026-09-04,0001778564-26-000157,https://www.sec.gov/Archives/edgar/data/1535527/000177856426000157/form4-09092026_080901.xml,nonDerivative,2026-09-04,S,Class A common stock,1131,216,244296.0,7806019,D,Kurtz George,PRESIDENT AND CEO,true,true,false,PRESIDENT AND CEO,SEC EDGAR
CRWD|0001778564-26-000157|nonDerivative|2026-09-08|Kurtz George|S|Class A common stock|1080|206.94|D,2026-09-11 04:29:41+0000,CRWD,"CrowdStrike Holdings, Inc.",0001535527,4,2026-09-09,2026-09-04,0001778564-26-000157,https://www.sec.gov/Archives/edgar/data/1535527/000177856426000157/form4-09092026_080901.xml,nonDerivative,2026-09-08,S,Class A common stock,1080,206.94,223495.2,7804939,D,Kurtz George,PRESIDENT AND CEO,true,true,false,PRESIDENT AND CEO,SEC EDGAR
CRWD|0001778564-26-000157|nonDerivative|2026-09-08|Kurtz George|S|Class A common stock|1558|207.85|D,2026-09-11 04:29:41+0000,CRWD,"CrowdStrike Holdings, Inc.",0001535527,4,2026-09-09,2026-09-04,0001778564-26-000157,https://www.sec.gov/Archives/edgar/data/1535527/000177856426000157/form4-09092026_080901.xml,nonDerivative,2026-09-08,S,Class A common stock,1558,207.85,323830.3,7803381,D,Kurtz George,PRESIDENT AND CEO,true,true,false,PRESIDENT AND CEO,SEC EDGAR
CRWD|0001778564-26-000157|nonDerivative|2026-09-08|Kurtz George|S|Class A common stock|2821|208.74|D,2026-09-11 04:29:41+0000,CRWD,"CrowdStrike Holdings, Inc.",0001535527,4,2026-09-09,2026-09-04,0001778564-26-000157,https://www.sec.gov/Archives/edgar/data/1535527/000177856426000157/form4-09092026_080901.xml,nonDerivative,2026-09-08,S,Class A common stock,2821,208.74,588855.54,7800560,D,Kurtz George,PRESIDENT AND CEO,true,true,false,PRESIDENT AND CEO,SEC EDGAR
CRWD|0001778564-26-000157|nonDerivative|2026-09-08|Kurtz George|S|Class A common stock|3565|209.87|D,2026-09-11 04:29:41+0000,CRWD,"CrowdStrike Holdings, Inc.",0001535527,4,2026-09-09,2026-09-04,0001778564-26-000157,https://www.sec.gov/Archives/edgar/data/1535527/000177856426000157/form4-09092026_080901.xml,nonDerivative,2026-09-08,S,Class A common stock,3565,209.87,748186.55,7796995,D,Kurtz George,PRESIDENT AND CEO,true,true,false,PRESIDENT AND CEO,SEC EDGAR
CRWD|0001778564-26-000157|nonDerivative|2026-09-08|Kurtz George|S|Class A common stock|975|210.75|D,2026-09-11 04:29:41+0000,CRWD,"CrowdStrike Holdings, Inc.",0001535527,4,2026-09-09,2026-09-04,0001778564-26-000157,https://www.sec.gov/Archives/edgar/data/1535527/000177856426000157/form4-09092026_080901.xml,nonDerivative,2026-09-08,S,Class A common stock,975,210.75,205481.25,7796020,D,Kurtz George,PRESIDENT AND CEO,true,true,false,PRESIDENT AND CEO,SEC EDGAR
CRWD|0001778564-26-000157|nonDerivative|2026-09-08|Kurtz George|S|Class A common stock|1|211.36|D,2026-09-11 04:29:41+0000,CRWD,"CrowdStrike Holdings, Inc.",0001535527,4,2026-09-09,2026-09-04,0001778564-26-000157,https://www.sec.gov/Archives/edgar/data/1535527/000177856426000157/form4-09092026_080901.xml,nonDerivative,2026-09-08,S,Class A common stock,1,211.36,211.36,7796019,D,Kurtz George,PRESIDENT AND CEO,true,true,false,PRESIDENT AND CEO,SEC EDGAR
AMZN|0001284323-26-000002|derivative|2026-09-08|SMITH BRAD D|A|Restricted Stock Unit Award|4086|0|D,2026-09-11 04:29:41+0000,AMZN,AMAZON COM INC,0001018724,4,2026-09-09,2026-09-08,0001284323-26-000002,https://www.sec.gov/Archives/edgar/data/1018724/000128432326000002/wk-form4_1788987268.xml,derivative,2026-09-08,A,Restricted Stock Unit Award,4086,0,0.0,4086,D,SMITH BRAD D,Director,1,0,0,,SEC EDGAR
AMZN|0001595602-26-000007|derivative|2026-09-08|Mandia Kevin R.|A|Restricted Stock Unit Award|4086|0|D,2026-09-11 04:29:41+0000,AMZN,AMAZON COM INC,0001018724,4,2026-09-09,2026-09-08,0001595602-26-000007,https://www.sec.gov/Archives/edgar/data/1018724/000159560226000007/wk-form4_1788986939.xml,derivative,2026-09-08,A,Restricted Stock Unit Award,4086,0,0.0,4086,D,Mandia Kevin R.,Director,1,0,0,,SEC EDGAR
"AFL|0001104659-26-106155|nonDerivative|2026-09-04|Japan Post Holdings Co., Ltd.|S|Common Stock|14850|117.46|I",2026-09-11 04:29:41+0000,AFL,AFLAC INC,0000004977,4,2026-09-09,2026-09-04,0001104659-26-106155,https://www.sec.gov/Archives/edgar/data/4977/000110465926106155/tm2624595-4_4seq1.xml,nonDerivative,2026-09-04,S,Common Stock,14850,117.46,1744281.0,50652840,I,"Japan Post Holdings Co., Ltd.",10% Owner,0,0,1,,SEC EDGAR
"AFL|0001104659-26-106155|nonDerivative|2026-09-04|Japan Post Holdings Co., Ltd.|S|Common Stock|150|118.17|I",2026-09-11 04:29:41+0000,AFL,AFLAC INC,0000004977,4,2026-09-09,2026-09-04,0001104659-26-106155,https://www.sec.gov/Archives/edgar/data/4977/000110465926106155/tm2624595-4_4seq1.xml,nonDerivative,2026-09-04,S,Common Stock,150,118.17,17725.5,50652690,I,"Japan Post Holdings Co., Ltd.",10% Owner,0,0,1,,SEC EDGAR
AEP|0001628280-26-061067|nonDerivative|2026-09-08|Dixon Kate|S|Common Stock|2000|125|D,2026-09-11 04:29:41+0000,AEP,AMERICAN ELECTRIC POWER CO INC,0000004904,4,2026-09-09,2026-09-08,0001628280-26-061067,https://www.sec.gov/Archives/edgar/data/4904/000162828026061067/wk-form4_1788972156.xml,nonDerivative,2026-09-08,S,Common Stock,2000,125,250000.0,15856,D,Dixon Kate,"Officer, Controller, CAO",0,1,0,"Controller, CAO",SEC EDGAR
ADI|0002009110-26-000007|nonDerivative|2026-09-08|Puccio Richard C Jr|S|Comm Stock - $.16-2/3 value|1500|363.65|D,2026-09-11 04:29:41+0000,ADI,ANALOG DEVICES INC,0000006281,4,2026-09-09,2026-09-08,0002009110-26-000007,https://www.sec.gov/Archives/edgar/data/6281/000200911026000007/wk-form4_1788991040.xml,nonDerivative,2026-09-08,S,Comm Stock - $.16-2/3 value,1500,363.65,545475.0,52677.376,D,Puccio Richard C Jr,"Officer, EVP and CFO",0,1,0,EVP and CFO,SEC EDGAR
A|0001090872-26-000065|nonDerivative|2026-09-04|Dolsten Mikael|S|Common Stock|634|151.375|D,2026-09-11 04:29:41+0000,A,"AGILENT TECHNOLOGIES, INC.",0001090872,4,2026-09-09,2026-09-04,0001090872-26-000065,https://www.sec.gov/Archives/edgar/data/1090872/000109087226000065/form4.xml,nonDerivative,2026-09-04,S,Common Stock,634,151.375,95971.75,4923.68,D,Dolsten Mikael,Director,1,,,,SEC EDGAR
WM|0001225208-26-007692|nonDerivative|2026-09-03|Stith Kimberly G.|F|Common Stock|356.0000|220.1300|D,2026-09-11 04:29:41+0000,WM,WASTE MANAGEMENT INC,0000823768,4,2026-09-08,2026-09-03,0001225208-26-007692,https://www.sec.gov/Archives/edgar/data/823768/000122520826007692/doc4.xml,nonDerivative,2026-09-03,F,Common Stock,356.0000,220.1300,78366.28,4479.8834,D,Stith Kimberly G.,"Officer, SVP - Chief HR Officer",,1,,SVP - Chief HR Officer,SEC EDGAR
WM|0001225208-26-007695|nonDerivative|2026-09-04|Carroll John A.|S|Common Stock|1365.0000|219.9000|I,2026-09-11 04:29:41+0000,WM,WASTE MANAGEMENT INC,0000823768,4,2026-09-08,2026-09-04,0001225208-26-007695,https://www.sec.gov/Archives/edgar/data/823768/000122520826007695/doc4.xml,nonDerivative,2026-09-04,S,Common Stock,1365.0000,219.9000,300163.5,3508.9393,I,Carroll John A.,"Officer, VP & Chief Accounting Officer",,1,,VP & Chief Accounting Officer,SEC EDGAR
WDC|0001266824-26-000199|nonDerivative|2026-09-03|Tregillis Cynthia L|M|Common Stock|7|0.0|D,2026-09-11 04:29:41+0000,WDC,WESTERN DIGITAL CORP,0000106040,4,2026-09-08,2026-09-03,0001266824-26-000199,https://www.sec.gov/Archives/edgar/data/106040/000126682426000199/edgardoc.xml,nonDerivative,2026-09-03,M,Common Stock,7,0.0,0.0,112162,D,Tregillis Cynthia L,"Officer, Chief Legal Officer & Corp Sec",0,1,0,Chief Legal Officer & Corp Sec,SEC EDGAR
WDC|0001266824-26-000199|nonDerivative|2026-09-03|Tregillis Cynthia L|F|Common Stock|700|441.57|D,2026-09-11 04:29:41+0000,WDC,WESTERN DIGITAL CORP,0000106040,4,2026-09-08,2026-09-03,0001266824-26-000199,https://www.sec.gov/Archives/edgar/data/106040/000126682426000199/edgardoc.xml,nonDerivative,2026-09-03,F,Common Stock,700,441.57,309099.0,111462,D,Tregillis Cynthia L,"Officer, Chief Legal Officer & Corp Sec",0,1,0,Chief Legal Officer & Corp Sec,SEC EDGAR
WDC|0001266824-26-000199|nonDerivative|2026-09-04|Tregillis Cynthia L|S|Common Stock|432|451.2|D,2026-09-11 04:29:41+0000,WDC,WESTERN DIGITAL CORP,0000106040,4,2026-09-08,2026-09-03,0001266824-26-000199,https://www.sec.gov/Archives/edgar/data/106040/000126682426000199/edgardoc.xml,nonDerivative,2026-09-04,S,Common Stock,432,451.2,194918.4,111030,D,Tregillis Cynthia L,"Officer, Chief Legal Officer & Corp Sec",0,1,0,Chief Legal Officer & Corp Sec,SEC EDGAR
WDC|0001266824-26-000199|derivative|2026-09-03|Tregillis Cynthia L|M|Dividend Equivalent Rights|7.0583|0.0|D,2026-09-11 04:29:41+0000,WDC,WESTERN DIGITAL CORP,0000106040,4,2026-09-08,2026-09-03,0001266824-26-000199,https://www.sec.gov/Archives/edgar/data/106040/000126682426000199/edgardoc.xml,derivative,2026-09-03,M,Dividend Equivalent Rights,7.0583,0.0,0.0,270.4819,D,Tregillis Cynthia L,"Officer, Chief Legal Officer & Corp Sec",0,1,0,Chief Legal Officer & Corp Sec,SEC EDGAR
WDC|0001266824-26-000198|nonDerivative|2026-09-03|Gubbi Vidyadhara K|M|Common Stock|14|0.0|D,2026-09-11 04:29:41+0000,WDC,WESTERN DIGITAL CORP,0000106040,4,2026-09-08,2026-09-03,0001266824-26-000198,https://www.sec.gov/Archives/edgar/data/106040/000126682426000198/edgardoc.xml,nonDerivative,2026-09-03,M,Common Stock,14,0.0,0.0,84130,D,Gubbi Vidyadhara K,"Officer, Chief of Global Operations",0,1,0,Chief of Global Operations,SEC EDGAR
WDC|0001266824-26-000198|nonDerivative|2026-09-03|Gubbi Vidyadhara K|F|Common Stock|1764|441.57|D,2026-09-11 04:29:41+0000,WDC,WESTERN DIGITAL CORP,0000106040,4,2026-09-08,2026-09-03,0001266824-26-000198,https://www.sec.gov/Archives/edgar/data/106040/000126682426000198/edgardoc.xml,nonDerivative,2026-09-03,F,Common Stock,1764,441.57,778929.48,82366,D,Gubbi Vidyadhara K,"Officer, Chief of Global Operations",0,1,0,Chief of Global Operations,SEC EDGAR
WDC|0001266824-26-000198|nonDerivative|2026-09-04|Gubbi Vidyadhara K|S|Common Stock|1795|459.8732|D,2026-09-11 04:29:41+0000,WDC,WESTERN DIGITAL CORP,0000106040,4,2026-09-08,2026-09-03,0001266824-26-000198,https://www.sec.gov/Archives/edgar/data/106040/000126682426000198/edgardoc.xml,nonDerivative,2026-09-04,S,Common Stock,1795,459.8732,825472.394,80571,D,Gubbi Vidyadhara K,"Officer, Chief of Global Operations",0,1,0,Chief of Global Operations,SEC EDGAR
WDC|0001266824-26-000198|derivative|2026-09-03|Gubbi Vidyadhara K|M|Dividend Equivalent Rights|14.1166|0.0|D,2026-09-11 04:29:41+0000,WDC,WESTERN DIGITAL CORP,0000106040,4,2026-09-08,2026-09-03,0001266824-26-000198,https://www.sec.gov/Archives/edgar/data/106040/000126682426000198/edgardoc.xml,derivative,2026-09-03,M,Dividend Equivalent Rights,14.1166,0.0,0.0,194.1244,D,Gubbi Vidyadhara K,"Officer, Chief of Global Operations",0,1,0,Chief of Global Operations,SEC EDGAR
WDC|0001266824-26-000197|nonDerivative|2026-09-03|Davis Brian Scott|M|Common Stock|7|0.0|D,2026-09-11 04:29:41+0000,WDC,WESTERN DIGITAL CORP,0000106040,4,2026-09-08,2026-09-03,0001266824-26-000197,https://www.sec.gov/Archives/edgar/data/106040/000126682426000197/edgardoc.xml,nonDerivative,2026-09-03,M,Common Stock,7,0.0,0.0,101328,D,Davis Brian Scott,"Officer, Chief Sales & Mrktng Officer",0,1,0,Chief Sales & Mrktng Officer,SEC EDGAR
WDC|0001266824-26-000197|nonDerivative|2026-09-03|Davis Brian Scott|F|Common Stock|882|441.57|D,2026-09-11 04:29:41+0000,WDC,WESTERN DIGITAL CORP,0000106040,4,2026-09-08,2026-09-03,0001266824-26-000197,https://www.sec.gov/Archives/edgar/data/106040/000126682426000197/edgardoc.xml,nonDerivative,2026-09-03,F,Common Stock,882,441.57,389464.74,100446,D,Davis Brian Scott,"Officer, Chief Sales & Mrktng Officer",0,1,0,Chief Sales & Mrktng Officer,SEC EDGAR
WDC|0001266824-26-000197|derivative|2026-09-03|Davis Brian Scott|M|Dividend Equivalent Rights|7.0583|0.0|D,2026-09-11 04:29:41+0000,WDC,WESTERN DIGITAL CORP,0000106040,4,2026-09-08,2026-09-03,0001266824-26-000197,https://www.sec.gov/Archives/edgar/data/106040/000126682426000197/edgardoc.xml,derivative,2026-09-03,M,Dividend Equivalent Rights,7.0583,0.0,0.0,157.2587,D,Davis Brian Scott,"Officer, Chief Sales & Mrktng Officer",0,1,0,Chief Sales & Mrktng Officer,SEC EDGAR
WBD|0001396681-26-000004|nonDerivative|2026-09-03|LEVY ANTON J|S|Series A Common Stock|340000|28.39|D,2026-09-11 04:29:41+0000,WBD,"Warner Bros. Discovery, Inc.",0001437107,4,2026-09-08,2026-09-03,0001396681-26-000004,https://www.sec.gov/Archives/edgar/data/1437107/000139668126000004/wk-form4_1788901160.xml,nonDerivative,2026-09-03,S,Series A Common Stock,340000,28.39,9652600.0,618067,D,LEVY ANTON J,Director,1,0,0,,SEC EDGAR
UBER|0002071761-26-000011|nonDerivative|2026-09-04|Macdonald Andrew|P|Common Stock|54325.00|75.6526|D,2026-09-11 04:29:41+0000,UBER,"Uber Technologies, Inc",0001543151,4,2026-09-08,2026-09-04,0002071761-26-000011,https://www.sec.gov/Archives/edgar/data/1543151/000207176126000011/primarydocument.xml,nonDerivative,2026-09-04,P,Common Stock,54325.00,75.6526,4109827.4950000006,410645.00,D,Macdonald Andrew,See Remarks,false,true,false,See Remarks,SEC EDGAR
UBER|0002071761-26-000011|nonDerivative|2026-09-04|Macdonald Andrew|P|Common Stock|15675.00|76.4425|D,2026-09-11 04:29:41+0000,UBER,"Uber Technologies, Inc",0001543151,4,2026-09-08,2026-09-04,0002071761-26-000011,https://www.sec.gov/Archives/edgar/data/1543151/000207176126000011/primarydocument.xml,nonDerivative,2026-09-04,P,Common Stock,15675.00,76.4425,1198236.1875,426320.00,D,Macdonald Andrew,See Remarks,false,true,false,See Remarks,SEC EDGAR
TSN|0001628280-26-060888|nonDerivative|2026-09-04|Schomburger Jeffrey K|P|Class A Common Stock|19450|51.497|D,2026-09-11 04:29:41+0000,TSN,"TYSON FOODS, INC.",0000100493,4,2026-09-08,2026-09-04,0001628280-26-060888,https://www.sec.gov/Archives/edgar/data/100493/000162828026060888/wk-form4_1788897113.xml,nonDerivative,2026-09-04,P,Class A Common Stock,19450,51.497,1001616.65,100129.967,D,Schomburger Jeffrey K,"Director, Officer, President & CEO Elect",1,1,0,President & CEO Elect,SEC EDGAR
TRGP|0001193125-26-385252|nonDerivative|2026-09-03|Perkins Joe Bob|G|Common Stock|8370|0|I,2026-09-11 04:29:41+0000,TRGP,Targa Resources Corp.,0001389170,4,2026-09-08,2026-09-03,0001193125-26-385252,https://www.sec.gov/Archives/edgar/data/1389170/000119312526385252/ownership.xml,nonDerivative,2026-09-03,G,Common Stock,8370,0,0.0,102100,I,Perkins Joe Bob,,true,false,false,,SEC EDGAR
TPL|0001437749-26-029777|nonDerivative|2026-09-04|HORIZON KINETICS ASSET MANAGEMENT LLC|P|Common Stock|1|360.03|D,2026-09-11 04:29:41+0000,TPL,Texas Pacific Land Corp,0001811074,4,2026-09-08,2026-09-04,0001437749-26-029777,https://www.sec.gov/Archives/edgar/data/1811074/000143774926029777/rdgdoc.xml,nonDerivative,2026-09-04,P,Common Stock,1,360.03,360.03,3390841,D,HORIZON KINETICS ASSET MANAGEMENT LLC,10% Owner,,,1,,SEC EDGAR
SNDK|0001242648-26-000025|nonDerivative|2026-09-03|Visoso Luis Felipe|F|Common Stock|5838|1554.99|D,2026-09-11 04:29:41+0000,SNDK,Sandisk Corp,0002023554,4,2026-09-08,2026-09-03,0001242648-26-000025,https://www.sec.gov/Archives/edgar/data/2023554/000124264826000025/edgardoc.xml,nonDerivative,2026-09-03,F,Common Stock,5838,1554.99,9078031.62,131976,D,Visoso Luis Felipe,"Officer, EVP & CFO",0,1,0,EVP & CFO,SEC EDGAR
SNDK|0001242648-26-000027|nonDerivative|2026-09-03|Shek Bernard|F|Common Stock|2271|1554.99|D,2026-09-11 04:29:41+0000,SNDK,Sandisk Corp,0002023554,4,2026-09-08,2026-09-03,0001242648-26-000027,https://www.sec.gov/Archives/edgar/data/2023554/000124264826000027/edgardoc.xml,nonDerivative,2026-09-03,F,Common Stock,2271,1554.99,3531382.29,27613,D,Shek Bernard,"Officer, Chief Legal Officer & Secty",0,1,0,Chief Legal Officer & Secty,SEC EDGAR
SNDK|0001242648-26-000027|nonDerivative|2026-09-08|Shek Bernard|S|Common Stock|2308|1767.33|D,2026-09-11 04:29:41+0000,SNDK,Sandisk Corp,0002023554,4,2026-09-08,2026-09-03,0001242648-26-000027,https://www.sec.gov/Archives/edgar/data/2023554/000124264826000027/edgardoc.xml,nonDerivative,2026-09-08,S,Common Stock,2308,1767.33,4078997.6399999997,25305,D,Shek Bernard,"Officer, Chief Legal Officer & Secty",0,1,0,Chief Legal Officer & Secty,SEC EDGAR
SNDK|0001242648-26-000024|nonDerivative|2026-09-03|Pokorny Michael|F|Common Stock|1283|1554.99|D,2026-09-11 04:29:41+0000,SNDK,Sandisk Corp,0002023554,4,2026-09-08,2026-09-03,0001242648-26-000024,https://www.sec.gov/Archives/edgar/data/2023554/000124264826000024/edgardoc.xml,nonDerivative,2026-09-03,F,Common Stock,1283,1554.99,1995052.17,21092,D,Pokorny Michael,"Officer, VP, Chief Accounting Officer",0,1,0,"VP, Chief Accounting Officer",SEC EDGAR
SNDK|0001242648-26-000029|nonDerivative|2026-09-03|Ilkbahar Alper|S|Common Stock|120|1561.69|D,2026-09-11 04:29:41+0000,SNDK,Sandisk Corp,0002023554,4,2026-09-08,2026-09-03,0001242648-26-000029,https://www.sec.gov/Archives/edgar/data/2023554/000124264826000029/edgardoc.xml,nonDerivative,2026-09-03,S,Common Stock,120,1561.69,187402.80000000002,44014,D,Ilkbahar Alper,"Officer, EVP & Chief Technology Officer",0,1,0,EVP & Chief Technology Officer,SEC EDGAR
SNDK|0001242648-26-000029|nonDerivative|2026-09-03|Ilkbahar Alper|S|Common Stock|200|1563.684|D,2026-09-11 04:29:41+0000,SNDK,Sandisk Corp,0002023554,4,2026-09-08,2026-09-03,0001242648-26-000029,https://www.sec.gov/Archives/edgar/data/2023554/000124264826000029/edgardoc.xml,nonDerivative,2026-09-03,S,Common Stock,200,1563.684,312736.8,43814,D,Ilkbahar Alper,"Officer, EVP & Chief Technology Officer",0,1,0,EVP & Chief Technology Officer,SEC EDGAR
SNDK|0001242648-26-000029|nonDerivative|2026-09-03|Ilkbahar Alper|S|Common Stock|40|1564.4|D,2026-09-11 04:29:41+0000,SNDK,Sandisk Corp,0002023554,4,2026-09-08,2026-09-03,0001242648-26-000029,https://www.sec.gov/Archives/edgar/data/2023554/000124264826000029/edgardoc.xml,nonDerivative,2026-09-03,S,Common Stock,40,1564.4,62576.0,43774,D,Ilkbahar Alper,"Officer, EVP & Chief Technology Officer",0,1,0,EVP & Chief Technology Officer,SEC EDGAR
SNDK|0001242648-26-000029|nonDerivative|2026-09-03|Ilkbahar Alper|S|Common Stock|40|1571.041|D,2026-09-11 04:29:41+0000,SNDK,Sandisk Corp,0002023554,4,2026-09-08,2026-09-03,0001242648-26-000029,https://www.sec.gov/Archives/edgar/data/2023554/000124264826000029/edgardoc.xml,nonDerivative,2026-09-03,S,Common Stock,40,1571.041,62841.64,43734,D,Ilkbahar Alper,"Officer, EVP & Chief Technology Officer",0,1,0,EVP & Chief Technology Officer,SEC EDGAR
SNDK|0001242648-26-000029|nonDerivative|2026-09-03|Ilkbahar Alper|F|Common Stock|3244|1554.99|D,2026-09-11 04:29:41+0000,SNDK,Sandisk Corp,0002023554,4,2026-09-08,2026-09-03,0001242648-26-000029,https://www.sec.gov/Archives/edgar/data/2023554/000124264826000029/edgardoc.xml,nonDerivative,2026-09-03,F,Common Stock,3244,1554.99,5044387.56,40490,D,Ilkbahar Alper,"Officer, EVP & Chief Technology Officer",0,1,0,EVP & Chief Technology Officer,SEC EDGAR
SNDK|0001242648-26-000028|nonDerivative|2026-09-03|Ilkbahar Alper|S|Common Stock|40|1513.23|D,2026-09-11 04:29:41+0000,SNDK,Sandisk Corp,0002023554,4,2026-09-08,2026-09-03,0001242648-26-000028,https://www.sec.gov/Archives/edgar/data/2023554/000124264826000028/edgardoc.xml,nonDerivative,2026-09-03,S,Common Stock,40,1513.23,60529.2,48806,D,Ilkbahar Alper,"Officer, EVP & Chief Technology Officer",0,1,0,EVP & Chief Technology Officer,SEC EDGAR
SNDK|0001242648-26-000028|nonDerivative|2026-09-03|Ilkbahar Alper|S|Common Stock|80|1515.045|D,2026-09-11 04:29:41+0000,SNDK,Sandisk Corp,0002023554,4,2026-09-08,2026-09-03,0001242648-26-000028,https://www.sec.gov/Archives/edgar/data/2023554/000124264826000028/edgardoc.xml,nonDerivative,2026-09-03,S,Common Stock,80,1515.045,121203.6,48726,D,Ilkbahar Alper,"Officer, EVP & Chief Technology Officer",0,1,0,EVP & Chief Technology Officer,SEC EDGAR
SNDK|0001242648-26-000028|nonDerivative|2026-09-03|Ilkbahar Alper|S|Common Stock|52|1517.6823|D,2026-09-11 04:29:41+0000,SNDK,Sandisk Corp,0002023554,4,2026-09-08,2026-09-03,0001242648-26-000028,https://www.sec.gov/Archives/edgar/data/2023554/000124264826000028/edgardoc.xml,nonDerivative,2026-09-03,S,Common Stock,52,1517.6823,78919.47959999999,48674,D,Ilkbahar Alper,"Officer, EVP & Chief Technology Officer",0,1,0,EVP & Chief Technology Officer,SEC EDGAR
SNDK|0001242648-26-000028|nonDerivative|2026-09-03|Ilkbahar Alper|S|Common Stock|68|1519.2312|D,2026-09-11 04:29:41+0000,SNDK,Sandisk Corp,0002023554,4,2026-09-08,2026-09-03,0001242648-26-000028,https://www.sec.gov/Archives/edgar/data/2023554/000124264826000028/edgardoc.xml,nonDerivative,2026-09-03,S,Common Stock,68,1519.2312,103307.72159999999,48606,D,Ilkbahar Alper,"Officer, EVP & Chief Technology Officer",0,1,0,EVP & Chief Technology Officer,SEC EDGAR
SNDK|0001242648-26-000028|nonDerivative|2026-09-03|Ilkbahar Alper|S|Common Stock|80|1520.93|D,2026-09-11 04:29:41+0000,SNDK,Sandisk Corp,0002023554,4,2026-09-08,2026-09-03,0001242648-26-000028,https://www.sec.gov/Archives/edgar/data/2023554/000124264826000028/edgardoc.xml,nonDerivative,2026-09-03,S,Common Stock,80,1520.93,121674.40000000001,48526,D,Ilkbahar Alper,"Officer, EVP & Chief Technology Officer",0,1,0,EVP & Chief Technology Officer,SEC EDGAR
SNDK|0001242648-26-000028|nonDerivative|2026-09-03|Ilkbahar Alper|S|Common Stock|40|1522.1|D,2026-09-11 04:29:41+0000,SNDK,Sandisk Corp,0002023554,4,2026-09-08,2026-09-03,0001242648-26-000028,https://www.sec.gov/Archives/edgar/data/2023554/000124264826000028/edgardoc.xml,nonDerivative,2026-09-03,S,Common Stock,40,1522.1,60884.0,48486,D,Ilkbahar Alper,"Officer, EVP & Chief Technology Officer",0,1,0,EVP & Chief Technology Officer,SEC EDGAR
SNDK|0001242648-26-000028|nonDerivative|2026-09-03|Ilkbahar Alper|S|Common Stock|80|1523.605|D,2026-09-11 04:29:41+0000,SNDK,Sandisk Corp,0002023554,4,2026-09-08,2026-09-03,0001242648-26-000028,https://www.sec.gov/Archives/edgar/data/2023554/000124264826000028/edgardoc.xml,nonDerivative,2026-09-03,S,Common Stock,80,1523.605,121888.4,48406,D,Ilkbahar Alper,"Officer, EVP & Chief Technology Officer",0,1,0,EVP & Chief Technology Officer,SEC EDGAR
SNDK|0001242648-26-000028|nonDerivative|2026-09-03|Ilkbahar Alper|S|Common Stock|80|1526.81|D,2026-09-11 04:29:41+0000,SNDK,Sandisk Corp,0002023554,4,2026-09-08,2026-09-03,0001242648-26-000028,https://www.sec.gov/Archives/edgar/data/2023554/000124264826000028/edgardoc.xml,nonDerivative,2026-09-03,S,Common Stock,80,1526.81,122144.79999999999,48326,D,Ilkbahar Alper,"Officer, EVP & Chief Technology Officer",0,1,0,EVP & Chief Technology Officer,SEC EDGAR
SNDK|0001242648-26-000028|nonDerivative|2026-09-03|Ilkbahar Alper|S|Common Stock|40|1527.58|D,2026-09-11 04:29:41+0000,SNDK,Sandisk Corp,0002023554,4,2026-09-08,2026-09-03,0001242648-26-000028,https://www.sec.gov/Archives/edgar/data/2023554/000124264826000028/edgardoc.xml,nonDerivative,2026-09-03,S,Common Stock,40,1527.58,61103.2,48286,D,Ilkbahar Alper,"Officer, EVP & Chief Technology Officer",0,1,0,EVP & Chief Technology Officer,SEC EDGAR
SNDK|0001242648-26-000028|nonDerivative|2026-09-03|Ilkbahar Alper|S|Common Stock|80|1529.705|D,2026-09-11 04:29:41+0000,SNDK,Sandisk Corp,0002023554,4,2026-09-08,2026-09-03,0001242648-26-000028,https://www.sec.gov/Archives/edgar/data/2023554/000124264826000028/edgardoc.xml,nonDerivative,2026-09-03,S,Common Stock,80,1529.705,122376.4,48206,D,Ilkbahar Alper,"Officer, EVP & Chief Technology Officer",0,1,0,EVP & Chief Technology Officer,SEC EDGAR
SNDK|0001242648-26-000028|nonDerivative|2026-09-03|Ilkbahar Alper|S|Common Stock|80|1530.52|D,2026-09-11 04:29:41+0000,SNDK,Sandisk Corp,0002023554,4,2026-09-08,2026-09-03,0001242648-26-000028,https://www.sec.gov/Archives/edgar/data/2023554/000124264826000028/edgardoc.xml,nonDerivative,2026-09-03,S,Common Stock,80,1530.52,122441.6,48126,D,Ilkbahar Alper,"Officer, EVP & Chief Technology Officer",0,1,0,EVP & Chief Technology Officer,SEC EDGAR
SNDK|0001242648-26-000028|nonDerivative|2026-09-03|Ilkbahar Alper|S|Common Stock|40|1532.02|D,2026-09-11 04:29:41+0000,SNDK,Sandisk Corp,0002023554,4,2026-09-08,2026-09-03,0001242648-26-000028,https://www.sec.gov/Archives/edgar/data/2023554/000124264826000028/edgardoc.xml,nonDerivative,2026-09-03,S,Common Stock,40,1532.02,61280.8,48086,D,Ilkbahar Alper,"Officer, EVP & Chief Technology Officer",0,1,0,EVP & Chief Technology Officer,SEC EDGAR
SNDK|0001242648-26-000028|nonDerivative|2026-09-03|Ilkbahar Alper|S|Common Stock|120|1533.69|D,2026-09-11 04:29:41+0000,SNDK,Sandisk Corp,0002023554,4,2026-09-08,2026-09-03,0001242648-26-000028,https://www.sec.gov/Archives/edgar/data/2023554/000124264826000028/edgardoc.xml,nonDerivative,2026-09-03,S,Common Stock,120,1533.69,184042.80000000002,47966,D,Ilkbahar Alper,"Officer, EVP & Chief Technology Officer",0,1,0,EVP & Chief Technology Officer,SEC EDGAR
SNDK|0001242648-26-000028|nonDerivative|2026-09-03|Ilkbahar Alper|S|Common Stock|80|1534.48|D,2026-09-11 04:29:41+0000,SNDK,Sandisk Corp,0002023554,4,2026-09-08,2026-09-03,0001242648-26-000028,https://www.sec.gov/Archives/edgar/data/2023554/000124264826000028/edgardoc.xml,nonDerivative,2026-09-03,S,Common Stock,80,1534.48,122758.4,47886,D,Ilkbahar Alper,"Officer, EVP & Chief Technology Officer",0,1,0,EVP & Chief Technology Officer,SEC EDGAR
SNDK|0001242648-26-000028|nonDerivative|2026-09-03|Ilkbahar Alper|S|Common Stock|80|1535.655|D,2026-09-11 04:29:41+0000,SNDK,Sandisk Corp,0002023554,4,2026-09-08,2026-09-03,0001242648-26-000028,https://www.sec.gov/Archives/edgar/data/2023554/000124264826000028/edgardoc.xml,nonDerivative,2026-09-03,S,Common Stock,80,1535.655,122852.4,47806,D,Ilkbahar Alper,"Officer, EVP & Chief Technology Officer",0,1,0,EVP & Chief Technology Officer,SEC EDGAR
SNDK|0001242648-26-000028|nonDerivative|2026-09-03|Ilkbahar Alper|S|Common Stock|160|1537.4875|D,2026-09-11 04:29:41+0000,SNDK,Sandisk Corp,0002023554,4,2026-09-08,2026-09-03,0001242648-26-000028,https://www.sec.gov/Archives/edgar/data/2023554/000124264826000028/edgardoc.xml,nonDerivative,2026-09-03,S,Common Stock,160,1537.4875,245998.0,47646,D,Ilkbahar Alper,"Officer, EVP & Chief Technology Officer",0,1,0,EVP & Chief Technology Officer,SEC EDGAR
SNDK|0001242648-26-000028|nonDerivative|2026-09-03|Ilkbahar Alper|S|Common Stock|80|1538.41|D,2026-09-11 04:29:41+0000,SNDK,Sandisk Corp,0002023554,4,2026-09-08,2026-09-03,0001242648-26-000028,https://www.sec.gov/Archives/edgar/data/2023554/000124264826000028/edgardoc.xml,nonDerivative,2026-09-03,S,Common Stock,80,1538.41,123072.8,47566,D,Ilkbahar Alper,"Officer, EVP & Chief Technology Officer",0,1,0,EVP & Chief Technology Officer,SEC EDGAR
SNDK|0001242648-26-000028|nonDerivative|2026-09-03|Ilkbahar Alper|S|Common Stock|80|1539.61|D,2026-09-11 04:29:41+0000,SNDK,Sandisk Corp,0002023554,4,2026-09-08,2026-09-03,0001242648-26-000028,https://www.sec.gov/Archives/edgar/data/2023554/000124264826000028/edgardoc.xml,nonDerivative,2026-09-03,S,Common Stock,80,1539.61,123168.79999999999,47486,D,Ilkbahar Alper,"Officer, EVP & Chief Technology Officer",0,1,0,EVP & Chief Technology Officer,SEC EDGAR
SNDK|0001242648-26-000028|nonDerivative|2026-09-03|Ilkbahar Alper|S|Common Stock|80|1541.005|D,2026-09-11 04:29:41+0000,SNDK,Sandisk Corp,0002023554,4,2026-09-08,2026-09-03,0001242648-26-000028,https://www.sec.gov/Archives/edgar/data/2023554/000124264826000028/edgardoc.xml,nonDerivative,2026-09-03,S,Common Stock,80,1541.005,123280.40000000001,47406,D,Ilkbahar Alper,"Officer, EVP & Chief Technology Officer",0,1,0,EVP & Chief Technology Officer,SEC EDGAR
SNDK|0001242648-26-000028|nonDerivative|2026-09-03|Ilkbahar Alper|S|Common Stock|80|1542.675|D,2026-09-11 04:29:41+0000,SNDK,Sandisk Corp,0002023554,4,2026-09-08,2026-09-03,0001242648-26-000028,https://www.sec.gov/Archives/edgar/data/2023554/000124264826000028/edgardoc.xml,nonDerivative,2026-09-03,S,Common Stock,80,1542.675,123414.0,47326,D,Ilkbahar Alper,"Officer, EVP & Chief Technology Officer",0,1,0,EVP & Chief Technology Officer,SEC EDGAR
SNDK|0001242648-26-000028|nonDerivative|2026-09-03|Ilkbahar Alper|S|Common Stock|2594|1543.7634|D,2026-09-11 04:29:41+0000,SNDK,Sandisk Corp,0002023554,4,2026-09-08,2026-09-03,0001242648-26-000028,https://www.sec.gov/Archives/edgar/data/2023554/000124264826000028/edgardoc.xml,nonDerivative,2026-09-03,S,Common Stock,2594,1543.7634,4004522.2596,44732,D,Ilkbahar Alper,"Officer, EVP & Chief Technology Officer",0,1,0,EVP & Chief Technology Officer,SEC EDGAR
SNDK|0001242648-26-000028|nonDerivative|2026-09-03|Ilkbahar Alper|S|Common Stock|80|1546.02|D,2026-09-11 04:29:41+0000,SNDK,Sandisk Corp,0002023554,4,2026-09-08,2026-09-03,0001242648-26-000028,https://www.sec.gov/Archives/edgar/data/2023554/000124264826000028/edgardoc.xml,nonDerivative,2026-09-03,S,Common Stock,80,1546.02,123681.6,44652,D,Ilkbahar Alper,"Officer, EVP & Chief Technology Officer",0,1,0,EVP & Chief Technology Officer,SEC EDGAR
SNDK|0001242648-26-000028|nonDerivative|2026-09-03|Ilkbahar Alper|S|Common Stock|80|1547.46|D,2026-09-11 04:29:41+0000,SNDK,Sandisk Corp,0002023554,4,2026-09-08,2026-09-03,0001242648-26-000028,https://www.sec.gov/Archives/edgar/data/2023554/000124264826000028/edgardoc.xml,nonDerivative,2026-09-03,S,Common Stock,80,1547.46,123796.8,44572,D,Ilkbahar Alper,"Officer, EVP & Chief Technology Officer",0,1,0,EVP & Chief Technology Officer,SEC EDGAR
SNDK|0001242648-26-000028|nonDerivative|2026-09-03|Ilkbahar Alper|S|Common Stock|40|1548.85|D,2026-09-11 04:29:41+0000,SNDK,Sandisk Corp,0002023554,4,2026-09-08,2026-09-03,0001242648-26-000028,https://www.sec.gov/Archives/edgar/data/2023554/000124264826000028/edgardoc.xml,nonDerivative,2026-09-03,S,Common Stock,40,1548.85,61954.0,44532,D,Ilkbahar Alper,"Officer, EVP & Chief Technology Officer",0,1,0,EVP & Chief Technology Officer,SEC EDGAR
SNDK|0001242648-26-000028|nonDerivative|2026-09-03|Ilkbahar Alper|S|Common Stock|40|1550.48|D,2026-09-11 04:29:41+0000,SNDK,Sandisk Corp,0002023554,4,2026-09-08,2026-09-03,0001242648-26-000028,https://www.sec.gov/Archives/edgar/data/2023554/000124264826000028/edgardoc.xml,nonDerivative,2026-09-03,S,Common Stock,40,1550.48,62019.2,44492,D,Ilkbahar Alper,"Officer, EVP & Chief Technology Officer",0,1,0,EVP & Chief Technology Officer,SEC EDGAR
SNDK|0001242648-26-000028|nonDerivative|2026-09-03|Ilkbahar Alper|S|Common Stock|120|1553.35|D,2026-09-11 04:29:41+0000,SNDK,Sandisk Corp,0002023554,4,2026-09-08,2026-09-03,0001242648-26-000028,https://www.sec.gov/Archives/edgar/data/2023554/000124264826000028/edgardoc.xml,nonDerivative,2026-09-03,S,Common Stock,120,1553.35,186402.0,44372,D,Ilkbahar Alper,"Officer, EVP & Chief Technology Officer",0,1,0,EVP & Chief Technology Officer,SEC EDGAR
SNDK|0001242648-26-000028|nonDerivative|2026-09-03|Ilkbahar Alper|S|Common Stock|40|1554.02|D,2026-09-11 04:29:41+0000,SNDK,Sandisk Corp,0002023554,4,2026-09-08,2026-09-03,0001242648-26-000028,https://www.sec.gov/Archives/edgar/data/2023554/000124264826000028/edgardoc.xml,nonDerivative,2026-09-03,S,Common Stock,40,1554.02,62160.8,44332,D,Ilkbahar Alper,"Officer, EVP & Chief Technology Officer",0,1,0,EVP & Chief Technology Officer,SEC EDGAR
SNDK|0001242648-26-000028|nonDerivative|2026-09-03|Ilkbahar Alper|S|Common Stock|78|1555.5677|D,2026-09-11 04:29:41+0000,SNDK,Sandisk Corp,0002023554,4,2026-09-08,2026-09-03,0001242648-26-000028,https://www.sec.gov/Archives/edgar/data/2023554/000124264826000028/edgardoc.xml,nonDerivative,2026-09-03,S,Common Stock,78,1555.5677,121334.2806,44254,D,Ilkbahar Alper,"Officer, EVP & Chief Technology Officer",0,1,0,EVP & Chief Technology Officer,SEC EDGAR
SNDK|0001242648-26-000028|nonDerivative|2026-09-03|Ilkbahar Alper|S|Common Stock|80|1557.785|D,2026-09-11 04:29:41+0000,SNDK,Sandisk Corp,0002023554,4,2026-09-08,2026-09-03,0001242648-26-000028,https://www.sec.gov/Archives/edgar/data/2023554/000124264826000028/edgardoc.xml,nonDerivative,2026-09-03,S,Common Stock,80,1557.785,124622.8,44174,D,Ilkbahar Alper,"Officer, EVP & Chief Technology Officer",0,1,0,EVP & Chief Technology Officer,SEC EDGAR
SNDK|0001242648-26-000028|nonDerivative|2026-09-03|Ilkbahar Alper|S|Common Stock|40|1558.9|D,2026-09-11 04:29:41+0000,SNDK,Sandisk Corp,0002023554,4,2026-09-08,2026-09-03,0001242648-26-000028,https://www.sec.gov/Archives/edgar/data/2023554/000124264826000028/edgardoc.xml,nonDerivative,2026-09-03,S,Common Stock,40,1558.9,62356.0,44134,D,Ilkbahar Alper,"Officer, EVP & Chief Technology Officer",0,1,0,EVP & Chief Technology Officer,SEC EDGAR
SNDK|0001242648-26-000026|nonDerivative|2026-09-03|Goeckeler David|F|Common Stock|10540|1554.99|D,2026-09-11 04:29:41+0000,SNDK,Sandisk Corp,0002023554,4,2026-09-08,2026-09-03,0001242648-26-000026,https://www.sec.gov/Archives/edgar/data/2023554/000124264826000026/edgardoc.xml,nonDerivative,2026-09-03,F,Common Stock,10540,1554.99,16389594.6,447248,D,Goeckeler David,"Director, Officer, Chairman & CEO",1,1,0,Chairman & CEO,SEC EDGAR
SMCI|0001392941-26-000014|nonDerivative|2026-09-03|Liu Liang Chiu-Chu Sara|S|Common Stock|42565|36.60|D,2026-09-11 04:29:41+0000,SMCI,"Super Micro Computer, Inc.",0001375365,4,2026-09-08,2026-09-03,0001392941-26-000014,https://www.sec.gov/Archives/edgar/data/1375365/000139294126000014/wk-form4_1788907609.xml,nonDerivative,2026-09-03,S,Common Stock,42565,36.60,1557879.0,594941,D,Liu Liang Chiu-Chu Sara,"Director, 10% Owner",1,0,1,,SEC EDGAR
SMCI|0001392941-26-000014|nonDerivative|2026-09-03|Liu Liang Chiu-Chu Sara|S|Common Stock|57435|37.62|D,2026-09-11 04:29:41+0000,SMCI,"Super Micro Computer, Inc.",0001375365,4,2026-09-08,2026-09-03,0001392941-26-000014,https://www.sec.gov/Archives/edgar/data/1375365/000139294126000014/wk-form4_1788907609.xml,nonDerivative,2026-09-03,S,Common Stock,57435,37.62,2160704.6999999997,537506,D,Liu Liang Chiu-Chu Sara,"Director, 10% Owner",1,0,1,,SEC EDGAR
SMCI|0001392941-26-000014|nonDerivative|2026-09-04|Liu Liang Chiu-Chu Sara|S|Common Stock|100000|40|D,2026-09-11 04:29:41+0000,SMCI,"Super Micro Computer, Inc.",0001375365,4,2026-09-08,2026-09-03,0001392941-26-000014,https://www.sec.gov/Archives/edgar/data/1375365/000139294126000014/wk-form4_1788907609.xml,nonDerivative,2026-09-04,S,Common Stock,100000,40,4000000.0,437506,D,Liu Liang Chiu-Chu Sara,"Director, 10% Owner",1,0,1,,SEC EDGAR
SMCI|0001392942-26-000013|nonDerivative|2026-09-03|Liang Charles|S|Common Stock|42565|36.60|I,2026-09-11 04:29:41+0000,SMCI,"Super Micro Computer, Inc.",0001375365,4,2026-09-08,2026-09-03,0001392942-26-000013,https://www.sec.gov/Archives/edgar/data/1375365/000139294226000013/wk-form4_1788907653.xml,nonDerivative,2026-09-03,S,Common Stock,42565,36.60,1557879.0,594941,I,Liang Charles,"Director, Officer, 10% Owner, President and CEO",1,1,1,President and CEO,SEC EDGAR
SMCI|0001392942-26-000013|nonDerivative|2026-09-03|Liang Charles|S|Common Stock|57435|37.62|I,2026-09-11 04:29:41+0000,SMCI,"Super Micro Computer, Inc.",0001375365,4,2026-09-08,2026-09-03,0001392942-26-000013,https://www.sec.gov/Archives/edgar/data/1375365/000139294226000013/wk-form4_1788907653.xml,nonDerivative,2026-09-03,S,Common Stock,57435,37.62,2160704.6999999997,537506,I,Liang Charles,"Director, Officer, 10% Owner, President and CEO",1,1,1,President and CEO,SEC EDGAR
SMCI|0001392942-26-000013|nonDerivative|2026-09-04|Liang Charles|S|Common Stock|100000|40|I,2026-09-11 04:29:41+0000,SMCI,"Super Micro Computer, Inc.",0001375365,4,2026-09-08,2026-09-03,0001392942-26-000013,https://www.sec.gov/Archives/edgar/data/1375365/000139294226000013/wk-form4_1788907653.xml,nonDerivative,2026-09-04,S,Common Stock,100000,40,4000000.0,437506,I,Liang Charles,"Director, Officer, 10% Owner, President and CEO",1,1,1,President and CEO,SEC EDGAR
"RSG|0001104659-26-105908|nonDerivative|2026-09-03|CASCADE INVESTMENT, L.L.C.|P|Common stock|22720|222.8052|D",2026-09-11 04:29:41+0000,RSG,"REPUBLIC SERVICES, INC.",0001060391,4,2026-09-08,2026-09-03,0001104659-26-105908,https://www.sec.gov/Archives/edgar/data/1060391/000110465926105908/tm2624905-1_4seq1.xml,nonDerivative,2026-09-03,P,Common stock,22720,222.8052,5062134.144,115044247,D,"CASCADE INVESTMENT, L.L.C.",10% Owner,0,0,1,,SEC EDGAR
"RSG|0001104659-26-105908|nonDerivative|2026-09-03|CASCADE INVESTMENT, L.L.C.|P|Common stock|15716|223.5824|D",2026-09-11 04:29:41+0000,RSG,"REPUBLIC SERVICES, INC.",0001060391,4,2026-09-08,2026-09-03,0001104659-26-105908,https://www.sec.gov/Archives/edgar/data/1060391/000110465926105908/tm2624905-1_4seq1.xml,nonDerivative,2026-09-03,P,Common stock,15716,223.5824,3513820.9984,115059963,D,"CASCADE INVESTMENT, L.L.C.",10% Owner,0,0,1,,SEC EDGAR
"RSG|0001104659-26-105908|nonDerivative|2026-09-03|CASCADE INVESTMENT, L.L.C.|P|Common stock|253253|224.8997|D",2026-09-11 04:29:41+0000,RSG,"REPUBLIC SERVICES, INC.",0001060391,4,2026-09-08,2026-09-03,0001104659-26-105908,https://www.sec.gov/Archives/edgar/data/1060391/000110465926105908/tm2624905-1_4seq1.xml,nonDerivative,2026-09-03,P,Common stock,253253,224.8997,56956523.7241,115313216,D,"CASCADE INVESTMENT, L.L.C.",10% Owner,0,0,1,,SEC EDGAR
"RSG|0001104659-26-105908|nonDerivative|2026-09-03|CASCADE INVESTMENT, L.L.C.|P|Common stock|78575|225.3513|D",2026-09-11 04:29:41+0000,RSG,"REPUBLIC SERVICES, INC.",0001060391,4,2026-09-08,2026-09-03,0001104659-26-105908,https://www.sec.gov/Archives/edgar/data/1060391/000110465926105908/tm2624905-1_4seq1.xml,nonDerivative,2026-09-03,P,Common stock,78575,225.3513,17706978.3975,115391791,D,"CASCADE INVESTMENT, L.L.C.",10% Owner,0,0,1,,SEC EDGAR
"RSG|0001104659-26-105908|nonDerivative|2026-09-04|CASCADE INVESTMENT, L.L.C.|P|Common stock|268220|222.9235|D",2026-09-11 04:29:41+0000,RSG,"REPUBLIC SERVICES, INC.",0001060391,4,2026-09-08,2026-09-03,0001104659-26-105908,https://www.sec.gov/Archives/edgar/data/1060391/000110465926105908/tm2624905-1_4seq1.xml,nonDerivative,2026-09-04,P,Common stock,268220,222.9235,59792541.169999994,115660011,D,"CASCADE INVESTMENT, L.L.C.",10% Owner,0,0,1,,SEC EDGAR
"RSG|0001104659-26-105908|nonDerivative|2026-09-04|CASCADE INVESTMENT, L.L.C.|P|Common stock|96031|223.8109|D",2026-09-11 04:29:41+0000,RSG,"REPUBLIC SERVICES, INC.",0001060391,4,2026-09-08,2026-09-03,0001104659-26-105908,https://www.sec.gov/Archives/edgar/data/1060391/000110465926105908/tm2624905-1_4seq1.xml,nonDerivative,2026-09-04,P,Common stock,96031,223.8109,21492784.5379,115756042,D,"CASCADE INVESTMENT, L.L.C.",10% Owner,0,0,1,,SEC EDGAR
"RSG|0001104659-26-105908|nonDerivative|2026-09-04|CASCADE INVESTMENT, L.L.C.|P|Common stock|788|224.4709|D",2026-09-11 04:29:41+0000,RSG,"REPUBLIC SERVICES, INC.",0001060391,4,2026-09-08,2026-09-03,0001104659-26-105908,https://www.sec.gov/Archives/edgar/data/1060391/000110465926105908/tm2624905-1_4seq1.xml,nonDerivative,2026-09-04,P,Common stock,788,224.4709,176883.0692,115756830,D,"CASCADE INVESTMENT, L.L.C.",10% Owner,0,0,1,,SEC EDGAR
PYPL|0001905272-26-000016|nonDerivative|2026-09-03|Natali Chris|S|Common Stock|552|54.8|D,2026-09-11 04:29:41+0000,PYPL,"PayPal Holdings, Inc.",0001633917,4,2026-09-08,2026-09-03,0001905272-26-000016,https://www.sec.gov/Archives/edgar/data/1633917/000190527226000016/edgardoc.xml,nonDerivative,2026-09-03,S,Common Stock,552,54.8,30249.6,2400,D,Natali Chris,"Officer, SVP, Chief Accounting Officer",0,1,0,"SVP, Chief Accounting Officer",SEC EDGAR
PYPL|0001896086-26-000016|nonDerivative|2026-09-03|Kereere Suzan|S|Common Stock|1100|54.5282|D,2026-09-11 04:29:41+0000,PYPL,"PayPal Holdings, Inc.",0001633917,4,2026-09-08,2026-09-03,0001896086-26-000016,https://www.sec.gov/Archives/edgar/data/1633917/000189608626000016/edgardoc.xml,nonDerivative,2026-09-03,S,Common Stock,1100,54.5282,59981.02,33262,D,Kereere Suzan,"Officer, President, Global Markets",0,1,0,"President, Global Markets",SEC EDGAR
PYPL|0001896086-26-000016|nonDerivative|2026-09-03|Kereere Suzan|S|Common Stock|995|55.7908|D,2026-09-11 04:29:41+0000,PYPL,"PayPal Holdings, Inc.",0001633917,4,2026-09-08,2026-09-03,0001896086-26-000016,https://www.sec.gov/Archives/edgar/data/1633917/000189608626000016/edgardoc.xml,nonDerivative,2026-09-03,S,Common Stock,995,55.7908,55511.846,32267,D,Kereere Suzan,"Officer, President, Global Markets",0,1,0,"President, Global Markets",SEC EDGAR
PYPL|0001896086-26-000016|nonDerivative|2026-09-03|Kereere Suzan|S|Common Stock|1284|56.6898|D,2026-09-11 04:29:41+0000,PYPL,"PayPal Holdings, Inc.",0001633917,4,2026-09-08,2026-09-03,0001896086-26-000016,https://www.sec.gov/Archives/edgar/data/1633917/000189608626000016/edgardoc.xml,nonDerivative,2026-09-03,S,Common Stock,1284,56.6898,72789.7032,30983,D,Kereere Suzan,"Officer, President, Global Markets",0,1,0,"President, Global Markets",SEC EDGAR
PYPL|0002006416-26-000017|nonDerivative|2026-09-03|Keller Frank|S|Common Stock|2427|54.683|D,2026-09-11 04:29:41+0000,PYPL,"PayPal Holdings, Inc.",0001633917,4,2026-09-08,2026-09-03,0002006416-26-000017,https://www.sec.gov/Archives/edgar/data/1633917/000200641626000017/edgardoc.xml,nonDerivative,2026-09-03,S,Common Stock,2427,54.683,132715.641,43752,D,Keller Frank,"Officer, Pres., Checkout Sol. & PayPal",0,1,0,"Pres., Checkout Sol. & PayPal",SEC EDGAR
PYPL|0002006416-26-000017|nonDerivative|2026-09-03|Keller Frank|S|Common Stock|1000|55.741|D,2026-09-11 04:29:41+0000,PYPL,"PayPal Holdings, Inc.",0001633917,4,2026-09-08,2026-09-03,0002006416-26-000017,https://www.sec.gov/Archives/edgar/data/1633917/000200641626000017/edgardoc.xml,nonDerivative,2026-09-03,S,Common Stock,1000,55.741,55741.0,42752,D,Keller Frank,"Officer, Pres., Checkout Sol. & PayPal",0,1,0,"Pres., Checkout Sol. & PayPal",SEC EDGAR
PYPL|0002006416-26-000017|nonDerivative|2026-09-03|Keller Frank|S|Common Stock|1185|56.7083|D,2026-09-11 04:29:41+0000,PYPL,"PayPal Holdings, Inc.",0001633917,4,2026-09-08,2026-09-03,0002006416-26-000017,https://www.sec.gov/Archives/edgar/data/1633917/000200641626000017/edgardoc.xml,nonDerivative,2026-09-03,S,Common Stock,1185,56.7083,67199.3355,41567,D,Keller Frank,"Officer, Pres., Checkout Sol. & PayPal",0,1,0,"Pres., Checkout Sol. & PayPal",SEC EDGAR
PFG|0001126328-26-000182|nonDerivative|2026-09-03|STRABLE-SOETHOUT DEANNA D|A|Common Stock|18380|63.98|D,2026-09-11 04:29:41+0000,PFG,PRINCIPAL FINANCIAL GROUP INC,0001126328,4,2026-09-08,2026-09-03,0001126328-26-000182,https://www.sec.gov/Archives/edgar/data/1126328/000112632826000182/form4.xml,nonDerivative,2026-09-03,A,Common Stock,18380,63.98,1175952.4,229007,D,STRABLE-SOETHOUT DEANNA D,"Officer, Chair, President and CEO",0,1,0,"Chair, President and CEO",SEC EDGAR
PFG|0001126328-26-000182|nonDerivative|2026-09-03|STRABLE-SOETHOUT DEANNA D|D|Common Stock|55140|120.5992|D,2026-09-11 04:29:41+0000,PFG,PRINCIPAL FINANCIAL GROUP INC,0001126328,4,2026-09-08,2026-09-03,0001126328-26-000182,https://www.sec.gov/Archives/edgar/data/1126328/000112632826000182/form4.xml,nonDerivative,2026-09-03,D,Common Stock,55140,120.5992,6649839.887999999,173867,D,STRABLE-SOETHOUT DEANNA D,"Officer, Chair, President and CEO",0,1,0,"Chair, President and CEO",SEC EDGAR
PFG|0001126328-26-000182|derivative|2026-09-03|STRABLE-SOETHOUT DEANNA D|M|Common Stock|18380|63.98|D,2026-09-11 04:29:41+0000,PFG,PRINCIPAL FINANCIAL GROUP INC,0001126328,4,2026-09-08,2026-09-03,0001126328-26-000182,https://www.sec.gov/Archives/edgar/data/1126328/000112632826000182/form4.xml,derivative,2026-09-03,M,Common Stock,18380,63.98,1175952.4,0,D,STRABLE-SOETHOUT DEANNA D,"Officer, Chair, President and CEO",0,1,0,"Chair, President and CEO",SEC EDGAR
NVDA|0001199039-26-000014|nonDerivative|2026-09-03|STEVENS MARK A|S|Common Stock|198707|227.6954|I,2026-09-11 04:29:41+0000,NVDA,NVIDIA CORP,0001045810,4,2026-09-08,2026-09-03,0001199039-26-000014,https://www.sec.gov/Archives/edgar/data/1045810/000119903926000014/wk-form4_1788901755.xml,nonDerivative,2026-09-03,S,Common Stock,198707,227.6954,45244669.8478,3160063,I,STEVENS MARK A,Director,1,0,0,,SEC EDGAR
NVDA|0001199039-26-000014|nonDerivative|2026-09-03|STEVENS MARK A|S|Common Stock|1293|228.2703|I,2026-09-11 04:29:41+0000,NVDA,NVIDIA CORP,0001045810,4,2026-09-08,2026-09-03,0001199039-26-000014,https://www.sec.gov/Archives/edgar/data/1045810/000119903926000014/wk-form4_1788901755.xml,nonDerivative,2026-09-03,S,Common Stock,1293,228.2703,295153.4979,3158770,I,STEVENS MARK A,Director,1,0,0,,SEC EDGAR
NVDA|0001199039-26-000014|nonDerivative|2026-09-03|STEVENS MARK A|S|Common Stock|200000|229.8705|I,2026-09-11 04:29:41+0000,NVDA,NVIDIA CORP,0001045810,4,2026-09-08,2026-09-03,0001199039-26-000014,https://www.sec.gov/Archives/edgar/data/1045810/000119903926000014/wk-form4_1788901755.xml,nonDerivative,2026-09-03,S,Common Stock,200000,229.8705,45974100.0,2958770,I,STEVENS MARK A,Director,1,0,0,,SEC EDGAR
NVDA|0001199039-26-000014|nonDerivative|2026-09-04|STEVENS MARK A|S|Common Stock|197180|230.4039|I,2026-09-11 04:29:41+0000,NVDA,NVIDIA CORP,0001045810,4,2026-09-08,2026-09-03,0001199039-26-000014,https://www.sec.gov/Archives/edgar/data/1045810/000119903926000014/wk-form4_1788901755.xml,nonDerivative,2026-09-04,S,Common Stock,197180,230.4039,45431041.002,2761590,I,STEVENS MARK A,Director,1,0,0,,SEC EDGAR
NVDA|0001199039-26-000014|nonDerivative|2026-09-04|STEVENS MARK A|S|Common Stock|237820|231.1677|I,2026-09-11 04:29:41+0000,NVDA,NVIDIA CORP,0001045810,4,2026-09-08,2026-09-03,0001199039-26-000014,https://www.sec.gov/Archives/edgar/data/1045810/000119903926000014/wk-form4_1788901755.xml,nonDerivative,2026-09-04,S,Common Stock,237820,231.1677,54976302.414,2523770,I,STEVENS MARK A,Director,1,0,0,,SEC EDGAR
NVDA|0001199039-26-000014|nonDerivative|2026-09-04|STEVENS MARK A|S|Common Stock|182628|233.4615|I,2026-09-11 04:29:41+0000,NVDA,NVIDIA CORP,0001045810,4,2026-09-08,2026-09-03,0001199039-26-000014,https://www.sec.gov/Archives/edgar/data/1045810/000119903926000014/wk-form4_1788901755.xml,nonDerivative,2026-09-04,S,Common Stock,182628,233.4615,42636606.822,2341142,I,STEVENS MARK A,Director,1,0,0,,SEC EDGAR
NVDA|0001199039-26-000014|nonDerivative|2026-09-04|STEVENS MARK A|S|Common Stock|4611|234.0043|I,2026-09-11 04:29:41+0000,NVDA,NVIDIA CORP,0001045810,4,2026-09-08,2026-09-03,0001199039-26-000014,https://www.sec.gov/Archives/edgar/data/1045810/000119903926000014/wk-form4_1788901755.xml,nonDerivative,2026-09-04,S,Common Stock,4611,234.0043,1078993.8273,2336531,I,STEVENS MARK A,Director,1,0,0,,SEC EDGAR
MSFT|0000789019-26-000186|derivative|2026-09-05|Walmsley Emma N|A|Restricted Stock Units|125.075|0|D,2026-09-11 04:29:41+0000,MSFT,MICROSOFT CORP,0000789019,4,2026-09-08,2026-09-05,0000789019-26-000186,https://www.sec.gov/Archives/edgar/data/789019/000078901926000186/form4.xml,derivative,2026-09-05,A,Restricted Stock Units,125.075,0,0.0,1387.684,D,Walmsley Emma N,Director,1,0,0,,SEC EDGAR
MSFT|0000789019-26-000185|nonDerivative|2026-09-05|STANTON JOHN W|A|Common Stock|125|0|D,2026-09-11 04:29:41+0000,MSFT,MICROSOFT CORP,0000789019,4,2026-09-08,2026-09-05,0000789019-26-000185,https://www.sec.gov/Archives/edgar/data/789019/000078901926000185/form4.xml,nonDerivative,2026-09-05,A,Common Stock,125,0,0.0,84179,D,STANTON JOHN W,Director,1,0,0,,SEC EDGAR
MSFT|0000789019-26-000184|nonDerivative|2026-09-05|SCHARF CHARLES W|A|Common Stock|125|0|D,2026-09-11 04:29:41+0000,MSFT,MICROSOFT CORP,0000789019,4,2026-09-08,2026-09-05,0000789019-26-000184,https://www.sec.gov/Archives/edgar/data/789019/000078901926000184/form4.xml,nonDerivative,2026-09-05,A,Common Stock,125,0,0.0,45166,D,SCHARF CHARLES W,Director,1,0,0,,SEC EDGAR
MSFT|0000789019-26-000183|derivative|2026-09-05|Rainey John D|A|Restricted Stock Units|125.075|0|D,2026-09-11 04:29:41+0000,MSFT,MICROSOFT CORP,0000789019,4,2026-09-08,2026-09-05,0000789019-26-000183,https://www.sec.gov/Archives/edgar/data/789019/000078901926000183/form4.xml,derivative,2026-09-05,A,Restricted Stock Units,125.075,0,0.0,421.341,D,Rainey John D,Director,1,0,0,,SEC EDGAR
MSFT|0000789019-26-000182|derivative|2026-09-05|PRITZKER PENNY S|A|Restricted Stock Units|200.120|0|D,2026-09-11 04:29:41+0000,MSFT,MICROSOFT CORP,0000789019,4,2026-09-08,2026-09-05,0000789019-26-000182,https://www.sec.gov/Archives/edgar/data/789019/000078901926000182/form4.xml,derivative,2026-09-05,A,Restricted Stock Units,200.120,0,0.0,14523.587,D,PRITZKER PENNY S,Director,1,0,0,,SEC EDGAR
MSFT|0000789019-26-000181|derivative|2026-09-05|PETERSON SANDRA E|A|Restricted Stock Units|230.138|0|D,2026-09-11 04:29:41+0000,MSFT,MICROSOFT CORP,0000789019,4,2026-09-08,2026-09-05,0000789019-26-000181,https://www.sec.gov/Archives/edgar/data/789019/000078901926000181/form4.xml,derivative,2026-09-05,A,Restricted Stock Units,230.138,0,0.0,26463.045,D,PETERSON SANDRA E,Director,1,0,0,,SEC EDGAR
MSFT|0000789019-26-000180|derivative|2026-09-05|Mason Mark|A|Restricted Stock Units|195.117|0|D,2026-09-11 04:29:41+0000,MSFT,MICROSOFT CORP,0000789019,4,2026-09-08,2026-09-05,0000789019-26-000180,https://www.sec.gov/Archives/edgar/data/789019/000078901926000180/form4.xml,derivative,2026-09-05,A,Restricted Stock Units,195.117,0,0.0,426.918,D,Mason Mark,Director,1,0,0,,SEC EDGAR
MSFT|0000789019-26-000179|derivative|2026-09-05|MacGregor Catherine|A|Restricted Stock Units|205.123|0|D,2026-09-11 04:29:41+0000,MSFT,MICROSOFT CORP,0000789019,4,2026-09-08,2026-09-05,0000789019-26-000179,https://www.sec.gov/Archives/edgar/data/789019/000078901926000179/form4.xml,derivative,2026-09-05,A,Restricted Stock Units,205.123,0,0.0,2384.756,D,MacGregor Catherine,Director,1,0,0,,SEC EDGAR
MSFT|0000789019-26-000178|nonDerivative|2026-09-05|List Teri|A|Common Stock|125|0|D,2026-09-11 04:29:41+0000,MSFT,MICROSOFT CORP,0000789019,4,2026-09-08,2026-09-05,0000789019-26-000178,https://www.sec.gov/Archives/edgar/data/789019/000078901926000178/form4.xml,nonDerivative,2026-09-05,A,Common Stock,125,0,0.0,125,D,List Teri,Director,1,0,0,,SEC EDGAR
MSFT|0000789019-26-000177|derivative|2026-09-05|Johnston Hugh F|A|Restricted Stock Units|210.126|0|D,2026-09-11 04:29:41+0000,MSFT,MICROSOFT CORP,0000789019,4,2026-09-08,2026-09-05,0000789019-26-000177,https://www.sec.gov/Archives/edgar/data/789019/000078901926000177/form4.xml,derivative,2026-09-05,A,Restricted Stock Units,210.126,0,0.0,2349.681,D,Johnston Hugh F,Director,1,0,0,,SEC EDGAR
MSFT|0000789019-26-000176|derivative|2026-09-05|Hoffman Reid|A|Restricted Stock Units|187.613|0|D,2026-09-11 04:29:41+0000,MSFT,MICROSOFT CORP,0000789019,4,2026-09-08,2026-09-05,0000789019-26-000176,https://www.sec.gov/Archives/edgar/data/789019/000078901926000176/form4.xml,derivative,2026-09-05,A,Restricted Stock Units,187.613,0,0.0,17150.779,D,Hoffman Reid,Director,1,0,0,,SEC EDGAR
MSFT|0000789019-26-000175|derivative|2026-09-05|Di Sibio Carmine|A|Restricted Stock Units|125.075|0|D,2026-09-11 04:29:41+0000,MSFT,MICROSOFT CORP,0000789019,4,2026-09-08,2026-09-05,0000789019-26-000175,https://www.sec.gov/Archives/edgar/data/789019/000078901926000175/form4.xml,derivative,2026-09-05,A,Restricted Stock Units,125.075,0,0.0,138.305,D,Di Sibio Carmine,Director,1,0,0,,SEC EDGAR
MRNA|0001682852-26-000172|nonDerivative|2026-09-04|Mock James M|M|Common Stock|11797||D,2026-09-11 04:29:41+0000,MRNA,"Moderna, Inc.",0001682852,4,2026-09-08,2026-09-04,0001682852-26-000172,https://www.sec.gov/Archives/edgar/data/1682852/000168285226000172/form4.xml,nonDerivative,2026-09-04,M,Common Stock,11797,,,80079,D,Mock James M,"Officer, Chief Financial Officer",,1,,Chief Financial Officer,SEC EDGAR
MRNA|0001682852-26-000172|nonDerivative|2026-09-04|Mock James M|F|Common Stock|5704|148.87|D,2026-09-11 04:29:41+0000,MRNA,"Moderna, Inc.",0001682852,4,2026-09-08,2026-09-04,0001682852-26-000172,https://www.sec.gov/Archives/edgar/data/1682852/000168285226000172/form4.xml,nonDerivative,2026-09-04,F,Common Stock,5704,148.87,849154.48,74375,D,Mock James M,"Officer, Chief Financial Officer",,1,,Chief Financial Officer,SEC EDGAR
MRNA|0001682852-26-000172|derivative|2026-09-04|Mock James M|M|Restricted Stock Units|11797|0|D,2026-09-11 04:29:41+0000,MRNA,"Moderna, Inc.",0001682852,4,2026-09-08,2026-09-04,0001682852-26-000172,https://www.sec.gov/Archives/edgar/data/1682852/000168285226000172/form4.xml,derivative,2026-09-04,M,Restricted Stock Units,11797,0,0.0,106179,D,Mock James M,"Officer, Chief Financial Officer",,1,,Chief Financial Officer,SEC EDGAR
MRNA|0001682852-26-000169|nonDerivative|2026-09-04|Klinger Shannon Thyme|M|Common Stock|11797||D,2026-09-11 04:29:41+0000,MRNA,"Moderna, Inc.",0001682852,4,2026-09-08,2026-09-04,0001682852-26-000169,https://www.sec.gov/Archives/edgar/data/1682852/000168285226000169/form4.xml,nonDerivative,2026-09-04,M,Common Stock,11797,,,87044,D,Klinger Shannon Thyme,"Officer, Chief Legal Officer",,1,,Chief Legal Officer,SEC EDGAR
MRNA|0001682852-26-000169|nonDerivative|2026-09-04|Klinger Shannon Thyme|F|Common Stock|5704|148.87|D,2026-09-11 04:29:41+0000,MRNA,"Moderna, Inc.",0001682852,4,2026-09-08,2026-09-04,0001682852-26-000169,https://www.sec.gov/Archives/edgar/data/1682852/000168285226000169/form4.xml,nonDerivative,2026-09-04,F,Common Stock,5704,148.87,849154.48,81340,D,Klinger Shannon Thyme,"Officer, Chief Legal Officer",,1,,Chief Legal Officer,SEC EDGAR
MRNA|0001682852-26-000169|derivative|2026-09-04|Klinger Shannon Thyme|M|Restricted Stock Units|11797|0|D,2026-09-11 04:29:41+0000,MRNA,"Moderna, Inc.",0001682852,4,2026-09-08,2026-09-04,0001682852-26-000169,https://www.sec.gov/Archives/edgar/data/1682852/000168285226000169/form4.xml,derivative,2026-09-04,M,Restricted Stock Units,11797,0,0.0,106179,D,Klinger Shannon Thyme,"Officer, Chief Legal Officer",,1,,Chief Legal Officer,SEC EDGAR
MNST|0002066234-26-000002|nonDerivative|2026-09-03|Gehring Rob L.|M|Common Stock|20000||D,2026-09-11 04:29:41+0000,MNST,Monster Beverage Corp,0000865752,4,2026-09-08,2026-09-03,0002066234-26-000002,https://www.sec.gov/Archives/edgar/data/865752/000206623426000002/form4-09082026_050902.xml,nonDerivative,2026-09-03,M,Common Stock,20000,,,33274,D,Gehring Rob L.,"CEO, Americas",false,true,false,"CEO, Americas",SEC EDGAR
MNST|0002066234-26-000002|nonDerivative|2026-09-03|Gehring Rob L.|F|Common Stock|8760|44.08|D,2026-09-11 04:29:41+0000,MNST,Monster Beverage Corp,0000865752,4,2026-09-08,2026-09-03,0002066234-26-000002,https://www.sec.gov/Archives/edgar/data/865752/000206623426000002/form4-09082026_050902.xml,nonDerivative,2026-09-03,F,Common Stock,8760,44.08,386140.8,24514,D,Gehring Rob L.,"CEO, Americas",false,true,false,"CEO, Americas",SEC EDGAR
MNST|0002066234-26-000002|derivative|2026-09-03|Gehring Rob L.|M|Restricted Stock Units|20000|0|D,2026-09-11 04:29:41+0000,MNST,Monster Beverage Corp,0000865752,4,2026-09-08,2026-09-03,0002066234-26-000002,https://www.sec.gov/Archives/edgar/data/865752/000206623426000002/form4-09082026_050902.xml,derivative,2026-09-03,M,Restricted Stock Units,20000,0,0.0,20000,D,Gehring Rob L.,"CEO, Americas",false,true,false,"CEO, Americas",SEC EDGAR
META|0000950103-26-013672|nonDerivative|2026-09-03|Anderson Aaron|S|Class A Common Stock|3240|618.0579|D,2026-09-11 04:29:41+0000,META,"Meta Platforms, Inc.",0001326801,4,2026-09-08,2026-09-03,0000950103-26-013672,https://www.sec.gov/Archives/edgar/data/1326801/000095010326013672/ownership.xml,nonDerivative,2026-09-03,S,Class A Common Stock,3240,618.0579,2002507.5960000001,6271,D,Anderson Aaron,"Officer, Chief Accounting Officer",0,1,0,Chief Accounting Officer,SEC EDGAR
MCO|0001628280-26-060901|nonDerivative|2026-09-04|VAN SAUN BRUCE|A|Common Stock|7|0|D,2026-09-11 04:29:41+0000,MCO,MOODYS CORP /DE/,0001059556,4,2026-09-08,2026-09-04,0001628280-26-060901,https://www.sec.gov/Archives/edgar/data/1059556/000162828026060901/wk-form4_1788897820.xml,nonDerivative,2026-09-04,A,Common Stock,7,0,0.0,9887.493,D,VAN SAUN BRUCE,Director,1,0,0,,SEC EDGAR
MCO|0001628280-26-060901|nonDerivative|2026-09-04|VAN SAUN BRUCE|A|Common Stock|13.384|0|D,2026-09-11 04:29:41+0000,MCO,MOODYS CORP /DE/,0001059556,4,2026-09-08,2026-09-04,0001628280-26-060901,https://www.sec.gov/Archives/edgar/data/1059556/000162828026060901/wk-form4_1788897820.xml,nonDerivative,2026-09-04,A,Common Stock,13.384,0,0.0,9900.877,D,VAN SAUN BRUCE,Director,1,0,0,,SEC EDGAR
MCO|0001628280-26-060894|nonDerivative|2026-09-04|Seidman Leslie|A|Common Stock|14|0|D,2026-09-11 04:29:41+0000,MCO,MOODYS CORP /DE/,0001059556,4,2026-09-08,2026-09-04,0001628280-26-060894,https://www.sec.gov/Archives/edgar/data/1059556/000162828026060894/wk-form4_1788897694.xml,nonDerivative,2026-09-04,A,Common Stock,14,0,0.0,12204.997,D,Seidman Leslie,Director,1,0,0,,SEC EDGAR
MCO|0001628280-26-060894|nonDerivative|2026-09-04|Seidman Leslie|A|Common Stock|2.118|0|D,2026-09-11 04:29:41+0000,MCO,MOODYS CORP /DE/,0001059556,4,2026-09-08,2026-09-04,0001628280-26-060894,https://www.sec.gov/Archives/edgar/data/1059556/000162828026060894/wk-form4_1788897694.xml,nonDerivative,2026-09-04,A,Common Stock,2.118,0,0.0,12207.115,D,Seidman Leslie,Director,1,0,0,,SEC EDGAR
MCO|0001628280-26-060895|nonDerivative|2026-09-04|Sawicki Lisa P|A|Common Stock|1.106|0|D,2026-09-11 04:29:41+0000,MCO,MOODYS CORP /DE/,0001059556,4,2026-09-08,2026-09-04,0001628280-26-060895,https://www.sec.gov/Archives/edgar/data/1059556/000162828026060895/wk-form4_1788897727.xml,nonDerivative,2026-09-04,A,Common Stock,1.106,0,0.0,530.312,D,Sawicki Lisa P,Director,1,0,0,,SEC EDGAR
MCO|0001628280-26-060898|nonDerivative|2026-09-04|Minaya Jose|A|Common Stock|6.081|0|D,2026-09-11 04:29:41+0000,MCO,MOODYS CORP /DE/,0001059556,4,2026-09-08,2026-09-04,0001628280-26-060898,https://www.sec.gov/Archives/edgar/data/1059556/000162828026060898/wk-form4_1788897773.xml,nonDerivative,2026-09-04,A,Common Stock,6.081,0,0.0,2914.552,D,Minaya Jose,Director,1,0,0,,SEC EDGAR
MCO|0001628280-26-060898|derivative|2026-09-04|Minaya Jose|A|Phantom Stock Units (Deferred Compensation)|3.454|493.55|D,2026-09-11 04:29:41+0000,MCO,MOODYS CORP /DE/,0001059556,4,2026-09-08,2026-09-04,0001628280-26-060898,https://www.sec.gov/Archives/edgar/data/1059556/000162828026060898/wk-form4_1788897773.xml,derivative,2026-09-04,A,Phantom Stock Units (Deferred Compensation),3.454,493.55,1704.7217,1228.16,D,Minaya Jose,Director,1,0,0,,SEC EDGAR
MCO|0001628280-26-060899|nonDerivative|2026-09-04|FORLENZA VINCENT A|A|Common Stock|15.187|0|D,2026-09-11 04:29:41+0000,MCO,MOODYS CORP /DE/,0001059556,4,2026-09-08,2026-09-04,0001628280-26-060899,https://www.sec.gov/Archives/edgar/data/1059556/000162828026060899/wk-form4_1788897798.xml,nonDerivative,2026-09-04,A,Common Stock,15.187,0,0.0,8778.564,D,FORLENZA VINCENT A,Director,1,0,0,,SEC EDGAR
MCO|0001628280-26-060899|derivative|2026-09-04|FORLENZA VINCENT A|A|Phantom Stock Units (Deferred Compensation)|1.379|493.55|D,2026-09-11 04:29:41+0000,MCO,MOODYS CORP /DE/,0001059556,4,2026-09-08,2026-09-04,0001628280-26-060899,https://www.sec.gov/Archives/edgar/data/1059556/000162828026060899/wk-form4_1788897798.xml,derivative,2026-09-04,A,Phantom Stock Units (Deferred Compensation),1.379,493.55,680.60545,490.359,D,FORLENZA VINCENT A,Director,1,0,0,,SEC EDGAR
MCO|0001628280-26-060896|nonDerivative|2026-09-04|Esperdy Therese|A|Common Stock|10.931|0|D,2026-09-11 04:29:41+0000,MCO,MOODYS CORP /DE/,0001059556,4,2026-09-08,2026-09-04,0001628280-26-060896,https://www.sec.gov/Archives/edgar/data/1059556/000162828026060896/wk-form4_1788897749.xml,nonDerivative,2026-09-04,A,Common Stock,10.931,0,0.0,5239.396,D,Esperdy Therese,Director,1,0,0,,SEC EDGAR
MCO|0001628280-26-060893|nonDerivative|2026-09-04|Bermudez Jorge A.|A|Common Stock|16|0|D,2026-09-11 04:29:41+0000,MCO,MOODYS CORP /DE/,0001059556,4,2026-09-08,2026-09-04,0001628280-26-060893,https://www.sec.gov/Archives/edgar/data/1059556/000162828026060893/wk-form4_1788897668.xml,nonDerivative,2026-09-04,A,Common Stock,16,0,0.0,22954.668,D,Bermudez Jorge A.,Director,1,0,0,,SEC EDGAR
MCO|0001628280-26-060893|nonDerivative|2026-09-04|Bermudez Jorge A.|A|Common Stock|1.3|0|D,2026-09-11 04:29:41+0000,MCO,MOODYS CORP /DE/,0001059556,4,2026-09-08,2026-09-04,0001628280-26-060893,https://www.sec.gov/Archives/edgar/data/1059556/000162828026060893/wk-form4_1788897668.xml,nonDerivative,2026-09-04,A,Common Stock,1.3,0,0.0,22955.968,D,Bermudez Jorge A.,Director,1,0,0,,SEC EDGAR
"HSY|0000950142-26-002512|nonDerivative|2026-09-03|HERSHEY TRUST CO TRUSTEE IN TRUST FOR MILTON HERSHEY SCHOOL|S|Common Stock, $1.00 par value|1666|172.4500|D",2026-09-11 04:29:41+0000,HSY,HERSHEY CO,0000047111,4,2026-09-08,2026-09-03,0000950142-26-002512,https://www.sec.gov/Archives/edgar/data/47111/000095014226002512/es260826922_4-hsy.xml,nonDerivative,2026-09-03,S,"Common Stock, $1.00 par value",1666,172.4500,287301.69999999995,874453,D,HERSHEY TRUST CO TRUSTEE IN TRUST FOR MILTON HERSHEY SCHOOL,10% Owner,0,0,1,,SEC EDGAR
"HSY|0000950142-26-002512|nonDerivative|2026-09-03|HERSHEY TRUST CO TRUSTEE IN TRUST FOR MILTON HERSHEY SCHOOL|S|Common Stock, $1.00 par value|1263|173.4968|D",2026-09-11 04:29:41+0000,HSY,HERSHEY CO,0000047111,4,2026-09-08,2026-09-03,0000950142-26-002512,https://www.sec.gov/Archives/edgar/data/47111/000095014226002512/es260826922_4-hsy.xml,nonDerivative,2026-09-03,S,"Common Stock, $1.00 par value",1263,173.4968,219126.4584,873190,D,HERSHEY TRUST CO TRUSTEE IN TRUST FOR MILTON HERSHEY SCHOOL,10% Owner,0,0,1,,SEC EDGAR
"HSY|0000950142-26-002512|nonDerivative|2026-09-03|HERSHEY TRUST CO TRUSTEE IN TRUST FOR MILTON HERSHEY SCHOOL|S|Common Stock, $1.00 par value|1848|174.6319|D",2026-09-11 04:29:41+0000,HSY,HERSHEY CO,0000047111,4,2026-09-08,2026-09-03,0000950142-26-002512,https://www.sec.gov/Archives/edgar/data/47111/000095014226002512/es260826922_4-hsy.xml,nonDerivative,2026-09-03,S,"Common Stock, $1.00 par value",1848,174.6319,322719.7512,871342,D,HERSHEY TRUST CO TRUSTEE IN TRUST FOR MILTON HERSHEY SCHOOL,10% Owner,0,0,1,,SEC EDGAR
"HSY|0000950142-26-002512|nonDerivative|2026-09-03|HERSHEY TRUST CO TRUSTEE IN TRUST FOR MILTON HERSHEY SCHOOL|S|Common Stock, $1.00 par value|4525|175.3361|D",2026-09-11 04:29:41+0000,HSY,HERSHEY CO,0000047111,4,2026-09-08,2026-09-03,0000950142-26-002512,https://www.sec.gov/Archives/edgar/data/47111/000095014226002512/es260826922_4-hsy.xml,nonDerivative,2026-09-03,S,"Common Stock, $1.00 par value",4525,175.3361,793395.8524999999,866817,D,HERSHEY TRUST CO TRUSTEE IN TRUST FOR MILTON HERSHEY SCHOOL,10% Owner,0,0,1,,SEC EDGAR
"HSY|0000950142-26-002512|nonDerivative|2026-09-03|HERSHEY TRUST CO TRUSTEE IN TRUST FOR MILTON HERSHEY SCHOOL|S|Common Stock, $1.00 par value|698|176.1624|D",2026-09-11 04:29:41+0000,HSY,HERSHEY CO,0000047111,4,2026-09-08,2026-09-03,0000950142-26-002512,https://www.sec.gov/Archives/edgar/data/47111/000095014226002512/es260826922_4-hsy.xml,nonDerivative,2026-09-03,S,"Common Stock, $1.00 par value",698,176.1624,122961.35519999999,866119,D,HERSHEY TRUST CO TRUSTEE IN TRUST FOR MILTON HERSHEY SCHOOL,10% Owner,0,0,1,,SEC EDGAR
"HSY|0000950142-26-002512|nonDerivative|2026-09-04|HERSHEY TRUST CO TRUSTEE IN TRUST FOR MILTON HERSHEY SCHOOL|S|Common Stock, $1.00 par value|8657|173.4583|D",2026-09-11 04:29:41+0000,HSY,HERSHEY CO,0000047111,4,2026-09-08,2026-09-03,0000950142-26-002512,https://www.sec.gov/Archives/edgar/data/47111/000095014226002512/es260826922_4-hsy.xml,nonDerivative,2026-09-04,S,"Common Stock, $1.00 par value",8657,173.4583,1501628.5031,857462,D,HERSHEY TRUST CO TRUSTEE IN TRUST FOR MILTON HERSHEY SCHOOL,10% Owner,0,0,1,,SEC EDGAR
"HSY|0000950142-26-002512|nonDerivative|2026-09-04|HERSHEY TRUST CO TRUSTEE IN TRUST FOR MILTON HERSHEY SCHOOL|S|Common Stock, $1.00 par value|1343|174.3274|D",2026-09-11 04:29:41+0000,HSY,HERSHEY CO,0000047111,4,2026-09-08,2026-09-03,0000950142-26-002512,https://www.sec.gov/Archives/edgar/data/47111/000095014226002512/es260826922_4-hsy.xml,nonDerivative,2026-09-04,S,"Common Stock, $1.00 par value",1343,174.3274,234121.6982,856119,D,HERSHEY TRUST CO TRUSTEE IN TRUST FOR MILTON HERSHEY SCHOOL,10% Owner,0,0,1,,SEC EDGAR
GLW|0000024741-26-000259|nonDerivative|2026-09-04|Gullo Michelle L|S|Common Stock|9874|152.2902|D,2026-09-11 04:29:41+0000,GLW,CORNING INC /NY,0000024741,4,2026-09-08,2026-09-04,0000024741-26-000259,https://www.sec.gov/Archives/edgar/data/24741/000002474126000259/form4.xml,nonDerivative,2026-09-04,S,Common Stock,9874,152.2902,1503713.4348,9384,D,Gullo Michelle L,"Officer, Senior Vice President & CHRO",,1,,Senior Vice President & CHRO,SEC EDGAR
EQIX|0001101239-26-000153|nonDerivative|2026-09-04|Paladin Michael Shane|S|Common Stock|307|1035.01|D,2026-09-11 04:29:41+0000,EQIX,EQUINIX INC,0001101239,4,2026-09-08,2026-09-04,0001101239-26-000153,https://www.sec.gov/Archives/edgar/data/1101239/000110123926000153/form4.xml,nonDerivative,2026-09-04,S,Common Stock,307,1035.01,317748.07,2450.485,D,Paladin Michael Shane,"Officer, Chief Customer & Rev Officer",,1,,Chief Customer & Rev Officer,SEC EDGAR
EFX|0001225208-26-007699|nonDerivative|2026-09-03|GAMBLE JOHN W JR|S|Common Stock|4500.0000|187.9600|D,2026-09-11 04:29:41+0000,EFX,EQUIFAX INC,0000033185,4,2026-09-08,2026-09-03,0001225208-26-007699,https://www.sec.gov/Archives/edgar/data/33185/000122520826007699/doc4.xml,nonDerivative,2026-09-03,S,Common Stock,4500.0000,187.9600,845820.0,69055.0000,D,GAMBLE JOHN W JR,"Officer, EVP, CFO & COO",,1,,"EVP, CFO & COO",SEC EDGAR
"DELL|0001193125-26-385666|nonDerivative|2026-09-03|Silver Lake Technology Investors V, L.P.|S|Class C Common Stock|76|514.07|I",2026-09-11 04:29:41+0000,DELL,Dell Technologies Inc.,0001571996,4,2026-09-08,2026-09-03,0001193125-26-385666,https://www.sec.gov/Archives/edgar/data/1571996/000119312526385666/ownership.xml,nonDerivative,2026-09-03,S,Class C Common Stock,76,514.07,39069.32000000001,762,I,"Silver Lake Technology Investors V, L.P.",,true,false,true,,SEC EDGAR
"DELL|0001193125-26-385666|nonDerivative|2026-09-03|Silver Lake Technology Investors V, L.P.|S|Class C Common Stock|197|515.10|I",2026-09-11 04:29:41+0000,DELL,Dell Technologies Inc.,0001571996,4,2026-09-08,2026-09-03,0001193125-26-385666,https://www.sec.gov/Archives/edgar/data/1571996/000119312526385666/ownership.xml,nonDerivative,2026-09-03,S,Class C Common Stock,197,515.10,101474.70000000001,566,I,"Silver Lake Technology Investors V, L.P.",,true,false,true,,SEC EDGAR
"DELL|0001193125-26-385666|nonDerivative|2026-09-03|Silver Lake Technology Investors V, L.P.|S|Class C Common Stock|150|516.03|I",2026-09-11 04:29:41+0000,DELL,Dell Technologies Inc.,0001571996,4,2026-09-08,2026-09-03,0001193125-26-385666,https://www.sec.gov/Archives/edgar/data/1571996/000119312526385666/ownership.xml,nonDerivative,2026-09-03,S,Class C Common Stock,150,516.03,77404.5,415,I,"Silver Lake Technology Investors V, L.P.",,true,false,true,,SEC EDGAR
"DELL|0001193125-26-385666|nonDerivative|2026-09-03|Silver Lake Technology Investors V, L.P.|S|Class C Common Stock|107|517.04|I",2026-09-11 04:29:41+0000,DELL,Dell Technologies Inc.,0001571996,4,2026-09-08,2026-09-03,0001193125-26-385666,https://www.sec.gov/Archives/edgar/data/1571996/000119312526385666/ownership.xml,nonDerivative,2026-09-03,S,Class C Common Stock,107,517.04,55323.28,309,I,"Silver Lake Technology Investors V, L.P.",,true,false,true,,SEC EDGAR
"DELL|0001193125-26-385666|nonDerivative|2026-09-03|Silver Lake Technology Investors V, L.P.|S|Class C Common Stock|58|518.02|I",2026-09-11 04:29:41+0000,DELL,Dell Technologies Inc.,0001571996,4,2026-09-08,2026-09-03,0001193125-26-385666,https://www.sec.gov/Archives/edgar/data/1571996/000119312526385666/ownership.xml,nonDerivative,2026-09-03,S,Class C Common Stock,58,518.02,30045.16,251,I,"Silver Lake Technology Investors V, L.P.",,true,false,true,,SEC EDGAR
"DELL|0001193125-26-385666|nonDerivative|2026-09-03|Silver Lake Technology Investors V, L.P.|S|Class C Common Stock|77|519.16|I",2026-09-11 04:29:41+0000,DELL,Dell Technologies Inc.,0001571996,4,2026-09-08,2026-09-03,0001193125-26-385666,https://www.sec.gov/Archives/edgar/data/1571996/000119312526385666/ownership.xml,nonDerivative,2026-09-03,S,Class C Common Stock,77,519.16,39975.32,174,I,"Silver Lake Technology Investors V, L.P.",,true,false,true,,SEC EDGAR
"DELL|0001193125-26-385666|nonDerivative|2026-09-03|Silver Lake Technology Investors V, L.P.|S|Class C Common Stock|95|519.98|I",2026-09-11 04:29:41+0000,DELL,Dell Technologies Inc.,0001571996,4,2026-09-08,2026-09-03,0001193125-26-385666,https://www.sec.gov/Archives/edgar/data/1571996/000119312526385666/ownership.xml,nonDerivative,2026-09-03,S,Class C Common Stock,95,519.98,49398.1,79,I,"Silver Lake Technology Investors V, L.P.",,true,false,true,,SEC EDGAR
"DELL|0001193125-26-385666|nonDerivative|2026-09-03|Silver Lake Technology Investors V, L.P.|S|Class C Common Stock|24|521.11|I",2026-09-11 04:29:41+0000,DELL,Dell Technologies Inc.,0001571996,4,2026-09-08,2026-09-03,0001193125-26-385666,https://www.sec.gov/Archives/edgar/data/1571996/000119312526385666/ownership.xml,nonDerivative,2026-09-03,S,Class C Common Stock,24,521.11,12506.64,54,I,"Silver Lake Technology Investors V, L.P.",,true,false,true,,SEC EDGAR
"DELL|0001193125-26-385666|nonDerivative|2026-09-03|Silver Lake Technology Investors V, L.P.|S|Class C Common Stock|6|522.06|I",2026-09-11 04:29:41+0000,DELL,Dell Technologies Inc.,0001571996,4,2026-09-08,2026-09-03,0001193125-26-385666,https://www.sec.gov/Archives/edgar/data/1571996/000119312526385666/ownership.xml,nonDerivative,2026-09-03,S,Class C Common Stock,6,522.06,3132.3599999999997,48,I,"Silver Lake Technology Investors V, L.P.",,true,false,true,,SEC EDGAR
"DELL|0001193125-26-385666|nonDerivative|2026-09-03|Silver Lake Technology Investors V, L.P.|S|Class C Common Stock|19|523.13|I",2026-09-11 04:29:41+0000,DELL,Dell Technologies Inc.,0001571996,4,2026-09-08,2026-09-03,0001193125-26-385666,https://www.sec.gov/Archives/edgar/data/1571996/000119312526385666/ownership.xml,nonDerivative,2026-09-03,S,Class C Common Stock,19,523.13,9939.47,30,I,"Silver Lake Technology Investors V, L.P.",,true,false,true,,SEC EDGAR
"DELL|0001193125-26-385666|nonDerivative|2026-09-03|Silver Lake Technology Investors V, L.P.|S|Class C Common Stock|5|523.70|I",2026-09-11 04:29:41+0000,DELL,Dell Technologies Inc.,0001571996,4,2026-09-08,2026-09-03,0001193125-26-385666,https://www.sec.gov/Archives/edgar/data/1571996/000119312526385666/ownership.xml,nonDerivative,2026-09-03,S,Class C Common Stock,5,523.70,2618.5,25,I,"Silver Lake Technology Investors V, L.P.",,true,false,true,,SEC EDGAR
"DELL|0001193125-26-385666|nonDerivative|2026-09-03|Silver Lake Technology Investors V, L.P.|S|Class C Common Stock|7|525.07|I",2026-09-11 04:29:41+0000,DELL,Dell Technologies Inc.,0001571996,4,2026-09-08,2026-09-03,0001193125-26-385666,https://www.sec.gov/Archives/edgar/data/1571996/000119312526385666/ownership.xml,nonDerivative,2026-09-03,S,Class C Common Stock,7,525.07,3675.4900000000002,18,I,"Silver Lake Technology Investors V, L.P.",,true,false,true,,SEC EDGAR
"DELL|0001193125-26-385666|nonDerivative|2026-09-03|Silver Lake Technology Investors V, L.P.|S|Class C Common Stock|15|526.87|I",2026-09-11 04:29:41+0000,DELL,Dell Technologies Inc.,0001571996,4,2026-09-08,2026-09-03,0001193125-26-385666,https://www.sec.gov/Archives/edgar/data/1571996/000119312526385666/ownership.xml,nonDerivative,2026-09-03,S,Class C Common Stock,15,526.87,7903.05,3,I,"Silver Lake Technology Investors V, L.P.",,true,false,true,,SEC EDGAR
"DELL|0001193125-26-385666|nonDerivative|2026-09-03|Silver Lake Technology Investors V, L.P.|S|Class C Common Stock|3|527.70|I",2026-09-11 04:29:41+0000,DELL,Dell Technologies Inc.,0001571996,4,2026-09-08,2026-09-03,0001193125-26-385666,https://www.sec.gov/Archives/edgar/data/1571996/000119312526385666/ownership.xml,nonDerivative,2026-09-03,S,Class C Common Stock,3,527.70,1583.1000000000001,0,I,"Silver Lake Technology Investors V, L.P.",,true,false,true,,SEC EDGAR
"DELL|0001193125-26-385664|nonDerivative|2026-09-03|Silver Lake Technology Investors V, L.P.|M|Class C Common Stock|1531||I",2026-09-11 04:29:41+0000,DELL,Dell Technologies Inc.,0001571996,4,2026-09-08,2026-09-03,0001193125-26-385664,https://www.sec.gov/Archives/edgar/data/1571996/000119312526385664/ownership.xml,nonDerivative,2026-09-03,M,Class C Common Stock,1531,,,1531,I,"Silver Lake Technology Investors V, L.P.",,true,false,true,,SEC EDGAR
"DELL|0001193125-26-385664|nonDerivative|2026-09-03|Silver Lake Technology Investors V, L.P.|S|Class C Common Stock|7|496.59|I",2026-09-11 04:29:41+0000,DELL,Dell Technologies Inc.,0001571996,4,2026-09-08,2026-09-03,0001193125-26-385664,https://www.sec.gov/Archives/edgar/data/1571996/000119312526385664/ownership.xml,nonDerivative,2026-09-03,S,Class C Common Stock,7,496.59,3476.1299999999997,1524,I,"Silver Lake Technology Investors V, L.P.",,true,false,true,,SEC EDGAR
"DELL|0001193125-26-385664|nonDerivative|2026-09-03|Silver Lake Technology Investors V, L.P.|S|Class C Common Stock|12|497.62|I",2026-09-11 04:29:41+0000,DELL,Dell Technologies Inc.,0001571996,4,2026-09-08,2026-09-03,0001193125-26-385664,https://www.sec.gov/Archives/edgar/data/1571996/000119312526385664/ownership.xml,nonDerivative,2026-09-03,S,Class C Common Stock,12,497.62,5971.4400000000005,1513,I,"Silver Lake Technology Investors V, L.P.",,true,false,true,,SEC EDGAR
"DELL|0001193125-26-385664|nonDerivative|2026-09-03|Silver Lake Technology Investors V, L.P.|S|Class C Common Stock|22|498.62|I",2026-09-11 04:29:41+0000,DELL,Dell Technologies Inc.,0001571996,4,2026-09-08,2026-09-03,0001193125-26-385664,https://www.sec.gov/Archives/edgar/data/1571996/000119312526385664/ownership.xml,nonDerivative,2026-09-03,S,Class C Common Stock,22,498.62,10969.64,1491,I,"Silver Lake Technology Investors V, L.P.",,true,false,true,,SEC EDGAR
"DELL|0001193125-26-385664|nonDerivative|2026-09-03|Silver Lake Technology Investors V, L.P.|S|Class C Common Stock|12|499.83|I",2026-09-11 04:29:41+0000,DELL,Dell Technologies Inc.,0001571996,4,2026-09-08,2026-09-03,0001193125-26-385664,https://www.sec.gov/Archives/edgar/data/1571996/000119312526385664/ownership.xml,nonDerivative,2026-09-03,S,Class C Common Stock,12,499.83,5997.96,1479,I,"Silver Lake Technology Investors V, L.P.",,true,false,true,,SEC EDGAR
"DELL|0001193125-26-385664|nonDerivative|2026-09-03|Silver Lake Technology Investors V, L.P.|S|Class C Common Stock|17|501.07|I",2026-09-11 04:29:41+0000,DELL,Dell Technologies Inc.,0001571996,4,2026-09-08,2026-09-03,0001193125-26-385664,https://www.sec.gov/Archives/edgar/data/1571996/000119312526385664/ownership.xml,nonDerivative,2026-09-03,S,Class C Common Stock,17,501.07,8518.19,1461,I,"Silver Lake Technology Investors V, L.P.",,true,false,true,,SEC EDGAR
"DELL|0001193125-26-385664|nonDerivative|2026-09-03|Silver Lake Technology Investors V, L.P.|S|Class C Common Stock|45|501.84|I",2026-09-11 04:29:41+0000,DELL,Dell Technologies Inc.,0001571996,4,2026-09-08,2026-09-03,0001193125-26-385664,https://www.sec.gov/Archives/edgar/data/1571996/000119312526385664/ownership.xml,nonDerivative,2026-09-03,S,Class C Common Stock,45,501.84,22582.8,1417,I,"Silver Lake Technology Investors V, L.P.",,true,false,true,,SEC EDGAR
"DELL|0001193125-26-385664|nonDerivative|2026-09-03|Silver Lake Technology Investors V, L.P.|S|Class C Common Stock|35|503.04|I",2026-09-11 04:29:41+0000,DELL,Dell Technologies Inc.,0001571996,4,2026-09-08,2026-09-03,0001193125-26-385664,https://www.sec.gov/Archives/edgar/data/1571996/000119312526385664/ownership.xml,nonDerivative,2026-09-03,S,Class C Common Stock,35,503.04,17606.4,1382,I,"Silver Lake Technology Investors V, L.P.",,true,false,true,,SEC EDGAR
"DELL|0001193125-26-385664|nonDerivative|2026-09-03|Silver Lake Technology Investors V, L.P.|S|Class C Common Stock|33|503.95|I",2026-09-11 04:29:41+0000,DELL,Dell Technologies Inc.,0001571996,4,2026-09-08,2026-09-03,0001193125-26-385664,https://www.sec.gov/Archives/edgar/data/1571996/000119312526385664/ownership.xml,nonDerivative,2026-09-03,S,Class C Common Stock,33,503.95,16630.35,1349,I,"Silver Lake Technology Investors V, L.P.",,true,false,true,,SEC EDGAR
"DELL|0001193125-26-385664|nonDerivative|2026-09-03|Silver Lake Technology Investors V, L.P.|S|Class C Common Stock|54|504.91|I",2026-09-11 04:29:41+0000,DELL,Dell Technologies Inc.,0001571996,4,2026-09-08,2026-09-03,0001193125-26-385664,https://www.sec.gov/Archives/edgar/data/1571996/000119312526385664/ownership.xml,nonDerivative,2026-09-03,S,Class C Common Stock,54,504.91,27265.140000000003,1295,I,"Silver Lake Technology Investors V, L.P.",,true,false,true,,SEC EDGAR
"DELL|0001193125-26-385664|nonDerivative|2026-09-03|Silver Lake Technology Investors V, L.P.|S|Class C Common Stock|38|505.94|I",2026-09-11 04:29:41+0000,DELL,Dell Technologies Inc.,0001571996,4,2026-09-08,2026-09-03,0001193125-26-385664,https://www.sec.gov/Archives/edgar/data/1571996/000119312526385664/ownership.xml,nonDerivative,2026-09-03,S,Class C Common Stock,38,505.94,19225.72,1257,I,"Silver Lake Technology Investors V, L.P.",,true,false,true,,SEC EDGAR
"DELL|0001193125-26-385664|nonDerivative|2026-09-03|Silver Lake Technology Investors V, L.P.|S|Class C Common Stock|32|507.15|I",2026-09-11 04:29:41+0000,DELL,Dell Technologies Inc.,0001571996,4,2026-09-08,2026-09-03,0001193125-26-385664,https://www.sec.gov/Archives/edgar/data/1571996/000119312526385664/ownership.xml,nonDerivative,2026-09-03,S,Class C Common Stock,32,507.15,16228.8,1225,I,"Silver Lake Technology Investors V, L.P.",,true,false,true,,SEC EDGAR
"DELL|0001193125-26-385664|nonDerivative|2026-09-03|Silver Lake Technology Investors V, L.P.|S|Class C Common Stock|56|508.06|I",2026-09-11 04:29:41+0000,DELL,Dell Technologies Inc.,0001571996,4,2026-09-08,2026-09-03,0001193125-26-385664,https://www.sec.gov/Archives/edgar/data/1571996/000119312526385664/ownership.xml,nonDerivative,2026-09-03,S,Class C Common Stock,56,508.06,28451.36,1169,I,"Silver Lake Technology Investors V, L.P.",,true,false,true,,SEC EDGAR
"DELL|0001193125-26-385664|nonDerivative|2026-09-03|Silver Lake Technology Investors V, L.P.|S|Class C Common Stock|33|509.02|I",2026-09-11 04:29:41+0000,DELL,Dell Technologies Inc.,0001571996,4,2026-09-08,2026-09-03,0001193125-26-385664,https://www.sec.gov/Archives/edgar/data/1571996/000119312526385664/ownership.xml,nonDerivative,2026-09-03,S,Class C Common Stock,33,509.02,16797.66,1136,I,"Silver Lake Technology Investors V, L.P.",,true,false,true,,SEC EDGAR
"DELL|0001193125-26-385664|nonDerivative|2026-09-03|Silver Lake Technology Investors V, L.P.|S|Class C Common Stock|47|510.05|I",2026-09-11 04:29:41+0000,DELL,Dell Technologies Inc.,0001571996,4,2026-09-08,2026-09-03,0001193125-26-385664,https://www.sec.gov/Archives/edgar/data/1571996/000119312526385664/ownership.xml,nonDerivative,2026-09-03,S,Class C Common Stock,47,510.05,23972.350000000002,1089,I,"Silver Lake Technology Investors V, L.P.",,true,false,true,,SEC EDGAR
"DELL|0001193125-26-385664|nonDerivative|2026-09-03|Silver Lake Technology Investors V, L.P.|S|Class C Common Stock|56|511.02|I",2026-09-11 04:29:41+0000,DELL,Dell Technologies Inc.,0001571996,4,2026-09-08,2026-09-03,0001193125-26-385664,https://www.sec.gov/Archives/edgar/data/1571996/000119312526385664/ownership.xml,nonDerivative,2026-09-03,S,Class C Common Stock,56,511.02,28617.12,1033,I,"Silver Lake Technology Investors V, L.P.",,true,false,true,,SEC EDGAR
"DELL|0001193125-26-385664|nonDerivative|2026-09-03|Silver Lake Technology Investors V, L.P.|S|Class C Common Stock|90|512.10|I",2026-09-11 04:29:41+0000,DELL,Dell Technologies Inc.,0001571996,4,2026-09-08,2026-09-03,0001193125-26-385664,https://www.sec.gov/Archives/edgar/data/1571996/000119312526385664/ownership.xml,nonDerivative,2026-09-03,S,Class C Common Stock,90,512.10,46089.0,943,I,"Silver Lake Technology Investors V, L.P.",,true,false,true,,SEC EDGAR
"DELL|0001193125-26-385664|nonDerivative|2026-09-03|Silver Lake Technology Investors V, L.P.|S|Class C Common Stock|104|513.12|I",2026-09-11 04:29:41+0000,DELL,Dell Technologies Inc.,0001571996,4,2026-09-08,2026-09-03,0001193125-26-385664,https://www.sec.gov/Archives/edgar/data/1571996/000119312526385664/ownership.xml,nonDerivative,2026-09-03,S,Class C Common Stock,104,513.12,53364.48,839,I,"Silver Lake Technology Investors V, L.P.",,true,false,true,,SEC EDGAR
"DELL|0001193125-26-385664|derivative|2026-09-03|Silver Lake Technology Investors V, L.P.|M|Class B Common Stock|1531|0|I",2026-09-11 04:29:41+0000,DELL,Dell Technologies Inc.,0001571996,4,2026-09-08,2026-09-03,0001193125-26-385664,https://www.sec.gov/Archives/edgar/data/1571996/000119312526385664/ownership.xml,derivative,2026-09-03,M,Class B Common Stock,1531,0,0.0,112596,I,"Silver Lake Technology Investors V, L.P.",,true,false,true,,SEC EDGAR
"DELL|0001193125-26-385658|nonDerivative|2026-09-03|Silver Lake Technology Investors IV, L.P.|S|Class C Common Stock|170|514.07|I",2026-09-11 04:29:41+0000,DELL,Dell Technologies Inc.,0001571996,4,2026-09-08,2026-09-03,0001193125-26-385658,https://www.sec.gov/Archives/edgar/data/1571996/000119312526385658/ownership.xml,nonDerivative,2026-09-03,S,Class C Common Stock,170,514.07,87391.90000000001,1690,I,"Silver Lake Technology Investors IV, L.P.",,true,false,true,,SEC EDGAR
"DELL|0001193125-26-385658|nonDerivative|2026-09-03|Silver Lake Technology Investors IV, L.P.|S|Class C Common Stock|436|515.10|I",2026-09-11 04:29:41+0000,DELL,Dell Technologies Inc.,0001571996,4,2026-09-08,2026-09-03,0001193125-26-385658,https://www.sec.gov/Archives/edgar/data/1571996/000119312526385658/ownership.xml,nonDerivative,2026-09-03,S,Class C Common Stock,436,515.10,224583.6,1254,I,"Silver Lake Technology Investors IV, L.P.",,true,false,true,,SEC EDGAR
"DELL|0001193125-26-385658|nonDerivative|2026-09-03|Silver Lake Technology Investors IV, L.P.|S|Class C Common Stock|333|516.03|I",2026-09-11 04:29:41+0000,DELL,Dell Technologies Inc.,0001571996,4,2026-09-08,2026-09-03,0001193125-26-385658,https://www.sec.gov/Archives/edgar/data/1571996/000119312526385658/ownership.xml,nonDerivative,2026-09-03,S,Class C Common Stock,333,516.03,171837.99,921,I,"Silver Lake Technology Investors IV, L.P.",,true,false,true,,SEC EDGAR
"DELL|0001193125-26-385658|nonDerivative|2026-09-03|Silver Lake Technology Investors IV, L.P.|S|Class C Common Stock|236|517.04|I",2026-09-11 04:29:41+0000,DELL,Dell Technologies Inc.,0001571996,4,2026-09-08,2026-09-03,0001193125-26-385658,https://www.sec.gov/Archives/edgar/data/1571996/000119312526385658/ownership.xml,nonDerivative,2026-09-03,S,Class C Common Stock,236,517.04,122021.43999999999,684,I,"Silver Lake Technology Investors IV, L.P.",,true,false,true,,SEC EDGAR
"DELL|0001193125-26-385658|nonDerivative|2026-09-03|Silver Lake Technology Investors IV, L.P.|S|Class C Common Stock|129|518.02|I",2026-09-11 04:29:41+0000,DELL,Dell Technologies Inc.,0001571996,4,2026-09-08,2026-09-03,0001193125-26-385658,https://www.sec.gov/Archives/edgar/data/1571996/000119312526385658/ownership.xml,nonDerivative,2026-09-03,S,Class C Common Stock,129,518.02,66824.58,555,I,"Silver Lake Technology Investors IV, L.P.",,true,false,true,,SEC EDGAR
"DELL|0001193125-26-385658|nonDerivative|2026-09-03|Silver Lake Technology Investors IV, L.P.|S|Class C Common Stock|170|519.16|I",2026-09-11 04:29:41+0000,DELL,Dell Technologies Inc.,0001571996,4,2026-09-08,2026-09-03,0001193125-26-385658,https://www.sec.gov/Archives/edgar/data/1571996/000119312526385658/ownership.xml,nonDerivative,2026-09-03,S,Class C Common Stock,170,519.16,88257.2,385,I,"Silver Lake Technology Investors IV, L.P.",,true,false,true,,SEC EDGAR
"DELL|0001193125-26-385658|nonDerivative|2026-09-03|Silver Lake Technology Investors IV, L.P.|S|Class C Common Stock|211|519.98|I",2026-09-11 04:29:41+0000,DELL,Dell Technologies Inc.,0001571996,4,2026-09-08,2026-09-03,0001193125-26-385658,https://www.sec.gov/Archives/edgar/data/1571996/000119312526385658/ownership.xml,nonDerivative,2026-09-03,S,Class C Common Stock,211,519.98,109715.78,175,I,"Silver Lake Technology Investors IV, L.P.",,true,false,true,,SEC EDGAR
"DELL|0001193125-26-385658|nonDerivative|2026-09-03|Silver Lake Technology Investors IV, L.P.|S|Class C Common Stock|54|521.11|I",2026-09-11 04:29:41+0000,DELL,Dell Technologies Inc.,0001571996,4,2026-09-08,2026-09-03,0001193125-26-385658,https://www.sec.gov/Archives/edgar/data/1571996/000119312526385658/ownership.xml,nonDerivative,2026-09-03,S,Class C Common Stock,54,521.11,28139.940000000002,121,I,"Silver Lake Technology Investors IV, L.P.",,true,false,true,,SEC EDGAR
"DELL|0001193125-26-385658|nonDerivative|2026-09-03|Silver Lake Technology Investors IV, L.P.|S|Class C Common Stock|13|522.06|I",2026-09-11 04:29:41+0000,DELL,Dell Technologies Inc.,0001571996,4,2026-09-08,2026-09-03,0001193125-26-385658,https://www.sec.gov/Archives/edgar/data/1571996/000119312526385658/ownership.xml,nonDerivative,2026-09-03,S,Class C Common Stock,13,522.06,6786.779999999999,107,I,"Silver Lake Technology Investors IV, L.P.",,true,false,true,,SEC EDGAR
"DELL|0001193125-26-385658|nonDerivative|2026-09-03|Silver Lake Technology Investors IV, L.P.|S|Class C Common Stock|41|523.13|I",2026-09-11 04:29:41+0000,DELL,Dell Technologies Inc.,0001571996,4,2026-09-08,2026-09-03,0001193125-26-385658,https://www.sec.gov/Archives/edgar/data/1571996/000119312526385658/ownership.xml,nonDerivative,2026-09-03,S,Class C Common Stock,41,523.13,21448.329999999998,66,I,"Silver Lake Technology Investors IV, L.P.",,true,false,true,,SEC EDGAR
"DELL|0001193125-26-385658|nonDerivative|2026-09-03|Silver Lake Technology Investors IV, L.P.|S|Class C Common Stock|11|523.70|I",2026-09-11 04:29:41+0000,DELL,Dell Technologies Inc.,0001571996,4,2026-09-08,2026-09-03,0001193125-26-385658,https://www.sec.gov/Archives/edgar/data/1571996/000119312526385658/ownership.xml,nonDerivative,2026-09-03,S,Class C Common Stock,11,523.70,5760.700000000001,55,I,"Silver Lake Technology Investors IV, L.P.",,true,false,true,,SEC EDGAR
"DELL|0001193125-26-385658|nonDerivative|2026-09-03|Silver Lake Technology Investors IV, L.P.|S|Class C Common Stock|16|525.07|I",2026-09-11 04:29:41+0000,DELL,Dell Technologies Inc.,0001571996,4,2026-09-08,2026-09-03,0001193125-26-385658,https://www.sec.gov/Archives/edgar/data/1571996/000119312526385658/ownership.xml,nonDerivative,2026-09-03,S,Class C Common Stock,16,525.07,8401.12,39,I,"Silver Lake Technology Investors IV, L.P.",,true,false,true,,SEC EDGAR
"DELL|0001193125-26-385658|nonDerivative|2026-09-03|Silver Lake Technology Investors IV, L.P.|S|Class C Common Stock|32|526.87|I",2026-09-11 04:29:41+0000,DELL,Dell Technologies Inc.,0001571996,4,2026-09-08,2026-09-03,0001193125-26-385658,https://www.sec.gov/Archives/edgar/data/1571996/000119312526385658/ownership.xml,nonDerivative,2026-09-03,S,Class C Common Stock,32,526.87,16859.84,7,I,"Silver Lake Technology Investors IV, L.P.",,true,false,true,,SEC EDGAR
"DELL|0001193125-26-385658|nonDerivative|2026-09-03|Silver Lake Technology Investors IV, L.P.|S|Class C Common Stock|7|527.70|I",2026-09-11 04:29:41+0000,DELL,Dell Technologies Inc.,0001571996,4,2026-09-08,2026-09-03,0001193125-26-385658,https://www.sec.gov/Archives/edgar/data/1571996/000119312526385658/ownership.xml,nonDerivative,2026-09-03,S,Class C Common Stock,7,527.70,3693.9000000000005,0,I,"Silver Lake Technology Investors IV, L.P.",,true,false,true,,SEC EDGAR
"DELL|0001193125-26-385657|nonDerivative|2026-09-03|Silver Lake Technology Investors IV, L.P.|M|Class C Common Stock|3394||I",2026-09-11 04:29:41+0000,DELL,Dell Technologies Inc.,0001571996,4,2026-09-08,2026-09-03,0001193125-26-385657,https://www.sec.gov/Archives/edgar/data/1571996/000119312526385657/ownership.xml,nonDerivative,2026-09-03,M,Class C Common Stock,3394,,,3394,I,"Silver Lake Technology Investors IV, L.P.",,true,false,true,,SEC EDGAR
"DELL|0001193125-26-385657|nonDerivative|2026-09-03|Silver Lake Technology Investors IV, L.P.|S|Class C Common Stock|15|496.59|I",2026-09-11 04:29:41+0000,DELL,Dell Technologies Inc.,0001571996,4,2026-09-08,2026-09-03,0001193125-26-385657,https://www.sec.gov/Archives/edgar/data/1571996/000119312526385657/ownership.xml,nonDerivative,2026-09-03,S,Class C Common Stock,15,496.59,7448.849999999999,3379,I,"Silver Lake Technology Investors IV, L.P.",,true,false,true,,SEC EDGAR
"DELL|0001193125-26-385657|nonDerivative|2026-09-03|Silver Lake Technology Investors IV, L.P.|S|Class C Common Stock|26|497.62|I",2026-09-11 04:29:41+0000,DELL,Dell Technologies Inc.,0001571996,4,2026-09-08,2026-09-03,0001193125-26-385657,https://www.sec.gov/Archives/edgar/data/1571996/000119312526385657/ownership.xml,nonDerivative,2026-09-03,S,Class C Common Stock,26,497.62,12938.12,3353,I,"Silver Lake Technology Investors IV, L.P.",,true,false,true,,SEC EDGAR
"DELL|0001193125-26-385657|nonDerivative|2026-09-03|Silver Lake Technology Investors IV, L.P.|S|Class C Common Stock|49|498.62|I",2026-09-11 04:29:41+0000,DELL,Dell Technologies Inc.,0001571996,4,2026-09-08,2026-09-03,0001193125-26-385657,https://www.sec.gov/Archives/edgar/data/1571996/000119312526385657/ownership.xml,nonDerivative,2026-09-03,S,Class C Common Stock,49,498.62,24432.38,3304,I,"Silver Lake Technology Investors IV, L.P.",,true,false,true,,SEC EDGAR
"DELL|0001193125-26-385657|nonDerivative|2026-09-03|Silver Lake Technology Investors IV, L.P.|S|Class C Common Stock|27|499.83|I",2026-09-11 04:29:41+0000,DELL,Dell Technologies Inc.,0001571996,4,2026-09-08,2026-09-03,0001193125-26-385657,https://www.sec.gov/Archives/edgar/data/1571996/000119312526385657/ownership.xml,nonDerivative,2026-09-03,S,Class C Common Stock,27,499.83,13495.41,3278,I,"Silver Lake Technology Investors IV, L.P.",,true,false,true,,SEC EDGAR
"DELL|0001193125-26-385657|nonDerivative|2026-09-03|Silver Lake Technology Investors IV, L.P.|S|Class C Common Stock|38|501.07|I",2026-09-11 04:29:41+0000,DELL,Dell Technologies Inc.,0001571996,4,2026-09-08,2026-09-03,0001193125-26-385657,https://www.sec.gov/Archives/edgar/data/1571996/000119312526385657/ownership.xml,nonDerivative,2026-09-03,S,Class C Common Stock,38,501.07,19040.66,3239,I,"Silver Lake Technology Investors IV, L.P.",,true,false,true,,SEC EDGAR
"DELL|0001193125-26-385657|nonDerivative|2026-09-03|Silver Lake Technology Investors IV, L.P.|S|Class C Common Stock|99|501.84|I",2026-09-11 04:29:41+0000,DELL,Dell Technologies Inc.,0001571996,4,2026-09-08,2026-09-03,0001193125-26-385657,https://www.sec.gov/Archives/edgar/data/1571996/000119312526385657/ownership.xml,nonDerivative,2026-09-03,S,Class C Common Stock,99,501.84,49682.159999999996,3140,I,"Silver Lake Technology Investors IV, L.P.",,true,false,true,,SEC EDGAR
"DELL|0001193125-26-385657|nonDerivative|2026-09-03|Silver Lake Technology Investors IV, L.P.|S|Class C Common Stock|77|503.04|I",2026-09-11 04:29:41+0000,DELL,Dell Technologies Inc.,0001571996,4,2026-09-08,2026-09-03,0001193125-26-385657,https://www.sec.gov/Archives/edgar/data/1571996/000119312526385657/ownership.xml,nonDerivative,2026-09-03,S,Class C Common Stock,77,503.04,38734.08,3063,I,"Silver Lake Technology Investors IV, L.P.",,true,false,true,,SEC EDGAR
"DELL|0001193125-26-385657|nonDerivative|2026-09-03|Silver Lake Technology Investors IV, L.P.|S|Class C Common Stock|73|503.95|I",2026-09-11 04:29:41+0000,DELL,Dell Technologies Inc.,0001571996,4,2026-09-08,2026-09-03,0001193125-26-385657,https://www.sec.gov/Archives/edgar/data/1571996/000119312526385657/ownership.xml,nonDerivative,2026-09-03,S,Class C Common Stock,73,503.95,36788.35,2990,I,"Silver Lake Technology Investors IV, L.P.",,true,false,true,,SEC EDGAR
"DELL|0001193125-26-385657|nonDerivative|2026-09-03|Silver Lake Technology Investors IV, L.P.|S|Class C Common Stock|119|504.91|I",2026-09-11 04:29:41+0000,DELL,Dell Technologies Inc.,0001571996,4,2026-09-08,2026-09-03,0001193125-26-385657,https://www.sec.gov/Archives/edgar/data/1571996/000119312526385657/ownership.xml,nonDerivative,2026-09-03,S,Class C Common Stock,119,504.91,60084.29,2871,I,"Silver Lake Technology Investors IV, L.P.",,true,false,true,,SEC EDGAR
"DELL|0001193125-26-385657|nonDerivative|2026-09-03|Silver Lake Technology Investors IV, L.P.|S|Class C Common Stock|84|505.94|I",2026-09-11 04:29:41+0000,DELL,Dell Technologies Inc.,0001571996,4,2026-09-08,2026-09-03,0001193125-26-385657,https://www.sec.gov/Archives/edgar/data/1571996/000119312526385657/ownership.xml,nonDerivative,2026-09-03,S,Class C Common Stock,84,505.94,42498.96,2786,I,"Silver Lake Technology Investors IV, L.P.",,true,false,true,,SEC EDGAR
"DELL|0001193125-26-385657|nonDerivative|2026-09-03|Silver Lake Technology Investors IV, L.P.|S|Class C Common Stock|70|507.15|I",2026-09-11 04:29:41+0000,DELL,Dell Technologies Inc.,0001571996,4,2026-09-08,2026-09-03,0001193125-26-385657,https://www.sec.gov/Archives/edgar/data/1571996/000119312526385657/ownership.xml,nonDerivative,2026-09-03,S,Class C Common Stock,70,507.15,35500.5,2716,I,"Silver Lake Technology Investors IV, L.P.",,true,false,true,,SEC EDGAR
"DELL|0001193125-26-385657|nonDerivative|2026-09-03|Silver Lake Technology Investors IV, L.P.|S|Class C Common Stock|124|508.06|I",2026-09-11 04:29:41+0000,DELL,Dell Technologies Inc.,0001571996,4,2026-09-08,2026-09-03,0001193125-26-385657,https://www.sec.gov/Archives/edgar/data/1571996/000119312526385657/ownership.xml,nonDerivative,2026-09-03,S,Class C Common Stock,124,508.06,62999.44,2592,I,"Silver Lake Technology Investors IV, L.P.",,true,false,true,,SEC EDGAR
"DELL|0001193125-26-385657|nonDerivative|2026-09-03|Silver Lake Technology Investors IV, L.P.|S|Class C Common Stock|74|509.02|I",2026-09-11 04:29:41+0000,DELL,Dell Technologies Inc.,0001571996,4,2026-09-08,2026-09-03,0001193125-26-385657,https://www.sec.gov/Archives/edgar/data/1571996/000119312526385657/ownership.xml,nonDerivative,2026-09-03,S,Class C Common Stock,74,509.02,37667.479999999996,2518,I,"Silver Lake Technology Investors IV, L.P.",,true,false,true,,SEC EDGAR
"DELL|0001193125-26-385657|nonDerivative|2026-09-03|Silver Lake Technology Investors IV, L.P.|S|Class C Common Stock|104|510.05|I",2026-09-11 04:29:41+0000,DELL,Dell Technologies Inc.,0001571996,4,2026-09-08,2026-09-03,0001193125-26-385657,https://www.sec.gov/Archives/edgar/data/1571996/000119312526385657/ownership.xml,nonDerivative,2026-09-03,S,Class C Common Stock,104,510.05,53045.200000000004,2414,I,"Silver Lake Technology Investors IV, L.P.",,true,false,true,,SEC EDGAR
"DELL|0001193125-26-385657|nonDerivative|2026-09-03|Silver Lake Technology Investors IV, L.P.|S|Class C Common Stock|124|511.02|I",2026-09-11 04:29:41+0000,DELL,Dell Technologies Inc.,0001571996,4,2026-09-08,2026-09-03,0001193125-26-385657,https://www.sec.gov/Archives/edgar/data/1571996/000119312526385657/ownership.xml,nonDerivative,2026-09-03,S,Class C Common Stock,124,511.02,63366.479999999996,2290,I,"Silver Lake Technology Investors IV, L.P.",,true,false,true,,SEC EDGAR
"DELL|0001193125-26-385657|nonDerivative|2026-09-03|Silver Lake Technology Investors IV, L.P.|S|Class C Common Stock|200|512.10|I",2026-09-11 04:29:41+0000,DELL,Dell Technologies Inc.,0001571996,4,2026-09-08,2026-09-03,0001193125-26-385657,https://www.sec.gov/Archives/edgar/data/1571996/000119312526385657/ownership.xml,nonDerivative,2026-09-03,S,Class C Common Stock,200,512.10,102420.0,2090,I,"Silver Lake Technology Investors IV, L.P.",,true,false,true,,SEC EDGAR
"DELL|0001193125-26-385657|nonDerivative|2026-09-03|Silver Lake Technology Investors IV, L.P.|S|Class C Common Stock|231|513.12|I",2026-09-11 04:29:41+0000,DELL,Dell Technologies Inc.,0001571996,4,2026-09-08,2026-09-03,0001193125-26-385657,https://www.sec.gov/Archives/edgar/data/1571996/000119312526385657/ownership.xml,nonDerivative,2026-09-03,S,Class C Common Stock,231,513.12,118530.72,1859,I,"Silver Lake Technology Investors IV, L.P.",,true,false,true,,SEC EDGAR
"DELL|0001193125-26-385657|derivative|2026-09-03|Silver Lake Technology Investors IV, L.P.|M|Class B Common Stock|3394|0|I",2026-09-11 04:29:41+0000,DELL,Dell Technologies Inc.,0001571996,4,2026-09-08,2026-09-03,0001193125-26-385657,https://www.sec.gov/Archives/edgar/data/1571996/000119312526385657/ownership.xml,derivative,2026-09-03,M,Class B Common Stock,3394,0,0.0,249689,I,"Silver Lake Technology Investors IV, L.P.",,true,false,true,,SEC EDGAR
"DELL|0001193125-26-385629|nonDerivative|2026-09-03|Silver Lake Partners V DE (AIV), L.P.|S|Class C Common Stock|4350|514.07|I",2026-09-11 04:29:41+0000,DELL,Dell Technologies Inc.,0001571996,4,2026-09-08,2026-09-03,0001193125-26-385629,https://www.sec.gov/Archives/edgar/data/1571996/000119312526385629/ownership.xml,nonDerivative,2026-09-03,S,Class C Common Stock,4350,514.07,2236204.5,81145,I,"Silver Lake Partners V DE (AIV), L.P.",,true,false,true,,SEC EDGAR
"DELL|0001193125-26-385629|nonDerivative|2026-09-03|Silver Lake Partners V DE (AIV), L.P.|S|Class C Common Stock|11184|515.10|I",2026-09-11 04:29:41+0000,DELL,Dell Technologies Inc.,0001571996,4,2026-09-08,2026-09-03,0001193125-26-385629,https://www.sec.gov/Archives/edgar/data/1571996/000119312526385629/ownership.xml,nonDerivative,2026-09-03,S,Class C Common Stock,11184,515.10,5760878.4,69961,I,"Silver Lake Partners V DE (AIV), L.P.",,true,false,true,,SEC EDGAR
"DELL|0001193125-26-385629|nonDerivative|2026-09-03|Silver Lake Partners V DE (AIV), L.P.|S|Class C Common Stock|8546|516.03|I",2026-09-11 04:29:41+0000,DELL,Dell Technologies Inc.,0001571996,4,2026-09-08,2026-09-03,0001193125-26-385629,https://www.sec.gov/Archives/edgar/data/1571996/000119312526385629/ownership.xml,nonDerivative,2026-09-03,S,Class C Common Stock,8546,516.03,4409992.38,61414,I,"Silver Lake Partners V DE (AIV), L.P.",,true,false,true,,SEC EDGAR
"DELL|0001193125-26-385629|nonDerivative|2026-09-03|Silver Lake Partners V DE (AIV), L.P.|S|Class C Common Stock|6059|517.04|I",2026-09-11 04:29:41+0000,DELL,Dell Technologies Inc.,0001571996,4,2026-09-08,2026-09-03,0001193125-26-385629,https://www.sec.gov/Archives/edgar/data/1571996/000119312526385629/ownership.xml,nonDerivative,2026-09-03,S,Class C Common Stock,6059,517.04,3132745.36,55355,I,"Silver Lake Partners V DE (AIV), L.P.",,true,false,true,,SEC EDGAR
"DELL|0001193125-26-385629|nonDerivative|2026-09-03|Silver Lake Partners V DE (AIV), L.P.|S|Class C Common Stock|3310|518.02|I",2026-09-11 04:29:41+0000,DELL,Dell Technologies Inc.,0001571996,4,2026-09-08,2026-09-03,0001193125-26-385629,https://www.sec.gov/Archives/edgar/data/1571996/000119312526385629/ownership.xml,nonDerivative,2026-09-03,S,Class C Common Stock,3310,518.02,1714646.2,52046,I,"Silver Lake Partners V DE (AIV), L.P.",,true,false,true,,SEC EDGAR
"DELL|0001193125-26-385629|nonDerivative|2026-09-03|Silver Lake Partners V DE (AIV), L.P.|S|Class C Common Stock|4361|519.16|I",2026-09-11 04:29:41+0000,DELL,Dell Technologies Inc.,0001571996,4,2026-09-08,2026-09-03,0001193125-26-385629,https://www.sec.gov/Archives/edgar/data/1571996/000119312526385629/ownership.xml,nonDerivative,2026-09-03,S,Class C Common Stock,4361,519.16,2264056.76,47685,I,"Silver Lake Partners V DE (AIV), L.P.",,true,false,true,,SEC EDGAR
"DELL|0001193125-26-385629|nonDerivative|2026-09-03|Silver Lake Partners V DE (AIV), L.P.|S|Class C Common Stock|5407|519.98|I",2026-09-11 04:29:41+0000,DELL,Dell Technologies Inc.,0001571996,4,2026-09-08,2026-09-03,0001193125-26-385629,https://www.sec.gov/Archives/edgar/data/1571996/000119312526385629/ownership.xml,nonDerivative,2026-09-03,S,Class C Common Stock,5407,519.98,2811531.86,42278,I,"Silver Lake Partners V DE (AIV), L.P.",,true,false,true,,SEC EDGAR
"DELL|0001193125-26-385629|nonDerivative|2026-09-03|Silver Lake Partners V DE (AIV), L.P.|S|Class C Common Stock|1387|521.11|I",2026-09-11 04:29:41+0000,DELL,Dell Technologies Inc.,0001571996,4,2026-09-08,2026-09-03,0001193125-26-385629,https://www.sec.gov/Archives/edgar/data/1571996/000119312526385629/ownership.xml,nonDerivative,2026-09-03,S,Class C Common Stock,1387,521.11,722779.5700000001,40891,I,"Silver Lake Partners V DE (AIV), L.P.",,true,false,true,,SEC EDGAR
"DELL|0001193125-26-385629|nonDerivative|2026-09-03|Silver Lake Partners V DE (AIV), L.P.|S|Class C Common Stock|341|522.06|I",2026-09-11 04:29:41+0000,DELL,Dell Technologies Inc.,0001571996,4,2026-09-08,2026-09-03,0001193125-26-385629,https://www.sec.gov/Archives/edgar/data/1571996/000119312526385629/ownership.xml,nonDerivative,2026-09-03,S,Class C Common Stock,341,522.06,178022.46,40550,I,"Silver Lake Partners V DE (AIV), L.P.",,true,false,true,,SEC EDGAR
"DELL|0001193125-26-385629|nonDerivative|2026-09-03|Silver Lake Partners V DE (AIV), L.P.|S|Class C Common Stock|1055|523.13|I",2026-09-11 04:29:41+0000,DELL,Dell Technologies Inc.,0001571996,4,2026-09-08,2026-09-03,0001193125-26-385629,https://www.sec.gov/Archives/edgar/data/1571996/000119312526385629/ownership.xml,nonDerivative,2026-09-03,S,Class C Common Stock,1055,523.13,551902.15,39495,I,"Silver Lake Partners V DE (AIV), L.P.",,true,false,true,,SEC EDGAR
"DELL|0001193125-26-385629|nonDerivative|2026-09-03|Silver Lake Partners V DE (AIV), L.P.|S|Class C Common Stock|288|523.70|I",2026-09-11 04:29:41+0000,DELL,Dell Technologies Inc.,0001571996,4,2026-09-08,2026-09-03,0001193125-26-385629,https://www.sec.gov/Archives/edgar/data/1571996/000119312526385629/ownership.xml,nonDerivative,2026-09-03,S,Class C Common Stock,288,523.70,150825.6,39206,I,"Silver Lake Partners V DE (AIV), L.P.",,true,false,true,,SEC EDGAR
"DELL|0001193125-26-385629|nonDerivative|2026-09-03|Silver Lake Partners V DE (AIV), L.P.|S|Class C Common Stock|409|525.07|I",2026-09-11 04:29:41+0000,DELL,Dell Technologies Inc.,0001571996,4,2026-09-08,2026-09-03,0001193125-26-385629,https://www.sec.gov/Archives/edgar/data/1571996/000119312526385629/ownership.xml,nonDerivative,2026-09-03,S,Class C Common Stock,409,525.07,214753.63000000003,38797,I,"Silver Lake Partners V DE (AIV), L.P.",,true,false,true,,SEC EDGAR
"DELL|0001193125-26-385629|nonDerivative|2026-09-03|Silver Lake Partners V DE (AIV), L.P.|S|Class C Common Stock|828|526.87|I",2026-09-11 04:29:41+0000,DELL,Dell Technologies Inc.,0001571996,4,2026-09-08,2026-09-03,0001193125-26-385629,https://www.sec.gov/Archives/edgar/data/1571996/000119312526385629/ownership.xml,nonDerivative,2026-09-03,S,Class C Common Stock,828,526.87,436248.36,37969,I,"Silver Lake Partners V DE (AIV), L.P.",,true,false,true,,SEC EDGAR
"DELL|0001193125-26-385629|nonDerivative|2026-09-03|Silver Lake Partners V DE (AIV), L.P.|S|Class C Common Stock|170|527.70|I",2026-09-11 04:29:41+0000,DELL,Dell Technologies Inc.,0001571996,4,2026-09-08,2026-09-03,0001193125-26-385629,https://www.sec.gov/Archives/edgar/data/1571996/000119312526385629/ownership.xml,nonDerivative,2026-09-03,S,Class C Common Stock,170,527.70,89709.00000000001,37799,I,"Silver Lake Partners V DE (AIV), L.P.",,true,false,true,,SEC EDGAR
"DELL|0001193125-26-385620|nonDerivative|2026-09-03|Silver Lake Partners V DE (AIV), L.P.|M|Class C Common Stock|124869||I",2026-09-11 04:29:41+0000,DELL,Dell Technologies Inc.,0001571996,4,2026-09-08,2026-09-03,0001193125-26-385620,https://www.sec.gov/Archives/edgar/data/1571996/000119312526385620/ownership.xml,nonDerivative,2026-09-03,M,Class C Common Stock,124869,,,124869,I,"Silver Lake Partners V DE (AIV), L.P.",,true,false,true,,SEC EDGAR
"DELL|0001193125-26-385620|nonDerivative|2026-09-03|Silver Lake Partners V DE (AIV), L.P.|S|Class C Common Stock|378|496.59|I",2026-09-11 04:29:41+0000,DELL,Dell Technologies Inc.,0001571996,4,2026-09-08,2026-09-03,0001193125-26-385620,https://www.sec.gov/Archives/edgar/data/1571996/000119312526385620/ownership.xml,nonDerivative,2026-09-03,S,Class C Common Stock,378,496.59,187711.02,124491,I,"Silver Lake Partners V DE (AIV), L.P.",,true,false,true,,SEC EDGAR
"DELL|0001193125-26-385620|nonDerivative|2026-09-03|Silver Lake Partners V DE (AIV), L.P.|S|Class C Common Stock|668|497.62|I",2026-09-11 04:29:41+0000,DELL,Dell Technologies Inc.,0001571996,4,2026-09-08,2026-09-03,0001193125-26-385620,https://www.sec.gov/Archives/edgar/data/1571996/000119312526385620/ownership.xml,nonDerivative,2026-09-03,S,Class C Common Stock,668,497.62,332410.16,123824,I,"Silver Lake Partners V DE (AIV), L.P.",,true,false,true,,SEC EDGAR
"DELL|0001193125-26-385620|nonDerivative|2026-09-03|Silver Lake Partners V DE (AIV), L.P.|S|Class C Common Stock|1254|498.62|I",2026-09-11 04:29:41+0000,DELL,Dell Technologies Inc.,0001571996,4,2026-09-08,2026-09-03,0001193125-26-385620,https://www.sec.gov/Archives/edgar/data/1571996/000119312526385620/ownership.xml,nonDerivative,2026-09-03,S,Class C Common Stock,1254,498.62,625269.48,122570,I,"Silver Lake Partners V DE (AIV), L.P.",,true,false,true,,SEC EDGAR
"DELL|0001193125-26-385620|nonDerivative|2026-09-03|Silver Lake Partners V DE (AIV), L.P.|S|Class C Common Stock|685|499.83|I",2026-09-11 04:29:41+0000,DELL,Dell Technologies Inc.,0001571996,4,2026-09-08,2026-09-03,0001193125-26-385620,https://www.sec.gov/Archives/edgar/data/1571996/000119312526385620/ownership.xml,nonDerivative,2026-09-03,S,Class C Common Stock,685,499.83,342383.55,121885,I,"Silver Lake Partners V DE (AIV), L.P.",,true,false,true,,SEC EDGAR
"DELL|0001193125-26-385620|nonDerivative|2026-09-03|Silver Lake Partners V DE (AIV), L.P.|S|Class C Common Stock|982|501.07|I",2026-09-11 04:29:41+0000,DELL,Dell Technologies Inc.,0001571996,4,2026-09-08,2026-09-03,0001193125-26-385620,https://www.sec.gov/Archives/edgar/data/1571996/000119312526385620/ownership.xml,nonDerivative,2026-09-03,S,Class C Common Stock,982,501.07,492050.74,120903,I,"Silver Lake Partners V DE (AIV), L.P.",,true,false,true,,SEC EDGAR
"DELL|0001193125-26-385620|nonDerivative|2026-09-03|Silver Lake Partners V DE (AIV), L.P.|S|Class C Common Stock|2544|501.84|I",2026-09-11 04:29:41+0000,DELL,Dell Technologies Inc.,0001571996,4,2026-09-08,2026-09-03,0001193125-26-385620,https://www.sec.gov/Archives/edgar/data/1571996/000119312526385620/ownership.xml,nonDerivative,2026-09-03,S,Class C Common Stock,2544,501.84,1276680.96,118359,I,"Silver Lake Partners V DE (AIV), L.P.",,true,false,true,,SEC EDGAR
"DELL|0001193125-26-385620|nonDerivative|2026-09-03|Silver Lake Partners V DE (AIV), L.P.|S|Class C Common Stock|1979|503.04|I",2026-09-11 04:29:41+0000,DELL,Dell Technologies Inc.,0001571996,4,2026-09-08,2026-09-03,0001193125-26-385620,https://www.sec.gov/Archives/edgar/data/1571996/000119312526385620/ownership.xml,nonDerivative,2026-09-03,S,Class C Common Stock,1979,503.04,995516.16,116380,I,"Silver Lake Partners V DE (AIV), L.P.",,true,false,true,,SEC EDGAR
"DELL|0001193125-26-385620|nonDerivative|2026-09-03|Silver Lake Partners V DE (AIV), L.P.|S|Class C Common Stock|1882|503.95|I",2026-09-11 04:29:41+0000,DELL,Dell Technologies Inc.,0001571996,4,2026-09-08,2026-09-03,0001193125-26-385620,https://www.sec.gov/Archives/edgar/data/1571996/000119312526385620/ownership.xml,nonDerivative,2026-09-03,S,Class C Common Stock,1882,503.95,948433.9,114498,I,"Silver Lake Partners V DE (AIV), L.P.",,true,false,true,,SEC EDGAR
"DELL|0001193125-26-385620|nonDerivative|2026-09-03|Silver Lake Partners V DE (AIV), L.P.|S|Class C Common Stock|3058|504.91|I",2026-09-11 04:29:41+0000,DELL,Dell Technologies Inc.,0001571996,4,2026-09-08,2026-09-03,0001193125-26-385620,https://www.sec.gov/Archives/edgar/data/1571996/000119312526385620/ownership.xml,nonDerivative,2026-09-03,S,Class C Common Stock,3058,504.91,1544014.78,111440,I,"Silver Lake Partners V DE (AIV), L.P.",,true,false,true,,SEC EDGAR
"DELL|0001193125-26-385620|nonDerivative|2026-09-03|Silver Lake Partners V DE (AIV), L.P.|S|Class C Common Stock|2157|505.94|I",2026-09-11 04:29:41+0000,DELL,Dell Technologies Inc.,0001571996,4,2026-09-08,2026-09-03,0001193125-26-385620,https://www.sec.gov/Archives/edgar/data/1571996/000119312526385620/ownership.xml,nonDerivative,2026-09-03,S,Class C Common Stock,2157,505.94,1091312.58,109283,I,"Silver Lake Partners V DE (AIV), L.P.",,true,false,true,,SEC EDGAR
"DELL|0001193125-26-385620|nonDerivative|2026-09-03|Silver Lake Partners V DE (AIV), L.P.|S|Class C Common Stock|1804|507.15|I",2026-09-11 04:29:41+0000,DELL,Dell Technologies Inc.,0001571996,4,2026-09-08,2026-09-03,0001193125-26-385620,https://www.sec.gov/Archives/edgar/data/1571996/000119312526385620/ownership.xml,nonDerivative,2026-09-03,S,Class C Common Stock,1804,507.15,914898.6,107479,I,"Silver Lake Partners V DE (AIV), L.P.",,true,false,true,,SEC EDGAR
"DELL|0001193125-26-385620|nonDerivative|2026-09-03|Silver Lake Partners V DE (AIV), L.P.|S|Class C Common Stock|3189|508.06|I",2026-09-11 04:29:41+0000,DELL,Dell Technologies Inc.,0001571996,4,2026-09-08,2026-09-03,0001193125-26-385620,https://www.sec.gov/Archives/edgar/data/1571996/000119312526385620/ownership.xml,nonDerivative,2026-09-03,S,Class C Common Stock,3189,508.06,1620203.34,104291,I,"Silver Lake Partners V DE (AIV), L.P.",,true,false,true,,SEC EDGAR
"DELL|0001193125-26-385620|nonDerivative|2026-09-03|Silver Lake Partners V DE (AIV), L.P.|S|Class C Common Stock|1895|509.02|I",2026-09-11 04:29:41+0000,DELL,Dell Technologies Inc.,0001571996,4,2026-09-08,2026-09-03,0001193125-26-385620,https://www.sec.gov/Archives/edgar/data/1571996/000119312526385620/ownership.xml,nonDerivative,2026-09-03,S,Class C Common Stock,1895,509.02,964592.9,102395,I,"Silver Lake Partners V DE (AIV), L.P.",,true,false,true,,SEC EDGAR
"DELL|0001193125-26-385620|nonDerivative|2026-09-03|Silver Lake Partners V DE (AIV), L.P.|S|Class C Common Stock|2663|510.05|I",2026-09-11 04:29:41+0000,DELL,Dell Technologies Inc.,0001571996,4,2026-09-08,2026-09-03,0001193125-26-385620,https://www.sec.gov/Archives/edgar/data/1571996/000119312526385620/ownership.xml,nonDerivative,2026-09-03,S,Class C Common Stock,2663,510.05,1358263.1500000001,99733,I,"Silver Lake Partners V DE (AIV), L.P.",,true,false,true,,SEC EDGAR
"DELL|0001193125-26-385620|nonDerivative|2026-09-03|Silver Lake Partners V DE (AIV), L.P.|S|Class C Common Stock|3174|511.02|I",2026-09-11 04:29:41+0000,DELL,Dell Technologies Inc.,0001571996,4,2026-09-08,2026-09-03,0001193125-26-385620,https://www.sec.gov/Archives/edgar/data/1571996/000119312526385620/ownership.xml,nonDerivative,2026-09-03,S,Class C Common Stock,3174,511.02,1621977.48,96559,I,"Silver Lake Partners V DE (AIV), L.P.",,true,false,true,,SEC EDGAR
"DELL|0001193125-26-385620|nonDerivative|2026-09-03|Silver Lake Partners V DE (AIV), L.P.|S|Class C Common Stock|5134|512.10|I",2026-09-11 04:29:41+0000,DELL,Dell Technologies Inc.,0001571996,4,2026-09-08,2026-09-03,0001193125-26-385620,https://www.sec.gov/Archives/edgar/data/1571996/000119312526385620/ownership.xml,nonDerivative,2026-09-03,S,Class C Common Stock,5134,512.10,2629121.4,91425,I,"Silver Lake Partners V DE (AIV), L.P.",,true,false,true,,SEC EDGAR
"DELL|0001193125-26-385620|nonDerivative|2026-09-03|Silver Lake Partners V DE (AIV), L.P.|S|Class C Common Stock|5931|513.12|I",2026-09-11 04:29:41+0000,DELL,Dell Technologies Inc.,0001571996,4,2026-09-08,2026-09-03,0001193125-26-385620,https://www.sec.gov/Archives/edgar/data/1571996/000119312526385620/ownership.xml,nonDerivative,2026-09-03,S,Class C Common Stock,5931,513.12,3043314.72,85494,I,"Silver Lake Partners V DE (AIV), L.P.",,true,false,true,,SEC EDGAR
"DELL|0001193125-26-385620|derivative|2026-09-03|Silver Lake Partners V DE (AIV), L.P.|M|Class B Common Stock|124869|0|I",2026-09-11 04:29:41+0000,DELL,Dell Technologies Inc.,0001571996,4,2026-09-08,2026-09-03,0001193125-26-385620,https://www.sec.gov/Archives/edgar/data/1571996/000119312526385620/ownership.xml,derivative,2026-09-03,M,Class B Common Stock,124869,0,0.0,9186013,I,"Silver Lake Partners V DE (AIV), L.P.",,true,false,true,,SEC EDGAR
"DELL|0001193125-26-385619|nonDerivative|2026-09-03|Silver Lake Partners IV, L.P.|S|Class C Common Stock|8317|514.07|I",2026-09-11 04:29:41+0000,DELL,Dell Technologies Inc.,0001571996,4,2026-09-08,2026-09-03,0001193125-26-385619,https://www.sec.gov/Archives/edgar/data/1571996/000119312526385619/ownership.xml,nonDerivative,2026-09-03,S,Class C Common Stock,8317,514.07,4275520.19,147084,I,"Silver Lake Partners IV, L.P.",,true,false,true,,SEC EDGAR
"DELL|0001193125-26-385619|nonDerivative|2026-09-03|Silver Lake Partners IV, L.P.|S|Class C Common Stock|21383|515.10|I",2026-09-11 04:29:41+0000,DELL,Dell Technologies Inc.,0001571996,4,2026-09-08,2026-09-03,0001193125-26-385619,https://www.sec.gov/Archives/edgar/data/1571996/000119312526385619/ownership.xml,nonDerivative,2026-09-03,S,Class C Common Stock,21383,515.10,11014383.3,125701,I,"Silver Lake Partners IV, L.P.",,true,false,true,,SEC EDGAR
"DELL|0001193125-26-385619|nonDerivative|2026-09-03|Silver Lake Partners IV, L.P.|S|Class C Common Stock|16340|516.03|I",2026-09-11 04:29:41+0000,DELL,Dell Technologies Inc.,0001571996,4,2026-09-08,2026-09-03,0001193125-26-385619,https://www.sec.gov/Archives/edgar/data/1571996/000119312526385619/ownership.xml,nonDerivative,2026-09-03,S,Class C Common Stock,16340,516.03,8431930.2,109360,I,"Silver Lake Partners IV, L.P.",,true,false,true,,SEC EDGAR
"DELL|0001193125-26-385619|nonDerivative|2026-09-03|Silver Lake Partners IV, L.P.|S|Class C Common Stock|11584|517.04|I",2026-09-11 04:29:41+0000,DELL,Dell Technologies Inc.,0001571996,4,2026-09-08,2026-09-03,0001193125-26-385619,https://www.sec.gov/Archives/edgar/data/1571996/000119312526385619/ownership.xml,nonDerivative,2026-09-03,S,Class C Common Stock,11584,517.04,5989391.359999999,97776,I,"Silver Lake Partners IV, L.P.",,true,false,true,,SEC EDGAR
"DELL|0001193125-26-385619|nonDerivative|2026-09-03|Silver Lake Partners IV, L.P.|S|Class C Common Stock|6328|518.02|I",2026-09-11 04:29:41+0000,DELL,Dell Technologies Inc.,0001571996,4,2026-09-08,2026-09-03,0001193125-26-385619,https://www.sec.gov/Archives/edgar/data/1571996/000119312526385619/ownership.xml,nonDerivative,2026-09-03,S,Class C Common Stock,6328,518.02,3278030.56,91448,I,"Silver Lake Partners IV, L.P.",,true,false,true,,SEC EDGAR
"DELL|0001193125-26-385619|nonDerivative|2026-09-03|Silver Lake Partners IV, L.P.|S|Class C Common Stock|8337|519.16|I",2026-09-11 04:29:41+0000,DELL,Dell Technologies Inc.,0001571996,4,2026-09-08,2026-09-03,0001193125-26-385619,https://www.sec.gov/Archives/edgar/data/1571996/000119312526385619/ownership.xml,nonDerivative,2026-09-03,S,Class C Common Stock,8337,519.16,4328236.92,83111,I,"Silver Lake Partners IV, L.P.",,true,false,true,,SEC EDGAR
"DELL|0001193125-26-385619|nonDerivative|2026-09-03|Silver Lake Partners IV, L.P.|S|Class C Common Stock|10338|519.98|I",2026-09-11 04:29:41+0000,DELL,Dell Technologies Inc.,0001571996,4,2026-09-08,2026-09-03,0001193125-26-385619,https://www.sec.gov/Archives/edgar/data/1571996/000119312526385619/ownership.xml,nonDerivative,2026-09-03,S,Class C Common Stock,10338,519.98,5375553.24,72773,I,"Silver Lake Partners IV, L.P.",,true,false,true,,SEC EDGAR
"DELL|0001193125-26-385619|nonDerivative|2026-09-03|Silver Lake Partners IV, L.P.|S|Class C Common Stock|2652|521.11|I",2026-09-11 04:29:41+0000,DELL,Dell Technologies Inc.,0001571996,4,2026-09-08,2026-09-03,0001193125-26-385619,https://www.sec.gov/Archives/edgar/data/1571996/000119312526385619/ownership.xml,nonDerivative,2026-09-03,S,Class C Common Stock,2652,521.11,1381983.72,70121,I,"Silver Lake Partners IV, L.P.",,true,false,true,,SEC EDGAR
"DELL|0001193125-26-385619|nonDerivative|2026-09-03|Silver Lake Partners IV, L.P.|S|Class C Common Stock|652|522.06|I",2026-09-11 04:29:41+0000,DELL,Dell Technologies Inc.,0001571996,4,2026-09-08,2026-09-03,0001193125-26-385619,https://www.sec.gov/Archives/edgar/data/1571996/000119312526385619/ownership.xml,nonDerivative,2026-09-03,S,Class C Common Stock,652,522.06,340383.11999999994,69469,I,"Silver Lake Partners IV, L.P.",,true,false,true,,SEC EDGAR
"DELL|0001193125-26-385619|nonDerivative|2026-09-03|Silver Lake Partners IV, L.P.|S|Class C Common Stock|2018|523.13|I",2026-09-11 04:29:41+0000,DELL,Dell Technologies Inc.,0001571996,4,2026-09-08,2026-09-03,0001193125-26-385619,https://www.sec.gov/Archives/edgar/data/1571996/000119312526385619/ownership.xml,nonDerivative,2026-09-03,S,Class C Common Stock,2018,523.13,1055676.34,67451,I,"Silver Lake Partners IV, L.P.",,true,false,true,,SEC EDGAR
"DELL|0001193125-26-385619|nonDerivative|2026-09-03|Silver Lake Partners IV, L.P.|S|Class C Common Stock|551|523.70|I",2026-09-11 04:29:41+0000,DELL,Dell Technologies Inc.,0001571996,4,2026-09-08,2026-09-03,0001193125-26-385619,https://www.sec.gov/Archives/edgar/data/1571996/000119312526385619/ownership.xml,nonDerivative,2026-09-03,S,Class C Common Stock,551,523.70,288558.7,66900,I,"Silver Lake Partners IV, L.P.",,true,false,true,,SEC EDGAR
"DELL|0001193125-26-385619|nonDerivative|2026-09-03|Silver Lake Partners IV, L.P.|S|Class C Common Stock|782|525.07|I",2026-09-11 04:29:41+0000,DELL,Dell Technologies Inc.,0001571996,4,2026-09-08,2026-09-03,0001193125-26-385619,https://www.sec.gov/Archives/edgar/data/1571996/000119312526385619/ownership.xml,nonDerivative,2026-09-03,S,Class C Common Stock,782,525.07,410604.74000000005,66117,I,"Silver Lake Partners IV, L.P.",,true,false,true,,SEC EDGAR
"DELL|0001193125-26-385619|nonDerivative|2026-09-03|Silver Lake Partners IV, L.P.|S|Class C Common Stock|1584|526.87|I",2026-09-11 04:29:41+0000,DELL,Dell Technologies Inc.,0001571996,4,2026-09-08,2026-09-03,0001193125-26-385619,https://www.sec.gov/Archives/edgar/data/1571996/000119312526385619/ownership.xml,nonDerivative,2026-09-03,S,Class C Common Stock,1584,526.87,834562.08,64534,I,"Silver Lake Partners IV, L.P.",,true,false,true,,SEC EDGAR
"DELL|0001193125-26-385619|nonDerivative|2026-09-03|Silver Lake Partners IV, L.P.|S|Class C Common Stock|325|527.70|I",2026-09-11 04:29:41+0000,DELL,Dell Technologies Inc.,0001571996,4,2026-09-08,2026-09-03,0001193125-26-385619,https://www.sec.gov/Archives/edgar/data/1571996/000119312526385619/ownership.xml,nonDerivative,2026-09-03,S,Class C Common Stock,325,527.70,171502.50000000003,64209,I,"Silver Lake Partners IV, L.P.",,true,false,true,,SEC EDGAR
"DELL|0001193125-26-385610|nonDerivative|2026-09-03|Silver Lake Partners IV, L.P.|M|Class C Common Stock|230683||I",2026-09-11 04:29:41+0000,DELL,Dell Technologies Inc.,0001571996,4,2026-09-08,2026-09-03,0001193125-26-385610,https://www.sec.gov/Archives/edgar/data/1571996/000119312526385610/ownership.xml,nonDerivative,2026-09-03,M,Class C Common Stock,230683,,,230683,I,"Silver Lake Partners IV, L.P.",,true,false,true,,SEC EDGAR
"DELL|0001193125-26-385610|nonDerivative|2026-09-03|Silver Lake Partners IV, L.P.|S|Class C Common Stock|722|496.59|I",2026-09-11 04:29:41+0000,DELL,Dell Technologies Inc.,0001571996,4,2026-09-08,2026-09-03,0001193125-26-385610,https://www.sec.gov/Archives/edgar/data/1571996/000119312526385610/ownership.xml,nonDerivative,2026-09-03,S,Class C Common Stock,722,496.59,358537.98,229961,I,"Silver Lake Partners IV, L.P.",,true,false,true,,SEC EDGAR
"DELL|0001193125-26-385610|nonDerivative|2026-09-03|Silver Lake Partners IV, L.P.|S|Class C Common Stock|1277|497.62|I",2026-09-11 04:29:41+0000,DELL,Dell Technologies Inc.,0001571996,4,2026-09-08,2026-09-03,0001193125-26-385610,https://www.sec.gov/Archives/edgar/data/1571996/000119312526385610/ownership.xml,nonDerivative,2026-09-03,S,Class C Common Stock,1277,497.62,635460.74,228684,I,"Silver Lake Partners IV, L.P.",,true,false,true,,SEC EDGAR
"DELL|0001193125-26-385610|nonDerivative|2026-09-03|Silver Lake Partners IV, L.P.|S|Class C Common Stock|2397|498.62|I",2026-09-11 04:29:41+0000,DELL,Dell Technologies Inc.,0001571996,4,2026-09-08,2026-09-03,0001193125-26-385610,https://www.sec.gov/Archives/edgar/data/1571996/000119312526385610/ownership.xml,nonDerivative,2026-09-03,S,Class C Common Stock,2397,498.62,1195192.14,226288,I,"Silver Lake Partners IV, L.P.",,true,false,true,,SEC EDGAR
"DELL|0001193125-26-385610|nonDerivative|2026-09-03|Silver Lake Partners IV, L.P.|S|Class C Common Stock|1310|499.83|I",2026-09-11 04:29:41+0000,DELL,Dell Technologies Inc.,0001571996,4,2026-09-08,2026-09-03,0001193125-26-385610,https://www.sec.gov/Archives/edgar/data/1571996/000119312526385610/ownership.xml,nonDerivative,2026-09-03,S,Class C Common Stock,1310,499.83,654777.2999999999,224977,I,"Silver Lake Partners IV, L.P.",,true,false,true,,SEC EDGAR
"DELL|0001193125-26-385610|nonDerivative|2026-09-03|Silver Lake Partners IV, L.P.|S|Class C Common Stock|1878|501.07|I",2026-09-11 04:29:41+0000,DELL,Dell Technologies Inc.,0001571996,4,2026-09-08,2026-09-03,0001193125-26-385610,https://www.sec.gov/Archives/edgar/data/1571996/000119312526385610/ownership.xml,nonDerivative,2026-09-03,S,Class C Common Stock,1878,501.07,941009.46,223100,I,"Silver Lake Partners IV, L.P.",,true,false,true,,SEC EDGAR
"DELL|0001193125-26-385610|nonDerivative|2026-09-03|Silver Lake Partners IV, L.P.|S|Class C Common Stock|4865|501.84|I",2026-09-11 04:29:41+0000,DELL,Dell Technologies Inc.,0001571996,4,2026-09-08,2026-09-03,0001193125-26-385610,https://www.sec.gov/Archives/edgar/data/1571996/000119312526385610/ownership.xml,nonDerivative,2026-09-03,S,Class C Common Stock,4865,501.84,2441451.6,218235,I,"Silver Lake Partners IV, L.P.",,true,false,true,,SEC EDGAR
"DELL|0001193125-26-385610|nonDerivative|2026-09-03|Silver Lake Partners IV, L.P.|S|Class C Common Stock|3783|503.04|I",2026-09-11 04:29:41+0000,DELL,Dell Technologies Inc.,0001571996,4,2026-09-08,2026-09-03,0001193125-26-385610,https://www.sec.gov/Archives/edgar/data/1571996/000119312526385610/ownership.xml,nonDerivative,2026-09-03,S,Class C Common Stock,3783,503.04,1903000.32,214452,I,"Silver Lake Partners IV, L.P.",,true,false,true,,SEC EDGAR
"DELL|0001193125-26-385610|nonDerivative|2026-09-03|Silver Lake Partners IV, L.P.|S|Class C Common Stock|3599|503.95|I",2026-09-11 04:29:41+0000,DELL,Dell Technologies Inc.,0001571996,4,2026-09-08,2026-09-03,0001193125-26-385610,https://www.sec.gov/Archives/edgar/data/1571996/000119312526385610/ownership.xml,nonDerivative,2026-09-03,S,Class C Common Stock,3599,503.95,1813716.05,210854,I,"Silver Lake Partners IV, L.P.",,true,false,true,,SEC EDGAR
"DELL|0001193125-26-385610|nonDerivative|2026-09-03|Silver Lake Partners IV, L.P.|S|Class C Common Stock|5846|504.91|I",2026-09-11 04:29:41+0000,DELL,Dell Technologies Inc.,0001571996,4,2026-09-08,2026-09-03,0001193125-26-385610,https://www.sec.gov/Archives/edgar/data/1571996/000119312526385610/ownership.xml,nonDerivative,2026-09-03,S,Class C Common Stock,5846,504.91,2951703.8600000003,205007,I,"Silver Lake Partners IV, L.P.",,true,false,true,,SEC EDGAR
"DELL|0001193125-26-385610|nonDerivative|2026-09-03|Silver Lake Partners IV, L.P.|S|Class C Common Stock|4124|505.94|I",2026-09-11 04:29:41+0000,DELL,Dell Technologies Inc.,0001571996,4,2026-09-08,2026-09-03,0001193125-26-385610,https://www.sec.gov/Archives/edgar/data/1571996/000119312526385610/ownership.xml,nonDerivative,2026-09-03,S,Class C Common Stock,4124,505.94,2086496.56,200884,I,"Silver Lake Partners IV, L.P.",,true,false,true,,SEC EDGAR
"DELL|0001193125-26-385610|nonDerivative|2026-09-03|Silver Lake Partners IV, L.P.|S|Class C Common Stock|3449|507.15|I",2026-09-11 04:29:41+0000,DELL,Dell Technologies Inc.,0001571996,4,2026-09-08,2026-09-03,0001193125-26-385610,https://www.sec.gov/Archives/edgar/data/1571996/000119312526385610/ownership.xml,nonDerivative,2026-09-03,S,Class C Common Stock,3449,507.15,1749160.3499999999,197435,I,"Silver Lake Partners IV, L.P.",,true,false,true,,SEC EDGAR
"DELL|0001193125-26-385610|nonDerivative|2026-09-03|Silver Lake Partners IV, L.P.|S|Class C Common Stock|6097|508.06|I",2026-09-11 04:29:41+0000,DELL,Dell Technologies Inc.,0001571996,4,2026-09-08,2026-09-03,0001193125-26-385610,https://www.sec.gov/Archives/edgar/data/1571996/000119312526385610/ownership.xml,nonDerivative,2026-09-03,S,Class C Common Stock,6097,508.06,3097641.82,191338,I,"Silver Lake Partners IV, L.P.",,true,false,true,,SEC EDGAR
"DELL|0001193125-26-385610|nonDerivative|2026-09-03|Silver Lake Partners IV, L.P.|S|Class C Common Stock|3624|509.02|I",2026-09-11 04:29:41+0000,DELL,Dell Technologies Inc.,0001571996,4,2026-09-08,2026-09-03,0001193125-26-385610,https://www.sec.gov/Archives/edgar/data/1571996/000119312526385610/ownership.xml,nonDerivative,2026-09-03,S,Class C Common Stock,3624,509.02,1844688.48,187714,I,"Silver Lake Partners IV, L.P.",,true,false,true,,SEC EDGAR
"DELL|0001193125-26-385610|nonDerivative|2026-09-03|Silver Lake Partners IV, L.P.|S|Class C Common Stock|5091|510.05|I",2026-09-11 04:29:41+0000,DELL,Dell Technologies Inc.,0001571996,4,2026-09-08,2026-09-03,0001193125-26-385610,https://www.sec.gov/Archives/edgar/data/1571996/000119312526385610/ownership.xml,nonDerivative,2026-09-03,S,Class C Common Stock,5091,510.05,2596664.5500000003,182624,I,"Silver Lake Partners IV, L.P.",,true,false,true,,SEC EDGAR
"DELL|0001193125-26-385610|nonDerivative|2026-09-03|Silver Lake Partners IV, L.P.|S|Class C Common Stock|6068|511.02|I",2026-09-11 04:29:41+0000,DELL,Dell Technologies Inc.,0001571996,4,2026-09-08,2026-09-03,0001193125-26-385610,https://www.sec.gov/Archives/edgar/data/1571996/000119312526385610/ownership.xml,nonDerivative,2026-09-03,S,Class C Common Stock,6068,511.02,3100869.36,176556,I,"Silver Lake Partners IV, L.P.",,true,false,true,,SEC EDGAR
"DELL|0001193125-26-385610|nonDerivative|2026-09-03|Silver Lake Partners IV, L.P.|S|Class C Common Stock|9815|512.10|I",2026-09-11 04:29:41+0000,DELL,Dell Technologies Inc.,0001571996,4,2026-09-08,2026-09-03,0001193125-26-385610,https://www.sec.gov/Archives/edgar/data/1571996/000119312526385610/ownership.xml,nonDerivative,2026-09-03,S,Class C Common Stock,9815,512.10,5026261.5,166740,I,"Silver Lake Partners IV, L.P.",,true,false,true,,SEC EDGAR
"DELL|0001193125-26-385610|nonDerivative|2026-09-03|Silver Lake Partners IV, L.P.|S|Class C Common Stock|11340|513.12|I",2026-09-11 04:29:41+0000,DELL,Dell Technologies Inc.,0001571996,4,2026-09-08,2026-09-03,0001193125-26-385610,https://www.sec.gov/Archives/edgar/data/1571996/000119312526385610/ownership.xml,nonDerivative,2026-09-03,S,Class C Common Stock,11340,513.12,5818780.8,155401,I,"Silver Lake Partners IV, L.P.",,true,false,true,,SEC EDGAR
"DELL|0001193125-26-385610|derivative|2026-09-03|Silver Lake Partners IV, L.P.|M|Class B Common Stock|230683|0|I",2026-09-11 04:29:41+0000,DELL,Dell Technologies Inc.,0001571996,4,2026-09-08,2026-09-03,0001193125-26-385610,https://www.sec.gov/Archives/edgar/data/1571996/000119312526385610/ownership.xml,derivative,2026-09-03,M,Class B Common Stock,230683,0,0.0,16970320,I,"Silver Lake Partners IV, L.P.",,true,false,true,,SEC EDGAR
"DELL|0001193125-26-385643|nonDerivative|2026-09-03|SL SPV-2, L.P.|S|Class C Common Stock|7570|514.07|I",2026-09-11 04:29:41+0000,DELL,Dell Technologies Inc.,0001571996,4,2026-09-08,2026-09-03,0001193125-26-385643,https://www.sec.gov/Archives/edgar/data/1571996/000119312526385643/ownership.xml,nonDerivative,2026-09-03,S,Class C Common Stock,7570,514.07,3891509.9000000004,148621,I,"SL SPV-2, L.P.",,true,false,true,,SEC EDGAR
"DELL|0001193125-26-385643|nonDerivative|2026-09-03|SL SPV-2, L.P.|S|Class C Common Stock|19464|515.10|I",2026-09-11 04:29:41+0000,DELL,Dell Technologies Inc.,0001571996,4,2026-09-08,2026-09-03,0001193125-26-385643,https://www.sec.gov/Archives/edgar/data/1571996/000119312526385643/ownership.xml,nonDerivative,2026-09-03,S,Class C Common Stock,19464,515.10,10025906.4,129157,I,"SL SPV-2, L.P.",,true,false,true,,SEC EDGAR
"DELL|0001193125-26-385643|nonDerivative|2026-09-03|SL SPV-2, L.P.|S|Class C Common Stock|14874|516.03|I",2026-09-11 04:29:41+0000,DELL,Dell Technologies Inc.,0001571996,4,2026-09-08,2026-09-03,0001193125-26-385643,https://www.sec.gov/Archives/edgar/data/1571996/000119312526385643/ownership.xml,nonDerivative,2026-09-03,S,Class C Common Stock,14874,516.03,7675430.22,114284,I,"SL SPV-2, L.P.",,true,false,true,,SEC EDGAR
"DELL|0001193125-26-385643|nonDerivative|2026-09-03|SL SPV-2, L.P.|S|Class C Common Stock|10544|517.04|I",2026-09-11 04:29:41+0000,DELL,Dell Technologies Inc.,0001571996,4,2026-09-08,2026-09-03,0001193125-26-385643,https://www.sec.gov/Archives/edgar/data/1571996/000119312526385643/ownership.xml,nonDerivative,2026-09-03,S,Class C Common Stock,10544,517.04,5451669.76,103739,I,"SL SPV-2, L.P.",,true,false,true,,SEC EDGAR
"DELL|0001193125-26-385643|nonDerivative|2026-09-03|SL SPV-2, L.P.|S|Class C Common Stock|5760|518.02|I",2026-09-11 04:29:41+0000,DELL,Dell Technologies Inc.,0001571996,4,2026-09-08,2026-09-03,0001193125-26-385643,https://www.sec.gov/Archives/edgar/data/1571996/000119312526385643/ownership.xml,nonDerivative,2026-09-03,S,Class C Common Stock,5760,518.02,2983795.1999999997,97979,I,"SL SPV-2, L.P.",,true,false,true,,SEC EDGAR
"DELL|0001193125-26-385643|nonDerivative|2026-09-03|SL SPV-2, L.P.|S|Class C Common Stock|7589|519.16|I",2026-09-11 04:29:41+0000,DELL,Dell Technologies Inc.,0001571996,4,2026-09-08,2026-09-03,0001193125-26-385643,https://www.sec.gov/Archives/edgar/data/1571996/000119312526385643/ownership.xml,nonDerivative,2026-09-03,S,Class C Common Stock,7589,519.16,3939905.2399999998,90390,I,"SL SPV-2, L.P.",,true,false,true,,SEC EDGAR
"DELL|0001193125-26-385643|nonDerivative|2026-09-03|SL SPV-2, L.P.|S|Class C Common Stock|9410|519.98|I",2026-09-11 04:29:41+0000,DELL,Dell Technologies Inc.,0001571996,4,2026-09-08,2026-09-03,0001193125-26-385643,https://www.sec.gov/Archives/edgar/data/1571996/000119312526385643/ownership.xml,nonDerivative,2026-09-03,S,Class C Common Stock,9410,519.98,4893011.8,80980,I,"SL SPV-2, L.P.",,true,false,true,,SEC EDGAR
"DELL|0001193125-26-385643|nonDerivative|2026-09-03|SL SPV-2, L.P.|S|Class C Common Stock|2414|521.11|I",2026-09-11 04:29:41+0000,DELL,Dell Technologies Inc.,0001571996,4,2026-09-08,2026-09-03,0001193125-26-385643,https://www.sec.gov/Archives/edgar/data/1571996/000119312526385643/ownership.xml,nonDerivative,2026-09-03,S,Class C Common Stock,2414,521.11,1257959.54,78566,I,"SL SPV-2, L.P.",,true,false,true,,SEC EDGAR
"DELL|0001193125-26-385643|nonDerivative|2026-09-03|SL SPV-2, L.P.|S|Class C Common Stock|594|522.06|I",2026-09-11 04:29:41+0000,DELL,Dell Technologies Inc.,0001571996,4,2026-09-08,2026-09-03,0001193125-26-385643,https://www.sec.gov/Archives/edgar/data/1571996/000119312526385643/ownership.xml,nonDerivative,2026-09-03,S,Class C Common Stock,594,522.06,310103.63999999996,77973,I,"SL SPV-2, L.P.",,true,false,true,,SEC EDGAR
"DELL|0001193125-26-385643|nonDerivative|2026-09-03|SL SPV-2, L.P.|S|Class C Common Stock|1836|523.13|I",2026-09-11 04:29:41+0000,DELL,Dell Technologies Inc.,0001571996,4,2026-09-08,2026-09-03,0001193125-26-385643,https://www.sec.gov/Archives/edgar/data/1571996/000119312526385643/ownership.xml,nonDerivative,2026-09-03,S,Class C Common Stock,1836,523.13,960466.6799999999,76136,I,"SL SPV-2, L.P.",,true,false,true,,SEC EDGAR
"DELL|0001193125-26-385643|nonDerivative|2026-09-03|SL SPV-2, L.P.|S|Class C Common Stock|502|523.70|I",2026-09-11 04:29:41+0000,DELL,Dell Technologies Inc.,0001571996,4,2026-09-08,2026-09-03,0001193125-26-385643,https://www.sec.gov/Archives/edgar/data/1571996/000119312526385643/ownership.xml,nonDerivative,2026-09-03,S,Class C Common Stock,502,523.70,262897.4,75634,I,"SL SPV-2, L.P.",,true,false,true,,SEC EDGAR
"DELL|0001193125-26-385643|nonDerivative|2026-09-03|SL SPV-2, L.P.|S|Class C Common Stock|712|525.07|I",2026-09-11 04:29:41+0000,DELL,Dell Technologies Inc.,0001571996,4,2026-09-08,2026-09-03,0001193125-26-385643,https://www.sec.gov/Archives/edgar/data/1571996/000119312526385643/ownership.xml,nonDerivative,2026-09-03,S,Class C Common Stock,712,525.07,373849.84,74922,I,"SL SPV-2, L.P.",,true,false,true,,SEC EDGAR
"DELL|0001193125-26-385643|nonDerivative|2026-09-03|SL SPV-2, L.P.|S|Class C Common Stock|1441|526.87|I",2026-09-11 04:29:41+0000,DELL,Dell Technologies Inc.,0001571996,4,2026-09-08,2026-09-03,0001193125-26-385643,https://www.sec.gov/Archives/edgar/data/1571996/000119312526385643/ownership.xml,nonDerivative,2026-09-03,S,Class C Common Stock,1441,526.87,759219.67,73481,I,"SL SPV-2, L.P.",,true,false,true,,SEC EDGAR
"DELL|0001193125-26-385643|nonDerivative|2026-09-03|SL SPV-2, L.P.|S|Class C Common Stock|296|527.70|I",2026-09-11 04:29:41+0000,DELL,Dell Technologies Inc.,0001571996,4,2026-09-08,2026-09-03,0001193125-26-385643,https://www.sec.gov/Archives/edgar/data/1571996/000119312526385643/ownership.xml,nonDerivative,2026-09-03,S,Class C Common Stock,296,527.70,156199.2,73185,I,"SL SPV-2, L.P.",,true,false,true,,SEC EDGAR
"DELL|0001193125-26-385637|nonDerivative|2026-09-03|SL SPV-2, L.P.|M|Class C Common Stock|224716||I",2026-09-11 04:29:41+0000,DELL,Dell Technologies Inc.,0001571996,4,2026-09-08,2026-09-03,0001193125-26-385637,https://www.sec.gov/Archives/edgar/data/1571996/000119312526385637/ownership.xml,nonDerivative,2026-09-03,M,Class C Common Stock,224716,,,224716,I,"SL SPV-2, L.P.",,true,false,true,,SEC EDGAR
"DELL|0001193125-26-385637|nonDerivative|2026-09-03|SL SPV-2, L.P.|S|Class C Common Stock|657|496.59|I",2026-09-11 04:29:41+0000,DELL,Dell Technologies Inc.,0001571996,4,2026-09-08,2026-09-03,0001193125-26-385637,https://www.sec.gov/Archives/edgar/data/1571996/000119312526385637/ownership.xml,nonDerivative,2026-09-03,S,Class C Common Stock,657,496.59,326259.63,224059,I,"SL SPV-2, L.P.",,true,false,true,,SEC EDGAR
"DELL|0001193125-26-385637|nonDerivative|2026-09-03|SL SPV-2, L.P.|S|Class C Common Stock|1162|497.62|I",2026-09-11 04:29:41+0000,DELL,Dell Technologies Inc.,0001571996,4,2026-09-08,2026-09-03,0001193125-26-385637,https://www.sec.gov/Archives/edgar/data/1571996/000119312526385637/ownership.xml,nonDerivative,2026-09-03,S,Class C Common Stock,1162,497.62,578234.4400000001,222897,I,"SL SPV-2, L.P.",,true,false,true,,SEC EDGAR
"DELL|0001193125-26-385637|nonDerivative|2026-09-03|SL SPV-2, L.P.|S|Class C Common Stock|2182|498.62|I",2026-09-11 04:29:41+0000,DELL,Dell Technologies Inc.,0001571996,4,2026-09-08,2026-09-03,0001193125-26-385637,https://www.sec.gov/Archives/edgar/data/1571996/000119312526385637/ownership.xml,nonDerivative,2026-09-03,S,Class C Common Stock,2182,498.62,1087988.84,220715,I,"SL SPV-2, L.P.",,true,false,true,,SEC EDGAR
"DELL|0001193125-26-385637|nonDerivative|2026-09-03|SL SPV-2, L.P.|S|Class C Common Stock|1193|499.83|I",2026-09-11 04:29:41+0000,DELL,Dell Technologies Inc.,0001571996,4,2026-09-08,2026-09-03,0001193125-26-385637,https://www.sec.gov/Archives/edgar/data/1571996/000119312526385637/ownership.xml,nonDerivative,2026-09-03,S,Class C Common Stock,1193,499.83,596297.19,219523,I,"SL SPV-2, L.P.",,true,false,true,,SEC EDGAR
"DELL|0001193125-26-385637|nonDerivative|2026-09-03|SL SPV-2, L.P.|S|Class C Common Stock|1709|501.07|I",2026-09-11 04:29:41+0000,DELL,Dell Technologies Inc.,0001571996,4,2026-09-08,2026-09-03,0001193125-26-385637,https://www.sec.gov/Archives/edgar/data/1571996/000119312526385637/ownership.xml,nonDerivative,2026-09-03,S,Class C Common Stock,1709,501.07,856328.63,217814,I,"SL SPV-2, L.P.",,true,false,true,,SEC EDGAR
"DELL|0001193125-26-385637|nonDerivative|2026-09-03|SL SPV-2, L.P.|S|Class C Common Stock|4428|501.84|I",2026-09-11 04:29:41+0000,DELL,Dell Technologies Inc.,0001571996,4,2026-09-08,2026-09-03,0001193125-26-385637,https://www.sec.gov/Archives/edgar/data/1571996/000119312526385637/ownership.xml,nonDerivative,2026-09-03,S,Class C Common Stock,4428,501.84,2222147.52,213386,I,"SL SPV-2, L.P.",,true,false,true,,SEC EDGAR
"DELL|0001193125-26-385637|nonDerivative|2026-09-03|SL SPV-2, L.P.|S|Class C Common Stock|3443|503.04|I",2026-09-11 04:29:41+0000,DELL,Dell Technologies Inc.,0001571996,4,2026-09-08,2026-09-03,0001193125-26-385637,https://www.sec.gov/Archives/edgar/data/1571996/000119312526385637/ownership.xml,nonDerivative,2026-09-03,S,Class C Common Stock,3443,503.04,1731966.72,209942,I,"SL SPV-2, L.P.",,true,false,true,,SEC EDGAR
"DELL|0001193125-26-385637|nonDerivative|2026-09-03|SL SPV-2, L.P.|S|Class C Common Stock|3276|503.95|I",2026-09-11 04:29:41+0000,DELL,Dell Technologies Inc.,0001571996,4,2026-09-08,2026-09-03,0001193125-26-385637,https://www.sec.gov/Archives/edgar/data/1571996/000119312526385637/ownership.xml,nonDerivative,2026-09-03,S,Class C Common Stock,3276,503.95,1650940.2,206666,I,"SL SPV-2, L.P.",,true,false,true,,SEC EDGAR
"DELL|0001193125-26-385637|nonDerivative|2026-09-03|SL SPV-2, L.P.|S|Class C Common Stock|5321|504.91|I",2026-09-11 04:29:41+0000,DELL,Dell Technologies Inc.,0001571996,4,2026-09-08,2026-09-03,0001193125-26-385637,https://www.sec.gov/Archives/edgar/data/1571996/000119312526385637/ownership.xml,nonDerivative,2026-09-03,S,Class C Common Stock,5321,504.91,2686626.1100000003,201345,I,"SL SPV-2, L.P.",,true,false,true,,SEC EDGAR
"DELL|0001193125-26-385637|nonDerivative|2026-09-03|SL SPV-2, L.P.|S|Class C Common Stock|3754|505.94|I",2026-09-11 04:29:41+0000,DELL,Dell Technologies Inc.,0001571996,4,2026-09-08,2026-09-03,0001193125-26-385637,https://www.sec.gov/Archives/edgar/data/1571996/000119312526385637/ownership.xml,nonDerivative,2026-09-03,S,Class C Common Stock,3754,505.94,1899298.76,197592,I,"SL SPV-2, L.P.",,true,false,true,,SEC EDGAR
"DELL|0001193125-26-385637|nonDerivative|2026-09-03|SL SPV-2, L.P.|S|Class C Common Stock|3139|507.15|I",2026-09-11 04:29:41+0000,DELL,Dell Technologies Inc.,0001571996,4,2026-09-08,2026-09-03,0001193125-26-385637,https://www.sec.gov/Archives/edgar/data/1571996/000119312526385637/ownership.xml,nonDerivative,2026-09-03,S,Class C Common Stock,3139,507.15,1591943.8499999999,194452,I,"SL SPV-2, L.P.",,true,false,true,,SEC EDGAR
"DELL|0001193125-26-385637|nonDerivative|2026-09-03|SL SPV-2, L.P.|S|Class C Common Stock|5549|508.06|I",2026-09-11 04:29:41+0000,DELL,Dell Technologies Inc.,0001571996,4,2026-09-08,2026-09-03,0001193125-26-385637,https://www.sec.gov/Archives/edgar/data/1571996/000119312526385637/ownership.xml,nonDerivative,2026-09-03,S,Class C Common Stock,5549,508.06,2819224.94,188903,I,"SL SPV-2, L.P.",,true,false,true,,SEC EDGAR
"DELL|0001193125-26-385637|nonDerivative|2026-09-03|SL SPV-2, L.P.|S|Class C Common Stock|3299|509.02|I",2026-09-11 04:29:41+0000,DELL,Dell Technologies Inc.,0001571996,4,2026-09-08,2026-09-03,0001193125-26-385637,https://www.sec.gov/Archives/edgar/data/1571996/000119312526385637/ownership.xml,nonDerivative,2026-09-03,S,Class C Common Stock,3299,509.02,1679256.98,185604,I,"SL SPV-2, L.P.",,true,false,true,,SEC EDGAR
"DELL|0001193125-26-385637|nonDerivative|2026-09-03|SL SPV-2, L.P.|S|Class C Common Stock|4634|510.05|I",2026-09-11 04:29:41+0000,DELL,Dell Technologies Inc.,0001571996,4,2026-09-08,2026-09-03,0001193125-26-385637,https://www.sec.gov/Archives/edgar/data/1571996/000119312526385637/ownership.xml,nonDerivative,2026-09-03,S,Class C Common Stock,4634,510.05,2363571.7,180970,I,"SL SPV-2, L.P.",,true,false,true,,SEC EDGAR
"DELL|0001193125-26-385637|nonDerivative|2026-09-03|SL SPV-2, L.P.|S|Class C Common Stock|5523|511.02|I",2026-09-11 04:29:41+0000,DELL,Dell Technologies Inc.,0001571996,4,2026-09-08,2026-09-03,0001193125-26-385637,https://www.sec.gov/Archives/edgar/data/1571996/000119312526385637/ownership.xml,nonDerivative,2026-09-03,S,Class C Common Stock,5523,511.02,2822363.46,175447,I,"SL SPV-2, L.P.",,true,false,true,,SEC EDGAR
"DELL|0001193125-26-385637|nonDerivative|2026-09-03|SL SPV-2, L.P.|S|Class C Common Stock|8934|512.10|I",2026-09-11 04:29:41+0000,DELL,Dell Technologies Inc.,0001571996,4,2026-09-08,2026-09-03,0001193125-26-385637,https://www.sec.gov/Archives/edgar/data/1571996/000119312526385637/ownership.xml,nonDerivative,2026-09-03,S,Class C Common Stock,8934,512.10,4575101.4,166513,I,"SL SPV-2, L.P.",,true,false,true,,SEC EDGAR
"DELL|0001193125-26-385637|nonDerivative|2026-09-03|SL SPV-2, L.P.|S|Class C Common Stock|10322|513.12|I",2026-09-11 04:29:41+0000,DELL,Dell Technologies Inc.,0001571996,4,2026-09-08,2026-09-03,0001193125-26-385637,https://www.sec.gov/Archives/edgar/data/1571996/000119312526385637/ownership.xml,nonDerivative,2026-09-03,S,Class C Common Stock,10322,513.12,5296424.64,156191,I,"SL SPV-2, L.P.",,true,false,true,,SEC EDGAR
"DELL|0001193125-26-385637|derivative|2026-09-03|SL SPV-2, L.P.|M|Class B Common Stock|224716|0|I",2026-09-11 04:29:41+0000,DELL,Dell Technologies Inc.,0001571996,4,2026-09-08,2026-09-03,0001193125-26-385637,https://www.sec.gov/Archives/edgar/data/1571996/000119312526385637/ownership.xml,derivative,2026-09-03,M,Class B Common Stock,224716,0,0.0,16531410,I,"SL SPV-2, L.P.",,true,false,true,,SEC EDGAR
DDOG|0001561550-26-000304|nonDerivative|2026-09-03|Richardson Julie|C|Class A Common Stock|5625|0|D,2026-09-11 04:29:41+0000,DDOG,"Datadog, Inc.",0001561550,4,2026-09-08,2026-09-03,0001561550-26-000304,https://www.sec.gov/Archives/edgar/data/1561550/000156155026000304/wk-form4_1788900334.xml,nonDerivative,2026-09-03,C,Class A Common Stock,5625,0,0.0,8803,D,Richardson Julie,Director,1,0,0,,SEC EDGAR
DDOG|0001561550-26-000304|nonDerivative|2026-09-03|Richardson Julie|S|Class A Common Stock|5625|220|D,2026-09-11 04:29:41+0000,DDOG,"Datadog, Inc.",0001561550,4,2026-09-08,2026-09-03,0001561550-26-000304,https://www.sec.gov/Archives/edgar/data/1561550/000156155026000304/wk-form4_1788900334.xml,nonDerivative,2026-09-03,S,Class A Common Stock,5625,220,1237500.0,3178,D,Richardson Julie,Director,1,0,0,,SEC EDGAR
DDOG|0001561550-26-000304|derivative|2026-09-03|Richardson Julie|M|Stock Option (Right to Buy)|5625|0|D,2026-09-11 04:29:41+0000,DDOG,"Datadog, Inc.",0001561550,4,2026-09-08,2026-09-03,0001561550-26-000304,https://www.sec.gov/Archives/edgar/data/1561550/000156155026000304/wk-form4_1788900334.xml,derivative,2026-09-03,M,Stock Option (Right to Buy),5625,0,0.0,22503,D,Richardson Julie,Director,1,0,0,,SEC EDGAR
DDOG|0001561550-26-000304|derivative|2026-09-03|Richardson Julie|M|Class B Common Stock|5625|7.9567|D,2026-09-11 04:29:41+0000,DDOG,"Datadog, Inc.",0001561550,4,2026-09-08,2026-09-03,0001561550-26-000304,https://www.sec.gov/Archives/edgar/data/1561550/000156155026000304/wk-form4_1788900334.xml,derivative,2026-09-03,M,Class B Common Stock,5625,7.9567,44756.4375,5625,D,Richardson Julie,Director,1,0,0,,SEC EDGAR
DDOG|0001561550-26-000304|derivative|2026-09-03|Richardson Julie|C|Class B Common Stock|5625|0|D,2026-09-11 04:29:41+0000,DDOG,"Datadog, Inc.",0001561550,4,2026-09-08,2026-09-03,0001561550-26-000304,https://www.sec.gov/Archives/edgar/data/1561550/000156155026000304/wk-form4_1788900334.xml,derivative,2026-09-03,C,Class B Common Stock,5625,0,0.0,0,D,Richardson Julie,Director,1,0,0,,SEC EDGAR
DDOG|0001561550-26-000303|nonDerivative|2026-09-03|Blitzer Adam|S|Class A Common Stock|300|211.6833|D,2026-09-11 04:29:41+0000,DDOG,"Datadog, Inc.",0001561550,4,2026-09-08,2026-09-03,0001561550-26-000303,https://www.sec.gov/Archives/edgar/data/1561550/000156155026000303/wk-form4_1788900329.xml,nonDerivative,2026-09-03,S,Class A Common Stock,300,211.6833,63504.99,249659,D,Blitzer Adam,"Officer, Chief Operating Officer",0,1,0,Chief Operating Officer,SEC EDGAR
DDOG|0001561550-26-000303|nonDerivative|2026-09-03|Blitzer Adam|S|Class A Common Stock|700|212.7557|D,2026-09-11 04:29:41+0000,DDOG,"Datadog, Inc.",0001561550,4,2026-09-08,2026-09-03,0001561550-26-000303,https://www.sec.gov/Archives/edgar/data/1561550/000156155026000303/wk-form4_1788900329.xml,nonDerivative,2026-09-03,S,Class A Common Stock,700,212.7557,148928.99,248959,D,Blitzer Adam,"Officer, Chief Operating Officer",0,1,0,Chief Operating Officer,SEC EDGAR
DDOG|0001561550-26-000303|nonDerivative|2026-09-03|Blitzer Adam|S|Class A Common Stock|5002|213.9434|D,2026-09-11 04:29:41+0000,DDOG,"Datadog, Inc.",0001561550,4,2026-09-08,2026-09-03,0001561550-26-000303,https://www.sec.gov/Archives/edgar/data/1561550/000156155026000303/wk-form4_1788900329.xml,nonDerivative,2026-09-03,S,Class A Common Stock,5002,213.9434,1070144.8868,243957,D,Blitzer Adam,"Officer, Chief Operating Officer",0,1,0,Chief Operating Officer,SEC EDGAR
DDOG|0001561550-26-000303|nonDerivative|2026-09-03|Blitzer Adam|S|Class A Common Stock|4730|214.7283|D,2026-09-11 04:29:41+0000,DDOG,"Datadog, Inc.",0001561550,4,2026-09-08,2026-09-03,0001561550-26-000303,https://www.sec.gov/Archives/edgar/data/1561550/000156155026000303/wk-form4_1788900329.xml,nonDerivative,2026-09-03,S,Class A Common Stock,4730,214.7283,1015664.8589999999,239227,D,Blitzer Adam,"Officer, Chief Operating Officer",0,1,0,Chief Operating Officer,SEC EDGAR
DDOG|0001561550-26-000303|nonDerivative|2026-09-03|Blitzer Adam|S|Class A Common Stock|993|215.6074|D,2026-09-11 04:29:41+0000,DDOG,"Datadog, Inc.",0001561550,4,2026-09-08,2026-09-03,0001561550-26-000303,https://www.sec.gov/Archives/edgar/data/1561550/000156155026000303/wk-form4_1788900329.xml,nonDerivative,2026-09-03,S,Class A Common Stock,993,215.6074,214098.14820000003,238234,D,Blitzer Adam,"Officer, Chief Operating Officer",0,1,0,Chief Operating Officer,SEC EDGAR
DDOG|0001561550-26-000303|nonDerivative|2026-09-03|Blitzer Adam|S|Class A Common Stock|107|217.175|D,2026-09-11 04:29:41+0000,DDOG,"Datadog, Inc.",0001561550,4,2026-09-08,2026-09-03,0001561550-26-000303,https://www.sec.gov/Archives/edgar/data/1561550/000156155026000303/wk-form4_1788900329.xml,nonDerivative,2026-09-03,S,Class A Common Stock,107,217.175,23237.725000000002,238127,D,Blitzer Adam,"Officer, Chief Operating Officer",0,1,0,Chief Operating Officer,SEC EDGAR
DDOG|0001561550-26-000303|nonDerivative|2026-09-03|Blitzer Adam|S|Class A Common Stock|100|217.80|D,2026-09-11 04:29:41+0000,DDOG,"Datadog, Inc.",0001561550,4,2026-09-08,2026-09-03,0001561550-26-000303,https://www.sec.gov/Archives/edgar/data/1561550/000156155026000303/wk-form4_1788900329.xml,nonDerivative,2026-09-03,S,Class A Common Stock,100,217.80,21780.0,238027,D,Blitzer Adam,"Officer, Chief Operating Officer",0,1,0,Chief Operating Officer,SEC EDGAR
DDOG|0001561550-26-000303|nonDerivative|2026-09-03|Blitzer Adam|S|Class A Common Stock|100|220.15|D,2026-09-11 04:29:41+0000,DDOG,"Datadog, Inc.",0001561550,4,2026-09-08,2026-09-03,0001561550-26-000303,https://www.sec.gov/Archives/edgar/data/1561550/000156155026000303/wk-form4_1788900329.xml,nonDerivative,2026-09-03,S,Class A Common Stock,100,220.15,22015.0,237927,D,Blitzer Adam,"Officer, Chief Operating Officer",0,1,0,Chief Operating Officer,SEC EDGAR
DASH|0001832617-26-000012|derivative|2026-09-03|Xu Tony|J|Class B Common Stock|31428|0|D,2026-09-11 04:29:41+0000,DASH,"DoorDash, Inc.",0001792789,4,2026-09-08,2026-09-03,0001832617-26-000012,https://www.sec.gov/Archives/edgar/data/1792789/000183261726000012/form4-09082026_040901.xml,derivative,2026-09-03,J,Class B Common Stock,31428,0,0.0,3557021,D,Xu Tony,CHIEF EXECUTIVE OFFICER,true,true,true,CHIEF EXECUTIVE OFFICER,SEC EDGAR
DASH|0001832617-26-000012|derivative|2026-09-03|Xu Tony|J|Class B Common Stock|31428|0|I,2026-09-11 04:29:41+0000,DASH,"DoorDash, Inc.",0001792789,4,2026-09-08,2026-09-03,0001832617-26-000012,https://www.sec.gov/Archives/edgar/data/1792789/000183261726000012/form4-09082026_040901.xml,derivative,2026-09-03,J,Class B Common Stock,31428,0,0.0,31428,I,Xu Tony,CHIEF EXECUTIVE OFFICER,true,true,true,CHIEF EXECUTIVE OFFICER,SEC EDGAR
"CI|0001641142-26-000003|nonDerivative|2026-09-03|Neville Everett|S|Common Stock, $.01 Par Value|617|284.05|D",2026-09-11 04:29:41+0000,CI,Cigna Group,0001739940,4,2026-09-08,2026-09-03,0001641142-26-000003,https://www.sec.gov/Archives/edgar/data/1739940/000164114226000003/wk-form4_1788899344.xml,nonDerivative,2026-09-03,S,"Common Stock, $.01 Par Value",617,284.05,175258.85,5053,D,Neville Everett,"Officer, See Remarks",0,1,0,See Remarks,SEC EDGAR
BKR|0001675255-26-000006|nonDerivative|2026-09-03|Gatti Amerino|M|Class A Common Stock|9807||D,2026-09-11 04:29:41+0000,BKR,Baker Hughes Co,0001701605,4,2026-09-08,2026-09-03,0001675255-26-000006,https://www.sec.gov/Archives/edgar/data/1701605/000167525526000006/wk-form4_1788899810.xml,nonDerivative,2026-09-03,M,Class A Common Stock,9807,,,24611.494,D,Gatti Amerino,"Officer, EVP, Oilfield Services & Equip",0,1,0,"EVP, Oilfield Services & Equip",SEC EDGAR
BKR|0001675255-26-000006|nonDerivative|2026-09-03|Gatti Amerino|F|Class A Common Stock|3860|63.64|D,2026-09-11 04:29:41+0000,BKR,Baker Hughes Co,0001701605,4,2026-09-08,2026-09-03,0001675255-26-000006,https://www.sec.gov/Archives/edgar/data/1701605/000167525526000006/wk-form4_1788899810.xml,nonDerivative,2026-09-03,F,Class A Common Stock,3860,63.64,245650.4,20751.494,D,Gatti Amerino,"Officer, EVP, Oilfield Services & Equip",0,1,0,"EVP, Oilfield Services & Equip",SEC EDGAR
BKR|0001675255-26-000006|derivative|2026-09-03|Gatti Amerino|M|Restricted Stock Unit 09_24|9807|0|D,2026-09-11 04:29:41+0000,BKR,Baker Hughes Co,0001701605,4,2026-09-08,2026-09-03,0001675255-26-000006,https://www.sec.gov/Archives/edgar/data/1701605/000167525526000006/wk-form4_1788899810.xml,derivative,2026-09-03,M,Restricted Stock Unit 09_24,9807,0,0.0,9807,D,Gatti Amerino,"Officer, EVP, Oilfield Services & Equip",0,1,0,"EVP, Oilfield Services & Equip",SEC EDGAR
AMCR|0001413007-26-000006|nonDerivative|2026-09-03|Konieczny Peter|M|Ordinary Shares|11131||D,2026-09-11 04:29:41+0000,AMCR,Amcor plc,0001748790,4,2026-09-08,2026-09-03,0001413007-26-000006,https://www.sec.gov/Archives/edgar/data/1748790/000141300726000006/form4-09082026_080940.xml,nonDerivative,2026-09-03,M,Ordinary Shares,11131,,,159893.20,D,Konieczny Peter,Chief Executive Officer,false,true,false,Chief Executive Officer,SEC EDGAR
AMCR|0001413007-26-000006|nonDerivative|2026-09-03|Konieczny Peter|F|Ordinary Shares|590|46.68|D,2026-09-11 04:29:41+0000,AMCR,Amcor plc,0001748790,4,2026-09-08,2026-09-03,0001413007-26-000006,https://www.sec.gov/Archives/edgar/data/1748790/000141300726000006/form4-09082026_080940.xml,nonDerivative,2026-09-03,F,Ordinary Shares,590,46.68,27541.2,159303.20,D,Konieczny Peter,Chief Executive Officer,false,true,false,Chief Executive Officer,SEC EDGAR
AMCR|0001413007-26-000006|derivative|2026-09-03|Konieczny Peter|A|Restricted Stock Units|11131|0|D,2026-09-11 04:29:41+0000,AMCR,Amcor plc,0001748790,4,2026-09-08,2026-09-03,0001413007-26-000006,https://www.sec.gov/Archives/edgar/data/1748790/000141300726000006/form4-09082026_080940.xml,derivative,2026-09-03,A,Restricted Stock Units,11131,0,0.0,0,D,Konieczny Peter,Chief Executive Officer,false,true,false,Chief Executive Officer,SEC EDGAR
ALL|0000899051-26-000133|derivative|2026-09-03|LOWN CHRISTIAN M.|A|Employee Stock Option (Right to Buy)|3783|0|D,2026-09-11 04:29:41+0000,ALL,ALLSTATE CORP,0000899051,4,2026-09-08,2026-09-03,0000899051-26-000133,https://www.sec.gov/Archives/edgar/data/899051/000089905126000133/form4.xml,derivative,2026-09-03,A,Employee Stock Option (Right to Buy),3783,0,0.0,3783,D,LOWN CHRISTIAN M.,"Officer, Chief Financial Officer",,1,,Chief Financial Officer,SEC EDGAR
ALL|0000899051-26-000133|derivative|2026-09-03|LOWN CHRISTIAN M.|A|Restricted Stock Units|16615|0|D,2026-09-11 04:29:41+0000,ALL,ALLSTATE CORP,0000899051,4,2026-09-08,2026-09-03,0000899051-26-000133,https://www.sec.gov/Archives/edgar/data/899051/000089905126000133/form4.xml,derivative,2026-09-03,A,Restricted Stock Units,16615,0,0.0,16615,D,LOWN CHRISTIAN M.,"Officer, Chief Financial Officer",,1,,Chief Financial Officer,SEC EDGAR
ALL|0000899051-26-000131|nonDerivative|2026-09-03|KEANE MARGARET M|G|Common Stock|944|0|D,2026-09-11 04:29:41+0000,ALL,ALLSTATE CORP,0000899051,4,2026-09-08,2026-09-03,0000899051-26-000131,https://www.sec.gov/Archives/edgar/data/899051/000089905126000131/form4.xml,nonDerivative,2026-09-03,G,Common Stock,944,0,0.0,17557.515,D,KEANE MARGARET M,Director,1,,,,SEC EDGAR
ALL|0000899051-26-000129|nonDerivative|2026-09-06|Jeevanjee Zulfikar|A|Common Stock|483|0|D,2026-09-11 04:29:41+0000,ALL,ALLSTATE CORP,0000899051,4,2026-09-08,2026-09-06,0000899051-26-000129,https://www.sec.gov/Archives/edgar/data/899051/000089905126000129/form4.xml,nonDerivative,2026-09-06,A,Common Stock,483,0,0.0,16584,D,Jeevanjee Zulfikar,,,,,,SEC EDGAR
ALL|0000899051-26-000129|nonDerivative|2026-09-06|Jeevanjee Zulfikar|F|Common Stock|213|259.57|D,2026-09-11 04:29:41+0000,ALL,ALLSTATE CORP,0000899051,4,2026-09-08,2026-09-06,0000899051-26-000129,https://www.sec.gov/Archives/edgar/data/899051/000089905126000129/form4.xml,nonDerivative,2026-09-06,F,Common Stock,213,259.57,55288.409999999996,16371,D,Jeevanjee Zulfikar,,,,,,SEC EDGAR
AIG|0002149810-26-000004|nonDerivative|2026-09-08|Bewlay Nancy M|A|Common Stock|55284|0|D,2026-09-11 04:29:41+0000,AIG,"AMERICAN INTERNATIONAL GROUP, INC.",0000005272,4,2026-09-08,2026-09-08,0002149810-26-000004,https://www.sec.gov/Archives/edgar/data/5272/000214981026000004/wk-form4_1788898831.xml,nonDerivative,2026-09-08,A,Common Stock,55284,0,0.0,55284,D,Bewlay Nancy M,"Officer, EVP, Chief Underwriting Off",0,1,0,"EVP, Chief Underwriting Off",SEC EDGAR
"AFL|0001104659-26-105721|nonDerivative|2026-09-03|Japan Post Holdings Co., Ltd.|S|Common Stock|20000|118.49|I",2026-09-11 04:29:41+0000,AFL,AFLAC INC,0000004977,4,2026-09-08,2026-09-03,0001104659-26-105721,https://www.sec.gov/Archives/edgar/data/4977/000110465926105721/tm2624595-3_4seq1.xml,nonDerivative,2026-09-03,S,Common Stock,20000,118.49,2369800.0,50667690,I,"Japan Post Holdings Co., Ltd.",10% Owner,0,0,1,,SEC EDGAR
ACN|0001792845-26-000017|nonDerivative|2026-09-05|Walsh John F|A|Class A ordinary shares|146|189.095|D,2026-09-11 04:29:41+0000,ACN,Accenture plc,0001467373,4,2026-09-08,2026-09-05,0001792845-26-000017,https://www.sec.gov/Archives/edgar/data/1467373/000179284526000017/wk-form4_1788901808.xml,nonDerivative,2026-09-05,A,Class A ordinary shares,146,189.095,27607.87,26256,D,Walsh John F,"Officer, CEO-The Americas",0,1,0,CEO-The Americas,SEC EDGAR
ACN|0001783059-26-000017|nonDerivative|2026-09-05|Unruch Joel|A|Class A ordinary shares|145|189.095|D,2026-09-11 04:29:41+0000,ACN,Accenture plc,0001467373,4,2026-09-08,2026-09-05,0001783059-26-000017,https://www.sec.gov/Archives/edgar/data/1467373/000178305926000017/wk-form4_1788901802.xml,nonDerivative,2026-09-05,A,Class A ordinary shares,145,189.095,27418.775,18130,D,Unruch Joel,"Officer, General Counsel/Corp Secretary",0,1,0,General Counsel/Corp Secretary,SEC EDGAR
ACN|0001487630-26-000018|nonDerivative|2026-09-05|Sweet Julie Spellman|A|Class A ordinary shares|205|189.095|D,2026-09-11 04:29:41+0000,ACN,Accenture plc,0001467373,4,2026-09-08,2026-09-05,0001487630-26-000018,https://www.sec.gov/Archives/edgar/data/1467373/000148763026000018/wk-form4_1788901812.xml,nonDerivative,2026-09-05,A,Class A ordinary shares,205,189.095,38764.475,16999,D,Sweet Julie Spellman,"Director, Officer, Chair and CEO",1,1,0,Chair and CEO,SEC EDGAR
ACN|0001911109-26-000017|nonDerivative|2026-09-05|Sharma Manish|A|Class A ordinary shares|97|189.095|D,2026-09-11 04:29:41+0000,ACN,Accenture plc,0001467373,4,2026-09-08,2026-09-05,0001911109-26-000017,https://www.sec.gov/Archives/edgar/data/1467373/000191110926000017/wk-form4_1788901791.xml,nonDerivative,2026-09-05,A,Class A ordinary shares,97,189.095,18342.215,5901,D,Sharma Manish,"Officer, Chief Strategy & Services Ofcr",0,1,0,Chief Strategy & Services Ofcr,SEC EDGAR
ACN|0002028611-26-000015|nonDerivative|2026-09-05|Park Angie Y|A|Class A ordinary shares|145|189.095|D,2026-09-11 04:29:41+0000,ACN,Accenture plc,0001467373,4,2026-09-08,2026-09-05,0002028611-26-000015,https://www.sec.gov/Archives/edgar/data/1467373/000202861126000015/wk-form4_1788901797.xml,nonDerivative,2026-09-05,A,Class A ordinary shares,145,189.095,27418.775,13650,D,Park Angie Y,"Officer, Chief Financial Officer",0,1,0,Chief Financial Officer,SEC EDGAR
ACN|0002080406-26-000015|nonDerivative|2026-09-05|Hogan Catherine Kiernan|A|Class A ordinary shares|113|189.095|D,2026-09-11 04:29:41+0000,ACN,Accenture plc,0001467373,4,2026-09-08,2026-09-05,0002080406-26-000015,https://www.sec.gov/Archives/edgar/data/1467373/000208040626000015/wk-form4_1788901776.xml,nonDerivative,2026-09-05,A,Class A ordinary shares,113,189.095,21367.735,13767,D,Hogan Catherine Kiernan,"Officer, Chief Operating Officer",0,1,0,Chief Operating Officer,SEC EDGAR
ACN|0002080407-26-000018|nonDerivative|2026-09-05|Clifford Katherine Lee|A|Class A ordinary shares|92|189.095|D,2026-09-11 04:29:41+0000,ACN,Accenture plc,0001467373,4,2026-09-08,2026-09-05,0002080407-26-000018,https://www.sec.gov/Archives/edgar/data/1467373/000208040726000018/wk-form4_1788901781.xml,nonDerivative,2026-09-05,A,Class A ordinary shares,92,189.095,17396.74,6904,D,Clifford Katherine Lee,"Officer, Chief Leadership & HR Officer",0,1,0,Chief Leadership & HR Officer,SEC EDGAR
ACN|0001455134-26-000020|nonDerivative|2026-09-05|Burgum Melissa A|A|Class A ordinary shares|106|189.095|D,2026-09-11 04:29:41+0000,ACN,Accenture plc,0001467373,4,2026-09-08,2026-09-05,0001455134-26-000020,https://www.sec.gov/Archives/edgar/data/1467373/000145513426000020/wk-form4_1788901787.xml,nonDerivative,2026-09-05,A,Class A ordinary shares,106,189.095,20044.07,10006,D,Burgum Melissa A,"Officer, Chief Accounting Officer",0,1,0,Chief Accounting Officer,SEC EDGAR
XYZ|0001628280-26-060775|nonDerivative|2026-09-02|Eisen Anthony Mathew|S|Class A  Common Stock|6000|77.30|D,2026-09-11 04:29:41+0000,XYZ,"Block, Inc.",0001512673,4,2026-09-04,2026-09-02,0001628280-26-060775,https://www.sec.gov/Archives/edgar/data/1512673/000162828026060775/wk-form4_1788558786.xml,nonDerivative,2026-09-02,S,Class A  Common Stock,6000,77.30,463800.0,1446672,D,Eisen Anthony Mathew,Director,1,0,0,,SEC EDGAR
XYZ|0001628280-26-060775|nonDerivative|2026-09-03|Eisen Anthony Mathew|S|Class A  Common Stock|6000|83.57|D,2026-09-11 04:29:41+0000,XYZ,"Block, Inc.",0001512673,4,2026-09-04,2026-09-02,0001628280-26-060775,https://www.sec.gov/Archives/edgar/data/1512673/000162828026060775/wk-form4_1788558786.xml,nonDerivative,2026-09-03,S,Class A  Common Stock,6000,83.57,501419.99999999994,1440672,D,Eisen Anthony Mathew,Director,1,0,0,,SEC EDGAR
XYZ|0001628280-26-060775|nonDerivative|2026-09-04|Eisen Anthony Mathew|S|Class A  Common Stock|6000|82.51|D,2026-09-11 04:29:41+0000,XYZ,"Block, Inc.",0001512673,4,2026-09-04,2026-09-02,0001628280-26-060775,https://www.sec.gov/Archives/edgar/data/1512673/000162828026060775/wk-form4_1788558786.xml,nonDerivative,2026-09-04,S,Class A  Common Stock,6000,82.51,495060.00000000006,1434672,D,Eisen Anthony Mathew,Director,1,0,0,,SEC EDGAR
WBD|0001186933-26-000006|nonDerivative|2026-09-03|LOWE KENNETH W|S|Series A Common Stock|200000|28.35|D,2026-09-11 04:29:41+0000,WBD,"Warner Bros. Discovery, Inc.",0001437107,4,2026-09-04,2026-09-03,0001186933-26-000006,https://www.sec.gov/Archives/edgar/data/1437107/000118693326000006/wk-form4_1788561976.xml,nonDerivative,2026-09-03,S,Series A Common Stock,200000,28.35,5670000.0,790108,D,LOWE KENNETH W,Director,1,0,0,,SEC EDGAR
UNP|0000100885-26-000262|nonDerivative|2026-09-04|Rocker Kenyatta G|G|Common Stock|431|0.0|D,2026-09-11 04:29:41+0000,UNP,UNION PACIFIC CORP,0000100885,4,2026-09-04,2026-09-04,0000100885-26-000262,https://www.sec.gov/Archives/edgar/data/100885/000010088526000262/edgardoc.xml,nonDerivative,2026-09-04,G,Common Stock,431,0.0,0.0,60702.1447,D,Rocker Kenyatta G,"Officer, EVP MARKETING & SALES",0,1,0,EVP MARKETING & SALES,SEC EDGAR
UNH|0000731766-26-000203|nonDerivative|2026-09-02|DeVeydt Wayne S|F|Common Stock|1208.895|399.66|D,2026-09-11 04:29:41+0000,UNH,UNITEDHEALTH GROUP INC,0000731766,4,2026-09-04,2026-09-02,0000731766-26-000203,https://www.sec.gov/Archives/edgar/data/731766/000073176626000203/wk-form4_1788552611.xml,nonDerivative,2026-09-02,F,Common Stock,1208.895,399.66,483146.9757,18569.525,D,DeVeydt Wayne S,"Officer, Chief Financial Officer",0,1,0,Chief Financial Officer,SEC EDGAR
TTWO|0000946581-26-000077|nonDerivative|2026-09-02|Goldstein Lainie|S|Common Stock|1335|217.65|D,2026-09-11 04:29:41+0000,TTWO,TAKE TWO INTERACTIVE SOFTWARE INC,0000946581,4,2026-09-04,2026-09-02,0000946581-26-000077,https://www.sec.gov/Archives/edgar/data/946581/000094658126000077/form4.xml,nonDerivative,2026-09-02,S,Common Stock,1335,217.65,290562.75,282039,D,Goldstein Lainie,"Officer, Chief Financial Officer",,1,,Chief Financial Officer,SEC EDGAR
TTWO|0000946581-26-000079|nonDerivative|2026-09-02|Emerson Daniel P|S|Common Stock|917|217.65|D,2026-09-11 04:29:41+0000,TTWO,TAKE TWO INTERACTIVE SOFTWARE INC,0000946581,4,2026-09-04,2026-09-02,0000946581-26-000079,https://www.sec.gov/Archives/edgar/data/946581/000094658126000079/form4.xml,nonDerivative,2026-09-02,S,Common Stock,917,217.65,199585.05000000002,113071,D,Emerson Daniel P,"Officer, Chief Legal Officer",,1,,Chief Legal Officer,SEC EDGAR
TTWO|0000946581-26-000079|nonDerivative|2026-09-03|Emerson Daniel P|S|Common Stock|744|217.03|D,2026-09-11 04:29:41+0000,TTWO,TAKE TWO INTERACTIVE SOFTWARE INC,0000946581,4,2026-09-04,2026-09-02,0000946581-26-000079,https://www.sec.gov/Archives/edgar/data/946581/000094658126000079/form4.xml,nonDerivative,2026-09-03,S,Common Stock,744,217.03,161470.32,112327,D,Emerson Daniel P,"Officer, Chief Legal Officer",,1,,Chief Legal Officer,SEC EDGAR
TRMB|0001708636-26-000004|nonDerivative|2026-09-02|Bement Kenneth B|M|Common Stock|4056|58.94|D,2026-09-11 04:29:41+0000,TRMB,TRIMBLE INC.,0000864749,4,2026-09-04,2026-09-02,0001708636-26-000004,https://www.sec.gov/Archives/edgar/data/864749/000170863626000004/wk-form4_1788555026.xml,nonDerivative,2026-09-02,M,Common Stock,4056,58.94,239060.63999999998,4397.816,D,Bement Kenneth B,"Officer, Chief Accounting Officer",0,1,0,Chief Accounting Officer,SEC EDGAR
TRMB|0001708636-26-000004|nonDerivative|2026-09-02|Bement Kenneth B|F|Common Stock|1167|58.94|D,2026-09-11 04:29:41+0000,TRMB,TRIMBLE INC.,0000864749,4,2026-09-04,2026-09-02,0001708636-26-000004,https://www.sec.gov/Archives/edgar/data/864749/000170863626000004/wk-form4_1788555026.xml,nonDerivative,2026-09-02,F,Common Stock,1167,58.94,68782.98,3230.816,D,Bement Kenneth B,"Officer, Chief Accounting Officer",0,1,0,Chief Accounting Officer,SEC EDGAR
TRMB|0001708636-26-000004|derivative|2026-09-02|Bement Kenneth B|M|Restricted Stock Unit|4056|0|D,2026-09-11 04:29:41+0000,TRMB,TRIMBLE INC.,0000864749,4,2026-09-04,2026-09-02,0001708636-26-000004,https://www.sec.gov/Archives/edgar/data/864749/000170863626000004/wk-form4_1788555026.xml,derivative,2026-09-02,M,Restricted Stock Unit,4056,0,0.0,8114,D,Bement Kenneth B,"Officer, Chief Accounting Officer",0,1,0,Chief Accounting Officer,SEC EDGAR
TPL|0001437749-26-029695|nonDerivative|2026-09-03|HORIZON KINETICS ASSET MANAGEMENT LLC|P|Common Stock|1|367.61|D,2026-09-11 04:29:41+0000,TPL,Texas Pacific Land Corp,0001811074,4,2026-09-04,2026-09-03,0001437749-26-029695,https://www.sec.gov/Archives/edgar/data/1811074/000143774926029695/rdgdoc.xml,nonDerivative,2026-09-03,P,Common Stock,1,367.61,367.61,3390840,D,HORIZON KINETICS ASSET MANAGEMENT LLC,10% Owner,,,1,,SEC EDGAR
STT|0000093751-26-000577|nonDerivative|2026-09-02|RICHARDS MICHAEL L|G|Common Stock|1009|0|D,2026-09-11 04:29:41+0000,STT,STATE STREET CORP,0000093751,4,2026-09-04,2026-09-02,0000093751-26-000577,https://www.sec.gov/Archives/edgar/data/93751/000009375126000577/wk-form4_1788551980.xml,nonDerivative,2026-09-02,G,Common Stock,1009,0,0.0,40622,D,RICHARDS MICHAEL L,"Officer, EVP and Chief Admin Officer",0,1,0,EVP and Chief Admin Officer,SEC EDGAR
SO|0001193125-26-383301|nonDerivative|2026-09-03|Sena Peter P III|S|Southern Company Common Stock|4266|88.59|D,2026-09-11 04:29:41+0000,SO,SOUTHERN CO,0000092122,4,2026-09-04,2026-09-03,0001193125-26-383301,https://www.sec.gov/Archives/edgar/data/92122/000119312526383301/ownership.xml,nonDerivative,2026-09-03,S,Southern Company Common Stock,4266,88.59,377924.94,26935,D,Sena Peter P III,"Chairman,President & CEO, SNC",false,true,false,"Chairman,President & CEO, SNC",SEC EDGAR
SO|0001193125-26-383300|nonDerivative|2026-09-03|Kim Matthew M.|S|Southern Company Common Stock|1400|88.87|D,2026-09-11 04:29:41+0000,SO,SOUTHERN CO,0000092122,4,2026-09-04,2026-09-03,0001193125-26-383300,https://www.sec.gov/Archives/edgar/data/92122/000119312526383300/ownership.xml,nonDerivative,2026-09-03,S,Southern Company Common Stock,1400,88.87,124418.0,4988,D,Kim Matthew M.,Comptroller,false,true,false,Comptroller,SEC EDGAR
RMD|0000943819-26-000050|nonDerivative|2026-09-02|FARRELL PETER C|S|ResMed Common Stock|970|234.73|D,2026-09-11 04:29:41+0000,RMD,RESMED INC,0000943819,4,2026-09-04,2026-09-02,0000943819-26-000050,https://www.sec.gov/Archives/edgar/data/943819/000094381926000050/form4.xml,nonDerivative,2026-09-02,S,ResMed Common Stock,970,234.73,227688.09999999998,51803,D,FARRELL PETER C,Director,1,,,,SEC EDGAR
PSKY|0001225208-26-007687|nonDerivative|2026-09-02|Gill Charest Katherine|M|Class B common stock|7969.0000|0|D,2026-09-11 04:29:41+0000,PSKY,Paramount Skydance Corp,0002041610,4,2026-09-04,2026-09-02,0001225208-26-007687,https://www.sec.gov/Archives/edgar/data/2041610/000122520826007687/doc4.xml,nonDerivative,2026-09-02,M,Class B common stock,7969.0000,0,0.0,81177.0000,D,Gill Charest Katherine,"Officer, EVP, Controller & CAO",,1,,"EVP, Controller & CAO",SEC EDGAR
PSKY|0001225208-26-007687|nonDerivative|2026-09-02|Gill Charest Katherine|F|Class B common stock|4069.0000|10.9700|D,2026-09-11 04:29:41+0000,PSKY,Paramount Skydance Corp,0002041610,4,2026-09-04,2026-09-02,0001225208-26-007687,https://www.sec.gov/Archives/edgar/data/2041610/000122520826007687/doc4.xml,nonDerivative,2026-09-02,F,Class B common stock,4069.0000,10.9700,44636.93,77108.0000,D,Gill Charest Katherine,"Officer, EVP, Controller & CAO",,1,,"EVP, Controller & CAO",SEC EDGAR
PSKY|0001225208-26-007687|derivative|2026-09-02|Gill Charest Katherine|M|Restricted Stock Units|7969.0000|0.0000|D,2026-09-11 04:29:41+0000,PSKY,Paramount Skydance Corp,0002041610,4,2026-09-04,2026-09-02,0001225208-26-007687,https://www.sec.gov/Archives/edgar/data/2041610/000122520826007687/doc4.xml,derivative,2026-09-02,M,Restricted Stock Units,7969.0000,0.0000,0.0,79690.0000,D,Gill Charest Katherine,"Officer, EVP, Controller & CAO",,1,,"EVP, Controller & CAO",SEC EDGAR
PNR|0000897069-26-001754|nonDerivative|2026-09-02|Fishman Robert P|F|Common Shares|747|59.84|D,2026-09-11 04:29:41+0000,PNR,PENTAIR plc,0000077360,4,2026-09-04,2026-09-02,0000897069-26-001754,https://www.sec.gov/Archives/edgar/data/77360/000089706926001754/form4.xml,nonDerivative,2026-09-02,F,Common Shares,747,59.84,44700.48,5699,D,Fishman Robert P,Interim EVP and CFO,false,true,false,Interim EVP and CFO,SEC EDGAR
PNR|0000897069-26-001754|nonDerivative|2026-09-02|Fishman Robert P|F|Common Shares|1073|59.84|D,2026-09-11 04:29:41+0000,PNR,PENTAIR plc,0000077360,4,2026-09-04,2026-09-02,0000897069-26-001754,https://www.sec.gov/Archives/edgar/data/77360/000089706926001754/form4.xml,nonDerivative,2026-09-02,F,Common Shares,1073,59.84,64208.32000000001,7761,D,Fishman Robert P,Interim EVP and CFO,false,true,false,Interim EVP and CFO,SEC EDGAR
PCAR|0001225208-26-007680|nonDerivative|2026-09-02|Walters William Lance|J|Common Stock|74.9290|122.1300|I,2026-09-11 04:29:41+0000,PCAR,PACCAR INC,0000075362,4,2026-09-04,2026-09-02,0001225208-26-007680,https://www.sec.gov/Archives/edgar/data/75362/000122520826007680/doc4.xml,nonDerivative,2026-09-02,J,Common Stock,74.9290,122.1300,9151.07877,26346.0370,I,Walters William Lance,"Officer, Vice President",,1,,Vice President,SEC EDGAR
PCAR|0001225208-26-007680|derivative|2026-09-02|Walters William Lance|J|Stock Units (DCP)|8.1750|122.1300|D,2026-09-11 04:29:41+0000,PCAR,PACCAR INC,0000075362,4,2026-09-04,2026-09-02,0001225208-26-007680,https://www.sec.gov/Archives/edgar/data/75362/000122520826007680/doc4.xml,derivative,2026-09-02,J,Stock Units (DCP),8.1750,122.1300,998.4127500000001,2860.6060,D,Walters William Lance,"Officer, Vice President",,1,,Vice President,SEC EDGAR
PCAR|0001225208-26-007681|nonDerivative|2026-09-02|WALTON MICHAEL K|J|Common Stock|19.5380|122.1300|I,2026-09-11 04:29:41+0000,PCAR,PACCAR INC,0000075362,4,2026-09-04,2026-09-02,0001225208-26-007681,https://www.sec.gov/Archives/edgar/data/75362/000122520826007681/doc4.xml,nonDerivative,2026-09-02,J,Common Stock,19.5380,122.1300,2386.17594,6869.8830,I,WALTON MICHAEL K,"Officer, VICE PRESIDENT/GENERAL COUNSEL",,1,,VICE PRESIDENT/GENERAL COUNSEL,SEC EDGAR
PCAR|0001225208-26-007681|derivative|2026-09-02|WALTON MICHAEL K|J|Stock Units (DCP)|39.9870|122.1300|D,2026-09-11 04:29:41+0000,PCAR,PACCAR INC,0000075362,4,2026-09-04,2026-09-02,0001225208-26-007681,https://www.sec.gov/Archives/edgar/data/75362/000122520826007681/doc4.xml,derivative,2026-09-02,J,Stock Units (DCP),39.9870,122.1300,4883.61231,13993.1840,D,WALTON MICHAEL K,"Officer, VICE PRESIDENT/GENERAL COUNSEL",,1,,VICE PRESIDENT/GENERAL COUNSEL,SEC EDGAR
PCAR|0001225208-26-007678|nonDerivative|2026-09-02|Rich John N|J|Common Stock|3.7740|122.1300|I,2026-09-11 04:29:41+0000,PCAR,PACCAR INC,0000075362,4,2026-09-04,2026-09-02,0001225208-26-007678,https://www.sec.gov/Archives/edgar/data/75362/000122520826007678/doc4.xml,nonDerivative,2026-09-02,J,Common Stock,3.7740,122.1300,460.91862,1327.0130,I,Rich John N,"Officer, V.P. & CHIEF TECH. OFFICER",,1,,V.P. & CHIEF TECH. OFFICER,SEC EDGAR
PCAR|0001225208-26-007672|nonDerivative|2026-09-02|Poplawski Brice J|J|Common Stock|52.5720|122.1300|I,2026-09-11 04:29:41+0000,PCAR,PACCAR INC,0000075362,4,2026-09-04,2026-09-02,0001225208-26-007672,https://www.sec.gov/Archives/edgar/data/75362/000122520826007672/doc4.xml,nonDerivative,2026-09-02,J,Common Stock,52.5720,122.1300,6420.61836,18485.3020,I,Poplawski Brice J,"Officer, Sr. Vice President & CFO",,1,,Sr. Vice President & CFO,SEC EDGAR
PCAR|0001225208-26-007677|nonDerivative|2026-09-02|PIGOTT MARK C|J|Common Stock|501.2740|122.1300|I,2026-09-11 04:29:41+0000,PCAR,PACCAR INC,0000075362,4,2026-09-04,2026-09-02,0001225208-26-007677,https://www.sec.gov/Archives/edgar/data/75362/000122520826007677/doc4.xml,nonDerivative,2026-09-02,J,Common Stock,501.2740,122.1300,61220.59362,176255.4340,I,PIGOTT MARK C,"Director, Officer, Executive Chairman",1,1,,Executive Chairman,SEC EDGAR
PCAR|0001225208-26-007675|nonDerivative|2026-09-02|Gryniewicz Craig R|J|Common Stock|21.5900|122.1300|I,2026-09-11 04:29:41+0000,PCAR,PACCAR INC,0000075362,4,2026-09-04,2026-09-02,0001225208-26-007675,https://www.sec.gov/Archives/edgar/data/75362/000122520826007675/doc4.xml,nonDerivative,2026-09-02,J,Common Stock,21.5900,122.1300,2636.7867,7591.5540,I,Gryniewicz Craig R,"Officer, Vice President",,1,,Vice President,SEC EDGAR
PCAR|0001225208-26-007671|nonDerivative|2026-09-02|FEIGHT R PRESTON|J|Common Stock|50.4790|122.1300|I,2026-09-11 04:29:41+0000,PCAR,PACCAR INC,0000075362,4,2026-09-04,2026-09-02,0001225208-26-007671,https://www.sec.gov/Archives/edgar/data/75362/000122520826007671/doc4.xml,nonDerivative,2026-09-02,J,Common Stock,50.4790,122.1300,6165.00027,17749.1020,I,FEIGHT R PRESTON,"Director, Officer, CHIEF EXECUTIVE OFFICER",1,1,,CHIEF EXECUTIVE OFFICER,SEC EDGAR
PCAR|0001225208-26-007674|nonDerivative|2026-09-02|Bolgar Paulo Henrique|J|Common Stock|2.6010|122.1300|I,2026-09-11 04:29:41+0000,PCAR,PACCAR INC,0000075362,4,2026-09-04,2026-09-02,0001225208-26-007674,https://www.sec.gov/Archives/edgar/data/75362/000122520826007674/doc4.xml,nonDerivative,2026-09-02,J,Common Stock,2.6010,122.1300,317.66013,914.6630,I,Bolgar Paulo Henrique,"Officer, Vice President",,1,,Vice President,SEC EDGAR
PCAR|0001225208-26-007673|nonDerivative|2026-09-02|Bloch Laura J|J|Common Stock|7.1080|122.1300|I,2026-09-11 04:29:41+0000,PCAR,PACCAR INC,0000075362,4,2026-09-04,2026-09-02,0001225208-26-007673,https://www.sec.gov/Archives/edgar/data/75362/000122520826007673/doc4.xml,nonDerivative,2026-09-02,J,Common Stock,7.1080,122.1300,868.1000399999999,2499.2770,I,Bloch Laura J,"Officer, Senior Vice President",,1,,Senior Vice President,SEC EDGAR
PCAR|0001225208-26-007676|nonDerivative|2026-09-02|BANEY KEVIN D|J|Common Stock|17.2710|122.1300|I,2026-09-11 04:29:41+0000,PCAR,PACCAR INC,0000075362,4,2026-09-04,2026-09-02,0001225208-26-007676,https://www.sec.gov/Archives/edgar/data/75362/000122520826007676/doc4.xml,nonDerivative,2026-09-02,J,Common Stock,17.2710,122.1300,2109.30723,6072.8190,I,BANEY KEVIN D,"Officer, Executive Vice President",,1,,Executive Vice President,SEC EDGAR
OTIS|0001781335-26-000119|nonDerivative|2026-09-02|Gosk Kimberly Shannon|M|Common Stock|933||D,2026-09-11 04:29:41+0000,OTIS,Otis Worldwide Corp,0001781335,4,2026-09-04,2026-09-02,0001781335-26-000119,https://www.sec.gov/Archives/edgar/data/1781335/000178133526000119/form4.xml,nonDerivative,2026-09-02,M,Common Stock,933,,,8386,D,Gosk Kimberly Shannon,"Officer, EVP & CPO",0,1,0,EVP & CPO,SEC EDGAR
OTIS|0001781335-26-000119|nonDerivative|2026-09-02|Gosk Kimberly Shannon|F|Common Stock|274|70.83|D,2026-09-11 04:29:41+0000,OTIS,Otis Worldwide Corp,0001781335,4,2026-09-04,2026-09-02,0001781335-26-000119,https://www.sec.gov/Archives/edgar/data/1781335/000178133526000119/form4.xml,nonDerivative,2026-09-02,F,Common Stock,274,70.83,19407.42,8112,D,Gosk Kimberly Shannon,"Officer, EVP & CPO",0,1,0,EVP & CPO,SEC EDGAR
OTIS|0001781335-26-000119|derivative|2026-09-02|Gosk Kimberly Shannon|M|Restricted Stock Units|933|0|D,2026-09-11 04:29:41+0000,OTIS,Otis Worldwide Corp,0001781335,4,2026-09-04,2026-09-02,0001781335-26-000119,https://www.sec.gov/Archives/edgar/data/1781335/000178133526000119/form4.xml,derivative,2026-09-02,M,Restricted Stock Units,933,0,0.0,1875,D,Gosk Kimberly Shannon,"Officer, EVP & CPO",0,1,0,EVP & CPO,SEC EDGAR
NVDA|0001197647-26-000009|nonDerivative|2026-09-02|COXE TENCH|G|Common|500000|0|I,2026-09-11 04:29:41+0000,NVDA,NVIDIA CORP,0001045810,4,2026-09-04,2026-09-02,0001197647-26-000009,https://www.sec.gov/Archives/edgar/data/1045810/000119764726000009/wk-form4_1788555631.xml,nonDerivative,2026-09-02,G,Common,500000,0,0.0,24171360,I,COXE TENCH,Director,1,0,0,,SEC EDGAR
"MSI|0002047518-26-000012|nonDerivative|2026-09-03|MOORE KATHRYN A|F|Motorola Solutions, Inc. - Common Stock|37.66|472.23|D",2026-09-11 04:29:41+0000,MSI,"Motorola Solutions, Inc.",0000068505,4,2026-09-04,2026-09-03,0002047518-26-000012,https://www.sec.gov/Archives/edgar/data/68505/000204751826000012/wk-form4_1788552601.xml,nonDerivative,2026-09-03,F,"Motorola Solutions, Inc. - Common Stock",37.66,472.23,17784.1818,1244.51,D,MOORE KATHRYN A,"Officer, SVP, HUMAN RESOURCES",0,1,0,"SVP, HUMAN RESOURCES",SEC EDGAR
"MSI|0001201232-26-000017|nonDerivative|2026-09-02|BROWN GREGORY Q|M|Motorola Solutions, Inc. - Common Stock|14220|81.37|D",2026-09-11 04:29:41+0000,MSI,"Motorola Solutions, Inc.",0000068505,4,2026-09-04,2026-09-02,0001201232-26-000017,https://www.sec.gov/Archives/edgar/data/68505/000120123226000017/wk-form4_1788552557.xml,nonDerivative,2026-09-02,M,"Motorola Solutions, Inc. - Common Stock",14220,81.37,1157081.4000000001,80868.37,D,BROWN GREGORY Q,"Director, Officer, Chairman and CEO",1,1,0,Chairman and CEO,SEC EDGAR
"MSI|0001201232-26-000017|nonDerivative|2026-09-02|BROWN GREGORY Q|S|Motorola Solutions, Inc. - Common Stock|2400|487.1378|D",2026-09-11 04:29:41+0000,MSI,"Motorola Solutions, Inc.",0000068505,4,2026-09-04,2026-09-02,0001201232-26-000017,https://www.sec.gov/Archives/edgar/data/68505/000120123226000017/wk-form4_1788552557.xml,nonDerivative,2026-09-02,S,"Motorola Solutions, Inc. - Common Stock",2400,487.1378,1169130.72,78468.37,D,BROWN GREGORY Q,"Director, Officer, Chairman and CEO",1,1,0,Chairman and CEO,SEC EDGAR
"MSI|0001201232-26-000017|nonDerivative|2026-09-02|BROWN GREGORY Q|S|Motorola Solutions, Inc. - Common Stock|4650|486.1047|D",2026-09-11 04:29:41+0000,MSI,"Motorola Solutions, Inc.",0000068505,4,2026-09-04,2026-09-02,0001201232-26-000017,https://www.sec.gov/Archives/edgar/data/68505/000120123226000017/wk-form4_1788552557.xml,nonDerivative,2026-09-02,S,"Motorola Solutions, Inc. - Common Stock",4650,486.1047,2260386.855,73818.37,D,BROWN GREGORY Q,"Director, Officer, Chairman and CEO",1,1,0,Chairman and CEO,SEC EDGAR
"MSI|0001201232-26-000017|nonDerivative|2026-09-02|BROWN GREGORY Q|S|Motorola Solutions, Inc. - Common Stock|1600|485.1605|D",2026-09-11 04:29:41+0000,MSI,"Motorola Solutions, Inc.",0000068505,4,2026-09-04,2026-09-02,0001201232-26-000017,https://www.sec.gov/Archives/edgar/data/68505/000120123226000017/wk-form4_1788552557.xml,nonDerivative,2026-09-02,S,"Motorola Solutions, Inc. - Common Stock",1600,485.1605,776256.8,72218.37,D,BROWN GREGORY Q,"Director, Officer, Chairman and CEO",1,1,0,Chairman and CEO,SEC EDGAR
"MSI|0001201232-26-000017|nonDerivative|2026-09-02|BROWN GREGORY Q|S|Motorola Solutions, Inc. - Common Stock|5570|483.6769|D",2026-09-11 04:29:41+0000,MSI,"Motorola Solutions, Inc.",0000068505,4,2026-09-04,2026-09-02,0001201232-26-000017,https://www.sec.gov/Archives/edgar/data/68505/000120123226000017/wk-form4_1788552557.xml,nonDerivative,2026-09-02,S,"Motorola Solutions, Inc. - Common Stock",5570,483.6769,2694080.333,66648.37,D,BROWN GREGORY Q,"Director, Officer, Chairman and CEO",1,1,0,Chairman and CEO,SEC EDGAR
MSI|0001201232-26-000017|derivative|2026-09-02|BROWN GREGORY Q|M|Performance Options|14220|0|D,2026-09-11 04:29:41+0000,MSI,"Motorola Solutions, Inc.",0000068505,4,2026-09-04,2026-09-02,0001201232-26-000017,https://www.sec.gov/Archives/edgar/data/68505/000120123226000017/wk-form4_1788552557.xml,derivative,2026-09-02,M,Performance Options,14220,0,0.0,335780,D,BROWN GREGORY Q,"Director, Officer, Chairman and CEO",1,1,0,Chairman and CEO,SEC EDGAR
MSCI|0001532601-26-000007|nonDerivative|2026-09-02|Taneja Rajat|P|Common Stock|1786|560|D,2026-09-11 04:29:41+0000,MSCI,MSCI Inc.,0001408198,4,2026-09-04,2026-09-02,0001532601-26-000007,https://www.sec.gov/Archives/edgar/data/1408198/000153260126000007/wk-form4_1788552024.xml,nonDerivative,2026-09-02,P,Common Stock,1786,560,1000160.0,5404,D,Taneja Rajat,Director,1,0,0,,SEC EDGAR
MDLZ|0001628280-26-060717|nonDerivative|2026-09-02|Zaramella Luca|M|Class A Common Stock|22570|43.20|D,2026-09-11 04:29:41+0000,MDLZ,"Mondelez International, Inc.",0001103982,4,2026-09-04,2026-09-02,0001628280-26-060717,https://www.sec.gov/Archives/edgar/data/1103982/000162828026060717/wk-form4_1788552260.xml,nonDerivative,2026-09-02,M,Class A Common Stock,22570,43.20,975024.0000000001,422708,D,Zaramella Luca,"Officer, EVP & Chief Operating Officer",0,1,0,EVP & Chief Operating Officer,SEC EDGAR
MDLZ|0001628280-26-060717|nonDerivative|2026-09-02|Zaramella Luca|F|Class A Common Stock|18695|62.45|D,2026-09-11 04:29:41+0000,MDLZ,"Mondelez International, Inc.",0001103982,4,2026-09-04,2026-09-02,0001628280-26-060717,https://www.sec.gov/Archives/edgar/data/1103982/000162828026060717/wk-form4_1788552260.xml,nonDerivative,2026-09-02,F,Class A Common Stock,18695,62.45,1167502.75,404013,D,Zaramella Luca,"Officer, EVP & Chief Operating Officer",0,1,0,EVP & Chief Operating Officer,SEC EDGAR
MDLZ|0001628280-26-060717|derivative|2026-09-02|Zaramella Luca|M|Stock Options (right to buy)|22570|0|D,2026-09-11 04:29:41+0000,MDLZ,"Mondelez International, Inc.",0001103982,4,2026-09-04,2026-09-02,0001628280-26-060717,https://www.sec.gov/Archives/edgar/data/1103982/000162828026060717/wk-form4_1788552260.xml,derivative,2026-09-02,M,Stock Options (right to buy),22570,0,0.0,0,D,Zaramella Luca,"Officer, EVP & Chief Operating Officer",0,1,0,EVP & Chief Operating Officer,SEC EDGAR
LLY|0001861052-26-000006|nonDerivative|2026-09-02|Hernandez Edgardo|G|Common Stock|13|0|D,2026-09-11 04:29:41+0000,LLY,ELI LILLY & Co,0000059478,4,2026-09-04,2026-09-02,0001861052-26-000006,https://www.sec.gov/Archives/edgar/data/59478/000186105226000006/wk-form4_1788553126.xml,nonDerivative,2026-09-02,G,Common Stock,13,0,0.0,46082.717,D,Hernandez Edgardo,"Officer, EVP & Pres., Mfg. Operations",0,1,0,"EVP & Pres., Mfg. Operations",SEC EDGAR
LLY|0001955972-26-000008|nonDerivative|2026-09-02|Dozier Eric|G|Common Stock|216|0|D,2026-09-11 04:29:41+0000,LLY,ELI LILLY & Co,0000059478,4,2026-09-04,2026-09-02,0001955972-26-000008,https://www.sec.gov/Archives/edgar/data/59478/000195597226000008/wk-form4_1788553030.xml,nonDerivative,2026-09-02,G,Common Stock,216,0,0.0,14239.212,D,Dozier Eric,"Officer, EVP, Chief People Officer",0,1,0,"EVP, Chief People Officer",SEC EDGAR
KKR|0001140361-26-035811|nonDerivative|2026-09-02|Lewin Robert H|G|Common Stock|10000|0|D,2026-09-11 04:29:41+0000,KKR,KKR & Co. Inc.,0001404912,4,2026-09-04,2026-09-02,0001140361-26-035811,https://www.sec.gov/Archives/edgar/data/1404912/000114036126035811/form4.xml,nonDerivative,2026-09-02,G,Common Stock,10000,0,0.0,1186726,D,Lewin Robert H,Chief Financial Officer,,true,,Chief Financial Officer,SEC EDGAR
KKR|0001140361-26-035810|nonDerivative|2026-09-02|HOLMES DANE E|M|Common Stock|10000||D,2026-09-11 04:29:41+0000,KKR,KKR & Co. Inc.,0001404912,4,2026-09-04,2026-09-02,0001140361-26-035810,https://www.sec.gov/Archives/edgar/data/1404912/000114036126035810/form4.xml,nonDerivative,2026-09-02,M,Common Stock,10000,,,18513,D,HOLMES DANE E,Chief Administrative Officer,,true,,Chief Administrative Officer,SEC EDGAR
KKR|0001140361-26-035810|nonDerivative|2026-09-03|HOLMES DANE E|S|Common Stock|10000|108.58|D,2026-09-11 04:29:41+0000,KKR,KKR & Co. Inc.,0001404912,4,2026-09-04,2026-09-02,0001140361-26-035810,https://www.sec.gov/Archives/edgar/data/1404912/000114036126035810/form4.xml,nonDerivative,2026-09-03,S,Common Stock,10000,108.58,1085800.0,8513,D,HOLMES DANE E,Chief Administrative Officer,,true,,Chief Administrative Officer,SEC EDGAR
KKR|0001140361-26-035810|derivative|2026-09-02|HOLMES DANE E|M|Restricted Holdings Units|10000|0|D,2026-09-11 04:29:41+0000,KKR,KKR & Co. Inc.,0001404912,4,2026-09-04,2026-09-02,0001140361-26-035810,https://www.sec.gov/Archives/edgar/data/1404912/000114036126035810/form4.xml,derivative,2026-09-02,M,Restricted Holdings Units,10000,0,0.0,390000,D,HOLMES DANE E,Chief Administrative Officer,,true,,Chief Administrative Officer,SEC EDGAR
KDP|0001457301-26-000005|nonDerivative|2026-09-03|Stephens Angela A.|S|Common Stock|9500|32.70|D,2026-09-11 04:29:41+0000,KDP,Keurig Dr Pepper Inc.,0001418135,4,2026-09-04,2026-09-03,0001457301-26-000005,https://www.sec.gov/Archives/edgar/data/1418135/000145730126000005/wk-form4_1788558204.xml,nonDerivative,2026-09-03,S,Common Stock,9500,32.70,310650.0,55786,D,Stephens Angela A.,"Officer, Senior VP & Controller",0,1,0,Senior VP & Controller,SEC EDGAR
JNJ|0000200406-26-000179|nonDerivative|2026-09-02|Schmid Timothy|M|Common Stock|11070|131.94|D,2026-09-11 04:29:41+0000,JNJ,JOHNSON & JOHNSON,0000200406,4,2026-09-04,2026-09-02,0000200406-26-000179,https://www.sec.gov/Archives/edgar/data/200406/000020040626000179/wk-form4_1788527285.xml,nonDerivative,2026-09-02,M,Common Stock,11070,131.94,1460575.8,36517,D,Schmid Timothy,"Officer, EVP, WW Chair, MedTech",0,1,0,"EVP, WW Chair, MedTech",SEC EDGAR
JNJ|0000200406-26-000179|nonDerivative|2026-09-02|Schmid Timothy|S|Common Stock|11070|274.74|D,2026-09-11 04:29:41+0000,JNJ,JOHNSON & JOHNSON,0000200406,4,2026-09-04,2026-09-02,0000200406-26-000179,https://www.sec.gov/Archives/edgar/data/200406/000020040626000179/wk-form4_1788527285.xml,nonDerivative,2026-09-02,S,Common Stock,11070,274.74,3041371.8000000003,25447,D,Schmid Timothy,"Officer, EVP, WW Chair, MedTech",0,1,0,"EVP, WW Chair, MedTech",SEC EDGAR
JNJ|0000200406-26-000179|nonDerivative|2026-09-02|Schmid Timothy|M|Common Stock|22527|151.41|D,2026-09-11 04:29:41+0000,JNJ,JOHNSON & JOHNSON,0000200406,4,2026-09-04,2026-09-02,0000200406-26-000179,https://www.sec.gov/Archives/edgar/data/200406/000020040626000179/wk-form4_1788527285.xml,nonDerivative,2026-09-02,M,Common Stock,22527,151.41,3410813.07,47974,D,Schmid Timothy,"Officer, EVP, WW Chair, MedTech",0,1,0,"EVP, WW Chair, MedTech",SEC EDGAR
JNJ|0000200406-26-000179|nonDerivative|2026-09-02|Schmid Timothy|S|Common Stock|22527|274.74|D,2026-09-11 04:29:41+0000,JNJ,JOHNSON & JOHNSON,0000200406,4,2026-09-04,2026-09-02,0000200406-26-000179,https://www.sec.gov/Archives/edgar/data/200406/000020040626000179/wk-form4_1788527285.xml,nonDerivative,2026-09-02,S,Common Stock,22527,274.74,6189067.98,25447,D,Schmid Timothy,"Officer, EVP, WW Chair, MedTech",0,1,0,"EVP, WW Chair, MedTech",SEC EDGAR
JNJ|0000200406-26-000179|derivative|2026-09-02|Schmid Timothy|M|Employee Stock Options (Right to Buy)|11070|0|D,2026-09-11 04:29:41+0000,JNJ,JOHNSON & JOHNSON,0000200406,4,2026-09-04,2026-09-02,0000200406-26-000179,https://www.sec.gov/Archives/edgar/data/200406/000020040626000179/wk-form4_1788527285.xml,derivative,2026-09-02,M,Employee Stock Options (Right to Buy),11070,0,0.0,0,D,Schmid Timothy,"Officer, EVP, WW Chair, MedTech",0,1,0,"EVP, WW Chair, MedTech",SEC EDGAR
JNJ|0000200406-26-000179|derivative|2026-09-02|Schmid Timothy|M|Employee Stock Options (Right to Buy)|22527|0|D,2026-09-11 04:29:41+0000,JNJ,JOHNSON & JOHNSON,0000200406,4,2026-09-04,2026-09-02,0000200406-26-000179,https://www.sec.gov/Archives/edgar/data/200406/000020040626000179/wk-form4_1788527285.xml,derivative,2026-09-02,M,Employee Stock Options (Right to Buy),22527,0,0.0,0,D,Schmid Timothy,"Officer, EVP, WW Chair, MedTech",0,1,0,"EVP, WW Chair, MedTech",SEC EDGAR
IQV|0001628280-26-060755|nonDerivative|2026-09-02|Berkshire James G.|M|Common Stock|5381|131.82|D,2026-09-11 04:29:41+0000,IQV,IQVIA HOLDINGS INC.,0001478242,4,2026-09-04,2026-09-02,0001628280-26-060755,https://www.sec.gov/Archives/edgar/data/1478242/000162828026060755/wk-form4_1788555634.xml,nonDerivative,2026-09-02,M,Common Stock,5381,131.82,709323.4199999999,13558,D,Berkshire James G.,"Officer, See Remarks",0,1,0,See Remarks,SEC EDGAR
IQV|0001628280-26-060755|nonDerivative|2026-09-02|Berkshire James G.|S|Common Stock|2668|261.33|D,2026-09-11 04:29:41+0000,IQV,IQVIA HOLDINGS INC.,0001478242,4,2026-09-04,2026-09-02,0001628280-26-060755,https://www.sec.gov/Archives/edgar/data/1478242/000162828026060755/wk-form4_1788555634.xml,nonDerivative,2026-09-02,S,Common Stock,2668,261.33,697228.44,10890,D,Berkshire James G.,"Officer, See Remarks",0,1,0,See Remarks,SEC EDGAR
IQV|0001628280-26-060755|nonDerivative|2026-09-02|Berkshire James G.|D|Common Stock|2713|261.54|D,2026-09-11 04:29:41+0000,IQV,IQVIA HOLDINGS INC.,0001478242,4,2026-09-04,2026-09-02,0001628280-26-060755,https://www.sec.gov/Archives/edgar/data/1478242/000162828026060755/wk-form4_1788555634.xml,nonDerivative,2026-09-02,D,Common Stock,2713,261.54,709558.02,8177,D,Berkshire James G.,"Officer, See Remarks",0,1,0,See Remarks,SEC EDGAR
IQV|0001628280-26-060755|derivative|2026-09-02|Berkshire James G.|M|Stock Appreciation Right|5381|131.82|D,2026-09-11 04:29:41+0000,IQV,IQVIA HOLDINGS INC.,0001478242,4,2026-09-04,2026-09-02,0001628280-26-060755,https://www.sec.gov/Archives/edgar/data/1478242/000162828026060755/wk-form4_1788555634.xml,derivative,2026-09-02,M,Stock Appreciation Right,5381,131.82,709323.4199999999,0,D,Berkshire James G.,"Officer, See Remarks",0,1,0,See Remarks,SEC EDGAR
HOOD|0001659211-26-000018|nonDerivative|2026-09-03|Quirk Steven M.|S|Class A Common Stock|2397|113.2475|D,2026-09-11 04:29:41+0000,HOOD,"Robinhood Markets, Inc.",0001783879,4,2026-09-04,2026-09-03,0001659211-26-000018,https://www.sec.gov/Archives/edgar/data/1783879/000165921126000018/wk-form4_1788556464.xml,nonDerivative,2026-09-03,S,Class A Common Stock,2397,113.2475,271454.2575,99858,D,Quirk Steven M.,"Officer, Chief Brokerage Officer",0,1,0,Chief Brokerage Officer,SEC EDGAR
HOOD|0001659211-26-000018|nonDerivative|2026-09-03|Quirk Steven M.|S|Class A Common Stock|200|116.28|D,2026-09-11 04:29:41+0000,HOOD,"Robinhood Markets, Inc.",0001783879,4,2026-09-04,2026-09-03,0001659211-26-000018,https://www.sec.gov/Archives/edgar/data/1783879/000165921126000018/wk-form4_1788556464.xml,nonDerivative,2026-09-03,S,Class A Common Stock,200,116.28,23256.0,99658,D,Quirk Steven M.,"Officer, Chief Brokerage Officer",0,1,0,Chief Brokerage Officer,SEC EDGAR
HOOD|0001659211-26-000018|nonDerivative|2026-09-03|Quirk Steven M.|S|Class A Common Stock|300|117.86|D,2026-09-11 04:29:41+0000,HOOD,"Robinhood Markets, Inc.",0001783879,4,2026-09-04,2026-09-03,0001659211-26-000018,https://www.sec.gov/Archives/edgar/data/1783879/000165921126000018/wk-form4_1788556464.xml,nonDerivative,2026-09-03,S,Class A Common Stock,300,117.86,35358.0,99358,D,Quirk Steven M.,"Officer, Chief Brokerage Officer",0,1,0,Chief Brokerage Officer,SEC EDGAR
HOOD|0001659211-26-000018|nonDerivative|2026-09-03|Quirk Steven M.|S|Class A Common Stock|13208|119.9285|D,2026-09-11 04:29:41+0000,HOOD,"Robinhood Markets, Inc.",0001783879,4,2026-09-04,2026-09-03,0001659211-26-000018,https://www.sec.gov/Archives/edgar/data/1783879/000165921126000018/wk-form4_1788556464.xml,nonDerivative,2026-09-03,S,Class A Common Stock,13208,119.9285,1584015.628,86150,D,Quirk Steven M.,"Officer, Chief Brokerage Officer",0,1,0,Chief Brokerage Officer,SEC EDGAR
HOOD|0001659211-26-000018|nonDerivative|2026-09-03|Quirk Steven M.|S|Class A Common Stock|400|120.6325|D,2026-09-11 04:29:41+0000,HOOD,"Robinhood Markets, Inc.",0001783879,4,2026-09-04,2026-09-03,0001659211-26-000018,https://www.sec.gov/Archives/edgar/data/1783879/000165921126000018/wk-form4_1788556464.xml,nonDerivative,2026-09-03,S,Class A Common Stock,400,120.6325,48253.0,85750,D,Quirk Steven M.,"Officer, Chief Brokerage Officer",0,1,0,Chief Brokerage Officer,SEC EDGAR
HOOD|0001659211-26-000018|nonDerivative|2026-09-03|Quirk Steven M.|S|Class A Common Stock|800|121.6975|D,2026-09-11 04:29:41+0000,HOOD,"Robinhood Markets, Inc.",0001783879,4,2026-09-04,2026-09-03,0001659211-26-000018,https://www.sec.gov/Archives/edgar/data/1783879/000165921126000018/wk-form4_1788556464.xml,nonDerivative,2026-09-03,S,Class A Common Stock,800,121.6975,97358.0,84950,D,Quirk Steven M.,"Officer, Chief Brokerage Officer",0,1,0,Chief Brokerage Officer,SEC EDGAR
HOOD|0001659211-26-000018|nonDerivative|2026-09-03|Quirk Steven M.|S|Class A Common Stock|3599|122.9652|D,2026-09-11 04:29:41+0000,HOOD,"Robinhood Markets, Inc.",0001783879,4,2026-09-04,2026-09-03,0001659211-26-000018,https://www.sec.gov/Archives/edgar/data/1783879/000165921126000018/wk-form4_1788556464.xml,nonDerivative,2026-09-03,S,Class A Common Stock,3599,122.9652,442551.7548,81351,D,Quirk Steven M.,"Officer, Chief Brokerage Officer",0,1,0,Chief Brokerage Officer,SEC EDGAR
HOOD|0001659211-26-000018|nonDerivative|2026-09-03|Quirk Steven M.|S|Class A Common Stock|2700|123.8826|D,2026-09-11 04:29:41+0000,HOOD,"Robinhood Markets, Inc.",0001783879,4,2026-09-04,2026-09-03,0001659211-26-000018,https://www.sec.gov/Archives/edgar/data/1783879/000165921126000018/wk-form4_1788556464.xml,nonDerivative,2026-09-03,S,Class A Common Stock,2700,123.8826,334483.02,78651,D,Quirk Steven M.,"Officer, Chief Brokerage Officer",0,1,0,Chief Brokerage Officer,SEC EDGAR
HOOD|0001659211-26-000018|nonDerivative|2026-09-03|Quirk Steven M.|S|Class A Common Stock|812|124.5807|D,2026-09-11 04:29:41+0000,HOOD,"Robinhood Markets, Inc.",0001783879,4,2026-09-04,2026-09-03,0001659211-26-000018,https://www.sec.gov/Archives/edgar/data/1783879/000165921126000018/wk-form4_1788556464.xml,nonDerivative,2026-09-03,S,Class A Common Stock,812,124.5807,101159.5284,77839,D,Quirk Steven M.,"Officer, Chief Brokerage Officer",0,1,0,Chief Brokerage Officer,SEC EDGAR
HOOD|0001705560-26-000023|nonDerivative|2026-09-03|Gallagher Daniel Martin Jr|S|Class A Common Stock|100|113.45|D,2026-09-11 04:29:41+0000,HOOD,"Robinhood Markets, Inc.",0001783879,4,2026-09-04,2026-09-03,0001705560-26-000023,https://www.sec.gov/Archives/edgar/data/1783879/000170556026000023/wk-form4_1788556416.xml,nonDerivative,2026-09-03,S,Class A Common Stock,100,113.45,11345.0,519843,D,Gallagher Daniel Martin Jr,"Officer, Chief Legal Officer",0,1,0,Chief Legal Officer,SEC EDGAR
HOOD|0001705560-26-000023|nonDerivative|2026-09-03|Gallagher Daniel Martin Jr|S|Class A Common Stock|100|115.84|D,2026-09-11 04:29:41+0000,HOOD,"Robinhood Markets, Inc.",0001783879,4,2026-09-04,2026-09-03,0001705560-26-000023,https://www.sec.gov/Archives/edgar/data/1783879/000170556026000023/wk-form4_1788556416.xml,nonDerivative,2026-09-03,S,Class A Common Stock,100,115.84,11584.0,519743,D,Gallagher Daniel Martin Jr,"Officer, Chief Legal Officer",0,1,0,Chief Legal Officer,SEC EDGAR
HOOD|0001705560-26-000023|nonDerivative|2026-09-03|Gallagher Daniel Martin Jr|S|Class A Common Stock|200|117.165|D,2026-09-11 04:29:41+0000,HOOD,"Robinhood Markets, Inc.",0001783879,4,2026-09-04,2026-09-03,0001705560-26-000023,https://www.sec.gov/Archives/edgar/data/1783879/000170556026000023/wk-form4_1788556416.xml,nonDerivative,2026-09-03,S,Class A Common Stock,200,117.165,23433.0,519543,D,Gallagher Daniel Martin Jr,"Officer, Chief Legal Officer",0,1,0,Chief Legal Officer,SEC EDGAR
HOOD|0001705560-26-000023|nonDerivative|2026-09-03|Gallagher Daniel Martin Jr|S|Class A Common Stock|300|118.3733|D,2026-09-11 04:29:41+0000,HOOD,"Robinhood Markets, Inc.",0001783879,4,2026-09-04,2026-09-03,0001705560-26-000023,https://www.sec.gov/Archives/edgar/data/1783879/000170556026000023/wk-form4_1788556416.xml,nonDerivative,2026-09-03,S,Class A Common Stock,300,118.3733,35511.99,519243,D,Gallagher Daniel Martin Jr,"Officer, Chief Legal Officer",0,1,0,Chief Legal Officer,SEC EDGAR
HOOD|0001705560-26-000023|nonDerivative|2026-09-03|Gallagher Daniel Martin Jr|S|Class A Common Stock|900|119.6022|D,2026-09-11 04:29:41+0000,HOOD,"Robinhood Markets, Inc.",0001783879,4,2026-09-04,2026-09-03,0001705560-26-000023,https://www.sec.gov/Archives/edgar/data/1783879/000170556026000023/wk-form4_1788556416.xml,nonDerivative,2026-09-03,S,Class A Common Stock,900,119.6022,107641.98,518343,D,Gallagher Daniel Martin Jr,"Officer, Chief Legal Officer",0,1,0,Chief Legal Officer,SEC EDGAR
HOOD|0001705560-26-000023|nonDerivative|2026-09-03|Gallagher Daniel Martin Jr|S|Class A Common Stock|400|120.7725|D,2026-09-11 04:29:41+0000,HOOD,"Robinhood Markets, Inc.",0001783879,4,2026-09-04,2026-09-03,0001705560-26-000023,https://www.sec.gov/Archives/edgar/data/1783879/000170556026000023/wk-form4_1788556416.xml,nonDerivative,2026-09-03,S,Class A Common Stock,400,120.7725,48309.0,517943,D,Gallagher Daniel Martin Jr,"Officer, Chief Legal Officer",0,1,0,Chief Legal Officer,SEC EDGAR
HOOD|0001705560-26-000023|nonDerivative|2026-09-03|Gallagher Daniel Martin Jr|S|Class A Common Stock|800|121.6575|D,2026-09-11 04:29:41+0000,HOOD,"Robinhood Markets, Inc.",0001783879,4,2026-09-04,2026-09-03,0001705560-26-000023,https://www.sec.gov/Archives/edgar/data/1783879/000170556026000023/wk-form4_1788556416.xml,nonDerivative,2026-09-03,S,Class A Common Stock,800,121.6575,97326.0,517143,D,Gallagher Daniel Martin Jr,"Officer, Chief Legal Officer",0,1,0,Chief Legal Officer,SEC EDGAR
HOOD|0001705560-26-000023|nonDerivative|2026-09-03|Gallagher Daniel Martin Jr|S|Class A Common Stock|3800|122.996|D,2026-09-11 04:29:41+0000,HOOD,"Robinhood Markets, Inc.",0001783879,4,2026-09-04,2026-09-03,0001705560-26-000023,https://www.sec.gov/Archives/edgar/data/1783879/000170556026000023/wk-form4_1788556416.xml,nonDerivative,2026-09-03,S,Class A Common Stock,3800,122.996,467384.8,513343,D,Gallagher Daniel Martin Jr,"Officer, Chief Legal Officer",0,1,0,Chief Legal Officer,SEC EDGAR
HOOD|0001705560-26-000023|nonDerivative|2026-09-03|Gallagher Daniel Martin Jr|S|Class A Common Stock|2700|123.9133|D,2026-09-11 04:29:41+0000,HOOD,"Robinhood Markets, Inc.",0001783879,4,2026-09-04,2026-09-03,0001705560-26-000023,https://www.sec.gov/Archives/edgar/data/1783879/000170556026000023/wk-form4_1788556416.xml,nonDerivative,2026-09-03,S,Class A Common Stock,2700,123.9133,334565.91000000003,510643,D,Gallagher Daniel Martin Jr,"Officer, Chief Legal Officer",0,1,0,Chief Legal Officer,SEC EDGAR
HOOD|0001705560-26-000023|nonDerivative|2026-09-03|Gallagher Daniel Martin Jr|S|Class A Common Stock|700|124.6192|D,2026-09-11 04:29:41+0000,HOOD,"Robinhood Markets, Inc.",0001783879,4,2026-09-04,2026-09-03,0001705560-26-000023,https://www.sec.gov/Archives/edgar/data/1783879/000170556026000023/wk-form4_1788556416.xml,nonDerivative,2026-09-03,S,Class A Common Stock,700,124.6192,87233.44,509943,D,Gallagher Daniel Martin Jr,"Officer, Chief Legal Officer",0,1,0,Chief Legal Officer,SEC EDGAR
HBAN|0001225208-26-007684|nonDerivative|2026-09-03|Miller Timothy W|F|Common Stock|2465.0000|17.0600|D,2026-09-11 04:29:41+0000,HBAN,HUNTINGTON BANCSHARES INC /MD/,0000049196,4,2026-09-04,2026-09-03,0001225208-26-007684,https://www.sec.gov/Archives/edgar/data/49196/000122520826007684/doc4.xml,nonDerivative,2026-09-03,F,Common Stock,2465.0000,17.0600,42052.899999999994,74125.9510,D,Miller Timothy W,"Officer, EVP & Chief Communications Off",,1,,EVP & Chief Communications Off,SEC EDGAR
"GEHC|0002027284-26-000013|nonDerivative|2026-09-03|Rackliffe Philip|F|Common Stock, par value $0.01 per share|798|70.56|D",2026-09-11 04:29:41+0000,GEHC,GE HealthCare Technologies Inc.,0001932393,4,2026-09-04,2026-09-03,0002027284-26-000013,https://www.sec.gov/Archives/edgar/data/1932393/000202728426000013/wk-form4_1788554780.xml,nonDerivative,2026-09-03,F,"Common Stock, par value $0.01 per share",798,70.56,56306.880000000005,41533,D,Rackliffe Philip,"Officer, CEO, AIS",0,1,0,"CEO, AIS",SEC EDGAR
"GEHC|0001951605-26-000008|nonDerivative|2026-09-03|O'Neill Kevin Michael|F|Common Stock, par value $0.01 per share|718|70.56|D",2026-09-11 04:29:41+0000,GEHC,GE HealthCare Technologies Inc.,0001932393,4,2026-09-04,2026-09-03,0001951605-26-000008,https://www.sec.gov/Archives/edgar/data/1932393/000195160526000008/wk-form4_1788554702.xml,nonDerivative,2026-09-03,F,"Common Stock, par value $0.01 per share",718,70.56,50662.08,32026,D,O'Neill Kevin Michael,"Officer, CEO, PDx",0,1,0,"CEO, PDx",SEC EDGAR
"GEHC|0001952158-26-000008|nonDerivative|2026-09-03|Newcomb George A.|F|Common Stock, par value $0.01 per share|112|70.56|D",2026-09-11 04:29:41+0000,GEHC,GE HealthCare Technologies Inc.,0001932393,4,2026-09-04,2026-09-03,0001952158-26-000008,https://www.sec.gov/Archives/edgar/data/1932393/000195215826000008/wk-form4_1788554645.xml,nonDerivative,2026-09-03,F,"Common Stock, par value $0.01 per share",112,70.56,7902.72,10515,D,Newcomb George A.,"Officer, Chief Accounting Officer",0,1,0,Chief Accounting Officer,SEC EDGAR
"GEHC|0001960652-26-000011|nonDerivative|2026-09-03|Kass-Hout Taha|F|Common Stock, par value $0.01 per share|1502|70.56|D",2026-09-11 04:29:41+0000,GEHC,GE HealthCare Technologies Inc.,0001932393,4,2026-09-04,2026-09-03,0001960652-26-000011,https://www.sec.gov/Archives/edgar/data/1932393/000196065226000011/wk-form4_1788554579.xml,nonDerivative,2026-09-03,F,"Common Stock, par value $0.01 per share",1502,70.56,105981.12000000001,88467,D,Kass-Hout Taha,"Officer, Chief Technology Officer",0,1,0,Chief Technology Officer,SEC EDGAR
"GEHC|0001465175-26-000025|nonDerivative|2026-09-03|Jimenez Frank R|F|Common Stock, par value $0.01 per share|1480|70.56|D",2026-09-11 04:29:41+0000,GEHC,GE HealthCare Technologies Inc.,0001932393,4,2026-09-04,2026-09-03,0001465175-26-000025,https://www.sec.gov/Archives/edgar/data/1932393/000146517526000025/wk-form4_1788554541.xml,nonDerivative,2026-09-03,F,"Common Stock, par value $0.01 per share",1480,70.56,104428.8,89321,D,Jimenez Frank R,"Officer, GC & Corporate Secretary",0,1,0,GC & Corporate Secretary,SEC EDGAR
"GEHC|0001657919-26-000009|nonDerivative|2026-09-03|Holton Adam Y|F|Common Stock, par value $0.01 per share|673|70.56|D",2026-09-11 04:29:41+0000,GEHC,GE HealthCare Technologies Inc.,0001932393,4,2026-09-04,2026-09-03,0001657919-26-000009,https://www.sec.gov/Archives/edgar/data/1932393/000165791926000009/wk-form4_1788554494.xml,nonDerivative,2026-09-03,F,"Common Stock, par value $0.01 per share",673,70.56,47486.880000000005,19533,D,Holton Adam Y,"Officer, Chief People Officer",0,1,0,Chief People Officer,SEC EDGAR
"GEHC|0002131383-26-000006|nonDerivative|2026-09-03|Estrampes Catherine|F|Common Stock, par value $0.01 per share|508|70.56|D",2026-09-11 04:29:41+0000,GEHC,GE HealthCare Technologies Inc.,0001932393,4,2026-09-04,2026-09-03,0002131383-26-000006,https://www.sec.gov/Archives/edgar/data/1932393/000213138326000006/wk-form4_1788554438.xml,nonDerivative,2026-09-03,F,"Common Stock, par value $0.01 per share",508,70.56,35844.48,23573,D,Estrampes Catherine,"Officer, Chief Commer. & Growth Officer",0,1,0,Chief Commer. & Growth Officer,SEC EDGAR
"GEHC|0001323134-26-000022|nonDerivative|2026-09-03|Arduini Peter J|F|Common Stock, par value $0.01 per share|6303|70.56|D",2026-09-11 04:29:41+0000,GEHC,GE HealthCare Technologies Inc.,0001932393,4,2026-09-04,2026-09-03,0001323134-26-000022,https://www.sec.gov/Archives/edgar/data/1932393/000132313426000022/wk-form4_1788554361.xml,nonDerivative,2026-09-03,F,"Common Stock, par value $0.01 per share",6303,70.56,444739.68,241606,D,Arduini Peter J,"Director, Officer, President and CEO",1,1,0,President and CEO,SEC EDGAR
ELV|0002084548-26-000005|nonDerivative|2026-09-02|Wessling Erin M|F|Common Stock|94|405.84|D,2026-09-11 04:29:41+0000,ELV,"Elevance Health, Inc.",0001156039,4,2026-09-04,2026-09-02,0002084548-26-000005,https://www.sec.gov/Archives/edgar/data/1156039/000208454826000005/wk-form4_1788552374.xml,nonDerivative,2026-09-02,F,Common Stock,94,405.84,38148.96,7485,D,Wessling Erin M,"Officer, EVP & Chief Legal Officer",0,1,0,EVP & Chief Legal Officer,SEC EDGAR
ELV|0002084548-26-000005|nonDerivative|2026-09-03|Wessling Erin M|F|Common Stock|255|414.78|D,2026-09-11 04:29:41+0000,ELV,"Elevance Health, Inc.",0001156039,4,2026-09-04,2026-09-02,0002084548-26-000005,https://www.sec.gov/Archives/edgar/data/1156039/000208454826000005/wk-form4_1788552374.xml,nonDerivative,2026-09-03,F,Common Stock,255,414.78,105768.9,7230,D,Wessling Erin M,"Officer, EVP & Chief Legal Officer",0,1,0,EVP & Chief Legal Officer,SEC EDGAR
ELV|0002084547-26-000009|nonDerivative|2026-09-02|Craig Ryan R|F|Common Stock|144|405.84|D,2026-09-11 04:29:41+0000,ELV,"Elevance Health, Inc.",0001156039,4,2026-09-04,2026-09-02,0002084547-26-000009,https://www.sec.gov/Archives/edgar/data/1156039/000208454726000009/wk-form4_1788552323.xml,nonDerivative,2026-09-02,F,Common Stock,144,405.84,58440.96,6530,D,Craig Ryan R,"Officer, EVP & Chief HR Officer",0,1,0,EVP & Chief HR Officer,SEC EDGAR
DLTR|0000935703-26-000112|nonDerivative|2026-09-04|Stahl Stephanie|S|Common Stock|1185|131.47|D,2026-09-11 04:29:41+0000,DLTR,"DOLLAR TREE, INC.",0000935703,4,2026-09-04,2026-09-04,0000935703-26-000112,https://www.sec.gov/Archives/edgar/data/935703/000093570326000112/form4.xml,nonDerivative,2026-09-04,S,Common Stock,1185,131.47,155791.95,4089,D,Stahl Stephanie,Director,1,,,,SEC EDGAR
DDOG|0001561550-26-000297|nonDerivative|2026-09-02|Walters Sean Michael|S|Class A Common Stock|13575|212.9039|D,2026-09-11 04:29:41+0000,DDOG,"Datadog, Inc.",0001561550,4,2026-09-04,2026-09-02,0001561550-26-000297,https://www.sec.gov/Archives/edgar/data/1561550/000156155026000297/wk-form4_1788554242.xml,nonDerivative,2026-09-02,S,Class A Common Stock,13575,212.9039,2890170.4425,244845,D,Walters Sean Michael,"Officer, Chief Revenue Officer",0,1,0,Chief Revenue Officer,SEC EDGAR
DDOG|0001561550-26-000300|nonDerivative|2026-09-02|Pomel Olivier|S|Class A Common Stock|26331|212.9041|D,2026-09-11 04:29:41+0000,DDOG,"Datadog, Inc.",0001561550,4,2026-09-04,2026-09-02,0001561550-26-000300,https://www.sec.gov/Archives/edgar/data/1561550/000156155026000300/wk-form4_1788554259.xml,nonDerivative,2026-09-02,S,Class A Common Stock,26331,212.9041,5605977.8571,586416,D,Pomel Olivier,"Director, Officer, Chief Executive Officer",1,1,0,Chief Executive Officer,SEC EDGAR
DDOG|0001561550-26-000299|nonDerivative|2026-09-02|OBSTLER DAVID M|S|Class A Common Stock|16524|212.9041|D,2026-09-11 04:29:41+0000,DDOG,"Datadog, Inc.",0001561550,4,2026-09-04,2026-09-02,0001561550-26-000299,https://www.sec.gov/Archives/edgar/data/1561550/000156155026000299/wk-form4_1788554253.xml,nonDerivative,2026-09-02,S,Class A Common Stock,16524,212.9041,3518027.3484,418067,D,OBSTLER DAVID M,"Officer, Chief Financial Officer",0,1,0,Chief Financial Officer,SEC EDGAR
DDOG|0001561550-26-000294|nonDerivative|2026-09-02|Li Yanbing|S|Class A Common Stock|11206|212.9043|D,2026-09-11 04:29:41+0000,DDOG,"Datadog, Inc.",0001561550,4,2026-09-04,2026-09-02,0001561550-26-000294,https://www.sec.gov/Archives/edgar/data/1561550/000156155026000294/wk-form4_1788554226.xml,nonDerivative,2026-09-02,S,Class A Common Stock,11206,212.9043,2385805.5858,263146,D,Li Yanbing,"Officer, Chief Product Officer",0,1,0,Chief Product Officer,SEC EDGAR
DDOG|0001561550-26-000298|nonDerivative|2026-09-02|Le-Quoc Alexis|S|Class A Common Stock|21772|212.9043|D,2026-09-11 04:29:41+0000,DDOG,"Datadog, Inc.",0001561550,4,2026-09-04,2026-09-02,0001561550-26-000298,https://www.sec.gov/Archives/edgar/data/1561550/000156155026000298/wk-form4_1788554248.xml,nonDerivative,2026-09-02,S,Class A Common Stock,21772,212.9043,4635352.4196,488033,D,Le-Quoc Alexis,"Director, Officer, Chief Technology Officer",1,1,0,Chief Technology Officer,SEC EDGAR
DDOG|0001561550-26-000296|nonDerivative|2026-09-02|Galloreese David|S|Class A Common Stock|4769|212.9045|D,2026-09-11 04:29:41+0000,DDOG,"Datadog, Inc.",0001561550,4,2026-09-04,2026-09-02,0001561550-26-000296,https://www.sec.gov/Archives/edgar/data/1561550/000156155026000296/wk-form4_1788554237.xml,nonDerivative,2026-09-02,S,Class A Common Stock,4769,212.9045,1015341.5605,116431,D,Galloreese David,"Officer, Chief People Officer",0,1,0,Chief People Officer,SEC EDGAR
DDOG|0001561550-26-000293|nonDerivative|2026-09-02|Blitzer Adam|S|Class A Common Stock|13812|212.9041|D,2026-09-11 04:29:41+0000,DDOG,"Datadog, Inc.",0001561550,4,2026-09-04,2026-09-02,0001561550-26-000293,https://www.sec.gov/Archives/edgar/data/1561550/000156155026000293/wk-form4_1788554220.xml,nonDerivative,2026-09-02,S,Class A Common Stock,13812,212.9041,2940631.4292,249959,D,Blitzer Adam,"Officer, Chief Operating Officer",0,1,0,Chief Operating Officer,SEC EDGAR
DDOG|0001561550-26-000295|nonDerivative|2026-09-02|Acocella Kerry|S|Class A Common Stock|7343|212.9039|D,2026-09-11 04:29:41+0000,DDOG,"Datadog, Inc.",0001561550,4,2026-09-04,2026-09-02,0001561550-26-000295,https://www.sec.gov/Archives/edgar/data/1561550/000156155026000295/wk-form4_1788554231.xml,nonDerivative,2026-09-02,S,Class A Common Stock,7343,212.9039,1563353.3377,120523,D,Acocella Kerry,"Officer, General Counsel and Secretary",0,1,0,General Counsel and Secretary,SEC EDGAR
DASH|0001832614-26-000032|nonDerivative|2026-09-02|Tang Stanley|J|Class A Common Stock|30835|0|I,2026-09-11 04:29:41+0000,DASH,"DoorDash, Inc.",0001792789,4,2026-09-04,2026-09-02,0001832614-26-000032,https://www.sec.gov/Archives/edgar/data/1792789/000183261426000032/form4-09042026_040916.xml,nonDerivative,2026-09-02,J,Class A Common Stock,30835,0,0.0,41196,I,Tang Stanley,,true,false,false,,SEC EDGAR
DASH|0001832614-26-000032|nonDerivative|2026-09-02|Tang Stanley|S|Class A Common Stock|2500|223.601|I,2026-09-11 04:29:41+0000,DASH,"DoorDash, Inc.",0001792789,4,2026-09-04,2026-09-02,0001832614-26-000032,https://www.sec.gov/Archives/edgar/data/1792789/000183261426000032/form4-09042026_040916.xml,nonDerivative,2026-09-02,S,Class A Common Stock,2500,223.601,559002.5,38696,I,Tang Stanley,,true,false,false,,SEC EDGAR
DASH|0001832614-26-000032|nonDerivative|2026-09-02|Tang Stanley|S|Class A Common Stock|2265|224.512|I,2026-09-11 04:29:41+0000,DASH,"DoorDash, Inc.",0001792789,4,2026-09-04,2026-09-02,0001832614-26-000032,https://www.sec.gov/Archives/edgar/data/1792789/000183261426000032/form4-09042026_040916.xml,nonDerivative,2026-09-02,S,Class A Common Stock,2265,224.512,508519.68,36431,I,Tang Stanley,,true,false,false,,SEC EDGAR
DASH|0001832614-26-000032|nonDerivative|2026-09-02|Tang Stanley|S|Class A Common Stock|8277|225.747|I,2026-09-11 04:29:41+0000,DASH,"DoorDash, Inc.",0001792789,4,2026-09-04,2026-09-02,0001832614-26-000032,https://www.sec.gov/Archives/edgar/data/1792789/000183261426000032/form4-09042026_040916.xml,nonDerivative,2026-09-02,S,Class A Common Stock,8277,225.747,1868507.9190000002,28154,I,Tang Stanley,,true,false,false,,SEC EDGAR
DASH|0001832614-26-000032|nonDerivative|2026-09-02|Tang Stanley|S|Class A Common Stock|15522|226.52|I,2026-09-11 04:29:41+0000,DASH,"DoorDash, Inc.",0001792789,4,2026-09-04,2026-09-02,0001832614-26-000032,https://www.sec.gov/Archives/edgar/data/1792789/000183261426000032/form4-09042026_040916.xml,nonDerivative,2026-09-02,S,Class A Common Stock,15522,226.52,3516043.44,12632,I,Tang Stanley,,true,false,false,,SEC EDGAR
DASH|0001832614-26-000032|nonDerivative|2026-09-02|Tang Stanley|S|Class A Common Stock|2271|227.229|I,2026-09-11 04:29:41+0000,DASH,"DoorDash, Inc.",0001792789,4,2026-09-04,2026-09-02,0001832614-26-000032,https://www.sec.gov/Archives/edgar/data/1792789/000183261426000032/form4-09042026_040916.xml,nonDerivative,2026-09-02,S,Class A Common Stock,2271,227.229,516037.059,10361,I,Tang Stanley,,true,false,false,,SEC EDGAR
DASH|0001832614-26-000032|derivative|2026-09-02|Tang Stanley|J|Class B Common Stock|30835|0|I,2026-09-11 04:29:41+0000,DASH,"DoorDash, Inc.",0001792789,4,2026-09-04,2026-09-02,0001832614-26-000032,https://www.sec.gov/Archives/edgar/data/1792789/000183261426000032/form4-09042026_040916.xml,derivative,2026-09-02,J,Class B Common Stock,30835,0,0.0,3318885,I,Tang Stanley,,true,false,false,,SEC EDGAR
CTSH|0001853867-26-000018|nonDerivative|2026-09-02|Kim John Sunshin|S|Class A Common Stock|2500|63.3723|D,2026-09-11 04:29:41+0000,CTSH,COGNIZANT TECHNOLOGY SOLUTIONS CORP,0001058290,4,2026-09-04,2026-09-02,0001853867-26-000018,https://www.sec.gov/Archives/edgar/data/1058290/000185386726000018/wk-form4_1788552205.xml,nonDerivative,2026-09-02,S,Class A Common Stock,2500,63.3723,158430.75,39909,D,Kim John Sunshin,"Officer, CLO, CAO & Corporate Secretary",0,1,0,"CLO, CAO & Corporate Secretary",SEC EDGAR
CRWD|0001778564-26-000155|nonDerivative|2026-09-02|Kurtz George|S|Class A common stock|440|201.19|D,2026-09-11 04:29:41+0000,CRWD,"CrowdStrike Holdings, Inc.",0001535527,4,2026-09-04,2026-09-02,0001778564-26-000155,https://www.sec.gov/Archives/edgar/data/1535527/000177856426000155/form4-09042026_080901.xml,nonDerivative,2026-09-02,S,Class A common stock,440,201.19,88523.6,7835579,D,Kurtz George,PRESIDENT AND CEO,true,true,false,PRESIDENT AND CEO,SEC EDGAR
CRWD|0001778564-26-000155|nonDerivative|2026-09-02|Kurtz George|S|Class A common stock|2333|202.64|D,2026-09-11 04:29:41+0000,CRWD,"CrowdStrike Holdings, Inc.",0001535527,4,2026-09-04,2026-09-02,0001778564-26-000155,https://www.sec.gov/Archives/edgar/data/1535527/000177856426000155/form4-09042026_080901.xml,nonDerivative,2026-09-02,S,Class A common stock,2333,202.64,472759.12,7833246,D,Kurtz George,PRESIDENT AND CEO,true,true,false,PRESIDENT AND CEO,SEC EDGAR
CRWD|0001778564-26-000155|nonDerivative|2026-09-02|Kurtz George|S|Class A common stock|2468|203.59|D,2026-09-11 04:29:41+0000,CRWD,"CrowdStrike Holdings, Inc.",0001535527,4,2026-09-04,2026-09-02,0001778564-26-000155,https://www.sec.gov/Archives/edgar/data/1535527/000177856426000155/form4-09042026_080901.xml,nonDerivative,2026-09-02,S,Class A common stock,2468,203.59,502460.12,7830778,D,Kurtz George,PRESIDENT AND CEO,true,true,false,PRESIDENT AND CEO,SEC EDGAR
CRWD|0001778564-26-000155|nonDerivative|2026-09-02|Kurtz George|S|Class A common stock|1000|204.60|D,2026-09-11 04:29:41+0000,CRWD,"CrowdStrike Holdings, Inc.",0001535527,4,2026-09-04,2026-09-02,0001778564-26-000155,https://www.sec.gov/Archives/edgar/data/1535527/000177856426000155/form4-09042026_080901.xml,nonDerivative,2026-09-02,S,Class A common stock,1000,204.60,204600.0,7829778,D,Kurtz George,PRESIDENT AND CEO,true,true,false,PRESIDENT AND CEO,SEC EDGAR
CRWD|0001778564-26-000155|nonDerivative|2026-09-02|Kurtz George|S|Class A common stock|1080|205.55|D,2026-09-11 04:29:41+0000,CRWD,"CrowdStrike Holdings, Inc.",0001535527,4,2026-09-04,2026-09-02,0001778564-26-000155,https://www.sec.gov/Archives/edgar/data/1535527/000177856426000155/form4-09042026_080901.xml,nonDerivative,2026-09-02,S,Class A common stock,1080,205.55,221994.0,7828698,D,Kurtz George,PRESIDENT AND CEO,true,true,false,PRESIDENT AND CEO,SEC EDGAR
CRWD|0001778564-26-000155|nonDerivative|2026-09-02|Kurtz George|S|Class A common stock|1120|206.92|D,2026-09-11 04:29:41+0000,CRWD,"CrowdStrike Holdings, Inc.",0001535527,4,2026-09-04,2026-09-02,0001778564-26-000155,https://www.sec.gov/Archives/edgar/data/1535527/000177856426000155/form4-09042026_080901.xml,nonDerivative,2026-09-02,S,Class A common stock,1120,206.92,231750.4,7827578,D,Kurtz George,PRESIDENT AND CEO,true,true,false,PRESIDENT AND CEO,SEC EDGAR
CRWD|0001778564-26-000155|nonDerivative|2026-09-02|Kurtz George|S|Class A common stock|760|207.81|D,2026-09-11 04:29:41+0000,CRWD,"CrowdStrike Holdings, Inc.",0001535527,4,2026-09-04,2026-09-02,0001778564-26-000155,https://www.sec.gov/Archives/edgar/data/1535527/000177856426000155/form4-09042026_080901.xml,nonDerivative,2026-09-02,S,Class A common stock,760,207.81,157935.6,7826818,D,Kurtz George,PRESIDENT AND CEO,true,true,false,PRESIDENT AND CEO,SEC EDGAR
CRWD|0001778564-26-000155|nonDerivative|2026-09-02|Kurtz George|S|Class A common stock|200|208.92|D,2026-09-11 04:29:41+0000,CRWD,"CrowdStrike Holdings, Inc.",0001535527,4,2026-09-04,2026-09-02,0001778564-26-000155,https://www.sec.gov/Archives/edgar/data/1535527/000177856426000155/form4-09042026_080901.xml,nonDerivative,2026-09-02,S,Class A common stock,200,208.92,41784.0,7826618,D,Kurtz George,PRESIDENT AND CEO,true,true,false,PRESIDENT AND CEO,SEC EDGAR
CRWD|0001778564-26-000155|nonDerivative|2026-09-02|Kurtz George|S|Class A common stock|240|210.31|D,2026-09-11 04:29:41+0000,CRWD,"CrowdStrike Holdings, Inc.",0001535527,4,2026-09-04,2026-09-02,0001778564-26-000155,https://www.sec.gov/Archives/edgar/data/1535527/000177856426000155/form4-09042026_080901.xml,nonDerivative,2026-09-02,S,Class A common stock,240,210.31,50474.4,7826378,D,Kurtz George,PRESIDENT AND CEO,true,true,false,PRESIDENT AND CEO,SEC EDGAR
CRWD|0001778564-26-000155|nonDerivative|2026-09-02|Kurtz George|S|Class A common stock|135|211.80|D,2026-09-11 04:29:41+0000,CRWD,"CrowdStrike Holdings, Inc.",0001535527,4,2026-09-04,2026-09-02,0001778564-26-000155,https://www.sec.gov/Archives/edgar/data/1535527/000177856426000155/form4-09042026_080901.xml,nonDerivative,2026-09-02,S,Class A common stock,135,211.80,28593.0,7826243,D,Kurtz George,PRESIDENT AND CEO,true,true,false,PRESIDENT AND CEO,SEC EDGAR
CRWD|0001778564-26-000155|nonDerivative|2026-09-02|Kurtz George|S|Class A common stock|224|214.72|D,2026-09-11 04:29:41+0000,CRWD,"CrowdStrike Holdings, Inc.",0001535527,4,2026-09-04,2026-09-02,0001778564-26-000155,https://www.sec.gov/Archives/edgar/data/1535527/000177856426000155/form4-09042026_080901.xml,nonDerivative,2026-09-02,S,Class A common stock,224,214.72,48097.28,7826019,D,Kurtz George,PRESIDENT AND CEO,true,true,false,PRESIDENT AND CEO,SEC EDGAR
CRWD|0001778564-26-000155|nonDerivative|2026-09-03|Kurtz George|S|Class A common stock|360|204.39|D,2026-09-11 04:29:41+0000,CRWD,"CrowdStrike Holdings, Inc.",0001535527,4,2026-09-04,2026-09-02,0001778564-26-000155,https://www.sec.gov/Archives/edgar/data/1535527/000177856426000155/form4-09042026_080901.xml,nonDerivative,2026-09-03,S,Class A common stock,360,204.39,73580.4,7825659,D,Kurtz George,PRESIDENT AND CEO,true,true,false,PRESIDENT AND CEO,SEC EDGAR
CRWD|0001778564-26-000155|nonDerivative|2026-09-03|Kurtz George|S|Class A common stock|229|205.77|D,2026-09-11 04:29:41+0000,CRWD,"CrowdStrike Holdings, Inc.",0001535527,4,2026-09-04,2026-09-02,0001778564-26-000155,https://www.sec.gov/Archives/edgar/data/1535527/000177856426000155/form4-09042026_080901.xml,nonDerivative,2026-09-03,S,Class A common stock,229,205.77,47121.33,7825430,D,Kurtz George,PRESIDENT AND CEO,true,true,false,PRESIDENT AND CEO,SEC EDGAR
CRWD|0001778564-26-000155|nonDerivative|2026-09-03|Kurtz George|S|Class A common stock|279|206.66|D,2026-09-11 04:29:41+0000,CRWD,"CrowdStrike Holdings, Inc.",0001535527,4,2026-09-04,2026-09-02,0001778564-26-000155,https://www.sec.gov/Archives/edgar/data/1535527/000177856426000155/form4-09042026_080901.xml,nonDerivative,2026-09-03,S,Class A common stock,279,206.66,57658.14,7825151,D,Kurtz George,PRESIDENT AND CEO,true,true,false,PRESIDENT AND CEO,SEC EDGAR
CRWD|0001778564-26-000155|nonDerivative|2026-09-03|Kurtz George|S|Class A common stock|1180|207.86|D,2026-09-11 04:29:41+0000,CRWD,"CrowdStrike Holdings, Inc.",0001535527,4,2026-09-04,2026-09-02,0001778564-26-000155,https://www.sec.gov/Archives/edgar/data/1535527/000177856426000155/form4-09042026_080901.xml,nonDerivative,2026-09-03,S,Class A common stock,1180,207.86,245274.80000000002,7823971,D,Kurtz George,PRESIDENT AND CEO,true,true,false,PRESIDENT AND CEO,SEC EDGAR
CRWD|0001778564-26-000155|nonDerivative|2026-09-03|Kurtz George|S|Class A common stock|471|208.76|D,2026-09-11 04:29:41+0000,CRWD,"CrowdStrike Holdings, Inc.",0001535527,4,2026-09-04,2026-09-02,0001778564-26-000155,https://www.sec.gov/Archives/edgar/data/1535527/000177856426000155/form4-09042026_080901.xml,nonDerivative,2026-09-03,S,Class A common stock,471,208.76,98325.95999999999,7823500,D,Kurtz George,PRESIDENT AND CEO,true,true,false,PRESIDENT AND CEO,SEC EDGAR
CRWD|0001778564-26-000155|nonDerivative|2026-09-03|Kurtz George|S|Class A common stock|282|209.91|D,2026-09-11 04:29:41+0000,CRWD,"CrowdStrike Holdings, Inc.",0001535527,4,2026-09-04,2026-09-02,0001778564-26-000155,https://www.sec.gov/Archives/edgar/data/1535527/000177856426000155/form4-09042026_080901.xml,nonDerivative,2026-09-03,S,Class A common stock,282,209.91,59194.62,7823218,D,Kurtz George,PRESIDENT AND CEO,true,true,false,PRESIDENT AND CEO,SEC EDGAR
CRWD|0001778564-26-000155|nonDerivative|2026-09-03|Kurtz George|S|Class A common stock|531|210.91|D,2026-09-11 04:29:41+0000,CRWD,"CrowdStrike Holdings, Inc.",0001535527,4,2026-09-04,2026-09-02,0001778564-26-000155,https://www.sec.gov/Archives/edgar/data/1535527/000177856426000155/form4-09042026_080901.xml,nonDerivative,2026-09-03,S,Class A common stock,531,210.91,111993.20999999999,7822687,D,Kurtz George,PRESIDENT AND CEO,true,true,false,PRESIDENT AND CEO,SEC EDGAR
CRWD|0001778564-26-000155|nonDerivative|2026-09-03|Kurtz George|S|Class A common stock|562|211.77|D,2026-09-11 04:29:41+0000,CRWD,"CrowdStrike Holdings, Inc.",0001535527,4,2026-09-04,2026-09-02,0001778564-26-000155,https://www.sec.gov/Archives/edgar/data/1535527/000177856426000155/form4-09042026_080901.xml,nonDerivative,2026-09-03,S,Class A common stock,562,211.77,119014.74,7822125,D,Kurtz George,PRESIDENT AND CEO,true,true,false,PRESIDENT AND CEO,SEC EDGAR
CRWD|0001778564-26-000155|nonDerivative|2026-09-03|Kurtz George|S|Class A common stock|2469|212.94|D,2026-09-11 04:29:41+0000,CRWD,"CrowdStrike Holdings, Inc.",0001535527,4,2026-09-04,2026-09-02,0001778564-26-000155,https://www.sec.gov/Archives/edgar/data/1535527/000177856426000155/form4-09042026_080901.xml,nonDerivative,2026-09-03,S,Class A common stock,2469,212.94,525748.86,7819656,D,Kurtz George,PRESIDENT AND CEO,true,true,false,PRESIDENT AND CEO,SEC EDGAR
CRWD|0001778564-26-000155|nonDerivative|2026-09-03|Kurtz George|S|Class A common stock|3037|213.73|D,2026-09-11 04:29:41+0000,CRWD,"CrowdStrike Holdings, Inc.",0001535527,4,2026-09-04,2026-09-02,0001778564-26-000155,https://www.sec.gov/Archives/edgar/data/1535527/000177856426000155/form4-09042026_080901.xml,nonDerivative,2026-09-03,S,Class A common stock,3037,213.73,649098.01,7816619,D,Kurtz George,PRESIDENT AND CEO,true,true,false,PRESIDENT AND CEO,SEC EDGAR
CRWD|0001778564-26-000155|nonDerivative|2026-09-03|Kurtz George|S|Class A common stock|600|214.75|D,2026-09-11 04:29:41+0000,CRWD,"CrowdStrike Holdings, Inc.",0001535527,4,2026-09-04,2026-09-02,0001778564-26-000155,https://www.sec.gov/Archives/edgar/data/1535527/000177856426000155/form4-09042026_080901.xml,nonDerivative,2026-09-03,S,Class A common stock,600,214.75,128850.0,7816019,D,Kurtz George,PRESIDENT AND CEO,true,true,false,PRESIDENT AND CEO,SEC EDGAR
CRM|0001108524-26-000199|nonDerivative|2026-09-04|Conway Craig|S|Common Stock|1418|260.4958|D,2026-09-11 04:29:41+0000,CRM,"Salesforce, Inc.",0001108524,4,2026-09-04,2026-09-04,0001108524-26-000199,https://www.sec.gov/Archives/edgar/data/1108524/000110852426000199/form4.xml,nonDerivative,2026-09-04,S,Common Stock,1418,260.4958,369383.04439999996,8519,D,Conway Craig,Director,1,,,,SEC EDGAR
CRM|0001108524-26-000199|nonDerivative|2026-09-04|Conway Craig|S|Common Stock|3082|260.6629|D,2026-09-11 04:29:41+0000,CRM,"Salesforce, Inc.",0001108524,4,2026-09-04,2026-09-04,0001108524-26-000199,https://www.sec.gov/Archives/edgar/data/1108524/000110852426000199/form4.xml,nonDerivative,2026-09-04,S,Common Stock,3082,260.6629,803363.0578,5437,D,Conway Craig,Director,1,,,,SEC EDGAR
BRK-B|0001728451-26-000003|nonDerivative|2026-09-03|Jain Ajit|G|Class B Common Stock|10||D,2026-09-11 04:29:41+0000,BRK-B,BERKSHIRE HATHAWAY INC,0001067983,4,2026-09-04,2026-09-03,0001728451-26-000003,https://www.sec.gov/Archives/edgar/data/1067983/000172845126000003/primary_doc.xml,nonDerivative,2026-09-03,G,Class B Common Stock,10,,,317,D,Jain Ajit,"Director, Officer, Vice Chairman",1,1,0,Vice Chairman,SEC EDGAR
"BAC|0000070858-26-000464|nonDerivative|2026-03-10|Okpara Johnbull|J|Preferred Stock, Series DD|50|1000.00|D",2026-09-11 04:29:41+0000,BAC,BANK OF AMERICA CORP /DE/,0000070858,4,2026-09-04,2026-03-10,0000070858-26-000464,https://www.sec.gov/Archives/edgar/data/70858/000007085826000464/form4.xml,nonDerivative,2026-03-10,J,"Preferred Stock, Series DD",50,1000.00,50000.0,0,D,Okpara Johnbull,"Officer, Chief Accounting Officer",,1,,Chief Accounting Officer,SEC EDGAR
AMCR|0001775837-26-000006|nonDerivative|2026-09-02|Wilson Ian|M|Ordinary Shares|5782||D,2026-09-11 04:29:41+0000,AMCR,Amcor plc,0001748790,4,2026-09-04,2026-09-02,0001775837-26-000006,https://www.sec.gov/Archives/edgar/data/1748790/000177583726000006/form4-09042026_080935.xml,nonDerivative,2026-09-02,M,Ordinary Shares,5782,,,92671.20,D,Wilson Ian,EXECUTIVE VICE PRESIDENT,false,true,false,EXECUTIVE VICE PRESIDENT,SEC EDGAR
AMCR|0001775837-26-000006|nonDerivative|2026-09-02|Wilson Ian|F|Ordinary Shares|514|45.82|D,2026-09-11 04:29:41+0000,AMCR,Amcor plc,0001748790,4,2026-09-04,2026-09-02,0001775837-26-000006,https://www.sec.gov/Archives/edgar/data/1748790/000177583726000006/form4-09042026_080935.xml,nonDerivative,2026-09-02,F,Ordinary Shares,514,45.82,23551.48,92157.20,D,Wilson Ian,EXECUTIVE VICE PRESIDENT,false,true,false,EXECUTIVE VICE PRESIDENT,SEC EDGAR
AMCR|0001775837-26-000006|derivative|2026-09-02|Wilson Ian|M|Restricted Stock Units|5782|0|D,2026-09-11 04:29:41+0000,AMCR,Amcor plc,0001748790,4,2026-09-04,2026-09-02,0001775837-26-000006,https://www.sec.gov/Archives/edgar/data/1748790/000177583726000006/form4-09042026_080935.xml,derivative,2026-09-02,M,Restricted Stock Units,5782,0,0.0,0,D,Wilson Ian,EXECUTIVE VICE PRESIDENT,false,true,false,EXECUTIVE VICE PRESIDENT,SEC EDGAR
AJG|0000354190-26-000203|nonDerivative|2026-09-02|Hudson Scott R|M|Common Stock|12000|86.17|D,2026-09-11 04:29:41+0000,AJG,Arthur J. Gallagher & Co.,0000354190,4,2026-09-04,2026-09-02,0000354190-26-000203,https://www.sec.gov/Archives/edgar/data/354190/000035419026000203/form4.xml,nonDerivative,2026-09-02,M,Common Stock,12000,86.17,1034040.0,102262,D,Hudson Scott R,"Officer, Vice President",,1,,Vice President,SEC EDGAR
AJG|0000354190-26-000203|nonDerivative|2026-09-02|Hudson Scott R|S|Common Stock|12000|264.133|D,2026-09-11 04:29:41+0000,AJG,Arthur J. Gallagher & Co.,0000354190,4,2026-09-04,2026-09-02,0000354190-26-000203,https://www.sec.gov/Archives/edgar/data/354190/000035419026000203/form4.xml,nonDerivative,2026-09-02,S,Common Stock,12000,264.133,3169596.0,90262,D,Hudson Scott R,"Officer, Vice President",,1,,Vice President,SEC EDGAR
AJG|0000354190-26-000203|derivative|2026-09-02|Hudson Scott R|M|Non-qualified Stock Option|12000|0|D,2026-09-11 04:29:41+0000,AJG,Arthur J. Gallagher & Co.,0000354190,4,2026-09-04,2026-09-02,0000354190-26-000203,https://www.sec.gov/Archives/edgar/data/354190/000035419026000203/form4.xml,derivative,2026-09-02,M,Non-qualified Stock Option,12000,0,0.0,12370,D,Hudson Scott R,"Officer, Vice President",,1,,Vice President,SEC EDGAR
"AFL|0001104659-26-105282|nonDerivative|2026-09-02|Japan Post Holdings Co., Ltd.|S|Common Stock|13500|117.19|I",2026-09-11 04:29:41+0000,AFL,AFLAC INC,0000004977,4,2026-09-04,2026-09-02,0001104659-26-105282,https://www.sec.gov/Archives/edgar/data/4977/000110465926105282/tm2624595-2_4seq1.xml,nonDerivative,2026-09-02,S,Common Stock,13500,117.19,1582065.0,50687690,I,"Japan Post Holdings Co., Ltd.",10% Owner,0,0,1,,SEC EDGAR
ADP|0001225208-26-007685|nonDerivative|2026-09-03|DeSilva Joseph|S|Common Stock|631.0000|282.8700|D,2026-09-11 04:29:41+0000,ADP,AUTOMATIC DATA PROCESSING INC,0000008670,4,2026-09-04,2026-09-03,0001225208-26-007685,https://www.sec.gov/Archives/edgar/data/8670/000122520826007685/doc4.xml,nonDerivative,2026-09-03,S,Common Stock,631.0000,282.8700,178490.97,18824.1880,D,DeSilva Joseph,"Officer, Executive VP",,1,,Executive VP,SEC EDGAR
