unique_key,collected_at_utc,ticker,company_name,cik,form,filing_date,report_date,accession_number,filing_url,transaction_table,transaction_date,transaction_code,security_title,shares,price,total_amount,shares_owned_after,ownership_type,reporting_owner,relationship,is_director,is_officer,is_ten_percent_owner,officer_title,source
XYZ|0001628280-26-049647|nonDerivative|2026-07-22|Eisen Anthony Mathew|S|Class A  Common Stock|6000|79.10|D,2026-07-27 03:57:10+0000,XYZ,"Block, Inc.",0001512673,4,2026-07-24,2026-07-22,0001628280-26-049647,https://www.sec.gov/Archives/edgar/data/1512673/000162828026049647/wk-form4_1784928388.xml,nonDerivative,2026-07-22,S,Class A  Common Stock,6000,79.10,474599.99999999994,1661672,D,Eisen Anthony Mathew,Director,1,0,0,,SEC EDGAR
XYZ|0001628280-26-049647|nonDerivative|2026-07-23|Eisen Anthony Mathew|S|Class A  Common Stock|6000|77.32|D,2026-07-27 03:57:10+0000,XYZ,"Block, Inc.",0001512673,4,2026-07-24,2026-07-22,0001628280-26-049647,https://www.sec.gov/Archives/edgar/data/1512673/000162828026049647/wk-form4_1784928388.xml,nonDerivative,2026-07-23,S,Class A  Common Stock,6000,77.32,463919.99999999994,1655672,D,Eisen Anthony Mathew,Director,1,0,0,,SEC EDGAR
XYZ|0001628280-26-049647|nonDerivative|2026-07-24|Eisen Anthony Mathew|S|Class A  Common Stock|6000|77.03|D,2026-07-27 03:57:10+0000,XYZ,"Block, Inc.",0001512673,4,2026-07-24,2026-07-22,0001628280-26-049647,https://www.sec.gov/Archives/edgar/data/1512673/000162828026049647/wk-form4_1784928388.xml,nonDerivative,2026-07-24,S,Class A  Common Stock,6000,77.03,462180.0,1649672,D,Eisen Anthony Mathew,Director,1,0,0,,SEC EDGAR
"USB|0001225208-26-006739|nonDerivative|2026-07-23|CHOSY JAMES L|M|Common Stock, $0.01 par value|24711.0000|55.0100|D",2026-07-27 03:57:10+0000,USB,US BANCORP \DE\,0000036104,4,2026-07-24,2026-07-23,0001225208-26-006739,https://www.sec.gov/Archives/edgar/data/36104/000122520826006739/doc4.xml,nonDerivative,2026-07-23,M,"Common Stock, $0.01 par value",24711.0000,55.0100,1359352.1099999999,275652.0000,D,CHOSY JAMES L,"Officer, Senior EVP and General Counsel",,1,,Senior EVP and General Counsel,SEC EDGAR
"USB|0001225208-26-006739|nonDerivative|2026-07-23|CHOSY JAMES L|S|Common Stock, $0.01 par value|22968.0000|63.2800|D",2026-07-27 03:57:10+0000,USB,US BANCORP \DE\,0000036104,4,2026-07-24,2026-07-23,0001225208-26-006739,https://www.sec.gov/Archives/edgar/data/36104/000122520826006739/doc4.xml,nonDerivative,2026-07-23,S,"Common Stock, $0.01 par value",22968.0000,63.2800,1453415.04,252684.0000,D,CHOSY JAMES L,"Officer, Senior EVP and General Counsel",,1,,Senior EVP and General Counsel,SEC EDGAR
USB|0001225208-26-006739|derivative|2026-07-23|CHOSY JAMES L|M|Employee Stock Option (Right to Buy)|24711.0000|0.0000|D,2026-07-27 03:57:10+0000,USB,US BANCORP \DE\,0000036104,4,2026-07-24,2026-07-23,0001225208-26-006739,https://www.sec.gov/Archives/edgar/data/36104/000122520826006739/doc4.xml,derivative,2026-07-23,M,Employee Stock Option (Right to Buy),24711.0000,0.0000,0.0,0.0000,D,CHOSY JAMES L,"Officer, Senior EVP and General Counsel",,1,,Senior EVP and General Counsel,SEC EDGAR
URI|0001193125-26-316294|nonDerivative|2026-07-24|Grace William E.|S|Common Stock|1500|1133.1544|D,2026-07-27 03:57:10+0000,URI,"UNITED RENTALS, INC.",0001067701,4,2026-07-24,2026-07-24,0001193125-26-316294,https://www.sec.gov/Archives/edgar/data/1067701/000119312526316294/ownership.xml,nonDerivative,2026-07-24,S,Common Stock,1500,1133.1544,1699731.5999999999,6061.653,D,Grace William E.,"EVP, CFO",false,true,false,"EVP, CFO",SEC EDGAR
UDR|0002074905-26-000006|nonDerivative|2026-07-23|Bragg David D.|F|Common Stock|2134.0000|39.4800|D,2026-07-27 03:57:10+0000,UDR,"UDR, Inc.",0000074208,4,2026-07-24,2026-07-23,0002074905-26-000006,https://www.sec.gov/Archives/edgar/data/74208/000207490526000006/f4_a1eus000009qkbvmas-live.xml,nonDerivative,2026-07-23,F,Common Stock,2134.0000,39.4800,84250.31999999999,27892.0000,D,Bragg David D.,SVP - Chief Financial Officer,false,true,false,SVP - Chief Financial Officer,SEC EDGAR
TRV|0000086312-26-000156|nonDerivative|2026-07-22|Rowland David Donnay|M|Common Stock|5000|132.58|D,2026-07-27 03:57:10+0000,TRV,"TRAVELERS COMPANIES, INC.",0000086312,4,2026-07-24,2026-07-22,0000086312-26-000156,https://www.sec.gov/Archives/edgar/data/86312/000008631226000156/form4.xml,nonDerivative,2026-07-22,M,Common Stock,5000,132.58,662900.0000000001,15478.629,D,Rowland David Donnay,"Officer, EVP & Co-Chief Invest. Officer",,1,,EVP & Co-Chief Invest. Officer,SEC EDGAR
TRV|0000086312-26-000156|nonDerivative|2026-07-22|Rowland David Donnay|S|Common Stock|5000|371.688|D,2026-07-27 03:57:10+0000,TRV,"TRAVELERS COMPANIES, INC.",0000086312,4,2026-07-24,2026-07-22,0000086312-26-000156,https://www.sec.gov/Archives/edgar/data/86312/000008631226000156/form4.xml,nonDerivative,2026-07-22,S,Common Stock,5000,371.688,1858440.0,10478.629,D,Rowland David Donnay,"Officer, EVP & Co-Chief Invest. Officer",,1,,EVP & Co-Chief Invest. Officer,SEC EDGAR
TRV|0000086312-26-000156|derivative|2026-07-22|Rowland David Donnay|M|Stock Options (Right to Buy)|5000|0|D,2026-07-27 03:57:10+0000,TRV,"TRAVELERS COMPANIES, INC.",0000086312,4,2026-07-24,2026-07-22,0000086312-26-000156,https://www.sec.gov/Archives/edgar/data/86312/000008631226000156/form4.xml,derivative,2026-07-22,M,Stock Options (Right to Buy),5000,0,0.0,22755,D,Rowland David Donnay,"Officer, EVP & Co-Chief Invest. Officer",,1,,EVP & Co-Chief Invest. Officer,SEC EDGAR
TRV|0000086312-26-000154|nonDerivative|2026-07-22|Munson Paul E.|M|Common Stock|1525|126.18|D,2026-07-27 03:57:10+0000,TRV,"TRAVELERS COMPANIES, INC.",0000086312,4,2026-07-24,2026-07-22,0000086312-26-000154,https://www.sec.gov/Archives/edgar/data/86312/000008631226000154/form4.xml,nonDerivative,2026-07-22,M,Common Stock,1525,126.18,192424.5,2260.338,D,Munson Paul E.,"Officer, SVP & Corp. Controller",,1,,SVP & Corp. Controller,SEC EDGAR
TRV|0000086312-26-000154|nonDerivative|2026-07-22|Munson Paul E.|S|Common Stock|1525|369.905|D,2026-07-27 03:57:10+0000,TRV,"TRAVELERS COMPANIES, INC.",0000086312,4,2026-07-24,2026-07-22,0000086312-26-000154,https://www.sec.gov/Archives/edgar/data/86312/000008631226000154/form4.xml,nonDerivative,2026-07-22,S,Common Stock,1525,369.905,564105.125,735.338,D,Munson Paul E.,"Officer, SVP & Corp. Controller",,1,,SVP & Corp. Controller,SEC EDGAR
TRV|0000086312-26-000154|derivative|2026-07-22|Munson Paul E.|M|Stock Options (Right to Buy)|1525|0|D,2026-07-27 03:57:10+0000,TRV,"TRAVELERS COMPANIES, INC.",0000086312,4,2026-07-24,2026-07-22,0000086312-26-000154,https://www.sec.gov/Archives/edgar/data/86312/000008631226000154/form4.xml,derivative,2026-07-22,M,Stock Options (Right to Buy),1525,0,0.0,0,D,Munson Paul E.,"Officer, SVP & Corp. Controller",,1,,SVP & Corp. Controller,SEC EDGAR
TRV|0000086312-26-000152|nonDerivative|2026-07-22|BESSETTE ANDY F|S|Common Stock|2900|368.0865|D,2026-07-27 03:57:10+0000,TRV,"TRAVELERS COMPANIES, INC.",0000086312,4,2026-07-24,2026-07-22,0000086312-26-000152,https://www.sec.gov/Archives/edgar/data/86312/000008631226000152/form4.xml,nonDerivative,2026-07-22,S,Common Stock,2900,368.0865,1067450.85,21384.397,D,BESSETTE ANDY F,"Officer, EVP and Chief Admin Officer",,1,,EVP and Chief Admin Officer,SEC EDGAR
TRV|0000086312-26-000152|nonDerivative|2026-07-22|BESSETTE ANDY F|S|Common Stock|100|368.865|D,2026-07-27 03:57:10+0000,TRV,"TRAVELERS COMPANIES, INC.",0000086312,4,2026-07-24,2026-07-22,0000086312-26-000152,https://www.sec.gov/Archives/edgar/data/86312/000008631226000152/form4.xml,nonDerivative,2026-07-22,S,Common Stock,100,368.865,36886.5,21284.397,D,BESSETTE ANDY F,"Officer, EVP and Chief Admin Officer",,1,,EVP and Chief Admin Officer,SEC EDGAR
TPL|0001437749-26-024380|nonDerivative|2026-07-23|HORIZON KINETICS ASSET MANAGEMENT LLC|P|Common Stock|1|429.51|D,2026-07-27 03:57:10+0000,TPL,Texas Pacific Land Corp,0001811074,4,2026-07-24,2026-07-23,0001437749-26-024380,https://www.sec.gov/Archives/edgar/data/1811074/000143774926024380/rdgdoc.xml,nonDerivative,2026-07-23,P,Common Stock,1,429.51,429.51,3263682,D,HORIZON KINETICS ASSET MANAGEMENT LLC,10% Owner,,,1,,SEC EDGAR
STZ|0001622077-26-000004|derivative|2026-07-22|Zaramella Luca|A|Restricted Stock Units|1400|0|D,2026-07-27 03:57:10+0000,STZ,"CONSTELLATION BRANDS, INC.",0000016918,4,2026-07-24,2026-07-22,0001622077-26-000004,https://www.sec.gov/Archives/edgar/data/16918/000162207726000004/wk-form4_1784925632.xml,derivative,2026-07-22,A,Restricted Stock Units,1400,0,0.0,1400,D,Zaramella Luca,Director,1,0,0,,SEC EDGAR
STZ|0001245564-26-000004|derivative|2026-07-22|SANDS ROBERT|A|Restricted Stock Units|1400|0|D,2026-07-27 03:57:10+0000,STZ,"CONSTELLATION BRANDS, INC.",0000016918,4,2026-07-24,2026-07-22,0001245564-26-000004,https://www.sec.gov/Archives/edgar/data/16918/000124556426000004/wk-form4_1784925534.xml,derivative,2026-07-22,A,Restricted Stock Units,1400,0,0.0,1400,D,SANDS ROBERT,"Director, 10% Owner",1,0,1,,SEC EDGAR
STZ|0001245563-26-000004|derivative|2026-07-22|SANDS RICHARD|A|Restricted Stock Units|1400|0|D,2026-07-27 03:57:10+0000,STZ,"CONSTELLATION BRANDS, INC.",0000016918,4,2026-07-24,2026-07-22,0001245563-26-000004,https://www.sec.gov/Archives/edgar/data/16918/000124556326000004/wk-form4_1784925454.xml,derivative,2026-07-22,A,Restricted Stock Units,1400,0,0.0,1400,D,SANDS RICHARD,"Director, 10% Owner",1,0,1,,SEC EDGAR
STZ|0001789014-26-000006|derivative|2026-07-22|Madero Garza Jose Manuel|A|Restricted Stock Units|1400|0|D,2026-07-27 03:57:10+0000,STZ,"CONSTELLATION BRANDS, INC.",0000016918,4,2026-07-24,2026-07-22,0001789014-26-000006,https://www.sec.gov/Archives/edgar/data/16918/000178901426000006/wk-form4_1784925282.xml,derivative,2026-07-22,A,Restricted Stock Units,1400,0,0.0,1400,D,Madero Garza Jose Manuel,Director,1,0,0,,SEC EDGAR
STZ|0001179507-26-000004|derivative|2026-07-22|MCCARTHY DANIEL J|A|Restricted Stock Units|1400|0|D,2026-07-27 03:57:10+0000,STZ,"CONSTELLATION BRANDS, INC.",0000016918,4,2026-07-24,2026-07-22,0001179507-26-000004,https://www.sec.gov/Archives/edgar/data/16918/000117950726000004/wk-form4_1784925377.xml,derivative,2026-07-22,A,Restricted Stock Units,1400,0,0.0,1400,D,MCCARTHY DANIEL J,Director,1,0,0,,SEC EDGAR
STZ|0001614357-26-000006|derivative|2026-07-22|Hernandez Ernesto M|A|Restricted Stock Units|1400|0|D,2026-07-27 03:57:10+0000,STZ,"CONSTELLATION BRANDS, INC.",0000016918,4,2026-07-24,2026-07-22,0001614357-26-000006,https://www.sec.gov/Archives/edgar/data/16918/000161435726000006/wk-form4_1784925187.xml,derivative,2026-07-22,A,Restricted Stock Units,1400,0,0.0,1400,D,Hernandez Ernesto M,Director,1,0,0,,SEC EDGAR
STZ|0001199820-26-000004|derivative|2026-07-22|GILES WILLIAM T|A|Restricted Stock Units|1400|0|D,2026-07-27 03:57:10+0000,STZ,"CONSTELLATION BRANDS, INC.",0000016918,4,2026-07-24,2026-07-22,0001199820-26-000004,https://www.sec.gov/Archives/edgar/data/16918/000119982026000004/wk-form4_1784925111.xml,derivative,2026-07-22,A,Restricted Stock Units,1400,0,0.0,1400,D,GILES WILLIAM T,Director,1,0,0,,SEC EDGAR
STZ|0001962944-26-000009|derivative|2026-07-22|Flatley Edith Morgan|A|Restricted Stock Units|1400|0|D,2026-07-27 03:57:10+0000,STZ,"CONSTELLATION BRANDS, INC.",0000016918,4,2026-07-24,2026-07-22,0001962944-26-000009,https://www.sec.gov/Archives/edgar/data/16918/000196294426000009/wk-form4_1784925002.xml,derivative,2026-07-22,A,Restricted Stock Units,1400,0,0.0,1400,D,Flatley Edith Morgan,Director,1,0,0,,SEC EDGAR
STZ|0001410523-26-000005|derivative|2026-07-22|Daniels Jennifer|A|Restricted Stock Units|1400|0|D,2026-07-27 03:57:10+0000,STZ,"CONSTELLATION BRANDS, INC.",0000016918,4,2026-07-24,2026-07-22,0001410523-26-000005,https://www.sec.gov/Archives/edgar/data/16918/000141052326000005/wk-form4_1784924884.xml,derivative,2026-07-22,A,Restricted Stock Units,1400,0,0.0,1400,D,Daniels Jennifer,Director,1,0,0,,SEC EDGAR
STZ|0001788987-26-000004|derivative|2026-07-22|Clark Christy|A|Restricted Stock Units|1400|0|D,2026-07-27 03:57:10+0000,STZ,"CONSTELLATION BRANDS, INC.",0000016918,4,2026-07-24,2026-07-22,0001788987-26-000004,https://www.sec.gov/Archives/edgar/data/16918/000178898726000004/wk-form4_1784924802.xml,derivative,2026-07-22,A,Restricted Stock Units,1400,0,0.0,1400,D,Clark Christy,Director,1,0,0,,SEC EDGAR
STZ|0001306296-26-000004|derivative|2026-07-22|Baldwin Christopher J|A|Restricted Stock Units|1400|0|D,2026-07-27 03:57:10+0000,STZ,"CONSTELLATION BRANDS, INC.",0000016918,4,2026-07-24,2026-07-22,0001306296-26-000004,https://www.sec.gov/Archives/edgar/data/16918/000130629626000004/wk-form4_1784924689.xml,derivative,2026-07-22,A,Restricted Stock Units,1400,0,0.0,1400,D,Baldwin Christopher J,Director,1,0,0,,SEC EDGAR
STX|0001137789-26-000150|nonDerivative|2026-07-22|Lee James CI|M|Ordinary Shares|1237|0|D,2026-07-27 03:57:10+0000,STX,Seagate Technology Holdings plc,0001137789,4,2026-07-24,2026-07-22,0001137789-26-000150,https://www.sec.gov/Archives/edgar/data/1137789/000113778926000150/wk-form4_1784924313.xml,nonDerivative,2026-07-22,M,Ordinary Shares,1237,0,0.0,1561,D,Lee James CI,"Officer, EVP & CLO",0,1,0,EVP & CLO,SEC EDGAR
STX|0001137789-26-000150|nonDerivative|2026-07-23|Lee James CI|S|Ordinary Shares|542.25|905.0087|D,2026-07-27 03:57:10+0000,STX,Seagate Technology Holdings plc,0001137789,4,2026-07-24,2026-07-22,0001137789-26-000150,https://www.sec.gov/Archives/edgar/data/1137789/000113778926000150/wk-form4_1784924313.xml,nonDerivative,2026-07-23,S,Ordinary Shares,542.25,905.0087,490740.96757499996,1018.75,D,Lee James CI,"Officer, EVP & CLO",0,1,0,EVP & CLO,SEC EDGAR
STX|0001137789-26-000150|derivative|2026-07-22|Lee James CI|M|Restricted Share Unit|1237|0|D,2026-07-27 03:57:10+0000,STX,Seagate Technology Holdings plc,0001137789,4,2026-07-24,2026-07-22,0001137789-26-000150,https://www.sec.gov/Archives/edgar/data/1137789/000113778926000150/wk-form4_1784924313.xml,derivative,2026-07-22,M,Restricted Share Unit,1237,0,0.0,9902,D,Lee James CI,"Officer, EVP & CLO",0,1,0,EVP & CLO,SEC EDGAR
PNC|0001628280-26-049527|nonDerivative|2026-07-22|Deborah Guild|S|$5 Par Common Stock|1200|252.195|D,2026-07-27 03:57:10+0000,PNC,"PNC FINANCIAL SERVICES GROUP, INC.",0000713676,4,2026-07-24,2026-07-22,0001628280-26-049527,https://www.sec.gov/Archives/edgar/data/713676/000162828026049527/wk-form4_1784909360.xml,nonDerivative,2026-07-22,S,$5 Par Common Stock,1200,252.195,302634.0,36527,D,Deborah Guild,"Officer, Executive Vice President",0,1,0,Executive Vice President,SEC EDGAR
PNC|0001628280-26-049527|nonDerivative|2026-07-22|Deborah Guild|G|$5 Par Common Stock|72|0|D,2026-07-27 03:57:10+0000,PNC,"PNC FINANCIAL SERVICES GROUP, INC.",0000713676,4,2026-07-24,2026-07-22,0001628280-26-049527,https://www.sec.gov/Archives/edgar/data/713676/000162828026049527/wk-form4_1784909360.xml,nonDerivative,2026-07-22,G,$5 Par Common Stock,72,0,0.0,36455,D,Deborah Guild,"Officer, Executive Vice President",0,1,0,Executive Vice President,SEC EDGAR
PLTR|0001705189-26-000013|derivative|2026-07-22|Buckley Jeffrey|A|Stock Appreciation Rights|17124|0|D,2026-07-27 03:57:10+0000,PLTR,Palantir Technologies Inc.,0001321655,4,2026-07-24,2026-07-22,0001705189-26-000013,https://www.sec.gov/Archives/edgar/data/1321655/000170518926000013/wk-form4_1784937605.xml,derivative,2026-07-22,A,Stock Appreciation Rights,17124,0,0.0,17124,D,Buckley Jeffrey,"Officer, See Remarks",0,1,0,See Remarks,SEC EDGAR
PCG|0001628280-26-049604|nonDerivative|2026-07-22|Santos Marlene|S|Common Stock|158250|18|D,2026-07-27 03:57:10+0000,PCG,PG&E Corp,0001004980,4,2026-07-24,2026-07-22,0001628280-26-049604,https://www.sec.gov/Archives/edgar/data/1004980/000162828026049604/wk-form4_1784924139.xml,nonDerivative,2026-07-22,S,Common Stock,158250,18,2848500.0,230885,D,Santos Marlene,,0,0,0,,SEC EDGAR
PCG|0001628280-26-049606|nonDerivative|2026-07-22|Cooper Kerry Whorton|S|Common Stock|1250|18|D,2026-07-27 03:57:10+0000,PCG,PG&E Corp,0001004980,4,2026-07-24,2026-07-22,0001628280-26-049606,https://www.sec.gov/Archives/edgar/data/1004980/000162828026049606/wk-form4_1784924226.xml,nonDerivative,2026-07-22,S,Common Stock,1250,18,22500.0,88475.45,D,Cooper Kerry Whorton,Director,1,0,0,,SEC EDGAR
MRSH|0000062709-26-000198|nonDerivative|2026-07-23|Yates Lloyd M|S|Common Stock|12000|175.65|D,2026-07-27 03:57:10+0000,MRSH,"MARSH & MCLENNAN COMPANIES, INC.",0000062709,4,2026-07-24,2026-07-23,0000062709-26-000198,https://www.sec.gov/Archives/edgar/data/62709/000006270926000198/form4.xml,nonDerivative,2026-07-23,S,Common Stock,12000,175.65,2107800.0,12000.75,D,Yates Lloyd M,Director,1,,,,SEC EDGAR
MMM|0000066740-26-000256|nonDerivative|2026-07-23|Reinseth Theresa E|S|Common Stock|924|169.4201|D,2026-07-27 03:57:10+0000,MMM,3M CO,0000066740,4,2026-07-24,2026-07-23,0000066740-26-000256,https://www.sec.gov/Archives/edgar/data/66740/000006674026000256/form4.xml,nonDerivative,2026-07-23,S,Common Stock,924,169.4201,156544.17239999998,2615.1084,D,Reinseth Theresa E,"Officer, Sr Vice President & CAO",,1,,Sr Vice President & CAO,SEC EDGAR
MMM|0000066740-26-000255|nonDerivative|2026-07-23|Banovetz John Patrick|M|Common Stock|7880|154.69|D,2026-07-27 03:57:10+0000,MMM,3M CO,0000066740,4,2026-07-24,2026-07-23,0000066740-26-000255,https://www.sec.gov/Archives/edgar/data/66740/000006674026000255/form4.xml,nonDerivative,2026-07-23,M,Common Stock,7880,154.69,1218957.2,57936.816,D,Banovetz John Patrick,"Officer, Executive Vice President",,1,,Executive Vice President,SEC EDGAR
MMM|0000066740-26-000255|nonDerivative|2026-07-23|Banovetz John Patrick|S|Common Stock|7880|170.44|D,2026-07-27 03:57:10+0000,MMM,3M CO,0000066740,4,2026-07-24,2026-07-23,0000066740-26-000255,https://www.sec.gov/Archives/edgar/data/66740/000006674026000255/form4.xml,nonDerivative,2026-07-23,S,Common Stock,7880,170.44,1343067.2,50056.816,D,Banovetz John Patrick,"Officer, Executive Vice President",,1,,Executive Vice President,SEC EDGAR
MMM|0000066740-26-000255|derivative|2026-07-23|Banovetz John Patrick|M|Non-qualified Stock Option (Right to Buy)|7880|0|D,2026-07-27 03:57:10+0000,MMM,3M CO,0000066740,4,2026-07-24,2026-07-23,0000066740-26-000255,https://www.sec.gov/Archives/edgar/data/66740/000006674026000255/form4.xml,derivative,2026-07-23,M,Non-qualified Stock Option (Right to Buy),7880,0,0.0,0,D,Banovetz John Patrick,"Officer, Executive Vice President",,1,,Executive Vice President,SEC EDGAR
KEY|0002053125-26-000003|nonDerivative|2026-07-22|Ramani Mohit|S|Common Shares|25000|22.74|D,2026-07-27 03:57:10+0000,KEY,KEYCORP /NEW/,0000091576,4,2026-07-24,2026-07-22,0002053125-26-000003,https://www.sec.gov/Archives/edgar/data/91576/000205312526000003/wk-form4_1784923583.xml,nonDerivative,2026-07-22,S,Common Shares,25000,22.74,568500.0,29855,D,Ramani Mohit,"Officer, Chief Risk Officer",0,1,0,Chief Risk Officer,SEC EDGAR
"HOOD|0001783879-26-000101|nonDerivative|2026-07-22|Robinhood Markets, Inc.|S|Common Shares of Beneficial Interest|2114|26.96|D",2026-07-27 03:57:10+0000,HOOD,"Robinhood Markets, Inc.",0001783879,4,2026-07-24,2026-07-22,0001783879-26-000101,https://www.sec.gov/Archives/edgar/data/1783879/000178387926000101/wk-form4_1784928110.xml,nonDerivative,2026-07-22,S,Common Shares of Beneficial Interest,2114,26.96,56993.44,13207592,D,"Robinhood Markets, Inc.",10% Owner,0,0,1,,SEC EDGAR
"HOOD|0001783879-26-000101|nonDerivative|2026-07-22|Robinhood Markets, Inc.|S|Common Shares of Beneficial Interest|15650|27.49|D",2026-07-27 03:57:10+0000,HOOD,"Robinhood Markets, Inc.",0001783879,4,2026-07-24,2026-07-22,0001783879-26-000101,https://www.sec.gov/Archives/edgar/data/1783879/000178387926000101/wk-form4_1784928110.xml,nonDerivative,2026-07-22,S,Common Shares of Beneficial Interest,15650,27.49,430218.5,13191942,D,"Robinhood Markets, Inc.",10% Owner,0,0,1,,SEC EDGAR
"HOOD|0001783879-26-000101|nonDerivative|2026-07-23|Robinhood Markets, Inc.|S|Common Shares of Beneficial Interest|10549|26.02|D",2026-07-27 03:57:10+0000,HOOD,"Robinhood Markets, Inc.",0001783879,4,2026-07-24,2026-07-22,0001783879-26-000101,https://www.sec.gov/Archives/edgar/data/1783879/000178387926000101/wk-form4_1784928110.xml,nonDerivative,2026-07-23,S,Common Shares of Beneficial Interest,10549,26.02,274484.98,13181393,D,"Robinhood Markets, Inc.",10% Owner,0,0,1,,SEC EDGAR
"HOOD|0001783879-26-000101|nonDerivative|2026-07-23|Robinhood Markets, Inc.|S|Common Shares of Beneficial Interest|118|26.79|D",2026-07-27 03:57:10+0000,HOOD,"Robinhood Markets, Inc.",0001783879,4,2026-07-24,2026-07-22,0001783879-26-000101,https://www.sec.gov/Archives/edgar/data/1783879/000178387926000101/wk-form4_1784928110.xml,nonDerivative,2026-07-23,S,Common Shares of Beneficial Interest,118,26.79,3161.22,13181275,D,"Robinhood Markets, Inc.",10% Owner,0,0,1,,SEC EDGAR
DELL|0001662205-26-000009|nonDerivative|2026-07-22|Radakovich Lynn Vojvodich|M|Class C Common Stock|2022|31.14|D,2026-07-27 03:57:10+0000,DELL,Dell Technologies Inc.,0001571996,4,2026-07-24,2026-07-22,0001662205-26-000009,https://www.sec.gov/Archives/edgar/data/1571996/000166220526000009/wk-form4_1784923775.xml,nonDerivative,2026-07-22,M,Class C Common Stock,2022,31.14,62965.08,27289,D,Radakovich Lynn Vojvodich,Director,1,0,0,,SEC EDGAR
DELL|0001662205-26-000009|nonDerivative|2026-07-22|Radakovich Lynn Vojvodich|S|Class C Common Stock|2022|413.77|D,2026-07-27 03:57:10+0000,DELL,Dell Technologies Inc.,0001571996,4,2026-07-24,2026-07-22,0001662205-26-000009,https://www.sec.gov/Archives/edgar/data/1571996/000166220526000009/wk-form4_1784923775.xml,nonDerivative,2026-07-22,S,Class C Common Stock,2022,413.77,836642.94,25267,D,Radakovich Lynn Vojvodich,Director,1,0,0,,SEC EDGAR
DELL|0001662205-26-000009|derivative|2026-07-22|Radakovich Lynn Vojvodich|M|Options to Acquire Class C Common Stock|2022|0|D,2026-07-27 03:57:10+0000,DELL,Dell Technologies Inc.,0001571996,4,2026-07-24,2026-07-22,0001662205-26-000009,https://www.sec.gov/Archives/edgar/data/1571996/000166220526000009/wk-form4_1784923775.xml,derivative,2026-07-22,M,Options to Acquire Class C Common Stock,2022,0,0.0,49957,D,Radakovich Lynn Vojvodich,Director,1,0,0,,SEC EDGAR
CRWD|0000950103-26-011156|nonDerivative|2026-07-22|Kurtz George|S|Class A common stock|160|186.02|D,2026-07-27 03:57:10+0000,CRWD,"CrowdStrike Holdings, Inc.",0001535527,4,2026-07-24,2026-07-22,0000950103-26-011156,https://www.sec.gov/Archives/edgar/data/1535527/000095010326011156/ownership.xml,nonDerivative,2026-07-22,S,Class A common stock,160,186.02,29763.2,8163384,D,Kurtz George,"Director, Officer, PRESIDENT AND CEO",1,1,0,PRESIDENT AND CEO,SEC EDGAR
CRWD|0000950103-26-011156|nonDerivative|2026-07-22|Kurtz George|S|Class A common stock|4327|187.22|D,2026-07-27 03:57:10+0000,CRWD,"CrowdStrike Holdings, Inc.",0001535527,4,2026-07-24,2026-07-22,0000950103-26-011156,https://www.sec.gov/Archives/edgar/data/1535527/000095010326011156/ownership.xml,nonDerivative,2026-07-22,S,Class A common stock,4327,187.22,810100.94,8159057,D,Kurtz George,"Director, Officer, PRESIDENT AND CEO",1,1,0,PRESIDENT AND CEO,SEC EDGAR
CRWD|0000950103-26-011156|nonDerivative|2026-07-22|Kurtz George|S|Class A common stock|2774|187.94|D,2026-07-27 03:57:10+0000,CRWD,"CrowdStrike Holdings, Inc.",0001535527,4,2026-07-24,2026-07-22,0000950103-26-011156,https://www.sec.gov/Archives/edgar/data/1535527/000095010326011156/ownership.xml,nonDerivative,2026-07-22,S,Class A common stock,2774,187.94,521345.56,8156283,D,Kurtz George,"Director, Officer, PRESIDENT AND CEO",1,1,0,PRESIDENT AND CEO,SEC EDGAR
CRWD|0000950103-26-011156|nonDerivative|2026-07-22|Kurtz George|S|Class A common stock|1746|188.89|D,2026-07-27 03:57:10+0000,CRWD,"CrowdStrike Holdings, Inc.",0001535527,4,2026-07-24,2026-07-22,0000950103-26-011156,https://www.sec.gov/Archives/edgar/data/1535527/000095010326011156/ownership.xml,nonDerivative,2026-07-22,S,Class A common stock,1746,188.89,329801.94,8154537,D,Kurtz George,"Director, Officer, PRESIDENT AND CEO",1,1,0,PRESIDENT AND CEO,SEC EDGAR
CRWD|0000950103-26-011156|nonDerivative|2026-07-22|Kurtz George|S|Class A common stock|170|189.70|D,2026-07-27 03:57:10+0000,CRWD,"CrowdStrike Holdings, Inc.",0001535527,4,2026-07-24,2026-07-22,0000950103-26-011156,https://www.sec.gov/Archives/edgar/data/1535527/000095010326011156/ownership.xml,nonDerivative,2026-07-22,S,Class A common stock,170,189.70,32248.999999999996,8154367,D,Kurtz George,"Director, Officer, PRESIDENT AND CEO",1,1,0,PRESIDENT AND CEO,SEC EDGAR
CRWD|0000950103-26-011156|nonDerivative|2026-07-22|Kurtz George|S|Class A common stock|703|191.80|D,2026-07-27 03:57:10+0000,CRWD,"CrowdStrike Holdings, Inc.",0001535527,4,2026-07-24,2026-07-22,0000950103-26-011156,https://www.sec.gov/Archives/edgar/data/1535527/000095010326011156/ownership.xml,nonDerivative,2026-07-22,S,Class A common stock,703,191.80,134835.4,8153664,D,Kurtz George,"Director, Officer, PRESIDENT AND CEO",1,1,0,PRESIDENT AND CEO,SEC EDGAR
CRWD|0000950103-26-011156|nonDerivative|2026-07-22|Kurtz George|S|Class A common stock|120|192.52|D,2026-07-27 03:57:10+0000,CRWD,"CrowdStrike Holdings, Inc.",0001535527,4,2026-07-24,2026-07-22,0000950103-26-011156,https://www.sec.gov/Archives/edgar/data/1535527/000095010326011156/ownership.xml,nonDerivative,2026-07-22,S,Class A common stock,120,192.52,23102.4,8153544,D,Kurtz George,"Director, Officer, PRESIDENT AND CEO",1,1,0,PRESIDENT AND CEO,SEC EDGAR
CRWD|0000950103-26-011156|nonDerivative|2026-07-23|Kurtz George|S|Class A common stock|2.537|182.52|D,2026-07-27 03:57:10+0000,CRWD,"CrowdStrike Holdings, Inc.",0001535527,4,2026-07-24,2026-07-22,0000950103-26-011156,https://www.sec.gov/Archives/edgar/data/1535527/000095010326011156/ownership.xml,nonDerivative,2026-07-23,S,Class A common stock,2.537,182.52,463.05324,8151007,D,Kurtz George,"Director, Officer, PRESIDENT AND CEO",1,1,0,PRESIDENT AND CEO,SEC EDGAR
CRWD|0000950103-26-011156|nonDerivative|2026-07-23|Kurtz George|S|Class A common stock|4217|183.42|D,2026-07-27 03:57:10+0000,CRWD,"CrowdStrike Holdings, Inc.",0001535527,4,2026-07-24,2026-07-22,0000950103-26-011156,https://www.sec.gov/Archives/edgar/data/1535527/000095010326011156/ownership.xml,nonDerivative,2026-07-23,S,Class A common stock,4217,183.42,773482.1399999999,8146790,D,Kurtz George,"Director, Officer, PRESIDENT AND CEO",1,1,0,PRESIDENT AND CEO,SEC EDGAR
CRWD|0000950103-26-011156|nonDerivative|2026-07-23|Kurtz George|S|Class A common stock|1447|184.24|D,2026-07-27 03:57:10+0000,CRWD,"CrowdStrike Holdings, Inc.",0001535527,4,2026-07-24,2026-07-22,0000950103-26-011156,https://www.sec.gov/Archives/edgar/data/1535527/000095010326011156/ownership.xml,nonDerivative,2026-07-23,S,Class A common stock,1447,184.24,266595.28,8145343,D,Kurtz George,"Director, Officer, PRESIDENT AND CEO",1,1,0,PRESIDENT AND CEO,SEC EDGAR
CRWD|0000950103-26-011156|nonDerivative|2026-07-23|Kurtz George|S|Class A common stock|680|185.64|D,2026-07-27 03:57:10+0000,CRWD,"CrowdStrike Holdings, Inc.",0001535527,4,2026-07-24,2026-07-22,0000950103-26-011156,https://www.sec.gov/Archives/edgar/data/1535527/000095010326011156/ownership.xml,nonDerivative,2026-07-23,S,Class A common stock,680,185.64,126235.2,8144663,D,Kurtz George,"Director, Officer, PRESIDENT AND CEO",1,1,0,PRESIDENT AND CEO,SEC EDGAR
CRWD|0000950103-26-011156|nonDerivative|2026-07-23|Kurtz George|S|Class A common stock|520|186.50|D,2026-07-27 03:57:10+0000,CRWD,"CrowdStrike Holdings, Inc.",0001535527,4,2026-07-24,2026-07-22,0000950103-26-011156,https://www.sec.gov/Archives/edgar/data/1535527/000095010326011156/ownership.xml,nonDerivative,2026-07-23,S,Class A common stock,520,186.50,96980.0,8144143,D,Kurtz George,"Director, Officer, PRESIDENT AND CEO",1,1,0,PRESIDENT AND CEO,SEC EDGAR
CRWD|0000950103-26-011156|nonDerivative|2026-07-23|Kurtz George|S|Class A common stock|320|187.68|D,2026-07-27 03:57:10+0000,CRWD,"CrowdStrike Holdings, Inc.",0001535527,4,2026-07-24,2026-07-22,0000950103-26-011156,https://www.sec.gov/Archives/edgar/data/1535527/000095010326011156/ownership.xml,nonDerivative,2026-07-23,S,Class A common stock,320,187.68,60057.600000000006,8143823,D,Kurtz George,"Director, Officer, PRESIDENT AND CEO",1,1,0,PRESIDENT AND CEO,SEC EDGAR
CRWD|0000950103-26-011156|nonDerivative|2026-07-23|Kurtz George|S|Class A common stock|279|189.50|D,2026-07-27 03:57:10+0000,CRWD,"CrowdStrike Holdings, Inc.",0001535527,4,2026-07-24,2026-07-22,0000950103-26-011156,https://www.sec.gov/Archives/edgar/data/1535527/000095010326011156/ownership.xml,nonDerivative,2026-07-23,S,Class A common stock,279,189.50,52870.5,8143544,D,Kurtz George,"Director, Officer, PRESIDENT AND CEO",1,1,0,PRESIDENT AND CEO,SEC EDGAR
CPAY|0001193125-26-316232|derivative|2026-07-22|Netto Armando Lins|A|Performance-Based Restricted Stock Units|9405|0|D,2026-07-27 03:57:10+0000,CPAY,"CORPAY, INC.",0001175454,4,2026-07-24,2026-07-22,0001193125-26-316232,https://www.sec.gov/Archives/edgar/data/1175454/000119312526316232/ownership.xml,derivative,2026-07-22,A,Performance-Based Restricted Stock Units,9405,0,0.0,9405,D,Netto Armando Lins,GroupPresident Brazil&USVehPmt,false,true,false,GroupPresident Brazil&USVehPmt,SEC EDGAR
CPAY|0001193125-26-316232|derivative|2026-07-22|Netto Armando Lins|A|Performance-Based Restricted Stock Units|9404|0|D,2026-07-27 03:57:10+0000,CPAY,"CORPAY, INC.",0001175454,4,2026-07-24,2026-07-22,0001193125-26-316232,https://www.sec.gov/Archives/edgar/data/1175454/000119312526316232/ownership.xml,derivative,2026-07-22,A,Performance-Based Restricted Stock Units,9404,0,0.0,9404,D,Netto Armando Lins,GroupPresident Brazil&USVehPmt,false,true,false,GroupPresident Brazil&USVehPmt,SEC EDGAR
CPAY|0001193125-26-316226|derivative|2026-07-22|Clarke Ronald|A|Performance-Based Restricted Stock Units|100000|0|D,2026-07-27 03:57:10+0000,CPAY,"CORPAY, INC.",0001175454,4,2026-07-24,2026-07-22,0001193125-26-316226,https://www.sec.gov/Archives/edgar/data/1175454/000119312526316226/ownership.xml,derivative,2026-07-22,A,Performance-Based Restricted Stock Units,100000,0,0.0,100000,D,Clarke Ronald,CEO & Chairman of BOD,true,true,false,CEO & Chairman of BOD,SEC EDGAR
CLX|0001225208-26-006737|nonDerivative|2026-07-22|Barton Nina|F|Common Stock|1681.0000|95.6900|D,2026-07-27 03:57:10+0000,CLX,CLOROX CO /DE/,0000021076,4,2026-07-24,2026-07-22,0001225208-26-006737,https://www.sec.gov/Archives/edgar/data/21076/000122520826006737/doc4.xml,nonDerivative,2026-07-22,F,Common Stock,1681.0000,95.6900,160854.88999999998,26443.0000,D,Barton Nina,"Officer, EVP-Chief Growth & Strategy Of",,1,,EVP-Chief Growth & Strategy Of,SEC EDGAR
CARR|0001225208-26-006742|derivative|2026-07-24|Barua Neil|A|Director DSU|2831.0105|68.8800|D,2026-07-27 03:57:10+0000,CARR,CARRIER GLOBAL Corp,0001783180,4,2026-07-24,2026-07-24,0001225208-26-006742,https://www.sec.gov/Archives/edgar/data/1783180/000122520826006742/doc4.xml,derivative,2026-07-24,A,Director DSU,2831.0105,68.8800,195000.00324,2831.0105,D,Barua Neil,Director,1,,,,SEC EDGAR
CAG|0001785802-26-000004|derivative|2026-07-22|O'Mara Noelle|A|Restricted Stock Units|50783|0|D,2026-07-27 03:57:10+0000,CAG,CONAGRA BRANDS INC.,0000023217,4,2026-07-24,2026-07-22,0001785802-26-000004,https://www.sec.gov/Archives/edgar/data/23217/000178580226000004/form4-07242026_060758.xml,derivative,2026-07-22,A,Restricted Stock Units,50783,0,0.0,50783,D,O'Mara Noelle,"EVP & President, R & F",false,true,false,"EVP & President, R & F",SEC EDGAR
CAG|0002093210-26-000004|nonDerivative|2026-07-22|Napier Melissa C.|A|Common Stock|1025|0|D,2026-07-27 03:57:10+0000,CAG,CONAGRA BRANDS INC.,0000023217,4,2026-07-24,2026-07-22,0002093210-26-000004,https://www.sec.gov/Archives/edgar/data/23217/000209321026000004/form4-07242026_060729.xml,nonDerivative,2026-07-22,A,Common Stock,1025,0,0.0,4422,D,Napier Melissa C.,"SVP, Corporate Controller",false,true,false,"SVP, Corporate Controller",SEC EDGAR
CAG|0002093210-26-000004|nonDerivative|2026-07-22|Napier Melissa C.|F|Common Stock|455|14.83|D,2026-07-27 03:57:10+0000,CAG,CONAGRA BRANDS INC.,0000023217,4,2026-07-24,2026-07-22,0002093210-26-000004,https://www.sec.gov/Archives/edgar/data/23217/000209321026000004/form4-07242026_060729.xml,nonDerivative,2026-07-22,F,Common Stock,455,14.83,6747.65,3967,D,Napier Melissa C.,"SVP, Corporate Controller",false,true,false,"SVP, Corporate Controller",SEC EDGAR
CAG|0002093210-26-000004|derivative|2026-07-22|Napier Melissa C.|A|Restricted Stock Units|14106|0|D,2026-07-27 03:57:10+0000,CAG,CONAGRA BRANDS INC.,0000023217,4,2026-07-24,2026-07-22,0002093210-26-000004,https://www.sec.gov/Archives/edgar/data/23217/000209321026000004/form4-07242026_060729.xml,derivative,2026-07-22,A,Restricted Stock Units,14106,0,0.0,14106,D,Napier Melissa C.,"SVP, Corporate Controller",false,true,false,"SVP, Corporate Controller",SEC EDGAR
CAG|0001576059-26-000004|nonDerivative|2026-07-22|McGough Thomas M|A|Common Stock|19532|0|D,2026-07-27 03:57:10+0000,CAG,CONAGRA BRANDS INC.,0000023217,4,2026-07-24,2026-07-22,0001576059-26-000004,https://www.sec.gov/Archives/edgar/data/23217/000157605926000004/form4-07242026_060759.xml,nonDerivative,2026-07-22,A,Common Stock,19532,0,0.0,269616.67,D,McGough Thomas M,EVP & COO,false,true,false,EVP & COO,SEC EDGAR
CAG|0001576059-26-000004|nonDerivative|2026-07-22|McGough Thomas M|F|Common Stock|5723|14.83|D,2026-07-27 03:57:10+0000,CAG,CONAGRA BRANDS INC.,0000023217,4,2026-07-24,2026-07-22,0001576059-26-000004,https://www.sec.gov/Archives/edgar/data/23217/000157605926000004/form4-07242026_060759.xml,nonDerivative,2026-07-22,F,Common Stock,5723,14.83,84872.09,263893.67,D,McGough Thomas M,EVP & COO,false,true,false,EVP & COO,SEC EDGAR
CAG|0001235321-26-000004|nonDerivative|2026-07-22|MARBERGER DAVID S|A|Common Stock|19532|0|D,2026-07-27 03:57:10+0000,CAG,CONAGRA BRANDS INC.,0000023217,4,2026-07-24,2026-07-22,0001235321-26-000004,https://www.sec.gov/Archives/edgar/data/23217/000123532126000004/form4-07242026_060731.xml,nonDerivative,2026-07-22,A,Common Stock,19532,0,0.0,370268,D,MARBERGER DAVID S,EVP and CFO,false,true,false,EVP and CFO,SEC EDGAR
CAG|0001235321-26-000004|nonDerivative|2026-07-22|MARBERGER DAVID S|F|Common Stock|17306|14.83|D,2026-07-27 03:57:10+0000,CAG,CONAGRA BRANDS INC.,0000023217,4,2026-07-24,2026-07-22,0001235321-26-000004,https://www.sec.gov/Archives/edgar/data/23217/000123532126000004/form4-07242026_060731.xml,nonDerivative,2026-07-22,F,Common Stock,17306,14.83,256647.98,352962,D,MARBERGER DAVID S,EVP and CFO,false,true,false,EVP and CFO,SEC EDGAR
CAG|0001235321-26-000004|derivative|2026-07-22|MARBERGER DAVID S|A|Restricted Stock Units|84638|0|D,2026-07-27 03:57:10+0000,CAG,CONAGRA BRANDS INC.,0000023217,4,2026-07-24,2026-07-22,0001235321-26-000004,https://www.sec.gov/Archives/edgar/data/23217/000123532126000004/form4-07242026_060731.xml,derivative,2026-07-22,A,Restricted Stock Units,84638,0,0.0,84638,D,MARBERGER DAVID S,EVP and CFO,false,true,false,EVP and CFO,SEC EDGAR
CAG|0001872274-26-000004|nonDerivative|2026-07-22|Eboli Alexandre|A|Common Stock|12500|0|D,2026-07-27 03:57:10+0000,CAG,CONAGRA BRANDS INC.,0000023217,4,2026-07-24,2026-07-22,0001872274-26-000004,https://www.sec.gov/Archives/edgar/data/23217/000187227426000004/form4-07242026_060743.xml,nonDerivative,2026-07-22,A,Common Stock,12500,0,0.0,79609,D,Eboli Alexandre,"EVP, Chief SC & Transformation",false,true,false,"EVP, Chief SC & Transformation",SEC EDGAR
CAG|0001872274-26-000004|nonDerivative|2026-07-22|Eboli Alexandre|F|Common Stock|5538|14.83|D,2026-07-27 03:57:10+0000,CAG,CONAGRA BRANDS INC.,0000023217,4,2026-07-24,2026-07-22,0001872274-26-000004,https://www.sec.gov/Archives/edgar/data/23217/000187227426000004/form4-07242026_060743.xml,nonDerivative,2026-07-22,F,Common Stock,5538,14.83,82128.54,74071,D,Eboli Alexandre,"EVP, Chief SC & Transformation",false,true,false,"EVP, Chief SC & Transformation",SEC EDGAR
CAG|0001872274-26-000004|derivative|2026-07-22|Eboli Alexandre|A|Restricted Stock Units|70532|0|D,2026-07-27 03:57:10+0000,CAG,CONAGRA BRANDS INC.,0000023217,4,2026-07-24,2026-07-22,0001872274-26-000004,https://www.sec.gov/Archives/edgar/data/23217/000187227426000004/form4-07242026_060743.xml,derivative,2026-07-22,A,Restricted Stock Units,70532,0,0.0,70532,D,Eboli Alexandre,"EVP, Chief SC & Transformation",false,true,false,"EVP, Chief SC & Transformation",SEC EDGAR
CAG|0001657787-26-000004|nonDerivative|2026-07-22|Brock Charisse|A|Common Stock|9375|0|D,2026-07-27 03:57:10+0000,CAG,CONAGRA BRANDS INC.,0000023217,4,2026-07-24,2026-07-22,0001657787-26-000004,https://www.sec.gov/Archives/edgar/data/23217/000165778726000004/form4-07242026_060704.xml,nonDerivative,2026-07-22,A,Common Stock,9375,0,0.0,187334,D,Brock Charisse,"EVP, Chief HR Officer",false,true,false,"EVP, Chief HR Officer",SEC EDGAR
CAG|0001657787-26-000004|nonDerivative|2026-07-22|Brock Charisse|A|Common Stock|5078|0|D,2026-07-27 03:57:10+0000,CAG,CONAGRA BRANDS INC.,0000023217,4,2026-07-24,2026-07-22,0001657787-26-000004,https://www.sec.gov/Archives/edgar/data/23217/000165778726000004/form4-07242026_060704.xml,nonDerivative,2026-07-22,A,Common Stock,5078,0,0.0,192412,D,Brock Charisse,"EVP, Chief HR Officer",false,true,false,"EVP, Chief HR Officer",SEC EDGAR
CAG|0001657787-26-000004|nonDerivative|2026-07-22|Brock Charisse|F|Common Stock|6404|14.83|D,2026-07-27 03:57:10+0000,CAG,CONAGRA BRANDS INC.,0000023217,4,2026-07-24,2026-07-22,0001657787-26-000004,https://www.sec.gov/Archives/edgar/data/23217/000165778726000004/form4-07242026_060704.xml,nonDerivative,2026-07-22,F,Common Stock,6404,14.83,94971.32,186008,D,Brock Charisse,"EVP, Chief HR Officer",false,true,false,"EVP, Chief HR Officer",SEC EDGAR
CAG|0001807641-26-000009|derivative|2026-07-22|Brase John P|A|Restricted Stock Units|205953|0|D,2026-07-27 03:57:10+0000,CAG,CONAGRA BRANDS INC.,0000023217,4,2026-07-24,2026-07-22,0001807641-26-000009,https://www.sec.gov/Archives/edgar/data/23217/000180764126000009/form4-07242026_060707.xml,derivative,2026-07-22,A,Restricted Stock Units,205953,0,0.0,205953,D,Brase John P,President and CEO,true,true,false,President and CEO,SEC EDGAR
CAG|0001932635-26-000005|nonDerivative|2026-07-22|Bartell Carey|A|Common Stock|7032|0|D,2026-07-27 03:57:10+0000,CAG,CONAGRA BRANDS INC.,0000023217,4,2026-07-24,2026-07-22,0001932635-26-000005,https://www.sec.gov/Archives/edgar/data/23217/000193263526000005/form4-07242026_060731.xml,nonDerivative,2026-07-22,A,Common Stock,7032,0,0.0,60285,D,Bartell Carey,"EVP, GC and Corp. Secretary",false,true,false,"EVP, GC and Corp. Secretary",SEC EDGAR
CAG|0001932635-26-000005|nonDerivative|2026-07-22|Bartell Carey|F|Common Stock|3116|14.83|D,2026-07-27 03:57:10+0000,CAG,CONAGRA BRANDS INC.,0000023217,4,2026-07-24,2026-07-22,0001932635-26-000005,https://www.sec.gov/Archives/edgar/data/23217/000193263526000005/form4-07242026_060731.xml,nonDerivative,2026-07-22,F,Common Stock,3116,14.83,46210.28,57169,D,Bartell Carey,"EVP, GC and Corp. Secretary",false,true,false,"EVP, GC and Corp. Secretary",SEC EDGAR
CAG|0001932635-26-000005|derivative|2026-07-22|Bartell Carey|A|Restricted Stock Units|56425|0|D,2026-07-27 03:57:10+0000,CAG,CONAGRA BRANDS INC.,0000023217,4,2026-07-24,2026-07-22,0001932635-26-000005,https://www.sec.gov/Archives/edgar/data/23217/000193263526000005/form4-07242026_060731.xml,derivative,2026-07-22,A,Restricted Stock Units,56425,0,0.0,56425,D,Bartell Carey,"EVP, GC and Corp. Secretary",false,true,false,"EVP, GC and Corp. Secretary",SEC EDGAR
BX|0001213900-26-081436|nonDerivative|2026-07-23|Blackstone Private Multi-Asset Credit & Income Fund|P|Common Shares of Beneficial Interest|573613.767|26.15|I,2026-07-27 03:57:10+0000,BX,Blackstone Inc.,0001393818,4,2026-07-24,2026-07-23,0001213900-26-081436,https://www.sec.gov/Archives/edgar/data/1393818/000121390026081436/ownership.xml,nonDerivative,2026-07-23,P,Common Shares of Beneficial Interest,573613.767,26.15,15000000.007049998,8455758.360,I,Blackstone Private Multi-Asset Credit & Income Fund,10% Owner,0,0,1,,SEC EDGAR
BF-B|0001572783-26-000006|derivative|2026-07-23|Whiting Lawson E|A|Restricted Stock Units|95484|0|D,2026-07-27 03:57:10+0000,BF-B,BROWN FORMAN CORP,0000014693,4,2026-07-24,2026-07-23,0001572783-26-000006,https://www.sec.gov/Archives/edgar/data/14693/000157278326000006/wk-form4_1784926075.xml,derivative,2026-07-23,A,Restricted Stock Units,95484,0,0.0,95484,D,Whiting Lawson E,"Director, Officer, President & CEO",1,1,0,President & CEO,SEC EDGAR
BF-B|0000014693-26-000043|derivative|2026-07-23|TODMAN MICHAEL|A|Deferred Stock Units|6476.1905|0|D,2026-07-27 03:57:10+0000,BF-B,BROWN FORMAN CORP,0000014693,4,2026-07-24,2026-07-23,0000014693-26-000043,https://www.sec.gov/Archives/edgar/data/14693/000001469326000043/wk-form4_1784926759.xml,derivative,2026-07-23,A,Deferred Stock Units,6476.1905,0,0.0,42555.3111,D,TODMAN MICHAEL,Director,1,0,0,,SEC EDGAR
BF-B|0000014693-26-000041|derivative|2026-07-23|Skeans Tracy L|A|Deferred Stock Units|6476.1905|0|D,2026-07-27 03:57:10+0000,BF-B,BROWN FORMAN CORP,0000014693,4,2026-07-24,2026-07-23,0000014693-26-000041,https://www.sec.gov/Archives/edgar/data/14693/000001469326000041/wk-form4_1784926609.xml,derivative,2026-07-23,A,Deferred Stock Units,6476.1905,0,0.0,37952.2656,D,Skeans Tracy L,Director,1,0,0,,SEC EDGAR
BF-B|0000014693-26-000037|derivative|2026-07-23|Singer Jan|A|Deferred Stock Units|6476.1905|0|D,2026-07-27 03:57:10+0000,BF-B,BROWN FORMAN CORP,0000014693,4,2026-07-24,2026-07-23,0000014693-26-000037,https://www.sec.gov/Archives/edgar/data/14693/000001469326000037/wk-form4_1784926435.xml,derivative,2026-07-23,A,Deferred Stock Units,6476.1905,0,0.0,20920.0574,D,Singer Jan,Director,1,0,0,,SEC EDGAR
BF-B|0001938704-26-000004|derivative|2026-07-23|Shepherd Jeremy J|A|Restricted Stock Units|9231|0|D,2026-07-27 03:57:10+0000,BF-B,BROWN FORMAN CORP,0000014693,4,2026-07-24,2026-07-23,0001938704-26-000004,https://www.sec.gov/Archives/edgar/data/14693/000193870426000004/wk-form4_1784925537.xml,derivative,2026-07-23,A,Restricted Stock Units,9231,0,0.0,9231,D,Shepherd Jeremy J,"Officer, EVP, Chief Marketing",0,1,0,"EVP, Chief Marketing",SEC EDGAR
BF-B|0000014693-26-000039|derivative|2026-07-23|SMITH ELIZABETH A|A|Deferred Stock Units|9523.8095|0|D,2026-07-27 03:57:10+0000,BF-B,BROWN FORMAN CORP,0000014693,4,2026-07-24,2026-07-23,0000014693-26-000039,https://www.sec.gov/Archives/edgar/data/14693/000001469326000039/wk-form4_1784926515.xml,derivative,2026-07-23,A,Deferred Stock Units,9523.8095,0,0.0,28063.4136,D,SMITH ELIZABETH A,Director,1,0,0,,SEC EDGAR
BF-B|0001193318-26-000002|derivative|2026-07-23|RONEY MICHAEL J|A|Deferred Stock Units|6476.1905|0|D,2026-07-27 03:57:10+0000,BF-B,BROWN FORMAN CORP,0000014693,4,2026-07-24,2026-07-23,0001193318-26-000002,https://www.sec.gov/Archives/edgar/data/14693/000119331826000002/wk-form4_1784926369.xml,derivative,2026-07-23,A,Deferred Stock Units,6476.1905,0,0.0,53187.1166,D,RONEY MICHAEL J,Director,1,0,0,,SEC EDGAR
BF-B|0001934972-26-000004|derivative|2026-07-23|Peterson Crystal L|A|Restricted Stock Units|3285|0|D,2026-07-27 03:57:10+0000,BF-B,BROWN FORMAN CORP,0000014693,4,2026-07-24,2026-07-23,0001934972-26-000004,https://www.sec.gov/Archives/edgar/data/14693/000193497226000004/wk-form4_1784925735.xml,derivative,2026-07-23,A,Restricted Stock Units,3285,0,0.0,3285,D,Peterson Crystal L,"Officer, EVP, Chief Incl/Global Comm",0,1,0,"EVP, Chief Incl/Global Comm",SEC EDGAR
BF-B|0001642689-26-000007|derivative|2026-07-23|Peters James W|A|Restricted Stock Units|64933|0|D,2026-07-27 03:57:10+0000,BF-B,BROWN FORMAN CORP,0000014693,4,2026-07-24,2026-07-23,0001642689-26-000007,https://www.sec.gov/Archives/edgar/data/14693/000164268926000007/wk-form4_1784925783.xml,derivative,2026-07-23,A,Restricted Stock Units,64933,0,0.0,64933,D,Peters James W,"Officer, EVP, Chief Financial Officer",0,1,0,"EVP, Chief Financial Officer",SEC EDGAR
BF-B|0002012427-26-000004|derivative|2026-07-23|Pafilis Yiannis|A|Restricted Stock Units|7727|0|D,2026-07-27 03:57:10+0000,BF-B,BROWN FORMAN CORP,0000014693,4,2026-07-24,2026-07-23,0002012427-26-000004,https://www.sec.gov/Archives/edgar/data/14693/000201242726000004/wk-form4_1784926010.xml,derivative,2026-07-23,A,Restricted Stock Units,7727,0,0.0,7727,D,Pafilis Yiannis,"Officer, EVP, Pres., EU, Africa, Asia",0,1,0,"EVP, Pres., EU, Africa, Asia",SEC EDGAR
BF-B|0002029882-26-000004|derivative|2026-07-23|Nguyen Diane F|A|Restricted Stock Units|9167|0|D,2026-07-27 03:57:10+0000,BF-B,BROWN FORMAN CORP,0000014693,4,2026-07-24,2026-07-23,0002029882-26-000004,https://www.sec.gov/Archives/edgar/data/14693/000202988226000004/wk-form4_1784925387.xml,derivative,2026-07-23,A,Restricted Stock Units,9167,0,0.0,9167,D,Nguyen Diane F,"Officer, EVP, Chief Ppl & Comm",0,1,0,"EVP, Chief Ppl & Comm",SEC EDGAR
BF-B|0001871904-26-000004|derivative|2026-07-23|Nall Timothy M|A|Restricted Stock Units|9167|0|D,2026-07-27 03:57:10+0000,BF-B,BROWN FORMAN CORP,0000014693,4,2026-07-24,2026-07-23,0001871904-26-000004,https://www.sec.gov/Archives/edgar/data/14693/000187190426000004/wk-form4_1784925868.xml,derivative,2026-07-23,A,Restricted Stock Units,9167,0,0.0,9167,D,Nall Timothy M,"Officer, EVP, Chief Supp/Tech",0,1,0,"EVP, Chief Supp/Tech",SEC EDGAR
BF-B|0001719142-26-000004|derivative|2026-07-23|Masick Michael Andrew|A|Restricted Stock Units|15278|0|D,2026-07-27 03:57:10+0000,BF-B,BROWN FORMAN CORP,0000014693,4,2026-07-24,2026-07-23,0001719142-26-000004,https://www.sec.gov/Archives/edgar/data/14693/000171914226000004/wk-form4_1784925911.xml,derivative,2026-07-23,A,Restricted Stock Units,15278,0,0.0,15278,D,Masick Michael Andrew,"Officer, EVP/Pres., Americas",0,1,0,"EVP/Pres., Americas",SEC EDGAR
BF-B|0002053121-26-000004|derivative|2026-07-23|Graven Christina M|A|Restricted Stock Units|8912|0|D,2026-07-27 03:57:10+0000,BF-B,BROWN FORMAN CORP,0000014693,4,2026-07-24,2026-07-23,0002053121-26-000004,https://www.sec.gov/Archives/edgar/data/14693/000205312126000004/wk-form4_1784925487.xml,derivative,2026-07-23,A,Restricted Stock Units,8912,0,0.0,8912,D,Graven Christina M,"Officer, EVP, Chief Strategy",0,1,0,"EVP, Chief Strategy",SEC EDGAR
BF-B|0001423209-26-000006|derivative|2026-07-23|Farrer Marshall|A|Deferred Stock Units|6476.1905|0|D,2026-07-27 03:57:10+0000,BF-B,BROWN FORMAN CORP,0000014693,4,2026-07-24,2026-07-23,0001423209-26-000006,https://www.sec.gov/Archives/edgar/data/14693/000142320926000006/wk-form4_1784926320.xml,derivative,2026-07-23,A,Deferred Stock Units,6476.1905,0,0.0,11665.5765,D,Farrer Marshall,Director,1,0,0,,SEC EDGAR
BF-B|0002061480-26-000004|derivative|2026-07-23|Enyard Angela S|A|Restricted Stock Units|2450|0|D,2026-07-27 03:57:10+0000,BF-B,BROWN FORMAN CORP,0000014693,4,2026-07-24,2026-07-23,0002061480-26-000004,https://www.sec.gov/Archives/edgar/data/14693/000206148026000004/wk-form4_1784925958.xml,derivative,2026-07-23,A,Restricted Stock Units,2450,0,0.0,2450,D,Enyard Angela S,"Officer, SVP, Chief Accounting Officer",0,1,0,"SVP, Chief Accounting Officer",SEC EDGAR
BF-B|0001556573-26-000002|derivative|2026-07-23|Clouse Mark A.|A|Deferred Stock Units|9523.8095|0|D,2026-07-27 03:57:10+0000,BF-B,BROWN FORMAN CORP,0000014693,4,2026-07-24,2026-07-23,0001556573-26-000002,https://www.sec.gov/Archives/edgar/data/14693/000155657326000002/wk-form4_1784926274.xml,derivative,2026-07-23,A,Deferred Stock Units,9523.8095,0,0.0,27229.1976,D,Clouse Mark A.,Director,1,0,0,,SEC EDGAR
BF-B|0002012793-26-000004|derivative|2026-07-23|Carr Michael E Jr|A|Restricted Stock Units|11458|0|D,2026-07-27 03:57:10+0000,BF-B,BROWN FORMAN CORP,0000014693,4,2026-07-24,2026-07-23,0002012793-26-000004,https://www.sec.gov/Archives/edgar/data/14693/000201279326000004/wk-form4_1784925653.xml,derivative,2026-07-23,A,Restricted Stock Units,11458,0,0.0,11458,D,Carr Michael E Jr,"Officer, EVP, General Counsel,Secretary",0,1,0,"EVP, General Counsel,Secretary",SEC EDGAR
BF-B|0001985370-26-000002|derivative|2026-07-23|Brown Elizabeth M|A|Deferred Stock Units|6476.1905|0|D,2026-07-27 03:57:10+0000,BF-B,BROWN FORMAN CORP,0000014693,4,2026-07-24,2026-07-23,0001985370-26-000002,https://www.sec.gov/Archives/edgar/data/14693/000198537026000002/wk-form4_1784926230.xml,derivative,2026-07-23,A,Deferred Stock Units,6476.1905,0,0.0,19768.5347,D,Brown Elizabeth M,Director,1,0,0,,SEC EDGAR
BF-B|0001421727-26-000002|derivative|2026-07-23|Brown Campbell P|A|Deferred Stock Units|6476.1905|0|D,2026-07-27 03:57:10+0000,BF-B,BROWN FORMAN CORP,0000014693,4,2026-07-24,2026-07-23,0001421727-26-000002,https://www.sec.gov/Archives/edgar/data/14693/000142172726000002/wk-form4_1784926171.xml,derivative,2026-07-23,A,Deferred Stock Units,6476.1905,0,0.0,39422.7544,D,Brown Campbell P,Director,1,0,0,,SEC EDGAR
ABNB|0001193125-26-316533|nonDerivative|2026-07-20|Blecharczyk Nathan|C|Class A Common Stock|4077||I,2026-07-27 03:57:10+0000,ABNB,"Airbnb, Inc.",0001559720,4,2026-07-24,2026-07-20,0001193125-26-316533,https://www.sec.gov/Archives/edgar/data/1559720/000119312526316533/ownership.xml,nonDerivative,2026-07-20,C,Class A Common Stock,4077,,,16447,I,Blecharczyk Nathan,Chief Strategy Officer,true,true,true,Chief Strategy Officer,SEC EDGAR
ABNB|0001193125-26-316533|derivative|2026-07-20|Blecharczyk Nathan|C|Class B Common Stock|4077|0|I,2026-07-27 03:57:10+0000,ABNB,"Airbnb, Inc.",0001559720,4,2026-07-24,2026-07-20,0001193125-26-316533,https://www.sec.gov/Archives/edgar/data/1559720/000119312526316533/ownership.xml,derivative,2026-07-20,C,Class B Common Stock,4077,0,0.0,45734893,I,Blecharczyk Nathan,Chief Strategy Officer,true,true,true,Chief Strategy Officer,SEC EDGAR
VRTX|0000875320-26-000253|nonDerivative|2026-07-21|Tatsis Ourania|A|Common Stock|8251|0|D,2026-07-27 03:57:10+0000,VRTX,VERTEX PHARMACEUTICALS INC / MA,0000875320,4,2026-07-23,2026-07-21,0000875320-26-000253,https://www.sec.gov/Archives/edgar/data/875320/000087532026000253/wk-form4_1784837739.xml,nonDerivative,2026-07-21,A,Common Stock,8251,0,0.0,53572,D,Tatsis Ourania,"Officer, EVP, Chief Reg. & Quality Off.",0,1,0,"EVP, Chief Reg. & Quality Off.",SEC EDGAR
VRTX|0000875320-26-000251|nonDerivative|2026-07-21|Sachdev Amit|A|Common Stock|8251|0|D,2026-07-27 03:57:10+0000,VRTX,VERTEX PHARMACEUTICALS INC / MA,0000875320,4,2026-07-23,2026-07-21,0000875320-26-000251,https://www.sec.gov/Archives/edgar/data/875320/000087532026000251/wk-form4_1784837586.xml,nonDerivative,2026-07-21,A,Common Stock,8251,0,0.0,66512,D,Sachdev Amit,"Officer, EVP Chief Patient & Ext Af Off",0,1,0,EVP Chief Patient & Ext Af Off,SEC EDGAR
TRV|0000086312-26-000147|nonDerivative|2026-07-21|Lefebvre Mojgan M|M|Common Stock|9213|132.58|D,2026-07-27 03:57:10+0000,TRV,"TRAVELERS COMPANIES, INC.",0000086312,4,2026-07-23,2026-07-21,0000086312-26-000147,https://www.sec.gov/Archives/edgar/data/86312/000008631226000147/form4.xml,nonDerivative,2026-07-21,M,Common Stock,9213,132.58,1221459.54,9213,D,Lefebvre Mojgan M,"Officer, EVP & Chief Tech & Ops Officer",,1,,EVP & Chief Tech & Ops Officer,SEC EDGAR
TRV|0000086312-26-000147|nonDerivative|2026-07-21|Lefebvre Mojgan M|S|Common Stock|9213|368.3547|D,2026-07-27 03:57:10+0000,TRV,"TRAVELERS COMPANIES, INC.",0000086312,4,2026-07-23,2026-07-21,0000086312-26-000147,https://www.sec.gov/Archives/edgar/data/86312/000008631226000147/form4.xml,nonDerivative,2026-07-21,S,Common Stock,9213,368.3547,3393651.8510999996,0,D,Lefebvre Mojgan M,"Officer, EVP & Chief Tech & Ops Officer",,1,,EVP & Chief Tech & Ops Officer,SEC EDGAR
TRV|0000086312-26-000147|nonDerivative|2026-07-21|Lefebvre Mojgan M|M|Common Stock|7100|139.83|D,2026-07-27 03:57:10+0000,TRV,"TRAVELERS COMPANIES, INC.",0000086312,4,2026-07-23,2026-07-21,0000086312-26-000147,https://www.sec.gov/Archives/edgar/data/86312/000008631226000147/form4.xml,nonDerivative,2026-07-21,M,Common Stock,7100,139.83,992793.0000000001,7100,D,Lefebvre Mojgan M,"Officer, EVP & Chief Tech & Ops Officer",,1,,EVP & Chief Tech & Ops Officer,SEC EDGAR
TRV|0000086312-26-000147|nonDerivative|2026-07-21|Lefebvre Mojgan M|S|Common Stock|7100|368.405|D,2026-07-27 03:57:10+0000,TRV,"TRAVELERS COMPANIES, INC.",0000086312,4,2026-07-23,2026-07-21,0000086312-26-000147,https://www.sec.gov/Archives/edgar/data/86312/000008631226000147/form4.xml,nonDerivative,2026-07-21,S,Common Stock,7100,368.405,2615675.5,0,D,Lefebvre Mojgan M,"Officer, EVP & Chief Tech & Ops Officer",,1,,EVP & Chief Tech & Ops Officer,SEC EDGAR
TRV|0000086312-26-000147|derivative|2026-07-21|Lefebvre Mojgan M|M|Stock Options (Right to Buy)|9213|0|D,2026-07-27 03:57:10+0000,TRV,"TRAVELERS COMPANIES, INC.",0000086312,4,2026-07-23,2026-07-21,0000086312-26-000147,https://www.sec.gov/Archives/edgar/data/86312/000008631226000147/form4.xml,derivative,2026-07-21,M,Stock Options (Right to Buy),9213,0,0.0,0,D,Lefebvre Mojgan M,"Officer, EVP & Chief Tech & Ops Officer",,1,,EVP & Chief Tech & Ops Officer,SEC EDGAR
TRV|0000086312-26-000147|derivative|2026-07-21|Lefebvre Mojgan M|M|Stock Options (Right to Buy)|7100|0|D,2026-07-27 03:57:10+0000,TRV,"TRAVELERS COMPANIES, INC.",0000086312,4,2026-07-23,2026-07-21,0000086312-26-000147,https://www.sec.gov/Archives/edgar/data/86312/000008631226000147/form4.xml,derivative,2026-07-21,M,Stock Options (Right to Buy),7100,0,0.0,21214,D,Lefebvre Mojgan M,"Officer, EVP & Chief Tech & Ops Officer",,1,,EVP & Chief Tech & Ops Officer,SEC EDGAR
TRV|0000086312-26-000150|nonDerivative|2026-07-21|Klein Michael Frederick|M|Common Stock|6000|139.83|D,2026-07-27 03:57:10+0000,TRV,"TRAVELERS COMPANIES, INC.",0000086312,4,2026-07-23,2026-07-21,0000086312-26-000150,https://www.sec.gov/Archives/edgar/data/86312/000008631226000150/form4.xml,nonDerivative,2026-07-21,M,Common Stock,6000,139.83,838980.0000000001,51124.787,D,Klein Michael Frederick,"Officer, EVP & President, Personal Ins.",,1,,"EVP & President, Personal Ins.",SEC EDGAR
TRV|0000086312-26-000150|nonDerivative|2026-07-21|Klein Michael Frederick|S|Common Stock|125|364.9033|D,2026-07-27 03:57:10+0000,TRV,"TRAVELERS COMPANIES, INC.",0000086312,4,2026-07-23,2026-07-21,0000086312-26-000150,https://www.sec.gov/Archives/edgar/data/86312/000008631226000150/form4.xml,nonDerivative,2026-07-21,S,Common Stock,125,364.9033,45612.9125,50999.787,D,Klein Michael Frederick,"Officer, EVP & President, Personal Ins.",,1,,"EVP & President, Personal Ins.",SEC EDGAR
TRV|0000086312-26-000150|nonDerivative|2026-07-21|Klein Michael Frederick|S|Common Stock|5875|366.1189|D,2026-07-27 03:57:10+0000,TRV,"TRAVELERS COMPANIES, INC.",0000086312,4,2026-07-23,2026-07-21,0000086312-26-000150,https://www.sec.gov/Archives/edgar/data/86312/000008631226000150/form4.xml,nonDerivative,2026-07-21,S,Common Stock,5875,366.1189,2150948.5375,45124.787,D,Klein Michael Frederick,"Officer, EVP & President, Personal Ins.",,1,,"EVP & President, Personal Ins.",SEC EDGAR
TRV|0000086312-26-000150|derivative|2026-07-21|Klein Michael Frederick|M|Stock Options (Right to Buy)|6000|0|D,2026-07-27 03:57:10+0000,TRV,"TRAVELERS COMPANIES, INC.",0000086312,4,2026-07-23,2026-07-21,0000086312-26-000150,https://www.sec.gov/Archives/edgar/data/86312/000008631226000150/form4.xml,derivative,2026-07-21,M,Stock Options (Right to Buy),6000,0,0.0,30037,D,Klein Michael Frederick,"Officer, EVP & President, Personal Ins.",,1,,"EVP & President, Personal Ins.",SEC EDGAR
TRV|0000086312-26-000149|nonDerivative|2026-07-21|Frey Daniel S.|M|Common Stock|11037|139.83|D,2026-07-27 03:57:10+0000,TRV,"TRAVELERS COMPANIES, INC.",0000086312,4,2026-07-23,2026-07-21,0000086312-26-000149,https://www.sec.gov/Archives/edgar/data/86312/000008631226000149/form4.xml,nonDerivative,2026-07-21,M,Common Stock,11037,139.83,1543303.7100000002,38571.948,D,Frey Daniel S.,"Officer, EVP & Chief Financial Officer",,1,,EVP & Chief Financial Officer,SEC EDGAR
TRV|0000086312-26-000149|nonDerivative|2026-07-21|Frey Daniel S.|S|Common Stock|11037|368.1641|D,2026-07-27 03:57:10+0000,TRV,"TRAVELERS COMPANIES, INC.",0000086312,4,2026-07-23,2026-07-21,0000086312-26-000149,https://www.sec.gov/Archives/edgar/data/86312/000008631226000149/form4.xml,nonDerivative,2026-07-21,S,Common Stock,11037,368.1641,4063427.1717000003,27534.948,D,Frey Daniel S.,"Officer, EVP & Chief Financial Officer",,1,,EVP & Chief Financial Officer,SEC EDGAR
TRV|0000086312-26-000149|nonDerivative|2026-07-21|Frey Daniel S.|M|Common Stock|3000|172.50|D,2026-07-27 03:57:10+0000,TRV,"TRAVELERS COMPANIES, INC.",0000086312,4,2026-07-23,2026-07-21,0000086312-26-000149,https://www.sec.gov/Archives/edgar/data/86312/000008631226000149/form4.xml,nonDerivative,2026-07-21,M,Common Stock,3000,172.50,517500.0,30534.948,D,Frey Daniel S.,"Officer, EVP & Chief Financial Officer",,1,,EVP & Chief Financial Officer,SEC EDGAR
TRV|0000086312-26-000149|nonDerivative|2026-07-21|Frey Daniel S.|S|Common Stock|3000|368.525|D,2026-07-27 03:57:10+0000,TRV,"TRAVELERS COMPANIES, INC.",0000086312,4,2026-07-23,2026-07-21,0000086312-26-000149,https://www.sec.gov/Archives/edgar/data/86312/000008631226000149/form4.xml,nonDerivative,2026-07-21,S,Common Stock,3000,368.525,1105575.0,27534.948,D,Frey Daniel S.,"Officer, EVP & Chief Financial Officer",,1,,EVP & Chief Financial Officer,SEC EDGAR
TRV|0000086312-26-000149|derivative|2026-07-21|Frey Daniel S.|M|Stock Options (Right to Buy)|11037|0|D,2026-07-27 03:57:10+0000,TRV,"TRAVELERS COMPANIES, INC.",0000086312,4,2026-07-23,2026-07-21,0000086312-26-000149,https://www.sec.gov/Archives/edgar/data/86312/000008631226000149/form4.xml,derivative,2026-07-21,M,Stock Options (Right to Buy),11037,0,0.0,0,D,Frey Daniel S.,"Officer, EVP & Chief Financial Officer",,1,,EVP & Chief Financial Officer,SEC EDGAR
TRV|0000086312-26-000149|derivative|2026-07-21|Frey Daniel S.|M|Stock Options (Right to Buy)|3000|0|D,2026-07-27 03:57:10+0000,TRV,"TRAVELERS COMPANIES, INC.",0000086312,4,2026-07-23,2026-07-21,0000086312-26-000149,https://www.sec.gov/Archives/edgar/data/86312/000008631226000149/form4.xml,derivative,2026-07-21,M,Stock Options (Right to Buy),3000,0,0.0,22205,D,Frey Daniel S.,"Officer, EVP & Chief Financial Officer",,1,,EVP & Chief Financial Officer,SEC EDGAR
TRGP|0001193125-26-314264|nonDerivative|2026-07-21|Mathiasmeier Thomas Joseph|A|Common Stock|477|0|D,2026-07-27 03:57:10+0000,TRGP,Targa Resources Corp.,0001389170,4,2026-07-23,2026-07-21,0001193125-26-314264,https://www.sec.gov/Archives/edgar/data/1389170/000119312526314264/ownership.xml,nonDerivative,2026-07-21,A,Common Stock,477,0,0.0,477,D,Mathiasmeier Thomas Joseph,,true,false,false,,SEC EDGAR
TPL|0001437749-26-024269|nonDerivative|2026-07-22|HORIZON KINETICS ASSET MANAGEMENT LLC|P|Common Stock|1|427.42|D,2026-07-27 03:57:10+0000,TPL,Texas Pacific Land Corp,0001811074,4,2026-07-23,2026-07-22,0001437749-26-024269,https://www.sec.gov/Archives/edgar/data/1811074/000143774926024269/rdgdoc.xml,nonDerivative,2026-07-22,P,Common Stock,1,427.42,427.42,3263681,D,HORIZON KINETICS ASSET MANAGEMENT LLC,10% Owner,,,1,,SEC EDGAR
STT|0000093751-26-000390|nonDerivative|2026-07-21|O HANLEY RONALD P|S|Common Stock|14553|184.17|D,2026-07-27 03:57:10+0000,STT,STATE STREET CORP,0000093751,4,2026-07-23,2026-07-21,0000093751-26-000390,https://www.sec.gov/Archives/edgar/data/93751/000009375126000390/wk-form4_1784837534.xml,nonDerivative,2026-07-21,S,Common Stock,14553,184.17,2680226.01,240959,D,O HANLEY RONALD P,"Director, Officer, Chairman, CEO and President",1,1,0,"Chairman, CEO and President",SEC EDGAR
STT|0000093751-26-000391|nonDerivative|2026-07-21|Horgan Kathryn M|S|Common Stock|5523|184.17|D,2026-07-27 03:57:10+0000,STT,STATE STREET CORP,0000093751,4,2026-07-23,2026-07-21,0000093751-26-000391,https://www.sec.gov/Archives/edgar/data/93751/000009375126000391/wk-form4_1784837538.xml,nonDerivative,2026-07-21,S,Common Stock,5523,184.17,1017170.9099999999,103171,D,Horgan Kathryn M,"Officer, Executive Vice President",0,1,0,Executive Vice President,SEC EDGAR
SCHW|0001649599-26-000009|nonDerivative|2026-07-21|Murtagh Nigel J|M|Common Stock|4053|46.81|D,2026-07-27 03:57:10+0000,SCHW,SCHWAB CHARLES CORP,0000316709,4,2026-07-23,2026-07-21,0001649599-26-000009,https://www.sec.gov/Archives/edgar/data/316709/000164959926000009/wk-form4_1784849956.xml,nonDerivative,2026-07-21,M,Common Stock,4053,46.81,189720.93000000002,62025.4846,D,Murtagh Nigel J,"Officer, Chief Risk Officer",0,1,0,Chief Risk Officer,SEC EDGAR
SCHW|0001649599-26-000009|nonDerivative|2026-07-21|Murtagh Nigel J|S|Common Stock|4053|104.1374|D,2026-07-27 03:57:10+0000,SCHW,SCHWAB CHARLES CORP,0000316709,4,2026-07-23,2026-07-21,0001649599-26-000009,https://www.sec.gov/Archives/edgar/data/316709/000164959926000009/wk-form4_1784849956.xml,nonDerivative,2026-07-21,S,Common Stock,4053,104.1374,422068.8822,57972.4846,D,Murtagh Nigel J,"Officer, Chief Risk Officer",0,1,0,Chief Risk Officer,SEC EDGAR
SCHW|0001649599-26-000009|derivative|2026-07-21|Murtagh Nigel J|M|Nonqualified Stock Option (right to buy)|4053|0|D,2026-07-27 03:57:10+0000,SCHW,SCHWAB CHARLES CORP,0000316709,4,2026-07-23,2026-07-21,0001649599-26-000009,https://www.sec.gov/Archives/edgar/data/316709/000164959926000009/wk-form4_1784849956.xml,derivative,2026-07-21,M,Nonqualified Stock Option (right to buy),4053,0,0.0,48622,D,Murtagh Nigel J,"Officer, Chief Risk Officer",0,1,0,Chief Risk Officer,SEC EDGAR
PSKY|0001225208-26-006727|nonDerivative|2026-07-21|THORNTON JOHN L|M|Class B common stock|25000.0000|0|D,2026-07-27 03:57:10+0000,PSKY,Paramount Skydance Corp,0002041610,4,2026-07-23,2026-07-21,0001225208-26-006727,https://www.sec.gov/Archives/edgar/data/2041610/000122520826006727/doc4.xml,nonDerivative,2026-07-21,M,Class B common stock,25000.0000,0,0.0,25000.0000,D,THORNTON JOHN L,Director,1,,,,SEC EDGAR
PSKY|0001225208-26-006727|derivative|2026-07-21|THORNTON JOHN L|M|Restricted Stock Units|25000.0000|0.0000|D,2026-07-27 03:57:10+0000,PSKY,Paramount Skydance Corp,0002041610,4,2026-07-23,2026-07-21,0001225208-26-006727,https://www.sec.gov/Archives/edgar/data/2041610/000122520826006727/doc4.xml,derivative,2026-07-21,M,Restricted Stock Units,25000.0000,0.0000,0.0,0.0000,D,THORNTON JOHN L,Director,1,,,,SEC EDGAR
PSKY|0001225208-26-006727|derivative|2026-07-21|THORNTON JOHN L|A|Restricted Stock Units.|46893.0000|0.0000|D,2026-07-27 03:57:10+0000,PSKY,Paramount Skydance Corp,0002041610,4,2026-07-23,2026-07-21,0001225208-26-006727,https://www.sec.gov/Archives/edgar/data/2041610/000122520826006727/doc4.xml,derivative,2026-07-21,A,Restricted Stock Units.,46893.0000,0.0000,0.0,46893.0000,D,THORNTON JOHN L,Director,1,,,,SEC EDGAR
PSKY|0001225208-26-006726|nonDerivative|2026-07-21|Marinelli Paul T|M|Class B common stock|25000.0000|0|D,2026-07-27 03:57:10+0000,PSKY,Paramount Skydance Corp,0002041610,4,2026-07-23,2026-07-21,0001225208-26-006726,https://www.sec.gov/Archives/edgar/data/2041610/000122520826006726/doc4.xml,nonDerivative,2026-07-21,M,Class B common stock,25000.0000,0,0.0,25000.0000,D,Marinelli Paul T,Director,1,,,,SEC EDGAR
PSKY|0001225208-26-006726|derivative|2026-07-21|Marinelli Paul T|M|Restricted Stock Units|25000.0000|0.0000|D,2026-07-27 03:57:10+0000,PSKY,Paramount Skydance Corp,0002041610,4,2026-07-23,2026-07-21,0001225208-26-006726,https://www.sec.gov/Archives/edgar/data/2041610/000122520826006726/doc4.xml,derivative,2026-07-21,M,Restricted Stock Units,25000.0000,0.0000,0.0,0.0000,D,Marinelli Paul T,Director,1,,,,SEC EDGAR
PSKY|0001225208-26-006726|derivative|2026-07-21|Marinelli Paul T|A|Restricted Stock Units.|46893.0000|0.0000|D,2026-07-27 03:57:10+0000,PSKY,Paramount Skydance Corp,0002041610,4,2026-07-23,2026-07-21,0001225208-26-006726,https://www.sec.gov/Archives/edgar/data/2041610/000122520826006726/doc4.xml,derivative,2026-07-21,A,Restricted Stock Units.,46893.0000,0.0000,0.0,46893.0000,D,Marinelli Paul T,Director,1,,,,SEC EDGAR
PSKY|0001225208-26-006725|nonDerivative|2026-07-21|Lansing Sherry|M|Class B common stock|25000.0000|0|D,2026-07-27 03:57:10+0000,PSKY,Paramount Skydance Corp,0002041610,4,2026-07-23,2026-07-21,0001225208-26-006725,https://www.sec.gov/Archives/edgar/data/2041610/000122520826006725/doc4.xml,nonDerivative,2026-07-21,M,Class B common stock,25000.0000,0,0.0,25000.0000,D,Lansing Sherry,Director,1,,,,SEC EDGAR
PSKY|0001225208-26-006725|derivative|2026-07-21|Lansing Sherry|M|Restricted Stock Units|25000.0000|0.0000|D,2026-07-27 03:57:10+0000,PSKY,Paramount Skydance Corp,0002041610,4,2026-07-23,2026-07-21,0001225208-26-006725,https://www.sec.gov/Archives/edgar/data/2041610/000122520826006725/doc4.xml,derivative,2026-07-21,M,Restricted Stock Units,25000.0000,0.0000,0.0,0.0000,D,Lansing Sherry,Director,1,,,,SEC EDGAR
PSKY|0001225208-26-006725|derivative|2026-07-21|Lansing Sherry|A|Restricted Stock Units.|46893.0000|0.0000|D,2026-07-27 03:57:10+0000,PSKY,Paramount Skydance Corp,0002041610,4,2026-07-23,2026-07-21,0001225208-26-006725,https://www.sec.gov/Archives/edgar/data/2041610/000122520826006725/doc4.xml,derivative,2026-07-21,A,Restricted Stock Units.,46893.0000,0.0000,0.0,46893.0000,D,Lansing Sherry,Director,1,,,,SEC EDGAR
PSKY|0001225208-26-006724|nonDerivative|2026-07-21|Hamill Justin|M|Class B common stock|25000.0000|0|D,2026-07-27 03:57:10+0000,PSKY,Paramount Skydance Corp,0002041610,4,2026-07-23,2026-07-21,0001225208-26-006724,https://www.sec.gov/Archives/edgar/data/2041610/000122520826006724/doc4.xml,nonDerivative,2026-07-21,M,Class B common stock,25000.0000,0,0.0,25000.0000,D,Hamill Justin,Director,1,,,,SEC EDGAR
PSKY|0001225208-26-006724|derivative|2026-07-21|Hamill Justin|M|Restricted Stock Units|25000.0000|0.0000|D,2026-07-27 03:57:10+0000,PSKY,Paramount Skydance Corp,0002041610,4,2026-07-23,2026-07-21,0001225208-26-006724,https://www.sec.gov/Archives/edgar/data/2041610/000122520826006724/doc4.xml,derivative,2026-07-21,M,Restricted Stock Units,25000.0000,0.0000,0.0,0.0000,D,Hamill Justin,Director,1,,,,SEC EDGAR
PSKY|0001225208-26-006724|derivative|2026-07-21|Hamill Justin|A|Restricted Stock Units.|46893.0000|0.0000|D,2026-07-27 03:57:10+0000,PSKY,Paramount Skydance Corp,0002041610,4,2026-07-23,2026-07-21,0001225208-26-006724,https://www.sec.gov/Archives/edgar/data/2041610/000122520826006724/doc4.xml,derivative,2026-07-21,A,Restricted Stock Units.,46893.0000,0.0000,0.0,46893.0000,D,Hamill Justin,Director,1,,,,SEC EDGAR
PSKY|0001225208-26-006728|nonDerivative|2026-07-21|Cardinale Gerald J.|M|Class B common stock|25000.0000|0|D,2026-07-27 03:57:10+0000,PSKY,Paramount Skydance Corp,0002041610,4,2026-07-23,2026-07-21,0001225208-26-006728,https://www.sec.gov/Archives/edgar/data/2041610/000122520826006728/doc4.xml,nonDerivative,2026-07-21,M,Class B common stock,25000.0000,0,0.0,25000.0000,D,Cardinale Gerald J.,Director,1,,,,SEC EDGAR
PSKY|0001225208-26-006728|derivative|2026-07-21|Cardinale Gerald J.|M|Restricted Stock Units|25000.0000|0.0000|D,2026-07-27 03:57:10+0000,PSKY,Paramount Skydance Corp,0002041610,4,2026-07-23,2026-07-21,0001225208-26-006728,https://www.sec.gov/Archives/edgar/data/2041610/000122520826006728/doc4.xml,derivative,2026-07-21,M,Restricted Stock Units,25000.0000,0.0000,0.0,0.0000,D,Cardinale Gerald J.,Director,1,,,,SEC EDGAR
PSKY|0001225208-26-006728|derivative|2026-07-21|Cardinale Gerald J.|A|Restricted Stock Units.|46893.0000|0.0000|D,2026-07-27 03:57:10+0000,PSKY,Paramount Skydance Corp,0002041610,4,2026-07-23,2026-07-21,0001225208-26-006728,https://www.sec.gov/Archives/edgar/data/2041610/000122520826006728/doc4.xml,derivative,2026-07-21,A,Restricted Stock Units.,46893.0000,0.0000,0.0,46893.0000,D,Cardinale Gerald J.,Director,1,,,,SEC EDGAR
PSKY|0001225208-26-006722|nonDerivative|2026-07-21|Campion Andrew|M|Class B common stock|17433.0000|0|D,2026-07-27 03:57:10+0000,PSKY,Paramount Skydance Corp,0002041610,4,2026-07-23,2026-07-21,0001225208-26-006722,https://www.sec.gov/Archives/edgar/data/2041610/000122520826006722/doc4.xml,nonDerivative,2026-07-21,M,Class B common stock,17433.0000,0,0.0,17433.0000,D,Campion Andrew,Director,1,,,,SEC EDGAR
PSKY|0001225208-26-006722|derivative|2026-07-21|Campion Andrew|M|Restricted Stock Units|17433.0000|0.0000|D,2026-07-27 03:57:10+0000,PSKY,Paramount Skydance Corp,0002041610,4,2026-07-23,2026-07-21,0001225208-26-006722,https://www.sec.gov/Archives/edgar/data/2041610/000122520826006722/doc4.xml,derivative,2026-07-21,M,Restricted Stock Units,17433.0000,0.0000,0.0,0.0000,D,Campion Andrew,Director,1,,,,SEC EDGAR
PSKY|0001225208-26-006722|derivative|2026-07-21|Campion Andrew|A|Restricted Stock Units.|46893.0000|0.0000|D,2026-07-27 03:57:10+0000,PSKY,Paramount Skydance Corp,0002041610,4,2026-07-23,2026-07-21,0001225208-26-006722,https://www.sec.gov/Archives/edgar/data/2041610/000122520826006722/doc4.xml,derivative,2026-07-21,A,Restricted Stock Units.,46893.0000,0.0000,0.0,46893.0000,D,Campion Andrew,Director,1,,,,SEC EDGAR
PSKY|0001225208-26-006723|nonDerivative|2026-07-21|CATZ SAFRA|M|Class B common stock|25000.0000|0|D,2026-07-27 03:57:10+0000,PSKY,Paramount Skydance Corp,0002041610,4,2026-07-23,2026-07-21,0001225208-26-006723,https://www.sec.gov/Archives/edgar/data/2041610/000122520826006723/doc4.xml,nonDerivative,2026-07-21,M,Class B common stock,25000.0000,0,0.0,25000.0000,D,CATZ SAFRA,Director,1,,,,SEC EDGAR
PSKY|0001225208-26-006723|derivative|2026-07-21|CATZ SAFRA|M|Restricted Stock Units|25000.0000|0.0000|D,2026-07-27 03:57:10+0000,PSKY,Paramount Skydance Corp,0002041610,4,2026-07-23,2026-07-21,0001225208-26-006723,https://www.sec.gov/Archives/edgar/data/2041610/000122520826006723/doc4.xml,derivative,2026-07-21,M,Restricted Stock Units,25000.0000,0.0000,0.0,0.0000,D,CATZ SAFRA,Director,1,,,,SEC EDGAR
PSKY|0001225208-26-006723|derivative|2026-07-21|CATZ SAFRA|A|Restricted Stock Units.|46893.0000|0.0000|D,2026-07-27 03:57:10+0000,PSKY,Paramount Skydance Corp,0002041610,4,2026-07-23,2026-07-21,0001225208-26-006723,https://www.sec.gov/Archives/edgar/data/2041610/000122520826006723/doc4.xml,derivative,2026-07-21,A,Restricted Stock Units.,46893.0000,0.0000,0.0,46893.0000,D,CATZ SAFRA,Director,1,,,,SEC EDGAR
PSKY|0001225208-26-006721|nonDerivative|2026-07-21|Byrne Barbara M|M|Class B common stock|25000.0000|0|D,2026-07-27 03:57:10+0000,PSKY,Paramount Skydance Corp,0002041610,4,2026-07-23,2026-07-21,0001225208-26-006721,https://www.sec.gov/Archives/edgar/data/2041610/000122520826006721/doc4.xml,nonDerivative,2026-07-21,M,Class B common stock,25000.0000,0,0.0,86389.0000,D,Byrne Barbara M,Director,1,,,,SEC EDGAR
PSKY|0001225208-26-006721|derivative|2026-07-21|Byrne Barbara M|M|Restricted Stock Units|25000.0000|0.0000|D,2026-07-27 03:57:10+0000,PSKY,Paramount Skydance Corp,0002041610,4,2026-07-23,2026-07-21,0001225208-26-006721,https://www.sec.gov/Archives/edgar/data/2041610/000122520826006721/doc4.xml,derivative,2026-07-21,M,Restricted Stock Units,25000.0000,0.0000,0.0,0.0000,D,Byrne Barbara M,Director,1,,,,SEC EDGAR
PSKY|0001225208-26-006721|derivative|2026-07-21|Byrne Barbara M|A|Restricted Stock Units.|46893.0000|0.0000|D,2026-07-27 03:57:10+0000,PSKY,Paramount Skydance Corp,0002041610,4,2026-07-23,2026-07-21,0001225208-26-006721,https://www.sec.gov/Archives/edgar/data/2041610/000122520826006721/doc4.xml,derivative,2026-07-21,A,Restricted Stock Units.,46893.0000,0.0000,0.0,46893.0000,D,Byrne Barbara M,Director,1,,,,SEC EDGAR
PPL|0001193125-26-314078|derivative|2026-07-22|Hartwick Kenneth Michael|A|Stock Unit (DDCP)|1228.243|35.62|D,2026-07-27 03:57:10+0000,PPL,PPL Corp,0000922224,4,2026-07-23,2026-07-22,0001193125-26-314078,https://www.sec.gov/Archives/edgar/data/922224/000119312526314078/ownership.xml,derivative,2026-07-22,A,Stock Unit (DDCP),1228.243,35.62,43750.01566,1228.243,D,Hartwick Kenneth Michael,,true,false,false,,SEC EDGAR
"MTCH|0000891103-26-000126|nonDerivative|2026-07-21|Schiffman Glenn|A|Common Stock, par value $0.001|36|38.75|D",2026-07-27 03:57:10+0000,MTCH,"Match Group, Inc.",0000891103,4,2026-07-23,2026-07-21,0000891103-26-000126,https://www.sec.gov/Archives/edgar/data/891103/000089110326000126/wk-form4_1784840842.xml,nonDerivative,2026-07-21,A,"Common Stock, par value $0.001",36,38.75,1395.0,53370,D,Schiffman Glenn,Director,1,0,0,,SEC EDGAR
MTCH|0000891103-26-000126|derivative|2026-07-21|Schiffman Glenn|A|Dividend Equivalents|35|0|D,2026-07-27 03:57:10+0000,MTCH,"Match Group, Inc.",0000891103,4,2026-07-23,2026-07-21,0000891103-26-000126,https://www.sec.gov/Archives/edgar/data/891103/000089110326000126/wk-form4_1784840842.xml,derivative,2026-07-21,A,Dividend Equivalents,35,0,0.0,35,D,Schiffman Glenn,Director,1,0,0,,SEC EDGAR
MTCH|0000891103-26-000125|derivative|2026-07-21|Rascoff Spencer M|A|Dividend Equivalents|664|0|D,2026-07-27 03:57:10+0000,MTCH,"Match Group, Inc.",0000891103,4,2026-07-23,2026-07-21,0000891103-26-000125,https://www.sec.gov/Archives/edgar/data/891103/000089110326000125/wk-form4_1784840836.xml,derivative,2026-07-21,A,Dividend Equivalents,664,0,0.0,4455,D,Rascoff Spencer M,"Director, Officer, Chief Executive Officer",1,1,0,Chief Executive Officer,SEC EDGAR
MTCH|0000891103-26-000125|derivative|2026-07-21|Rascoff Spencer M|A|Dividend Equivalents|4748|0|D,2026-07-27 03:57:10+0000,MTCH,"Match Group, Inc.",0000891103,4,2026-07-23,2026-07-21,0000891103-26-000125,https://www.sec.gov/Archives/edgar/data/891103/000089110326000125/wk-form4_1784840836.xml,derivative,2026-07-21,A,Dividend Equivalents,4748,0,0.0,31815,D,Rascoff Spencer M,"Director, Officer, Chief Executive Officer",1,1,0,Chief Executive Officer,SEC EDGAR
MTCH|0000891103-26-000125|derivative|2026-07-21|Rascoff Spencer M|A|Dividend Equivalents|733|0|D,2026-07-27 03:57:10+0000,MTCH,"Match Group, Inc.",0000891103,4,2026-07-23,2026-07-21,0000891103-26-000125,https://www.sec.gov/Archives/edgar/data/891103/000089110326000125/wk-form4_1784840836.xml,derivative,2026-07-21,A,Dividend Equivalents,733,0,0.0,1520,D,Rascoff Spencer M,"Director, Officer, Chief Executive Officer",1,1,0,Chief Executive Officer,SEC EDGAR
MTCH|0000891103-26-000124|derivative|2026-07-21|MOSKOWITZ RAINA|A|Dividend Equivalents|35|0|D,2026-07-27 03:57:10+0000,MTCH,"Match Group, Inc.",0000891103,4,2026-07-23,2026-07-21,0000891103-26-000124,https://www.sec.gov/Archives/edgar/data/891103/000089110326000124/wk-form4_1784840831.xml,derivative,2026-07-21,A,Dividend Equivalents,35,0,0.0,35,D,MOSKOWITZ RAINA,Director,1,0,0,,SEC EDGAR
MTCH|0000891103-26-000123|derivative|2026-07-21|MCINERNEY THOMAS|A|Dividend Equivalents|35|0|D,2026-07-27 03:57:10+0000,MTCH,"Match Group, Inc.",0000891103,4,2026-07-23,2026-07-21,0000891103-26-000123,https://www.sec.gov/Archives/edgar/data/891103/000089110326000123/wk-form4_1784840826.xml,derivative,2026-07-21,A,Dividend Equivalents,35,0,0.0,35,D,MCINERNEY THOMAS,Director,1,0,0,,SEC EDGAR
MTCH|0000891103-26-000122|derivative|2026-07-21|MCDANIEL ANN|A|Dividend Equivalents|35|0|D,2026-07-27 03:57:10+0000,MTCH,"Match Group, Inc.",0000891103,4,2026-07-23,2026-07-21,0000891103-26-000122,https://www.sec.gov/Archives/edgar/data/891103/000089110326000122/wk-form4_1784840821.xml,derivative,2026-07-21,A,Dividend Equivalents,35,0,0.0,35,D,MCDANIEL ANN,Director,1,0,0,,SEC EDGAR
"MTCH|0000891103-26-000120|nonDerivative|2026-07-21|Jones Laura Rachel|A|Common Stock, par value $0.001|19|38.75|D",2026-07-27 03:57:10+0000,MTCH,"Match Group, Inc.",0000891103,4,2026-07-23,2026-07-21,0000891103-26-000120,https://www.sec.gov/Archives/edgar/data/891103/000089110326000120/wk-form4_1784840812.xml,nonDerivative,2026-07-21,A,"Common Stock, par value $0.001",19,38.75,736.25,19196,D,Jones Laura Rachel,Director,1,0,0,,SEC EDGAR
MTCH|0000891103-26-000120|derivative|2026-07-21|Jones Laura Rachel|A|Dividend Equivalents|35|0|D,2026-07-27 03:57:10+0000,MTCH,"Match Group, Inc.",0000891103,4,2026-07-23,2026-07-21,0000891103-26-000120,https://www.sec.gov/Archives/edgar/data/891103/000089110326000120/wk-form4_1784840812.xml,derivative,2026-07-21,A,Dividend Equivalents,35,0,0.0,35,D,Jones Laura Rachel,Director,1,0,0,,SEC EDGAR
MTCH|0000891103-26-000119|derivative|2026-07-21|Eigenmann Philip D|A|Dividend Equivalents|20|0|D,2026-07-27 03:57:10+0000,MTCH,"Match Group, Inc.",0000891103,4,2026-07-23,2026-07-21,0000891103-26-000119,https://www.sec.gov/Archives/edgar/data/891103/000089110326000119/wk-form4_1784840808.xml,derivative,2026-07-21,A,Dividend Equivalents,20,0,0.0,158,D,Eigenmann Philip D,"Officer, Chief Accounting Officer",0,1,0,Chief Accounting Officer,SEC EDGAR
MTCH|0000891103-26-000119|derivative|2026-07-21|Eigenmann Philip D|A|Dividend Equivalents|68|0|D,2026-07-27 03:57:10+0000,MTCH,"Match Group, Inc.",0000891103,4,2026-07-23,2026-07-21,0000891103-26-000119,https://www.sec.gov/Archives/edgar/data/891103/000089110326000119/wk-form4_1784840808.xml,derivative,2026-07-21,A,Dividend Equivalents,68,0,0.0,462,D,Eigenmann Philip D,"Officer, Chief Accounting Officer",0,1,0,Chief Accounting Officer,SEC EDGAR
MTCH|0000891103-26-000119|derivative|2026-07-21|Eigenmann Philip D|A|Dividend Equivalents|114|0|D,2026-07-27 03:57:10+0000,MTCH,"Match Group, Inc.",0000891103,4,2026-07-23,2026-07-21,0000891103-26-000119,https://www.sec.gov/Archives/edgar/data/891103/000089110326000119/wk-form4_1784840808.xml,derivative,2026-07-21,A,Dividend Equivalents,114,0,0.0,237,D,Eigenmann Philip D,"Officer, Chief Accounting Officer",0,1,0,Chief Accounting Officer,SEC EDGAR
MTCH|0000891103-26-000118|derivative|2026-07-21|Edgett Sean|A|Dividend Equivalents|244|0|D,2026-07-27 03:57:10+0000,MTCH,"Match Group, Inc.",0000891103,4,2026-07-23,2026-07-21,0000891103-26-000118,https://www.sec.gov/Archives/edgar/data/891103/000089110326000118/wk-form4_1784840803.xml,derivative,2026-07-21,A,Dividend Equivalents,244,0,0.0,1901,D,Edgett Sean,"Officer, Chief Legal Officer and Sec.",0,1,0,Chief Legal Officer and Sec.,SEC EDGAR
MTCH|0000891103-26-000118|derivative|2026-07-21|Edgett Sean|A|Dividend Equivalents|68|0|D,2026-07-27 03:57:10+0000,MTCH,"Match Group, Inc.",0000891103,4,2026-07-23,2026-07-21,0000891103-26-000118,https://www.sec.gov/Archives/edgar/data/891103/000089110326000118/wk-form4_1784840803.xml,derivative,2026-07-21,A,Dividend Equivalents,68,0,0.0,462,D,Edgett Sean,"Officer, Chief Legal Officer and Sec.",0,1,0,Chief Legal Officer and Sec.,SEC EDGAR
MTCH|0000891103-26-000118|derivative|2026-07-21|Edgett Sean|A|Dividend Equivalents|478|0|D,2026-07-27 03:57:10+0000,MTCH,"Match Group, Inc.",0000891103,4,2026-07-23,2026-07-21,0000891103-26-000118,https://www.sec.gov/Archives/edgar/data/891103/000089110326000118/wk-form4_1784840803.xml,derivative,2026-07-21,A,Dividend Equivalents,478,0,0.0,990,D,Edgett Sean,"Officer, Chief Legal Officer and Sec.",0,1,0,Chief Legal Officer and Sec.,SEC EDGAR
MTCH|0000891103-26-000121|derivative|2026-07-21|Campbell Kotzman Kelly|A|Dividend Equivalents|35|0|D,2026-07-27 03:57:10+0000,MTCH,"Match Group, Inc.",0000891103,4,2026-07-23,2026-07-21,0000891103-26-000121,https://www.sec.gov/Archives/edgar/data/891103/000089110326000121/wk-form4_1784840817.xml,derivative,2026-07-21,A,Dividend Equivalents,35,0,0.0,35,D,Campbell Kotzman Kelly,Director,1,0,0,,SEC EDGAR
"MTCH|0000891103-26-000117|nonDerivative|2026-07-21|CAVENS DARRELL|A|Common Stock, par value $0.001|13|38.75|D",2026-07-27 03:57:10+0000,MTCH,"Match Group, Inc.",0000891103,4,2026-07-23,2026-07-21,0000891103-26-000117,https://www.sec.gov/Archives/edgar/data/891103/000089110326000117/wk-form4_1784840798.xml,nonDerivative,2026-07-21,A,"Common Stock, par value $0.001",13,38.75,503.75,10891,D,CAVENS DARRELL,Director,1,0,0,,SEC EDGAR
MTCH|0000891103-26-000117|derivative|2026-07-21|CAVENS DARRELL|A|Dividend Equivalents|35|0|D,2026-07-27 03:57:10+0000,MTCH,"Match Group, Inc.",0000891103,4,2026-07-23,2026-07-21,0000891103-26-000117,https://www.sec.gov/Archives/edgar/data/891103/000089110326000117/wk-form4_1784840798.xml,derivative,2026-07-21,A,Dividend Equivalents,35,0,0.0,35,D,CAVENS DARRELL,Director,1,0,0,,SEC EDGAR
MTCH|0000891103-26-000116|derivative|2026-07-21|Bronstein Manuel|A|Dividend Equivalents|35|0|D,2026-07-27 03:57:10+0000,MTCH,"Match Group, Inc.",0000891103,4,2026-07-23,2026-07-21,0000891103-26-000116,https://www.sec.gov/Archives/edgar/data/891103/000089110326000116/wk-form4_1784840792.xml,derivative,2026-07-21,A,Dividend Equivalents,35,0,0.0,35,D,Bronstein Manuel,Director,1,0,0,,SEC EDGAR
MTCH|0000891103-26-000115|derivative|2026-07-21|Brenner Melissa Anne|A|Dividend Equivalents|35|0|D,2026-07-27 03:57:10+0000,MTCH,"Match Group, Inc.",0000891103,4,2026-07-23,2026-07-21,0000891103-26-000115,https://www.sec.gov/Archives/edgar/data/891103/000089110326000115/wk-form4_1784840788.xml,derivative,2026-07-21,A,Dividend Equivalents,35,0,0.0,35,D,Brenner Melissa Anne,Director,1,0,0,,SEC EDGAR
MTCH|0000891103-26-000114|derivative|2026-07-21|Bailey Steven Richard Jr.|A|Dividend Equivalents|29|0|D,2026-07-27 03:57:10+0000,MTCH,"Match Group, Inc.",0000891103,4,2026-07-23,2026-07-21,0000891103-26-000114,https://www.sec.gov/Archives/edgar/data/891103/000089110326000114/wk-form4_1784840783.xml,derivative,2026-07-21,A,Dividend Equivalents,29,0,0.0,225,D,Bailey Steven Richard Jr.,"Officer, Chief Financial Officer",0,1,0,Chief Financial Officer,SEC EDGAR
MTCH|0000891103-26-000114|derivative|2026-07-21|Bailey Steven Richard Jr.|A|Dividend Equivalents|172|0|D,2026-07-27 03:57:10+0000,MTCH,"Match Group, Inc.",0000891103,4,2026-07-23,2026-07-21,0000891103-26-000114,https://www.sec.gov/Archives/edgar/data/891103/000089110326000114/wk-form4_1784840783.xml,derivative,2026-07-21,A,Dividend Equivalents,172,0,0.0,1153,D,Bailey Steven Richard Jr.,"Officer, Chief Financial Officer",0,1,0,Chief Financial Officer,SEC EDGAR
MTCH|0000891103-26-000114|derivative|2026-07-21|Bailey Steven Richard Jr.|A|Dividend Equivalents|382|0|D,2026-07-27 03:57:10+0000,MTCH,"Match Group, Inc.",0000891103,4,2026-07-23,2026-07-21,0000891103-26-000114,https://www.sec.gov/Archives/edgar/data/891103/000089110326000114/wk-form4_1784840783.xml,derivative,2026-07-21,A,Dividend Equivalents,382,0,0.0,792,D,Bailey Steven Richard Jr.,"Officer, Chief Financial Officer",0,1,0,Chief Financial Officer,SEC EDGAR
MTCH|0000891103-26-000113|derivative|2026-07-21|Bailey Stephen|A|Dividend Equivalents|35|0|D,2026-07-27 03:57:10+0000,MTCH,"Match Group, Inc.",0000891103,4,2026-07-23,2026-07-21,0000891103-26-000113,https://www.sec.gov/Archives/edgar/data/891103/000089110326000113/wk-form4_1784840778.xml,derivative,2026-07-21,A,Dividend Equivalents,35,0,0.0,35,D,Bailey Stephen,Director,1,0,0,,SEC EDGAR
MMM|0000066740-26-000252|nonDerivative|2026-07-22|Rhodes Kevin H|M|Common Stock|7669|154.69|D,2026-07-27 03:57:10+0000,MMM,3M CO,0000066740,4,2026-07-23,2026-07-22,0000066740-26-000252,https://www.sec.gov/Archives/edgar/data/66740/000006674026000252/form4.xml,nonDerivative,2026-07-22,M,Common Stock,7669,154.69,1186317.6099999999,51448.9933,D,Rhodes Kevin H,"Officer, EVP, Chief Legal Off & Secret",,1,,"EVP, Chief Legal Off & Secret",SEC EDGAR
MMM|0000066740-26-000252|nonDerivative|2026-07-22|Rhodes Kevin H|S|Common Stock|7669|171.20|D,2026-07-27 03:57:10+0000,MMM,3M CO,0000066740,4,2026-07-23,2026-07-22,0000066740-26-000252,https://www.sec.gov/Archives/edgar/data/66740/000006674026000252/form4.xml,nonDerivative,2026-07-22,S,Common Stock,7669,171.20,1312932.7999999998,43779.9933,D,Rhodes Kevin H,"Officer, EVP, Chief Legal Off & Secret",,1,,"EVP, Chief Legal Off & Secret",SEC EDGAR
MMM|0000066740-26-000252|derivative|2026-07-22|Rhodes Kevin H|M|Non-qualified Stock Option (Right to Buy)|7669|0|D,2026-07-27 03:57:10+0000,MMM,3M CO,0000066740,4,2026-07-23,2026-07-22,0000066740-26-000252,https://www.sec.gov/Archives/edgar/data/66740/000006674026000252/form4.xml,derivative,2026-07-22,M,Non-qualified Stock Option (Right to Buy),7669,0,0.0,0,D,Rhodes Kevin H,"Officer, EVP, Chief Legal Off & Secret",,1,,"EVP, Chief Legal Off & Secret",SEC EDGAR
MMM|0000066740-26-000250|nonDerivative|2026-07-22|Goralski Christian T JR|M|Common Stock|4902|154.69|D,2026-07-27 03:57:10+0000,MMM,3M CO,0000066740,4,2026-07-23,2026-07-22,0000066740-26-000250,https://www.sec.gov/Archives/edgar/data/66740/000006674026000250/form4.xml,nonDerivative,2026-07-22,M,Common Stock,4902,154.69,758290.38,11873.28,D,Goralski Christian T JR,"Officer, Group President",,1,,Group President,SEC EDGAR
MMM|0000066740-26-000250|nonDerivative|2026-07-22|Goralski Christian T JR|S|Common Stock|4902|170.4564|D,2026-07-27 03:57:10+0000,MMM,3M CO,0000066740,4,2026-07-23,2026-07-22,0000066740-26-000250,https://www.sec.gov/Archives/edgar/data/66740/000006674026000250/form4.xml,nonDerivative,2026-07-22,S,Common Stock,4902,170.4564,835577.2728,6971.28,D,Goralski Christian T JR,"Officer, Group President",,1,,Group President,SEC EDGAR
MMM|0000066740-26-000250|derivative|2026-07-22|Goralski Christian T JR|M|Non-qualified Stock Option (Right to Buy)|4902|0|D,2026-07-27 03:57:10+0000,MMM,3M CO,0000066740,4,2026-07-23,2026-07-22,0000066740-26-000250,https://www.sec.gov/Archives/edgar/data/66740/000006674026000250/form4.xml,derivative,2026-07-22,M,Non-qualified Stock Option (Right to Buy),4902,0,0.0,0,D,Goralski Christian T JR,"Officer, Group President",,1,,Group President,SEC EDGAR
MCK|0000927653-26-000207|nonDerivative|2026-07-22|Wilson-Thompson Kathleen|A|Common Stock|277|814.04|D,2026-07-27 03:57:10+0000,MCK,MCKESSON CORP,0000927653,4,2026-07-23,2026-07-22,0000927653-26-000207,https://www.sec.gov/Archives/edgar/data/927653/000092765326000207/form4.xml,nonDerivative,2026-07-22,A,Common Stock,277,814.04,225489.08,578,D,Wilson-Thompson Kathleen,Director,1,0,0,,SEC EDGAR
MCK|0000927653-26-000201|derivative|2026-07-22|OZAN KEVIN M|A|Restricted Stock Units (RSUs)|277|0|D,2026-07-27 03:57:10+0000,MCK,MCKESSON CORP,0000927653,4,2026-07-23,2026-07-22,0000927653-26-000201,https://www.sec.gov/Archives/edgar/data/927653/000092765326000201/form4.xml,derivative,2026-07-22,A,Restricted Stock Units (RSUs),277,0,0.0,277,D,OZAN KEVIN M,Director,1,0,0,,SEC EDGAR
MCK|0000927653-26-000202|nonDerivative|2026-07-22|Martinez Maria|A|Common Stock|277|814.04|D,2026-07-27 03:57:10+0000,MCK,MCKESSON CORP,0000927653,4,2026-07-23,2026-07-22,0000927653-26-000202,https://www.sec.gov/Archives/edgar/data/927653/000092765326000202/form4.xml,nonDerivative,2026-07-22,A,Common Stock,277,814.04,225489.08,578,D,Martinez Maria,Director,1,0,0,,SEC EDGAR
MCK|0000927653-26-000203|derivative|2026-07-22|Lerman Bradley E|A|Restricted Stock Units (RSUs)|277|0|D,2026-07-27 03:57:10+0000,MCK,MCKESSON CORP,0000927653,4,2026-07-23,2026-07-22,0000927653-26-000203,https://www.sec.gov/Archives/edgar/data/927653/000092765326000203/form4.xml,derivative,2026-07-22,A,Restricted Stock Units (RSUs),277,0,0.0,277,D,Lerman Bradley E,Director,1,0,0,,SEC EDGAR
MCK|0000927653-26-000209|derivative|2026-07-22|Hinton James H.|A|Restricted Stock Units (RSUs)|277|0|D,2026-07-27 03:57:10+0000,MCK,MCKESSON CORP,0000927653,4,2026-07-23,2026-07-22,0000927653-26-000209,https://www.sec.gov/Archives/edgar/data/927653/000092765326000209/form4.xml,derivative,2026-07-22,A,Restricted Stock Units (RSUs),277,0,0.0,277,D,Hinton James H.,Director,1,0,0,,SEC EDGAR
MCK|0000927653-26-000204|derivative|2026-07-22|Gerberding Julie L.|A|Restricted Stock Units (RSUs)|277|0|D,2026-07-27 03:57:10+0000,MCK,MCKESSON CORP,0000927653,4,2026-07-23,2026-07-22,0000927653-26-000204,https://www.sec.gov/Archives/edgar/data/927653/000092765326000204/form4.xml,derivative,2026-07-22,A,Restricted Stock Units (RSUs),277,0,0.0,277,D,Gerberding Julie L.,Director,1,0,0,,SEC EDGAR
MCK|0000927653-26-000200|derivative|2026-07-22|Dunsire Deborah|A|Restricted Stock Units (RSUs)|277|0|D,2026-07-27 03:57:10+0000,MCK,MCKESSON CORP,0000927653,4,2026-07-23,2026-07-22,0000927653-26-000200,https://www.sec.gov/Archives/edgar/data/927653/000092765326000200/form4.xml,derivative,2026-07-22,A,Restricted Stock Units (RSUs),277,0,0.0,277,D,Dunsire Deborah,Director,1,0,0,,SEC EDGAR
MCK|0000927653-26-000206|derivative|2026-07-22|Dunbar Webster Roy|A|Restricted Stock Units (RSUs)|277|0|D,2026-07-27 03:57:10+0000,MCK,MCKESSON CORP,0000927653,4,2026-07-23,2026-07-22,0000927653-26-000206,https://www.sec.gov/Archives/edgar/data/927653/000092765326000206/form4.xml,derivative,2026-07-22,A,Restricted Stock Units (RSUs),277,0,0.0,277,D,Dunbar Webster Roy,Director,1,0,0,,SEC EDGAR
MCK|0000927653-26-000208|derivative|2026-07-22|Doughtie Lynne M|A|Restricted Stock Units (RSUs)|277|0|D,2026-07-27 03:57:10+0000,MCK,MCKESSON CORP,0000927653,4,2026-07-23,2026-07-22,0000927653-26-000208,https://www.sec.gov/Archives/edgar/data/927653/000092765326000208/form4.xml,derivative,2026-07-22,A,Restricted Stock Units (RSUs),277,0,0.0,277,D,Doughtie Lynne M,Director,1,0,0,,SEC EDGAR
MCK|0000927653-26-000205|nonDerivative|2026-07-22|Caruso Dominic J|A|Common Stock|277|814.04|D,2026-07-27 03:57:10+0000,MCK,MCKESSON CORP,0000927653,4,2026-07-23,2026-07-22,0000927653-26-000205,https://www.sec.gov/Archives/edgar/data/927653/000092765326000205/form4.xml,nonDerivative,2026-07-22,A,Common Stock,277,814.04,225489.08,927,D,Caruso Dominic J,Director,1,0,0,,SEC EDGAR
KMI|0001506307-26-000079|derivative|2026-07-21|Schlosser John W|A|Restricted Stock Unit|80297|0|D,2026-07-27 03:57:10+0000,KMI,"KINDER MORGAN, INC.",0001506307,4,2026-07-23,2026-07-21,0001506307-26-000079,https://www.sec.gov/Archives/edgar/data/1506307/000150630726000079/wk-form4_1784845029.xml,derivative,2026-07-21,A,Restricted Stock Unit,80297,0,0.0,80297,D,Schlosser John W,"Officer, V.P. (President, Terminals)",0,1,0,"V.P. (President, Terminals)",SEC EDGAR
KMI|0001506307-26-000075|derivative|2026-07-21|Sanders Dax|A|Restricted Stock Unit|98827|0|D,2026-07-27 03:57:10+0000,KMI,"KINDER MORGAN, INC.",0001506307,4,2026-07-23,2026-07-21,0001506307-26-000075,https://www.sec.gov/Archives/edgar/data/1506307/000150630726000075/wk-form4_1784845010.xml,derivative,2026-07-21,A,Restricted Stock Unit,98827,0,0.0,98827,D,Sanders Dax,"Officer, President",0,1,0,President,SEC EDGAR
KMI|0001506307-26-000083|derivative|2026-07-21|Pitta Michael J|A|Restricted Stock Unit|24707|0|D,2026-07-27 03:57:10+0000,KMI,"KINDER MORGAN, INC.",0001506307,4,2026-07-23,2026-07-21,0001506307-26-000083,https://www.sec.gov/Archives/edgar/data/1506307/000150630726000083/wk-form4_1784845054.xml,derivative,2026-07-21,A,Restricted Stock Unit,24707,0,0.0,24707,D,Pitta Michael J,"Officer, VP and Chief Admin. Officer",0,1,0,VP and Chief Admin. Officer,SEC EDGAR
KMI|0001506307-26-000078|derivative|2026-07-21|Mody Sital K|A|Restricted Stock Unit|154417|0|D,2026-07-27 03:57:10+0000,KMI,"KINDER MORGAN, INC.",0001506307,4,2026-07-23,2026-07-21,0001506307-26-000078,https://www.sec.gov/Archives/edgar/data/1506307/000150630726000078/wk-form4_1784845024.xml,derivative,2026-07-21,A,Restricted Stock Unit,154417,0,0.0,154417,D,Mody Sital K,"Officer, V.P. (Pres.,Nat Gas Pipelines)",0,1,0,"V.P. (Pres.,Nat Gas Pipelines)",SEC EDGAR
KMI|0001506307-26-000076|derivative|2026-07-21|Michels David Patrick|A|Restricted Stock Unit|84929|0|D,2026-07-27 03:57:10+0000,KMI,"KINDER MORGAN, INC.",0001506307,4,2026-07-23,2026-07-21,0001506307-26-000076,https://www.sec.gov/Archives/edgar/data/1506307/000150630726000076/wk-form4_1784845015.xml,derivative,2026-07-21,A,Restricted Stock Unit,84929,0,0.0,84929,D,Michels David Patrick,"Officer, VP and Chief Financial Officer",0,1,0,VP and Chief Financial Officer,SEC EDGAR
KMI|0001506307-26-000082|derivative|2026-07-21|James Catherine C.|A|Restricted Stock Unit|49414|0|D,2026-07-27 03:57:10+0000,KMI,"KINDER MORGAN, INC.",0001506307,4,2026-07-23,2026-07-21,0001506307-26-000082,https://www.sec.gov/Archives/edgar/data/1506307/000150630726000082/wk-form4_1784845050.xml,derivative,2026-07-21,A,Restricted Stock Unit,49414,0,0.0,49414,D,James Catherine C.,"Officer, VP and General Counsel",0,1,0,VP and General Counsel,SEC EDGAR
KMI|0001506307-26-000074|derivative|2026-07-21|Grahmann Kevin P|A|Restricted Stock Unit|30884|0|D,2026-07-27 03:57:10+0000,KMI,"KINDER MORGAN, INC.",0001506307,4,2026-07-23,2026-07-21,0001506307-26-000074,https://www.sec.gov/Archives/edgar/data/1506307/000150630726000074/wk-form4_1784845005.xml,derivative,2026-07-21,A,Restricted Stock Unit,30884,0,0.0,30884,D,Grahmann Kevin P,"Officer, V.P., Corporate Development",0,1,0,"V.P., Corporate Development",SEC EDGAR
KMI|0001506307-26-000077|derivative|2026-07-21|Garthwaite Michael P.|A|Restricted Stock Unit|61767|0|D,2026-07-27 03:57:10+0000,KMI,"KINDER MORGAN, INC.",0001506307,4,2026-07-23,2026-07-21,0001506307-26-000077,https://www.sec.gov/Archives/edgar/data/1506307/000150630726000077/wk-form4_1784845020.xml,derivative,2026-07-21,A,Restricted Stock Unit,61767,0,0.0,61767,D,Garthwaite Michael P.,"Officer, VP (Pres., Products Pipelines)",0,1,0,"VP (Pres., Products Pipelines)",SEC EDGAR
KMI|0001506307-26-000081|derivative|2026-07-21|Dang Kimberly A|A|Restricted Stock Unit|399167|0|D,2026-07-27 03:57:10+0000,KMI,"KINDER MORGAN, INC.",0001506307,4,2026-07-23,2026-07-21,0001506307-26-000081,https://www.sec.gov/Archives/edgar/data/1506307/000150630726000081/wk-form4_1784845044.xml,derivative,2026-07-21,A,Restricted Stock Unit,399167,0,0.0,399167,D,Dang Kimberly A,"Director, Officer, Chief Executive Officer",1,1,0,Chief Executive Officer,SEC EDGAR
KMI|0001506307-26-000080|derivative|2026-07-21|ASHLEY ANTHONY B|A|Restricted Stock Unit|66400|0|D,2026-07-27 03:57:10+0000,KMI,"KINDER MORGAN, INC.",0001506307,4,2026-07-23,2026-07-21,0001506307-26-000080,https://www.sec.gov/Archives/edgar/data/1506307/000150630726000080/wk-form4_1784845034.xml,derivative,2026-07-21,A,Restricted Stock Unit,66400,0,0.0,66400,D,ASHLEY ANTHONY B,"Officer, VP (President, CO2 and ETV)",0,1,0,"VP (President, CO2 and ETV)",SEC EDGAR
"GOOGL|0001168404-26-000036|nonDerivative|2026-07-21|GV 2019 GP, L.L.C.|J|Class A Common Stock|22900|0|I",2026-07-27 03:57:10+0000,GOOGL,Alphabet Inc.,0001652044,4,2026-07-23,2026-07-21,0001168404-26-000036,https://www.sec.gov/Archives/edgar/data/1652044/000116840426000036/form4-07232026_080714.xml,nonDerivative,2026-07-21,J,Class A Common Stock,22900,0,0.0,2894790,I,"GV 2019 GP, L.L.C.",,false,false,true,,SEC EDGAR
"GOOGL|0001168404-26-000036|nonDerivative|2026-07-21|GV 2019 GP, L.L.C.|S|Class A Common Stock|22700|19.0495|I",2026-07-27 03:57:10+0000,GOOGL,Alphabet Inc.,0001652044,4,2026-07-23,2026-07-21,0001168404-26-000036,https://www.sec.gov/Archives/edgar/data/1652044/000116840426000036/form4-07232026_080714.xml,nonDerivative,2026-07-21,S,Class A Common Stock,22700,19.0495,432423.64999999997,200,I,"GV 2019 GP, L.L.C.",,false,false,true,,SEC EDGAR
"GOOGL|0001168404-26-000036|nonDerivative|2026-07-21|GV 2019 GP, L.L.C.|S|Class A Common Stock|200|19.72|I",2026-07-27 03:57:10+0000,GOOGL,Alphabet Inc.,0001652044,4,2026-07-23,2026-07-21,0001168404-26-000036,https://www.sec.gov/Archives/edgar/data/1652044/000116840426000036/form4-07232026_080714.xml,nonDerivative,2026-07-21,S,Class A Common Stock,200,19.72,3944.0,0,I,"GV 2019 GP, L.L.C.",,false,false,true,,SEC EDGAR
"GOOGL|0001168404-26-000036|nonDerivative|2026-07-22|GV 2019 GP, L.L.C.|J|Class A Common Stock|49582|0|I",2026-07-27 03:57:10+0000,GOOGL,Alphabet Inc.,0001652044,4,2026-07-23,2026-07-21,0001168404-26-000036,https://www.sec.gov/Archives/edgar/data/1652044/000116840426000036/form4-07232026_080714.xml,nonDerivative,2026-07-22,J,Class A Common Stock,49582,0,0.0,2845208,I,"GV 2019 GP, L.L.C.",,false,false,true,,SEC EDGAR
"GOOGL|0001168404-26-000036|nonDerivative|2026-07-22|GV 2019 GP, L.L.C.|S|Class A Common Stock|49582|19.2301|I",2026-07-27 03:57:10+0000,GOOGL,Alphabet Inc.,0001652044,4,2026-07-23,2026-07-21,0001168404-26-000036,https://www.sec.gov/Archives/edgar/data/1652044/000116840426000036/form4-07232026_080714.xml,nonDerivative,2026-07-22,S,Class A Common Stock,49582,19.2301,953466.8182,0,I,"GV 2019 GP, L.L.C.",,false,false,true,,SEC EDGAR
"GOOG|0001168404-26-000036|nonDerivative|2026-07-21|GV 2019 GP, L.L.C.|J|Class A Common Stock|22900|0|I",2026-07-27 03:57:10+0000,GOOG,Alphabet Inc.,0001652044,4,2026-07-23,2026-07-21,0001168404-26-000036,https://www.sec.gov/Archives/edgar/data/1652044/000116840426000036/form4-07232026_080714.xml,nonDerivative,2026-07-21,J,Class A Common Stock,22900,0,0.0,2894790,I,"GV 2019 GP, L.L.C.",,false,false,true,,SEC EDGAR
"GOOG|0001168404-26-000036|nonDerivative|2026-07-21|GV 2019 GP, L.L.C.|S|Class A Common Stock|22700|19.0495|I",2026-07-27 03:57:10+0000,GOOG,Alphabet Inc.,0001652044,4,2026-07-23,2026-07-21,0001168404-26-000036,https://www.sec.gov/Archives/edgar/data/1652044/000116840426000036/form4-07232026_080714.xml,nonDerivative,2026-07-21,S,Class A Common Stock,22700,19.0495,432423.64999999997,200,I,"GV 2019 GP, L.L.C.",,false,false,true,,SEC EDGAR
"GOOG|0001168404-26-000036|nonDerivative|2026-07-21|GV 2019 GP, L.L.C.|S|Class A Common Stock|200|19.72|I",2026-07-27 03:57:10+0000,GOOG,Alphabet Inc.,0001652044,4,2026-07-23,2026-07-21,0001168404-26-000036,https://www.sec.gov/Archives/edgar/data/1652044/000116840426000036/form4-07232026_080714.xml,nonDerivative,2026-07-21,S,Class A Common Stock,200,19.72,3944.0,0,I,"GV 2019 GP, L.L.C.",,false,false,true,,SEC EDGAR
"GOOG|0001168404-26-000036|nonDerivative|2026-07-22|GV 2019 GP, L.L.C.|J|Class A Common Stock|49582|0|I",2026-07-27 03:57:10+0000,GOOG,Alphabet Inc.,0001652044,4,2026-07-23,2026-07-21,0001168404-26-000036,https://www.sec.gov/Archives/edgar/data/1652044/000116840426000036/form4-07232026_080714.xml,nonDerivative,2026-07-22,J,Class A Common Stock,49582,0,0.0,2845208,I,"GV 2019 GP, L.L.C.",,false,false,true,,SEC EDGAR
"GOOG|0001168404-26-000036|nonDerivative|2026-07-22|GV 2019 GP, L.L.C.|S|Class A Common Stock|49582|19.2301|I",2026-07-27 03:57:10+0000,GOOG,Alphabet Inc.,0001652044,4,2026-07-23,2026-07-21,0001168404-26-000036,https://www.sec.gov/Archives/edgar/data/1652044/000116840426000036/form4-07232026_080714.xml,nonDerivative,2026-07-22,S,Class A Common Stock,49582,19.2301,953466.8182,0,I,"GV 2019 GP, L.L.C.",,false,false,true,,SEC EDGAR
ERIE|0001628280-26-049333|derivative|2026-07-21|Vorsheck Elizabeth A|A|Directors' Deferred Compensation Share Credits|99.758|0|D,2026-07-27 03:57:10+0000,ERIE,ERIE INDEMNITY CO,0000922621,4,2026-07-23,2026-07-21,0001628280-26-049333,https://www.sec.gov/Archives/edgar/data/922621/000162828026049333/wk-form4_1784822877.xml,derivative,2026-07-21,A,Directors' Deferred Compensation Share Credits,99.758,0,0.0,14560.846,D,Vorsheck Elizabeth A,"Director, 10% Owner",1,0,1,,SEC EDGAR
ERIE|0001628280-26-049332|derivative|2026-07-21|Srinivasa Parthasarathy|J|Incentive Compensation Deferral Plan Share Credits|18.501|215.82|D,2026-07-27 03:57:10+0000,ERIE,ERIE INDEMNITY CO,0000922621,4,2026-07-23,2026-07-21,0001628280-26-049332,https://www.sec.gov/Archives/edgar/data/922621/000162828026049332/wk-form4_1784822780.xml,derivative,2026-07-21,J,Incentive Compensation Deferral Plan Share Credits,18.501,215.82,3992.88582,2748.676,D,Srinivasa Parthasarathy,"Officer, EVP, Chief Information Officer",0,1,0,"EVP, Chief Information Officer",SEC EDGAR
ERIE|0001628280-26-049331|derivative|2026-07-21|Shine Sarah|J|Incentive Compensation Deferral Plan Share Credits|18.254|215.82|D,2026-07-27 03:57:10+0000,ERIE,ERIE INDEMNITY CO,0000922621,4,2026-07-23,2026-07-21,0001628280-26-049331,https://www.sec.gov/Archives/edgar/data/922621/000162828026049331/wk-form4_1784822625.xml,derivative,2026-07-21,J,Incentive Compensation Deferral Plan Share Credits,18.254,215.82,3939.57828,2712.05,D,Shine Sarah,"Officer, Executive Vice President",0,1,0,Executive Vice President,SEC EDGAR
ERIE|0001628280-26-049329|derivative|2026-07-21|Pelkowski Julie Marie|J|Incentive Compensation Deferral Plan Share Credits|14.189|215.82|D,2026-07-27 03:57:10+0000,ERIE,ERIE INDEMNITY CO,0000922621,4,2026-07-23,2026-07-21,0001628280-26-049329,https://www.sec.gov/Archives/edgar/data/922621/000162828026049329/wk-form4_1784822446.xml,derivative,2026-07-21,J,Incentive Compensation Deferral Plan Share Credits,14.189,215.82,3062.26998,2107.922,D,Pelkowski Julie Marie,"Officer, EVP & CFO",0,1,0,EVP & CFO,SEC EDGAR
ERIE|0001628280-26-049328|derivative|2026-07-21|Novacek Jorie L|J|Incentive Compensation Deferral Plan Share Credits|6.765|215.82|D,2026-07-27 03:57:10+0000,ERIE,ERIE INDEMNITY CO,0000922621,4,2026-07-23,2026-07-21,0001628280-26-049328,https://www.sec.gov/Archives/edgar/data/922621/000162828026049328/wk-form4_1784822120.xml,derivative,2026-07-21,J,Incentive Compensation Deferral Plan Share Credits,6.765,215.82,1460.0222999999999,1005.124,D,Novacek Jorie L,"Officer, SVP, Controller",0,1,0,"SVP, Controller",SEC EDGAR
ERIE|0001628280-26-049319|derivative|2026-07-21|NECASTRO TIMOTHY G|J|Incentive Compensation Deferral Plan Share Credits|87.541|215.82|D,2026-07-27 03:57:10+0000,ERIE,ERIE INDEMNITY CO,0000922621,4,2026-07-23,2026-07-21,0001628280-26-049319,https://www.sec.gov/Archives/edgar/data/922621/000162828026049319/wk-form4_1784817903.xml,derivative,2026-07-21,J,Incentive Compensation Deferral Plan Share Credits,87.541,215.82,18893.098619999997,13005.879,D,NECASTRO TIMOTHY G,"Officer, President & CEO",0,1,0,President & CEO,SEC EDGAR
ERIE|0001628280-26-049317|derivative|2026-07-21|Dugan Sean|J|Incentive Compensation Deferral Plan Share Credits|8.794|215.82|D,2026-07-27 03:57:10+0000,ERIE,ERIE INDEMNITY CO,0000922621,4,2026-07-23,2026-07-21,0001628280-26-049317,https://www.sec.gov/Archives/edgar/data/922621/000162828026049317/wk-form4_1784817519.xml,derivative,2026-07-21,J,Incentive Compensation Deferral Plan Share Credits,8.794,215.82,1897.92108,1306.527,D,Dugan Sean,"Officer, Executive Vice President",0,1,0,Executive Vice President,SEC EDGAR
ERIE|0001628280-26-049313|derivative|2026-07-21|Cook Cody|J|Incentive Compensation Deferral Plan Share Credits|8.699|215.82|D,2026-07-27 03:57:10+0000,ERIE,ERIE INDEMNITY CO,0000922621,4,2026-07-23,2026-07-21,0001628280-26-049313,https://www.sec.gov/Archives/edgar/data/922621/000162828026049313/wk-form4_1784816607.xml,derivative,2026-07-21,J,Incentive Compensation Deferral Plan Share Credits,8.699,215.82,1877.41818,1292.341,D,Cook Cody,"Officer, Executive Vice President",0,1,0,Executive Vice President,SEC EDGAR
ERIE|0001628280-26-049308|derivative|2026-07-21|Cipriani Marc|J|Incentive Compensation Deferral Plan Share Credits|15.064|215.82|D,2026-07-27 03:57:10+0000,ERIE,ERIE INDEMNITY CO,0000922621,4,2026-07-23,2026-07-21,0001628280-26-049308,https://www.sec.gov/Archives/edgar/data/922621/000162828026049308/wk-form4_1784814723.xml,derivative,2026-07-21,J,Incentive Compensation Deferral Plan Share Credits,15.064,215.82,3251.11248,2238.088,D,Cipriani Marc,"Officer, Senior Vice President",0,1,0,Senior Vice President,SEC EDGAR
ERIE|0001628280-26-049307|derivative|2026-07-21|Bolash Brian W.|J|Incentive Compensation Deferral Plan Share Credits|23.848|215.82|D,2026-07-27 03:57:10+0000,ERIE,ERIE INDEMNITY CO,0000922621,4,2026-07-23,2026-07-21,0001628280-26-049307,https://www.sec.gov/Archives/edgar/data/922621/000162828026049307/wk-form4_1784813450.xml,derivative,2026-07-21,J,Incentive Compensation Deferral Plan Share Credits,23.848,215.82,5146.87536,3543.181,D,Bolash Brian W.,"Officer, EVP,Secretary,General Counsel",0,1,0,"EVP,Secretary,General Counsel",SEC EDGAR
"DPZ|0001826853-26-000019|nonDerivative|2026-07-22|GARCIA KELLY E|M|Common Stock, $0.01 par value|8220|300.16|D",2026-07-27 03:57:10+0000,DPZ,DOMINOS PIZZA INC,0001286681,4,2026-07-23,2026-07-22,0001826853-26-000019,https://www.sec.gov/Archives/edgar/data/1286681/000182685326000019/ownership.xml,nonDerivative,2026-07-22,M,"Common Stock, $0.01 par value",8220,300.16,2467315.2,17571.818,D,GARCIA KELLY E,"EVP,  Chief Tech & Data Ofcr",false,true,false,"EVP,  Chief Tech & Data Ofcr",SEC EDGAR
"DPZ|0001826853-26-000019|nonDerivative|2026-07-22|GARCIA KELLY E|S|Common Stock, $0.01 par value|3606|320.8038|D",2026-07-27 03:57:10+0000,DPZ,DOMINOS PIZZA INC,0001286681,4,2026-07-23,2026-07-22,0001826853-26-000019,https://www.sec.gov/Archives/edgar/data/1286681/000182685326000019/ownership.xml,nonDerivative,2026-07-22,S,"Common Stock, $0.01 par value",3606,320.8038,1156818.5028000001,13965.818,D,GARCIA KELLY E,"EVP,  Chief Tech & Data Ofcr",false,true,false,"EVP,  Chief Tech & Data Ofcr",SEC EDGAR
"DPZ|0001826853-26-000019|nonDerivative|2026-07-22|GARCIA KELLY E|S|Common Stock, $0.01 par value|3453|322.0123|D",2026-07-27 03:57:10+0000,DPZ,DOMINOS PIZZA INC,0001286681,4,2026-07-23,2026-07-22,0001826853-26-000019,https://www.sec.gov/Archives/edgar/data/1286681/000182685326000019/ownership.xml,nonDerivative,2026-07-22,S,"Common Stock, $0.01 par value",3453,322.0123,1111908.4719,10512.818,D,GARCIA KELLY E,"EVP,  Chief Tech & Data Ofcr",false,true,false,"EVP,  Chief Tech & Data Ofcr",SEC EDGAR
"DPZ|0001826853-26-000019|nonDerivative|2026-07-22|GARCIA KELLY E|S|Common Stock, $0.01 par value|1161|322.8373|D",2026-07-27 03:57:10+0000,DPZ,DOMINOS PIZZA INC,0001286681,4,2026-07-23,2026-07-22,0001826853-26-000019,https://www.sec.gov/Archives/edgar/data/1286681/000182685326000019/ownership.xml,nonDerivative,2026-07-22,S,"Common Stock, $0.01 par value",1161,322.8373,374814.10530000005,9351.818,D,GARCIA KELLY E,"EVP,  Chief Tech & Data Ofcr",false,true,false,"EVP,  Chief Tech & Data Ofcr",SEC EDGAR
"DPZ|0001826853-26-000019|nonDerivative|2026-07-22|GARCIA KELLY E|M|Common Stock, $0.01 par value|1540|212.52|D",2026-07-27 03:57:10+0000,DPZ,DOMINOS PIZZA INC,0001286681,4,2026-07-23,2026-07-22,0001826853-26-000019,https://www.sec.gov/Archives/edgar/data/1286681/000182685326000019/ownership.xml,nonDerivative,2026-07-22,M,"Common Stock, $0.01 par value",1540,212.52,327280.8,10891.818,D,GARCIA KELLY E,"EVP,  Chief Tech & Data Ofcr",false,true,false,"EVP,  Chief Tech & Data Ofcr",SEC EDGAR
"DPZ|0001826853-26-000019|nonDerivative|2026-07-22|GARCIA KELLY E|S|Common Stock, $0.01 par value|1540|322.8802|D",2026-07-27 03:57:10+0000,DPZ,DOMINOS PIZZA INC,0001286681,4,2026-07-23,2026-07-22,0001826853-26-000019,https://www.sec.gov/Archives/edgar/data/1286681/000182685326000019/ownership.xml,nonDerivative,2026-07-22,S,"Common Stock, $0.01 par value",1540,322.8802,497235.50800000003,9351.818,D,GARCIA KELLY E,"EVP,  Chief Tech & Data Ofcr",false,true,false,"EVP,  Chief Tech & Data Ofcr",SEC EDGAR
"DPZ|0001826853-26-000019|nonDerivative|2026-07-22|GARCIA KELLY E|M|Common Stock, $0.01 par value|1370|283.68|D",2026-07-27 03:57:10+0000,DPZ,DOMINOS PIZZA INC,0001286681,4,2026-07-23,2026-07-22,0001826853-26-000019,https://www.sec.gov/Archives/edgar/data/1286681/000182685326000019/ownership.xml,nonDerivative,2026-07-22,M,"Common Stock, $0.01 par value",1370,283.68,388641.60000000003,10721.818,D,GARCIA KELLY E,"EVP,  Chief Tech & Data Ofcr",false,true,false,"EVP,  Chief Tech & Data Ofcr",SEC EDGAR
"DPZ|0001826853-26-000019|nonDerivative|2026-07-22|GARCIA KELLY E|S|Common Stock, $0.01 par value|1370|322.87|D",2026-07-27 03:57:10+0000,DPZ,DOMINOS PIZZA INC,0001286681,4,2026-07-23,2026-07-22,0001826853-26-000019,https://www.sec.gov/Archives/edgar/data/1286681/000182685326000019/ownership.xml,nonDerivative,2026-07-22,S,"Common Stock, $0.01 par value",1370,322.87,442331.9,9351.818,D,GARCIA KELLY E,"EVP,  Chief Tech & Data Ofcr",false,true,false,"EVP,  Chief Tech & Data Ofcr",SEC EDGAR
"DPZ|0001826853-26-000019|nonDerivative|2026-07-22|GARCIA KELLY E|M|Common Stock, $0.01 par value|1010|275.35|D",2026-07-27 03:57:10+0000,DPZ,DOMINOS PIZZA INC,0001286681,4,2026-07-23,2026-07-22,0001826853-26-000019,https://www.sec.gov/Archives/edgar/data/1286681/000182685326000019/ownership.xml,nonDerivative,2026-07-22,M,"Common Stock, $0.01 par value",1010,275.35,278103.5,10361.818,D,GARCIA KELLY E,"EVP,  Chief Tech & Data Ofcr",false,true,false,"EVP,  Chief Tech & Data Ofcr",SEC EDGAR
"DPZ|0001826853-26-000019|nonDerivative|2026-07-22|GARCIA KELLY E|S|Common Stock, $0.01 par value|1010|322.9186|D",2026-07-27 03:57:10+0000,DPZ,DOMINOS PIZZA INC,0001286681,4,2026-07-23,2026-07-22,0001826853-26-000019,https://www.sec.gov/Archives/edgar/data/1286681/000182685326000019/ownership.xml,nonDerivative,2026-07-22,S,"Common Stock, $0.01 par value",1010,322.9186,326147.786,9351.818,D,GARCIA KELLY E,"EVP,  Chief Tech & Data Ofcr",false,true,false,"EVP,  Chief Tech & Data Ofcr",SEC EDGAR
"DPZ|0001826853-26-000019|nonDerivative|2026-07-22|GARCIA KELLY E|M|Common Stock, $0.01 par value|290|275.35|D",2026-07-27 03:57:10+0000,DPZ,DOMINOS PIZZA INC,0001286681,4,2026-07-23,2026-07-22,0001826853-26-000019,https://www.sec.gov/Archives/edgar/data/1286681/000182685326000019/ownership.xml,nonDerivative,2026-07-22,M,"Common Stock, $0.01 par value",290,275.35,79851.5,9641.818,D,GARCIA KELLY E,"EVP,  Chief Tech & Data Ofcr",false,true,false,"EVP,  Chief Tech & Data Ofcr",SEC EDGAR
"DPZ|0001826853-26-000019|nonDerivative|2026-07-22|GARCIA KELLY E|S|Common Stock, $0.01 par value|290|323.18|D",2026-07-27 03:57:10+0000,DPZ,DOMINOS PIZZA INC,0001286681,4,2026-07-23,2026-07-22,0001826853-26-000019,https://www.sec.gov/Archives/edgar/data/1286681/000182685326000019/ownership.xml,nonDerivative,2026-07-22,S,"Common Stock, $0.01 par value",290,323.18,93722.2,9351.818,D,GARCIA KELLY E,"EVP,  Chief Tech & Data Ofcr",false,true,false,"EVP,  Chief Tech & Data Ofcr",SEC EDGAR
DPZ|0001826853-26-000019|derivative|2026-07-22|GARCIA KELLY E|M|Option to Purchase Common Stock|1540|0|D,2026-07-27 03:57:10+0000,DPZ,DOMINOS PIZZA INC,0001286681,4,2026-07-23,2026-07-22,0001826853-26-000019,https://www.sec.gov/Archives/edgar/data/1286681/000182685326000019/ownership.xml,derivative,2026-07-22,M,Option to Purchase Common Stock,1540,0,0.0,0,D,GARCIA KELLY E,"EVP,  Chief Tech & Data Ofcr",false,true,false,"EVP,  Chief Tech & Data Ofcr",SEC EDGAR
DPZ|0001826853-26-000019|derivative|2026-07-22|GARCIA KELLY E|M|Option to Purchase Common Stock|1370|0|D,2026-07-27 03:57:10+0000,DPZ,DOMINOS PIZZA INC,0001286681,4,2026-07-23,2026-07-22,0001826853-26-000019,https://www.sec.gov/Archives/edgar/data/1286681/000182685326000019/ownership.xml,derivative,2026-07-22,M,Option to Purchase Common Stock,1370,0,0.0,0,D,GARCIA KELLY E,"EVP,  Chief Tech & Data Ofcr",false,true,false,"EVP,  Chief Tech & Data Ofcr",SEC EDGAR
DPZ|0001826853-26-000019|derivative|2026-07-22|GARCIA KELLY E|M|Option to Purchase Common Stock|1010|0|D,2026-07-27 03:57:10+0000,DPZ,DOMINOS PIZZA INC,0001286681,4,2026-07-23,2026-07-22,0001826853-26-000019,https://www.sec.gov/Archives/edgar/data/1286681/000182685326000019/ownership.xml,derivative,2026-07-22,M,Option to Purchase Common Stock,1010,0,0.0,0,D,GARCIA KELLY E,"EVP,  Chief Tech & Data Ofcr",false,true,false,"EVP,  Chief Tech & Data Ofcr",SEC EDGAR
DPZ|0001826853-26-000019|derivative|2026-07-22|GARCIA KELLY E|M|Option to Purchase Common Stock|290|0|D,2026-07-27 03:57:10+0000,DPZ,DOMINOS PIZZA INC,0001286681,4,2026-07-23,2026-07-22,0001826853-26-000019,https://www.sec.gov/Archives/edgar/data/1286681/000182685326000019/ownership.xml,derivative,2026-07-22,M,Option to Purchase Common Stock,290,0,0.0,0,D,GARCIA KELLY E,"EVP,  Chief Tech & Data Ofcr",false,true,false,"EVP,  Chief Tech & Data Ofcr",SEC EDGAR
DPZ|0001826853-26-000019|derivative|2026-07-22|GARCIA KELLY E|M|Option to Purchase Common Stock|8220|0|D,2026-07-27 03:57:10+0000,DPZ,DOMINOS PIZZA INC,0001286681,4,2026-07-23,2026-07-22,0001826853-26-000019,https://www.sec.gov/Archives/edgar/data/1286681/000182685326000019/ownership.xml,derivative,2026-07-22,M,Option to Purchase Common Stock,8220,0,0.0,0,D,GARCIA KELLY E,"EVP,  Chief Tech & Data Ofcr",false,true,false,"EVP,  Chief Tech & Data Ofcr",SEC EDGAR
CTAS|0000950103-26-011109|nonDerivative|2026-07-22|TYSOE RONALD W|M|Common Stock|5048|27.10|D,2026-07-27 03:57:10+0000,CTAS,CINTAS CORP,0000723254,4,2026-07-23,2026-07-22,0000950103-26-011109,https://www.sec.gov/Archives/edgar/data/723254/000095010326011109/ownership.xml,nonDerivative,2026-07-22,M,Common Stock,5048,27.10,136800.80000000002,27496,D,TYSOE RONALD W,Director,1,0,0,,SEC EDGAR
CTAS|0000950103-26-011109|nonDerivative|2026-07-22|TYSOE RONALD W|F|Common Stock|685|199.90|D,2026-07-27 03:57:10+0000,CTAS,CINTAS CORP,0000723254,4,2026-07-23,2026-07-22,0000950103-26-011109,https://www.sec.gov/Archives/edgar/data/723254/000095010326011109/ownership.xml,nonDerivative,2026-07-22,F,Common Stock,685,199.90,136931.5,26811,D,TYSOE RONALD W,Director,1,0,0,,SEC EDGAR
CTAS|0000950103-26-011109|nonDerivative|2026-07-22|TYSOE RONALD W|S|Common Stock|4363|199.90|D,2026-07-27 03:57:10+0000,CTAS,CINTAS CORP,0000723254,4,2026-07-23,2026-07-22,0000950103-26-011109,https://www.sec.gov/Archives/edgar/data/723254/000095010326011109/ownership.xml,nonDerivative,2026-07-22,S,Common Stock,4363,199.90,872163.7000000001,22448,D,TYSOE RONALD W,Director,1,0,0,,SEC EDGAR
CTAS|0000950103-26-011109|derivative|2026-07-22|TYSOE RONALD W|M|Stock Option (right to buy)|5048|0|D,2026-07-27 03:57:10+0000,CTAS,CINTAS CORP,0000723254,4,2026-07-23,2026-07-22,0000950103-26-011109,https://www.sec.gov/Archives/edgar/data/723254/000095010326011109/ownership.xml,derivative,2026-07-22,M,Stock Option (right to buy),5048,0,0.0,0,D,TYSOE RONALD W,Director,1,0,0,,SEC EDGAR
CRM|0001108524-26-000156|nonDerivative|2026-07-22|Tallapragada Srinivas|M|Common Stock|1786|0|D,2026-07-27 03:57:10+0000,CRM,"Salesforce, Inc.",0001108524,4,2026-07-23,2026-07-22,0001108524-26-000156,https://www.sec.gov/Archives/edgar/data/1108524/000110852426000156/form4.xml,nonDerivative,2026-07-22,M,Common Stock,1786,0,0.0,71953,D,Tallapragada Srinivas,"Officer, Chief Eng/Cust Success Officer",,1,,Chief Eng/Cust Success Officer,SEC EDGAR
CRM|0001108524-26-000156|nonDerivative|2026-07-22|Tallapragada Srinivas|F|Common Stock|886|163.00|D,2026-07-27 03:57:10+0000,CRM,"Salesforce, Inc.",0001108524,4,2026-07-23,2026-07-22,0001108524-26-000156,https://www.sec.gov/Archives/edgar/data/1108524/000110852426000156/form4.xml,nonDerivative,2026-07-22,F,Common Stock,886,163.00,144418.0,71067,D,Tallapragada Srinivas,"Officer, Chief Eng/Cust Success Officer",,1,,Chief Eng/Cust Success Officer,SEC EDGAR
CRM|0001108524-26-000156|derivative|2026-07-22|Tallapragada Srinivas|M|Restricted Stock Units|1786|0|D,2026-07-27 03:57:10+0000,CRM,"Salesforce, Inc.",0001108524,4,2026-07-23,2026-07-22,0001108524-26-000156,https://www.sec.gov/Archives/edgar/data/1108524/000110852426000156/form4.xml,derivative,2026-07-22,M,Restricted Stock Units,1786,0,0.0,5356,D,Tallapragada Srinivas,"Officer, Chief Eng/Cust Success Officer",,1,,Chief Eng/Cust Success Officer,SEC EDGAR
CRM|0001108524-26-000154|nonDerivative|2026-07-22|Harris Parker|M|Common Stock|1786|0|D,2026-07-27 03:57:10+0000,CRM,"Salesforce, Inc.",0001108524,4,2026-07-23,2026-07-22,0001108524-26-000154,https://www.sec.gov/Archives/edgar/data/1108524/000110852426000154/form4.xml,nonDerivative,2026-07-22,M,Common Stock,1786,0,0.0,164174,D,Harris Parker,"Director, Officer, Co-Founder and CTO, Slack",1,1,,"Co-Founder and CTO, Slack",SEC EDGAR
CRM|0001108524-26-000154|nonDerivative|2026-07-22|Harris Parker|F|Common Stock|886|163.00|D,2026-07-27 03:57:10+0000,CRM,"Salesforce, Inc.",0001108524,4,2026-07-23,2026-07-22,0001108524-26-000154,https://www.sec.gov/Archives/edgar/data/1108524/000110852426000154/form4.xml,nonDerivative,2026-07-22,F,Common Stock,886,163.00,144418.0,163288,D,Harris Parker,"Director, Officer, Co-Founder and CTO, Slack",1,1,,"Co-Founder and CTO, Slack",SEC EDGAR
CRM|0001108524-26-000154|derivative|2026-07-22|Harris Parker|M|Restricted Stock Units|1786|0|D,2026-07-27 03:57:10+0000,CRM,"Salesforce, Inc.",0001108524,4,2026-07-23,2026-07-22,0001108524-26-000154,https://www.sec.gov/Archives/edgar/data/1108524/000110852426000154/form4.xml,derivative,2026-07-22,M,Restricted Stock Units,1786,0,0.0,5356,D,Harris Parker,"Director, Officer, Co-Founder and CTO, Slack",1,1,,"Co-Founder and CTO, Slack",SEC EDGAR
CDNS|0000813672-26-000085|nonDerivative|2026-07-22|TENG CHIN-CHI|M|Common Stock|1000|202.94|D,2026-07-27 03:57:10+0000,CDNS,CADENCE DESIGN SYSTEMS INC,0000813672,4,2026-07-23,2026-07-22,0000813672-26-000085,https://www.sec.gov/Archives/edgar/data/813672/000081367226000085/wk-form4_1784854519.xml,nonDerivative,2026-07-22,M,Common Stock,1000,202.94,202940.0,146281,D,TENG CHIN-CHI,"Officer, Sr. Vice President",0,1,0,Sr. Vice President,SEC EDGAR
CDNS|0000813672-26-000085|nonDerivative|2026-07-22|TENG CHIN-CHI|S|Common Stock|720|335.695|D,2026-07-27 03:57:10+0000,CDNS,CADENCE DESIGN SYSTEMS INC,0000813672,4,2026-07-23,2026-07-22,0000813672-26-000085,https://www.sec.gov/Archives/edgar/data/813672/000081367226000085/wk-form4_1784854519.xml,nonDerivative,2026-07-22,S,Common Stock,720,335.695,241700.4,145561,D,TENG CHIN-CHI,"Officer, Sr. Vice President",0,1,0,Sr. Vice President,SEC EDGAR
CDNS|0000813672-26-000085|nonDerivative|2026-07-22|TENG CHIN-CHI|S|Common Stock|252|336.7114|D,2026-07-27 03:57:10+0000,CDNS,CADENCE DESIGN SYSTEMS INC,0000813672,4,2026-07-23,2026-07-22,0000813672-26-000085,https://www.sec.gov/Archives/edgar/data/813672/000081367226000085/wk-form4_1784854519.xml,nonDerivative,2026-07-22,S,Common Stock,252,336.7114,84851.2728,145309,D,TENG CHIN-CHI,"Officer, Sr. Vice President",0,1,0,Sr. Vice President,SEC EDGAR
CDNS|0000813672-26-000085|nonDerivative|2026-07-22|TENG CHIN-CHI|S|Common Stock|200|337.7817|D,2026-07-27 03:57:10+0000,CDNS,CADENCE DESIGN SYSTEMS INC,0000813672,4,2026-07-23,2026-07-22,0000813672-26-000085,https://www.sec.gov/Archives/edgar/data/813672/000081367226000085/wk-form4_1784854519.xml,nonDerivative,2026-07-22,S,Common Stock,200,337.7817,67556.34,145109,D,TENG CHIN-CHI,"Officer, Sr. Vice President",0,1,0,Sr. Vice President,SEC EDGAR
CDNS|0000813672-26-000085|nonDerivative|2026-07-22|TENG CHIN-CHI|S|Common Stock|1968|339.0539|D,2026-07-27 03:57:10+0000,CDNS,CADENCE DESIGN SYSTEMS INC,0000813672,4,2026-07-23,2026-07-22,0000813672-26-000085,https://www.sec.gov/Archives/edgar/data/813672/000081367226000085/wk-form4_1784854519.xml,nonDerivative,2026-07-22,S,Common Stock,1968,339.0539,667258.0752,143141,D,TENG CHIN-CHI,"Officer, Sr. Vice President",0,1,0,Sr. Vice President,SEC EDGAR
CDNS|0000813672-26-000085|nonDerivative|2026-07-22|TENG CHIN-CHI|S|Common Stock|200|340.704|D,2026-07-27 03:57:10+0000,CDNS,CADENCE DESIGN SYSTEMS INC,0000813672,4,2026-07-23,2026-07-22,0000813672-26-000085,https://www.sec.gov/Archives/edgar/data/813672/000081367226000085/wk-form4_1784854519.xml,nonDerivative,2026-07-22,S,Common Stock,200,340.704,68140.8,142941,D,TENG CHIN-CHI,"Officer, Sr. Vice President",0,1,0,Sr. Vice President,SEC EDGAR
CDNS|0000813672-26-000085|nonDerivative|2026-07-22|TENG CHIN-CHI|S|Common Stock|440|342.1495|D,2026-07-27 03:57:10+0000,CDNS,CADENCE DESIGN SYSTEMS INC,0000813672,4,2026-07-23,2026-07-22,0000813672-26-000085,https://www.sec.gov/Archives/edgar/data/813672/000081367226000085/wk-form4_1784854519.xml,nonDerivative,2026-07-22,S,Common Stock,440,342.1495,150545.78,142501,D,TENG CHIN-CHI,"Officer, Sr. Vice President",0,1,0,Sr. Vice President,SEC EDGAR
CDNS|0000813672-26-000085|nonDerivative|2026-07-22|TENG CHIN-CHI|S|Common Stock|241|342.9841|D,2026-07-27 03:57:10+0000,CDNS,CADENCE DESIGN SYSTEMS INC,0000813672,4,2026-07-23,2026-07-22,0000813672-26-000085,https://www.sec.gov/Archives/edgar/data/813672/000081367226000085/wk-form4_1784854519.xml,nonDerivative,2026-07-22,S,Common Stock,241,342.9841,82659.16810000001,142260,D,TENG CHIN-CHI,"Officer, Sr. Vice President",0,1,0,Sr. Vice President,SEC EDGAR
CDNS|0000813672-26-000085|nonDerivative|2026-07-22|TENG CHIN-CHI|S|Common Stock|399|343.9352|D,2026-07-27 03:57:10+0000,CDNS,CADENCE DESIGN SYSTEMS INC,0000813672,4,2026-07-23,2026-07-22,0000813672-26-000085,https://www.sec.gov/Archives/edgar/data/813672/000081367226000085/wk-form4_1784854519.xml,nonDerivative,2026-07-22,S,Common Stock,399,343.9352,137230.1448,141861,D,TENG CHIN-CHI,"Officer, Sr. Vice President",0,1,0,Sr. Vice President,SEC EDGAR
CDNS|0000813672-26-000085|nonDerivative|2026-07-22|TENG CHIN-CHI|S|Common Stock|80|345.165|D,2026-07-27 03:57:10+0000,CDNS,CADENCE DESIGN SYSTEMS INC,0000813672,4,2026-07-23,2026-07-22,0000813672-26-000085,https://www.sec.gov/Archives/edgar/data/813672/000081367226000085/wk-form4_1784854519.xml,nonDerivative,2026-07-22,S,Common Stock,80,345.165,27613.2,141781,D,TENG CHIN-CHI,"Officer, Sr. Vice President",0,1,0,Sr. Vice President,SEC EDGAR
CDNS|0000813672-26-000085|derivative|2026-07-22|TENG CHIN-CHI|M|Non- Qualified Stock Option (right to buy|1000|0|D,2026-07-27 03:57:10+0000,CDNS,CADENCE DESIGN SYSTEMS INC,0000813672,4,2026-07-23,2026-07-22,0000813672-26-000085,https://www.sec.gov/Archives/edgar/data/813672/000081367226000085/wk-form4_1784854519.xml,derivative,2026-07-22,M,Non- Qualified Stock Option (right to buy,1000,0,0.0,9668,D,TENG CHIN-CHI,"Officer, Sr. Vice President",0,1,0,Sr. Vice President,SEC EDGAR
"BEN|0000038777-26-000197|nonDerivative|2026-07-21|Nicholls Matthew|A|Common Stock, par value $.10|229850|32.63|D",2026-07-27 03:57:10+0000,BEN,FRANKLIN RESOURCES INC,0000038777,4,2026-07-23,2026-07-21,0000038777-26-000197,https://www.sec.gov/Archives/edgar/data/38777/000003877726000197/form4.xml,nonDerivative,2026-07-21,A,"Common Stock, par value $.10",229850,32.63,7500005.500000001,778797,D,Nicholls Matthew,"Officer, Co-President, CFO & COO",,1,,"Co-President, CFO & COO",SEC EDGAR
"BEN|0000038777-26-000198|nonDerivative|2026-07-21|Murphy Terrence|A|Common Stock, par value $.10|229850|32.63|D",2026-07-27 03:57:10+0000,BEN,FRANKLIN RESOURCES INC,0000038777,4,2026-07-23,2026-07-21,0000038777-26-000198,https://www.sec.gov/Archives/edgar/data/38777/000003877726000198/form4.xml,nonDerivative,2026-07-21,A,"Common Stock, par value $.10",229850,32.63,7500005.500000001,416009,D,Murphy Terrence,"Officer, Co-President, Public Markets",,1,,"Co-President, Public Markets",SEC EDGAR
"BEN|0000038777-26-000195|nonDerivative|2026-07-21|JOHNSON JENNIFER M|A|Common Stock, par value $.10|229850|32.63|D",2026-07-27 03:57:10+0000,BEN,FRANKLIN RESOURCES INC,0000038777,4,2026-07-23,2026-07-21,0000038777-26-000195,https://www.sec.gov/Archives/edgar/data/38777/000003877726000195/form4.xml,nonDerivative,2026-07-21,A,"Common Stock, par value $.10",229850,32.63,7500005.500000001,3554034.0046,D,JOHNSON JENNIFER M,"Director, Officer, Chief Executive Officer",1,1,,Chief Executive Officer,SEC EDGAR
"BEN|0000038777-26-000196|nonDerivative|2026-07-21|Gamba Daniel|A|Common Stock, par value $.10|229850|32.63|D",2026-07-27 03:57:10+0000,BEN,FRANKLIN RESOURCES INC,0000038777,4,2026-07-23,2026-07-21,0000038777-26-000196,https://www.sec.gov/Archives/edgar/data/38777/000003877726000196/form4.xml,nonDerivative,2026-07-21,A,"Common Stock, par value $.10",229850,32.63,7500005.500000001,672720,D,Gamba Daniel,"Officer, Co-President, Chief Commercial",,1,,"Co-President, Chief Commercial",SEC EDGAR
ALB|0000915913-26-000097|nonDerivative|2026-07-21|DESALLES BARTOLOMEO EDUARDO|A|Common Stock|1375|0|D,2026-07-27 03:57:10+0000,ALB,ALBEMARLE CORP,0000915913,4,2026-07-23,2026-07-21,0000915913-26-000097,https://www.sec.gov/Archives/edgar/data/915913/000091591326000097/wk-form4_1784838398.xml,nonDerivative,2026-07-21,A,Common Stock,1375,0,0.0,1375,D,DESALLES BARTOLOMEO EDUARDO,Director,1,0,0,,SEC EDGAR
VRSN|0001628280-26-049264|nonDerivative|2026-07-20|McCann Debra|A|Common Stock|900|0|D,2026-07-27 03:57:10+0000,VRSN,VERISIGN INC/CA,0001014473,4,2026-07-22,2026-07-20,0001628280-26-049264,https://www.sec.gov/Archives/edgar/data/1014473/000162828026049264/wk-form4_1784761058.xml,nonDerivative,2026-07-20,A,Common Stock,900,0,0.0,2780,D,McCann Debra,Director,1,0,0,,SEC EDGAR
VRSN|0001624651-26-000039|nonDerivative|2026-07-20|Indelicarto Thomas C|S|Common Stock|500|280|D,2026-07-27 03:57:10+0000,VRSN,VERISIGN INC/CA,0001014473,4,2026-07-22,2026-07-20,0001624651-26-000039,https://www.sec.gov/Archives/edgar/data/1014473/000162465126000039/wk-form4_1784752476.xml,nonDerivative,2026-07-20,S,Common Stock,500,280,140000.0,35551.0439,D,Indelicarto Thomas C,"Officer, EVP, Gen Counsel & Secretary",0,1,0,"EVP, Gen Counsel & Secretary",SEC EDGAR
VRSN|0001184176-26-000002|nonDerivative|2026-07-20|GORELICK JAMIE S|A|Common Stock|900|0|I,2026-07-27 03:57:10+0000,VRSN,VERISIGN INC/CA,0001014473,4,2026-07-22,2026-07-20,0001184176-26-000002,https://www.sec.gov/Archives/edgar/data/1014473/000118417626000002/wk-form4_1784756551.xml,nonDerivative,2026-07-20,A,Common Stock,900,0,0.0,23154,I,GORELICK JAMIE S,Director,1,0,0,,SEC EDGAR
VRSN|0001178032-26-000008|nonDerivative|2026-07-20|DESCH MATTHEW J|A|Common Stock|900|0|D,2026-07-27 03:57:10+0000,VRSN,VERISIGN INC/CA,0001014473,4,2026-07-22,2026-07-20,0001178032-26-000008,https://www.sec.gov/Archives/edgar/data/1014473/000117803226000008/wk-form4_1784759160.xml,nonDerivative,2026-07-20,A,Common Stock,900,0,0.0,1628,D,DESCH MATTHEW J,Director,1,0,0,,SEC EDGAR
VRSN|0001181540-26-000002|nonDerivative|2026-07-20|COTE KATHLEEN A|A|Common Stock|900|0|D,2026-07-27 03:57:10+0000,VRSN,VERISIGN INC/CA,0001014473,4,2026-07-22,2026-07-20,0001181540-26-000002,https://www.sec.gov/Archives/edgar/data/1014473/000118154026000002/wk-form4_1784755567.xml,nonDerivative,2026-07-20,A,Common Stock,900,0,0.0,29125,D,COTE KATHLEEN A,Director,1,0,0,,SEC EDGAR
VRSN|0001783493-26-000002|nonDerivative|2026-07-20|Buchalter Yehuda Ari|A|Common Stock|900|0|D,2026-07-27 03:57:10+0000,VRSN,VERISIGN INC/CA,0001014473,4,2026-07-22,2026-07-20,0001783493-26-000002,https://www.sec.gov/Archives/edgar/data/1014473/000178349326000002/wk-form4_1784754709.xml,nonDerivative,2026-07-20,A,Common Stock,900,0,0.0,5514,D,Buchalter Yehuda Ari,Director,1,0,0,,SEC EDGAR
VRSN|0001204816-26-000026|nonDerivative|2026-07-21|BIDZOS D JAMES|S|Common Stock|600|266.1443|D,2026-07-27 03:57:10+0000,VRSN,VERISIGN INC/CA,0001014473,4,2026-07-22,2026-07-21,0001204816-26-000026,https://www.sec.gov/Archives/edgar/data/1014473/000120481626000026/wk-form4_1784752860.xml,nonDerivative,2026-07-21,S,Common Stock,600,266.1443,159686.58,418939.0301,D,BIDZOS D JAMES,"Director, Officer, Exec. Chairman, Pres, & CEO",1,1,0,"Exec. Chairman, Pres, & CEO",SEC EDGAR
VRSN|0001204816-26-000026|nonDerivative|2026-07-21|BIDZOS D JAMES|S|Common Stock|700|267.5871|D,2026-07-27 03:57:10+0000,VRSN,VERISIGN INC/CA,0001014473,4,2026-07-22,2026-07-21,0001204816-26-000026,https://www.sec.gov/Archives/edgar/data/1014473/000120481626000026/wk-form4_1784752860.xml,nonDerivative,2026-07-21,S,Common Stock,700,267.5871,187310.97,418239.0301,D,BIDZOS D JAMES,"Director, Officer, Exec. Chairman, Pres, & CEO",1,1,0,"Exec. Chairman, Pres, & CEO",SEC EDGAR
VRSN|0001204816-26-000026|nonDerivative|2026-07-21|BIDZOS D JAMES|S|Common Stock|200|268.63|D,2026-07-27 03:57:10+0000,VRSN,VERISIGN INC/CA,0001014473,4,2026-07-22,2026-07-21,0001204816-26-000026,https://www.sec.gov/Archives/edgar/data/1014473/000120481626000026/wk-form4_1784752860.xml,nonDerivative,2026-07-21,S,Common Stock,200,268.63,53726.0,418039.0301,D,BIDZOS D JAMES,"Director, Officer, Exec. Chairman, Pres, & CEO",1,1,0,"Exec. Chairman, Pres, & CEO",SEC EDGAR
VRSN|0001204816-26-000026|nonDerivative|2026-07-21|BIDZOS D JAMES|S|Common Stock|400|270.8975|D,2026-07-27 03:57:10+0000,VRSN,VERISIGN INC/CA,0001014473,4,2026-07-22,2026-07-21,0001204816-26-000026,https://www.sec.gov/Archives/edgar/data/1014473/000120481626000026/wk-form4_1784752860.xml,nonDerivative,2026-07-21,S,Common Stock,400,270.8975,108358.99999999999,417639.0301,D,BIDZOS D JAMES,"Director, Officer, Exec. Chairman, Pres, & CEO",1,1,0,"Exec. Chairman, Pres, & CEO",SEC EDGAR
VRSN|0001204816-26-000026|nonDerivative|2026-07-21|BIDZOS D JAMES|S|Common Stock|100|271.8935|D,2026-07-27 03:57:10+0000,VRSN,VERISIGN INC/CA,0001014473,4,2026-07-22,2026-07-21,0001204816-26-000026,https://www.sec.gov/Archives/edgar/data/1014473/000120481626000026/wk-form4_1784752860.xml,nonDerivative,2026-07-21,S,Common Stock,100,271.8935,27189.350000000002,417539.0301,D,BIDZOS D JAMES,"Director, Officer, Exec. Chairman, Pres, & CEO",1,1,0,"Exec. Chairman, Pres, & CEO",SEC EDGAR
VRSN|0001204816-26-000026|nonDerivative|2026-07-21|BIDZOS D JAMES|S|Common Stock|299|273.2776|D,2026-07-27 03:57:10+0000,VRSN,VERISIGN INC/CA,0001014473,4,2026-07-22,2026-07-21,0001204816-26-000026,https://www.sec.gov/Archives/edgar/data/1014473/000120481626000026/wk-form4_1784752860.xml,nonDerivative,2026-07-21,S,Common Stock,299,273.2776,81710.0024,417240.0301,D,BIDZOS D JAMES,"Director, Officer, Exec. Chairman, Pres, & CEO",1,1,0,"Exec. Chairman, Pres, & CEO",SEC EDGAR
VRSN|0001204816-26-000026|nonDerivative|2026-07-21|BIDZOS D JAMES|S|Common Stock|1001|274.2098|D,2026-07-27 03:57:10+0000,VRSN,VERISIGN INC/CA,0001014473,4,2026-07-22,2026-07-21,0001204816-26-000026,https://www.sec.gov/Archives/edgar/data/1014473/000120481626000026/wk-form4_1784752860.xml,nonDerivative,2026-07-21,S,Common Stock,1001,274.2098,274484.0098,416239.0301,D,BIDZOS D JAMES,"Director, Officer, Exec. Chairman, Pres, & CEO",1,1,0,"Exec. Chairman, Pres, & CEO",SEC EDGAR
VRSN|0001869319-26-000008|nonDerivative|2026-07-20|Armstrong Courtney D|A|Common Stock|900|0|I,2026-07-27 03:57:10+0000,VRSN,VERISIGN INC/CA,0001014473,4,2026-07-22,2026-07-20,0001869319-26-000008,https://www.sec.gov/Archives/edgar/data/1014473/000186931926000008/wk-form4_1784753129.xml,nonDerivative,2026-07-20,A,Common Stock,900,0,0.0,6117.278,I,Armstrong Courtney D,Director,1,0,0,,SEC EDGAR
"USB|0001225208-26-006705|nonDerivative|2026-07-20|Philipson Stephen L|S|Common Stock, $0.01 par value|36906.0000|63.0770|D",2026-07-27 03:57:10+0000,USB,US BANCORP \DE\,0000036104,4,2026-07-22,2026-07-20,0001225208-26-006705,https://www.sec.gov/Archives/edgar/data/36104/000122520826006705/doc4.xml,nonDerivative,2026-07-20,S,"Common Stock, $0.01 par value",36906.0000,63.0770,2327919.762,74969.0000,D,Philipson Stephen L,"Officer, Vice Chair",,1,,Vice Chair,SEC EDGAR
"USB|0001225208-26-006706|nonDerivative|2026-07-21|CHOSY JAMES L|G|Common Stock, $0.01 par value|3969.0000|0.0000|D",2026-07-27 03:57:10+0000,USB,US BANCORP \DE\,0000036104,4,2026-07-22,2026-07-21,0001225208-26-006706,https://www.sec.gov/Archives/edgar/data/36104/000122520826006706/doc4.xml,nonDerivative,2026-07-21,G,"Common Stock, $0.01 par value",3969.0000,0.0000,0.0,250941.0000,D,CHOSY JAMES L,"Officer, Senior EVP and General Counsel",,1,,Senior EVP and General Counsel,SEC EDGAR
TPL|0001437749-26-024069|nonDerivative|2026-07-21|HORIZON KINETICS ASSET MANAGEMENT LLC|P|Common Stock|1|413.48|D,2026-07-27 03:57:10+0000,TPL,Texas Pacific Land Corp,0001811074,4,2026-07-22,2026-07-21,0001437749-26-024069,https://www.sec.gov/Archives/edgar/data/1811074/000143774926024069/rdgdoc.xml,nonDerivative,2026-07-21,P,Common Stock,1,413.48,413.48,3263680,D,HORIZON KINETICS ASSET MANAGEMENT LLC,10% Owner,,,1,,SEC EDGAR
TKO|0001193125-26-312814|nonDerivative|2026-07-20|Khan Nick|S|Class A Common Stock|3682|182.54|D,2026-07-27 03:57:10+0000,TKO,"TKO Group Holdings, Inc.",0001973266,4,2026-07-22,2026-07-20,0001193125-26-312814,https://www.sec.gov/Archives/edgar/data/1973266/000119312526312814/ownership.xml,nonDerivative,2026-07-20,S,Class A Common Stock,3682,182.54,672112.28,68329.535,D,Khan Nick,,true,false,false,,SEC EDGAR
TKO|0001193125-26-312814|nonDerivative|2026-07-20|Khan Nick|S|Class A Common Stock|3299|183.43|D,2026-07-27 03:57:10+0000,TKO,"TKO Group Holdings, Inc.",0001973266,4,2026-07-22,2026-07-20,0001193125-26-312814,https://www.sec.gov/Archives/edgar/data/1973266/000119312526312814/ownership.xml,nonDerivative,2026-07-20,S,Class A Common Stock,3299,183.43,605135.5700000001,65030.535,D,Khan Nick,,true,false,false,,SEC EDGAR
TKO|0001193125-26-312814|nonDerivative|2026-07-20|Khan Nick|S|Class A Common Stock|1400|184.45|D,2026-07-27 03:57:10+0000,TKO,"TKO Group Holdings, Inc.",0001973266,4,2026-07-22,2026-07-20,0001193125-26-312814,https://www.sec.gov/Archives/edgar/data/1973266/000119312526312814/ownership.xml,nonDerivative,2026-07-20,S,Class A Common Stock,1400,184.45,258229.99999999997,63630.535,D,Khan Nick,,true,false,false,,SEC EDGAR
TKO|0001193125-26-312814|nonDerivative|2026-07-20|Khan Nick|S|Class A Common Stock|1700|185.29|D,2026-07-27 03:57:10+0000,TKO,"TKO Group Holdings, Inc.",0001973266,4,2026-07-22,2026-07-20,0001193125-26-312814,https://www.sec.gov/Archives/edgar/data/1973266/000119312526312814/ownership.xml,nonDerivative,2026-07-20,S,Class A Common Stock,1700,185.29,314993.0,61930.535,D,Khan Nick,,true,false,false,,SEC EDGAR
TKO|0001193125-26-312814|nonDerivative|2026-07-21|Khan Nick|S|Class A Common Stock|132|181.09|D,2026-07-27 03:57:10+0000,TKO,"TKO Group Holdings, Inc.",0001973266,4,2026-07-22,2026-07-20,0001193125-26-312814,https://www.sec.gov/Archives/edgar/data/1973266/000119312526312814/ownership.xml,nonDerivative,2026-07-21,S,Class A Common Stock,132,181.09,23903.88,61798.535,D,Khan Nick,,true,false,false,,SEC EDGAR
TKO|0001193125-26-312814|nonDerivative|2026-07-21|Khan Nick|S|Class A Common Stock|12866|181.11|D,2026-07-27 03:57:10+0000,TKO,"TKO Group Holdings, Inc.",0001973266,4,2026-07-22,2026-07-20,0001193125-26-312814,https://www.sec.gov/Archives/edgar/data/1973266/000119312526312814/ownership.xml,nonDerivative,2026-07-21,S,Class A Common Stock,12866,181.11,2330161.2600000002,48932.535,D,Khan Nick,,true,false,false,,SEC EDGAR
TFC|0001182002-26-000006|nonDerivative|2026-07-20|ROGERS WILLIAM H JR|S|Common Stock|13250.0000|52.3630|I,2026-07-27 03:57:10+0000,TFC,TRUIST FINANCIAL CORP,0000092230,4,2026-07-22,2026-07-20,0001182002-26-000006,https://www.sec.gov/Archives/edgar/data/92230/000118200226000006/f4_a1eus000009ovg5mak-live.xml,nonDerivative,2026-07-20,S,Common Stock,13250.0000,52.3630,693809.75,0.0000,I,ROGERS WILLIAM H JR,Chairman & CEO,true,true,false,Chairman & CEO,SEC EDGAR
RVTY|0001193125-26-312389|nonDerivative|2026-07-20|Gonzales Anita|S|Common Stock|85|109.48|D,2026-07-27 03:57:10+0000,RVTY,"REVVITY, INC.",0000031791,4,2026-07-22,2026-07-20,0001193125-26-312389,https://www.sec.gov/Archives/edgar/data/31791/000119312526312389/ownership.xml,nonDerivative,2026-07-20,S,Common Stock,85,109.48,9305.800000000001,7201,D,Gonzales Anita,Vice President and CAO,false,true,false,Vice President and CAO,SEC EDGAR
PGR|0000080661-26-000270|derivative|2026-07-20|Quigg Andrew J|A|Restricted Stock Unit|481|0|D,2026-07-27 03:57:10+0000,PGR,PROGRESSIVE CORP/OH/,0000080661,4,2026-07-22,2026-07-20,0000080661-26-000270,https://www.sec.gov/Archives/edgar/data/80661/000008066126000270/form4.xml,derivative,2026-07-20,A,Restricted Stock Unit,481,0,0.0,12643.48,D,Quigg Andrew J,"Officer, VP and Chief Financial Officer",,1,,VP and Chief Financial Officer,SEC EDGAR
PGR|0000080661-26-000268|derivative|2026-07-20|Niederst Lori A|A|Restricted Stock Unit|337|0|D,2026-07-27 03:57:10+0000,PGR,PROGRESSIVE CORP/OH/,0000080661,4,2026-07-22,2026-07-20,0000080661-26-000268,https://www.sec.gov/Archives/edgar/data/80661/000008066126000268/form4.xml,derivative,2026-07-20,A,Restricted Stock Unit,337,0,0.0,13090.353,D,Niederst Lori A,"Officer, Chief Personal Lines Officer",,1,,Chief Personal Lines Officer,SEC EDGAR
PGR|0000080661-26-000266|derivative|2026-07-20|DAY HEATHER E|A|Restricted Stock Unit|1443|0|D,2026-07-27 03:57:10+0000,PGR,PROGRESSIVE CORP/OH/,0000080661,4,2026-07-22,2026-07-20,0000080661-26-000266,https://www.sec.gov/Archives/edgar/data/80661/000008066126000266/form4.xml,derivative,2026-07-20,A,Restricted Stock Unit,1443,0,0.0,5587.936,D,DAY HEATHER E,"Officer, CRM President",,1,,CRM President,SEC EDGAR
META|0000950103-26-011028|nonDerivative|2026-07-20|Olivan Javier|S|Class A Common Stock|837|645.85|D,2026-07-27 03:57:10+0000,META,"Meta Platforms, Inc.",0001326801,4,2026-07-22,2026-07-20,0000950103-26-011028,https://www.sec.gov/Archives/edgar/data/1326801/000095010326011028/ownership.xml,nonDerivative,2026-07-20,S,Class A Common Stock,837,645.85,540576.4500000001,7127,D,Olivan Javier,"Officer, Chief Operating Officer",0,1,0,Chief Operating Officer,SEC EDGAR
META|0000950103-26-011028|nonDerivative|2026-07-20|Olivan Javier|S|Class A Common Stock|82|645.85|I,2026-07-27 03:57:10+0000,META,"Meta Platforms, Inc.",0001326801,4,2026-07-22,2026-07-20,0000950103-26-011028,https://www.sec.gov/Archives/edgar/data/1326801/000095010326011028/ownership.xml,nonDerivative,2026-07-20,S,Class A Common Stock,82,645.85,52959.700000000004,6736,I,Olivan Javier,"Officer, Chief Operating Officer",0,1,0,Chief Operating Officer,SEC EDGAR
META|0000950103-26-011028|nonDerivative|2026-07-20|Olivan Javier|S|Class A Common Stock|57|645.85|I,2026-07-27 03:57:10+0000,META,"Meta Platforms, Inc.",0001326801,4,2026-07-22,2026-07-20,0000950103-26-011028,https://www.sec.gov/Archives/edgar/data/1326801/000095010326011028/ownership.xml,nonDerivative,2026-07-20,S,Class A Common Stock,57,645.85,36813.450000000004,1688,I,Olivan Javier,"Officer, Chief Operating Officer",0,1,0,Chief Operating Officer,SEC EDGAR
META|0000950103-26-011028|nonDerivative|2026-07-20|Olivan Javier|S|Class A Common Stock|408|645.85|I,2026-07-27 03:57:10+0000,META,"Meta Platforms, Inc.",0001326801,4,2026-07-22,2026-07-20,0000950103-26-011028,https://www.sec.gov/Archives/edgar/data/1326801/000095010326011028/ownership.xml,nonDerivative,2026-07-20,S,Class A Common Stock,408,645.85,263506.8,81109,I,Olivan Javier,"Officer, Chief Operating Officer",0,1,0,Chief Operating Officer,SEC EDGAR
"HSY|0000950142-26-002145|nonDerivative|2026-07-20|HERSHEY TRUST CO TRUSTEE IN TRUST FOR MILTON HERSHEY SCHOOL|S|Common Stock, $1.00 par value|18|168.8400|D",2026-07-27 03:57:10+0000,HSY,HERSHEY CO,0000047111,4,2026-07-22,2026-07-20,0000950142-26-002145,https://www.sec.gov/Archives/edgar/data/47111/000095014226002145/es260809499_4-hsy.xml,nonDerivative,2026-07-20,S,"Common Stock, $1.00 par value",18,168.8400,3039.12,1206101,D,HERSHEY TRUST CO TRUSTEE IN TRUST FOR MILTON HERSHEY SCHOOL,10% Owner,0,0,1,,SEC EDGAR
"HSY|0000950142-26-002145|nonDerivative|2026-07-20|HERSHEY TRUST CO TRUSTEE IN TRUST FOR MILTON HERSHEY SCHOOL|S|Common Stock, $1.00 par value|1375|169.5897|D",2026-07-27 03:57:10+0000,HSY,HERSHEY CO,0000047111,4,2026-07-22,2026-07-20,0000950142-26-002145,https://www.sec.gov/Archives/edgar/data/47111/000095014226002145/es260809499_4-hsy.xml,nonDerivative,2026-07-20,S,"Common Stock, $1.00 par value",1375,169.5897,233185.8375,1204726,D,HERSHEY TRUST CO TRUSTEE IN TRUST FOR MILTON HERSHEY SCHOOL,10% Owner,0,0,1,,SEC EDGAR
"HSY|0000950142-26-002145|nonDerivative|2026-07-20|HERSHEY TRUST CO TRUSTEE IN TRUST FOR MILTON HERSHEY SCHOOL|S|Common Stock, $1.00 par value|2703|170.4735|D",2026-07-27 03:57:10+0000,HSY,HERSHEY CO,0000047111,4,2026-07-22,2026-07-20,0000950142-26-002145,https://www.sec.gov/Archives/edgar/data/47111/000095014226002145/es260809499_4-hsy.xml,nonDerivative,2026-07-20,S,"Common Stock, $1.00 par value",2703,170.4735,460789.8705,1202023,D,HERSHEY TRUST CO TRUSTEE IN TRUST FOR MILTON HERSHEY SCHOOL,10% Owner,0,0,1,,SEC EDGAR
"HSY|0000950142-26-002145|nonDerivative|2026-07-20|HERSHEY TRUST CO TRUSTEE IN TRUST FOR MILTON HERSHEY SCHOOL|S|Common Stock, $1.00 par value|4448|171.6539|D",2026-07-27 03:57:10+0000,HSY,HERSHEY CO,0000047111,4,2026-07-22,2026-07-20,0000950142-26-002145,https://www.sec.gov/Archives/edgar/data/47111/000095014226002145/es260809499_4-hsy.xml,nonDerivative,2026-07-20,S,"Common Stock, $1.00 par value",4448,171.6539,763516.5471999999,1197575,D,HERSHEY TRUST CO TRUSTEE IN TRUST FOR MILTON HERSHEY SCHOOL,10% Owner,0,0,1,,SEC EDGAR
"HSY|0000950142-26-002145|nonDerivative|2026-07-20|HERSHEY TRUST CO TRUSTEE IN TRUST FOR MILTON HERSHEY SCHOOL|S|Common Stock, $1.00 par value|1456|172.1679|D",2026-07-27 03:57:10+0000,HSY,HERSHEY CO,0000047111,4,2026-07-22,2026-07-20,0000950142-26-002145,https://www.sec.gov/Archives/edgar/data/47111/000095014226002145/es260809499_4-hsy.xml,nonDerivative,2026-07-20,S,"Common Stock, $1.00 par value",1456,172.1679,250676.46240000002,1196119,D,HERSHEY TRUST CO TRUSTEE IN TRUST FOR MILTON HERSHEY SCHOOL,10% Owner,0,0,1,,SEC EDGAR
"HSY|0000950142-26-002145|nonDerivative|2026-07-21|HERSHEY TRUST CO TRUSTEE IN TRUST FOR MILTON HERSHEY SCHOOL|S|Common Stock, $1.00 par value|1384|169.8714|D",2026-07-27 03:57:10+0000,HSY,HERSHEY CO,0000047111,4,2026-07-22,2026-07-20,0000950142-26-002145,https://www.sec.gov/Archives/edgar/data/47111/000095014226002145/es260809499_4-hsy.xml,nonDerivative,2026-07-21,S,"Common Stock, $1.00 par value",1384,169.8714,235102.0176,1194735,D,HERSHEY TRUST CO TRUSTEE IN TRUST FOR MILTON HERSHEY SCHOOL,10% Owner,0,0,1,,SEC EDGAR
"HSY|0000950142-26-002145|nonDerivative|2026-07-21|HERSHEY TRUST CO TRUSTEE IN TRUST FOR MILTON HERSHEY SCHOOL|S|Common Stock, $1.00 par value|8387|170.4112|D",2026-07-27 03:57:10+0000,HSY,HERSHEY CO,0000047111,4,2026-07-22,2026-07-20,0000950142-26-002145,https://www.sec.gov/Archives/edgar/data/47111/000095014226002145/es260809499_4-hsy.xml,nonDerivative,2026-07-21,S,"Common Stock, $1.00 par value",8387,170.4112,1429238.7344,1186348,D,HERSHEY TRUST CO TRUSTEE IN TRUST FOR MILTON HERSHEY SCHOOL,10% Owner,0,0,1,,SEC EDGAR
"HSY|0000950142-26-002145|nonDerivative|2026-07-21|HERSHEY TRUST CO TRUSTEE IN TRUST FOR MILTON HERSHEY SCHOOL|S|Common Stock, $1.00 par value|189|171.1233|D",2026-07-27 03:57:10+0000,HSY,HERSHEY CO,0000047111,4,2026-07-22,2026-07-20,0000950142-26-002145,https://www.sec.gov/Archives/edgar/data/47111/000095014226002145/es260809499_4-hsy.xml,nonDerivative,2026-07-21,S,"Common Stock, $1.00 par value",189,171.1233,32342.3037,1186159,D,HERSHEY TRUST CO TRUSTEE IN TRUST FOR MILTON HERSHEY SCHOOL,10% Owner,0,0,1,,SEC EDGAR
"HSY|0000950142-26-002145|nonDerivative|2026-07-21|HERSHEY TRUST CO TRUSTEE IN TRUST FOR MILTON HERSHEY SCHOOL|S|Common Stock, $1.00 par value|40|172.0600|D",2026-07-27 03:57:10+0000,HSY,HERSHEY CO,0000047111,4,2026-07-22,2026-07-20,0000950142-26-002145,https://www.sec.gov/Archives/edgar/data/47111/000095014226002145/es260809499_4-hsy.xml,nonDerivative,2026-07-21,S,"Common Stock, $1.00 par value",40,172.0600,6882.4,1186119,D,HERSHEY TRUST CO TRUSTEE IN TRUST FOR MILTON HERSHEY SCHOOL,10% Owner,0,0,1,,SEC EDGAR
"HSY|0000950142-26-002145|nonDerivative|2026-07-22|HERSHEY TRUST CO TRUSTEE IN TRUST FOR MILTON HERSHEY SCHOOL|S|Common Stock, $1.00 par value|125|170.8714|D",2026-07-27 03:57:10+0000,HSY,HERSHEY CO,0000047111,4,2026-07-22,2026-07-20,0000950142-26-002145,https://www.sec.gov/Archives/edgar/data/47111/000095014226002145/es260809499_4-hsy.xml,nonDerivative,2026-07-22,S,"Common Stock, $1.00 par value",125,170.8714,21358.925,1185994,D,HERSHEY TRUST CO TRUSTEE IN TRUST FOR MILTON HERSHEY SCHOOL,10% Owner,0,0,1,,SEC EDGAR
"HSY|0000950142-26-002145|nonDerivative|2026-07-22|HERSHEY TRUST CO TRUSTEE IN TRUST FOR MILTON HERSHEY SCHOOL|S|Common Stock, $1.00 par value|4084|171.6988|D",2026-07-27 03:57:10+0000,HSY,HERSHEY CO,0000047111,4,2026-07-22,2026-07-20,0000950142-26-002145,https://www.sec.gov/Archives/edgar/data/47111/000095014226002145/es260809499_4-hsy.xml,nonDerivative,2026-07-22,S,"Common Stock, $1.00 par value",4084,171.6988,701217.8992,1181910,D,HERSHEY TRUST CO TRUSTEE IN TRUST FOR MILTON HERSHEY SCHOOL,10% Owner,0,0,1,,SEC EDGAR
"HSY|0000950142-26-002145|nonDerivative|2026-07-22|HERSHEY TRUST CO TRUSTEE IN TRUST FOR MILTON HERSHEY SCHOOL|S|Common Stock, $1.00 par value|5791|172.2865|D",2026-07-27 03:57:10+0000,HSY,HERSHEY CO,0000047111,4,2026-07-22,2026-07-20,0000950142-26-002145,https://www.sec.gov/Archives/edgar/data/47111/000095014226002145/es260809499_4-hsy.xml,nonDerivative,2026-07-22,S,"Common Stock, $1.00 par value",5791,172.2865,997711.1214999999,1176119,D,HERSHEY TRUST CO TRUSTEE IN TRUST FOR MILTON HERSHEY SCHOOL,10% Owner,0,0,1,,SEC EDGAR
HPE|0001584883-26-000006|nonDerivative|2026-07-20|Karros Kirt P|M|Common Stock|40282|44.56|D,2026-07-27 03:57:10+0000,HPE,Hewlett Packard Enterprise Co,0001645590,4,2026-07-22,2026-07-20,0001584883-26-000006,https://www.sec.gov/Archives/edgar/data/1645590/000158488326000006/form4.xml,nonDerivative,2026-07-20,M,Common Stock,40282,44.56,1794965.9200000002,40282,D,Karros Kirt P,"Officer, SVP, Treasurer, Corp Dev",0,1,0,"SVP, Treasurer, Corp Dev",SEC EDGAR
HPE|0001584883-26-000006|nonDerivative|2026-07-20|Karros Kirt P|F|Common Stock|16607|44.56|D,2026-07-27 03:57:10+0000,HPE,Hewlett Packard Enterprise Co,0001645590,4,2026-07-22,2026-07-20,0001584883-26-000006,https://www.sec.gov/Archives/edgar/data/1645590/000158488326000006/form4.xml,nonDerivative,2026-07-20,F,Common Stock,16607,44.56,740007.92,23675,D,Karros Kirt P,"Officer, SVP, Treasurer, Corp Dev",0,1,0,"SVP, Treasurer, Corp Dev",SEC EDGAR
HPE|0001584883-26-000006|nonDerivative|2026-07-22|Karros Kirt P|S|Common Stock|23675|47.02|D,2026-07-27 03:57:10+0000,HPE,Hewlett Packard Enterprise Co,0001645590,4,2026-07-22,2026-07-20,0001584883-26-000006,https://www.sec.gov/Archives/edgar/data/1645590/000158488326000006/form4.xml,nonDerivative,2026-07-22,S,Common Stock,23675,47.02,1113198.5,0,D,Karros Kirt P,"Officer, SVP, Treasurer, Corp Dev",0,1,0,"SVP, Treasurer, Corp Dev",SEC EDGAR
HPE|0001584883-26-000006|derivative|2026-07-15|Karros Kirt P|A|Restricted Stock Units|93.27||D,2026-07-27 03:57:10+0000,HPE,Hewlett Packard Enterprise Co,0001645590,4,2026-07-22,2026-07-20,0001584883-26-000006,https://www.sec.gov/Archives/edgar/data/1645590/000158488326000006/form4.xml,derivative,2026-07-15,A,Restricted Stock Units,93.27,,,33150.6848,D,Karros Kirt P,"Officer, SVP, Treasurer, Corp Dev",0,1,0,"SVP, Treasurer, Corp Dev",SEC EDGAR
HPE|0001584883-26-000006|derivative|2026-07-15|Karros Kirt P|A|Restricted Stock Units|151.8035||D,2026-07-27 03:57:10+0000,HPE,Hewlett Packard Enterprise Co,0001645590,4,2026-07-22,2026-07-20,0001584883-26-000006,https://www.sec.gov/Archives/edgar/data/1645590/000158488326000006/form4.xml,derivative,2026-07-15,A,Restricted Stock Units,151.8035,,,52542.9145,D,Karros Kirt P,"Officer, SVP, Treasurer, Corp Dev",0,1,0,"SVP, Treasurer, Corp Dev",SEC EDGAR
HPE|0001584883-26-000006|derivative|2026-07-20|Karros Kirt P|M|Restricted Stock Units|40282||D,2026-07-27 03:57:10+0000,HPE,Hewlett Packard Enterprise Co,0001645590,4,2026-07-22,2026-07-20,0001584883-26-000006,https://www.sec.gov/Archives/edgar/data/1645590/000158488326000006/form4.xml,derivative,2026-07-20,M,Restricted Stock Units,40282,,,80563,D,Karros Kirt P,"Officer, SVP, Treasurer, Corp Dev",0,1,0,"SVP, Treasurer, Corp Dev",SEC EDGAR
HPE|0001584883-26-000006|derivative|2026-07-15|Karros Kirt P|A|Restricted Stock Units|252.0497||D,2026-07-27 03:57:10+0000,HPE,Hewlett Packard Enterprise Co,0001645590,4,2026-07-22,2026-07-20,0001584883-26-000006,https://www.sec.gov/Archives/edgar/data/1645590/000158488326000006/form4.xml,derivative,2026-07-15,A,Restricted Stock Units,252.0497,,,85058.8322,D,Karros Kirt P,"Officer, SVP, Treasurer, Corp Dev",0,1,0,"SVP, Treasurer, Corp Dev",SEC EDGAR
HPE|0001584883-26-000006|derivative|2026-07-15|Karros Kirt P|A|Restricted Stock Units|63.4259||D,2026-07-27 03:57:10+0000,HPE,Hewlett Packard Enterprise Co,0001645590,4,2026-07-22,2026-07-20,0001584883-26-000006,https://www.sec.gov/Archives/edgar/data/1645590/000158488326000006/form4.xml,derivative,2026-07-15,A,Restricted Stock Units,63.4259,,,21156.4259,D,Karros Kirt P,"Officer, SVP, Treasurer, Corp Dev",0,1,0,"SVP, Treasurer, Corp Dev",SEC EDGAR
"HOOD|0001783879-26-000099|nonDerivative|2026-07-20|Robinhood Markets, Inc.|S|Common Shares of Beneficial Interest|5274|25.77|D",2026-07-27 03:57:10+0000,HOOD,"Robinhood Markets, Inc.",0001783879,4,2026-07-22,2026-07-20,0001783879-26-000099,https://www.sec.gov/Archives/edgar/data/1783879/000178387926000099/wk-form4_1784753008.xml,nonDerivative,2026-07-20,S,Common Shares of Beneficial Interest,5274,25.77,135910.98,13226978,D,"Robinhood Markets, Inc.",10% Owner,0,0,1,,SEC EDGAR
"HOOD|0001783879-26-000099|nonDerivative|2026-07-20|Robinhood Markets, Inc.|S|Common Shares of Beneficial Interest|4320|26.48|D",2026-07-27 03:57:10+0000,HOOD,"Robinhood Markets, Inc.",0001783879,4,2026-07-22,2026-07-20,0001783879-26-000099,https://www.sec.gov/Archives/edgar/data/1783879/000178387926000099/wk-form4_1784753008.xml,nonDerivative,2026-07-20,S,Common Shares of Beneficial Interest,4320,26.48,114393.6,13222658,D,"Robinhood Markets, Inc.",10% Owner,0,0,1,,SEC EDGAR
"HOOD|0001783879-26-000099|nonDerivative|2026-07-21|Robinhood Markets, Inc.|S|Common Shares of Beneficial Interest|5641|26.50|D",2026-07-27 03:57:10+0000,HOOD,"Robinhood Markets, Inc.",0001783879,4,2026-07-22,2026-07-20,0001783879-26-000099,https://www.sec.gov/Archives/edgar/data/1783879/000178387926000099/wk-form4_1784753008.xml,nonDerivative,2026-07-21,S,Common Shares of Beneficial Interest,5641,26.50,149486.5,13217017,D,"Robinhood Markets, Inc.",10% Owner,0,0,1,,SEC EDGAR
"HOOD|0001783879-26-000099|nonDerivative|2026-07-21|Robinhood Markets, Inc.|S|Common Shares of Beneficial Interest|7311|27.18|D",2026-07-27 03:57:10+0000,HOOD,"Robinhood Markets, Inc.",0001783879,4,2026-07-22,2026-07-20,0001783879-26-000099,https://www.sec.gov/Archives/edgar/data/1783879/000178387926000099/wk-form4_1784753008.xml,nonDerivative,2026-07-21,S,Common Shares of Beneficial Interest,7311,27.18,198712.98,13209706,D,"Robinhood Markets, Inc.",10% Owner,0,0,1,,SEC EDGAR
ERIE|0001628280-26-049179|derivative|2026-07-21|Palmer Thomas W|J|Directors' Deferred Compensation Share Credits|108.268|215.82|D,2026-07-27 03:57:10+0000,ERIE,ERIE INDEMNITY CO,0000922621,4,2026-07-22,2026-07-21,0001628280-26-049179,https://www.sec.gov/Archives/edgar/data/922621/000162828026049179/wk-form4_1784749495.xml,derivative,2026-07-21,J,Directors' Deferred Compensation Share Credits,108.268,215.82,23366.39976,15825.356,D,Palmer Thomas W,Director,1,0,0,,SEC EDGAR
ERIE|0001628280-26-049175|derivative|2026-07-21|Hudson Brian Arden Sr.|J|Directors' Deferred Compensation Share Credits|24.561|215.82|D,2026-07-27 03:57:10+0000,ERIE,ERIE INDEMNITY CO,0000922621,4,2026-07-22,2026-07-21,0001628280-26-049175,https://www.sec.gov/Archives/edgar/data/922621/000162828026049175/wk-form4_1784749293.xml,derivative,2026-07-21,J,Directors' Deferred Compensation Share Credits,24.561,215.82,5300.75502,3389.127,D,Hudson Brian Arden Sr.,Director,1,0,0,,SEC EDGAR
ERIE|0001628280-26-049167|derivative|2026-07-21|Hagen Thomas B|J|Directors' Deferred Compensation Share Credits|99.757|215.82|D,2026-07-27 03:57:10+0000,ERIE,ERIE INDEMNITY CO,0000922621,4,2026-07-22,2026-07-21,0001628280-26-049167,https://www.sec.gov/Archives/edgar/data/922621/000162828026049167/wk-form4_1784748615.xml,derivative,2026-07-21,J,Directors' Deferred Compensation Share Credits,99.757,215.82,21529.55574,14560.851,D,Hagen Thomas B,Director,1,0,0,,SEC EDGAR
ERIE|0001628280-26-049166|derivative|2026-07-21|Hagen Jonathan Hirt|J|Directors' Deferred Compensation Share Credits|116.921|215.82|D,2026-07-27 03:57:10+0000,ERIE,ERIE INDEMNITY CO,0000922621,4,2026-07-22,2026-07-21,0001628280-26-049166,https://www.sec.gov/Archives/edgar/data/922621/000162828026049166/wk-form4_1784748292.xml,derivative,2026-07-21,J,Directors' Deferred Compensation Share Credits,116.921,215.82,25233.89022,17110.739,D,Hagen Jonathan Hirt,Director,1,0,0,,SEC EDGAR
ERIE|0001628280-26-049168|derivative|2026-07-21|HARTZ CHARLES SCOTT|J|Directors' Deferred Compensation Share Credits|132.61|215.82|D,2026-07-27 03:57:10+0000,ERIE,ERIE INDEMNITY CO,0000922621,4,2026-07-22,2026-07-21,0001628280-26-049168,https://www.sec.gov/Archives/edgar/data/922621/000162828026049168/wk-form4_1784748834.xml,derivative,2026-07-21,J,Directors' Deferred Compensation Share Credits,132.61,215.82,28619.8902,19441.845,D,HARTZ CHARLES SCOTT,Director,1,0,0,,SEC EDGAR
ERIE|0001628280-26-049165|derivative|2026-07-21|Edwards William David|J|Directors' Deferred Compensation Share Credits|1.762|215.82|D,2026-07-27 03:57:10+0000,ERIE,ERIE INDEMNITY CO,0000922621,4,2026-07-22,2026-07-21,0001628280-26-049165,https://www.sec.gov/Archives/edgar/data/922621/000162828026049165/wk-form4_1784747789.xml,derivative,2026-07-21,J,Directors' Deferred Compensation Share Credits,1.762,215.82,380.27484,1.762,D,Edwards William David,Director,1,0,0,,SEC EDGAR
ERIE|0001628280-26-049163|derivative|2026-07-21|Datesh LuAnn|J|Directors' Deferred Compensation Share Credits|29.959|215.82|D,2026-07-27 03:57:10+0000,ERIE,ERIE INDEMNITY CO,0000922621,4,2026-07-22,2026-07-21,0001628280-26-049163,https://www.sec.gov/Archives/edgar/data/922621/000162828026049163/wk-form4_1784747097.xml,derivative,2026-07-21,J,Directors' Deferred Compensation Share Credits,29.959,215.82,6465.75138,4191.076,D,Datesh LuAnn,Director,1,0,0,,SEC EDGAR
ERIE|0001628280-26-049180|derivative|2026-07-21|Correnti Salvatore|J|Directors' Deferred Compensation Share Credits|20.611|215.82|D,2026-07-27 03:57:10+0000,ERIE,ERIE INDEMNITY CO,0000922621,4,2026-07-22,2026-07-21,0001628280-26-049180,https://www.sec.gov/Archives/edgar/data/922621/000162828026049180/wk-form4_1784749677.xml,derivative,2026-07-21,J,Directors' Deferred Compensation Share Credits,20.611,215.82,4448.26602,2802.147,D,Correnti Salvatore,Director,1,0,0,,SEC EDGAR
ERIE|0001628280-26-049159|derivative|2026-07-21|CONNELL EUGENE C|J|Directors' Deferred Compensation Share Credits|24.562|215.82|D,2026-07-27 03:57:10+0000,ERIE,ERIE INDEMNITY CO,0000922621,4,2026-07-22,2026-07-21,0001628280-26-049159,https://www.sec.gov/Archives/edgar/data/922621/000162828026049159/wk-form4_1784746689.xml,derivative,2026-07-21,J,Directors' Deferred Compensation Share Credits,24.562,215.82,5300.97084,3389.13,D,CONNELL EUGENE C,Director,1,0,0,,SEC EDGAR
ERIE|0001628280-26-049141|derivative|2026-07-21|BORNEMAN J RALPH JR|J|Directors' Deferred Compensation Share Credits|140.139|215.82|D,2026-07-27 03:57:10+0000,ERIE,ERIE INDEMNITY CO,0000922621,4,2026-07-22,2026-07-21,0001628280-26-049141,https://www.sec.gov/Archives/edgar/data/922621/000162828026049141/wk-form4_1784737202.xml,derivative,2026-07-21,J,Directors' Deferred Compensation Share Credits,140.139,215.82,30244.79898,20560.311,D,BORNEMAN J RALPH JR,Director,1,0,0,,SEC EDGAR
EL|0001267621-26-000012|derivative|2026-07-21|Zinterhofer Eric Louis|A|Stock Units (Cash Payout)|327.78|82.37|D,2026-07-27 03:57:10+0000,EL,ESTEE LAUDER COMPANIES INC,0001001250,4,2026-07-22,2026-07-21,0001267621-26-000012,https://www.sec.gov/Archives/edgar/data/1001250/000126762126000012/wk-form4_1784751751.xml,derivative,2026-07-21,A,Stock Units (Cash Payout),327.78,82.37,26999.2386,2313.02,D,Zinterhofer Eric Louis,Director,1,0,0,,SEC EDGAR
EL|0001034657-26-000010|derivative|2026-07-21|STERNLICHT BARRY S|A|Stock Units (Cash Payout)|327.78|82.37|D,2026-07-27 03:57:10+0000,EL,ESTEE LAUDER COMPANIES INC,0001001250,4,2026-07-22,2026-07-21,0001034657-26-000010,https://www.sec.gov/Archives/edgar/data/1001250/000103465726000010/wk-form4_1784751773.xml,derivative,2026-07-21,A,Stock Units (Cash Payout),327.78,82.37,26999.2386,47925.18,D,STERNLICHT BARRY S,Director,1,0,0,,SEC EDGAR
EL|0001070938-26-000016|derivative|2026-07-21|FRIBOURG PAUL J|A|Stock Units (Cash Payout)|409.73|82.37|D,2026-07-27 03:57:10+0000,EL,ESTEE LAUDER COMPANIES INC,0001001250,4,2026-07-22,2026-07-21,0001070938-26-000016,https://www.sec.gov/Archives/edgar/data/1001250/000107093826000016/wk-form4_1784751792.xml,derivative,2026-07-21,A,Stock Units (Cash Payout),409.73,82.37,33749.460100000004,42060.13,D,FRIBOURG PAUL J,Director,1,0,0,,SEC EDGAR
DDOG|0001561550-26-000248|nonDerivative|2026-07-20|Le-Quoc Alexis|C|Class A Common Stock|43224|0|D,2026-07-27 03:57:10+0000,DDOG,"Datadog, Inc.",0001561550,4,2026-07-22,2026-07-20,0001561550-26-000248,https://www.sec.gov/Archives/edgar/data/1561550/000156155026000248/wk-form4_1784752364.xml,nonDerivative,2026-07-20,C,Class A Common Stock,43224,0,0.0,553029,D,Le-Quoc Alexis,"Director, Officer, Chief Technology Officer",1,1,0,Chief Technology Officer,SEC EDGAR
DDOG|0001561550-26-000248|nonDerivative|2026-07-20|Le-Quoc Alexis|S|Class A Common Stock|400|258.8646|D,2026-07-27 03:57:10+0000,DDOG,"Datadog, Inc.",0001561550,4,2026-07-22,2026-07-20,0001561550-26-000248,https://www.sec.gov/Archives/edgar/data/1561550/000156155026000248/wk-form4_1784752364.xml,nonDerivative,2026-07-20,S,Class A Common Stock,400,258.8646,103545.84,552629,D,Le-Quoc Alexis,"Director, Officer, Chief Technology Officer",1,1,0,Chief Technology Officer,SEC EDGAR
DDOG|0001561550-26-000248|nonDerivative|2026-07-20|Le-Quoc Alexis|S|Class A Common Stock|200|259.875|D,2026-07-27 03:57:10+0000,DDOG,"Datadog, Inc.",0001561550,4,2026-07-22,2026-07-20,0001561550-26-000248,https://www.sec.gov/Archives/edgar/data/1561550/000156155026000248/wk-form4_1784752364.xml,nonDerivative,2026-07-20,S,Class A Common Stock,200,259.875,51975.0,552429,D,Le-Quoc Alexis,"Director, Officer, Chief Technology Officer",1,1,0,Chief Technology Officer,SEC EDGAR
DDOG|0001561550-26-000248|nonDerivative|2026-07-20|Le-Quoc Alexis|S|Class A Common Stock|8062|263.3545|D,2026-07-27 03:57:10+0000,DDOG,"Datadog, Inc.",0001561550,4,2026-07-22,2026-07-20,0001561550-26-000248,https://www.sec.gov/Archives/edgar/data/1561550/000156155026000248/wk-form4_1784752364.xml,nonDerivative,2026-07-20,S,Class A Common Stock,8062,263.3545,2123163.979,544367,D,Le-Quoc Alexis,"Director, Officer, Chief Technology Officer",1,1,0,Chief Technology Officer,SEC EDGAR
DDOG|0001561550-26-000248|nonDerivative|2026-07-20|Le-Quoc Alexis|S|Class A Common Stock|10168|264.1328|D,2026-07-27 03:57:10+0000,DDOG,"Datadog, Inc.",0001561550,4,2026-07-22,2026-07-20,0001561550-26-000248,https://www.sec.gov/Archives/edgar/data/1561550/000156155026000248/wk-form4_1784752364.xml,nonDerivative,2026-07-20,S,Class A Common Stock,10168,264.1328,2685702.3104,534199,D,Le-Quoc Alexis,"Director, Officer, Chief Technology Officer",1,1,0,Chief Technology Officer,SEC EDGAR
DDOG|0001561550-26-000248|nonDerivative|2026-07-20|Le-Quoc Alexis|S|Class A Common Stock|6580|265.0709|D,2026-07-27 03:57:10+0000,DDOG,"Datadog, Inc.",0001561550,4,2026-07-22,2026-07-20,0001561550-26-000248,https://www.sec.gov/Archives/edgar/data/1561550/000156155026000248/wk-form4_1784752364.xml,nonDerivative,2026-07-20,S,Class A Common Stock,6580,265.0709,1744166.5219999999,527619,D,Le-Quoc Alexis,"Director, Officer, Chief Technology Officer",1,1,0,Chief Technology Officer,SEC EDGAR
DDOG|0001561550-26-000248|nonDerivative|2026-07-20|Le-Quoc Alexis|S|Class A Common Stock|7310|266.3098|D,2026-07-27 03:57:10+0000,DDOG,"Datadog, Inc.",0001561550,4,2026-07-22,2026-07-20,0001561550-26-000248,https://www.sec.gov/Archives/edgar/data/1561550/000156155026000248/wk-form4_1784752364.xml,nonDerivative,2026-07-20,S,Class A Common Stock,7310,266.3098,1946724.638,520309,D,Le-Quoc Alexis,"Director, Officer, Chief Technology Officer",1,1,0,Chief Technology Officer,SEC EDGAR
DDOG|0001561550-26-000248|nonDerivative|2026-07-20|Le-Quoc Alexis|S|Class A Common Stock|8391|267.2687|D,2026-07-27 03:57:10+0000,DDOG,"Datadog, Inc.",0001561550,4,2026-07-22,2026-07-20,0001561550-26-000248,https://www.sec.gov/Archives/edgar/data/1561550/000156155026000248/wk-form4_1784752364.xml,nonDerivative,2026-07-20,S,Class A Common Stock,8391,267.2687,2242651.6617,511918,D,Le-Quoc Alexis,"Director, Officer, Chief Technology Officer",1,1,0,Chief Technology Officer,SEC EDGAR
DDOG|0001561550-26-000248|nonDerivative|2026-07-20|Le-Quoc Alexis|S|Class A Common Stock|2113|267.9511|D,2026-07-27 03:57:10+0000,DDOG,"Datadog, Inc.",0001561550,4,2026-07-22,2026-07-20,0001561550-26-000248,https://www.sec.gov/Archives/edgar/data/1561550/000156155026000248/wk-form4_1784752364.xml,nonDerivative,2026-07-20,S,Class A Common Stock,2113,267.9511,566180.6743,509805,D,Le-Quoc Alexis,"Director, Officer, Chief Technology Officer",1,1,0,Chief Technology Officer,SEC EDGAR
DDOG|0001561550-26-000248|derivative|2026-07-20|Le-Quoc Alexis|C|Class B Common Stock|43224|0|D,2026-07-27 03:57:10+0000,DDOG,"Datadog, Inc.",0001561550,4,2026-07-22,2026-07-20,0001561550-26-000248,https://www.sec.gov/Archives/edgar/data/1561550/000156155026000248/wk-form4_1784752364.xml,derivative,2026-07-20,C,Class B Common Stock,43224,0,0.0,2316802,D,Le-Quoc Alexis,"Director, Officer, Chief Technology Officer",1,1,0,Chief Technology Officer,SEC EDGAR
CRWD|0001778564-26-000125|nonDerivative|2026-07-21|Kurtz George|S|Class A common stock|1608|190.54|D,2026-07-27 03:57:10+0000,CRWD,"CrowdStrike Holdings, Inc.",0001535527,4,2026-07-22,2026-07-21,0001778564-26-000125,https://www.sec.gov/Archives/edgar/data/1535527/000177856426000125/form4-07222026_080701.xml,nonDerivative,2026-07-21,S,Class A common stock,1608,190.54,306388.32,8171936,D,Kurtz George,PRESIDENT AND CEO,true,true,false,PRESIDENT AND CEO,SEC EDGAR
CRWD|0001778564-26-000125|nonDerivative|2026-07-21|Kurtz George|S|Class A common stock|3249|191.44|D,2026-07-27 03:57:10+0000,CRWD,"CrowdStrike Holdings, Inc.",0001535527,4,2026-07-22,2026-07-21,0001778564-26-000125,https://www.sec.gov/Archives/edgar/data/1535527/000177856426000125/form4-07222026_080701.xml,nonDerivative,2026-07-21,S,Class A common stock,3249,191.44,621988.5599999999,8168687,D,Kurtz George,PRESIDENT AND CEO,true,true,false,PRESIDENT AND CEO,SEC EDGAR
CRWD|0001778564-26-000125|nonDerivative|2026-07-21|Kurtz George|S|Class A common stock|2775|192.46|D,2026-07-27 03:57:10+0000,CRWD,"CrowdStrike Holdings, Inc.",0001535527,4,2026-07-22,2026-07-21,0001778564-26-000125,https://www.sec.gov/Archives/edgar/data/1535527/000177856426000125/form4-07222026_080701.xml,nonDerivative,2026-07-21,S,Class A common stock,2775,192.46,534076.5,8165912,D,Kurtz George,PRESIDENT AND CEO,true,true,false,PRESIDENT AND CEO,SEC EDGAR
CRWD|0001778564-26-000125|nonDerivative|2026-07-21|Kurtz George|S|Class A common stock|472|193.27|D,2026-07-27 03:57:10+0000,CRWD,"CrowdStrike Holdings, Inc.",0001535527,4,2026-07-22,2026-07-21,0001778564-26-000125,https://www.sec.gov/Archives/edgar/data/1535527/000177856426000125/form4-07222026_080701.xml,nonDerivative,2026-07-21,S,Class A common stock,472,193.27,91223.44,8165440,D,Kurtz George,PRESIDENT AND CEO,true,true,false,PRESIDENT AND CEO,SEC EDGAR
CRWD|0001778564-26-000125|nonDerivative|2026-07-21|Kurtz George|S|Class A common stock|524|194.49|D,2026-07-27 03:57:10+0000,CRWD,"CrowdStrike Holdings, Inc.",0001535527,4,2026-07-22,2026-07-21,0001778564-26-000125,https://www.sec.gov/Archives/edgar/data/1535527/000177856426000125/form4-07222026_080701.xml,nonDerivative,2026-07-21,S,Class A common stock,524,194.49,101912.76000000001,8164916,D,Kurtz George,PRESIDENT AND CEO,true,true,false,PRESIDENT AND CEO,SEC EDGAR
CRWD|0001778564-26-000125|nonDerivative|2026-07-21|Kurtz George|S|Class A common stock|276|195.72|D,2026-07-27 03:57:10+0000,CRWD,"CrowdStrike Holdings, Inc.",0001535527,4,2026-07-22,2026-07-21,0001778564-26-000125,https://www.sec.gov/Archives/edgar/data/1535527/000177856426000125/form4-07222026_080701.xml,nonDerivative,2026-07-21,S,Class A common stock,276,195.72,54018.72,8164640,D,Kurtz George,PRESIDENT AND CEO,true,true,false,PRESIDENT AND CEO,SEC EDGAR
CRWD|0001778564-26-000125|nonDerivative|2026-07-21|Kurtz George|S|Class A common stock|152|196.41|D,2026-07-27 03:57:10+0000,CRWD,"CrowdStrike Holdings, Inc.",0001535527,4,2026-07-22,2026-07-21,0001778564-26-000125,https://www.sec.gov/Archives/edgar/data/1535527/000177856426000125/form4-07222026_080701.xml,nonDerivative,2026-07-21,S,Class A common stock,152,196.41,29854.32,8164488,D,Kurtz George,PRESIDENT AND CEO,true,true,false,PRESIDENT AND CEO,SEC EDGAR
CRWD|0001778564-26-000125|nonDerivative|2026-07-21|Kurtz George|S|Class A common stock|384|197.59|D,2026-07-27 03:57:10+0000,CRWD,"CrowdStrike Holdings, Inc.",0001535527,4,2026-07-22,2026-07-21,0001778564-26-000125,https://www.sec.gov/Archives/edgar/data/1535527/000177856426000125/form4-07222026_080701.xml,nonDerivative,2026-07-21,S,Class A common stock,384,197.59,75874.56,8164104,D,Kurtz George,PRESIDENT AND CEO,true,true,false,PRESIDENT AND CEO,SEC EDGAR
CRWD|0001778564-26-000125|nonDerivative|2026-07-21|Kurtz George|S|Class A common stock|492|198.77|D,2026-07-27 03:57:10+0000,CRWD,"CrowdStrike Holdings, Inc.",0001535527,4,2026-07-22,2026-07-21,0001778564-26-000125,https://www.sec.gov/Archives/edgar/data/1535527/000177856426000125/form4-07222026_080701.xml,nonDerivative,2026-07-21,S,Class A common stock,492,198.77,97794.84000000001,8163612,D,Kurtz George,PRESIDENT AND CEO,true,true,false,PRESIDENT AND CEO,SEC EDGAR
CRWD|0001778564-26-000125|nonDerivative|2026-07-21|Kurtz George|S|Class A common stock|68|199.93|D,2026-07-27 03:57:10+0000,CRWD,"CrowdStrike Holdings, Inc.",0001535527,4,2026-07-22,2026-07-21,0001778564-26-000125,https://www.sec.gov/Archives/edgar/data/1535527/000177856426000125/form4-07222026_080701.xml,nonDerivative,2026-07-21,S,Class A common stock,68,199.93,13595.24,8163544,D,Kurtz George,PRESIDENT AND CEO,true,true,false,PRESIDENT AND CEO,SEC EDGAR
BLK|0002012383-26-001978|nonDerivative|2026-07-21|FINK LAURENCE|G|Shares Of Common Stock (par Value $0.01 Per Share)|7852|0|D,2026-07-27 03:57:10+0000,BLK,"BlackRock, Inc.",0002012383,4,2026-07-22,2026-07-21,0002012383-26-001978,https://www.sec.gov/Archives/edgar/data/2012383/000201238326001978/form4.xml,nonDerivative,2026-07-21,G,Shares Of Common Stock (par Value $0.01 Per Share),7852,0,0.0,215979,D,FINK LAURENCE,"Director, Officer, Chairman and CEO",1,1,,Chairman and CEO,SEC EDGAR
BEN|0000038777-26-000191|nonDerivative|2026-07-20|FRANKLIN RESOURCES INC|S|Common Stock|1682905.226|11.29|D,2026-07-27 03:57:10+0000,BEN,FRANKLIN RESOURCES INC,0000038777,4,2026-07-22,2026-07-20,0000038777-26-000191,https://www.sec.gov/Archives/edgar/data/38777/000003877726000191/wk-form4_1784745052.xml,nonDerivative,2026-07-20,S,Common Stock,1682905.226,11.29,19000000.001539998,5103657.501,D,FRANKLIN RESOURCES INC,,0,0,0,,SEC EDGAR
BBY|0001225208-26-006707|nonDerivative|2026-07-20|Watson Mathew|A|Common Stock|5874.0000|0.0000|D,2026-07-27 03:57:10+0000,BBY,BEST BUY CO INC,0000764478,4,2026-07-22,2026-07-20,0001225208-26-006707,https://www.sec.gov/Archives/edgar/data/764478/000122520826006707/doc4.xml,nonDerivative,2026-07-20,A,Common Stock,5874.0000,0.0000,0.0,27678.0000,D,Watson Mathew,"Officer, SVP, Controller & CAO",,1,,"SVP, Controller & CAO",SEC EDGAR
ANET|0001596532-26-000166|nonDerivative|2026-07-20|Duda Kenneth|M|Common Stock|17333|15.2769|D,2026-07-27 03:57:10+0000,ANET,"Arista Networks, Inc.",0001596532,4,2026-07-22,2026-07-20,0001596532-26-000166,https://www.sec.gov/Archives/edgar/data/1596532/000159653226000166/edgardoc.xml,nonDerivative,2026-07-20,M,Common Stock,17333,15.2769,264794.5077,30309,D,Duda Kenneth,"Director, Officer, President and CTO",1,1,0,President and CTO,SEC EDGAR
ANET|0001596532-26-000166|nonDerivative|2026-07-20|Duda Kenneth|S|Common Stock|6567|169.8977|D,2026-07-27 03:57:10+0000,ANET,"Arista Networks, Inc.",0001596532,4,2026-07-22,2026-07-20,0001596532-26-000166,https://www.sec.gov/Archives/edgar/data/1596532/000159653226000166/edgardoc.xml,nonDerivative,2026-07-20,S,Common Stock,6567,169.8977,1115718.1959,23742,D,Duda Kenneth,"Director, Officer, President and CTO",1,1,0,President and CTO,SEC EDGAR
ANET|0001596532-26-000166|nonDerivative|2026-07-20|Duda Kenneth|S|Common Stock|9028|170.7267|D,2026-07-27 03:57:10+0000,ANET,"Arista Networks, Inc.",0001596532,4,2026-07-22,2026-07-20,0001596532-26-000166,https://www.sec.gov/Archives/edgar/data/1596532/000159653226000166/edgardoc.xml,nonDerivative,2026-07-20,S,Common Stock,9028,170.7267,1541320.6476,14714,D,Duda Kenneth,"Director, Officer, President and CTO",1,1,0,President and CTO,SEC EDGAR
ANET|0001596532-26-000166|nonDerivative|2026-07-20|Duda Kenneth|S|Common Stock|1698|171.7198|D,2026-07-27 03:57:10+0000,ANET,"Arista Networks, Inc.",0001596532,4,2026-07-22,2026-07-20,0001596532-26-000166,https://www.sec.gov/Archives/edgar/data/1596532/000159653226000166/edgardoc.xml,nonDerivative,2026-07-20,S,Common Stock,1698,171.7198,291580.2204,13016,D,Duda Kenneth,"Director, Officer, President and CTO",1,1,0,President and CTO,SEC EDGAR
ANET|0001596532-26-000166|nonDerivative|2026-07-20|Duda Kenneth|S|Common Stock|40|172.4|D,2026-07-27 03:57:10+0000,ANET,"Arista Networks, Inc.",0001596532,4,2026-07-22,2026-07-20,0001596532-26-000166,https://www.sec.gov/Archives/edgar/data/1596532/000159653226000166/edgardoc.xml,nonDerivative,2026-07-20,S,Common Stock,40,172.4,6896.0,12976,D,Duda Kenneth,"Director, Officer, President and CTO",1,1,0,President and CTO,SEC EDGAR
ANET|0001596532-26-000166|nonDerivative|2026-07-20|Duda Kenneth|S|Common Stock|6062|169.8977|I,2026-07-27 03:57:10+0000,ANET,"Arista Networks, Inc.",0001596532,4,2026-07-22,2026-07-20,0001596532-26-000166,https://www.sec.gov/Archives/edgar/data/1596532/000159653226000166/edgardoc.xml,nonDerivative,2026-07-20,S,Common Stock,6062,169.8977,1029919.8573999999,1041106,I,Duda Kenneth,"Director, Officer, President and CTO",1,1,0,President and CTO,SEC EDGAR
ANET|0001596532-26-000166|nonDerivative|2026-07-20|Duda Kenneth|S|Common Stock|8334|170.7267|I,2026-07-27 03:57:10+0000,ANET,"Arista Networks, Inc.",0001596532,4,2026-07-22,2026-07-20,0001596532-26-000166,https://www.sec.gov/Archives/edgar/data/1596532/000159653226000166/edgardoc.xml,nonDerivative,2026-07-20,S,Common Stock,8334,170.7267,1422836.3177999998,1032772,I,Duda Kenneth,"Director, Officer, President and CTO",1,1,0,President and CTO,SEC EDGAR
ANET|0001596532-26-000166|nonDerivative|2026-07-20|Duda Kenneth|S|Common Stock|1567|171.7198|I,2026-07-27 03:57:10+0000,ANET,"Arista Networks, Inc.",0001596532,4,2026-07-22,2026-07-20,0001596532-26-000166,https://www.sec.gov/Archives/edgar/data/1596532/000159653226000166/edgardoc.xml,nonDerivative,2026-07-20,S,Common Stock,1567,171.7198,269084.9266,1031205,I,Duda Kenneth,"Director, Officer, President and CTO",1,1,0,President and CTO,SEC EDGAR
ANET|0001596532-26-000166|nonDerivative|2026-07-20|Duda Kenneth|S|Common Stock|37|172.4|I,2026-07-27 03:57:10+0000,ANET,"Arista Networks, Inc.",0001596532,4,2026-07-22,2026-07-20,0001596532-26-000166,https://www.sec.gov/Archives/edgar/data/1596532/000159653226000166/edgardoc.xml,nonDerivative,2026-07-20,S,Common Stock,37,172.4,6378.8,1031168,I,Duda Kenneth,"Director, Officer, President and CTO",1,1,0,President and CTO,SEC EDGAR
ANET|0001596532-26-000166|nonDerivative|2026-07-20|Duda Kenneth|S|Common Stock|3789|169.8977|I,2026-07-27 03:57:10+0000,ANET,"Arista Networks, Inc.",0001596532,4,2026-07-22,2026-07-20,0001596532-26-000166,https://www.sec.gov/Archives/edgar/data/1596532/000159653226000166/edgardoc.xml,nonDerivative,2026-07-20,S,Common Stock,3789,169.8977,643742.3853,468611,I,Duda Kenneth,"Director, Officer, President and CTO",1,1,0,President and CTO,SEC EDGAR
ANET|0001596532-26-000166|nonDerivative|2026-07-20|Duda Kenneth|S|Common Stock|5209|170.7267|I,2026-07-27 03:57:10+0000,ANET,"Arista Networks, Inc.",0001596532,4,2026-07-22,2026-07-20,0001596532-26-000166,https://www.sec.gov/Archives/edgar/data/1596532/000159653226000166/edgardoc.xml,nonDerivative,2026-07-20,S,Common Stock,5209,170.7267,889315.3803,463402,I,Duda Kenneth,"Director, Officer, President and CTO",1,1,0,President and CTO,SEC EDGAR
ANET|0001596532-26-000166|nonDerivative|2026-07-20|Duda Kenneth|S|Common Stock|979|171.7198|I,2026-07-27 03:57:10+0000,ANET,"Arista Networks, Inc.",0001596532,4,2026-07-22,2026-07-20,0001596532-26-000166,https://www.sec.gov/Archives/edgar/data/1596532/000159653226000166/edgardoc.xml,nonDerivative,2026-07-20,S,Common Stock,979,171.7198,168113.6842,462423,I,Duda Kenneth,"Director, Officer, President and CTO",1,1,0,President and CTO,SEC EDGAR
ANET|0001596532-26-000166|nonDerivative|2026-07-20|Duda Kenneth|S|Common Stock|23|172.4|I,2026-07-27 03:57:10+0000,ANET,"Arista Networks, Inc.",0001596532,4,2026-07-22,2026-07-20,0001596532-26-000166,https://www.sec.gov/Archives/edgar/data/1596532/000159653226000166/edgardoc.xml,nonDerivative,2026-07-20,S,Common Stock,23,172.4,3965.2000000000003,462400,I,Duda Kenneth,"Director, Officer, President and CTO",1,1,0,President and CTO,SEC EDGAR
ANET|0001596532-26-000166|derivative|2026-07-20|Duda Kenneth|M|Non-Qualified Stock Option (right to buy)|17333|0.0|D,2026-07-27 03:57:10+0000,ANET,"Arista Networks, Inc.",0001596532,4,2026-07-22,2026-07-20,0001596532-26-000166,https://www.sec.gov/Archives/edgar/data/1596532/000159653226000166/edgardoc.xml,derivative,2026-07-20,M,Non-Qualified Stock Option (right to buy),17333,0.0,0.0,13334,D,Duda Kenneth,"Director, Officer, President and CTO",1,1,0,President and CTO,SEC EDGAR
ABNB|0001193125-26-312447|nonDerivative|2026-07-20|Blecharczyk Nathan|C|Class A Common Stock|13615||I,2026-07-27 03:57:10+0000,ABNB,"Airbnb, Inc.",0001559720,4,2026-07-22,2026-07-20,0001193125-26-312447,https://www.sec.gov/Archives/edgar/data/1559720/000119312526312447/ownership.xml,nonDerivative,2026-07-20,C,Class A Common Stock,13615,,,30062,I,Blecharczyk Nathan,Chief Strategy Officer,true,true,true,Chief Strategy Officer,SEC EDGAR
ABNB|0001193125-26-312447|nonDerivative|2026-07-20|Blecharczyk Nathan|G|Class A Common Stock|4077|0|I,2026-07-27 03:57:10+0000,ABNB,"Airbnb, Inc.",0001559720,4,2026-07-22,2026-07-20,0001193125-26-312447,https://www.sec.gov/Archives/edgar/data/1559720/000119312526312447/ownership.xml,nonDerivative,2026-07-20,G,Class A Common Stock,4077,0,0.0,25985,I,Blecharczyk Nathan,Chief Strategy Officer,true,true,true,Chief Strategy Officer,SEC EDGAR
ABNB|0001193125-26-312447|nonDerivative|2026-07-20|Blecharczyk Nathan|S|Class A Common Stock|11967|145.3233|I,2026-07-27 03:57:10+0000,ABNB,"Airbnb, Inc.",0001559720,4,2026-07-22,2026-07-20,0001193125-26-312447,https://www.sec.gov/Archives/edgar/data/1559720/000119312526312447/ownership.xml,nonDerivative,2026-07-20,S,Class A Common Stock,11967,145.3233,1739083.9311,14018,I,Blecharczyk Nathan,Chief Strategy Officer,true,true,true,Chief Strategy Officer,SEC EDGAR
ABNB|0001193125-26-312447|nonDerivative|2026-07-20|Blecharczyk Nathan|S|Class A Common Stock|1648|146.2323|I,2026-07-27 03:57:10+0000,ABNB,"Airbnb, Inc.",0001559720,4,2026-07-22,2026-07-20,0001193125-26-312447,https://www.sec.gov/Archives/edgar/data/1559720/000119312526312447/ownership.xml,nonDerivative,2026-07-20,S,Class A Common Stock,1648,146.2323,240990.8304,12370,I,Blecharczyk Nathan,Chief Strategy Officer,true,true,true,Chief Strategy Officer,SEC EDGAR
ABNB|0001193125-26-312447|derivative|2026-07-20|Blecharczyk Nathan|C|Class B Common Stock|13615|0|I,2026-07-27 03:57:10+0000,ABNB,"Airbnb, Inc.",0001559720,4,2026-07-22,2026-07-20,0001193125-26-312447,https://www.sec.gov/Archives/edgar/data/1559720/000119312526312447/ownership.xml,derivative,2026-07-20,C,Class B Common Stock,13615,0,0.0,45738970,I,Blecharczyk Nathan,Chief Strategy Officer,true,true,true,Chief Strategy Officer,SEC EDGAR
XYZ|0001628280-26-049078|nonDerivative|2026-07-17|Eisen Anthony Mathew|S|Class A  Common Stock|6000|79.13|D,2026-07-27 03:57:10+0000,XYZ,"Block, Inc.",0001512673,4,2026-07-21,2026-07-17,0001628280-26-049078,https://www.sec.gov/Archives/edgar/data/1512673/000162828026049078/wk-form4_1784670214.xml,nonDerivative,2026-07-17,S,Class A  Common Stock,6000,79.13,474780.0,1679672,D,Eisen Anthony Mathew,Director,1,0,0,,SEC EDGAR
XYZ|0001628280-26-049078|nonDerivative|2026-07-20|Eisen Anthony Mathew|S|Class A  Common Stock|6000|78.90|D,2026-07-27 03:57:10+0000,XYZ,"Block, Inc.",0001512673,4,2026-07-21,2026-07-17,0001628280-26-049078,https://www.sec.gov/Archives/edgar/data/1512673/000162828026049078/wk-form4_1784670214.xml,nonDerivative,2026-07-20,S,Class A  Common Stock,6000,78.90,473400.00000000006,1673672,D,Eisen Anthony Mathew,Director,1,0,0,,SEC EDGAR
XYZ|0001628280-26-049078|nonDerivative|2026-07-21|Eisen Anthony Mathew|S|Class A  Common Stock|6000|79.31|D,2026-07-27 03:57:10+0000,XYZ,"Block, Inc.",0001512673,4,2026-07-21,2026-07-17,0001628280-26-049078,https://www.sec.gov/Archives/edgar/data/1512673/000162828026049078/wk-form4_1784670214.xml,nonDerivative,2026-07-21,S,Class A  Common Stock,6000,79.31,475860.0,1667672,D,Eisen Anthony Mathew,Director,1,0,0,,SEC EDGAR
WDC|0001266824-26-000160|nonDerivative|2026-07-20|Tregillis Cynthia L|M|Common Stock|13|0.0|D,2026-07-27 03:57:10+0000,WDC,WESTERN DIGITAL CORP,0000106040,4,2026-07-21,2026-07-20,0001266824-26-000160,https://www.sec.gov/Archives/edgar/data/106040/000126682426000160/edgardoc.xml,nonDerivative,2026-07-20,M,Common Stock,13,0.0,0.0,116656,D,Tregillis Cynthia L,"Officer, Chief Legal Officer & Corp Sec",0,1,0,Chief Legal Officer & Corp Sec,SEC EDGAR
WDC|0001266824-26-000160|nonDerivative|2026-07-20|Tregillis Cynthia L|F|Common Stock|1309|487.42|D,2026-07-27 03:57:10+0000,WDC,WESTERN DIGITAL CORP,0000106040,4,2026-07-21,2026-07-20,0001266824-26-000160,https://www.sec.gov/Archives/edgar/data/106040/000126682426000160/edgardoc.xml,nonDerivative,2026-07-20,F,Common Stock,1309,487.42,638032.78,115347,D,Tregillis Cynthia L,"Officer, Chief Legal Officer & Corp Sec",0,1,0,Chief Legal Officer & Corp Sec,SEC EDGAR
WDC|0001266824-26-000160|nonDerivative|2026-07-21|Tregillis Cynthia L|S|Common Stock|808|529.63|D,2026-07-27 03:57:10+0000,WDC,WESTERN DIGITAL CORP,0000106040,4,2026-07-21,2026-07-20,0001266824-26-000160,https://www.sec.gov/Archives/edgar/data/106040/000126682426000160/edgardoc.xml,nonDerivative,2026-07-21,S,Common Stock,808,529.63,427941.04,114539,D,Tregillis Cynthia L,"Officer, Chief Legal Officer & Corp Sec",0,1,0,Chief Legal Officer & Corp Sec,SEC EDGAR
WDC|0001266824-26-000160|derivative|2026-07-20|Tregillis Cynthia L|M|Dividend Equivalent Rights|13.1971|0.0|D,2026-07-27 03:57:10+0000,WDC,WESTERN DIGITAL CORP,0000106040,4,2026-07-21,2026-07-20,0001266824-26-000160,https://www.sec.gov/Archives/edgar/data/106040/000126682426000160/edgardoc.xml,derivative,2026-07-20,M,Dividend Equivalent Rights,13.1971,0.0,0.0,309.804,D,Tregillis Cynthia L,"Officer, Chief Legal Officer & Corp Sec",0,1,0,Chief Legal Officer & Corp Sec,SEC EDGAR
VLTO|0001834046-26-000006|nonDerivative|2026-07-17|Honeycutt Jennifer|M|Common Stock|7097|28.76|D,2026-07-27 03:57:10+0000,VLTO,Veralto Corp,0001967680,4,2026-07-21,2026-07-17,0001834046-26-000006,https://www.sec.gov/Archives/edgar/data/1967680/000183404626000006/wk-form4_1784667744.xml,nonDerivative,2026-07-17,M,Common Stock,7097,28.76,204109.72,131182,D,Honeycutt Jennifer,"Director, Officer, President and CEO",1,1,0,President and CEO,SEC EDGAR
VLTO|0001834046-26-000006|nonDerivative|2026-07-17|Honeycutt Jennifer|S|Common Stock|7097|95|D,2026-07-27 03:57:10+0000,VLTO,Veralto Corp,0001967680,4,2026-07-21,2026-07-17,0001834046-26-000006,https://www.sec.gov/Archives/edgar/data/1967680/000183404626000006/wk-form4_1784667744.xml,nonDerivative,2026-07-17,S,Common Stock,7097,95,674215.0,124085,D,Honeycutt Jennifer,"Director, Officer, President and CEO",1,1,0,President and CEO,SEC EDGAR
VLTO|0001834046-26-000006|derivative|2026-07-17|Honeycutt Jennifer|M|Employee Stock Option (Right to Buy)|7097|0|D,2026-07-27 03:57:10+0000,VLTO,Veralto Corp,0001967680,4,2026-07-21,2026-07-17,0001834046-26-000006,https://www.sec.gov/Archives/edgar/data/1967680/000183404626000006/wk-form4_1784667744.xml,derivative,2026-07-17,M,Employee Stock Option (Right to Buy),7097,0,0.0,14195,D,Honeycutt Jennifer,"Director, Officer, President and CEO",1,1,0,President and CEO,SEC EDGAR
UAL|0000100517-26-000142|nonDerivative|2026-07-21|KIRBY J SCOTT|M|Common Stock|159321|58.69|D,2026-07-27 03:57:10+0000,UAL,"United Airlines Holdings, Inc.",0000100517,4,2026-07-21,2026-07-21,0000100517-26-000142,https://www.sec.gov/Archives/edgar/data/100517/000010051726000142/wk-form4_1784682988.xml,nonDerivative,2026-07-21,M,Common Stock,159321,58.69,9350549.49,957172,D,KIRBY J SCOTT,"Director, Officer, Chief Executive Officer",1,1,0,Chief Executive Officer,SEC EDGAR
UAL|0000100517-26-000142|nonDerivative|2026-07-21|KIRBY J SCOTT|S|Common Stock|159321|118.045|D,2026-07-27 03:57:10+0000,UAL,"United Airlines Holdings, Inc.",0000100517,4,2026-07-21,2026-07-21,0000100517-26-000142,https://www.sec.gov/Archives/edgar/data/100517/000010051726000142/wk-form4_1784682988.xml,nonDerivative,2026-07-21,S,Common Stock,159321,118.045,18807047.445,797851,D,KIRBY J SCOTT,"Director, Officer, Chief Executive Officer",1,1,0,Chief Executive Officer,SEC EDGAR
UAL|0000100517-26-000142|derivative|2026-07-21|KIRBY J SCOTT|M|Stock Option (Right to Buy)|159321|0|D,2026-07-27 03:57:10+0000,UAL,"United Airlines Holdings, Inc.",0000100517,4,2026-07-21,2026-07-21,0000100517-26-000142,https://www.sec.gov/Archives/edgar/data/100517/000010051726000142/wk-form4_1784682988.xml,derivative,2026-07-21,M,Stock Option (Right to Buy),159321,0,0.0,0,D,KIRBY J SCOTT,"Director, Officer, Chief Executive Officer",1,1,0,Chief Executive Officer,SEC EDGAR
TPL|0001437749-26-023922|nonDerivative|2026-07-20|HORIZON KINETICS ASSET MANAGEMENT LLC|P|Common Stock|1|416.47|D,2026-07-27 03:57:10+0000,TPL,Texas Pacific Land Corp,0001811074,4,2026-07-21,2026-07-20,0001437749-26-023922,https://www.sec.gov/Archives/edgar/data/1811074/000143774926023922/rdgdoc.xml,nonDerivative,2026-07-20,P,Common Stock,1,416.47,416.47,3263679,D,HORIZON KINETICS ASSET MANAGEMENT LLC,10% Owner,,,1,,SEC EDGAR
TDG|0001656109-26-000006|derivative|2026-07-15|Reiss Joel|M|Stock Option|3900.00|0.00|D,2026-07-27 03:57:10+0000,TDG,TransDigm Group INC,0001260221,4/A,2026-07-21,2026-07-15,0001656109-26-000006,https://www.sec.gov/Archives/edgar/data/1260221/000165610926000006/primarydocument.xml,derivative,2026-07-15,M,Stock Option,3900.00,0.00,0.0,11900.00,D,Reiss Joel,Co-Chief Operating Officer,false,true,false,Co-Chief Operating Officer,SEC EDGAR
TDG|0001352573-26-000012|nonDerivative|2026-07-20|Howley W Nicholas|M|Common Stock|10132.00|66.47|I,2026-07-27 03:57:10+0000,TDG,TransDigm Group INC,0001260221,4,2026-07-21,2026-07-20,0001352573-26-000012,https://www.sec.gov/Archives/edgar/data/1260221/000135257326000012/primarydocument.xml,nonDerivative,2026-07-20,M,Common Stock,10132.00,66.47,673474.04,31679.513,I,Howley W Nicholas,,true,false,false,,SEC EDGAR
TDG|0001352573-26-000012|nonDerivative|2026-07-20|Howley W Nicholas|S|Common Stock|570.00|1210.3242|I,2026-07-27 03:57:10+0000,TDG,TransDigm Group INC,0001260221,4,2026-07-21,2026-07-20,0001352573-26-000012,https://www.sec.gov/Archives/edgar/data/1260221/000135257326000012/primarydocument.xml,nonDerivative,2026-07-20,S,Common Stock,570.00,1210.3242,689884.794,31109.513,I,Howley W Nicholas,,true,false,false,,SEC EDGAR
TDG|0001352573-26-000012|nonDerivative|2026-07-20|Howley W Nicholas|S|Common Stock|240.00|1211.4575|I,2026-07-27 03:57:10+0000,TDG,TransDigm Group INC,0001260221,4,2026-07-21,2026-07-20,0001352573-26-000012,https://www.sec.gov/Archives/edgar/data/1260221/000135257326000012/primarydocument.xml,nonDerivative,2026-07-20,S,Common Stock,240.00,1211.4575,290749.8,30869.513,I,Howley W Nicholas,,true,false,false,,SEC EDGAR
TDG|0001352573-26-000012|nonDerivative|2026-07-20|Howley W Nicholas|S|Common Stock|1720.00|1212.7312|I,2026-07-27 03:57:10+0000,TDG,TransDigm Group INC,0001260221,4,2026-07-21,2026-07-20,0001352573-26-000012,https://www.sec.gov/Archives/edgar/data/1260221/000135257326000012/primarydocument.xml,nonDerivative,2026-07-20,S,Common Stock,1720.00,1212.7312,2085897.6639999999,29149.513,I,Howley W Nicholas,,true,false,false,,SEC EDGAR
TDG|0001352573-26-000012|nonDerivative|2026-07-20|Howley W Nicholas|S|Common Stock|1437.00|1213.8797|I,2026-07-27 03:57:10+0000,TDG,TransDigm Group INC,0001260221,4,2026-07-21,2026-07-20,0001352573-26-000012,https://www.sec.gov/Archives/edgar/data/1260221/000135257326000012/primarydocument.xml,nonDerivative,2026-07-20,S,Common Stock,1437.00,1213.8797,1744345.1289,27712.513,I,Howley W Nicholas,,true,false,false,,SEC EDGAR
TDG|0001352573-26-000012|nonDerivative|2026-07-20|Howley W Nicholas|S|Common Stock|1561.00|1214.7437|I,2026-07-27 03:57:10+0000,TDG,TransDigm Group INC,0001260221,4,2026-07-21,2026-07-20,0001352573-26-000012,https://www.sec.gov/Archives/edgar/data/1260221/000135257326000012/primarydocument.xml,nonDerivative,2026-07-20,S,Common Stock,1561.00,1214.7437,1896214.9157,26151.513,I,Howley W Nicholas,,true,false,false,,SEC EDGAR
TDG|0001352573-26-000012|nonDerivative|2026-07-20|Howley W Nicholas|S|Common Stock|260.00|1215.6154|I,2026-07-27 03:57:10+0000,TDG,TransDigm Group INC,0001260221,4,2026-07-21,2026-07-20,0001352573-26-000012,https://www.sec.gov/Archives/edgar/data/1260221/000135257326000012/primarydocument.xml,nonDerivative,2026-07-20,S,Common Stock,260.00,1215.6154,316060.00399999996,25891.513,I,Howley W Nicholas,,true,false,false,,SEC EDGAR
TDG|0001352573-26-000012|nonDerivative|2026-07-20|Howley W Nicholas|S|Common Stock|603.00|1217.0088|I,2026-07-27 03:57:10+0000,TDG,TransDigm Group INC,0001260221,4,2026-07-21,2026-07-20,0001352573-26-000012,https://www.sec.gov/Archives/edgar/data/1260221/000135257326000012/primarydocument.xml,nonDerivative,2026-07-20,S,Common Stock,603.00,1217.0088,733856.3064,25288.513,I,Howley W Nicholas,,true,false,false,,SEC EDGAR
TDG|0001352573-26-000012|nonDerivative|2026-07-20|Howley W Nicholas|S|Common Stock|1463.00|1218.5833|I,2026-07-27 03:57:10+0000,TDG,TransDigm Group INC,0001260221,4,2026-07-21,2026-07-20,0001352573-26-000012,https://www.sec.gov/Archives/edgar/data/1260221/000135257326000012/primarydocument.xml,nonDerivative,2026-07-20,S,Common Stock,1463.00,1218.5833,1782787.3679,23825.513,I,Howley W Nicholas,,true,false,false,,SEC EDGAR
TDG|0001352573-26-000012|nonDerivative|2026-07-20|Howley W Nicholas|S|Common Stock|1243.00|1219.4848|I,2026-07-27 03:57:10+0000,TDG,TransDigm Group INC,0001260221,4,2026-07-21,2026-07-20,0001352573-26-000012,https://www.sec.gov/Archives/edgar/data/1260221/000135257326000012/primarydocument.xml,nonDerivative,2026-07-20,S,Common Stock,1243.00,1219.4848,1515819.6064,22582.513,I,Howley W Nicholas,,true,false,false,,SEC EDGAR
TDG|0001352573-26-000012|nonDerivative|2026-07-20|Howley W Nicholas|S|Common Stock|130.00|1220.5662|I,2026-07-27 03:57:10+0000,TDG,TransDigm Group INC,0001260221,4,2026-07-21,2026-07-20,0001352573-26-000012,https://www.sec.gov/Archives/edgar/data/1260221/000135257326000012/primarydocument.xml,nonDerivative,2026-07-20,S,Common Stock,130.00,1220.5662,158673.606,22452.513,I,Howley W Nicholas,,true,false,false,,SEC EDGAR
TDG|0001352573-26-000012|nonDerivative|2026-07-20|Howley W Nicholas|S|Common Stock|465.00|1222.3182|I,2026-07-27 03:57:10+0000,TDG,TransDigm Group INC,0001260221,4,2026-07-21,2026-07-20,0001352573-26-000012,https://www.sec.gov/Archives/edgar/data/1260221/000135257326000012/primarydocument.xml,nonDerivative,2026-07-20,S,Common Stock,465.00,1222.3182,568377.963,21987.513,I,Howley W Nicholas,,true,false,false,,SEC EDGAR
TDG|0001352573-26-000012|nonDerivative|2026-07-20|Howley W Nicholas|S|Common Stock|440.00|1224.1377|I,2026-07-27 03:57:10+0000,TDG,TransDigm Group INC,0001260221,4,2026-07-21,2026-07-20,0001352573-26-000012,https://www.sec.gov/Archives/edgar/data/1260221/000135257326000012/primarydocument.xml,nonDerivative,2026-07-20,S,Common Stock,440.00,1224.1377,538620.588,21547.513,I,Howley W Nicholas,,true,false,false,,SEC EDGAR
TDG|0001352573-26-000012|derivative|2026-07-20|Howley W Nicholas|M|Stock Option|10132.00|0.00|I,2026-07-27 03:57:10+0000,TDG,TransDigm Group INC,0001260221,4,2026-07-21,2026-07-20,0001352573-26-000012,https://www.sec.gov/Archives/edgar/data/1260221/000135257326000012/primarydocument.xml,derivative,2026-07-20,M,Stock Option,10132.00,0.00,0.0,11832.00,I,Howley W Nicholas,,true,false,false,,SEC EDGAR
SNA|0000091440-26-000137|nonDerivative|2026-07-17|Chambers Timothy L|M|Common Stock|389|168.70|D,2026-07-27 03:57:10+0000,SNA,Snap-on Inc,0000091440,4,2026-07-21,2026-07-17,0000091440-26-000137,https://www.sec.gov/Archives/edgar/data/91440/000009144026000137/form4.xml,nonDerivative,2026-07-17,M,Common Stock,389,168.70,65624.29999999999,21612.0001,D,Chambers Timothy L,"Officer, Sr VP & Pres - Tools",,1,,Sr VP & Pres - Tools,SEC EDGAR
SNA|0000091440-26-000137|nonDerivative|2026-07-17|Chambers Timothy L|S|Common Stock|389|419.4264|D,2026-07-27 03:57:10+0000,SNA,Snap-on Inc,0000091440,4,2026-07-21,2026-07-17,0000091440-26-000137,https://www.sec.gov/Archives/edgar/data/91440/000009144026000137/form4.xml,nonDerivative,2026-07-17,S,Common Stock,389,419.4264,163156.8696,21223.0001,D,Chambers Timothy L,"Officer, Sr VP & Pres - Tools",,1,,Sr VP & Pres - Tools,SEC EDGAR
SNA|0000091440-26-000137|derivative|2026-07-17|Chambers Timothy L|M|Stock Option (Right to Buy)|389||D,2026-07-27 03:57:10+0000,SNA,Snap-on Inc,0000091440,4,2026-07-21,2026-07-17,0000091440-26-000137,https://www.sec.gov/Archives/edgar/data/91440/000009144026000137/form4.xml,derivative,2026-07-17,M,Stock Option (Right to Buy),389,,,9111,D,Chambers Timothy L,"Officer, Sr VP & Pres - Tools",,1,,Sr VP & Pres - Tools,SEC EDGAR
SCHW|0002028977-26-000015|nonDerivative|2026-07-21|Beatty Jonathan S|S|Common Stock|2000|104.2055|I,2026-07-27 03:57:10+0000,SCHW,SCHWAB CHARLES CORP,0000316709,4,2026-07-21,2026-07-21,0002028977-26-000015,https://www.sec.gov/Archives/edgar/data/316709/000202897726000015/wk-form4_1784674470.xml,nonDerivative,2026-07-21,S,Common Stock,2000,104.2055,208411.0,11738,I,Beatty Jonathan S,"Officer, MD, Head of Advisor Services",0,1,0,"MD, Head of Advisor Services",SEC EDGAR
PSX|0001772603-26-000012|nonDerivative|2026-07-21|Sutherland Vanessa Allen|S|Common Stock|3523|211.0482|D,2026-07-27 03:57:10+0000,PSX,Phillips 66,0001534701,4/A,2026-07-21,2026-07-21,0001772603-26-000012,https://www.sec.gov/Archives/edgar/data/1534701/000177260326000012/wk-form4a_1784679684.xml,nonDerivative,2026-07-21,S,Common Stock,3523,211.0482,743522.8086,27537,D,Sutherland Vanessa Allen,"Officer, EVP, GC and Secretary",0,1,0,"EVP, GC and Secretary",SEC EDGAR
PSX|0001534701-26-000026|nonDerivative|2026-07-20|Sutherland Vanessa Allen|S|Common Stock|563|211.0082|D,2026-07-27 03:57:10+0000,PSX,Phillips 66,0001534701,4,2026-07-21,2026-07-20,0001534701-26-000026,https://www.sec.gov/Archives/edgar/data/1534701/000153470126000026/wk-form4_1784672731.xml,nonDerivative,2026-07-20,S,Common Stock,563,211.0082,118797.6166,31060,D,Sutherland Vanessa Allen,"Officer, EVP, GC and Secretary",0,1,0,"EVP, GC and Secretary",SEC EDGAR
PSX|0001534701-26-000026|nonDerivative|2026-07-21|Sutherland Vanessa Allen|S|Common Stock|3523|2110482|D,2026-07-27 03:57:10+0000,PSX,Phillips 66,0001534701,4,2026-07-21,2026-07-20,0001534701-26-000026,https://www.sec.gov/Archives/edgar/data/1534701/000153470126000026/wk-form4_1784672731.xml,nonDerivative,2026-07-21,S,Common Stock,3523,2110482,7435228086.0,27537,D,Sutherland Vanessa Allen,"Officer, EVP, GC and Secretary",0,1,0,"EVP, GC and Secretary",SEC EDGAR
PAYX|0001193125-26-310268|nonDerivative|2026-07-20|Schrader Robert L.|S|Common Stock|2600|115.09|D,2026-07-27 03:57:10+0000,PAYX,PAYCHEX INC,0000723531,4,2026-07-21,2026-07-20,0001193125-26-310268,https://www.sec.gov/Archives/edgar/data/723531/000119312526310268/ownership.xml,nonDerivative,2026-07-20,S,Common Stock,2600,115.09,299234.0,18547,D,Schrader Robert L.,"Sr. VP, CFO",false,true,false,"Sr. VP, CFO",SEC EDGAR
PAYX|0001193125-26-310270|nonDerivative|2026-07-17|MUCCI MARTIN|G|Common Stock|9309|113.9819|D,2026-07-27 03:57:10+0000,PAYX,PAYCHEX INC,0000723531,4,2026-07-21,2026-07-17,0001193125-26-310270,https://www.sec.gov/Archives/edgar/data/723531/000119312526310270/ownership.xml,nonDerivative,2026-07-17,G,Common Stock,9309,113.9819,1061057.5071,434891.3318,D,MUCCI MARTIN,,true,false,false,,SEC EDGAR
PAYX|0001193125-26-310269|nonDerivative|2026-07-20|DOODY JOSEPH|J|Common Stock|164|0|D,2026-07-27 03:57:10+0000,PAYX,PAYCHEX INC,0000723531,4,2026-07-21,2026-07-20,0001193125-26-310269,https://www.sec.gov/Archives/edgar/data/723531/000119312526310269/ownership.xml,nonDerivative,2026-07-20,J,Common Stock,164,0,0.0,725,D,DOODY JOSEPH,,true,false,false,,SEC EDGAR
PAYX|0001193125-26-310269|nonDerivative|2026-07-20|DOODY JOSEPH|J|Common Stock - Family Trust|164|0|I,2026-07-27 03:57:10+0000,PAYX,PAYCHEX INC,0000723531,4,2026-07-21,2026-07-20,0001193125-26-310269,https://www.sec.gov/Archives/edgar/data/723531/000119312526310269/ownership.xml,nonDerivative,2026-07-20,J,Common Stock - Family Trust,164,0,0.0,23922,I,DOODY JOSEPH,,true,false,false,,SEC EDGAR
LLY|0001262388-26-000014|nonDerivative|2026-07-20|Sulzberger Gabrielle|A|Common Stock|4.3232|1146.90|D,2026-07-27 03:57:10+0000,LLY,ELI LILLY & Co,0000059478,4,2026-07-21,2026-07-20,0001262388-26-000014,https://www.sec.gov/Archives/edgar/data/59478/000126238826000014/wk-form4_1784666431.xml,nonDerivative,2026-07-20,A,Common Stock,4.3232,1146.90,4958.27808,2999.7188,D,Sulzberger Gabrielle,Director,1,0,0,,SEC EDGAR
LLY|0000059478-26-000068|nonDerivative|2026-07-20|LUCIANO JUAN R|A|Common Stock|13.878|1146.90|D,2026-07-27 03:57:10+0000,LLY,ELI LILLY & Co,0000059478,4,2026-07-21,2026-07-20,0000059478-26-000068,https://www.sec.gov/Archives/edgar/data/59478/000005947826000068/wk-form4_1784666385.xml,nonDerivative,2026-07-20,A,Common Stock,13.878,1146.90,15916.678200000002,16904.5921,D,LUCIANO JUAN R,Director,1,0,0,,SEC EDGAR
LLY|0000059478-26-000066|nonDerivative|2026-07-20|Fyrwald J Erik|A|Common Stock|8.6465|1146.90|D,2026-07-27 03:57:10+0000,LLY,ELI LILLY & Co,0000059478,4,2026-07-21,2026-07-20,0000059478-26-000066,https://www.sec.gov/Archives/edgar/data/59478/000005947826000066/wk-form4_1784666337.xml,nonDerivative,2026-07-20,A,Common Stock,8.6465,1146.90,9916.67085,75409.7433,D,Fyrwald J Erik,Director,1,0,0,,SEC EDGAR
LLY|0001310215-26-000013|nonDerivative|2026-07-20|Alvarez Ralph|A|Common Stock|10.8263|1146.90|D,2026-07-27 03:57:10+0000,LLY,ELI LILLY & Co,0000059478,4,2026-07-21,2026-07-20,0001310215-26-000013,https://www.sec.gov/Archives/edgar/data/59478/000131021526000013/wk-form4_1784666268.xml,nonDerivative,2026-07-20,A,Common Stock,10.8263,1146.90,12416.68347,55734.2935,D,Alvarez Ralph,Director,1,0,0,,SEC EDGAR
JNJ|0000200406-26-000148|nonDerivative|2026-07-20|Broadhurst Vanessa|M|Common Stock|11129|129.51|D,2026-07-27 03:57:10+0000,JNJ,JOHNSON & JOHNSON,0000200406,4,2026-07-21,2026-07-20,0000200406-26-000148,https://www.sec.gov/Archives/edgar/data/200406/000020040626000148/wk-form4_1784669273.xml,nonDerivative,2026-07-20,M,Common Stock,11129,129.51,1441316.7899999998,34132,D,Broadhurst Vanessa,"Officer, EVP, Global Corp Affairs",0,1,0,"EVP, Global Corp Affairs",SEC EDGAR
JNJ|0000200406-26-000148|nonDerivative|2026-07-20|Broadhurst Vanessa|M|Common Stock|11925|131.94|D,2026-07-27 03:57:10+0000,JNJ,JOHNSON & JOHNSON,0000200406,4,2026-07-21,2026-07-20,0000200406-26-000148,https://www.sec.gov/Archives/edgar/data/200406/000020040626000148/wk-form4_1784669273.xml,nonDerivative,2026-07-20,M,Common Stock,11925,131.94,1573384.5,46057,D,Broadhurst Vanessa,"Officer, EVP, Global Corp Affairs",0,1,0,"EVP, Global Corp Affairs",SEC EDGAR
JNJ|0000200406-26-000148|nonDerivative|2026-07-20|Broadhurst Vanessa|S|Common Stock|23054|251.266|D,2026-07-27 03:57:10+0000,JNJ,JOHNSON & JOHNSON,0000200406,4,2026-07-21,2026-07-20,0000200406-26-000148,https://www.sec.gov/Archives/edgar/data/200406/000020040626000148/wk-form4_1784669273.xml,nonDerivative,2026-07-20,S,Common Stock,23054,251.266,5792686.364,23003,D,Broadhurst Vanessa,"Officer, EVP, Global Corp Affairs",0,1,0,"EVP, Global Corp Affairs",SEC EDGAR
JNJ|0000200406-26-000148|derivative|2026-07-20|Broadhurst Vanessa|M|Employee Stock Options (Right to Buy)|11129|0|D,2026-07-27 03:57:10+0000,JNJ,JOHNSON & JOHNSON,0000200406,4,2026-07-21,2026-07-20,0000200406-26-000148,https://www.sec.gov/Archives/edgar/data/200406/000020040626000148/wk-form4_1784669273.xml,derivative,2026-07-20,M,Employee Stock Options (Right to Buy),11129,0,0.0,0,D,Broadhurst Vanessa,"Officer, EVP, Global Corp Affairs",0,1,0,"EVP, Global Corp Affairs",SEC EDGAR
JNJ|0000200406-26-000148|derivative|2026-07-20|Broadhurst Vanessa|M|Employee Stock Options (Right to Buy)|11925|0|D,2026-07-27 03:57:10+0000,JNJ,JOHNSON & JOHNSON,0000200406,4,2026-07-21,2026-07-20,0000200406-26-000148,https://www.sec.gov/Archives/edgar/data/200406/000020040626000148/wk-form4_1784669273.xml,derivative,2026-07-20,M,Employee Stock Options (Right to Buy),11925,0,0.0,0,D,Broadhurst Vanessa,"Officer, EVP, Global Corp Affairs",0,1,0,"EVP, Global Corp Affairs",SEC EDGAR
JBL|0001225208-26-006697|nonDerivative|2026-07-18|Renno Rafael|F|Common Stock|272.0000|301.0100|D,2026-07-27 03:57:10+0000,JBL,JABIL INC,0000898293,4,2026-07-21,2026-07-18,0001225208-26-006697,https://www.sec.gov/Archives/edgar/data/898293/000122520826006697/doc4.xml,nonDerivative,2026-07-18,F,Common Stock,272.0000,301.0100,81874.72,16987.0000,D,Renno Rafael,"Officer, SVP, Global Business Units",,1,,"SVP, Global Business Units",SEC EDGAR
HSY|0000047111-26-000226|nonDerivative|2026-07-20|Voskuil Steven E|S|Common Stock|1500|170.00|D,2026-07-27 03:57:10+0000,HSY,HERSHEY CO,0000047111,4,2026-07-21,2026-07-20,0000047111-26-000226,https://www.sec.gov/Archives/edgar/data/47111/000004711126000226/form4.xml,nonDerivative,2026-07-20,S,Common Stock,1500,170.00,255000.0,53195,D,Voskuil Steven E,"Officer, SVP, Chief Financial Officer",,1,,"SVP, Chief Financial Officer",SEC EDGAR
"GOOGL|0001168404-26-000031|nonDerivative|2026-07-17|GV 2019 GP, L.L.C.|J|Class A Common Stock|20534|0|I",2026-07-27 03:57:10+0000,GOOGL,Alphabet Inc.,0001652044,4,2026-07-21,2026-07-17,0001168404-26-000031,https://www.sec.gov/Archives/edgar/data/1652044/000116840426000031/form4-07212026_090748.xml,nonDerivative,2026-07-17,J,Class A Common Stock,20534,0,0.0,2936076,I,"GV 2019 GP, L.L.C.",,false,false,true,,SEC EDGAR
"GOOGL|0001168404-26-000031|nonDerivative|2026-07-17|GV 2019 GP, L.L.C.|S|Class A Common Stock|20534|18.6819|I",2026-07-27 03:57:10+0000,GOOGL,Alphabet Inc.,0001652044,4,2026-07-21,2026-07-17,0001168404-26-000031,https://www.sec.gov/Archives/edgar/data/1652044/000116840426000031/form4-07212026_090748.xml,nonDerivative,2026-07-17,S,Class A Common Stock,20534,18.6819,383614.1346,0,I,"GV 2019 GP, L.L.C.",,false,false,true,,SEC EDGAR
"GOOGL|0001168404-26-000031|nonDerivative|2026-07-20|GV 2019 GP, L.L.C.|J|Class A Common Stock|18386|0|I",2026-07-27 03:57:10+0000,GOOGL,Alphabet Inc.,0001652044,4,2026-07-21,2026-07-17,0001168404-26-000031,https://www.sec.gov/Archives/edgar/data/1652044/000116840426000031/form4-07212026_090748.xml,nonDerivative,2026-07-20,J,Class A Common Stock,18386,0,0.0,2917690,I,"GV 2019 GP, L.L.C.",,false,false,true,,SEC EDGAR
"GOOGL|0001168404-26-000031|nonDerivative|2026-07-20|GV 2019 GP, L.L.C.|S|Class A Common Stock|18386|18.8654|I",2026-07-27 03:57:10+0000,GOOGL,Alphabet Inc.,0001652044,4,2026-07-21,2026-07-17,0001168404-26-000031,https://www.sec.gov/Archives/edgar/data/1652044/000116840426000031/form4-07212026_090748.xml,nonDerivative,2026-07-20,S,Class A Common Stock,18386,18.8654,346859.2444,0,I,"GV 2019 GP, L.L.C.",,false,false,true,,SEC EDGAR
"GOOG|0001168404-26-000031|nonDerivative|2026-07-17|GV 2019 GP, L.L.C.|J|Class A Common Stock|20534|0|I",2026-07-27 03:57:10+0000,GOOG,Alphabet Inc.,0001652044,4,2026-07-21,2026-07-17,0001168404-26-000031,https://www.sec.gov/Archives/edgar/data/1652044/000116840426000031/form4-07212026_090748.xml,nonDerivative,2026-07-17,J,Class A Common Stock,20534,0,0.0,2936076,I,"GV 2019 GP, L.L.C.",,false,false,true,,SEC EDGAR
"GOOG|0001168404-26-000031|nonDerivative|2026-07-17|GV 2019 GP, L.L.C.|S|Class A Common Stock|20534|18.6819|I",2026-07-27 03:57:10+0000,GOOG,Alphabet Inc.,0001652044,4,2026-07-21,2026-07-17,0001168404-26-000031,https://www.sec.gov/Archives/edgar/data/1652044/000116840426000031/form4-07212026_090748.xml,nonDerivative,2026-07-17,S,Class A Common Stock,20534,18.6819,383614.1346,0,I,"GV 2019 GP, L.L.C.",,false,false,true,,SEC EDGAR
"GOOG|0001168404-26-000031|nonDerivative|2026-07-20|GV 2019 GP, L.L.C.|J|Class A Common Stock|18386|0|I",2026-07-27 03:57:10+0000,GOOG,Alphabet Inc.,0001652044,4,2026-07-21,2026-07-17,0001168404-26-000031,https://www.sec.gov/Archives/edgar/data/1652044/000116840426000031/form4-07212026_090748.xml,nonDerivative,2026-07-20,J,Class A Common Stock,18386,0,0.0,2917690,I,"GV 2019 GP, L.L.C.",,false,false,true,,SEC EDGAR
"GOOG|0001168404-26-000031|nonDerivative|2026-07-20|GV 2019 GP, L.L.C.|S|Class A Common Stock|18386|18.8654|I",2026-07-27 03:57:10+0000,GOOG,Alphabet Inc.,0001652044,4,2026-07-21,2026-07-17,0001168404-26-000031,https://www.sec.gov/Archives/edgar/data/1652044/000116840426000031/form4-07212026_090748.xml,nonDerivative,2026-07-20,S,Class A Common Stock,18386,18.8654,346859.2444,0,I,"GV 2019 GP, L.L.C.",,false,false,true,,SEC EDGAR
FITB|0000035527-26-000195|nonDerivative|2026-07-20|Leonard James C.|M|Common Stock|8772|26.52|D,2026-07-27 03:57:10+0000,FITB,FIFTH THIRD BANCORP,0000035527,4,2026-07-21,2026-07-20,0000035527-26-000195,https://www.sec.gov/Archives/edgar/data/35527/000003552726000195/wk-form4_1784668602.xml,nonDerivative,2026-07-20,M,Common Stock,8772,26.52,232633.44,296789,D,Leonard James C.,"Officer, EVP & Chief Operating Officer",0,1,0,EVP & Chief Operating Officer,SEC EDGAR
FITB|0000035527-26-000195|nonDerivative|2026-07-20|Leonard James C.|F|Common Stock|6041|57.40|D,2026-07-27 03:57:10+0000,FITB,FIFTH THIRD BANCORP,0000035527,4,2026-07-21,2026-07-20,0000035527-26-000195,https://www.sec.gov/Archives/edgar/data/35527/000003552726000195/wk-form4_1784668602.xml,nonDerivative,2026-07-20,F,Common Stock,6041,57.40,346753.39999999997,290748,D,Leonard James C.,"Officer, EVP & Chief Operating Officer",0,1,0,EVP & Chief Operating Officer,SEC EDGAR
FITB|0000035527-26-000195|nonDerivative|2026-07-20|Leonard James C.|M|Common Stock|4965|33.17|D,2026-07-27 03:57:10+0000,FITB,FIFTH THIRD BANCORP,0000035527,4,2026-07-21,2026-07-20,0000035527-26-000195,https://www.sec.gov/Archives/edgar/data/35527/000003552726000195/wk-form4_1784668602.xml,nonDerivative,2026-07-20,M,Common Stock,4965,33.17,164689.05000000002,295713,D,Leonard James C.,"Officer, EVP & Chief Operating Officer",0,1,0,EVP & Chief Operating Officer,SEC EDGAR
FITB|0000035527-26-000195|nonDerivative|2026-07-20|Leonard James C.|F|Common Stock|3753|57.40|D,2026-07-27 03:57:10+0000,FITB,FIFTH THIRD BANCORP,0000035527,4,2026-07-21,2026-07-20,0000035527-26-000195,https://www.sec.gov/Archives/edgar/data/35527/000003552726000195/wk-form4_1784668602.xml,nonDerivative,2026-07-20,F,Common Stock,3753,57.40,215422.19999999998,291960,D,Leonard James C.,"Officer, EVP & Chief Operating Officer",0,1,0,EVP & Chief Operating Officer,SEC EDGAR
FITB|0000035527-26-000195|nonDerivative|2026-07-20|Leonard James C.|M|Common Stock|9654|26.72|D,2026-07-27 03:57:10+0000,FITB,FIFTH THIRD BANCORP,0000035527,4,2026-07-21,2026-07-20,0000035527-26-000195,https://www.sec.gov/Archives/edgar/data/35527/000003552726000195/wk-form4_1784668602.xml,nonDerivative,2026-07-20,M,Common Stock,9654,26.72,257954.87999999998,301614,D,Leonard James C.,"Officer, EVP & Chief Operating Officer",0,1,0,EVP & Chief Operating Officer,SEC EDGAR
FITB|0000035527-26-000195|nonDerivative|2026-07-20|Leonard James C.|F|Common Stock|6667|57.40|D,2026-07-27 03:57:10+0000,FITB,FIFTH THIRD BANCORP,0000035527,4,2026-07-21,2026-07-20,0000035527-26-000195,https://www.sec.gov/Archives/edgar/data/35527/000003552726000195/wk-form4_1784668602.xml,nonDerivative,2026-07-20,F,Common Stock,6667,57.40,382685.8,294947,D,Leonard James C.,"Officer, EVP & Chief Operating Officer",0,1,0,EVP & Chief Operating Officer,SEC EDGAR
FITB|0000035527-26-000195|nonDerivative|2026-07-20|Leonard James C.|M|Common Stock|8248|29.64|D,2026-07-27 03:57:10+0000,FITB,FIFTH THIRD BANCORP,0000035527,4,2026-07-21,2026-07-20,0000035527-26-000195,https://www.sec.gov/Archives/edgar/data/35527/000003552726000195/wk-form4_1784668602.xml,nonDerivative,2026-07-20,M,Common Stock,8248,29.64,244470.72,303195,D,Leonard James C.,"Officer, EVP & Chief Operating Officer",0,1,0,EVP & Chief Operating Officer,SEC EDGAR
FITB|0000035527-26-000195|nonDerivative|2026-07-20|Leonard James C.|F|Common Stock|5939|57.40|D,2026-07-27 03:57:10+0000,FITB,FIFTH THIRD BANCORP,0000035527,4,2026-07-21,2026-07-20,0000035527-26-000195,https://www.sec.gov/Archives/edgar/data/35527/000003552726000195/wk-form4_1784668602.xml,nonDerivative,2026-07-20,F,Common Stock,5939,57.40,340898.6,297256,D,Leonard James C.,"Officer, EVP & Chief Operating Officer",0,1,0,EVP & Chief Operating Officer,SEC EDGAR
FITB|0000035527-26-000195|derivative|2026-07-20|Leonard James C.|M|Stock Appreciation Rights|8772|0|D,2026-07-27 03:57:10+0000,FITB,FIFTH THIRD BANCORP,0000035527,4,2026-07-21,2026-07-20,0000035527-26-000195,https://www.sec.gov/Archives/edgar/data/35527/000003552726000195/wk-form4_1784668602.xml,derivative,2026-07-20,M,Stock Appreciation Rights,8772,0,0.0,0,D,Leonard James C.,"Officer, EVP & Chief Operating Officer",0,1,0,EVP & Chief Operating Officer,SEC EDGAR
FITB|0000035527-26-000195|derivative|2026-07-20|Leonard James C.|M|Stock Appreciation Rights|4965|0|D,2026-07-27 03:57:10+0000,FITB,FIFTH THIRD BANCORP,0000035527,4,2026-07-21,2026-07-20,0000035527-26-000195,https://www.sec.gov/Archives/edgar/data/35527/000003552726000195/wk-form4_1784668602.xml,derivative,2026-07-20,M,Stock Appreciation Rights,4965,0,0.0,0,D,Leonard James C.,"Officer, EVP & Chief Operating Officer",0,1,0,EVP & Chief Operating Officer,SEC EDGAR
FITB|0000035527-26-000195|derivative|2026-07-20|Leonard James C.|M|Stock Appreciation Rights|9654|0|D,2026-07-27 03:57:10+0000,FITB,FIFTH THIRD BANCORP,0000035527,4,2026-07-21,2026-07-20,0000035527-26-000195,https://www.sec.gov/Archives/edgar/data/35527/000003552726000195/wk-form4_1784668602.xml,derivative,2026-07-20,M,Stock Appreciation Rights,9654,0,0.0,0,D,Leonard James C.,"Officer, EVP & Chief Operating Officer",0,1,0,EVP & Chief Operating Officer,SEC EDGAR
FITB|0000035527-26-000195|derivative|2026-07-20|Leonard James C.|M|Stock Appreciation Right|8248|0|D,2026-07-27 03:57:10+0000,FITB,FIFTH THIRD BANCORP,0000035527,4,2026-07-21,2026-07-20,0000035527-26-000195,https://www.sec.gov/Archives/edgar/data/35527/000003552726000195/wk-form4_1784668602.xml,derivative,2026-07-20,M,Stock Appreciation Right,8248,0,0.0,0,D,Leonard James C.,"Officer, EVP & Chief Operating Officer",0,1,0,EVP & Chief Operating Officer,SEC EDGAR
DXCM|0001093557-26-000137|nonDerivative|2026-07-20|SAYER KEVIN R|S|Common Stock|26756|76.3193|D,2026-07-27 03:57:10+0000,DXCM,DEXCOM INC,0001093557,4,2026-07-21,2026-07-20,0001093557-26-000137,https://www.sec.gov/Archives/edgar/data/1093557/000109355726000137/wk-form4_1784667520.xml,nonDerivative,2026-07-20,S,Common Stock,26756,76.3193,2041999.1908,328970,D,SAYER KEVIN R,"Director, Officer, Executive Chair",1,1,0,Executive Chair,SEC EDGAR
"DPZ|0001622458-26-000009|nonDerivative|2026-07-17|WEINER RUSSELL J|M|Common Stock, $0.01 par value|10850|136.89|D",2026-07-27 03:57:10+0000,DPZ,DOMINOS PIZZA INC,0001286681,4,2026-07-21,2026-07-17,0001622458-26-000009,https://www.sec.gov/Archives/edgar/data/1286681/000162245826000009/ownership.xml,nonDerivative,2026-07-17,M,"Common Stock, $0.01 par value",10850,136.89,1485256.4999999998,54678.742,D,WEINER RUSSELL J,Chief Executive Officer,true,true,false,Chief Executive Officer,SEC EDGAR
"DPZ|0001622458-26-000009|nonDerivative|2026-07-17|WEINER RUSSELL J|S|Common Stock, $0.01 par value|10850|330.83|D",2026-07-27 03:57:10+0000,DPZ,DOMINOS PIZZA INC,0001286681,4,2026-07-21,2026-07-17,0001622458-26-000009,https://www.sec.gov/Archives/edgar/data/1286681/000162245826000009/ownership.xml,nonDerivative,2026-07-17,S,"Common Stock, $0.01 par value",10850,330.83,3589505.5,43828.742,D,WEINER RUSSELL J,Chief Executive Officer,true,true,false,Chief Executive Officer,SEC EDGAR
DPZ|0001622458-26-000009|derivative|2026-07-17|WEINER RUSSELL J|M|Option to Purchase Common Stock|10850|0|D,2026-07-27 03:57:10+0000,DPZ,DOMINOS PIZZA INC,0001286681,4,2026-07-21,2026-07-17,0001622458-26-000009,https://www.sec.gov/Archives/edgar/data/1286681/000162245826000009/ownership.xml,derivative,2026-07-17,M,Option to Purchase Common Stock,10850,0,0.0,0,D,WEINER RUSSELL J,Chief Executive Officer,true,true,false,Chief Executive Officer,SEC EDGAR
CRWD|0001778564-26-000123|nonDerivative|2026-07-17|Kurtz George|S|Class A common stock|80|199.99|D,2026-07-27 03:57:10+0000,CRWD,"CrowdStrike Holdings, Inc.",0001535527,4,2026-07-21,2026-07-17,0001778564-26-000123,https://www.sec.gov/Archives/edgar/data/1535527/000177856426000123/form4-07212026_080701.xml,nonDerivative,2026-07-17,S,Class A common stock,80,199.99,15999.2,8193464,D,Kurtz George,PRESIDENT AND CEO,true,true,false,PRESIDENT AND CEO,SEC EDGAR
CRWD|0001778564-26-000123|nonDerivative|2026-07-17|Kurtz George|S|Class A common stock|920|201.99|D,2026-07-27 03:57:10+0000,CRWD,"CrowdStrike Holdings, Inc.",0001535527,4,2026-07-21,2026-07-17,0001778564-26-000123,https://www.sec.gov/Archives/edgar/data/1535527/000177856426000123/form4-07212026_080701.xml,nonDerivative,2026-07-17,S,Class A common stock,920,201.99,185830.80000000002,8192544,D,Kurtz George,PRESIDENT AND CEO,true,true,false,PRESIDENT AND CEO,SEC EDGAR
CRWD|0001778564-26-000123|nonDerivative|2026-07-17|Kurtz George|S|Class A common stock|1360|203.18|D,2026-07-27 03:57:10+0000,CRWD,"CrowdStrike Holdings, Inc.",0001535527,4,2026-07-21,2026-07-17,0001778564-26-000123,https://www.sec.gov/Archives/edgar/data/1535527/000177856426000123/form4-07212026_080701.xml,nonDerivative,2026-07-17,S,Class A common stock,1360,203.18,276324.8,8191184,D,Kurtz George,PRESIDENT AND CEO,true,true,false,PRESIDENT AND CEO,SEC EDGAR
CRWD|0001778564-26-000123|nonDerivative|2026-07-17|Kurtz George|S|Class A common stock|1000|204.07|D,2026-07-27 03:57:10+0000,CRWD,"CrowdStrike Holdings, Inc.",0001535527,4,2026-07-21,2026-07-17,0001778564-26-000123,https://www.sec.gov/Archives/edgar/data/1535527/000177856426000123/form4-07212026_080701.xml,nonDerivative,2026-07-17,S,Class A common stock,1000,204.07,204070.0,8190184,D,Kurtz George,PRESIDENT AND CEO,true,true,false,PRESIDENT AND CEO,SEC EDGAR
CRWD|0001778564-26-000123|nonDerivative|2026-07-17|Kurtz George|S|Class A common stock|1999|205.07|D,2026-07-27 03:57:10+0000,CRWD,"CrowdStrike Holdings, Inc.",0001535527,4,2026-07-21,2026-07-17,0001778564-26-000123,https://www.sec.gov/Archives/edgar/data/1535527/000177856426000123/form4-07212026_080701.xml,nonDerivative,2026-07-17,S,Class A common stock,1999,205.07,409934.93,8188185,D,Kurtz George,PRESIDENT AND CEO,true,true,false,PRESIDENT AND CEO,SEC EDGAR
CRWD|0001778564-26-000123|nonDerivative|2026-07-17|Kurtz George|S|Class A common stock|2321|205.98|D,2026-07-27 03:57:10+0000,CRWD,"CrowdStrike Holdings, Inc.",0001535527,4,2026-07-21,2026-07-17,0001778564-26-000123,https://www.sec.gov/Archives/edgar/data/1535527/000177856426000123/form4-07212026_080701.xml,nonDerivative,2026-07-17,S,Class A common stock,2321,205.98,478079.57999999996,8185864,D,Kurtz George,PRESIDENT AND CEO,true,true,false,PRESIDENT AND CEO,SEC EDGAR
CRWD|0001778564-26-000123|nonDerivative|2026-07-17|Kurtz George|S|Class A common stock|1242|207.05|D,2026-07-27 03:57:10+0000,CRWD,"CrowdStrike Holdings, Inc.",0001535527,4,2026-07-21,2026-07-17,0001778564-26-000123,https://www.sec.gov/Archives/edgar/data/1535527/000177856426000123/form4-07212026_080701.xml,nonDerivative,2026-07-17,S,Class A common stock,1242,207.05,257156.1,8184622,D,Kurtz George,PRESIDENT AND CEO,true,true,false,PRESIDENT AND CEO,SEC EDGAR
CRWD|0001778564-26-000123|nonDerivative|2026-07-17|Kurtz George|S|Class A common stock|798|207.85|D,2026-07-27 03:57:10+0000,CRWD,"CrowdStrike Holdings, Inc.",0001535527,4,2026-07-21,2026-07-17,0001778564-26-000123,https://www.sec.gov/Archives/edgar/data/1535527/000177856426000123/form4-07212026_080701.xml,nonDerivative,2026-07-17,S,Class A common stock,798,207.85,165864.3,8183824,D,Kurtz George,PRESIDENT AND CEO,true,true,false,PRESIDENT AND CEO,SEC EDGAR
CRWD|0001778564-26-000123|nonDerivative|2026-07-17|Kurtz George|S|Class A common stock|280|208.83|D,2026-07-27 03:57:10+0000,CRWD,"CrowdStrike Holdings, Inc.",0001535527,4,2026-07-21,2026-07-17,0001778564-26-000123,https://www.sec.gov/Archives/edgar/data/1535527/000177856426000123/form4-07212026_080701.xml,nonDerivative,2026-07-17,S,Class A common stock,280,208.83,58472.4,8183544,D,Kurtz George,PRESIDENT AND CEO,true,true,false,PRESIDENT AND CEO,SEC EDGAR
CRWD|0001778564-26-000123|nonDerivative|2026-07-20|Kurtz George|S|Class A common stock|960|198.18|D,2026-07-27 03:57:10+0000,CRWD,"CrowdStrike Holdings, Inc.",0001535527,4,2026-07-21,2026-07-17,0001778564-26-000123,https://www.sec.gov/Archives/edgar/data/1535527/000177856426000123/form4-07212026_080701.xml,nonDerivative,2026-07-20,S,Class A common stock,960,198.18,190252.80000000002,8182584,D,Kurtz George,PRESIDENT AND CEO,true,true,false,PRESIDENT AND CEO,SEC EDGAR
CRWD|0001778564-26-000123|nonDerivative|2026-07-20|Kurtz George|S|Class A common stock|120|199.80|D,2026-07-27 03:57:10+0000,CRWD,"CrowdStrike Holdings, Inc.",0001535527,4,2026-07-21,2026-07-17,0001778564-26-000123,https://www.sec.gov/Archives/edgar/data/1535527/000177856426000123/form4-07212026_080701.xml,nonDerivative,2026-07-20,S,Class A common stock,120,199.80,23976.0,8182464,D,Kurtz George,PRESIDENT AND CEO,true,true,false,PRESIDENT AND CEO,SEC EDGAR
CRWD|0001778564-26-000123|nonDerivative|2026-07-20|Kurtz George|S|Class A common stock|280|200.69|D,2026-07-27 03:57:10+0000,CRWD,"CrowdStrike Holdings, Inc.",0001535527,4,2026-07-21,2026-07-17,0001778564-26-000123,https://www.sec.gov/Archives/edgar/data/1535527/000177856426000123/form4-07212026_080701.xml,nonDerivative,2026-07-20,S,Class A common stock,280,200.69,56193.2,8182184,D,Kurtz George,PRESIDENT AND CEO,true,true,false,PRESIDENT AND CEO,SEC EDGAR
CRWD|0001778564-26-000123|nonDerivative|2026-07-20|Kurtz George|S|Class A common stock|800|201.94|D,2026-07-27 03:57:10+0000,CRWD,"CrowdStrike Holdings, Inc.",0001535527,4,2026-07-21,2026-07-17,0001778564-26-000123,https://www.sec.gov/Archives/edgar/data/1535527/000177856426000123/form4-07212026_080701.xml,nonDerivative,2026-07-20,S,Class A common stock,800,201.94,161552.0,8181384,D,Kurtz George,PRESIDENT AND CEO,true,true,false,PRESIDENT AND CEO,SEC EDGAR
CRWD|0001778564-26-000123|nonDerivative|2026-07-20|Kurtz George|S|Class A common stock|1825|202.75|D,2026-07-27 03:57:10+0000,CRWD,"CrowdStrike Holdings, Inc.",0001535527,4,2026-07-21,2026-07-17,0001778564-26-000123,https://www.sec.gov/Archives/edgar/data/1535527/000177856426000123/form4-07212026_080701.xml,nonDerivative,2026-07-20,S,Class A common stock,1825,202.75,370018.75,8179559,D,Kurtz George,PRESIDENT AND CEO,true,true,false,PRESIDENT AND CEO,SEC EDGAR
CRWD|0001778564-26-000123|nonDerivative|2026-07-20|Kurtz George|S|Class A common stock|2499|203.79|D,2026-07-27 03:57:10+0000,CRWD,"CrowdStrike Holdings, Inc.",0001535527,4,2026-07-21,2026-07-17,0001778564-26-000123,https://www.sec.gov/Archives/edgar/data/1535527/000177856426000123/form4-07212026_080701.xml,nonDerivative,2026-07-20,S,Class A common stock,2499,203.79,509271.20999999996,8177060,D,Kurtz George,PRESIDENT AND CEO,true,true,false,PRESIDENT AND CEO,SEC EDGAR
CRWD|0001778564-26-000123|nonDerivative|2026-07-20|Kurtz George|S|Class A common stock|1916|204.60|D,2026-07-27 03:57:10+0000,CRWD,"CrowdStrike Holdings, Inc.",0001535527,4,2026-07-21,2026-07-17,0001778564-26-000123,https://www.sec.gov/Archives/edgar/data/1535527/000177856426000123/form4-07212026_080701.xml,nonDerivative,2026-07-20,S,Class A common stock,1916,204.60,392013.6,8175144,D,Kurtz George,PRESIDENT AND CEO,true,true,false,PRESIDENT AND CEO,SEC EDGAR
CRWD|0001778564-26-000123|nonDerivative|2026-07-20|Kurtz George|S|Class A common stock|800|205.78|D,2026-07-27 03:57:10+0000,CRWD,"CrowdStrike Holdings, Inc.",0001535527,4,2026-07-21,2026-07-17,0001778564-26-000123,https://www.sec.gov/Archives/edgar/data/1535527/000177856426000123/form4-07212026_080701.xml,nonDerivative,2026-07-20,S,Class A common stock,800,205.78,164624.0,8174344,D,Kurtz George,PRESIDENT AND CEO,true,true,false,PRESIDENT AND CEO,SEC EDGAR
CRWD|0001778564-26-000123|nonDerivative|2026-07-20|Kurtz George|S|Class A common stock|680|206.87|D,2026-07-27 03:57:10+0000,CRWD,"CrowdStrike Holdings, Inc.",0001535527,4,2026-07-21,2026-07-17,0001778564-26-000123,https://www.sec.gov/Archives/edgar/data/1535527/000177856426000123/form4-07212026_080701.xml,nonDerivative,2026-07-20,S,Class A common stock,680,206.87,140671.6,8173664,D,Kurtz George,PRESIDENT AND CEO,true,true,false,PRESIDENT AND CEO,SEC EDGAR
CRWD|0001778564-26-000123|nonDerivative|2026-07-20|Kurtz George|S|Class A common stock|120|207.77|D,2026-07-27 03:57:10+0000,CRWD,"CrowdStrike Holdings, Inc.",0001535527,4,2026-07-21,2026-07-17,0001778564-26-000123,https://www.sec.gov/Archives/edgar/data/1535527/000177856426000123/form4-07212026_080701.xml,nonDerivative,2026-07-20,S,Class A common stock,120,207.77,24932.4,8173544,D,Kurtz George,PRESIDENT AND CEO,true,true,false,PRESIDENT AND CEO,SEC EDGAR
CAG|0001785802-26-000002|nonDerivative|2026-07-17|O'Mara Noelle|M|Common Stock|12007|0|D,2026-07-27 03:57:10+0000,CAG,CONAGRA BRANDS INC.,0000023217,4,2026-07-21,2026-07-17,0001785802-26-000002,https://www.sec.gov/Archives/edgar/data/23217/000178580226000002/form4-07212026_100757.xml,nonDerivative,2026-07-17,M,Common Stock,12007,0,0.0,37727,D,O'Mara Noelle,"EVP & President, R & F",false,true,false,"EVP & President, R & F",SEC EDGAR
CAG|0001785802-26-000002|nonDerivative|2026-07-17|O'Mara Noelle|F|Common Stock|5320|14.28|D,2026-07-27 03:57:10+0000,CAG,CONAGRA BRANDS INC.,0000023217,4,2026-07-21,2026-07-17,0001785802-26-000002,https://www.sec.gov/Archives/edgar/data/23217/000178580226000002/form4-07212026_100757.xml,nonDerivative,2026-07-17,F,Common Stock,5320,14.28,75969.59999999999,32407,D,O'Mara Noelle,"EVP & President, R & F",false,true,false,"EVP & President, R & F",SEC EDGAR
CAG|0001785802-26-000002|derivative|2026-07-17|O'Mara Noelle|M|Restricted Stock Units|12007|0|D,2026-07-27 03:57:10+0000,CAG,CONAGRA BRANDS INC.,0000023217,4,2026-07-21,2026-07-17,0001785802-26-000002,https://www.sec.gov/Archives/edgar/data/23217/000178580226000002/form4-07212026_100757.xml,derivative,2026-07-17,M,Restricted Stock Units,12007,0,0.0,24015,D,O'Mara Noelle,"EVP & President, R & F",false,true,false,"EVP & President, R & F",SEC EDGAR
CAG|0002093210-26-000002|nonDerivative|2026-07-17|Napier Melissa C.|M|Common Stock|3940|0|D,2026-07-27 03:57:10+0000,CAG,CONAGRA BRANDS INC.,0000023217,4,2026-07-21,2026-07-17,0002093210-26-000002,https://www.sec.gov/Archives/edgar/data/23217/000209321026000002/form4-07212026_100752.xml,nonDerivative,2026-07-17,M,Common Stock,3940,0,0.0,3940,D,Napier Melissa C.,"SVP, Corporate Controller",false,true,false,"SVP, Corporate Controller",SEC EDGAR
CAG|0002093210-26-000002|nonDerivative|2026-07-17|Napier Melissa C.|F|Common Stock|1746|14.28|D,2026-07-27 03:57:10+0000,CAG,CONAGRA BRANDS INC.,0000023217,4,2026-07-21,2026-07-17,0002093210-26-000002,https://www.sec.gov/Archives/edgar/data/23217/000209321026000002/form4-07212026_100752.xml,nonDerivative,2026-07-17,F,Common Stock,1746,14.28,24932.879999999997,2194,D,Napier Melissa C.,"SVP, Corporate Controller",false,true,false,"SVP, Corporate Controller",SEC EDGAR
CAG|0002093210-26-000002|nonDerivative|2026-07-19|Napier Melissa C.|M|Common Stock|2388|0|D,2026-07-27 03:57:10+0000,CAG,CONAGRA BRANDS INC.,0000023217,4,2026-07-21,2026-07-17,0002093210-26-000002,https://www.sec.gov/Archives/edgar/data/23217/000209321026000002/form4-07212026_100752.xml,nonDerivative,2026-07-19,M,Common Stock,2388,0,0.0,4582,D,Napier Melissa C.,"SVP, Corporate Controller",false,true,false,"SVP, Corporate Controller",SEC EDGAR
CAG|0002093210-26-000002|nonDerivative|2026-07-19|Napier Melissa C.|F|Common Stock|1185|14.28|D,2026-07-27 03:57:10+0000,CAG,CONAGRA BRANDS INC.,0000023217,4,2026-07-21,2026-07-17,0002093210-26-000002,https://www.sec.gov/Archives/edgar/data/23217/000209321026000002/form4-07212026_100752.xml,nonDerivative,2026-07-19,F,Common Stock,1185,14.28,16921.8,3397,D,Napier Melissa C.,"SVP, Corporate Controller",false,true,false,"SVP, Corporate Controller",SEC EDGAR
CAG|0002093210-26-000002|derivative|2026-07-17|Napier Melissa C.|M|Restricted Stock Units|3940|0|D,2026-07-27 03:57:10+0000,CAG,CONAGRA BRANDS INC.,0000023217,4,2026-07-21,2026-07-17,0002093210-26-000002,https://www.sec.gov/Archives/edgar/data/23217/000209321026000002/form4-07212026_100752.xml,derivative,2026-07-17,M,Restricted Stock Units,3940,0,0.0,7880,D,Napier Melissa C.,"SVP, Corporate Controller",false,true,false,"SVP, Corporate Controller",SEC EDGAR
CAG|0002093210-26-000002|derivative|2026-07-19|Napier Melissa C.|M|Restricted Stock Units|2388|0|D,2026-07-27 03:57:10+0000,CAG,CONAGRA BRANDS INC.,0000023217,4,2026-07-21,2026-07-17,0002093210-26-000002,https://www.sec.gov/Archives/edgar/data/23217/000209321026000002/form4-07212026_100752.xml,derivative,2026-07-19,M,Restricted Stock Units,2388,0,0.0,0,D,Napier Melissa C.,"SVP, Corporate Controller",false,true,false,"SVP, Corporate Controller",SEC EDGAR
CAG|0001576059-26-000002|nonDerivative|2026-07-17|McGough Thomas M|M|Common Stock|16676|0|D,2026-07-27 03:57:10+0000,CAG,CONAGRA BRANDS INC.,0000023217,4,2026-07-21,2026-07-17,0001576059-26-000002,https://www.sec.gov/Archives/edgar/data/23217/000157605926000002/form4-07212026_100708.xml,nonDerivative,2026-07-17,M,Common Stock,16676,0,0.0,247827.67,D,McGough Thomas M,EVP & COO,false,true,false,EVP & COO,SEC EDGAR
CAG|0001576059-26-000002|nonDerivative|2026-07-17|McGough Thomas M|F|Common Stock|4887|14.28|D,2026-07-27 03:57:10+0000,CAG,CONAGRA BRANDS INC.,0000023217,4,2026-07-21,2026-07-17,0001576059-26-000002,https://www.sec.gov/Archives/edgar/data/23217/000157605926000002/form4-07212026_100708.xml,nonDerivative,2026-07-17,F,Common Stock,4887,14.28,69786.36,242940.67,D,McGough Thomas M,EVP & COO,false,true,false,EVP & COO,SEC EDGAR
CAG|0001576059-26-000002|nonDerivative|2026-07-19|McGough Thomas M|M|Common Stock|10106|0|D,2026-07-27 03:57:10+0000,CAG,CONAGRA BRANDS INC.,0000023217,4,2026-07-21,2026-07-17,0001576059-26-000002,https://www.sec.gov/Archives/edgar/data/23217/000157605926000002/form4-07212026_100708.xml,nonDerivative,2026-07-19,M,Common Stock,10106,0,0.0,253046.67,D,McGough Thomas M,EVP & COO,false,true,false,EVP & COO,SEC EDGAR
CAG|0001576059-26-000002|nonDerivative|2026-07-19|McGough Thomas M|F|Common Stock|2962|14.28|D,2026-07-27 03:57:10+0000,CAG,CONAGRA BRANDS INC.,0000023217,4,2026-07-21,2026-07-17,0001576059-26-000002,https://www.sec.gov/Archives/edgar/data/23217/000157605926000002/form4-07212026_100708.xml,nonDerivative,2026-07-19,F,Common Stock,2962,14.28,42297.36,250084.67,D,McGough Thomas M,EVP & COO,false,true,false,EVP & COO,SEC EDGAR
CAG|0001576059-26-000002|derivative|2026-07-17|McGough Thomas M|M|Restricted Stock Units|16676|0|D,2026-07-27 03:57:10+0000,CAG,CONAGRA BRANDS INC.,0000023217,4,2026-07-21,2026-07-17,0001576059-26-000002,https://www.sec.gov/Archives/edgar/data/23217/000157605926000002/form4-07212026_100708.xml,derivative,2026-07-17,M,Restricted Stock Units,16676,0,0.0,33354,D,McGough Thomas M,EVP & COO,false,true,false,EVP & COO,SEC EDGAR
CAG|0001576059-26-000002|derivative|2026-07-19|McGough Thomas M|M|Restricted Stock Units|10106|0|D,2026-07-27 03:57:10+0000,CAG,CONAGRA BRANDS INC.,0000023217,4,2026-07-21,2026-07-17,0001576059-26-000002,https://www.sec.gov/Archives/edgar/data/23217/000157605926000002/form4-07212026_100708.xml,derivative,2026-07-19,M,Restricted Stock Units,10106,0,0.0,0,D,McGough Thomas M,EVP & COO,false,true,false,EVP & COO,SEC EDGAR
CAG|0001235321-26-000002|nonDerivative|2026-07-17|MARBERGER DAVID S|M|Common Stock|16676|0|D,2026-07-27 03:57:10+0000,CAG,CONAGRA BRANDS INC.,0000023217,4,2026-07-21,2026-07-17,0001235321-26-000002,https://www.sec.gov/Archives/edgar/data/23217/000123532126000002/form4-07212026_100728.xml,nonDerivative,2026-07-17,M,Common Stock,16676,0,0.0,316077,D,MARBERGER DAVID S,EVP and CFO,false,true,false,EVP and CFO,SEC EDGAR
CAG|0001235321-26-000002|nonDerivative|2026-07-17|MARBERGER DAVID S|F|Common Stock|7388|14.28|D,2026-07-27 03:57:10+0000,CAG,CONAGRA BRANDS INC.,0000023217,4,2026-07-21,2026-07-17,0001235321-26-000002,https://www.sec.gov/Archives/edgar/data/23217/000123532126000002/form4-07212026_100728.xml,nonDerivative,2026-07-17,F,Common Stock,7388,14.28,105500.64,308689,D,MARBERGER DAVID S,EVP and CFO,false,true,false,EVP and CFO,SEC EDGAR
CAG|0001235321-26-000002|nonDerivative|2026-07-19|MARBERGER DAVID S|M|Common Stock|10106|0|D,2026-07-27 03:57:10+0000,CAG,CONAGRA BRANDS INC.,0000023217,4,2026-07-21,2026-07-17,0001235321-26-000002,https://www.sec.gov/Archives/edgar/data/23217/000123532126000002/form4-07212026_100728.xml,nonDerivative,2026-07-19,M,Common Stock,10106,0,0.0,318795,D,MARBERGER DAVID S,EVP and CFO,false,true,false,EVP and CFO,SEC EDGAR
CAG|0001235321-26-000002|nonDerivative|2026-07-19|MARBERGER DAVID S|M|Common Stock|30316|0|D,2026-07-27 03:57:10+0000,CAG,CONAGRA BRANDS INC.,0000023217,4,2026-07-21,2026-07-17,0001235321-26-000002,https://www.sec.gov/Archives/edgar/data/23217/000123532126000002/form4-07212026_100728.xml,nonDerivative,2026-07-19,M,Common Stock,30316,0,0.0,349111,D,MARBERGER DAVID S,EVP and CFO,false,true,false,EVP and CFO,SEC EDGAR
CAG|0001235321-26-000002|nonDerivative|2026-07-19|MARBERGER DAVID S|F|Common Stock|17907|14.28|D,2026-07-27 03:57:10+0000,CAG,CONAGRA BRANDS INC.,0000023217,4,2026-07-21,2026-07-17,0001235321-26-000002,https://www.sec.gov/Archives/edgar/data/23217/000123532126000002/form4-07212026_100728.xml,nonDerivative,2026-07-19,F,Common Stock,17907,14.28,255711.96,331204,D,MARBERGER DAVID S,EVP and CFO,false,true,false,EVP and CFO,SEC EDGAR
CAG|0001235321-26-000002|derivative|2026-07-17|MARBERGER DAVID S|M|Restricted Stock Units|16676|0|D,2026-07-27 03:57:10+0000,CAG,CONAGRA BRANDS INC.,0000023217,4,2026-07-21,2026-07-17,0001235321-26-000002,https://www.sec.gov/Archives/edgar/data/23217/000123532126000002/form4-07212026_100728.xml,derivative,2026-07-17,M,Restricted Stock Units,16676,0,0.0,33354,D,MARBERGER DAVID S,EVP and CFO,false,true,false,EVP and CFO,SEC EDGAR
CAG|0001235321-26-000002|derivative|2026-07-19|MARBERGER DAVID S|M|Restricted Stock Units|10106|0|D,2026-07-27 03:57:10+0000,CAG,CONAGRA BRANDS INC.,0000023217,4,2026-07-21,2026-07-17,0001235321-26-000002,https://www.sec.gov/Archives/edgar/data/23217/000123532126000002/form4-07212026_100728.xml,derivative,2026-07-19,M,Restricted Stock Units,10106,0,0.0,0,D,MARBERGER DAVID S,EVP and CFO,false,true,false,EVP and CFO,SEC EDGAR
CAG|0001235321-26-000002|derivative|2026-07-19|MARBERGER DAVID S|M|Restricted Stock Units|30316|0|D,2026-07-27 03:57:10+0000,CAG,CONAGRA BRANDS INC.,0000023217,4,2026-07-21,2026-07-17,0001235321-26-000002,https://www.sec.gov/Archives/edgar/data/23217/000123532126000002/form4-07212026_100728.xml,derivative,2026-07-19,M,Restricted Stock Units,30316,0,0.0,0,D,MARBERGER DAVID S,EVP and CFO,false,true,false,EVP and CFO,SEC EDGAR
CAG|0001872274-26-000002|nonDerivative|2026-07-17|Eboli Alexandre|M|Common Stock|12007|0|D,2026-07-27 03:57:10+0000,CAG,CONAGRA BRANDS INC.,0000023217,4,2026-07-21,2026-07-17,0001872274-26-000002,https://www.sec.gov/Archives/edgar/data/23217/000187227426000002/form4-07212026_100748.xml,nonDerivative,2026-07-17,M,Common Stock,12007,0,0.0,68827,D,Eboli Alexandre,"EVP, Chief SC & Transformation",false,true,false,"EVP, Chief SC & Transformation",SEC EDGAR
CAG|0001872274-26-000002|nonDerivative|2026-07-17|Eboli Alexandre|F|Common Stock|5320|14.28|D,2026-07-27 03:57:10+0000,CAG,CONAGRA BRANDS INC.,0000023217,4,2026-07-21,2026-07-17,0001872274-26-000002,https://www.sec.gov/Archives/edgar/data/23217/000187227426000002/form4-07212026_100748.xml,nonDerivative,2026-07-17,F,Common Stock,5320,14.28,75969.59999999999,63507,D,Eboli Alexandre,"EVP, Chief SC & Transformation",false,true,false,"EVP, Chief SC & Transformation",SEC EDGAR
CAG|0001872274-26-000002|nonDerivative|2026-07-19|Eboli Alexandre|M|Common Stock|6468|0|D,2026-07-27 03:57:10+0000,CAG,CONAGRA BRANDS INC.,0000023217,4,2026-07-21,2026-07-17,0001872274-26-000002,https://www.sec.gov/Archives/edgar/data/23217/000187227426000002/form4-07212026_100748.xml,nonDerivative,2026-07-19,M,Common Stock,6468,0,0.0,69975,D,Eboli Alexandre,"EVP, Chief SC & Transformation",false,true,false,"EVP, Chief SC & Transformation",SEC EDGAR
CAG|0001872274-26-000002|nonDerivative|2026-07-19|Eboli Alexandre|F|Common Stock|2866|14.28|D,2026-07-27 03:57:10+0000,CAG,CONAGRA BRANDS INC.,0000023217,4,2026-07-21,2026-07-17,0001872274-26-000002,https://www.sec.gov/Archives/edgar/data/23217/000187227426000002/form4-07212026_100748.xml,nonDerivative,2026-07-19,F,Common Stock,2866,14.28,40926.479999999996,67109,D,Eboli Alexandre,"EVP, Chief SC & Transformation",false,true,false,"EVP, Chief SC & Transformation",SEC EDGAR
CAG|0001872274-26-000002|derivative|2026-07-17|Eboli Alexandre|M|Restricted Stock Units|12007|0|D,2026-07-27 03:57:10+0000,CAG,CONAGRA BRANDS INC.,0000023217,4,2026-07-21,2026-07-17,0001872274-26-000002,https://www.sec.gov/Archives/edgar/data/23217/000187227426000002/form4-07212026_100748.xml,derivative,2026-07-17,M,Restricted Stock Units,12007,0,0.0,24015,D,Eboli Alexandre,"EVP, Chief SC & Transformation",false,true,false,"EVP, Chief SC & Transformation",SEC EDGAR
CAG|0001872274-26-000002|derivative|2026-07-19|Eboli Alexandre|M|Restricted Stock Units|6468|0|D,2026-07-27 03:57:10+0000,CAG,CONAGRA BRANDS INC.,0000023217,4,2026-07-21,2026-07-17,0001872274-26-000002,https://www.sec.gov/Archives/edgar/data/23217/000187227426000002/form4-07212026_100748.xml,derivative,2026-07-19,M,Restricted Stock Units,6468,0,0.0,0,D,Eboli Alexandre,"EVP, Chief SC & Transformation",false,true,false,"EVP, Chief SC & Transformation",SEC EDGAR
CAG|0001657787-26-000002|nonDerivative|2026-07-17|Brock Charisse|M|Common Stock|8004|0|D,2026-07-27 03:57:10+0000,CAG,CONAGRA BRANDS INC.,0000023217,4,2026-07-21,2026-07-17,0001657787-26-000002,https://www.sec.gov/Archives/edgar/data/23217/000165778726000002/form4-07212026_100702.xml,nonDerivative,2026-07-17,M,Common Stock,8004,0,0.0,174299,D,Brock Charisse,"EVP, Chief HR Officer",false,true,false,"EVP, Chief HR Officer",SEC EDGAR
CAG|0001657787-26-000002|nonDerivative|2026-07-17|Brock Charisse|F|Common Stock|3546|14.28|D,2026-07-27 03:57:10+0000,CAG,CONAGRA BRANDS INC.,0000023217,4,2026-07-21,2026-07-17,0001657787-26-000002,https://www.sec.gov/Archives/edgar/data/23217/000165778726000002/form4-07212026_100702.xml,nonDerivative,2026-07-17,F,Common Stock,3546,14.28,50636.88,170753,D,Brock Charisse,"EVP, Chief HR Officer",false,true,false,"EVP, Chief HR Officer",SEC EDGAR
CAG|0001657787-26-000002|nonDerivative|2026-07-19|Brock Charisse|M|Common Stock|4851|0|D,2026-07-27 03:57:10+0000,CAG,CONAGRA BRANDS INC.,0000023217,4,2026-07-21,2026-07-17,0001657787-26-000002,https://www.sec.gov/Archives/edgar/data/23217/000165778726000002/form4-07212026_100702.xml,nonDerivative,2026-07-19,M,Common Stock,4851,0,0.0,175604,D,Brock Charisse,"EVP, Chief HR Officer",false,true,false,"EVP, Chief HR Officer",SEC EDGAR
CAG|0001657787-26-000002|nonDerivative|2026-07-19|Brock Charisse|M|Common Stock|7882|0|D,2026-07-27 03:57:10+0000,CAG,CONAGRA BRANDS INC.,0000023217,4,2026-07-21,2026-07-17,0001657787-26-000002,https://www.sec.gov/Archives/edgar/data/23217/000165778726000002/form4-07212026_100702.xml,nonDerivative,2026-07-19,M,Common Stock,7882,0,0.0,183486,D,Brock Charisse,"EVP, Chief HR Officer",false,true,false,"EVP, Chief HR Officer",SEC EDGAR
CAG|0001657787-26-000002|nonDerivative|2026-07-19|Brock Charisse|F|Common Stock|5527|14.28|D,2026-07-27 03:57:10+0000,CAG,CONAGRA BRANDS INC.,0000023217,4,2026-07-21,2026-07-17,0001657787-26-000002,https://www.sec.gov/Archives/edgar/data/23217/000165778726000002/form4-07212026_100702.xml,nonDerivative,2026-07-19,F,Common Stock,5527,14.28,78925.56,177959,D,Brock Charisse,"EVP, Chief HR Officer",false,true,false,"EVP, Chief HR Officer",SEC EDGAR
CAG|0001657787-26-000002|derivative|2026-07-17|Brock Charisse|M|Restricted Stock Units|8004|0|D,2026-07-27 03:57:10+0000,CAG,CONAGRA BRANDS INC.,0000023217,4,2026-07-21,2026-07-17,0001657787-26-000002,https://www.sec.gov/Archives/edgar/data/23217/000165778726000002/form4-07212026_100702.xml,derivative,2026-07-17,M,Restricted Stock Units,8004,0,0.0,16010,D,Brock Charisse,"EVP, Chief HR Officer",false,true,false,"EVP, Chief HR Officer",SEC EDGAR
CAG|0001657787-26-000002|derivative|2026-07-19|Brock Charisse|M|Restricted Stock Units|4851|0|D,2026-07-27 03:57:10+0000,CAG,CONAGRA BRANDS INC.,0000023217,4,2026-07-21,2026-07-17,0001657787-26-000002,https://www.sec.gov/Archives/edgar/data/23217/000165778726000002/form4-07212026_100702.xml,derivative,2026-07-19,M,Restricted Stock Units,4851,0,0.0,0,D,Brock Charisse,"EVP, Chief HR Officer",false,true,false,"EVP, Chief HR Officer",SEC EDGAR
CAG|0001657787-26-000002|derivative|2026-07-19|Brock Charisse|M|Restricted Stock Units|7882|0|D,2026-07-27 03:57:10+0000,CAG,CONAGRA BRANDS INC.,0000023217,4,2026-07-21,2026-07-17,0001657787-26-000002,https://www.sec.gov/Archives/edgar/data/23217/000165778726000002/form4-07212026_100702.xml,derivative,2026-07-19,M,Restricted Stock Units,7882,0,0.0,0,D,Brock Charisse,"EVP, Chief HR Officer",false,true,false,"EVP, Chief HR Officer",SEC EDGAR
CAG|0001807641-26-000007|nonDerivative|2026-07-17|Brase John P|P|Common Stock|35000|14.5895|D,2026-07-27 03:57:10+0000,CAG,CONAGRA BRANDS INC.,0000023217,4,2026-07-21,2026-07-17,0001807641-26-000007,https://www.sec.gov/Archives/edgar/data/23217/000180764126000007/form4-07212026_100739.xml,nonDerivative,2026-07-17,P,Common Stock,35000,14.5895,510632.5,35000,D,Brase John P,President and CEO,true,true,false,President and CEO,SEC EDGAR
CAG|0001932635-26-000003|nonDerivative|2026-07-17|Bartell Carey|M|Common Stock|10006|0|D,2026-07-27 03:57:10+0000,CAG,CONAGRA BRANDS INC.,0000023217,4,2026-07-21,2026-07-17,0001932635-26-000003,https://www.sec.gov/Archives/edgar/data/23217/000193263526000003/form4-07212026_100716.xml,nonDerivative,2026-07-17,M,Common Stock,10006,0,0.0,55660,D,Bartell Carey,"EVP, GC and Corp. Secretary",false,true,false,"EVP, GC and Corp. Secretary",SEC EDGAR
CAG|0001932635-26-000003|nonDerivative|2026-07-17|Bartell Carey|F|Common Stock|4433|14.28|D,2026-07-27 03:57:10+0000,CAG,CONAGRA BRANDS INC.,0000023217,4,2026-07-21,2026-07-17,0001932635-26-000003,https://www.sec.gov/Archives/edgar/data/23217/000193263526000003/form4-07212026_100716.xml,nonDerivative,2026-07-17,F,Common Stock,4433,14.28,63303.24,51227,D,Bartell Carey,"EVP, GC and Corp. Secretary",false,true,false,"EVP, GC and Corp. Secretary",SEC EDGAR
CAG|0001932635-26-000003|nonDerivative|2026-07-19|Bartell Carey|M|Common Stock|3638|0|D,2026-07-27 03:57:10+0000,CAG,CONAGRA BRANDS INC.,0000023217,4,2026-07-21,2026-07-17,0001932635-26-000003,https://www.sec.gov/Archives/edgar/data/23217/000193263526000003/form4-07212026_100716.xml,nonDerivative,2026-07-19,M,Common Stock,3638,0,0.0,54865,D,Bartell Carey,"EVP, GC and Corp. Secretary",false,true,false,"EVP, GC and Corp. Secretary",SEC EDGAR
CAG|0001932635-26-000003|nonDerivative|2026-07-19|Bartell Carey|F|Common Stock|1612|14.28|D,2026-07-27 03:57:10+0000,CAG,CONAGRA BRANDS INC.,0000023217,4,2026-07-21,2026-07-17,0001932635-26-000003,https://www.sec.gov/Archives/edgar/data/23217/000193263526000003/form4-07212026_100716.xml,nonDerivative,2026-07-19,F,Common Stock,1612,14.28,23019.36,53253,D,Bartell Carey,"EVP, GC and Corp. Secretary",false,true,false,"EVP, GC and Corp. Secretary",SEC EDGAR
CAG|0001932635-26-000003|derivative|2026-07-17|Bartell Carey|M|Restricted Stock Units|10006|0|D,2026-07-27 03:57:10+0000,CAG,CONAGRA BRANDS INC.,0000023217,4,2026-07-21,2026-07-17,0001932635-26-000003,https://www.sec.gov/Archives/edgar/data/23217/000193263526000003/form4-07212026_100716.xml,derivative,2026-07-17,M,Restricted Stock Units,10006,0,0.0,20012,D,Bartell Carey,"EVP, GC and Corp. Secretary",false,true,false,"EVP, GC and Corp. Secretary",SEC EDGAR
CAG|0001932635-26-000003|derivative|2025-07-19|Bartell Carey|M|Restricted Stock Units|3638|0|D,2026-07-27 03:57:10+0000,CAG,CONAGRA BRANDS INC.,0000023217,4,2026-07-21,2026-07-17,0001932635-26-000003,https://www.sec.gov/Archives/edgar/data/23217/000193263526000003/form4-07212026_100716.xml,derivative,2025-07-19,M,Restricted Stock Units,3638,0,0.0,0,D,Bartell Carey,"EVP, GC and Corp. Secretary",false,true,false,"EVP, GC and Corp. Secretary",SEC EDGAR
"BLDR|0001193125-26-310383|nonDerivative|2026-07-18|Vaughn Paul|A|Common Stock, par value $0.01 per share|3366|0.00|D",2026-07-27 03:57:10+0000,BLDR,"Builders FirstSource, Inc.",0001316835,4,2026-07-21,2026-07-18,0001193125-26-310383,https://www.sec.gov/Archives/edgar/data/1316835/000119312526310383/ownership.xml,nonDerivative,2026-07-18,A,"Common Stock, par value $0.01 per share",3366,0.00,0.0,40724,D,Vaughn Paul,President - West Division,false,true,false,President - West Division,SEC EDGAR
"BLDR|0001193125-26-310380|nonDerivative|2026-07-18|Vance Todd|A|Common Stock, par value $0.01 per share|3366|0.00|D",2026-07-27 03:57:10+0000,BLDR,"Builders FirstSource, Inc.",0001316835,4,2026-07-21,2026-07-18,0001193125-26-310380,https://www.sec.gov/Archives/edgar/data/1316835/000119312526310380/ownership.xml,nonDerivative,2026-07-18,A,"Common Stock, par value $0.01 per share",3366,0.00,0.0,42684,D,Vance Todd,President - East Division,false,true,false,President - East Division,SEC EDGAR
"BLDR|0001193125-26-310384|nonDerivative|2026-07-18|O'Brien Matthew Coley|A|Common Stock, par value $0.01 per share|7406|0.00|D",2026-07-27 03:57:10+0000,BLDR,"Builders FirstSource, Inc.",0001316835,4,2026-07-21,2026-07-18,0001193125-26-310384,https://www.sec.gov/Archives/edgar/data/1316835/000119312526310384/ownership.xml,nonDerivative,2026-07-18,A,"Common Stock, par value $0.01 per share",7406,0.00,0.0,7406,D,O'Brien Matthew Coley,Chief Human Resources Officer,false,true,false,Chief Human Resources Officer,SEC EDGAR
AON|0001193125-26-310325|nonDerivative|2026-07-17|Zeidel Darren|S|Class A Ordinary Stock|625|370|D,2026-07-27 03:57:10+0000,AON,Aon plc,0000315293,4,2026-07-21,2026-07-17,0001193125-26-310325,https://www.sec.gov/Archives/edgar/data/315293/000119312526310325/ownership.xml,nonDerivative,2026-07-17,S,Class A Ordinary Stock,625,370,231250.0,14729.099,D,Zeidel Darren,General Counsel,false,true,false,General Counsel,SEC EDGAR
AON|0001193125-26-310325|nonDerivative|2026-07-17|Zeidel Darren|S|Class A Ordinary Stock|650|372|D,2026-07-27 03:57:10+0000,AON,Aon plc,0000315293,4,2026-07-21,2026-07-17,0001193125-26-310325,https://www.sec.gov/Archives/edgar/data/315293/000119312526310325/ownership.xml,nonDerivative,2026-07-17,S,Class A Ordinary Stock,650,372,241800.0,14079.099,D,Zeidel Darren,General Counsel,false,true,false,General Counsel,SEC EDGAR
AON|0001193125-26-310325|nonDerivative|2026-07-17|Zeidel Darren|S|Class A Ordinary Stock|675|374|D,2026-07-27 03:57:10+0000,AON,Aon plc,0000315293,4,2026-07-21,2026-07-17,0001193125-26-310325,https://www.sec.gov/Archives/edgar/data/315293/000119312526310325/ownership.xml,nonDerivative,2026-07-17,S,Class A Ordinary Stock,675,374,252450.0,13404.099,D,Zeidel Darren,General Counsel,false,true,false,General Counsel,SEC EDGAR
UBER|0001626201-26-000018|nonDerivative|2026-07-16|West Tony|M|Common Stock|1511.00||D,2026-07-27 03:57:10+0000,UBER,"Uber Technologies, Inc",0001543151,4,2026-07-20,2026-07-16,0001626201-26-000018,https://www.sec.gov/Archives/edgar/data/1543151/000162620126000018/primarydocument.xml,nonDerivative,2026-07-16,M,Common Stock,1511.00,,,249131.00,D,West Tony,See Remarks,false,true,false,See Remarks,SEC EDGAR
UBER|0001626201-26-000018|nonDerivative|2026-07-16|West Tony|M|Common Stock|1282.00||D,2026-07-27 03:57:10+0000,UBER,"Uber Technologies, Inc",0001543151,4,2026-07-20,2026-07-16,0001626201-26-000018,https://www.sec.gov/Archives/edgar/data/1543151/000162620126000018/primarydocument.xml,nonDerivative,2026-07-16,M,Common Stock,1282.00,,,250413.00,D,West Tony,See Remarks,false,true,false,See Remarks,SEC EDGAR
UBER|0001626201-26-000018|nonDerivative|2026-07-16|West Tony|M|Common Stock|1493.00||D,2026-07-27 03:57:10+0000,UBER,"Uber Technologies, Inc",0001543151,4,2026-07-20,2026-07-16,0001626201-26-000018,https://www.sec.gov/Archives/edgar/data/1543151/000162620126000018/primarydocument.xml,nonDerivative,2026-07-16,M,Common Stock,1493.00,,,251906.00,D,West Tony,See Remarks,false,true,false,See Remarks,SEC EDGAR
UBER|0001626201-26-000018|nonDerivative|2026-07-16|West Tony|M|Common Stock|2910.00||D,2026-07-27 03:57:10+0000,UBER,"Uber Technologies, Inc",0001543151,4,2026-07-20,2026-07-16,0001626201-26-000018,https://www.sec.gov/Archives/edgar/data/1543151/000162620126000018/primarydocument.xml,nonDerivative,2026-07-16,M,Common Stock,2910.00,,,254816.00,D,West Tony,See Remarks,false,true,false,See Remarks,SEC EDGAR
UBER|0001626201-26-000018|nonDerivative|2026-07-16|West Tony|F|Common Stock|750.00|74.04|D,2026-07-27 03:57:10+0000,UBER,"Uber Technologies, Inc",0001543151,4,2026-07-20,2026-07-16,0001626201-26-000018,https://www.sec.gov/Archives/edgar/data/1543151/000162620126000018/primarydocument.xml,nonDerivative,2026-07-16,F,Common Stock,750.00,74.04,55530.00000000001,254066.00,D,West Tony,See Remarks,false,true,false,See Remarks,SEC EDGAR
UBER|0001626201-26-000018|nonDerivative|2026-07-16|West Tony|F|Common Stock|636.00|74.04|D,2026-07-27 03:57:10+0000,UBER,"Uber Technologies, Inc",0001543151,4,2026-07-20,2026-07-16,0001626201-26-000018,https://www.sec.gov/Archives/edgar/data/1543151/000162620126000018/primarydocument.xml,nonDerivative,2026-07-16,F,Common Stock,636.00,74.04,47089.44,253430.00,D,West Tony,See Remarks,false,true,false,See Remarks,SEC EDGAR
UBER|0001626201-26-000018|nonDerivative|2026-07-16|West Tony|F|Common Stock|741.00|74.04|D,2026-07-27 03:57:10+0000,UBER,"Uber Technologies, Inc",0001543151,4,2026-07-20,2026-07-16,0001626201-26-000018,https://www.sec.gov/Archives/edgar/data/1543151/000162620126000018/primarydocument.xml,nonDerivative,2026-07-16,F,Common Stock,741.00,74.04,54863.64000000001,252689.00,D,West Tony,See Remarks,false,true,false,See Remarks,SEC EDGAR
UBER|0001626201-26-000018|nonDerivative|2026-07-16|West Tony|F|Common Stock|1443.00|74.04|D,2026-07-27 03:57:10+0000,UBER,"Uber Technologies, Inc",0001543151,4,2026-07-20,2026-07-16,0001626201-26-000018,https://www.sec.gov/Archives/edgar/data/1543151/000162620126000018/primarydocument.xml,nonDerivative,2026-07-16,F,Common Stock,1443.00,74.04,106839.72000000002,251246.00,D,West Tony,See Remarks,false,true,false,See Remarks,SEC EDGAR
UBER|0001626201-26-000018|derivative|2026-07-16|West Tony|M|Restricted Stock Units|1511.00|0.00|D,2026-07-27 03:57:10+0000,UBER,"Uber Technologies, Inc",0001543151,4,2026-07-20,2026-07-16,0001626201-26-000018,https://www.sec.gov/Archives/edgar/data/1543151/000162620126000018/primarydocument.xml,derivative,2026-07-16,M,Restricted Stock Units,1511.00,0.00,0.0,66461.00,D,West Tony,See Remarks,false,true,false,See Remarks,SEC EDGAR
UBER|0001626201-26-000018|derivative|2026-07-16|West Tony|M|Restricted Stock Units|1282.00|0.00|D,2026-07-27 03:57:10+0000,UBER,"Uber Technologies, Inc",0001543151,4,2026-07-20,2026-07-16,0001626201-26-000018,https://www.sec.gov/Archives/edgar/data/1543151/000162620126000018/primarydocument.xml,derivative,2026-07-16,M,Restricted Stock Units,1282.00,0.00,0.0,41022.00,D,West Tony,See Remarks,false,true,false,See Remarks,SEC EDGAR
UBER|0001626201-26-000018|derivative|2026-07-16|West Tony|M|Restricted Stock Units|1493.00|0.00|D,2026-07-27 03:57:10+0000,UBER,"Uber Technologies, Inc",0001543151,4,2026-07-20,2026-07-16,0001626201-26-000018,https://www.sec.gov/Archives/edgar/data/1543151/000162620126000018/primarydocument.xml,derivative,2026-07-16,M,Restricted Stock Units,1493.00,0.00,0.0,29864.00,D,West Tony,See Remarks,false,true,false,See Remarks,SEC EDGAR
UBER|0001626201-26-000018|derivative|2026-07-16|West Tony|M|Restricted Stock Units|2910.00|0.00|D,2026-07-27 03:57:10+0000,UBER,"Uber Technologies, Inc",0001543151,4,2026-07-20,2026-07-16,0001626201-26-000018,https://www.sec.gov/Archives/edgar/data/1543151/000162620126000018/primarydocument.xml,derivative,2026-07-16,M,Restricted Stock Units,2910.00,0.00,0.0,23283.00,D,West Tony,See Remarks,false,true,false,See Remarks,SEC EDGAR
UBER|0001090355-26-000007|nonDerivative|2026-07-16|THAIN JOHN A|M|Common Stock|349.00||D,2026-07-27 03:57:10+0000,UBER,"Uber Technologies, Inc",0001543151,4,2026-07-20,2026-07-16,0001090355-26-000007,https://www.sec.gov/Archives/edgar/data/1543151/000109035526000007/primarydocument.xml,nonDerivative,2026-07-16,M,Common Stock,349.00,,,187225.00,D,THAIN JOHN A,,true,false,false,,SEC EDGAR
UBER|0001090355-26-000007|derivative|2026-07-16|THAIN JOHN A|M|Restricted Stock Units|349.00|0.00|D,2026-07-27 03:57:10+0000,UBER,"Uber Technologies, Inc",0001543151,4,2026-07-20,2026-07-16,0001090355-26-000007,https://www.sec.gov/Archives/edgar/data/1543151/000109035526000007/primarydocument.xml,derivative,2026-07-16,M,Restricted Stock Units,349.00,0.00,0.0,0.00,D,THAIN JOHN A,,true,false,false,,SEC EDGAR
UBER|0002071761-26-000009|nonDerivative|2026-07-16|Macdonald Andrew|M|Common Stock|1132.00||D,2026-07-27 03:57:10+0000,UBER,"Uber Technologies, Inc",0001543151,4,2026-07-20,2026-07-16,0002071761-26-000009,https://www.sec.gov/Archives/edgar/data/1543151/000207176126000009/primarydocument.xml,nonDerivative,2026-07-16,M,Common Stock,1132.00,,,348485.00,D,Macdonald Andrew,See Remarks,false,true,false,See Remarks,SEC EDGAR
UBER|0002071761-26-000009|nonDerivative|2026-07-16|Macdonald Andrew|M|Common Stock|2473.00||D,2026-07-27 03:57:10+0000,UBER,"Uber Technologies, Inc",0001543151,4,2026-07-20,2026-07-16,0002071761-26-000009,https://www.sec.gov/Archives/edgar/data/1543151/000207176126000009/primarydocument.xml,nonDerivative,2026-07-16,M,Common Stock,2473.00,,,350958.00,D,Macdonald Andrew,See Remarks,false,true,false,See Remarks,SEC EDGAR
UBER|0002071761-26-000009|nonDerivative|2026-07-16|Macdonald Andrew|M|Common Stock|2520.00||D,2026-07-27 03:57:10+0000,UBER,"Uber Technologies, Inc",0001543151,4,2026-07-20,2026-07-16,0002071761-26-000009,https://www.sec.gov/Archives/edgar/data/1543151/000207176126000009/primarydocument.xml,nonDerivative,2026-07-16,M,Common Stock,2520.00,,,353478.00,D,Macdonald Andrew,See Remarks,false,true,false,See Remarks,SEC EDGAR
UBER|0002071761-26-000009|nonDerivative|2026-07-16|Macdonald Andrew|M|Common Stock|4042.00||D,2026-07-27 03:57:10+0000,UBER,"Uber Technologies, Inc",0001543151,4,2026-07-20,2026-07-16,0002071761-26-000009,https://www.sec.gov/Archives/edgar/data/1543151/000207176126000009/primarydocument.xml,nonDerivative,2026-07-16,M,Common Stock,4042.00,,,357520.00,D,Macdonald Andrew,See Remarks,false,true,false,See Remarks,SEC EDGAR
UBER|0002071761-26-000009|nonDerivative|2026-07-16|Macdonald Andrew|F|Common Stock|633.00|74.04|D,2026-07-27 03:57:10+0000,UBER,"Uber Technologies, Inc",0001543151,4,2026-07-20,2026-07-16,0002071761-26-000009,https://www.sec.gov/Archives/edgar/data/1543151/000207176126000009/primarydocument.xml,nonDerivative,2026-07-16,F,Common Stock,633.00,74.04,46867.32000000001,356887.00,D,Macdonald Andrew,See Remarks,false,true,false,See Remarks,SEC EDGAR
UBER|0002071761-26-000009|nonDerivative|2026-07-16|Macdonald Andrew|F|Common Stock|1382.00|74.04|D,2026-07-27 03:57:10+0000,UBER,"Uber Technologies, Inc",0001543151,4,2026-07-20,2026-07-16,0002071761-26-000009,https://www.sec.gov/Archives/edgar/data/1543151/000207176126000009/primarydocument.xml,nonDerivative,2026-07-16,F,Common Stock,1382.00,74.04,102323.28000000001,355505.00,D,Macdonald Andrew,See Remarks,false,true,false,See Remarks,SEC EDGAR
UBER|0002071761-26-000009|nonDerivative|2026-07-16|Macdonald Andrew|F|Common Stock|1409.00|74.04|D,2026-07-27 03:57:10+0000,UBER,"Uber Technologies, Inc",0001543151,4,2026-07-20,2026-07-16,0002071761-26-000009,https://www.sec.gov/Archives/edgar/data/1543151/000207176126000009/primarydocument.xml,nonDerivative,2026-07-16,F,Common Stock,1409.00,74.04,104322.36000000002,354096.00,D,Macdonald Andrew,See Remarks,false,true,false,See Remarks,SEC EDGAR
UBER|0002071761-26-000009|nonDerivative|2026-07-16|Macdonald Andrew|F|Common Stock|2259.00|74.04|D,2026-07-27 03:57:10+0000,UBER,"Uber Technologies, Inc",0001543151,4,2026-07-20,2026-07-16,0002071761-26-000009,https://www.sec.gov/Archives/edgar/data/1543151/000207176126000009/primarydocument.xml,nonDerivative,2026-07-16,F,Common Stock,2259.00,74.04,167256.36000000002,351837.00,D,Macdonald Andrew,See Remarks,false,true,false,See Remarks,SEC EDGAR
UBER|0002071761-26-000009|derivative|2026-07-16|Macdonald Andrew|M|Restricted Stock Units|1132.00|0.00|D,2026-07-27 03:57:10+0000,UBER,"Uber Technologies, Inc",0001543151,4,2026-07-20,2026-07-16,0002071761-26-000009,https://www.sec.gov/Archives/edgar/data/1543151/000207176126000009/primarydocument.xml,derivative,2026-07-16,M,Restricted Stock Units,1132.00,0.00,0.0,49846.00,D,Macdonald Andrew,See Remarks,false,true,false,See Remarks,SEC EDGAR
UBER|0002071761-26-000009|derivative|2026-07-16|Macdonald Andrew|M|Restricted Stock Units|2473.00|0.00|D,2026-07-27 03:57:10+0000,UBER,"Uber Technologies, Inc",0001543151,4,2026-07-20,2026-07-16,0002071761-26-000009,https://www.sec.gov/Archives/edgar/data/1543151/000207176126000009/primarydocument.xml,derivative,2026-07-16,M,Restricted Stock Units,2473.00,0.00,0.0,79113.00,D,Macdonald Andrew,See Remarks,false,true,false,See Remarks,SEC EDGAR
UBER|0002071761-26-000009|derivative|2026-07-16|Macdonald Andrew|M|Restricted Stock Units|2520.00|0.00|D,2026-07-27 03:57:10+0000,UBER,"Uber Technologies, Inc",0001543151,4,2026-07-20,2026-07-16,0002071761-26-000009,https://www.sec.gov/Archives/edgar/data/1543151/000207176126000009/primarydocument.xml,derivative,2026-07-16,M,Restricted Stock Units,2520.00,0.00,0.0,50396.00,D,Macdonald Andrew,See Remarks,false,true,false,See Remarks,SEC EDGAR
UBER|0002071761-26-000009|derivative|2026-07-16|Macdonald Andrew|M|Restricted Stock Units|4042.00|0.00|D,2026-07-27 03:57:10+0000,UBER,"Uber Technologies, Inc",0001543151,4,2026-07-20,2026-07-16,0002071761-26-000009,https://www.sec.gov/Archives/edgar/data/1543151/000207176126000009/primarydocument.xml,derivative,2026-07-16,M,Restricted Stock Units,4042.00,0.00,0.0,32337.00,D,Macdonald Andrew,See Remarks,false,true,false,See Remarks,SEC EDGAR
UBER|0002111867-26-000011|nonDerivative|2026-07-16|Krishnamurthy Balaji (A)|M|Common Stock|567.00||D,2026-07-27 03:57:10+0000,UBER,"Uber Technologies, Inc",0001543151,4,2026-07-20,2026-07-16,0002111867-26-000011,https://www.sec.gov/Archives/edgar/data/1543151/000211186726000011/primarydocument.xml,nonDerivative,2026-07-16,M,Common Stock,567.00,,,37683.00,D,Krishnamurthy Balaji (A),Chief Financial Officer,false,true,false,Chief Financial Officer,SEC EDGAR
UBER|0002111867-26-000011|nonDerivative|2026-07-16|Krishnamurthy Balaji (A)|M|Common Stock|885.00||D,2026-07-27 03:57:10+0000,UBER,"Uber Technologies, Inc",0001543151,4,2026-07-20,2026-07-16,0002111867-26-000011,https://www.sec.gov/Archives/edgar/data/1543151/000211186726000011/primarydocument.xml,nonDerivative,2026-07-16,M,Common Stock,885.00,,,38568.00,D,Krishnamurthy Balaji (A),Chief Financial Officer,false,true,false,Chief Financial Officer,SEC EDGAR
UBER|0002111867-26-000011|nonDerivative|2026-07-16|Krishnamurthy Balaji (A)|M|Common Stock|686.00||D,2026-07-27 03:57:10+0000,UBER,"Uber Technologies, Inc",0001543151,4,2026-07-20,2026-07-16,0002111867-26-000011,https://www.sec.gov/Archives/edgar/data/1543151/000211186726000011/primarydocument.xml,nonDerivative,2026-07-16,M,Common Stock,686.00,,,39254.00,D,Krishnamurthy Balaji (A),Chief Financial Officer,false,true,false,Chief Financial Officer,SEC EDGAR
UBER|0002111867-26-000011|nonDerivative|2026-07-16|Krishnamurthy Balaji (A)|M|Common Stock|490.00||D,2026-07-27 03:57:10+0000,UBER,"Uber Technologies, Inc",0001543151,4,2026-07-20,2026-07-16,0002111867-26-000011,https://www.sec.gov/Archives/edgar/data/1543151/000211186726000011/primarydocument.xml,nonDerivative,2026-07-16,M,Common Stock,490.00,,,39744.00,D,Krishnamurthy Balaji (A),Chief Financial Officer,false,true,false,Chief Financial Officer,SEC EDGAR
UBER|0002111867-26-000011|nonDerivative|2026-07-16|Krishnamurthy Balaji (A)|M|Common Stock|1158.00||D,2026-07-27 03:57:10+0000,UBER,"Uber Technologies, Inc",0001543151,4,2026-07-20,2026-07-16,0002111867-26-000011,https://www.sec.gov/Archives/edgar/data/1543151/000211186726000011/primarydocument.xml,nonDerivative,2026-07-16,M,Common Stock,1158.00,,,40902.00,D,Krishnamurthy Balaji (A),Chief Financial Officer,false,true,false,Chief Financial Officer,SEC EDGAR
UBER|0002111867-26-000011|nonDerivative|2026-07-16|Krishnamurthy Balaji (A)|M|Common Stock|606.00||D,2026-07-27 03:57:10+0000,UBER,"Uber Technologies, Inc",0001543151,4,2026-07-20,2026-07-16,0002111867-26-000011,https://www.sec.gov/Archives/edgar/data/1543151/000211186726000011/primarydocument.xml,nonDerivative,2026-07-16,M,Common Stock,606.00,,,41508.00,D,Krishnamurthy Balaji (A),Chief Financial Officer,false,true,false,Chief Financial Officer,SEC EDGAR
UBER|0002111867-26-000011|nonDerivative|2026-07-16|Krishnamurthy Balaji (A)|F|Common Stock|282.00|74.04|D,2026-07-27 03:57:10+0000,UBER,"Uber Technologies, Inc",0001543151,4,2026-07-20,2026-07-16,0002111867-26-000011,https://www.sec.gov/Archives/edgar/data/1543151/000211186726000011/primarydocument.xml,nonDerivative,2026-07-16,F,Common Stock,282.00,74.04,20879.280000000002,41226.00,D,Krishnamurthy Balaji (A),Chief Financial Officer,false,true,false,Chief Financial Officer,SEC EDGAR
UBER|0002111867-26-000011|nonDerivative|2026-07-16|Krishnamurthy Balaji (A)|F|Common Stock|439.00|74.04|D,2026-07-27 03:57:10+0000,UBER,"Uber Technologies, Inc",0001543151,4,2026-07-20,2026-07-16,0002111867-26-000011,https://www.sec.gov/Archives/edgar/data/1543151/000211186726000011/primarydocument.xml,nonDerivative,2026-07-16,F,Common Stock,439.00,74.04,32503.56,40787.00,D,Krishnamurthy Balaji (A),Chief Financial Officer,false,true,false,Chief Financial Officer,SEC EDGAR
UBER|0002111867-26-000011|nonDerivative|2026-07-16|Krishnamurthy Balaji (A)|F|Common Stock|341.00|74.04|D,2026-07-27 03:57:10+0000,UBER,"Uber Technologies, Inc",0001543151,4,2026-07-20,2026-07-16,0002111867-26-000011,https://www.sec.gov/Archives/edgar/data/1543151/000211186726000011/primarydocument.xml,nonDerivative,2026-07-16,F,Common Stock,341.00,74.04,25247.640000000003,40446.00,D,Krishnamurthy Balaji (A),Chief Financial Officer,false,true,false,Chief Financial Officer,SEC EDGAR
UBER|0002111867-26-000011|nonDerivative|2026-07-16|Krishnamurthy Balaji (A)|F|Common Stock|245.00|74.04|D,2026-07-27 03:57:10+0000,UBER,"Uber Technologies, Inc",0001543151,4,2026-07-20,2026-07-16,0002111867-26-000011,https://www.sec.gov/Archives/edgar/data/1543151/000211186726000011/primarydocument.xml,nonDerivative,2026-07-16,F,Common Stock,245.00,74.04,18139.800000000003,40201.00,D,Krishnamurthy Balaji (A),Chief Financial Officer,false,true,false,Chief Financial Officer,SEC EDGAR
UBER|0002111867-26-000011|nonDerivative|2026-07-16|Krishnamurthy Balaji (A)|F|Common Stock|610.00|74.04|D,2026-07-27 03:57:10+0000,UBER,"Uber Technologies, Inc",0001543151,4,2026-07-20,2026-07-16,0002111867-26-000011,https://www.sec.gov/Archives/edgar/data/1543151/000211186726000011/primarydocument.xml,nonDerivative,2026-07-16,F,Common Stock,610.00,74.04,45164.4,39591.00,D,Krishnamurthy Balaji (A),Chief Financial Officer,false,true,false,Chief Financial Officer,SEC EDGAR
UBER|0002111867-26-000011|nonDerivative|2026-07-16|Krishnamurthy Balaji (A)|F|Common Stock|332.00|74.04|D,2026-07-27 03:57:10+0000,UBER,"Uber Technologies, Inc",0001543151,4,2026-07-20,2026-07-16,0002111867-26-000011,https://www.sec.gov/Archives/edgar/data/1543151/000211186726000011/primarydocument.xml,nonDerivative,2026-07-16,F,Common Stock,332.00,74.04,24581.280000000002,39259.00,D,Krishnamurthy Balaji (A),Chief Financial Officer,false,true,false,Chief Financial Officer,SEC EDGAR
UBER|0002111867-26-000011|derivative|2026-07-16|Krishnamurthy Balaji (A)|M|Restricted Stock Units|567.00|0.00|D,2026-07-27 03:57:10+0000,UBER,"Uber Technologies, Inc",0001543151,4,2026-07-20,2026-07-16,0002111867-26-000011,https://www.sec.gov/Archives/edgar/data/1543151/000211186726000011/primarydocument.xml,derivative,2026-07-16,M,Restricted Stock Units,567.00,0.00,0.0,65705.00,D,Krishnamurthy Balaji (A),Chief Financial Officer,false,true,false,Chief Financial Officer,SEC EDGAR
UBER|0002111867-26-000011|derivative|2026-07-16|Krishnamurthy Balaji (A)|M|Restricted Stock Units|885.00|0.00|D,2026-07-27 03:57:10+0000,UBER,"Uber Technologies, Inc",0001543151,4,2026-07-20,2026-07-16,0002111867-26-000011,https://www.sec.gov/Archives/edgar/data/1543151/000211186726000011/primarydocument.xml,derivative,2026-07-16,M,Restricted Stock Units,885.00,0.00,0.0,38492.00,D,Krishnamurthy Balaji (A),Chief Financial Officer,false,true,false,Chief Financial Officer,SEC EDGAR
UBER|0002111867-26-000011|derivative|2026-07-16|Krishnamurthy Balaji (A)|M|Restricted Stock Units|686.00|0.00|D,2026-07-27 03:57:10+0000,UBER,"Uber Technologies, Inc",0001543151,4,2026-07-20,2026-07-16,0002111867-26-000011,https://www.sec.gov/Archives/edgar/data/1543151/000211186726000011/primarydocument.xml,derivative,2026-07-16,M,Restricted Stock Units,686.00,0.00,0.0,21977.00,D,Krishnamurthy Balaji (A),Chief Financial Officer,false,true,false,Chief Financial Officer,SEC EDGAR
UBER|0002111867-26-000011|derivative|2026-07-16|Krishnamurthy Balaji (A)|M|Restricted Stock Units|490.00|0.00|D,2026-07-27 03:57:10+0000,UBER,"Uber Technologies, Inc",0001543151,4,2026-07-20,2026-07-16,0002111867-26-000011,https://www.sec.gov/Archives/edgar/data/1543151/000211186726000011/primarydocument.xml,derivative,2026-07-16,M,Restricted Stock Units,490.00,0.00,0.0,9800.00,D,Krishnamurthy Balaji (A),Chief Financial Officer,false,true,false,Chief Financial Officer,SEC EDGAR
UBER|0002111867-26-000011|derivative|2026-07-16|Krishnamurthy Balaji (A)|M|Restricted Stock Units|1158.00|0.00|D,2026-07-27 03:57:10+0000,UBER,"Uber Technologies, Inc",0001543151,4,2026-07-20,2026-07-16,0002111867-26-000011,https://www.sec.gov/Archives/edgar/data/1543151/000211186726000011/primarydocument.xml,derivative,2026-07-16,M,Restricted Stock Units,1158.00,0.00,0.0,16211.00,D,Krishnamurthy Balaji (A),Chief Financial Officer,false,true,false,Chief Financial Officer,SEC EDGAR
UBER|0002111867-26-000011|derivative|2026-07-16|Krishnamurthy Balaji (A)|M|Restricted Stock Units|606.00|0.00|D,2026-07-27 03:57:10+0000,UBER,"Uber Technologies, Inc",0001543151,4,2026-07-20,2026-07-16,0002111867-26-000011,https://www.sec.gov/Archives/edgar/data/1543151/000211186726000011/primarydocument.xml,derivative,2026-07-16,M,Restricted Stock Units,606.00,0.00,0.0,4851.00,D,Krishnamurthy Balaji (A),Chief Financial Officer,false,true,false,Chief Financial Officer,SEC EDGAR
UBER|0001775297-26-000010|nonDerivative|2026-07-16|Hazelbaker Jill|M|Common Stock|351.00||D,2026-07-27 03:57:10+0000,UBER,"Uber Technologies, Inc",0001543151,4,2026-07-20,2026-07-16,0001775297-26-000010,https://www.sec.gov/Archives/edgar/data/1543151/000177529726000010/primarydocument.xml,nonDerivative,2026-07-16,M,Common Stock,351.00,,,168981.00,D,Hazelbaker Jill,See Remarks,false,true,false,See Remarks,SEC EDGAR
UBER|0001775297-26-000010|nonDerivative|2026-07-16|Hazelbaker Jill|M|Common Stock|1416.00||D,2026-07-27 03:57:10+0000,UBER,"Uber Technologies, Inc",0001543151,4,2026-07-20,2026-07-16,0001775297-26-000010,https://www.sec.gov/Archives/edgar/data/1543151/000177529726000010/primarydocument.xml,nonDerivative,2026-07-16,M,Common Stock,1416.00,,,170397.00,D,Hazelbaker Jill,See Remarks,false,true,false,See Remarks,SEC EDGAR
UBER|0001775297-26-000010|nonDerivative|2026-07-16|Hazelbaker Jill|M|Common Stock|1888.00||D,2026-07-27 03:57:10+0000,UBER,"Uber Technologies, Inc",0001543151,4,2026-07-20,2026-07-16,0001775297-26-000010,https://www.sec.gov/Archives/edgar/data/1543151/000177529726000010/primarydocument.xml,nonDerivative,2026-07-16,M,Common Stock,1888.00,,,172285.00,D,Hazelbaker Jill,See Remarks,false,true,false,See Remarks,SEC EDGAR
UBER|0001775297-26-000010|nonDerivative|2026-07-16|Hazelbaker Jill|M|Common Stock|1465.00||D,2026-07-27 03:57:10+0000,UBER,"Uber Technologies, Inc",0001543151,4,2026-07-20,2026-07-16,0001775297-26-000010,https://www.sec.gov/Archives/edgar/data/1543151/000177529726000010/primarydocument.xml,nonDerivative,2026-07-16,M,Common Stock,1465.00,,,173750.00,D,Hazelbaker Jill,See Remarks,false,true,false,See Remarks,SEC EDGAR
UBER|0001775297-26-000010|nonDerivative|2026-07-16|Hazelbaker Jill|M|Common Stock|1493.00||D,2026-07-27 03:57:10+0000,UBER,"Uber Technologies, Inc",0001543151,4,2026-07-20,2026-07-16,0001775297-26-000010,https://www.sec.gov/Archives/edgar/data/1543151/000177529726000010/primarydocument.xml,nonDerivative,2026-07-16,M,Common Stock,1493.00,,,175243.00,D,Hazelbaker Jill,See Remarks,false,true,false,See Remarks,SEC EDGAR
UBER|0001775297-26-000010|nonDerivative|2026-07-16|Hazelbaker Jill|M|Common Stock|2547.00||D,2026-07-27 03:57:10+0000,UBER,"Uber Technologies, Inc",0001543151,4,2026-07-20,2026-07-16,0001775297-26-000010,https://www.sec.gov/Archives/edgar/data/1543151/000177529726000010/primarydocument.xml,nonDerivative,2026-07-16,M,Common Stock,2547.00,,,177790.00,D,Hazelbaker Jill,See Remarks,false,true,false,See Remarks,SEC EDGAR
UBER|0001775297-26-000010|nonDerivative|2026-07-16|Hazelbaker Jill|F|Common Stock|176.00|74.04|D,2026-07-27 03:57:10+0000,UBER,"Uber Technologies, Inc",0001543151,4,2026-07-20,2026-07-16,0001775297-26-000010,https://www.sec.gov/Archives/edgar/data/1543151/000177529726000010/primarydocument.xml,nonDerivative,2026-07-16,F,Common Stock,176.00,74.04,13031.04,177614.00,D,Hazelbaker Jill,See Remarks,false,true,false,See Remarks,SEC EDGAR
UBER|0001775297-26-000010|nonDerivative|2026-07-16|Hazelbaker Jill|F|Common Stock|710.00|74.04|D,2026-07-27 03:57:10+0000,UBER,"Uber Technologies, Inc",0001543151,4,2026-07-20,2026-07-16,0001775297-26-000010,https://www.sec.gov/Archives/edgar/data/1543151/000177529726000010/primarydocument.xml,nonDerivative,2026-07-16,F,Common Stock,710.00,74.04,52568.4,176904.00,D,Hazelbaker Jill,See Remarks,false,true,false,See Remarks,SEC EDGAR
UBER|0001775297-26-000010|nonDerivative|2026-07-16|Hazelbaker Jill|F|Common Stock|946.00|74.04|D,2026-07-27 03:57:10+0000,UBER,"Uber Technologies, Inc",0001543151,4,2026-07-20,2026-07-16,0001775297-26-000010,https://www.sec.gov/Archives/edgar/data/1543151/000177529726000010/primarydocument.xml,nonDerivative,2026-07-16,F,Common Stock,946.00,74.04,70041.84000000001,175958.00,D,Hazelbaker Jill,See Remarks,false,true,false,See Remarks,SEC EDGAR
UBER|0001775297-26-000010|nonDerivative|2026-07-16|Hazelbaker Jill|F|Common Stock|734.00|74.04|D,2026-07-27 03:57:10+0000,UBER,"Uber Technologies, Inc",0001543151,4,2026-07-20,2026-07-16,0001775297-26-000010,https://www.sec.gov/Archives/edgar/data/1543151/000177529726000010/primarydocument.xml,nonDerivative,2026-07-16,F,Common Stock,734.00,74.04,54345.36000000001,175224.00,D,Hazelbaker Jill,See Remarks,false,true,false,See Remarks,SEC EDGAR
UBER|0001775297-26-000010|nonDerivative|2026-07-16|Hazelbaker Jill|F|Common Stock|748.00|74.04|D,2026-07-27 03:57:10+0000,UBER,"Uber Technologies, Inc",0001543151,4,2026-07-20,2026-07-16,0001775297-26-000010,https://www.sec.gov/Archives/edgar/data/1543151/000177529726000010/primarydocument.xml,nonDerivative,2026-07-16,F,Common Stock,748.00,74.04,55381.920000000006,174476.00,D,Hazelbaker Jill,See Remarks,false,true,false,See Remarks,SEC EDGAR
UBER|0001775297-26-000010|nonDerivative|2026-07-16|Hazelbaker Jill|F|Common Stock|1314.00|74.04|D,2026-07-27 03:57:10+0000,UBER,"Uber Technologies, Inc",0001543151,4,2026-07-20,2026-07-16,0001775297-26-000010,https://www.sec.gov/Archives/edgar/data/1543151/000177529726000010/primarydocument.xml,nonDerivative,2026-07-16,F,Common Stock,1314.00,74.04,97288.56000000001,173162.00,D,Hazelbaker Jill,See Remarks,false,true,false,See Remarks,SEC EDGAR
UBER|0001775297-26-000010|derivative|2026-07-16|Hazelbaker Jill|M|Restricted Stock Units|351.00|0.00|D,2026-07-27 03:57:10+0000,UBER,"Uber Technologies, Inc",0001543151,4,2026-07-20,2026-07-16,0001775297-26-000010,https://www.sec.gov/Archives/edgar/data/1543151/000177529726000010/primarydocument.xml,derivative,2026-07-16,M,Restricted Stock Units,351.00,0.00,0.0,16153.00,D,Hazelbaker Jill,See Remarks,false,true,false,See Remarks,SEC EDGAR
UBER|0001775297-26-000010|derivative|2026-07-16|Hazelbaker Jill|M|Restricted Stock Units|1416.00|0.00|D,2026-07-27 03:57:10+0000,UBER,"Uber Technologies, Inc",0001543151,4,2026-07-20,2026-07-16,0001775297-26-000010,https://www.sec.gov/Archives/edgar/data/1543151/000177529726000010/primarydocument.xml,derivative,2026-07-16,M,Restricted Stock Units,1416.00,0.00,0.0,62307.00,D,Hazelbaker Jill,See Remarks,false,true,false,See Remarks,SEC EDGAR
UBER|0001775297-26-000010|derivative|2026-07-16|Hazelbaker Jill|M|Restricted Stock Units|1888.00|0.00|D,2026-07-27 03:57:10+0000,UBER,"Uber Technologies, Inc",0001543151,4,2026-07-20,2026-07-16,0001775297-26-000010,https://www.sec.gov/Archives/edgar/data/1543151/000177529726000010/primarydocument.xml,derivative,2026-07-16,M,Restricted Stock Units,1888.00,0.00,0.0,83076.00,D,Hazelbaker Jill,See Remarks,false,true,false,See Remarks,SEC EDGAR
UBER|0001775297-26-000010|derivative|2026-07-16|Hazelbaker Jill|M|Restricted Stock Units|1465.00|0.00|D,2026-07-27 03:57:10+0000,UBER,"Uber Technologies, Inc",0001543151,4,2026-07-20,2026-07-16,0001775297-26-000010,https://www.sec.gov/Archives/edgar/data/1543151/000177529726000010/primarydocument.xml,derivative,2026-07-16,M,Restricted Stock Units,1465.00,0.00,0.0,46882.00,D,Hazelbaker Jill,See Remarks,false,true,false,See Remarks,SEC EDGAR
UBER|0001775297-26-000010|derivative|2026-07-16|Hazelbaker Jill|M|Restricted Stock Units|1493.00|0.00|D,2026-07-27 03:57:10+0000,UBER,"Uber Technologies, Inc",0001543151,4,2026-07-20,2026-07-16,0001775297-26-000010,https://www.sec.gov/Archives/edgar/data/1543151/000177529726000010/primarydocument.xml,derivative,2026-07-16,M,Restricted Stock Units,1493.00,0.00,0.0,29864.00,D,Hazelbaker Jill,See Remarks,false,true,false,See Remarks,SEC EDGAR
UBER|0001775297-26-000010|derivative|2026-07-16|Hazelbaker Jill|M|Restricted Stock Units|2547.00|0.00|D,2026-07-27 03:57:10+0000,UBER,"Uber Technologies, Inc",0001543151,4,2026-07-20,2026-07-16,0001775297-26-000010,https://www.sec.gov/Archives/edgar/data/1543151/000177529726000010/primarydocument.xml,derivative,2026-07-16,M,Restricted Stock Units,2547.00,0.00,0.0,20372.00,D,Hazelbaker Jill,See Remarks,false,true,false,See Remarks,SEC EDGAR
UBER|0001525321-26-000008|nonDerivative|2026-07-16|Ceremony Glen|M|Common Stock|708.00||D,2026-07-27 03:57:10+0000,UBER,"Uber Technologies, Inc",0001543151,4,2026-07-20,2026-07-16,0001525321-26-000008,https://www.sec.gov/Archives/edgar/data/1543151/000152532126000008/primarydocument.xml,nonDerivative,2026-07-16,M,Common Stock,708.00,,,261884.00,D,Ceremony Glen,See Remarks,false,true,false,See Remarks,SEC EDGAR
UBER|0001525321-26-000008|nonDerivative|2026-07-16|Ceremony Glen|M|Common Stock|687.00||D,2026-07-27 03:57:10+0000,UBER,"Uber Technologies, Inc",0001543151,4,2026-07-20,2026-07-16,0001525321-26-000008,https://www.sec.gov/Archives/edgar/data/1543151/000152532126000008/primarydocument.xml,nonDerivative,2026-07-16,M,Common Stock,687.00,,,262571.00,D,Ceremony Glen,See Remarks,false,true,false,See Remarks,SEC EDGAR
UBER|0001525321-26-000008|nonDerivative|2026-07-16|Ceremony Glen|M|Common Stock|700.00||D,2026-07-27 03:57:10+0000,UBER,"Uber Technologies, Inc",0001543151,4,2026-07-20,2026-07-16,0001525321-26-000008,https://www.sec.gov/Archives/edgar/data/1543151/000152532126000008/primarydocument.xml,nonDerivative,2026-07-16,M,Common Stock,700.00,,,263271.00,D,Ceremony Glen,See Remarks,false,true,false,See Remarks,SEC EDGAR
UBER|0001525321-26-000008|nonDerivative|2026-07-16|Ceremony Glen|M|Common Stock|1516.00||D,2026-07-27 03:57:10+0000,UBER,"Uber Technologies, Inc",0001543151,4,2026-07-20,2026-07-16,0001525321-26-000008,https://www.sec.gov/Archives/edgar/data/1543151/000152532126000008/primarydocument.xml,nonDerivative,2026-07-16,M,Common Stock,1516.00,,,264787.00,D,Ceremony Glen,See Remarks,false,true,false,See Remarks,SEC EDGAR
UBER|0001525321-26-000008|nonDerivative|2026-07-16|Ceremony Glen|F|Common Stock|352.00|74.04|D,2026-07-27 03:57:10+0000,UBER,"Uber Technologies, Inc",0001543151,4,2026-07-20,2026-07-16,0001525321-26-000008,https://www.sec.gov/Archives/edgar/data/1543151/000152532126000008/primarydocument.xml,nonDerivative,2026-07-16,F,Common Stock,352.00,74.04,26062.08,264435.00,D,Ceremony Glen,See Remarks,false,true,false,See Remarks,SEC EDGAR
UBER|0001525321-26-000008|nonDerivative|2026-07-16|Ceremony Glen|F|Common Stock|341.00|74.04|D,2026-07-27 03:57:10+0000,UBER,"Uber Technologies, Inc",0001543151,4,2026-07-20,2026-07-16,0001525321-26-000008,https://www.sec.gov/Archives/edgar/data/1543151/000152532126000008/primarydocument.xml,nonDerivative,2026-07-16,F,Common Stock,341.00,74.04,25247.640000000003,264094.00,D,Ceremony Glen,See Remarks,false,true,false,See Remarks,SEC EDGAR
UBER|0001525321-26-000008|nonDerivative|2026-07-16|Ceremony Glen|F|Common Stock|348.00|74.04|D,2026-07-27 03:57:10+0000,UBER,"Uber Technologies, Inc",0001543151,4,2026-07-20,2026-07-16,0001525321-26-000008,https://www.sec.gov/Archives/edgar/data/1543151/000152532126000008/primarydocument.xml,nonDerivative,2026-07-16,F,Common Stock,348.00,74.04,25765.920000000002,263746.00,D,Ceremony Glen,See Remarks,false,true,false,See Remarks,SEC EDGAR
UBER|0001525321-26-000008|nonDerivative|2026-07-16|Ceremony Glen|F|Common Stock|752.00|74.04|D,2026-07-27 03:57:10+0000,UBER,"Uber Technologies, Inc",0001543151,4,2026-07-20,2026-07-16,0001525321-26-000008,https://www.sec.gov/Archives/edgar/data/1543151/000152532126000008/primarydocument.xml,nonDerivative,2026-07-16,F,Common Stock,752.00,74.04,55678.08,262994.00,D,Ceremony Glen,See Remarks,false,true,false,See Remarks,SEC EDGAR
UBER|0001525321-26-000008|derivative|2026-07-16|Ceremony Glen|M|Restricted Stock Units|708.00|0.00|D,2026-07-27 03:57:10+0000,UBER,"Uber Technologies, Inc",0001543151,4,2026-07-20,2026-07-16,0001525321-26-000008,https://www.sec.gov/Archives/edgar/data/1543151/000152532126000008/primarydocument.xml,derivative,2026-07-16,M,Restricted Stock Units,708.00,0.00,0.0,31153.00,D,Ceremony Glen,See Remarks,false,true,false,See Remarks,SEC EDGAR
UBER|0001525321-26-000008|derivative|2026-07-16|Ceremony Glen|M|Restricted Stock Units|687.00|0.00|D,2026-07-27 03:57:10+0000,UBER,"Uber Technologies, Inc",0001543151,4,2026-07-20,2026-07-16,0001525321-26-000008,https://www.sec.gov/Archives/edgar/data/1543151/000152532126000008/primarydocument.xml,derivative,2026-07-16,M,Restricted Stock Units,687.00,0.00,0.0,21976.00,D,Ceremony Glen,See Remarks,false,true,false,See Remarks,SEC EDGAR
UBER|0001525321-26-000008|derivative|2026-07-16|Ceremony Glen|M|Restricted Stock Units|700.00|0.00|D,2026-07-27 03:57:10+0000,UBER,"Uber Technologies, Inc",0001543151,4,2026-07-20,2026-07-16,0001525321-26-000008,https://www.sec.gov/Archives/edgar/data/1543151/000152532126000008/primarydocument.xml,derivative,2026-07-16,M,Restricted Stock Units,700.00,0.00,0.0,13999.00,D,Ceremony Glen,See Remarks,false,true,false,See Remarks,SEC EDGAR
UBER|0001525321-26-000008|derivative|2026-07-16|Ceremony Glen|M|Restricted Stock Units|1516.00|0.00|D,2026-07-27 03:57:10+0000,UBER,"Uber Technologies, Inc",0001543151,4,2026-07-20,2026-07-16,0001525321-26-000008,https://www.sec.gov/Archives/edgar/data/1543151/000152532126000008/primarydocument.xml,derivative,2026-07-16,M,Restricted Stock Units,1516.00,0.00,0.0,12126.00,D,Ceremony Glen,See Remarks,false,true,false,See Remarks,SEC EDGAR
TPL|0001437749-26-023833|nonDerivative|2026-07-17|HORIZON KINETICS ASSET MANAGEMENT LLC|P|Common Stock|1|420.15|D,2026-07-27 03:57:10+0000,TPL,Texas Pacific Land Corp,0001811074,4,2026-07-20,2026-07-17,0001437749-26-023833,https://www.sec.gov/Archives/edgar/data/1811074/000143774926023833/rdgdoc.xml,nonDerivative,2026-07-17,P,Common Stock,1,420.15,420.15,3263678,D,HORIZON KINETICS ASSET MANAGEMENT LLC,10% Owner,,,1,,SEC EDGAR
PLD|0001193125-26-309058|nonDerivative|2026-07-16|Moghadam Hamid|S|Common Stock|50000|149.91|I,2026-07-27 03:57:10+0000,PLD,"Prologis, Inc.",0001045609,4,2026-07-20,2026-07-16,0001193125-26-309058,https://www.sec.gov/Archives/edgar/data/1045609/000119312526309058/ownership.xml,nonDerivative,2026-07-16,S,Common Stock,50000,149.91,7495500.0,969089,I,Moghadam Hamid,,true,false,false,,SEC EDGAR
"OMC|0001213900-26-079641|nonDerivative|2026-07-16|Januzzi Louis F|A|Common Stock, par value $0.15 per share|7720|0|D",2026-07-27 03:57:10+0000,OMC,OMNICOM GROUP INC.,0000029989,4,2026-07-20,2026-07-16,0001213900-26-079641,https://www.sec.gov/Archives/edgar/data/29989/000121390026079641/ownership.xml,nonDerivative,2026-07-16,A,"Common Stock, par value $0.15 per share",7720,0,0.0,40866.453,D,Januzzi Louis F,"Officer, Senior VP, Gen. Counsel & Sec.",0,1,0,"Senior VP, Gen. Counsel & Sec.",SEC EDGAR
KMI|0001506307-26-000061|nonDerivative|2026-07-18|Pitta Michael J|M|Class P Common Stock|14468|0|D,2026-07-27 03:57:10+0000,KMI,"KINDER MORGAN, INC.",0001506307,4,2026-07-20,2026-07-18,0001506307-26-000061,https://www.sec.gov/Archives/edgar/data/1506307/000150630726000061/wk-form4_1784587340.xml,nonDerivative,2026-07-18,M,Class P Common Stock,14468,0,0.0,80759,D,Pitta Michael J,"Officer, VP and Chief Admin. Officer",0,1,0,VP and Chief Admin. Officer,SEC EDGAR
KMI|0001506307-26-000061|nonDerivative|2026-07-18|Pitta Michael J|F|Class P Common Stock|3523|32.30|D,2026-07-27 03:57:10+0000,KMI,"KINDER MORGAN, INC.",0001506307,4,2026-07-20,2026-07-18,0001506307-26-000061,https://www.sec.gov/Archives/edgar/data/1506307/000150630726000061/wk-form4_1784587340.xml,nonDerivative,2026-07-18,F,Class P Common Stock,3523,32.30,113792.9,77236,D,Pitta Michael J,"Officer, VP and Chief Admin. Officer",0,1,0,VP and Chief Admin. Officer,SEC EDGAR
KMI|0001506307-26-000061|derivative|2026-07-18|Pitta Michael J|M|Restricted Stock Unit|14468|0|D,2026-07-27 03:57:10+0000,KMI,"KINDER MORGAN, INC.",0001506307,4,2026-07-20,2026-07-18,0001506307-26-000061,https://www.sec.gov/Archives/edgar/data/1506307/000150630726000061/wk-form4_1784587340.xml,derivative,2026-07-18,M,Restricted Stock Unit,14468,0,0.0,0,D,Pitta Michael J,"Officer, VP and Chief Admin. Officer",0,1,0,VP and Chief Admin. Officer,SEC EDGAR
KMI|0001506307-26-000059|nonDerivative|2026-07-16|Garthwaite Michael P.|S|Class P Common Stock|1550|32.516|D,2026-07-27 03:57:10+0000,KMI,"KINDER MORGAN, INC.",0001506307,4,2026-07-20,2026-07-16,0001506307-26-000059,https://www.sec.gov/Archives/edgar/data/1506307/000150630726000059/wk-form4_1784587264.xml,nonDerivative,2026-07-16,S,Class P Common Stock,1550,32.516,50399.799999999996,40193,D,Garthwaite Michael P.,"Officer, VP (Pres., Products Pipelines)",0,1,0,"VP (Pres., Products Pipelines)",SEC EDGAR
KMI|0001506307-26-000059|nonDerivative|2026-07-18|Garthwaite Michael P.|M|Class P Common Stock|15915|0|D,2026-07-27 03:57:10+0000,KMI,"KINDER MORGAN, INC.",0001506307,4,2026-07-20,2026-07-16,0001506307-26-000059,https://www.sec.gov/Archives/edgar/data/1506307/000150630726000059/wk-form4_1784587264.xml,nonDerivative,2026-07-18,M,Class P Common Stock,15915,0,0.0,56108,D,Garthwaite Michael P.,"Officer, VP (Pres., Products Pipelines)",0,1,0,"VP (Pres., Products Pipelines)",SEC EDGAR
KMI|0001506307-26-000059|nonDerivative|2026-07-18|Garthwaite Michael P.|F|Class P Common Stock|4145|32.30|D,2026-07-27 03:57:10+0000,KMI,"KINDER MORGAN, INC.",0001506307,4,2026-07-20,2026-07-16,0001506307-26-000059,https://www.sec.gov/Archives/edgar/data/1506307/000150630726000059/wk-form4_1784587264.xml,nonDerivative,2026-07-18,F,Class P Common Stock,4145,32.30,133883.5,51963,D,Garthwaite Michael P.,"Officer, VP (Pres., Products Pipelines)",0,1,0,"VP (Pres., Products Pipelines)",SEC EDGAR
KMI|0001506307-26-000059|derivative|2026-07-18|Garthwaite Michael P.|M|Restricted Stock Unit|15915|0|D,2026-07-27 03:57:10+0000,KMI,"KINDER MORGAN, INC.",0001506307,4,2026-07-20,2026-07-16,0001506307-26-000059,https://www.sec.gov/Archives/edgar/data/1506307/000150630726000059/wk-form4_1784587264.xml,derivative,2026-07-18,M,Restricted Stock Unit,15915,0,0.0,0,D,Garthwaite Michael P.,"Officer, VP (Pres., Products Pipelines)",0,1,0,"VP (Pres., Products Pipelines)",SEC EDGAR
INCY|0001912317-26-000015|nonDerivative|2026-07-16|Tray Thomas|A|Common Stock|2834|0|D,2026-07-27 03:57:10+0000,INCY,INCYTE CORP,0000879169,4,2026-07-20,2026-07-16,0001912317-26-000015,https://www.sec.gov/Archives/edgar/data/879169/000191231726000015/wk-form4_1784578233.xml,nonDerivative,2026-07-16,A,Common Stock,2834,0,0.0,21699,D,Tray Thomas,"Officer, Principal Accounting Officer",0,1,0,Principal Accounting Officer,SEC EDGAR
INCY|0001912317-26-000015|derivative|2026-07-16|Tray Thomas|A|Employee Stock Option (right to buy)|4079|0|D,2026-07-27 03:57:10+0000,INCY,INCYTE CORP,0000879169,4,2026-07-20,2026-07-16,0001912317-26-000015,https://www.sec.gov/Archives/edgar/data/879169/000191231726000015/wk-form4_1784578233.xml,derivative,2026-07-16,A,Employee Stock Option (right to buy),4079,0,0.0,4079,D,Tray Thomas,"Officer, Principal Accounting Officer",0,1,0,Principal Accounting Officer,SEC EDGAR
INCY|0001673776-26-000019|nonDerivative|2026-07-16|Stein Steven H|S|Common Stock|1877|114.73|D,2026-07-27 03:57:10+0000,INCY,INCYTE CORP,0000879169,4,2026-07-20,2026-07-16,0001673776-26-000019,https://www.sec.gov/Archives/edgar/data/879169/000167377626000019/wk-form4_1784578217.xml,nonDerivative,2026-07-16,S,Common Stock,1877,114.73,215348.21000000002,21118,D,Stein Steven H,"Officer, CMO & Head of Late-Stage Dev.",0,1,0,CMO & Head of Late-Stage Dev.,SEC EDGAR
INCY|0001673776-26-000019|nonDerivative|2026-07-16|Stein Steven H|A|Common Stock|9798|0|D,2026-07-27 03:57:10+0000,INCY,INCYTE CORP,0000879169,4,2026-07-20,2026-07-16,0001673776-26-000019,https://www.sec.gov/Archives/edgar/data/879169/000167377626000019/wk-form4_1784578217.xml,nonDerivative,2026-07-16,A,Common Stock,9798,0,0.0,30916,D,Stein Steven H,"Officer, CMO & Head of Late-Stage Dev.",0,1,0,CMO & Head of Late-Stage Dev.,SEC EDGAR
INCY|0001673776-26-000019|derivative|2026-07-16|Stein Steven H|A|Performance Shares|24496|0|D,2026-07-27 03:57:10+0000,INCY,INCYTE CORP,0000879169,4,2026-07-20,2026-07-16,0001673776-26-000019,https://www.sec.gov/Archives/edgar/data/879169/000167377626000019/wk-form4_1784578217.xml,derivative,2026-07-16,A,Performance Shares,24496,0,0.0,24496,D,Stein Steven H,"Officer, CMO & Head of Late-Stage Dev.",0,1,0,CMO & Head of Late-Stage Dev.,SEC EDGAR
INCY|0001673776-26-000019|derivative|2026-07-16|Stein Steven H|A|Employee Stock Option (right to buy)|42298|0|D,2026-07-27 03:57:10+0000,INCY,INCYTE CORP,0000879169,4,2026-07-20,2026-07-16,0001673776-26-000019,https://www.sec.gov/Archives/edgar/data/879169/000167377626000019/wk-form4_1784578217.xml,derivative,2026-07-16,A,Employee Stock Option (right to buy),42298,0,0.0,42298,D,Stein Steven H,"Officer, CMO & Head of Late-Stage Dev.",0,1,0,CMO & Head of Late-Stage Dev.,SEC EDGAR
INCY|0001536778-26-000009|nonDerivative|2026-07-16|Meury William|A|Common Stock|26807|0|D,2026-07-27 03:57:10+0000,INCY,INCYTE CORP,0000879169,4,2026-07-20,2026-07-16,0001536778-26-000009,https://www.sec.gov/Archives/edgar/data/879169/000153677826000009/wk-form4_1784578056.xml,nonDerivative,2026-07-16,A,Common Stock,26807,0,0.0,183129,D,Meury William,"Director, Officer, Chief Executive Officer",1,1,0,Chief Executive Officer,SEC EDGAR
INCY|0001536778-26-000009|derivative|2026-07-16|Meury William|A|Performance Shares|80421|0|D,2026-07-27 03:57:10+0000,INCY,INCYTE CORP,0000879169,4,2026-07-20,2026-07-16,0001536778-26-000009,https://www.sec.gov/Archives/edgar/data/879169/000153677826000009/wk-form4_1784578056.xml,derivative,2026-07-16,A,Performance Shares,80421,0,0.0,80421,D,Meury William,"Director, Officer, Chief Executive Officer",1,1,0,Chief Executive Officer,SEC EDGAR
INCY|0001536778-26-000009|derivative|2026-07-16|Meury William|A|Employee Stock Option (right to buy)|77148|0|D,2026-07-27 03:57:10+0000,INCY,INCYTE CORP,0000879169,4,2026-07-20,2026-07-16,0001536778-26-000009,https://www.sec.gov/Archives/edgar/data/879169/000153677826000009/wk-form4_1784578056.xml,derivative,2026-07-16,A,Employee Stock Option (right to buy),77148,0,0.0,77148,D,Meury William,"Director, Officer, Chief Executive Officer",1,1,0,Chief Executive Officer,SEC EDGAR
INCY|0002079962-26-000011|nonDerivative|2026-07-16|Mayes Patrick A|A|Common Stock|5916|0|D,2026-07-27 03:57:10+0000,INCY,INCYTE CORP,0000879169,4,2026-07-20,2026-07-16,0002079962-26-000011,https://www.sec.gov/Archives/edgar/data/879169/000207996226000011/wk-form4_1784578199.xml,nonDerivative,2026-07-16,A,Common Stock,5916,0,0.0,63628,D,Mayes Patrick A,"Officer, EVP & Chief Scientific Officer",0,1,0,EVP & Chief Scientific Officer,SEC EDGAR
INCY|0002079962-26-000011|derivative|2026-07-16|Mayes Patrick A|A|Performance Shares|14790|0|D,2026-07-27 03:57:10+0000,INCY,INCYTE CORP,0000879169,4,2026-07-20,2026-07-16,0002079962-26-000011,https://www.sec.gov/Archives/edgar/data/879169/000207996226000011/wk-form4_1784578199.xml,derivative,2026-07-16,A,Performance Shares,14790,0,0.0,14790,D,Mayes Patrick A,"Officer, EVP & Chief Scientific Officer",0,1,0,EVP & Chief Scientific Officer,SEC EDGAR
INCY|0002079962-26-000011|derivative|2026-07-16|Mayes Patrick A|A|Employee Stock Option (right to buy)|25538|0|D,2026-07-27 03:57:10+0000,INCY,INCYTE CORP,0000879169,4,2026-07-20,2026-07-16,0002079962-26-000011,https://www.sec.gov/Archives/edgar/data/879169/000207996226000011/wk-form4_1784578199.xml,derivative,2026-07-16,A,Employee Stock Option (right to buy),25538,0,0.0,25538,D,Mayes Patrick A,"Officer, EVP & Chief Scientific Officer",0,1,0,EVP & Chief Scientific Officer,SEC EDGAR
INCY|0002050035-26-000011|nonDerivative|2026-07-16|Issa Mohamed Khairie|S|Common Stock|1093|115.01|D,2026-07-27 03:57:10+0000,INCY,INCYTE CORP,0000879169,4,2026-07-20,2026-07-16,0002050035-26-000011,https://www.sec.gov/Archives/edgar/data/879169/000205003526000011/wk-form4_1784578149.xml,nonDerivative,2026-07-16,S,Common Stock,1093,115.01,125705.93000000001,63940,D,Issa Mohamed Khairie,"Officer, EVP, Head of U.S. Commercial",0,1,0,"EVP, Head of U.S. Commercial",SEC EDGAR
INCY|0002050035-26-000011|nonDerivative|2026-07-16|Issa Mohamed Khairie|A|Common Stock|7857|0|D,2026-07-27 03:57:10+0000,INCY,INCYTE CORP,0000879169,4,2026-07-20,2026-07-16,0002050035-26-000011,https://www.sec.gov/Archives/edgar/data/879169/000205003526000011/wk-form4_1784578149.xml,nonDerivative,2026-07-16,A,Common Stock,7857,0,0.0,71797,D,Issa Mohamed Khairie,"Officer, EVP, Head of U.S. Commercial",0,1,0,"EVP, Head of U.S. Commercial",SEC EDGAR
INCY|0002050035-26-000011|derivative|2026-07-16|Issa Mohamed Khairie|A|Performance Shares|19643|0|D,2026-07-27 03:57:10+0000,INCY,INCYTE CORP,0000879169,4,2026-07-20,2026-07-16,0002050035-26-000011,https://www.sec.gov/Archives/edgar/data/879169/000205003526000011/wk-form4_1784578149.xml,derivative,2026-07-16,A,Performance Shares,19643,0,0.0,19643,D,Issa Mohamed Khairie,"Officer, EVP, Head of U.S. Commercial",0,1,0,"EVP, Head of U.S. Commercial",SEC EDGAR
INCY|0002050035-26-000011|derivative|2026-07-16|Issa Mohamed Khairie|A|Employee Stock Option (right to buy)|33918|0|D,2026-07-27 03:57:10+0000,INCY,INCYTE CORP,0000879169,4,2026-07-20,2026-07-16,0002050035-26-000011,https://www.sec.gov/Archives/edgar/data/879169/000205003526000011/wk-form4_1784578149.xml,derivative,2026-07-16,A,Employee Stock Option (right to buy),33918,0,0.0,33918,D,Issa Mohamed Khairie,"Officer, EVP, Head of U.S. Commercial",0,1,0,"EVP, Head of U.S. Commercial",SEC EDGAR
INCY|0002098091-26-000005|nonDerivative|2026-07-16|Hoffman Richard A.|A|Common Stock|7395|0|D,2026-07-27 03:57:10+0000,INCY,INCYTE CORP,0000879169,4,2026-07-20,2026-07-16,0002098091-26-000005,https://www.sec.gov/Archives/edgar/data/879169/000209809126000005/wk-form4_1784578078.xml,nonDerivative,2026-07-16,A,Common Stock,7395,0,0.0,16861,D,Hoffman Richard A.,"Officer, EVP & General Counsel",0,1,0,EVP & General Counsel,SEC EDGAR
INCY|0002098091-26-000005|derivative|2026-07-16|Hoffman Richard A.|A|Performance Shares|18487|0|D,2026-07-27 03:57:10+0000,INCY,INCYTE CORP,0000879169,4,2026-07-20,2026-07-16,0002098091-26-000005,https://www.sec.gov/Archives/edgar/data/879169/000209809126000005/wk-form4_1784578078.xml,derivative,2026-07-16,A,Performance Shares,18487,0,0.0,18487,D,Hoffman Richard A.,"Officer, EVP & General Counsel",0,1,0,EVP & General Counsel,SEC EDGAR
INCY|0002098091-26-000005|derivative|2026-07-16|Hoffman Richard A.|A|Employee Stock Option (right to buy)|31923|0|D,2026-07-27 03:57:10+0000,INCY,INCYTE CORP,0000879169,4,2026-07-20,2026-07-16,0002098091-26-000005,https://www.sec.gov/Archives/edgar/data/879169/000209809126000005/wk-form4_1784578078.xml,derivative,2026-07-16,A,Employee Stock Option (right to buy),31923,0,0.0,31923,D,Hoffman Richard A.,"Officer, EVP & General Counsel",0,1,0,EVP & General Counsel,SEC EDGAR
INCY|0002085970-26-000005|nonDerivative|2026-07-16|Gardner David H|A|Common Stock|7395|0|D,2026-07-27 03:57:10+0000,INCY,INCYTE CORP,0000879169,4,2026-07-20,2026-07-16,0002085970-26-000005,https://www.sec.gov/Archives/edgar/data/879169/000208597026000005/wk-form4_1784578107.xml,nonDerivative,2026-07-16,A,Common Stock,7395,0,0.0,16824,D,Gardner David H,"Officer, EVP, Chief Strategy Officer",0,1,0,"EVP, Chief Strategy Officer",SEC EDGAR
INCY|0002085970-26-000005|derivative|2026-07-16|Gardner David H|A|Performance Shares|18487|0|D,2026-07-27 03:57:10+0000,INCY,INCYTE CORP,0000879169,4,2026-07-20,2026-07-16,0002085970-26-000005,https://www.sec.gov/Archives/edgar/data/879169/000208597026000005/wk-form4_1784578107.xml,derivative,2026-07-16,A,Performance Shares,18487,0,0.0,18487,D,Gardner David H,"Officer, EVP, Chief Strategy Officer",0,1,0,"EVP, Chief Strategy Officer",SEC EDGAR
INCY|0002085970-26-000005|derivative|2026-07-16|Gardner David H|A|Employee Stock Option (right to buy)|31923|0|D,2026-07-27 03:57:10+0000,INCY,INCYTE CORP,0000879169,4,2026-07-20,2026-07-16,0002085970-26-000005,https://www.sec.gov/Archives/edgar/data/879169/000208597026000005/wk-form4_1784578107.xml,derivative,2026-07-16,A,Employee Stock Option (right to buy),31923,0,0.0,31923,D,Gardner David H,"Officer, EVP, Chief Strategy Officer",0,1,0,"EVP, Chief Strategy Officer",SEC EDGAR
INCY|0001205703-26-000021|nonDerivative|2026-07-16|CAGNONI PABLO J|A|Common Stock|13403|0|D,2026-07-27 03:57:10+0000,INCY,INCYTE CORP,0000879169,4,2026-07-20,2026-07-16,0001205703-26-000021,https://www.sec.gov/Archives/edgar/data/879169/000120570326000021/wk-form4_1784578174.xml,nonDerivative,2026-07-16,A,Common Stock,13403,0,0.0,231332,D,CAGNONI PABLO J,"Officer, President, Global Head of R&D",0,1,0,"President, Global Head of R&D",SEC EDGAR
INCY|0001205703-26-000021|derivative|2026-07-16|CAGNONI PABLO J|A|Performance Shares|33508|0|D,2026-07-27 03:57:10+0000,INCY,INCYTE CORP,0000879169,4,2026-07-20,2026-07-16,0001205703-26-000021,https://www.sec.gov/Archives/edgar/data/879169/000120570326000021/wk-form4_1784578174.xml,derivative,2026-07-16,A,Performance Shares,33508,0,0.0,33508,D,CAGNONI PABLO J,"Officer, President, Global Head of R&D",0,1,0,"President, Global Head of R&D",SEC EDGAR
INCY|0001205703-26-000021|derivative|2026-07-16|CAGNONI PABLO J|A|Employee Stock Option (right to buy)|57861|0|D,2026-07-27 03:57:10+0000,INCY,INCYTE CORP,0000879169,4,2026-07-20,2026-07-16,0001205703-26-000021,https://www.sec.gov/Archives/edgar/data/879169/000120570326000021/wk-form4_1784578174.xml,derivative,2026-07-16,A,Employee Stock Option (right to buy),57861,0,0.0,57861,D,CAGNONI PABLO J,"Officer, President, Global Head of R&D",0,1,0,"President, Global Head of R&D",SEC EDGAR
INCY|0002083591-26-000005|nonDerivative|2026-07-16|Basi Ramitpal K|A|Common Stock|4991|0|D,2026-07-27 03:57:10+0000,INCY,INCYTE CORP,0000879169,4,2026-07-20,2026-07-16,0002083591-26-000005,https://www.sec.gov/Archives/edgar/data/879169/000208359126000005/wk-form4_1784578131.xml,nonDerivative,2026-07-16,A,Common Stock,4991,0,0.0,11497,D,Basi Ramitpal K,"Officer, EVP, Human Resources",0,1,0,"EVP, Human Resources",SEC EDGAR
INCY|0002083591-26-000005|derivative|2026-07-16|Basi Ramitpal K|A|Performance Shares|12479|0|D,2026-07-27 03:57:10+0000,INCY,INCYTE CORP,0000879169,4,2026-07-20,2026-07-16,0002083591-26-000005,https://www.sec.gov/Archives/edgar/data/879169/000208359126000005/wk-form4_1784578131.xml,derivative,2026-07-16,A,Performance Shares,12479,0,0.0,12479,D,Basi Ramitpal K,"Officer, EVP, Human Resources",0,1,0,"EVP, Human Resources",SEC EDGAR
INCY|0002083591-26-000005|derivative|2026-07-16|Basi Ramitpal K|A|Employee Stock Option (right to buy)|21548|0|D,2026-07-27 03:57:10+0000,INCY,INCYTE CORP,0000879169,4,2026-07-20,2026-07-16,0002083591-26-000005,https://www.sec.gov/Archives/edgar/data/879169/000208359126000005/wk-form4_1784578131.xml,derivative,2026-07-16,A,Employee Stock Option (right to buy),21548,0,0.0,21548,D,Basi Ramitpal K,"Officer, EVP, Human Resources",0,1,0,"EVP, Human Resources",SEC EDGAR
ICE|0001193125-26-308983|nonDerivative|2026-07-16|Martin Lynn C|M|Common Stock|15882|57.31|D,2026-07-27 03:57:10+0000,ICE,"Intercontinental Exchange, Inc.",0001571949,4,2026-07-20,2026-07-16,0001193125-26-308983,https://www.sec.gov/Archives/edgar/data/1571949/000119312526308983/ownership.xml,nonDerivative,2026-07-16,M,Common Stock,15882,57.31,910197.42,70302,D,Martin Lynn C,"President, NYSE Group",false,true,false,"President, NYSE Group",SEC EDGAR
ICE|0001193125-26-308983|nonDerivative|2026-07-16|Martin Lynn C|S|Common Stock|3000|139.7455|D,2026-07-27 03:57:10+0000,ICE,"Intercontinental Exchange, Inc.",0001571949,4,2026-07-20,2026-07-16,0001193125-26-308983,https://www.sec.gov/Archives/edgar/data/1571949/000119312526308983/ownership.xml,nonDerivative,2026-07-16,S,Common Stock,3000,139.7455,419236.5,67302,D,Martin Lynn C,"President, NYSE Group",false,true,false,"President, NYSE Group",SEC EDGAR
ICE|0001193125-26-308983|nonDerivative|2026-07-16|Martin Lynn C|S|Common Stock|3200|140.9036|D,2026-07-27 03:57:10+0000,ICE,"Intercontinental Exchange, Inc.",0001571949,4,2026-07-20,2026-07-16,0001193125-26-308983,https://www.sec.gov/Archives/edgar/data/1571949/000119312526308983/ownership.xml,nonDerivative,2026-07-16,S,Common Stock,3200,140.9036,450891.52,64102,D,Martin Lynn C,"President, NYSE Group",false,true,false,"President, NYSE Group",SEC EDGAR
ICE|0001193125-26-308983|nonDerivative|2026-07-16|Martin Lynn C|S|Common Stock|9482|141.65|D,2026-07-27 03:57:10+0000,ICE,"Intercontinental Exchange, Inc.",0001571949,4,2026-07-20,2026-07-16,0001193125-26-308983,https://www.sec.gov/Archives/edgar/data/1571949/000119312526308983/ownership.xml,nonDerivative,2026-07-16,S,Common Stock,9482,141.65,1343125.3,54620,D,Martin Lynn C,"President, NYSE Group",false,true,false,"President, NYSE Group",SEC EDGAR
ICE|0001193125-26-308983|nonDerivative|2026-07-16|Martin Lynn C|S|Common Stock|200|142.3002|D,2026-07-27 03:57:10+0000,ICE,"Intercontinental Exchange, Inc.",0001571949,4,2026-07-20,2026-07-16,0001193125-26-308983,https://www.sec.gov/Archives/edgar/data/1571949/000119312526308983/ownership.xml,nonDerivative,2026-07-16,S,Common Stock,200,142.3002,28460.039999999997,54420,D,Martin Lynn C,"President, NYSE Group",false,true,false,"President, NYSE Group",SEC EDGAR
ICE|0001193125-26-308983|derivative|2026-07-16|Martin Lynn C|M|Employee Stock Option (right to buy) Holding|15882|0|D,2026-07-27 03:57:10+0000,ICE,"Intercontinental Exchange, Inc.",0001571949,4,2026-07-20,2026-07-16,0001193125-26-308983,https://www.sec.gov/Archives/edgar/data/1571949/000119312526308983/ownership.xml,derivative,2026-07-16,M,Employee Stock Option (right to buy) Holding,15882,0,0.0,0,D,Martin Lynn C,"President, NYSE Group",false,true,false,"President, NYSE Group",SEC EDGAR
"HSY|0000950142-26-002130|nonDerivative|2026-07-16|HERSHEY TRUST CO TRUSTEE IN TRUST FOR MILTON HERSHEY SCHOOL|S|Common Stock, $1.00 par value|633|171.5830|D",2026-07-27 03:57:10+0000,HSY,HERSHEY CO,0000047111,4,2026-07-20,2026-07-16,0000950142-26-002130,https://www.sec.gov/Archives/edgar/data/47111/000095014226002130/es260808162_4-hsy.xml,nonDerivative,2026-07-16,S,"Common Stock, $1.00 par value",633,171.5830,108612.039,1225486,D,HERSHEY TRUST CO TRUSTEE IN TRUST FOR MILTON HERSHEY SCHOOL,10% Owner,0,0,1,,SEC EDGAR
"HSY|0000950142-26-002130|nonDerivative|2026-07-16|HERSHEY TRUST CO TRUSTEE IN TRUST FOR MILTON HERSHEY SCHOOL|S|Common Stock, $1.00 par value|969|172.4443|D",2026-07-27 03:57:10+0000,HSY,HERSHEY CO,0000047111,4,2026-07-20,2026-07-16,0000950142-26-002130,https://www.sec.gov/Archives/edgar/data/47111/000095014226002130/es260808162_4-hsy.xml,nonDerivative,2026-07-16,S,"Common Stock, $1.00 par value",969,172.4443,167098.5267,1224517,D,HERSHEY TRUST CO TRUSTEE IN TRUST FOR MILTON HERSHEY SCHOOL,10% Owner,0,0,1,,SEC EDGAR
"HSY|0000950142-26-002130|nonDerivative|2026-07-16|HERSHEY TRUST CO TRUSTEE IN TRUST FOR MILTON HERSHEY SCHOOL|S|Common Stock, $1.00 par value|1825|173.4711|D",2026-07-27 03:57:10+0000,HSY,HERSHEY CO,0000047111,4,2026-07-20,2026-07-16,0000950142-26-002130,https://www.sec.gov/Archives/edgar/data/47111/000095014226002130/es260808162_4-hsy.xml,nonDerivative,2026-07-16,S,"Common Stock, $1.00 par value",1825,173.4711,316584.7575,1222692,D,HERSHEY TRUST CO TRUSTEE IN TRUST FOR MILTON HERSHEY SCHOOL,10% Owner,0,0,1,,SEC EDGAR
"HSY|0000950142-26-002130|nonDerivative|2026-07-16|HERSHEY TRUST CO TRUSTEE IN TRUST FOR MILTON HERSHEY SCHOOL|S|Common Stock, $1.00 par value|5428|174.6114|D",2026-07-27 03:57:10+0000,HSY,HERSHEY CO,0000047111,4,2026-07-20,2026-07-16,0000950142-26-002130,https://www.sec.gov/Archives/edgar/data/47111/000095014226002130/es260808162_4-hsy.xml,nonDerivative,2026-07-16,S,"Common Stock, $1.00 par value",5428,174.6114,947790.6792,1217264,D,HERSHEY TRUST CO TRUSTEE IN TRUST FOR MILTON HERSHEY SCHOOL,10% Owner,0,0,1,,SEC EDGAR
"HSY|0000950142-26-002130|nonDerivative|2026-07-16|HERSHEY TRUST CO TRUSTEE IN TRUST FOR MILTON HERSHEY SCHOOL|S|Common Stock, $1.00 par value|979|175.4703|D",2026-07-27 03:57:10+0000,HSY,HERSHEY CO,0000047111,4,2026-07-20,2026-07-16,0000950142-26-002130,https://www.sec.gov/Archives/edgar/data/47111/000095014226002130/es260808162_4-hsy.xml,nonDerivative,2026-07-16,S,"Common Stock, $1.00 par value",979,175.4703,171785.4237,1216285,D,HERSHEY TRUST CO TRUSTEE IN TRUST FOR MILTON HERSHEY SCHOOL,10% Owner,0,0,1,,SEC EDGAR
"HSY|0000950142-26-002130|nonDerivative|2026-07-16|HERSHEY TRUST CO TRUSTEE IN TRUST FOR MILTON HERSHEY SCHOOL|S|Common Stock, $1.00 par value|166|176.1923|D",2026-07-27 03:57:10+0000,HSY,HERSHEY CO,0000047111,4,2026-07-20,2026-07-16,0000950142-26-002130,https://www.sec.gov/Archives/edgar/data/47111/000095014226002130/es260808162_4-hsy.xml,nonDerivative,2026-07-16,S,"Common Stock, $1.00 par value",166,176.1923,29247.921799999996,1216119,D,HERSHEY TRUST CO TRUSTEE IN TRUST FOR MILTON HERSHEY SCHOOL,10% Owner,0,0,1,,SEC EDGAR
"HSY|0000950142-26-002130|nonDerivative|2026-07-17|HERSHEY TRUST CO TRUSTEE IN TRUST FOR MILTON HERSHEY SCHOOL|S|Common Stock, $1.00 par value|181|170.9379|D",2026-07-27 03:57:10+0000,HSY,HERSHEY CO,0000047111,4,2026-07-20,2026-07-16,0000950142-26-002130,https://www.sec.gov/Archives/edgar/data/47111/000095014226002130/es260808162_4-hsy.xml,nonDerivative,2026-07-17,S,"Common Stock, $1.00 par value",181,170.9379,30939.7599,1215938,D,HERSHEY TRUST CO TRUSTEE IN TRUST FOR MILTON HERSHEY SCHOOL,10% Owner,0,0,1,,SEC EDGAR
"HSY|0000950142-26-002130|nonDerivative|2026-07-17|HERSHEY TRUST CO TRUSTEE IN TRUST FOR MILTON HERSHEY SCHOOL|S|Common Stock, $1.00 par value|6807|171.3885|D",2026-07-27 03:57:10+0000,HSY,HERSHEY CO,0000047111,4,2026-07-20,2026-07-16,0000950142-26-002130,https://www.sec.gov/Archives/edgar/data/47111/000095014226002130/es260808162_4-hsy.xml,nonDerivative,2026-07-17,S,"Common Stock, $1.00 par value",6807,171.3885,1166641.5195,1209131,D,HERSHEY TRUST CO TRUSTEE IN TRUST FOR MILTON HERSHEY SCHOOL,10% Owner,0,0,1,,SEC EDGAR
"HSY|0000950142-26-002130|nonDerivative|2026-07-17|HERSHEY TRUST CO TRUSTEE IN TRUST FOR MILTON HERSHEY SCHOOL|S|Common Stock, $1.00 par value|667|172.5457|D",2026-07-27 03:57:10+0000,HSY,HERSHEY CO,0000047111,4,2026-07-20,2026-07-16,0000950142-26-002130,https://www.sec.gov/Archives/edgar/data/47111/000095014226002130/es260808162_4-hsy.xml,nonDerivative,2026-07-17,S,"Common Stock, $1.00 par value",667,172.5457,115087.98190000001,1208464,D,HERSHEY TRUST CO TRUSTEE IN TRUST FOR MILTON HERSHEY SCHOOL,10% Owner,0,0,1,,SEC EDGAR
"HSY|0000950142-26-002130|nonDerivative|2026-07-17|HERSHEY TRUST CO TRUSTEE IN TRUST FOR MILTON HERSHEY SCHOOL|S|Common Stock, $1.00 par value|53|173.4077|D",2026-07-27 03:57:10+0000,HSY,HERSHEY CO,0000047111,4,2026-07-20,2026-07-16,0000950142-26-002130,https://www.sec.gov/Archives/edgar/data/47111/000095014226002130/es260808162_4-hsy.xml,nonDerivative,2026-07-17,S,"Common Stock, $1.00 par value",53,173.4077,9190.6081,1208411,D,HERSHEY TRUST CO TRUSTEE IN TRUST FOR MILTON HERSHEY SCHOOL,10% Owner,0,0,1,,SEC EDGAR
"HSY|0000950142-26-002130|nonDerivative|2026-07-17|HERSHEY TRUST CO TRUSTEE IN TRUST FOR MILTON HERSHEY SCHOOL|S|Common Stock, $1.00 par value|1514|174.3531|D",2026-07-27 03:57:10+0000,HSY,HERSHEY CO,0000047111,4,2026-07-20,2026-07-16,0000950142-26-002130,https://www.sec.gov/Archives/edgar/data/47111/000095014226002130/es260808162_4-hsy.xml,nonDerivative,2026-07-17,S,"Common Stock, $1.00 par value",1514,174.3531,263970.5934,1206897,D,HERSHEY TRUST CO TRUSTEE IN TRUST FOR MILTON HERSHEY SCHOOL,10% Owner,0,0,1,,SEC EDGAR
"HSY|0000950142-26-002130|nonDerivative|2026-07-17|HERSHEY TRUST CO TRUSTEE IN TRUST FOR MILTON HERSHEY SCHOOL|S|Common Stock, $1.00 par value|36|175.5250|D",2026-07-27 03:57:10+0000,HSY,HERSHEY CO,0000047111,4,2026-07-20,2026-07-16,0000950142-26-002130,https://www.sec.gov/Archives/edgar/data/47111/000095014226002130/es260808162_4-hsy.xml,nonDerivative,2026-07-17,S,"Common Stock, $1.00 par value",36,175.5250,6318.900000000001,1206861,D,HERSHEY TRUST CO TRUSTEE IN TRUST FOR MILTON HERSHEY SCHOOL,10% Owner,0,0,1,,SEC EDGAR
"HSY|0000950142-26-002130|nonDerivative|2026-07-17|HERSHEY TRUST CO TRUSTEE IN TRUST FOR MILTON HERSHEY SCHOOL|S|Common Stock, $1.00 par value|341|176.4161|D",2026-07-27 03:57:10+0000,HSY,HERSHEY CO,0000047111,4,2026-07-20,2026-07-16,0000950142-26-002130,https://www.sec.gov/Archives/edgar/data/47111/000095014226002130/es260808162_4-hsy.xml,nonDerivative,2026-07-17,S,"Common Stock, $1.00 par value",341,176.4161,60157.8901,1206520,D,HERSHEY TRUST CO TRUSTEE IN TRUST FOR MILTON HERSHEY SCHOOL,10% Owner,0,0,1,,SEC EDGAR
"HSY|0000950142-26-002130|nonDerivative|2026-07-17|HERSHEY TRUST CO TRUSTEE IN TRUST FOR MILTON HERSHEY SCHOOL|S|Common Stock, $1.00 par value|401|177.2355|D",2026-07-27 03:57:10+0000,HSY,HERSHEY CO,0000047111,4,2026-07-20,2026-07-16,0000950142-26-002130,https://www.sec.gov/Archives/edgar/data/47111/000095014226002130/es260808162_4-hsy.xml,nonDerivative,2026-07-17,S,"Common Stock, $1.00 par value",401,177.2355,71071.4355,1206119,D,HERSHEY TRUST CO TRUSTEE IN TRUST FOR MILTON HERSHEY SCHOOL,10% Owner,0,0,1,,SEC EDGAR
"HOOD|0001783879-26-000097|nonDerivative|2026-07-16|Robinhood Markets, Inc.|S|Common Shares of Beneficial Interest|6597|26.19|D",2026-07-27 03:57:10+0000,HOOD,"Robinhood Markets, Inc.",0001783879,4,2026-07-20,2026-07-16,0001783879-26-000097,https://www.sec.gov/Archives/edgar/data/1783879/000178387926000097/wk-form4_1784580144.xml,nonDerivative,2026-07-16,S,Common Shares of Beneficial Interest,6597,26.19,172775.43000000002,13258944,D,"Robinhood Markets, Inc.",10% Owner,0,0,1,,SEC EDGAR
"HOOD|0001783879-26-000097|nonDerivative|2026-07-16|Robinhood Markets, Inc.|S|Common Shares of Beneficial Interest|478|26.96|D",2026-07-27 03:57:10+0000,HOOD,"Robinhood Markets, Inc.",0001783879,4,2026-07-20,2026-07-16,0001783879-26-000097,https://www.sec.gov/Archives/edgar/data/1783879/000178387926000097/wk-form4_1784580144.xml,nonDerivative,2026-07-16,S,Common Shares of Beneficial Interest,478,26.96,12886.880000000001,13258466,D,"Robinhood Markets, Inc.",10% Owner,0,0,1,,SEC EDGAR
"HOOD|0001783879-26-000097|nonDerivative|2026-07-17|Robinhood Markets, Inc.|S|Common Shares of Beneficial Interest|13461|25.45|D",2026-07-27 03:57:10+0000,HOOD,"Robinhood Markets, Inc.",0001783879,4,2026-07-20,2026-07-16,0001783879-26-000097,https://www.sec.gov/Archives/edgar/data/1783879/000178387926000097/wk-form4_1784580144.xml,nonDerivative,2026-07-17,S,Common Shares of Beneficial Interest,13461,25.45,342582.45,13245005,D,"Robinhood Markets, Inc.",10% Owner,0,0,1,,SEC EDGAR
"HOOD|0001783879-26-000097|nonDerivative|2026-07-17|Robinhood Markets, Inc.|S|Common Shares of Beneficial Interest|10505|26.42|D",2026-07-27 03:57:10+0000,HOOD,"Robinhood Markets, Inc.",0001783879,4,2026-07-20,2026-07-16,0001783879-26-000097,https://www.sec.gov/Archives/edgar/data/1783879/000178387926000097/wk-form4_1784580144.xml,nonDerivative,2026-07-17,S,Common Shares of Beneficial Interest,10505,26.42,277542.10000000003,13234500,D,"Robinhood Markets, Inc.",10% Owner,0,0,1,,SEC EDGAR
"HOOD|0001783879-26-000097|nonDerivative|2026-07-17|Robinhood Markets, Inc.|S|Common Shares of Beneficial Interest|2248|27.32|D",2026-07-27 03:57:10+0000,HOOD,"Robinhood Markets, Inc.",0001783879,4,2026-07-20,2026-07-16,0001783879-26-000097,https://www.sec.gov/Archives/edgar/data/1783879/000178387926000097/wk-form4_1784580144.xml,nonDerivative,2026-07-17,S,Common Shares of Beneficial Interest,2248,27.32,61415.36,13232252,D,"Robinhood Markets, Inc.",10% Owner,0,0,1,,SEC EDGAR
HON|0002004222-26-000006|nonDerivative|2026-07-16|West Kenneth J|M|Common Stock|1030||D,2026-07-27 03:57:10+0000,HON,HONEYWELL INTERNATIONAL INC,0000773840,4,2026-07-20,2026-07-16,0002004222-26-000006,https://www.sec.gov/Archives/edgar/data/773840/000200422226000006/wk-form4_1784584070.xml,nonDerivative,2026-07-16,M,Common Stock,1030,,,2681,D,West Kenneth J,"Officer, Pres/CEO Process Technologies",0,1,0,Pres/CEO Process Technologies,SEC EDGAR
HON|0002004222-26-000006|nonDerivative|2026-07-16|West Kenneth J|F|Common Stock|549|239.58|D,2026-07-27 03:57:10+0000,HON,HONEYWELL INTERNATIONAL INC,0000773840,4,2026-07-20,2026-07-16,0002004222-26-000006,https://www.sec.gov/Archives/edgar/data/773840/000200422226000006/wk-form4_1784584070.xml,nonDerivative,2026-07-16,F,Common Stock,549,239.58,131529.42,2132,D,West Kenneth J,"Officer, Pres/CEO Process Technologies",0,1,0,Pres/CEO Process Technologies,SEC EDGAR
HON|0002004222-26-000006|derivative|2026-07-16|West Kenneth J|M|Restricted Stock Units|1030|0|D,2026-07-27 03:57:10+0000,HON,HONEYWELL INTERNATIONAL INC,0000773840,4,2026-07-20,2026-07-16,0002004222-26-000006,https://www.sec.gov/Archives/edgar/data/773840/000200422226000006/wk-form4_1784584070.xml,derivative,2026-07-16,M,Restricted Stock Units,1030,0,0.0,0,D,West Kenneth J,"Officer, Pres/CEO Process Technologies",0,1,0,Pres/CEO Process Technologies,SEC EDGAR
HON|0002056381-26-000004|nonDerivative|2026-07-16|Stepniak Michal|M|Common Stock|2575||D,2026-07-27 03:57:10+0000,HON,HONEYWELL INTERNATIONAL INC,0000773840,4,2026-07-20,2026-07-16,0002056381-26-000004,https://www.sec.gov/Archives/edgar/data/773840/000205638126000004/wk-form4_1784583903.xml,nonDerivative,2026-07-16,M,Common Stock,2575,,,3488,D,Stepniak Michal,"Officer, SrVP & Chief Financial Officer",0,1,0,SrVP & Chief Financial Officer,SEC EDGAR
HON|0002056381-26-000004|nonDerivative|2026-07-16|Stepniak Michal|F|Common Stock|1124|239.58|D,2026-07-27 03:57:10+0000,HON,HONEYWELL INTERNATIONAL INC,0000773840,4,2026-07-20,2026-07-16,0002056381-26-000004,https://www.sec.gov/Archives/edgar/data/773840/000205638126000004/wk-form4_1784583903.xml,nonDerivative,2026-07-16,F,Common Stock,1124,239.58,269287.92000000004,2364,D,Stepniak Michal,"Officer, SrVP & Chief Financial Officer",0,1,0,SrVP & Chief Financial Officer,SEC EDGAR
HON|0002056381-26-000004|derivative|2026-07-16|Stepniak Michal|M|Restricted Stock Units|2575|0|D,2026-07-27 03:57:10+0000,HON,HONEYWELL INTERNATIONAL INC,0000773840,4,2026-07-20,2026-07-16,0002056381-26-000004,https://www.sec.gov/Archives/edgar/data/773840/000205638126000004/wk-form4_1784583903.xml,derivative,2026-07-16,M,Restricted Stock Units,2575,0,0.0,0,D,Stepniak Michal,"Officer, SrVP & Chief Financial Officer",0,1,0,SrVP & Chief Financial Officer,SEC EDGAR
HON|0002077291-26-000002|nonDerivative|2026-07-16|Masso James|M|Common Stock|1879||D,2026-07-27 03:57:10+0000,HON,HONEYWELL INTERNATIONAL INC,0000773840,4,2026-07-20,2026-07-16,0002077291-26-000002,https://www.sec.gov/Archives/edgar/data/773840/000207729126000002/wk-form4_1784583519.xml,nonDerivative,2026-07-16,M,Common Stock,1879,,,1879,D,Masso James,"Officer, Pres/CEO, Process Automation",0,1,0,"Pres/CEO, Process Automation",SEC EDGAR
HON|0002077291-26-000002|nonDerivative|2026-07-16|Masso James|F|Common Stock|620|224|D,2026-07-27 03:57:10+0000,HON,HONEYWELL INTERNATIONAL INC,0000773840,4,2026-07-20,2026-07-16,0002077291-26-000002,https://www.sec.gov/Archives/edgar/data/773840/000207729126000002/wk-form4_1784583519.xml,nonDerivative,2026-07-16,F,Common Stock,620,224,138880.0,1259,D,Masso James,"Officer, Pres/CEO, Process Automation",0,1,0,"Pres/CEO, Process Automation",SEC EDGAR
HON|0002077291-26-000002|derivative|2026-07-16|Masso James|M|Restricted Stock Units|1879|0|D,2026-07-27 03:57:10+0000,HON,HONEYWELL INTERNATIONAL INC,0000773840,4,2026-07-20,2026-07-16,0002077291-26-000002,https://www.sec.gov/Archives/edgar/data/773840/000207729126000002/wk-form4_1784583519.xml,derivative,2026-07-16,M,Restricted Stock Units,1879,0,0.0,3733,D,Masso James,"Officer, Pres/CEO, Process Automation",0,1,0,"Pres/CEO, Process Automation",SEC EDGAR
HON|0001748614-26-000007|nonDerivative|2026-07-16|Lu Su Ping|M|Common Stock|1958||D,2026-07-27 03:57:10+0000,HON,HONEYWELL INTERNATIONAL INC,0000773840,4,2026-07-20,2026-07-16,0001748614-26-000007,https://www.sec.gov/Archives/edgar/data/773840/000174861426000007/wk-form4_1784583714.xml,nonDerivative,2026-07-16,M,Common Stock,1958,,,5914,D,Lu Su Ping,"Officer, SrVP, General Counsel, CorpSec",0,1,0,"SrVP, General Counsel, CorpSec",SEC EDGAR
HON|0001748614-26-000007|nonDerivative|2026-07-16|Lu Su Ping|F|Common Stock|854|239.58|D,2026-07-27 03:57:10+0000,HON,HONEYWELL INTERNATIONAL INC,0000773840,4,2026-07-20,2026-07-16,0001748614-26-000007,https://www.sec.gov/Archives/edgar/data/773840/000174861426000007/wk-form4_1784583714.xml,nonDerivative,2026-07-16,F,Common Stock,854,239.58,204601.32,5060,D,Lu Su Ping,"Officer, SrVP, General Counsel, CorpSec",0,1,0,"SrVP, General Counsel, CorpSec",SEC EDGAR
HON|0001748614-26-000007|derivative|2026-07-16|Lu Su Ping|M|Restricted Stock Units|1958|0|D,2026-07-27 03:57:10+0000,HON,HONEYWELL INTERNATIONAL INC,0000773840,4,2026-07-20,2026-07-16,0001748614-26-000007,https://www.sec.gov/Archives/edgar/data/773840/000174861426000007/wk-form4_1784583714.xml,derivative,2026-07-16,M,Restricted Stock Units,1958,0,0.0,0,D,Lu Su Ping,"Officer, SrVP, General Counsel, CorpSec",0,1,0,"SrVP, General Counsel, CorpSec",SEC EDGAR
HON|0001742938-26-000007|nonDerivative|2026-07-16|Kapur Vimal|M|Common Stock|3090||D,2026-07-27 03:57:10+0000,HON,HONEYWELL INTERNATIONAL INC,0000773840,4,2026-07-20,2026-07-16,0001742938-26-000007,https://www.sec.gov/Archives/edgar/data/773840/000174293826000007/wk-form4_1784584340.xml,nonDerivative,2026-07-16,M,Common Stock,3090,,,3380,D,Kapur Vimal,"Director, Officer, Chief Executive Officer",1,1,0,Chief Executive Officer,SEC EDGAR
HON|0001742938-26-000007|nonDerivative|2026-07-16|Kapur Vimal|F|Common Stock|1343|239.58|D,2026-07-27 03:57:10+0000,HON,HONEYWELL INTERNATIONAL INC,0000773840,4,2026-07-20,2026-07-16,0001742938-26-000007,https://www.sec.gov/Archives/edgar/data/773840/000174293826000007/wk-form4_1784584340.xml,nonDerivative,2026-07-16,F,Common Stock,1343,239.58,321755.94,2037,D,Kapur Vimal,"Director, Officer, Chief Executive Officer",1,1,0,Chief Executive Officer,SEC EDGAR
HON|0001742938-26-000007|derivative|2026-07-16|Kapur Vimal|M|Restricted Stock Units|3090|0|D,2026-07-27 03:57:10+0000,HON,HONEYWELL INTERNATIONAL INC,0000773840,4,2026-07-20,2026-07-16,0001742938-26-000007,https://www.sec.gov/Archives/edgar/data/773840/000174293826000007/wk-form4_1784584340.xml,derivative,2026-07-16,M,Restricted Stock Units,3090,0,0.0,0,D,Kapur Vimal,"Director, Officer, Chief Executive Officer",1,1,0,Chief Executive Officer,SEC EDGAR
HON|0001973103-26-000007|nonDerivative|2026-07-16|Hammoud Billal|M|Common Stock|1030||D,2026-07-27 03:57:10+0000,HON,HONEYWELL INTERNATIONAL INC,0000773840,4,2026-07-20,2026-07-16,0001973103-26-000007,https://www.sec.gov/Archives/edgar/data/773840/000197310326000007/wk-form4_1784584177.xml,nonDerivative,2026-07-16,M,Common Stock,1030,,,3848,D,Hammoud Billal,"Officer, Pres/CEO Building Automation",0,1,0,Pres/CEO Building Automation,SEC EDGAR
HON|0001973103-26-000007|nonDerivative|2026-07-16|Hammoud Billal|F|Common Stock|465|239.58|D,2026-07-27 03:57:10+0000,HON,HONEYWELL INTERNATIONAL INC,0000773840,4,2026-07-20,2026-07-16,0001973103-26-000007,https://www.sec.gov/Archives/edgar/data/773840/000197310326000007/wk-form4_1784584177.xml,nonDerivative,2026-07-16,F,Common Stock,465,239.58,111404.70000000001,3383,D,Hammoud Billal,"Officer, Pres/CEO Building Automation",0,1,0,Pres/CEO Building Automation,SEC EDGAR
HON|0001973103-26-000007|derivative|2026-07-16|Hammoud Billal|M|Restricted Stock Units|1030|0|D,2026-07-27 03:57:10+0000,HON,HONEYWELL INTERNATIONAL INC,0000773840,4,2026-07-20,2026-07-16,0001973103-26-000007,https://www.sec.gov/Archives/edgar/data/773840/000197310326000007/wk-form4_1784584177.xml,derivative,2026-07-16,M,Restricted Stock Units,1030,0,0.0,0,D,Hammoud Billal,"Officer, Pres/CEO Building Automation",0,1,0,Pres/CEO Building Automation,SEC EDGAR
"DPZ|0001804695-26-000010|nonDerivative|2026-07-16|JORDAN JOSEPH HUGH|M|Common Stock, $0.01 par value|2350|136.89|D",2026-07-27 03:57:10+0000,DPZ,DOMINOS PIZZA INC,0001286681,4,2026-07-20,2026-07-16,0001804695-26-000010,https://www.sec.gov/Archives/edgar/data/1286681/000180469526000010/ownership.xml,nonDerivative,2026-07-16,M,"Common Stock, $0.01 par value",2350,136.89,321691.49999999994,13255.268,D,JORDAN JOSEPH HUGH,COO and President-Domino's US,false,true,false,COO and President-Domino's US,SEC EDGAR
"DPZ|0001804695-26-000010|nonDerivative|2026-07-16|JORDAN JOSEPH HUGH|S|Common Stock, $0.01 par value|2350|311.29|D",2026-07-27 03:57:10+0000,DPZ,DOMINOS PIZZA INC,0001286681,4,2026-07-20,2026-07-16,0001804695-26-000010,https://www.sec.gov/Archives/edgar/data/1286681/000180469526000010/ownership.xml,nonDerivative,2026-07-16,S,"Common Stock, $0.01 par value",2350,311.29,731531.5,10905.268,D,JORDAN JOSEPH HUGH,COO and President-Domino's US,false,true,false,COO and President-Domino's US,SEC EDGAR
"DPZ|0001804695-26-000010|nonDerivative|2026-07-16|JORDAN JOSEPH HUGH|M|Common Stock, $0.01 par value|3100|136.89|D",2026-07-27 03:57:10+0000,DPZ,DOMINOS PIZZA INC,0001286681,4,2026-07-20,2026-07-16,0001804695-26-000010,https://www.sec.gov/Archives/edgar/data/1286681/000180469526000010/ownership.xml,nonDerivative,2026-07-16,M,"Common Stock, $0.01 par value",3100,136.89,424358.99999999994,14005.268,D,JORDAN JOSEPH HUGH,COO and President-Domino's US,false,true,false,COO and President-Domino's US,SEC EDGAR
"DPZ|0001804695-26-000010|nonDerivative|2026-07-16|JORDAN JOSEPH HUGH|S|Common Stock, $0.01 par value|3100|311.29|D",2026-07-27 03:57:10+0000,DPZ,DOMINOS PIZZA INC,0001286681,4,2026-07-20,2026-07-16,0001804695-26-000010,https://www.sec.gov/Archives/edgar/data/1286681/000180469526000010/ownership.xml,nonDerivative,2026-07-16,S,"Common Stock, $0.01 par value",3100,311.29,964999.0000000001,10905.268,D,JORDAN JOSEPH HUGH,COO and President-Domino's US,false,true,false,COO and President-Domino's US,SEC EDGAR
DPZ|0001804695-26-000010|derivative|2026-07-16|JORDAN JOSEPH HUGH|M|Option to Purchase Common Stock|3100|0|D,2026-07-27 03:57:10+0000,DPZ,DOMINOS PIZZA INC,0001286681,4,2026-07-20,2026-07-16,0001804695-26-000010,https://www.sec.gov/Archives/edgar/data/1286681/000180469526000010/ownership.xml,derivative,2026-07-16,M,Option to Purchase Common Stock,3100,0,0.0,0,D,JORDAN JOSEPH HUGH,COO and President-Domino's US,false,true,false,COO and President-Domino's US,SEC EDGAR
DPZ|0001804695-26-000010|derivative|2026-07-16|JORDAN JOSEPH HUGH|M|Option to Purchase Common Stock|2350|0|D,2026-07-27 03:57:10+0000,DPZ,DOMINOS PIZZA INC,0001286681,4,2026-07-20,2026-07-16,0001804695-26-000010,https://www.sec.gov/Archives/edgar/data/1286681/000180469526000010/ownership.xml,derivative,2026-07-16,M,Option to Purchase Common Stock,2350,0,0.0,0,D,JORDAN JOSEPH HUGH,COO and President-Domino's US,false,true,false,COO and President-Domino's US,SEC EDGAR
DIS|0001628280-26-048869|nonDerivative|2026-07-17|WOODFORD BRENT|M|Disney Common Stock|1162||D,2026-07-27 03:57:10+0000,DIS,Walt Disney Co,0001744489,4,2026-07-20,2026-07-17,0001628280-26-048869,https://www.sec.gov/Archives/edgar/data/1744489/000162828026048869/wk-form4_1784584973.xml,nonDerivative,2026-07-17,M,Disney Common Stock,1162,,,62685,D,WOODFORD BRENT,"Officer, EVP, Control, Fin Plan & Tax",0,1,0,"EVP, Control, Fin Plan & Tax",SEC EDGAR
DIS|0001628280-26-048869|nonDerivative|2026-07-17|WOODFORD BRENT|F|Disney Common Stock|362|98.42|D,2026-07-27 03:57:10+0000,DIS,Walt Disney Co,0001744489,4,2026-07-20,2026-07-17,0001628280-26-048869,https://www.sec.gov/Archives/edgar/data/1744489/000162828026048869/wk-form4_1784584973.xml,nonDerivative,2026-07-17,F,Disney Common Stock,362,98.42,35628.04,62323,D,WOODFORD BRENT,"Officer, EVP, Control, Fin Plan & Tax",0,1,0,"EVP, Control, Fin Plan & Tax",SEC EDGAR
DIS|0001628280-26-048869|derivative|2026-07-17|WOODFORD BRENT|M|Restricted Stock Unit|1162|0|D,2026-07-27 03:57:10+0000,DIS,Walt Disney Co,0001744489,4,2026-07-20,2026-07-17,0001628280-26-048869,https://www.sec.gov/Archives/edgar/data/1744489/000162828026048869/wk-form4_1784584973.xml,derivative,2026-07-17,M,Restricted Stock Unit,1162,0,0.0,0,D,WOODFORD BRENT,"Officer, EVP, Control, Fin Plan & Tax",0,1,0,"EVP, Control, Fin Plan & Tax",SEC EDGAR
DIS|0001628280-26-048868|nonDerivative|2026-07-17|Roeder Paul M|M|Disney Common Stock|955||D,2026-07-27 03:57:10+0000,DIS,Walt Disney Co,0001744489,4,2026-07-20,2026-07-17,0001628280-26-048868,https://www.sec.gov/Archives/edgar/data/1744489/000162828026048868/wk-form4_1784584968.xml,nonDerivative,2026-07-17,M,Disney Common Stock,955,,,3936,D,Roeder Paul M,"Officer, Sr EVP and Chief Comm Officer",0,1,0,Sr EVP and Chief Comm Officer,SEC EDGAR
DIS|0001628280-26-048868|nonDerivative|2026-07-17|Roeder Paul M|F|Disney Common Stock|343|98.42|D,2026-07-27 03:57:10+0000,DIS,Walt Disney Co,0001744489,4,2026-07-20,2026-07-17,0001628280-26-048868,https://www.sec.gov/Archives/edgar/data/1744489/000162828026048868/wk-form4_1784584968.xml,nonDerivative,2026-07-17,F,Disney Common Stock,343,98.42,33758.06,3593,D,Roeder Paul M,"Officer, Sr EVP and Chief Comm Officer",0,1,0,Sr EVP and Chief Comm Officer,SEC EDGAR
DIS|0001628280-26-048868|derivative|2026-07-17|Roeder Paul M|M|Restricted Stock Unit|955|0|D,2026-07-27 03:57:10+0000,DIS,Walt Disney Co,0001744489,4,2026-07-20,2026-07-17,0001628280-26-048868,https://www.sec.gov/Archives/edgar/data/1744489/000162828026048868/wk-form4_1784584968.xml,derivative,2026-07-17,M,Restricted Stock Unit,955,0,0.0,0,D,Roeder Paul M,"Officer, Sr EVP and Chief Comm Officer",0,1,0,Sr EVP and Chief Comm Officer,SEC EDGAR
DIS|0001628280-26-048866|nonDerivative|2026-07-17|Coleman Sonia L|M|Disney Common Stock|1181||D,2026-07-27 03:57:10+0000,DIS,Walt Disney Co,0001744489,4,2026-07-20,2026-07-17,0001628280-26-048866,https://www.sec.gov/Archives/edgar/data/1744489/000162828026048866/wk-form4_1784584962.xml,nonDerivative,2026-07-17,M,Disney Common Stock,1181,,,4316,D,Coleman Sonia L,"Officer, Sr. EVP & Chief People Officer",0,1,0,Sr. EVP & Chief People Officer,SEC EDGAR
DIS|0001628280-26-048866|nonDerivative|2026-07-17|Coleman Sonia L|F|Disney Common Stock|559|98.42|D,2026-07-27 03:57:10+0000,DIS,Walt Disney Co,0001744489,4,2026-07-20,2026-07-17,0001628280-26-048866,https://www.sec.gov/Archives/edgar/data/1744489/000162828026048866/wk-form4_1784584962.xml,nonDerivative,2026-07-17,F,Disney Common Stock,559,98.42,55016.78,3757,D,Coleman Sonia L,"Officer, Sr. EVP & Chief People Officer",0,1,0,Sr. EVP & Chief People Officer,SEC EDGAR
DIS|0001628280-26-048866|derivative|2026-07-17|Coleman Sonia L|M|Restricted Stock Unit|1181|0|D,2026-07-27 03:57:10+0000,DIS,Walt Disney Co,0001744489,4,2026-07-20,2026-07-17,0001628280-26-048866,https://www.sec.gov/Archives/edgar/data/1744489/000162828026048866/wk-form4_1784584962.xml,derivative,2026-07-17,M,Restricted Stock Unit,1181,0,0.0,0,D,Coleman Sonia L,"Officer, Sr. EVP & Chief People Officer",0,1,0,Sr. EVP & Chief People Officer,SEC EDGAR
DDOG|0001561550-26-000246|nonDerivative|2026-07-16|Agarwal Amit|C|Class A Common Stock|20000|0|I,2026-07-27 03:57:10+0000,DDOG,"Datadog, Inc.",0001561550,4,2026-07-20,2026-07-16,0001561550-26-000246,https://www.sec.gov/Archives/edgar/data/1561550/000156155026000246/wk-form4_1784579957.xml,nonDerivative,2026-07-16,C,Class A Common Stock,20000,0,0.0,21640,I,Agarwal Amit,Director,1,0,0,,SEC EDGAR
DDOG|0001561550-26-000246|nonDerivative|2026-07-16|Agarwal Amit|S|Class A Common Stock|100|254.79|I,2026-07-27 03:57:10+0000,DDOG,"Datadog, Inc.",0001561550,4,2026-07-20,2026-07-16,0001561550-26-000246,https://www.sec.gov/Archives/edgar/data/1561550/000156155026000246/wk-form4_1784579957.xml,nonDerivative,2026-07-16,S,Class A Common Stock,100,254.79,25479.0,21540,I,Agarwal Amit,Director,1,0,0,,SEC EDGAR
DDOG|0001561550-26-000246|nonDerivative|2026-07-16|Agarwal Amit|S|Class A Common Stock|300|256.19|I,2026-07-27 03:57:10+0000,DDOG,"Datadog, Inc.",0001561550,4,2026-07-20,2026-07-16,0001561550-26-000246,https://www.sec.gov/Archives/edgar/data/1561550/000156155026000246/wk-form4_1784579957.xml,nonDerivative,2026-07-16,S,Class A Common Stock,300,256.19,76857.0,21240,I,Agarwal Amit,Director,1,0,0,,SEC EDGAR
DDOG|0001561550-26-000246|nonDerivative|2026-07-16|Agarwal Amit|S|Class A Common Stock|460|257.9405|I,2026-07-27 03:57:10+0000,DDOG,"Datadog, Inc.",0001561550,4,2026-07-20,2026-07-16,0001561550-26-000246,https://www.sec.gov/Archives/edgar/data/1561550/000156155026000246/wk-form4_1784579957.xml,nonDerivative,2026-07-16,S,Class A Common Stock,460,257.9405,118652.62999999999,20780,I,Agarwal Amit,Director,1,0,0,,SEC EDGAR
DDOG|0001561550-26-000246|nonDerivative|2026-07-16|Agarwal Amit|S|Class A Common Stock|1040|258.8897|I,2026-07-27 03:57:10+0000,DDOG,"Datadog, Inc.",0001561550,4,2026-07-20,2026-07-16,0001561550-26-000246,https://www.sec.gov/Archives/edgar/data/1561550/000156155026000246/wk-form4_1784579957.xml,nonDerivative,2026-07-16,S,Class A Common Stock,1040,258.8897,269245.288,19740,I,Agarwal Amit,Director,1,0,0,,SEC EDGAR
DDOG|0001561550-26-000246|nonDerivative|2026-07-16|Agarwal Amit|S|Class A Common Stock|1200|259.7863|I,2026-07-27 03:57:10+0000,DDOG,"Datadog, Inc.",0001561550,4,2026-07-20,2026-07-16,0001561550-26-000246,https://www.sec.gov/Archives/edgar/data/1561550/000156155026000246/wk-form4_1784579957.xml,nonDerivative,2026-07-16,S,Class A Common Stock,1200,259.7863,311743.56,18540,I,Agarwal Amit,Director,1,0,0,,SEC EDGAR
DDOG|0001561550-26-000246|nonDerivative|2026-07-16|Agarwal Amit|S|Class A Common Stock|5312|261.122|I,2026-07-27 03:57:10+0000,DDOG,"Datadog, Inc.",0001561550,4,2026-07-20,2026-07-16,0001561550-26-000246,https://www.sec.gov/Archives/edgar/data/1561550/000156155026000246/wk-form4_1784579957.xml,nonDerivative,2026-07-16,S,Class A Common Stock,5312,261.122,1387080.064,13228,I,Agarwal Amit,Director,1,0,0,,SEC EDGAR
DDOG|0001561550-26-000246|nonDerivative|2026-07-16|Agarwal Amit|S|Class A Common Stock|6869|262.0882|I,2026-07-27 03:57:10+0000,DDOG,"Datadog, Inc.",0001561550,4,2026-07-20,2026-07-16,0001561550-26-000246,https://www.sec.gov/Archives/edgar/data/1561550/000156155026000246/wk-form4_1784579957.xml,nonDerivative,2026-07-16,S,Class A Common Stock,6869,262.0882,1800283.8457999998,6359,I,Agarwal Amit,Director,1,0,0,,SEC EDGAR
DDOG|0001561550-26-000246|nonDerivative|2026-07-16|Agarwal Amit|S|Class A Common Stock|4419|262.9527|I,2026-07-27 03:57:10+0000,DDOG,"Datadog, Inc.",0001561550,4,2026-07-20,2026-07-16,0001561550-26-000246,https://www.sec.gov/Archives/edgar/data/1561550/000156155026000246/wk-form4_1784579957.xml,nonDerivative,2026-07-16,S,Class A Common Stock,4419,262.9527,1161987.9812999999,1940,I,Agarwal Amit,Director,1,0,0,,SEC EDGAR
DDOG|0001561550-26-000246|nonDerivative|2026-07-16|Agarwal Amit|S|Class A Common Stock|200|263.97|I,2026-07-27 03:57:10+0000,DDOG,"Datadog, Inc.",0001561550,4,2026-07-20,2026-07-16,0001561550-26-000246,https://www.sec.gov/Archives/edgar/data/1561550/000156155026000246/wk-form4_1784579957.xml,nonDerivative,2026-07-16,S,Class A Common Stock,200,263.97,52794.00000000001,1740,I,Agarwal Amit,Director,1,0,0,,SEC EDGAR
DDOG|0001561550-26-000246|nonDerivative|2026-07-16|Agarwal Amit|S|Class A Common Stock|100|265.53|I,2026-07-27 03:57:10+0000,DDOG,"Datadog, Inc.",0001561550,4,2026-07-20,2026-07-16,0001561550-26-000246,https://www.sec.gov/Archives/edgar/data/1561550/000156155026000246/wk-form4_1784579957.xml,nonDerivative,2026-07-16,S,Class A Common Stock,100,265.53,26552.999999999996,1640,I,Agarwal Amit,Director,1,0,0,,SEC EDGAR
DDOG|0001561550-26-000246|derivative|2026-07-16|Agarwal Amit|C|Class B Common Stock|20000|0|I,2026-07-27 03:57:10+0000,DDOG,"Datadog, Inc.",0001561550,4,2026-07-20,2026-07-16,0001561550-26-000246,https://www.sec.gov/Archives/edgar/data/1561550/000156155026000246/wk-form4_1784579957.xml,derivative,2026-07-16,C,Class B Common Stock,20000,0,0.0,270059,I,Agarwal Amit,Director,1,0,0,,SEC EDGAR
CTAS|0000950103-26-010838|nonDerivative|2026-07-16|Barstad Melanie W.|M|Common Stock|10548|27.10|D,2026-07-27 03:57:10+0000,CTAS,CINTAS CORP,0000723254,4,2026-07-20,2026-07-16,0000950103-26-010838,https://www.sec.gov/Archives/edgar/data/723254/000095010326010838/ownership.xml,nonDerivative,2026-07-16,M,Common Stock,10548,27.10,285850.8,37140,D,Barstad Melanie W.,Director,1,0,0,,SEC EDGAR
CTAS|0000950103-26-010838|nonDerivative|2026-07-16|Barstad Melanie W.|F|Common Stock|1406|203.44|D,2026-07-27 03:57:10+0000,CTAS,CINTAS CORP,0000723254,4,2026-07-20,2026-07-16,0000950103-26-010838,https://www.sec.gov/Archives/edgar/data/723254/000095010326010838/ownership.xml,nonDerivative,2026-07-16,F,Common Stock,1406,203.44,286036.64,35734,D,Barstad Melanie W.,Director,1,0,0,,SEC EDGAR
CTAS|0000950103-26-010838|nonDerivative|2026-07-16|Barstad Melanie W.|S|Common Stock|9142|202.94|D,2026-07-27 03:57:10+0000,CTAS,CINTAS CORP,0000723254,4,2026-07-20,2026-07-16,0000950103-26-010838,https://www.sec.gov/Archives/edgar/data/723254/000095010326010838/ownership.xml,nonDerivative,2026-07-16,S,Common Stock,9142,202.94,1855277.48,26592,D,Barstad Melanie W.,Director,1,0,0,,SEC EDGAR
CTAS|0000950103-26-010838|derivative|2026-07-16|Barstad Melanie W.|M|Stock Option (right to buy)|10548|0|D,2026-07-27 03:57:10+0000,CTAS,CINTAS CORP,0000723254,4,2026-07-20,2026-07-16,0000950103-26-010838,https://www.sec.gov/Archives/edgar/data/723254/000095010326010838/ownership.xml,derivative,2026-07-16,M,Stock Option (right to buy),10548,0,0.0,0,D,Barstad Melanie W.,Director,1,0,0,,SEC EDGAR
CNC|0001071739-26-000146|nonDerivative|2026-07-17|Tyler Lauren M|A|Common Stock|3155|0|D,2026-07-27 03:57:10+0000,CNC,CENTENE CORP,0001071739,4,2026-07-20,2026-07-17,0001071739-26-000146,https://www.sec.gov/Archives/edgar/data/1071739/000107173926000146/wk-form4_1784580356.xml,nonDerivative,2026-07-17,A,Common Stock,3155,0,0.0,3216,D,Tyler Lauren M,Director,1,0,0,,SEC EDGAR
BAC|0000070858-26-000357|nonDerivative|2026-07-17|BANK OF AMERICA CORP /DE/|P|COMMON STOCK|437|6.54|I,2026-07-27 03:57:10+0000,BAC,BANK OF AMERICA CORP /DE/,0000070858,4,2026-07-20,2026-07-16,0000070858-26-000357,https://www.sec.gov/Archives/edgar/data/70858/000007085826000357/primary_doc.xml,nonDerivative,2026-07-17,P,COMMON STOCK,437,6.54,2857.98,437,I,BANK OF AMERICA CORP /DE/,10% Owner,0,0,1,,SEC EDGAR
BAC|0000070858-26-000357|nonDerivative|2026-07-16|BANK OF AMERICA CORP /DE/|S|COMMON STOCK|437|6.5359|I,2026-07-27 03:57:10+0000,BAC,BANK OF AMERICA CORP /DE/,0000070858,4,2026-07-20,2026-07-16,0000070858-26-000357,https://www.sec.gov/Archives/edgar/data/70858/000007085826000357/primary_doc.xml,nonDerivative,2026-07-16,S,COMMON STOCK,437,6.5359,2856.1883,0,I,BANK OF AMERICA CORP /DE/,10% Owner,0,0,1,,SEC EDGAR
