unique_key,collected_at_utc,ticker,company_name,cik,form,filing_date,report_date,accession_number,filing_url,transaction_table,transaction_date,transaction_code,security_title,shares,price,total_amount,shares_owned_after,ownership_type,reporting_owner,relationship,is_director,is_officer,is_ten_percent_owner,officer_title,source
"WYNN|0002045912-26-000010|nonDerivative|2026-09-15|KRUM JACQUI|F|Common Stock, par value $0.01 per share|2171|86.71|D",2026-09-17 04:45:13+0000,WYNN,WYNN RESORTS LTD,0001174922,4,2026-09-16,2026-09-15,0002045912-26-000010,https://www.sec.gov/Archives/edgar/data/1174922/000204591226000010/wk-form4_1789603167.xml,nonDerivative,2026-09-15,F,"Common Stock, par value $0.01 per share",2171,86.71,188247.40999999997,49130,D,KRUM JACQUI,"Officer, EVP and General Counsel",0,1,0,EVP and General Counsel,SEC EDGAR
WBD|0001646563-26-000007|nonDerivative|2026-09-14|Locke Lori C.|S|Series A Common Stock|29115|28.13|D,2026-09-17 04:45:13+0000,WBD,"Warner Bros. Discovery, Inc.",0001437107,4,2026-09-16,2026-09-14,0001646563-26-000007,https://www.sec.gov/Archives/edgar/data/1437107/000164656326000007/wk-form4_1789554021.xml,nonDerivative,2026-09-14,S,Series A Common Stock,29115,28.13,819004.95,86906,D,Locke Lori C.,"Officer, Chief Accounting Officer",0,1,0,Chief Accounting Officer,SEC EDGAR
VZ|0001760581-26-000056|nonDerivative|2026-09-15|Malady Kyle|S|Common Stock|1100|51.19|D,2026-09-17 04:45:13+0000,VZ,VERIZON COMMUNICATIONS INC,0000732712,4,2026-09-16,2026-09-15,0001760581-26-000056,https://www.sec.gov/Archives/edgar/data/732712/000176058126000056/wk-form4_1789587778.xml,nonDerivative,2026-09-15,S,Common Stock,1100,51.19,56309.0,105466,D,Malady Kyle,"Officer, EVP and Group CEO-VZ Business",0,1,0,EVP and Group CEO-VZ Business,SEC EDGAR
VRSN|0001940987-26-000020|nonDerivative|2026-09-15|McPherson Danny R|F|Common Stock|20.6884|297.26|D,2026-09-17 04:45:13+0000,VRSN,VERISIGN INC/CA,0001014473,4,2026-09-16,2026-09-15,0001940987-26-000020,https://www.sec.gov/Archives/edgar/data/1014473/000194098726000020/wk-form4_1789597118.xml,nonDerivative,2026-09-15,F,Common Stock,20.6884,297.26,6149.833784,33804.4209,D,McPherson Danny R,"Officer, EVP - Technology & CSO",0,1,0,EVP - Technology & CSO,SEC EDGAR
VRSN|0001530819-26-000016|nonDerivative|2026-09-15|CALYS JOHN|F|Common Stock|72.38|297.26|D,2026-09-17 04:45:13+0000,VRSN,VERISIGN INC/CA,0001014473,4,2026-09-16,2026-09-15,0001530819-26-000016,https://www.sec.gov/Archives/edgar/data/1014473/000153081926000016/wk-form4_1789597455.xml,nonDerivative,2026-09-15,F,Common Stock,72.38,297.26,21515.678799999998,30886.239,D,CALYS JOHN,"Officer, EVP, Chief Financial Officer",0,1,0,"EVP, Chief Financial Officer",SEC EDGAR
VRSN|0001204816-26-000044|nonDerivative|2026-09-15|BIDZOS D JAMES|S|Common Stock|1400|295.255|D,2026-09-17 04:45:13+0000,VRSN,VERISIGN INC/CA,0001014473,4,2026-09-16,2026-09-15,0001204816-26-000044,https://www.sec.gov/Archives/edgar/data/1014473/000120481626000044/wk-form4_1789596505.xml,nonDerivative,2026-09-15,S,Common Stock,1400,295.255,413357.0,390227.4109,D,BIDZOS D JAMES,"Director, Officer, Exec. Chairman, Pres, & CEO",1,1,0,"Exec. Chairman, Pres, & CEO",SEC EDGAR
VRSN|0001204816-26-000044|nonDerivative|2026-09-15|BIDZOS D JAMES|S|Common Stock|399|296.3239|D,2026-09-17 04:45:13+0000,VRSN,VERISIGN INC/CA,0001014473,4,2026-09-16,2026-09-15,0001204816-26-000044,https://www.sec.gov/Archives/edgar/data/1014473/000120481626000044/wk-form4_1789596505.xml,nonDerivative,2026-09-15,S,Common Stock,399,296.3239,118233.2361,389828.4109,D,BIDZOS D JAMES,"Director, Officer, Exec. Chairman, Pres, & CEO",1,1,0,"Exec. Chairman, Pres, & CEO",SEC EDGAR
VRSN|0001204816-26-000044|nonDerivative|2026-09-15|BIDZOS D JAMES|S|Common Stock|901|297.3544|D,2026-09-17 04:45:13+0000,VRSN,VERISIGN INC/CA,0001014473,4,2026-09-16,2026-09-15,0001204816-26-000044,https://www.sec.gov/Archives/edgar/data/1014473/000120481626000044/wk-form4_1789596505.xml,nonDerivative,2026-09-15,S,Common Stock,901,297.3544,267916.3144,388927.4109,D,BIDZOS D JAMES,"Director, Officer, Exec. Chairman, Pres, & CEO",1,1,0,"Exec. Chairman, Pres, & CEO",SEC EDGAR
VRSN|0001204816-26-000044|nonDerivative|2026-09-15|BIDZOS D JAMES|S|Common Stock|600|298.6767|D,2026-09-17 04:45:13+0000,VRSN,VERISIGN INC/CA,0001014473,4,2026-09-16,2026-09-15,0001204816-26-000044,https://www.sec.gov/Archives/edgar/data/1014473/000120481626000044/wk-form4_1789596505.xml,nonDerivative,2026-09-15,S,Common Stock,600,298.6767,179206.02,388327.4109,D,BIDZOS D JAMES,"Director, Officer, Exec. Chairman, Pres, & CEO",1,1,0,"Exec. Chairman, Pres, & CEO",SEC EDGAR
VRSK|0001193125-26-393144|nonDerivative|2026-09-15|Mann Elizabeth|S|Common Stock|400|184.91|D,2026-09-17 04:45:13+0000,VRSK,"Verisk Analytics, Inc.",0001442145,4,2026-09-16,2026-09-15,0001193125-26-393144,https://www.sec.gov/Archives/edgar/data/1442145/000119312526393144/ownership.xml,nonDerivative,2026-09-15,S,Common Stock,400,184.91,73964.0,17984,D,Mann Elizabeth,Chief Financial Officer,false,true,false,Chief Financial Officer,SEC EDGAR
TTWO|0000946581-26-000082|nonDerivative|2026-09-15|Siminoff Ellen F|S|Common Stock|167|219.53|I,2026-09-17 04:45:13+0000,TTWO,TAKE TWO INTERACTIVE SOFTWARE INC,0000946581,4,2026-09-16,2026-09-15,0000946581-26-000082,https://www.sec.gov/Archives/edgar/data/946581/000094658126000082/form4.xml,nonDerivative,2026-09-15,S,Common Stock,167,219.53,36661.51,1499,I,Siminoff Ellen F,Director,1,,,,SEC EDGAR
TTD|0001671445-26-000010|derivative|2026-09-14|Green Jeffrey Terry|A|Employee Stock Option (Right to Buy)|7000000|0|D,2026-09-17 04:45:13+0000,TTD,"Trade Desk, Inc.",0001671933,4,2026-09-16,2026-09-14,0001671445-26-000010,https://www.sec.gov/Archives/edgar/data/1671933/000167144526000010/wk-form4_1789596927.xml,derivative,2026-09-14,A,Employee Stock Option (Right to Buy),7000000,0,0.0,7000000,D,Green Jeffrey Terry,"Director, Officer, 10% Owner, President and CEO",1,1,1,President and CEO,SEC EDGAR
TPL|0001437749-26-030537|nonDerivative|2026-09-15|HORIZON KINETICS ASSET MANAGEMENT LLC|P|Common Stock|1|370.59|D,2026-09-17 04:45:13+0000,TPL,Texas Pacific Land Corp,0001811074,4,2026-09-16,2026-09-15,0001437749-26-030537,https://www.sec.gov/Archives/edgar/data/1811074/000143774926030537/rdgdoc.xml,nonDerivative,2026-09-15,P,Common Stock,1,370.59,370.59,3390847,D,HORIZON KINETICS ASSET MANAGEMENT LLC,10% Owner,,,1,,SEC EDGAR
TER|0000904454-26-000485|nonDerivative|2026-09-15|Smith Gregory Stephen|S|Common Stock|4000|337.83|D,2026-09-17 04:45:13+0000,TER,"TERADYNE, INC",0000097210,4,2026-09-16,2026-09-15,0000904454-26-000485,https://www.sec.gov/Archives/edgar/data/97210/000090445426000485/ownership.xml,nonDerivative,2026-09-15,S,Common Stock,4000,337.83,1351320.0,108495.4075,D,Smith Gregory Stephen,"Director, Officer, President and CEO",1,1,0,President and CEO,SEC EDGAR
TER|0000904454-26-000483|nonDerivative|2026-09-15|MATZ MARILYN|S|Common Stock|800|337.83|D,2026-09-17 04:45:13+0000,TER,"TERADYNE, INC",0000097210,4,2026-09-16,2026-09-15,0000904454-26-000483,https://www.sec.gov/Archives/edgar/data/97210/000090445426000483/edgar.xml,nonDerivative,2026-09-15,S,Common Stock,800,337.83,270264.0,14240.675,D,MATZ MARILYN,Director,1,0,0,,SEC EDGAR
TDG|0001656109-26-000008|nonDerivative|2026-09-15|Reiss Joel|M|Common Stock|3900.00|284.97|D,2026-09-17 04:45:13+0000,TDG,TransDigm Group INC,0001260221,4,2026-09-16,2026-09-15,0001656109-26-000008,https://www.sec.gov/Archives/edgar/data/1260221/000165610926000008/primarydocument.xml,nonDerivative,2026-09-15,M,Common Stock,3900.00,284.97,1111383.0,7500.00,D,Reiss Joel,Co-Chief Operating Officer,false,true,false,Co-Chief Operating Officer,SEC EDGAR
TDG|0001656109-26-000008|nonDerivative|2026-09-15|Reiss Joel|S|Common Stock|310.00|1082.9639|D,2026-09-17 04:45:13+0000,TDG,TransDigm Group INC,0001260221,4,2026-09-16,2026-09-15,0001656109-26-000008,https://www.sec.gov/Archives/edgar/data/1260221/000165610926000008/primarydocument.xml,nonDerivative,2026-09-15,S,Common Stock,310.00,1082.9639,335718.809,7190.00,D,Reiss Joel,Co-Chief Operating Officer,false,true,false,Co-Chief Operating Officer,SEC EDGAR
TDG|0001656109-26-000008|nonDerivative|2026-09-15|Reiss Joel|S|Common Stock|170.00|1083.6729|D,2026-09-17 04:45:13+0000,TDG,TransDigm Group INC,0001260221,4,2026-09-16,2026-09-15,0001656109-26-000008,https://www.sec.gov/Archives/edgar/data/1260221/000165610926000008/primarydocument.xml,nonDerivative,2026-09-15,S,Common Stock,170.00,1083.6729,184224.393,7020.00,D,Reiss Joel,Co-Chief Operating Officer,false,true,false,Co-Chief Operating Officer,SEC EDGAR
TDG|0001656109-26-000008|nonDerivative|2026-09-15|Reiss Joel|S|Common Stock|240.00|1084.8696|D,2026-09-17 04:45:13+0000,TDG,TransDigm Group INC,0001260221,4,2026-09-16,2026-09-15,0001656109-26-000008,https://www.sec.gov/Archives/edgar/data/1260221/000165610926000008/primarydocument.xml,nonDerivative,2026-09-15,S,Common Stock,240.00,1084.8696,260368.704,6780.00,D,Reiss Joel,Co-Chief Operating Officer,false,true,false,Co-Chief Operating Officer,SEC EDGAR
TDG|0001656109-26-000008|nonDerivative|2026-09-15|Reiss Joel|S|Common Stock|110.00|1086.2727|D,2026-09-17 04:45:13+0000,TDG,TransDigm Group INC,0001260221,4,2026-09-16,2026-09-15,0001656109-26-000008,https://www.sec.gov/Archives/edgar/data/1260221/000165610926000008/primarydocument.xml,nonDerivative,2026-09-15,S,Common Stock,110.00,1086.2727,119489.997,6670.00,D,Reiss Joel,Co-Chief Operating Officer,false,true,false,Co-Chief Operating Officer,SEC EDGAR
TDG|0001656109-26-000008|nonDerivative|2026-09-15|Reiss Joel|S|Common Stock|120.00|1087.4892|D,2026-09-17 04:45:13+0000,TDG,TransDigm Group INC,0001260221,4,2026-09-16,2026-09-15,0001656109-26-000008,https://www.sec.gov/Archives/edgar/data/1260221/000165610926000008/primarydocument.xml,nonDerivative,2026-09-15,S,Common Stock,120.00,1087.4892,130498.704,6550.00,D,Reiss Joel,Co-Chief Operating Officer,false,true,false,Co-Chief Operating Officer,SEC EDGAR
TDG|0001656109-26-000008|nonDerivative|2026-09-15|Reiss Joel|S|Common Stock|10.00|1088.06|D,2026-09-17 04:45:13+0000,TDG,TransDigm Group INC,0001260221,4,2026-09-16,2026-09-15,0001656109-26-000008,https://www.sec.gov/Archives/edgar/data/1260221/000165610926000008/primarydocument.xml,nonDerivative,2026-09-15,S,Common Stock,10.00,1088.06,10880.599999999999,6540.00,D,Reiss Joel,Co-Chief Operating Officer,false,true,false,Co-Chief Operating Officer,SEC EDGAR
TDG|0001656109-26-000008|nonDerivative|2026-09-15|Reiss Joel|S|Common Stock|70.00|1090.0571|D,2026-09-17 04:45:13+0000,TDG,TransDigm Group INC,0001260221,4,2026-09-16,2026-09-15,0001656109-26-000008,https://www.sec.gov/Archives/edgar/data/1260221/000165610926000008/primarydocument.xml,nonDerivative,2026-09-15,S,Common Stock,70.00,1090.0571,76303.997,6470.00,D,Reiss Joel,Co-Chief Operating Officer,false,true,false,Co-Chief Operating Officer,SEC EDGAR
TDG|0001656109-26-000008|nonDerivative|2026-09-15|Reiss Joel|S|Common Stock|100.00|1091.0018|D,2026-09-17 04:45:13+0000,TDG,TransDigm Group INC,0001260221,4,2026-09-16,2026-09-15,0001656109-26-000008,https://www.sec.gov/Archives/edgar/data/1260221/000165610926000008/primarydocument.xml,nonDerivative,2026-09-15,S,Common Stock,100.00,1091.0018,109100.18,6370.00,D,Reiss Joel,Co-Chief Operating Officer,false,true,false,Co-Chief Operating Officer,SEC EDGAR
TDG|0001656109-26-000008|nonDerivative|2026-09-15|Reiss Joel|S|Common Stock|170.00|1092.1284|D,2026-09-17 04:45:13+0000,TDG,TransDigm Group INC,0001260221,4,2026-09-16,2026-09-15,0001656109-26-000008,https://www.sec.gov/Archives/edgar/data/1260221/000165610926000008/primarydocument.xml,nonDerivative,2026-09-15,S,Common Stock,170.00,1092.1284,185661.828,6200.00,D,Reiss Joel,Co-Chief Operating Officer,false,true,false,Co-Chief Operating Officer,SEC EDGAR
TDG|0001656109-26-000008|nonDerivative|2026-09-15|Reiss Joel|S|Common Stock|282.00|1093.1036|D,2026-09-17 04:45:13+0000,TDG,TransDigm Group INC,0001260221,4,2026-09-16,2026-09-15,0001656109-26-000008,https://www.sec.gov/Archives/edgar/data/1260221/000165610926000008/primarydocument.xml,nonDerivative,2026-09-15,S,Common Stock,282.00,1093.1036,308255.2152,5918.00,D,Reiss Joel,Co-Chief Operating Officer,false,true,false,Co-Chief Operating Officer,SEC EDGAR
TDG|0001656109-26-000008|nonDerivative|2026-09-15|Reiss Joel|S|Common Stock|383.00|1094.0605|D,2026-09-17 04:45:13+0000,TDG,TransDigm Group INC,0001260221,4,2026-09-16,2026-09-15,0001656109-26-000008,https://www.sec.gov/Archives/edgar/data/1260221/000165610926000008/primarydocument.xml,nonDerivative,2026-09-15,S,Common Stock,383.00,1094.0605,419025.1715,5535.00,D,Reiss Joel,Co-Chief Operating Officer,false,true,false,Co-Chief Operating Officer,SEC EDGAR
TDG|0001656109-26-000008|nonDerivative|2026-09-15|Reiss Joel|S|Common Stock|225.00|1095.1079|D,2026-09-17 04:45:13+0000,TDG,TransDigm Group INC,0001260221,4,2026-09-16,2026-09-15,0001656109-26-000008,https://www.sec.gov/Archives/edgar/data/1260221/000165610926000008/primarydocument.xml,nonDerivative,2026-09-15,S,Common Stock,225.00,1095.1079,246399.2775,5310.00,D,Reiss Joel,Co-Chief Operating Officer,false,true,false,Co-Chief Operating Officer,SEC EDGAR
TDG|0001656109-26-000008|nonDerivative|2026-09-15|Reiss Joel|S|Common Stock|196.00|1096.1685|D,2026-09-17 04:45:13+0000,TDG,TransDigm Group INC,0001260221,4,2026-09-16,2026-09-15,0001656109-26-000008,https://www.sec.gov/Archives/edgar/data/1260221/000165610926000008/primarydocument.xml,nonDerivative,2026-09-15,S,Common Stock,196.00,1096.1685,214849.026,5114.00,D,Reiss Joel,Co-Chief Operating Officer,false,true,false,Co-Chief Operating Officer,SEC EDGAR
TDG|0001656109-26-000008|nonDerivative|2026-09-15|Reiss Joel|S|Common Stock|294.00|1097.2633|D,2026-09-17 04:45:13+0000,TDG,TransDigm Group INC,0001260221,4,2026-09-16,2026-09-15,0001656109-26-000008,https://www.sec.gov/Archives/edgar/data/1260221/000165610926000008/primarydocument.xml,nonDerivative,2026-09-15,S,Common Stock,294.00,1097.2633,322595.41020000004,4820.00,D,Reiss Joel,Co-Chief Operating Officer,false,true,false,Co-Chief Operating Officer,SEC EDGAR
TDG|0001656109-26-000008|nonDerivative|2026-09-15|Reiss Joel|S|Common Stock|150.00|1098.407|D,2026-09-17 04:45:13+0000,TDG,TransDigm Group INC,0001260221,4,2026-09-16,2026-09-15,0001656109-26-000008,https://www.sec.gov/Archives/edgar/data/1260221/000165610926000008/primarydocument.xml,nonDerivative,2026-09-15,S,Common Stock,150.00,1098.407,164761.05,4670.00,D,Reiss Joel,Co-Chief Operating Officer,false,true,false,Co-Chief Operating Officer,SEC EDGAR
TDG|0001656109-26-000008|nonDerivative|2026-09-15|Reiss Joel|S|Common Stock|90.00|1099.1429|D,2026-09-17 04:45:13+0000,TDG,TransDigm Group INC,0001260221,4,2026-09-16,2026-09-15,0001656109-26-000008,https://www.sec.gov/Archives/edgar/data/1260221/000165610926000008/primarydocument.xml,nonDerivative,2026-09-15,S,Common Stock,90.00,1099.1429,98922.861,4580.00,D,Reiss Joel,Co-Chief Operating Officer,false,true,false,Co-Chief Operating Officer,SEC EDGAR
TDG|0001656109-26-000008|nonDerivative|2026-09-15|Reiss Joel|S|Common Stock|60.00|1100.4055|D,2026-09-17 04:45:13+0000,TDG,TransDigm Group INC,0001260221,4,2026-09-16,2026-09-15,0001656109-26-000008,https://www.sec.gov/Archives/edgar/data/1260221/000165610926000008/primarydocument.xml,nonDerivative,2026-09-15,S,Common Stock,60.00,1100.4055,66024.33,4520.00,D,Reiss Joel,Co-Chief Operating Officer,false,true,false,Co-Chief Operating Officer,SEC EDGAR
TDG|0001656109-26-000008|nonDerivative|2026-09-15|Reiss Joel|S|Common Stock|166.00|1101.5243|D,2026-09-17 04:45:13+0000,TDG,TransDigm Group INC,0001260221,4,2026-09-16,2026-09-15,0001656109-26-000008,https://www.sec.gov/Archives/edgar/data/1260221/000165610926000008/primarydocument.xml,nonDerivative,2026-09-15,S,Common Stock,166.00,1101.5243,182853.0338,4354.00,D,Reiss Joel,Co-Chief Operating Officer,false,true,false,Co-Chief Operating Officer,SEC EDGAR
TDG|0001656109-26-000008|nonDerivative|2026-09-15|Reiss Joel|S|Common Stock|274.00|1102.4893|D,2026-09-17 04:45:13+0000,TDG,TransDigm Group INC,0001260221,4,2026-09-16,2026-09-15,0001656109-26-000008,https://www.sec.gov/Archives/edgar/data/1260221/000165610926000008/primarydocument.xml,nonDerivative,2026-09-15,S,Common Stock,274.00,1102.4893,302082.0682,4080.00,D,Reiss Joel,Co-Chief Operating Officer,false,true,false,Co-Chief Operating Officer,SEC EDGAR
TDG|0001656109-26-000008|nonDerivative|2026-09-15|Reiss Joel|S|Common Stock|210.00|1103.4377|D,2026-09-17 04:45:13+0000,TDG,TransDigm Group INC,0001260221,4,2026-09-16,2026-09-15,0001656109-26-000008,https://www.sec.gov/Archives/edgar/data/1260221/000165610926000008/primarydocument.xml,nonDerivative,2026-09-15,S,Common Stock,210.00,1103.4377,231721.917,3870.00,D,Reiss Joel,Co-Chief Operating Officer,false,true,false,Co-Chief Operating Officer,SEC EDGAR
TDG|0001656109-26-000008|nonDerivative|2026-09-15|Reiss Joel|S|Common Stock|125.00|1104.5772|D,2026-09-17 04:45:13+0000,TDG,TransDigm Group INC,0001260221,4,2026-09-16,2026-09-15,0001656109-26-000008,https://www.sec.gov/Archives/edgar/data/1260221/000165610926000008/primarydocument.xml,nonDerivative,2026-09-15,S,Common Stock,125.00,1104.5772,138072.15,3745.00,D,Reiss Joel,Co-Chief Operating Officer,false,true,false,Co-Chief Operating Officer,SEC EDGAR
TDG|0001656109-26-000008|nonDerivative|2026-09-15|Reiss Joel|S|Common Stock|5.00|1105.284|D,2026-09-17 04:45:13+0000,TDG,TransDigm Group INC,0001260221,4,2026-09-16,2026-09-15,0001656109-26-000008,https://www.sec.gov/Archives/edgar/data/1260221/000165610926000008/primarydocument.xml,nonDerivative,2026-09-15,S,Common Stock,5.00,1105.284,5526.42,3740.00,D,Reiss Joel,Co-Chief Operating Officer,false,true,false,Co-Chief Operating Officer,SEC EDGAR
TDG|0001656109-26-000008|nonDerivative|2026-09-15|Reiss Joel|S|Common Stock|40.00|1106.6873|D,2026-09-17 04:45:13+0000,TDG,TransDigm Group INC,0001260221,4,2026-09-16,2026-09-15,0001656109-26-000008,https://www.sec.gov/Archives/edgar/data/1260221/000165610926000008/primarydocument.xml,nonDerivative,2026-09-15,S,Common Stock,40.00,1106.6873,44267.492,3700.00,D,Reiss Joel,Co-Chief Operating Officer,false,true,false,Co-Chief Operating Officer,SEC EDGAR
TDG|0001656109-26-000008|nonDerivative|2026-09-15|Reiss Joel|S|Common Stock|30.00|1108.3433|D,2026-09-17 04:45:13+0000,TDG,TransDigm Group INC,0001260221,4,2026-09-16,2026-09-15,0001656109-26-000008,https://www.sec.gov/Archives/edgar/data/1260221/000165610926000008/primarydocument.xml,nonDerivative,2026-09-15,S,Common Stock,30.00,1108.3433,33250.299,3670.00,D,Reiss Joel,Co-Chief Operating Officer,false,true,false,Co-Chief Operating Officer,SEC EDGAR
TDG|0001656109-26-000008|nonDerivative|2026-09-15|Reiss Joel|S|Common Stock|30.00|1112.3767|D,2026-09-17 04:45:13+0000,TDG,TransDigm Group INC,0001260221,4,2026-09-16,2026-09-15,0001656109-26-000008,https://www.sec.gov/Archives/edgar/data/1260221/000165610926000008/primarydocument.xml,nonDerivative,2026-09-15,S,Common Stock,30.00,1112.3767,33371.301,3640.00,D,Reiss Joel,Co-Chief Operating Officer,false,true,false,Co-Chief Operating Officer,SEC EDGAR
TDG|0001656109-26-000008|nonDerivative|2026-09-15|Reiss Joel|S|Common Stock|20.00|1113.37|D,2026-09-17 04:45:13+0000,TDG,TransDigm Group INC,0001260221,4,2026-09-16,2026-09-15,0001656109-26-000008,https://www.sec.gov/Archives/edgar/data/1260221/000165610926000008/primarydocument.xml,nonDerivative,2026-09-15,S,Common Stock,20.00,1113.37,22267.399999999998,3620.00,D,Reiss Joel,Co-Chief Operating Officer,false,true,false,Co-Chief Operating Officer,SEC EDGAR
TDG|0001656109-26-000008|nonDerivative|2026-09-15|Reiss Joel|S|Common Stock|20.00|1118.995|D,2026-09-17 04:45:13+0000,TDG,TransDigm Group INC,0001260221,4,2026-09-16,2026-09-15,0001656109-26-000008,https://www.sec.gov/Archives/edgar/data/1260221/000165610926000008/primarydocument.xml,nonDerivative,2026-09-15,S,Common Stock,20.00,1118.995,22379.899999999998,3600.00,D,Reiss Joel,Co-Chief Operating Officer,false,true,false,Co-Chief Operating Officer,SEC EDGAR
TDG|0001656109-26-000008|derivative|2026-09-15|Reiss Joel|M|Stock Option|3900.00|0.00|D,2026-09-17 04:45:13+0000,TDG,TransDigm Group INC,0001260221,4,2026-09-16,2026-09-15,0001656109-26-000008,https://www.sec.gov/Archives/edgar/data/1260221/000165610926000008/primarydocument.xml,derivative,2026-09-15,M,Stock Option,3900.00,0.00,0.0,4100.00,D,Reiss Joel,Co-Chief Operating Officer,false,true,false,Co-Chief Operating Officer,SEC EDGAR
STX|0001137789-26-000251|nonDerivative|2026-09-14|Teh Ban Seng|M|Ordinary Shares|52730|0|D,2026-09-17 04:45:13+0000,STX,Seagate Technology Holdings plc,0001137789,4,2026-09-16,2026-09-14,0001137789-26-000251,https://www.sec.gov/Archives/edgar/data/1137789/000113778926000251/wk-form4_1789589411.xml,nonDerivative,2026-09-14,M,Ordinary Shares,52730,0,0.0,58540,D,Teh Ban Seng,"Officer, EVP & Chief Commercial Officer",0,1,0,EVP & Chief Commercial Officer,SEC EDGAR
STX|0001137789-26-000251|nonDerivative|2026-09-15|Teh Ban Seng|S|Ordinary Shares|914|771.3753|D,2026-09-17 04:45:13+0000,STX,Seagate Technology Holdings plc,0001137789,4,2026-09-16,2026-09-14,0001137789-26-000251,https://www.sec.gov/Archives/edgar/data/1137789/000113778926000251/wk-form4_1789589411.xml,nonDerivative,2026-09-15,S,Ordinary Shares,914,771.3753,705037.0242,57626,D,Teh Ban Seng,"Officer, EVP & Chief Commercial Officer",0,1,0,EVP & Chief Commercial Officer,SEC EDGAR
STX|0001137789-26-000251|nonDerivative|2026-09-15|Teh Ban Seng|S|Ordinary Shares|3451|772.6537|D,2026-09-17 04:45:13+0000,STX,Seagate Technology Holdings plc,0001137789,4,2026-09-16,2026-09-14,0001137789-26-000251,https://www.sec.gov/Archives/edgar/data/1137789/000113778926000251/wk-form4_1789589411.xml,nonDerivative,2026-09-15,S,Ordinary Shares,3451,772.6537,2666427.9187,54175,D,Teh Ban Seng,"Officer, EVP & Chief Commercial Officer",0,1,0,EVP & Chief Commercial Officer,SEC EDGAR
STX|0001137789-26-000251|nonDerivative|2026-09-15|Teh Ban Seng|S|Ordinary Shares|1717|774.0138|D,2026-09-17 04:45:13+0000,STX,Seagate Technology Holdings plc,0001137789,4,2026-09-16,2026-09-14,0001137789-26-000251,https://www.sec.gov/Archives/edgar/data/1137789/000113778926000251/wk-form4_1789589411.xml,nonDerivative,2026-09-15,S,Ordinary Shares,1717,774.0138,1328981.6945999998,52458,D,Teh Ban Seng,"Officer, EVP & Chief Commercial Officer",0,1,0,EVP & Chief Commercial Officer,SEC EDGAR
STX|0001137789-26-000251|nonDerivative|2026-09-15|Teh Ban Seng|S|Ordinary Shares|2315|775.0148|D,2026-09-17 04:45:13+0000,STX,Seagate Technology Holdings plc,0001137789,4,2026-09-16,2026-09-14,0001137789-26-000251,https://www.sec.gov/Archives/edgar/data/1137789/000113778926000251/wk-form4_1789589411.xml,nonDerivative,2026-09-15,S,Ordinary Shares,2315,775.0148,1794159.262,50143,D,Teh Ban Seng,"Officer, EVP & Chief Commercial Officer",0,1,0,EVP & Chief Commercial Officer,SEC EDGAR
STX|0001137789-26-000251|nonDerivative|2026-09-15|Teh Ban Seng|S|Ordinary Shares|3242|776.1967|D,2026-09-17 04:45:13+0000,STX,Seagate Technology Holdings plc,0001137789,4,2026-09-16,2026-09-14,0001137789-26-000251,https://www.sec.gov/Archives/edgar/data/1137789/000113778926000251/wk-form4_1789589411.xml,nonDerivative,2026-09-15,S,Ordinary Shares,3242,776.1967,2516429.7013999997,46901,D,Teh Ban Seng,"Officer, EVP & Chief Commercial Officer",0,1,0,EVP & Chief Commercial Officer,SEC EDGAR
STX|0001137789-26-000251|nonDerivative|2026-09-15|Teh Ban Seng|S|Ordinary Shares|3987|777.2171|D,2026-09-17 04:45:13+0000,STX,Seagate Technology Holdings plc,0001137789,4,2026-09-16,2026-09-14,0001137789-26-000251,https://www.sec.gov/Archives/edgar/data/1137789/000113778926000251/wk-form4_1789589411.xml,nonDerivative,2026-09-15,S,Ordinary Shares,3987,777.2171,3098764.5777,42914,D,Teh Ban Seng,"Officer, EVP & Chief Commercial Officer",0,1,0,EVP & Chief Commercial Officer,SEC EDGAR
STX|0001137789-26-000251|nonDerivative|2026-09-15|Teh Ban Seng|S|Ordinary Shares|7259|778.3464|D,2026-09-17 04:45:13+0000,STX,Seagate Technology Holdings plc,0001137789,4,2026-09-16,2026-09-14,0001137789-26-000251,https://www.sec.gov/Archives/edgar/data/1137789/000113778926000251/wk-form4_1789589411.xml,nonDerivative,2026-09-15,S,Ordinary Shares,7259,778.3464,5650016.5176,35655,D,Teh Ban Seng,"Officer, EVP & Chief Commercial Officer",0,1,0,EVP & Chief Commercial Officer,SEC EDGAR
STX|0001137789-26-000251|nonDerivative|2026-09-15|Teh Ban Seng|S|Ordinary Shares|6682|779.2653|D,2026-09-17 04:45:13+0000,STX,Seagate Technology Holdings plc,0001137789,4,2026-09-16,2026-09-14,0001137789-26-000251,https://www.sec.gov/Archives/edgar/data/1137789/000113778926000251/wk-form4_1789589411.xml,nonDerivative,2026-09-15,S,Ordinary Shares,6682,779.2653,5207050.7346,28973,D,Teh Ban Seng,"Officer, EVP & Chief Commercial Officer",0,1,0,EVP & Chief Commercial Officer,SEC EDGAR
STX|0001137789-26-000251|nonDerivative|2026-09-15|Teh Ban Seng|S|Ordinary Shares|2453|780.2946|D,2026-09-17 04:45:13+0000,STX,Seagate Technology Holdings plc,0001137789,4,2026-09-16,2026-09-14,0001137789-26-000251,https://www.sec.gov/Archives/edgar/data/1137789/000113778926000251/wk-form4_1789589411.xml,nonDerivative,2026-09-15,S,Ordinary Shares,2453,780.2946,1914062.6538,26520,D,Teh Ban Seng,"Officer, EVP & Chief Commercial Officer",0,1,0,EVP & Chief Commercial Officer,SEC EDGAR
STX|0001137789-26-000251|nonDerivative|2026-09-15|Teh Ban Seng|S|Ordinary Shares|1600|781.348|D,2026-09-17 04:45:13+0000,STX,Seagate Technology Holdings plc,0001137789,4,2026-09-16,2026-09-14,0001137789-26-000251,https://www.sec.gov/Archives/edgar/data/1137789/000113778926000251/wk-form4_1789589411.xml,nonDerivative,2026-09-15,S,Ordinary Shares,1600,781.348,1250156.7999999998,24920,D,Teh Ban Seng,"Officer, EVP & Chief Commercial Officer",0,1,0,EVP & Chief Commercial Officer,SEC EDGAR
STX|0001137789-26-000251|nonDerivative|2026-09-15|Teh Ban Seng|S|Ordinary Shares|4147|782.5644|D,2026-09-17 04:45:13+0000,STX,Seagate Technology Holdings plc,0001137789,4,2026-09-16,2026-09-14,0001137789-26-000251,https://www.sec.gov/Archives/edgar/data/1137789/000113778926000251/wk-form4_1789589411.xml,nonDerivative,2026-09-15,S,Ordinary Shares,4147,782.5644,3245294.5667999997,20773,D,Teh Ban Seng,"Officer, EVP & Chief Commercial Officer",0,1,0,EVP & Chief Commercial Officer,SEC EDGAR
STX|0001137789-26-000251|nonDerivative|2026-09-15|Teh Ban Seng|S|Ordinary Shares|1760|783.277|D,2026-09-17 04:45:13+0000,STX,Seagate Technology Holdings plc,0001137789,4,2026-09-16,2026-09-14,0001137789-26-000251,https://www.sec.gov/Archives/edgar/data/1137789/000113778926000251/wk-form4_1789589411.xml,nonDerivative,2026-09-15,S,Ordinary Shares,1760,783.277,1378567.52,19013,D,Teh Ban Seng,"Officer, EVP & Chief Commercial Officer",0,1,0,EVP & Chief Commercial Officer,SEC EDGAR
STX|0001137789-26-000251|nonDerivative|2026-09-15|Teh Ban Seng|S|Ordinary Shares|1000|784.4464|D,2026-09-17 04:45:13+0000,STX,Seagate Technology Holdings plc,0001137789,4,2026-09-16,2026-09-14,0001137789-26-000251,https://www.sec.gov/Archives/edgar/data/1137789/000113778926000251/wk-form4_1789589411.xml,nonDerivative,2026-09-15,S,Ordinary Shares,1000,784.4464,784446.4,18013,D,Teh Ban Seng,"Officer, EVP & Chief Commercial Officer",0,1,0,EVP & Chief Commercial Officer,SEC EDGAR
STX|0001137789-26-000251|nonDerivative|2026-09-15|Teh Ban Seng|S|Ordinary Shares|1040|786.1423|D,2026-09-17 04:45:13+0000,STX,Seagate Technology Holdings plc,0001137789,4,2026-09-16,2026-09-14,0001137789-26-000251,https://www.sec.gov/Archives/edgar/data/1137789/000113778926000251/wk-form4_1789589411.xml,nonDerivative,2026-09-15,S,Ordinary Shares,1040,786.1423,817587.992,16973,D,Teh Ban Seng,"Officer, EVP & Chief Commercial Officer",0,1,0,EVP & Chief Commercial Officer,SEC EDGAR
STX|0001137789-26-000251|nonDerivative|2026-09-15|Teh Ban Seng|S|Ordinary Shares|120|787.2567|D,2026-09-17 04:45:13+0000,STX,Seagate Technology Holdings plc,0001137789,4,2026-09-16,2026-09-14,0001137789-26-000251,https://www.sec.gov/Archives/edgar/data/1137789/000113778926000251/wk-form4_1789589411.xml,nonDerivative,2026-09-15,S,Ordinary Shares,120,787.2567,94470.804,16853,D,Teh Ban Seng,"Officer, EVP & Chief Commercial Officer",0,1,0,EVP & Chief Commercial Officer,SEC EDGAR
STX|0001137789-26-000251|nonDerivative|2026-09-15|Teh Ban Seng|S|Ordinary Shares|280|788.43|D,2026-09-17 04:45:13+0000,STX,Seagate Technology Holdings plc,0001137789,4,2026-09-16,2026-09-14,0001137789-26-000251,https://www.sec.gov/Archives/edgar/data/1137789/000113778926000251/wk-form4_1789589411.xml,nonDerivative,2026-09-15,S,Ordinary Shares,280,788.43,220760.4,16573,D,Teh Ban Seng,"Officer, EVP & Chief Commercial Officer",0,1,0,EVP & Chief Commercial Officer,SEC EDGAR
STX|0001137789-26-000251|nonDerivative|2026-09-15|Teh Ban Seng|S|Ordinary Shares|1760|789.8402|D,2026-09-17 04:45:13+0000,STX,Seagate Technology Holdings plc,0001137789,4,2026-09-16,2026-09-14,0001137789-26-000251,https://www.sec.gov/Archives/edgar/data/1137789/000113778926000251/wk-form4_1789589411.xml,nonDerivative,2026-09-15,S,Ordinary Shares,1760,789.8402,1390118.7519999999,14813,D,Teh Ban Seng,"Officer, EVP & Chief Commercial Officer",0,1,0,EVP & Chief Commercial Officer,SEC EDGAR
STX|0001137789-26-000251|nonDerivative|2026-09-15|Teh Ban Seng|S|Ordinary Shares|560|791.3643|D,2026-09-17 04:45:13+0000,STX,Seagate Technology Holdings plc,0001137789,4,2026-09-16,2026-09-14,0001137789-26-000251,https://www.sec.gov/Archives/edgar/data/1137789/000113778926000251/wk-form4_1789589411.xml,nonDerivative,2026-09-15,S,Ordinary Shares,560,791.3643,443164.008,14253,D,Teh Ban Seng,"Officer, EVP & Chief Commercial Officer",0,1,0,EVP & Chief Commercial Officer,SEC EDGAR
STX|0001137789-26-000251|nonDerivative|2026-09-15|Teh Ban Seng|S|Ordinary Shares|1280|794.7172|D,2026-09-17 04:45:13+0000,STX,Seagate Technology Holdings plc,0001137789,4,2026-09-16,2026-09-14,0001137789-26-000251,https://www.sec.gov/Archives/edgar/data/1137789/000113778926000251/wk-form4_1789589411.xml,nonDerivative,2026-09-15,S,Ordinary Shares,1280,794.7172,1017238.0160000001,12973,D,Teh Ban Seng,"Officer, EVP & Chief Commercial Officer",0,1,0,EVP & Chief Commercial Officer,SEC EDGAR
STX|0001137789-26-000251|nonDerivative|2026-09-15|Teh Ban Seng|S|Ordinary Shares|2166|795.9457|D,2026-09-17 04:45:13+0000,STX,Seagate Technology Holdings plc,0001137789,4,2026-09-16,2026-09-14,0001137789-26-000251,https://www.sec.gov/Archives/edgar/data/1137789/000113778926000251/wk-form4_1789589411.xml,nonDerivative,2026-09-15,S,Ordinary Shares,2166,795.9457,1724018.3862,10807,D,Teh Ban Seng,"Officer, EVP & Chief Commercial Officer",0,1,0,EVP & Chief Commercial Officer,SEC EDGAR
STX|0001137789-26-000251|nonDerivative|2026-09-15|Teh Ban Seng|S|Ordinary Shares|1587|796.8955|D,2026-09-17 04:45:13+0000,STX,Seagate Technology Holdings plc,0001137789,4,2026-09-16,2026-09-14,0001137789-26-000251,https://www.sec.gov/Archives/edgar/data/1137789/000113778926000251/wk-form4_1789589411.xml,nonDerivative,2026-09-15,S,Ordinary Shares,1587,796.8955,1264673.1585,9220,D,Teh Ban Seng,"Officer, EVP & Chief Commercial Officer",0,1,0,EVP & Chief Commercial Officer,SEC EDGAR
STX|0001137789-26-000251|nonDerivative|2026-09-15|Teh Ban Seng|S|Ordinary Shares|530|797.9715|D,2026-09-17 04:45:13+0000,STX,Seagate Technology Holdings plc,0001137789,4,2026-09-16,2026-09-14,0001137789-26-000251,https://www.sec.gov/Archives/edgar/data/1137789/000113778926000251/wk-form4_1789589411.xml,nonDerivative,2026-09-15,S,Ordinary Shares,530,797.9715,422924.895,8690,D,Teh Ban Seng,"Officer, EVP & Chief Commercial Officer",0,1,0,EVP & Chief Commercial Officer,SEC EDGAR
STX|0001137789-26-000251|nonDerivative|2026-09-15|Teh Ban Seng|S|Ordinary Shares|400|799.027|D,2026-09-17 04:45:13+0000,STX,Seagate Technology Holdings plc,0001137789,4,2026-09-16,2026-09-14,0001137789-26-000251,https://www.sec.gov/Archives/edgar/data/1137789/000113778926000251/wk-form4_1789589411.xml,nonDerivative,2026-09-15,S,Ordinary Shares,400,799.027,319610.80000000005,8290,D,Teh Ban Seng,"Officer, EVP & Chief Commercial Officer",0,1,0,EVP & Chief Commercial Officer,SEC EDGAR
STX|0001137789-26-000251|nonDerivative|2026-09-15|Teh Ban Seng|S|Ordinary Shares|2480|800.47|D,2026-09-17 04:45:13+0000,STX,Seagate Technology Holdings plc,0001137789,4,2026-09-16,2026-09-14,0001137789-26-000251,https://www.sec.gov/Archives/edgar/data/1137789/000113778926000251/wk-form4_1789589411.xml,nonDerivative,2026-09-15,S,Ordinary Shares,2480,800.47,1985165.6,5810,D,Teh Ban Seng,"Officer, EVP & Chief Commercial Officer",0,1,0,EVP & Chief Commercial Officer,SEC EDGAR
STX|0001137789-26-000251|derivative|2026-09-14|Teh Ban Seng|M|Performance-Based Restricted Share Units|52730|0|D,2026-09-17 04:45:13+0000,STX,Seagate Technology Holdings plc,0001137789,4,2026-09-16,2026-09-14,0001137789-26-000251,https://www.sec.gov/Archives/edgar/data/1137789/000113778926000251/wk-form4_1789589411.xml,derivative,2026-09-14,M,Performance-Based Restricted Share Units,52730,0,0.0,0,D,Teh Ban Seng,"Officer, EVP & Chief Commercial Officer",0,1,0,EVP & Chief Commercial Officer,SEC EDGAR
STX|0001137789-26-000254|nonDerivative|2026-09-14|Romano Gianluca|M|Ordinary Shares|90380|0|D,2026-09-17 04:45:13+0000,STX,Seagate Technology Holdings plc,0001137789,4,2026-09-16,2026-09-14,0001137789-26-000254,https://www.sec.gov/Archives/edgar/data/1137789/000113778926000254/wk-form4_1789589435.xml,nonDerivative,2026-09-14,M,Ordinary Shares,90380,0,0.0,120740,D,Romano Gianluca,"Officer, EVP & CFO",0,1,0,EVP & CFO,SEC EDGAR
STX|0001137789-26-000254|nonDerivative|2026-09-15|Romano Gianluca|S|Ordinary Shares|49983.5|772.1573|D,2026-09-17 04:45:13+0000,STX,Seagate Technology Holdings plc,0001137789,4,2026-09-16,2026-09-14,0001137789-26-000254,https://www.sec.gov/Archives/edgar/data/1137789/000113778926000254/wk-form4_1789589435.xml,nonDerivative,2026-09-15,S,Ordinary Shares,49983.5,772.1573,38595124.40455,70756.5,D,Romano Gianluca,"Officer, EVP & CFO",0,1,0,EVP & CFO,SEC EDGAR
STX|0001137789-26-000254|derivative|2026-09-14|Romano Gianluca|M|Performance-Based Restricted Share Units|90380|0|D,2026-09-17 04:45:13+0000,STX,Seagate Technology Holdings plc,0001137789,4,2026-09-16,2026-09-14,0001137789-26-000254,https://www.sec.gov/Archives/edgar/data/1137789/000113778926000254/wk-form4_1789589435.xml,derivative,2026-09-14,M,Performance-Based Restricted Share Units,90380,0,0.0,0,D,Romano Gianluca,"Officer, EVP & CFO",0,1,0,EVP & CFO,SEC EDGAR
STX|0001137789-26-000250|nonDerivative|2026-09-14|Morris John Christopher|M|Ordinary Shares|30130|0|D,2026-09-17 04:45:13+0000,STX,Seagate Technology Holdings plc,0001137789,4,2026-09-16,2026-09-14,0001137789-26-000250,https://www.sec.gov/Archives/edgar/data/1137789/000113778926000250/wk-form4_1789589401.xml,nonDerivative,2026-09-14,M,Ordinary Shares,30130,0,0.0,46597.75,D,Morris John Christopher,"Officer, EVP & CTO",0,1,0,EVP & CTO,SEC EDGAR
STX|0001137789-26-000250|nonDerivative|2026-09-15|Morris John Christopher|S|Ordinary Shares|15465.5|772.1512|D,2026-09-17 04:45:13+0000,STX,Seagate Technology Holdings plc,0001137789,4,2026-09-16,2026-09-14,0001137789-26-000250,https://www.sec.gov/Archives/edgar/data/1137789/000113778926000250/wk-form4_1789589401.xml,nonDerivative,2026-09-15,S,Ordinary Shares,15465.5,772.1512,11941704.3836,31132.25,D,Morris John Christopher,"Officer, EVP & CTO",0,1,0,EVP & CTO,SEC EDGAR
STX|0001137789-26-000250|derivative|2026-09-14|Morris John Christopher|M|Performance-Based Restricted Share Units|30130|0|D,2026-09-17 04:45:13+0000,STX,Seagate Technology Holdings plc,0001137789,4,2026-09-16,2026-09-14,0001137789-26-000250,https://www.sec.gov/Archives/edgar/data/1137789/000113778926000250/wk-form4_1789589401.xml,derivative,2026-09-14,M,Performance-Based Restricted Share Units,30130,0,0.0,0,D,Morris John Christopher,"Officer, EVP & CTO",0,1,0,EVP & CTO,SEC EDGAR
STX|0001137789-26-000252|nonDerivative|2026-09-14|MOSLEY WILLIAM D|M|Ordinary Shares|177000|0|D,2026-09-17 04:45:13+0000,STX,Seagate Technology Holdings plc,0001137789,4,2026-09-16,2026-09-14,0001137789-26-000252,https://www.sec.gov/Archives/edgar/data/1137789/000113778926000252/wk-form4_1789589420.xml,nonDerivative,2026-09-14,M,Ordinary Shares,177000,0,0.0,475997.5,D,MOSLEY WILLIAM D,"Director, Officer, CEO",1,1,0,CEO,SEC EDGAR
STX|0001137789-26-000252|nonDerivative|2026-09-15|MOSLEY WILLIAM D|S|Ordinary Shares|97889.25|772.1432|D,2026-09-17 04:45:13+0000,STX,Seagate Technology Holdings plc,0001137789,4,2026-09-16,2026-09-14,0001137789-26-000252,https://www.sec.gov/Archives/edgar/data/1137789/000113778926000252/wk-form4_1789589420.xml,nonDerivative,2026-09-15,S,Ordinary Shares,97889.25,772.1432,75584518.7406,378108.25,D,MOSLEY WILLIAM D,"Director, Officer, CEO",1,1,0,CEO,SEC EDGAR
STX|0001137789-26-000252|derivative|2026-09-14|MOSLEY WILLIAM D|M|Performance-Based Restricted Share Units|177000|0|D,2026-09-17 04:45:13+0000,STX,Seagate Technology Holdings plc,0001137789,4,2026-09-16,2026-09-14,0001137789-26-000252,https://www.sec.gov/Archives/edgar/data/1137789/000113778926000252/wk-form4_1789589420.xml,derivative,2026-09-14,M,Performance-Based Restricted Share Units,177000,0,0.0,0,D,MOSLEY WILLIAM D,"Director, Officer, CEO",1,1,0,CEO,SEC EDGAR
STX|0001137789-26-000253|nonDerivative|2026-09-14|Chong Kian Fatt|M|Ordinary Shares|14470|0|D,2026-09-17 04:45:13+0000,STX,Seagate Technology Holdings plc,0001137789,4,2026-09-16,2026-09-14,0001137789-26-000253,https://www.sec.gov/Archives/edgar/data/1137789/000113778926000253/wk-form4_1789589427.xml,nonDerivative,2026-09-14,M,Ordinary Shares,14470,0,0.0,25093,D,Chong Kian Fatt,"Officer, EVP Global Operations",0,1,0,EVP Global Operations,SEC EDGAR
STX|0001137789-26-000253|derivative|2026-09-14|Chong Kian Fatt|M|Performance-Based Restricted Share Units|14470|0|D,2026-09-17 04:45:13+0000,STX,Seagate Technology Holdings plc,0001137789,4,2026-09-16,2026-09-14,0001137789-26-000253,https://www.sec.gov/Archives/edgar/data/1137789/000113778926000253/wk-form4_1789589427.xml,derivative,2026-09-14,M,Performance-Based Restricted Share Units,14470,0,0.0,0,D,Chong Kian Fatt,"Officer, EVP Global Operations",0,1,0,EVP Global Operations,SEC EDGAR
SNPS|0001822289-26-000010|nonDerivative|2026-09-15|Ghazi Sassine|M|Common Stock|14604|135.88|D,2026-09-17 04:45:13+0000,SNPS,SYNOPSYS INC,0000883241,4,2026-09-16,2026-09-15,0001822289-26-000010,https://www.sec.gov/Archives/edgar/data/883241/000182228926000010/edgardoc.xml,nonDerivative,2026-09-15,M,Common Stock,14604,135.88,1984391.52,91469,D,Ghazi Sassine,"Director, Officer, PRESIDENT AND CEO",1,1,0,PRESIDENT AND CEO,SEC EDGAR
SNPS|0001822289-26-000010|nonDerivative|2026-09-15|Ghazi Sassine|S|Common Stock|14604|374.8756|D,2026-09-17 04:45:13+0000,SNPS,SYNOPSYS INC,0000883241,4,2026-09-16,2026-09-15,0001822289-26-000010,https://www.sec.gov/Archives/edgar/data/883241/000182228926000010/edgardoc.xml,nonDerivative,2026-09-15,S,Common Stock,14604,374.8756,5474683.2624,76865,D,Ghazi Sassine,"Director, Officer, PRESIDENT AND CEO",1,1,0,PRESIDENT AND CEO,SEC EDGAR
SNPS|0001822289-26-000010|derivative|2026-09-15|Ghazi Sassine|M|Non-Qualified Stock Option (right to buy)|14604|0.0|D,2026-09-17 04:45:13+0000,SNPS,SYNOPSYS INC,0000883241,4,2026-09-16,2026-09-15,0001822289-26-000010,https://www.sec.gov/Archives/edgar/data/883241/000182228926000010/edgardoc.xml,derivative,2026-09-15,M,Non-Qualified Stock Option (right to buy),14604,0.0,0.0,14604,D,Ghazi Sassine,"Director, Officer, PRESIDENT AND CEO",1,1,0,PRESIDENT AND CEO,SEC EDGAR
SNDK|0001242648-26-000033|nonDerivative|2026-09-15|Visoso Luis Felipe|S|Common Stock|1000|1568.83|D,2026-09-17 04:45:13+0000,SNDK,Sandisk Corp,0002023554,4,2026-09-16,2026-09-15,0001242648-26-000033,https://www.sec.gov/Archives/edgar/data/2023554/000124264826000033/edgardoc.xml,nonDerivative,2026-09-15,S,Common Stock,1000,1568.83,1568830.0,130976,D,Visoso Luis Felipe,"Officer, EVP & CFO",0,1,0,EVP & CFO,SEC EDGAR
SNDK|0001242648-26-000032|nonDerivative|2026-09-14|Goeckeler David|S|Common Stock|14364|1522.5874|D,2026-09-17 04:45:13+0000,SNDK,Sandisk Corp,0002023554,4,2026-09-16,2026-09-14,0001242648-26-000032,https://www.sec.gov/Archives/edgar/data/2023554/000124264826000032/edgardoc.xml,nonDerivative,2026-09-14,S,Common Stock,14364,1522.5874,21870445.413599998,432884,D,Goeckeler David,"Director, Officer, Chairman & CEO",1,1,0,Chairman & CEO,SEC EDGAR
SNDK|0001242648-26-000032|nonDerivative|2026-09-14|Goeckeler David|S|Common Stock|181|1522.87|D,2026-09-17 04:45:13+0000,SNDK,Sandisk Corp,0002023554,4,2026-09-16,2026-09-14,0001242648-26-000032,https://www.sec.gov/Archives/edgar/data/2023554/000124264826000032/edgardoc.xml,nonDerivative,2026-09-14,S,Common Stock,181,1522.87,275639.47,432703,D,Goeckeler David,"Director, Officer, Chairman & CEO",1,1,0,Chairman & CEO,SEC EDGAR
SNDK|0001242648-26-000032|nonDerivative|2026-09-14|Goeckeler David|S|Common Stock|3075|1524.2678|D,2026-09-17 04:45:13+0000,SNDK,Sandisk Corp,0002023554,4,2026-09-16,2026-09-14,0001242648-26-000032,https://www.sec.gov/Archives/edgar/data/2023554/000124264826000032/edgardoc.xml,nonDerivative,2026-09-14,S,Common Stock,3075,1524.2678,4687123.485,429628,D,Goeckeler David,"Director, Officer, Chairman & CEO",1,1,0,Chairman & CEO,SEC EDGAR
SNDK|0001242648-26-000032|nonDerivative|2026-09-14|Goeckeler David|S|Common Stock|2280|1526.4463|D,2026-09-17 04:45:13+0000,SNDK,Sandisk Corp,0002023554,4,2026-09-16,2026-09-14,0001242648-26-000032,https://www.sec.gov/Archives/edgar/data/2023554/000124264826000032/edgardoc.xml,nonDerivative,2026-09-14,S,Common Stock,2280,1526.4463,3480297.5640000002,427348,D,Goeckeler David,"Director, Officer, Chairman & CEO",1,1,0,Chairman & CEO,SEC EDGAR
SNDK|0001242648-26-000032|nonDerivative|2026-09-14|Goeckeler David|S|Common Stock|4080|1528.4464|D,2026-09-17 04:45:13+0000,SNDK,Sandisk Corp,0002023554,4,2026-09-16,2026-09-14,0001242648-26-000032,https://www.sec.gov/Archives/edgar/data/2023554/000124264826000032/edgardoc.xml,nonDerivative,2026-09-14,S,Common Stock,4080,1528.4464,6236061.312,423268,D,Goeckeler David,"Director, Officer, Chairman & CEO",1,1,0,Chairman & CEO,SEC EDGAR
SNDK|0001242648-26-000032|nonDerivative|2026-09-14|Goeckeler David|S|Common Stock|359|1529.36|D,2026-09-17 04:45:13+0000,SNDK,Sandisk Corp,0002023554,4,2026-09-16,2026-09-14,0001242648-26-000032,https://www.sec.gov/Archives/edgar/data/2023554/000124264826000032/edgardoc.xml,nonDerivative,2026-09-14,S,Common Stock,359,1529.36,549040.24,422909,D,Goeckeler David,"Director, Officer, Chairman & CEO",1,1,0,Chairman & CEO,SEC EDGAR
SNDK|0001242648-26-000032|nonDerivative|2026-09-14|Goeckeler David|S|Common Stock|1200|1532.17|D,2026-09-17 04:45:13+0000,SNDK,Sandisk Corp,0002023554,4,2026-09-16,2026-09-14,0001242648-26-000032,https://www.sec.gov/Archives/edgar/data/2023554/000124264826000032/edgardoc.xml,nonDerivative,2026-09-14,S,Common Stock,1200,1532.17,1838604.0,421709,D,Goeckeler David,"Director, Officer, Chairman & CEO",1,1,0,Chairman & CEO,SEC EDGAR
SNDK|0001242648-26-000032|nonDerivative|2026-09-14|Goeckeler David|S|Common Stock|700|1535.1168|D,2026-09-17 04:45:13+0000,SNDK,Sandisk Corp,0002023554,4,2026-09-16,2026-09-14,0001242648-26-000032,https://www.sec.gov/Archives/edgar/data/2023554/000124264826000032/edgardoc.xml,nonDerivative,2026-09-14,S,Common Stock,700,1535.1168,1074581.76,421009,D,Goeckeler David,"Director, Officer, Chairman & CEO",1,1,0,Chairman & CEO,SEC EDGAR
SNDK|0001242648-26-000032|nonDerivative|2026-09-14|Goeckeler David|S|Common Stock|1695|1535.9626|D,2026-09-17 04:45:13+0000,SNDK,Sandisk Corp,0002023554,4,2026-09-16,2026-09-14,0001242648-26-000032,https://www.sec.gov/Archives/edgar/data/2023554/000124264826000032/edgardoc.xml,nonDerivative,2026-09-14,S,Common Stock,1695,1535.9626,2603456.6070000003,419314,D,Goeckeler David,"Director, Officer, Chairman & CEO",1,1,0,Chairman & CEO,SEC EDGAR
SNDK|0001242648-26-000032|nonDerivative|2026-09-14|Goeckeler David|S|Common Stock|3200|1537.6776|D,2026-09-17 04:45:13+0000,SNDK,Sandisk Corp,0002023554,4,2026-09-16,2026-09-14,0001242648-26-000032,https://www.sec.gov/Archives/edgar/data/2023554/000124264826000032/edgardoc.xml,nonDerivative,2026-09-14,S,Common Stock,3200,1537.6776,4920568.32,416114,D,Goeckeler David,"Director, Officer, Chairman & CEO",1,1,0,Chairman & CEO,SEC EDGAR
SNDK|0001242648-26-000032|nonDerivative|2026-09-14|Goeckeler David|S|Common Stock|1480|1539.19|D,2026-09-17 04:45:13+0000,SNDK,Sandisk Corp,0002023554,4,2026-09-16,2026-09-14,0001242648-26-000032,https://www.sec.gov/Archives/edgar/data/2023554/000124264826000032/edgardoc.xml,nonDerivative,2026-09-14,S,Common Stock,1480,1539.19,2278001.2,414634,D,Goeckeler David,"Director, Officer, Chairman & CEO",1,1,0,Chairman & CEO,SEC EDGAR
SNDK|0001242648-26-000032|nonDerivative|2026-09-14|Goeckeler David|S|Common Stock|864|1540.7796|D,2026-09-17 04:45:13+0000,SNDK,Sandisk Corp,0002023554,4,2026-09-16,2026-09-14,0001242648-26-000032,https://www.sec.gov/Archives/edgar/data/2023554/000124264826000032/edgardoc.xml,nonDerivative,2026-09-14,S,Common Stock,864,1540.7796,1331233.5744,413770,D,Goeckeler David,"Director, Officer, Chairman & CEO",1,1,0,Chairman & CEO,SEC EDGAR
SNDK|0001242648-26-000032|nonDerivative|2026-09-14|Goeckeler David|S|Common Stock|360|1541.8811|D,2026-09-17 04:45:13+0000,SNDK,Sandisk Corp,0002023554,4,2026-09-16,2026-09-14,0001242648-26-000032,https://www.sec.gov/Archives/edgar/data/2023554/000124264826000032/edgardoc.xml,nonDerivative,2026-09-14,S,Common Stock,360,1541.8811,555077.196,413410,D,Goeckeler David,"Director, Officer, Chairman & CEO",1,1,0,Chairman & CEO,SEC EDGAR
PYPL|0001290697-26-000006|nonDerivative|2026-09-15|Miller Jamie S|M|Common Stock|9094|0.0|D,2026-09-17 04:45:13+0000,PYPL,"PayPal Holdings, Inc.",0001633917,4,2026-09-16,2026-09-15,0001290697-26-000006,https://www.sec.gov/Archives/edgar/data/1633917/000129069726000006/edgardoc.xml,nonDerivative,2026-09-15,M,Common Stock,9094,0.0,0.0,89627,D,Miller Jamie S,"Officer, Chief Fin & Op Officer",0,1,0,Chief Fin & Op Officer,SEC EDGAR
PYPL|0001290697-26-000006|nonDerivative|2026-09-15|Miller Jamie S|M|Common Stock|2910|0.0|D,2026-09-17 04:45:13+0000,PYPL,"PayPal Holdings, Inc.",0001633917,4,2026-09-16,2026-09-15,0001290697-26-000006,https://www.sec.gov/Archives/edgar/data/1633917/000129069726000006/edgardoc.xml,nonDerivative,2026-09-15,M,Common Stock,2910,0.0,0.0,92537,D,Miller Jamie S,"Officer, Chief Fin & Op Officer",0,1,0,Chief Fin & Op Officer,SEC EDGAR
PYPL|0001290697-26-000006|nonDerivative|2026-09-15|Miller Jamie S|F|Common Stock|6129|54.03|D,2026-09-17 04:45:13+0000,PYPL,"PayPal Holdings, Inc.",0001633917,4,2026-09-16,2026-09-15,0001290697-26-000006,https://www.sec.gov/Archives/edgar/data/1633917/000129069726000006/edgardoc.xml,nonDerivative,2026-09-15,F,Common Stock,6129,54.03,331149.87,86408,D,Miller Jamie S,"Officer, Chief Fin & Op Officer",0,1,0,Chief Fin & Op Officer,SEC EDGAR
PYPL|0001290697-26-000006|derivative|2026-09-15|Miller Jamie S|M|Restricted Stock Units -1|9094|0.0|D,2026-09-17 04:45:13+0000,PYPL,"PayPal Holdings, Inc.",0001633917,4,2026-09-16,2026-09-15,0001290697-26-000006,https://www.sec.gov/Archives/edgar/data/1633917/000129069726000006/edgardoc.xml,derivative,2026-09-15,M,Restricted Stock Units -1,9094,0.0,0.0,9094,D,Miller Jamie S,"Officer, Chief Fin & Op Officer",0,1,0,Chief Fin & Op Officer,SEC EDGAR
PYPL|0001290697-26-000006|derivative|2026-09-15|Miller Jamie S|M|Restricted Stock Units -2|2910|0.0|D,2026-09-17 04:45:13+0000,PYPL,"PayPal Holdings, Inc.",0001633917,4,2026-09-16,2026-09-15,0001290697-26-000006,https://www.sec.gov/Archives/edgar/data/1633917/000129069726000006/edgardoc.xml,derivative,2026-09-15,M,Restricted Stock Units -2,2910,0.0,0.0,2910,D,Miller Jamie S,"Officer, Chief Fin & Op Officer",0,1,0,Chief Fin & Op Officer,SEC EDGAR
PPG|0000079879-26-000296|derivative|2026-09-15|Massy Robert L.|A|Phantom Stock  Units|16.1438|104.89|D,2026-09-17 04:45:13+0000,PPG,PPG INDUSTRIES INC,0000079879,4,2026-09-16,2026-09-15,0000079879-26-000296,https://www.sec.gov/Archives/edgar/data/79879/000007987926000296/wk-form4_1789575512.xml,derivative,2026-09-15,A,Phantom Stock  Units,16.1438,104.89,1693.3231819999999,191.0687,D,Massy Robert L.,"Officer, Sr. VP and Chief HR Officer",0,1,0,Sr. VP and Chief HR Officer,SEC EDGAR
PPG|0000079879-26-000295|derivative|2026-09-15|KNAVISH TIMOTHY M|A|Phantom Stock Units|35.8994|104.89|D,2026-09-17 04:45:13+0000,PPG,PPG INDUSTRIES INC,0000079879,4,2026-09-16,2026-09-15,0000079879-26-000295,https://www.sec.gov/Archives/edgar/data/79879/000007987926000295/wk-form4_1789575484.xml,derivative,2026-09-15,A,Phantom Stock Units,35.8994,104.89,3765.488066,12873.0358,D,KNAVISH TIMOTHY M,"Director, Officer, Chairman and CEO",1,1,0,Chairman and CEO,SEC EDGAR
PPG|0000079879-26-000294|derivative|2026-09-15|Hefel Juliane M.|A|Phantom Stock Units|2.1055|104.89|D,2026-09-17 04:45:13+0000,PPG,PPG INDUSTRIES INC,0000079879,4,2026-09-16,2026-09-15,0000079879-26-000294,https://www.sec.gov/Archives/edgar/data/79879/000007987926000294/wk-form4_1789575453.xml,derivative,2026-09-15,A,Phantom Stock Units,2.1055,104.89,220.845895,1428.3301,D,Hefel Juliane M.,"Officer, Sr. VP, Ind Coatings & Sp Prod",0,1,0,"Sr. VP, Ind Coatings & Sp Prod",SEC EDGAR
PPG|0000079879-26-000293|derivative|2026-09-15|Hagerty Chancey E.|A|Phamtom Stock Units|16.6354|104.89|D,2026-09-17 04:45:13+0000,PPG,PPG INDUSTRIES INC,0000079879,4,2026-09-16,2026-09-15,0000079879-26-000293,https://www.sec.gov/Archives/edgar/data/79879/000007987926000293/wk-form4_1789575427.xml,derivative,2026-09-15,A,Phamtom Stock Units,16.6354,104.89,1744.8871060000001,270.6886,D,Hagerty Chancey E.,"Officer, Sr. VP, Perf Coatings Segment",0,1,0,"Sr. VP, Perf Coatings Segment",SEC EDGAR
PPG|0000079879-26-000292|derivative|2026-09-15|Braun Kevin D.|A|Phantom Stock Units|18.574|104.89|D,2026-09-17 04:45:13+0000,PPG,PPG INDUSTRIES INC,0000079879,4,2026-09-16,2026-09-15,0000079879-26-000292,https://www.sec.gov/Archives/edgar/data/79879/000007987926000292/wk-form4_1789575396.xml,derivative,2026-09-15,A,Phantom Stock Units,18.574,104.89,1948.2268600000002,952.389,D,Braun Kevin D.,"Officer, Sr VP, Operations",0,1,0,"Sr VP, Operations",SEC EDGAR
PPG|0000079879-26-000291|derivative|2026-09-15|Bellezza Alisha|A|Phantom Stock Units|0.7319|104.89|D,2026-09-17 04:45:13+0000,PPG,PPG INDUSTRIES INC,0000079879,4,2026-09-16,2026-09-15,0000079879-26-000291,https://www.sec.gov/Archives/edgar/data/79879/000007987926000291/wk-form4_1789575366.xml,derivative,2026-09-15,A,Phantom Stock Units,0.7319,104.89,76.768991,168.8689,D,Bellezza Alisha,"Officer, Sr. VP, Ind Coatings Segment",0,1,0,"Sr. VP, Ind Coatings Segment",SEC EDGAR
PFE|0001225208-26-007840|derivative|2026-09-15|BOURLA ALBERT|A|Phantom Stock Units SSP|22.0000|27.5500|D,2026-09-17 04:45:13+0000,PFE,PFIZER INC,0000078003,4,2026-09-16,2026-09-15,0001225208-26-007840,https://www.sec.gov/Archives/edgar/data/78003/000122520826007840/doc4.xml,derivative,2026-09-15,A,Phantom Stock Units SSP,22.0000,27.5500,606.1,783985.0000,D,BOURLA ALBERT,"Director, Officer, Chairman & CEO",1,1,,Chairman & CEO,SEC EDGAR
PANW|0001772458-26-000005|nonDerivative|2026-09-14|Key John P.|S|Common Stock|2500|376.03|D,2026-09-17 04:45:13+0000,PANW,Palo Alto Networks Inc,0001327567,4,2026-09-16,2026-09-14,0001772458-26-000005,https://www.sec.gov/Archives/edgar/data/1327567/000177245826000005/ownership.xml,nonDerivative,2026-09-14,S,Common Stock,2500,376.03,940074.9999999999,10000,D,Key John P.,,true,false,false,,SEC EDGAR
PANW|0001193125-26-393132|nonDerivative|2026-09-14|Bawa Aparna|S|Common Stock|1000|373.605|I,2026-09-17 04:45:13+0000,PANW,Palo Alto Networks Inc,0001327567,4,2026-09-16,2026-09-14,0001193125-26-393132,https://www.sec.gov/Archives/edgar/data/1327567/000119312526393132/ownership.xml,nonDerivative,2026-09-14,S,Common Stock,1000,373.605,373605.0,5437,I,Bawa Aparna,,true,false,false,,SEC EDGAR
PANW|0001193125-26-393132|nonDerivative|2026-09-15|Bawa Aparna|S|Common Stock|500|377.18|I,2026-09-17 04:45:13+0000,PANW,Palo Alto Networks Inc,0001327567,4,2026-09-16,2026-09-14,0001193125-26-393132,https://www.sec.gov/Archives/edgar/data/1327567/000119312526393132/ownership.xml,nonDerivative,2026-09-15,S,Common Stock,500,377.18,188590.0,4937,I,Bawa Aparna,,true,false,false,,SEC EDGAR
NTAP|0001193125-26-393227|nonDerivative|2026-09-14|Kurian George|S|Common Shares|11616|190.28|D,2026-09-17 04:45:13+0000,NTAP,"NetApp, Inc.",0001002047,4,2026-09-16,2026-09-14,0001193125-26-393227,https://www.sec.gov/Archives/edgar/data/1002047/000119312526393227/ownership.xml,nonDerivative,2026-09-14,S,Common Shares,11616,190.28,2210292.48,346921,D,Kurian George,CEO,true,true,false,CEO,SEC EDGAR
NTAP|0001193125-26-393227|nonDerivative|2026-09-14|Kurian George|S|Common Shares|12681|191.25|D,2026-09-17 04:45:13+0000,NTAP,"NetApp, Inc.",0001002047,4,2026-09-16,2026-09-14,0001193125-26-393227,https://www.sec.gov/Archives/edgar/data/1002047/000119312526393227/ownership.xml,nonDerivative,2026-09-14,S,Common Shares,12681,191.25,2425241.25,334240,D,Kurian George,CEO,true,true,false,CEO,SEC EDGAR
NTAP|0001193125-26-393227|nonDerivative|2026-09-14|Kurian George|S|Common Shares|12845|192.11|D,2026-09-17 04:45:13+0000,NTAP,"NetApp, Inc.",0001002047,4,2026-09-16,2026-09-14,0001193125-26-393227,https://www.sec.gov/Archives/edgar/data/1002047/000119312526393227/ownership.xml,nonDerivative,2026-09-14,S,Common Shares,12845,192.11,2467652.95,321395,D,Kurian George,CEO,true,true,false,CEO,SEC EDGAR
NTAP|0001193125-26-393227|nonDerivative|2026-09-14|Kurian George|S|Common Shares|1370|193.34|D,2026-09-17 04:45:13+0000,NTAP,"NetApp, Inc.",0001002047,4,2026-09-16,2026-09-14,0001193125-26-393227,https://www.sec.gov/Archives/edgar/data/1002047/000119312526393227/ownership.xml,nonDerivative,2026-09-14,S,Common Shares,1370,193.34,264875.8,320025,D,Kurian George,CEO,true,true,false,CEO,SEC EDGAR
NTAP|0001193125-26-393227|nonDerivative|2026-09-14|Kurian George|S|Common Shares|1488|194.04|D,2026-09-17 04:45:13+0000,NTAP,"NetApp, Inc.",0001002047,4,2026-09-16,2026-09-14,0001193125-26-393227,https://www.sec.gov/Archives/edgar/data/1002047/000119312526393227/ownership.xml,nonDerivative,2026-09-14,S,Common Shares,1488,194.04,288731.51999999996,318537,D,Kurian George,CEO,true,true,false,CEO,SEC EDGAR
NTAP|0001193125-26-393231|nonDerivative|2026-09-14|Ahuja Deepak|S|Common Shares|3526|194.04|D,2026-09-17 04:45:13+0000,NTAP,"NetApp, Inc.",0001002047,4,2026-09-16,2026-09-14,0001193125-26-393231,https://www.sec.gov/Archives/edgar/data/1002047/000119312526393231/ownership.xml,nonDerivative,2026-09-14,S,Common Shares,3526,194.04,684185.0399999999,16264,D,Ahuja Deepak,,true,false,false,,SEC EDGAR
NEE|0001240752-26-000008|derivative|2026-09-15|PORGES DAVID L|A|Phantom Stock Units|52|81.07|D,2026-09-17 04:45:13+0000,NEE,NEXTERA ENERGY INC,0000753308,4,2026-09-16,2026-09-15,0001240752-26-000008,https://www.sec.gov/Archives/edgar/data/753308/000124075226000008/form4.xml,derivative,2026-09-15,A,Phantom Stock Units,52,81.07,4215.639999999999,6663,D,PORGES DAVID L,Director,1,0,0,,SEC EDGAR
NEE|0001212969-26-000008|derivative|2026-09-15|CAMAREN JAMES LAWRENCE|A|Phantom Stock Units|271|81.07|D,2026-09-17 04:45:13+0000,NEE,NEXTERA ENERGY INC,0000753308,4,2026-09-16,2026-09-15,0001212969-26-000008,https://www.sec.gov/Archives/edgar/data/753308/000121296926000008/form4.xml,derivative,2026-09-15,A,Phantom Stock Units,271,81.07,21969.969999999998,34954,D,CAMAREN JAMES LAWRENCE,Director,1,0,0,,SEC EDGAR
NEE|0001950032-26-000014|derivative|2026-09-15|Arnaboldi Nicole S|A|Phantom Stock Units|67|81.07|D,2026-09-17 04:45:13+0000,NEE,NEXTERA ENERGY INC,0000753308,4,2026-09-16,2026-09-15,0001950032-26-000014,https://www.sec.gov/Archives/edgar/data/753308/000195003226000014/form4.xml,derivative,2026-09-15,A,Phantom Stock Units,67,81.07,5431.69,8542,D,Arnaboldi Nicole S,Director,1,0,0,,SEC EDGAR
NDSN|0002078512-26-000004|nonDerivative|2026-09-15|Rutledge Joseph M|S|NDSN|684|309.38|D,2026-09-17 04:45:13+0000,NDSN,NORDSON CORP,0000072331,4,2026-09-16,2026-09-15,0002078512-26-000004,https://www.sec.gov/Archives/edgar/data/72331/000207851226000004/wk-form4_1789560406.xml,nonDerivative,2026-09-15,S,NDSN,684,309.38,211615.91999999998,2134,D,Rutledge Joseph M,"Officer, VP, CAO",0,1,0,"VP, CAO",SEC EDGAR
MTB|0001628280-26-062228|nonDerivative|2026-09-14|JONES RENE F|M|Common Stock|16770|190.78|D,2026-09-17 04:45:13+0000,MTB,M&T BANK CORP,0000036270,4,2026-09-16,2026-09-14,0001628280-26-062228,https://www.sec.gov/Archives/edgar/data/36270/000162828026062228/wk-form4_1789588617.xml,nonDerivative,2026-09-14,M,Common Stock,16770,190.78,3199380.6,138327.79,D,JONES RENE F,"Director, Officer, Chairman of the Board and CEO",1,1,0,Chairman of the Board and CEO,SEC EDGAR
MTB|0001628280-26-062228|nonDerivative|2026-09-14|JONES RENE F|F|Common Stock|15101|239.48|D,2026-09-17 04:45:13+0000,MTB,M&T BANK CORP,0000036270,4,2026-09-16,2026-09-14,0001628280-26-062228,https://www.sec.gov/Archives/edgar/data/36270/000162828026062228/wk-form4_1789588617.xml,nonDerivative,2026-09-14,F,Common Stock,15101,239.48,3616387.48,123226.79,D,JONES RENE F,"Director, Officer, Chairman of the Board and CEO",1,1,0,Chairman of the Board and CEO,SEC EDGAR
MTB|0001628280-26-062228|nonDerivative|2026-09-14|JONES RENE F|S|Common Stock|19396|239.35|D,2026-09-17 04:45:13+0000,MTB,M&T BANK CORP,0000036270,4,2026-09-16,2026-09-14,0001628280-26-062228,https://www.sec.gov/Archives/edgar/data/36270/000162828026062228/wk-form4_1789588617.xml,nonDerivative,2026-09-14,S,Common Stock,19396,239.35,4642432.6,103830.79,D,JONES RENE F,"Director, Officer, Chairman of the Board and CEO",1,1,0,Chairman of the Board and CEO,SEC EDGAR
MTB|0001628280-26-062228|derivative|2026-09-14|JONES RENE F|M|Option (right to buy)|16770|0|D,2026-09-17 04:45:13+0000,MTB,M&T BANK CORP,0000036270,4,2026-09-16,2026-09-14,0001628280-26-062228,https://www.sec.gov/Archives/edgar/data/36270/000162828026062228/wk-form4_1789588617.xml,derivative,2026-09-14,M,Option (right to buy),16770,0,0.0,0,D,JONES RENE F,"Director, Officer, Chairman of the Board and CEO",1,1,0,Chairman of the Board and CEO,SEC EDGAR
MRNA|0001682852-26-000176|nonDerivative|2026-09-14|Hoge Stephen|M|Common Stock|76453|12.21|D,2026-09-17 04:45:13+0000,MRNA,"Moderna, Inc.",0001682852,4,2026-09-16,2026-09-14,0001682852-26-000176,https://www.sec.gov/Archives/edgar/data/1682852/000168285226000176/form4.xml,nonDerivative,2026-09-14,M,Common Stock,76453,12.21,933491.1300000001,1566152,D,Hoge Stephen,"Officer, President",,1,,President,SEC EDGAR
MRNA|0001682852-26-000176|nonDerivative|2026-09-14|Hoge Stephen|S|Common Stock|40294|144.13|D,2026-09-17 04:45:13+0000,MRNA,"Moderna, Inc.",0001682852,4,2026-09-16,2026-09-14,0001682852-26-000176,https://www.sec.gov/Archives/edgar/data/1682852/000168285226000176/form4.xml,nonDerivative,2026-09-14,S,Common Stock,40294,144.13,5807574.22,1525858,D,Hoge Stephen,"Officer, President",,1,,President,SEC EDGAR
MRNA|0001682852-26-000176|nonDerivative|2026-09-15|Hoge Stephen|M|Common Stock|76452|12.21|D,2026-09-17 04:45:13+0000,MRNA,"Moderna, Inc.",0001682852,4,2026-09-16,2026-09-14,0001682852-26-000176,https://www.sec.gov/Archives/edgar/data/1682852/000168285226000176/form4.xml,nonDerivative,2026-09-15,M,Common Stock,76452,12.21,933478.92,1602310,D,Hoge Stephen,"Officer, President",,1,,President,SEC EDGAR
MRNA|0001682852-26-000176|nonDerivative|2026-09-15|Hoge Stephen|S|Common Stock|40281|146.07|D,2026-09-17 04:45:13+0000,MRNA,"Moderna, Inc.",0001682852,4,2026-09-16,2026-09-14,0001682852-26-000176,https://www.sec.gov/Archives/edgar/data/1682852/000168285226000176/form4.xml,nonDerivative,2026-09-15,S,Common Stock,40281,146.07,5883845.67,1562029,D,Hoge Stephen,"Officer, President",,1,,President,SEC EDGAR
MRNA|0001682852-26-000176|derivative|2026-09-14|Hoge Stephen|M|Stock Option (Right to Buy)|76453|0|D,2026-09-17 04:45:13+0000,MRNA,"Moderna, Inc.",0001682852,4,2026-09-16,2026-09-14,0001682852-26-000176,https://www.sec.gov/Archives/edgar/data/1682852/000168285226000176/form4.xml,derivative,2026-09-14,M,Stock Option (Right to Buy),76453,0,0.0,382262,D,Hoge Stephen,"Officer, President",,1,,President,SEC EDGAR
MRNA|0001682852-26-000176|derivative|2026-09-15|Hoge Stephen|M|Stock Option (Right to Buy)|76452|0|D,2026-09-17 04:45:13+0000,MRNA,"Moderna, Inc.",0001682852,4,2026-09-16,2026-09-14,0001682852-26-000176,https://www.sec.gov/Archives/edgar/data/1682852/000168285226000176/form4.xml,derivative,2026-09-15,M,Stock Option (Right to Buy),76452,0,0.0,305810,D,Hoge Stephen,"Officer, President",,1,,President,SEC EDGAR
MNST|0001284352-26-000004|nonDerivative|2026-09-14|SCHLOSBERG HILTON H|G|Common Stock|1690|0|D,2026-09-17 04:45:13+0000,MNST,Monster Beverage Corp,0000865752,4,2026-09-16,2026-09-14,0001284352-26-000004,https://www.sec.gov/Archives/edgar/data/865752/000128435226000004/form4-09162026_050901.xml,nonDerivative,2026-09-14,G,Common Stock,1690,0,0.0,2705846,D,SCHLOSBERG HILTON H,Vice Chairman and CEO,true,true,false,Vice Chairman and CEO,SEC EDGAR
META|0000950103-26-014061|nonDerivative|2026-09-14|Olivan Javier|S|Class A Common Stock|946|657.73|D,2026-09-17 04:45:13+0000,META,"Meta Platforms, Inc.",0001326801,4,2026-09-16,2026-09-14,0000950103-26-014061,https://www.sec.gov/Archives/edgar/data/1326801/000095010326014061/ownership.xml,nonDerivative,2026-09-14,S,Class A Common Stock,946,657.73,622212.5800000001,10716,D,Olivan Javier,"Officer, Chief Operating Officer",0,1,0,Chief Operating Officer,SEC EDGAR
META|0000950103-26-014061|nonDerivative|2026-09-14|Olivan Javier|S|Class A Common Stock|82|657.73|I,2026-09-17 04:45:13+0000,META,"Meta Platforms, Inc.",0001326801,4,2026-09-16,2026-09-14,0000950103-26-014061,https://www.sec.gov/Archives/edgar/data/1326801/000095010326014061/ownership.xml,nonDerivative,2026-09-14,S,Class A Common Stock,82,657.73,53933.86,6080,I,Olivan Javier,"Officer, Chief Operating Officer",0,1,0,Chief Operating Officer,SEC EDGAR
META|0000950103-26-014061|nonDerivative|2026-09-14|Olivan Javier|S|Class A Common Stock|57|657.73|I,2026-09-17 04:45:13+0000,META,"Meta Platforms, Inc.",0001326801,4,2026-09-16,2026-09-14,0000950103-26-014061,https://www.sec.gov/Archives/edgar/data/1326801/000095010326014061/ownership.xml,nonDerivative,2026-09-14,S,Class A Common Stock,57,657.73,37490.61,1232,I,Olivan Javier,"Officer, Chief Operating Officer",0,1,0,Chief Operating Officer,SEC EDGAR
META|0000950103-26-014061|nonDerivative|2026-09-14|Olivan Javier|S|Class A Common Stock|408|657.73|I,2026-09-17 04:45:13+0000,META,"Meta Platforms, Inc.",0001326801,4,2026-09-16,2026-09-14,0000950103-26-014061,https://www.sec.gov/Archives/edgar/data/1326801/000095010326014061/ownership.xml,nonDerivative,2026-09-14,S,Class A Common Stock,408,657.73,268353.84,77845,I,Olivan Javier,"Officer, Chief Operating Officer",0,1,0,Chief Operating Officer,SEC EDGAR
MDT|0002061393-26-000014|nonDerivative|2026-09-15|Blomquist Denise L.|G|Ordinary Shares|600|0|D,2026-09-17 04:45:13+0000,MDT,Medtronic plc,0001613103,4,2026-09-16,2026-09-15,0002061393-26-000014,https://www.sec.gov/Archives/edgar/data/1613103/000206139326000014/wk-form4_1789589777.xml,nonDerivative,2026-09-15,G,Ordinary Shares,600,0,0.0,16398,D,Blomquist Denise L.,"Officer, Chief Accounting Officer",0,1,0,Chief Accounting Officer,SEC EDGAR
LOW|0002154190-26-000005|nonDerivative|2026-09-15|Wilson Jennifer Elizabeth|A|Common Stock|2891|0|D,2026-09-17 04:45:13+0000,LOW,LOWES COMPANIES INC,0000060667,4,2026-09-16,2026-09-15,0002154190-26-000005,https://www.sec.gov/Archives/edgar/data/60667/000215419026000005/wk-form4_1789590612.xml,nonDerivative,2026-09-15,A,Common Stock,2891,0,0.0,9157,D,Wilson Jennifer Elizabeth,"Officer, EVP, Chief Marketing Officer",0,1,0,"EVP, Chief Marketing Officer",SEC EDGAR
LOW|0001982460-26-000003|nonDerivative|2026-09-15|Vance Quonta D|F|Common Stock|848|194.61|D,2026-09-17 04:45:13+0000,LOW,LOWES COMPANIES INC,0000060667,4,2026-09-16,2026-09-15,0001982460-26-000003,https://www.sec.gov/Archives/edgar/data/60667/000198246026000003/wk-form4_1789590410.xml,nonDerivative,2026-09-15,F,Common Stock,848,194.61,165029.28,25326,D,Vance Quonta D,"Officer, EVP, Stores",0,1,0,"EVP, Stores",SEC EDGAR
LOW|0001982460-26-000003|nonDerivative|2026-09-15|Vance Quonta D|A|Common Stock|2009|0|D,2026-09-17 04:45:13+0000,LOW,LOWES COMPANIES INC,0000060667,4,2026-09-16,2026-09-15,0001982460-26-000003,https://www.sec.gov/Archives/edgar/data/60667/000198246026000003/wk-form4_1789590410.xml,nonDerivative,2026-09-15,A,Common Stock,2009,0,0.0,27335,D,Vance Quonta D,"Officer, EVP, Stores",0,1,0,"EVP, Stores",SEC EDGAR
LOW|0001759418-26-000004|nonDerivative|2026-09-15|Godbole Seemantini|A|Common Stock|396|0|D,2026-09-17 04:45:13+0000,LOW,LOWES COMPANIES INC,0000060667,4,2026-09-16,2026-09-15,0001759418-26-000004,https://www.sec.gov/Archives/edgar/data/60667/000175941826000004/wk-form4_1789590796.xml,nonDerivative,2026-09-15,A,Common Stock,396,0,0.0,49449,D,Godbole Seemantini,"Officer, EVP, CI & AI Officer",0,1,0,"EVP, CI & AI Officer",SEC EDGAR
LOW|0002153496-26-000005|nonDerivative|2026-09-15|Filipponi Adam D|A|Common Stock|3212|0|D,2026-09-17 04:45:13+0000,LOW,LOWES COMPANIES INC,0000060667,4,2026-09-16,2026-09-15,0002153496-26-000005,https://www.sec.gov/Archives/edgar/data/60667/000215349626000005/wk-form4_1789590503.xml,nonDerivative,2026-09-15,A,Common Stock,3212,0,0.0,9927,D,Filipponi Adam D,"Officer, EVP, Strategy & Business Dev",0,1,0,"EVP, Strategy & Business Dev",SEC EDGAR
KLAC|0001193125-26-393053|nonDerivative|2026-09-15|WALLACE RICHARD P|S|Common Stock|72019|171.88|D,2026-09-17 04:45:13+0000,KLAC,KLA CORP,0000319201,4,2026-09-16,2026-09-15,0001193125-26-393053,https://www.sec.gov/Archives/edgar/data/319201/000119312526393053/ownership.xml,nonDerivative,2026-09-15,S,Common Stock,72019,171.88,12378625.719999999,706924.5499,D,WALLACE RICHARD P,President and CEO,false,true,false,President and CEO,SEC EDGAR
KDP|0001885848-26-000004|nonDerivative|2026-09-14|Shoemaker Anthony|M|Common Stock|59781|0|D,2026-09-17 04:45:13+0000,KDP,Keurig Dr Pepper Inc.,0001418135,4,2026-09-16,2026-09-14,0001885848-26-000004,https://www.sec.gov/Archives/edgar/data/1418135/000188584826000004/wk-form4_1789594924.xml,nonDerivative,2026-09-14,M,Common Stock,59781,0,0.0,200062,D,Shoemaker Anthony,"Officer, Chief Legal Officer",0,1,0,Chief Legal Officer,SEC EDGAR
KDP|0001885848-26-000004|nonDerivative|2026-09-14|Shoemaker Anthony|M|Common Stock|785|0|D,2026-09-17 04:45:13+0000,KDP,Keurig Dr Pepper Inc.,0001418135,4,2026-09-16,2026-09-14,0001885848-26-000004,https://www.sec.gov/Archives/edgar/data/1418135/000188584826000004/wk-form4_1789594924.xml,nonDerivative,2026-09-14,M,Common Stock,785,0,0.0,200847,D,Shoemaker Anthony,"Officer, Chief Legal Officer",0,1,0,Chief Legal Officer,SEC EDGAR
KDP|0001885848-26-000004|nonDerivative|2026-09-14|Shoemaker Anthony|F|Common Stock|23833|31.58|D,2026-09-17 04:45:13+0000,KDP,Keurig Dr Pepper Inc.,0001418135,4,2026-09-16,2026-09-14,0001885848-26-000004,https://www.sec.gov/Archives/edgar/data/1418135/000188584826000004/wk-form4_1789594924.xml,nonDerivative,2026-09-14,F,Common Stock,23833,31.58,752646.14,177014,D,Shoemaker Anthony,"Officer, Chief Legal Officer",0,1,0,Chief Legal Officer,SEC EDGAR
KDP|0001885848-26-000004|derivative|2026-09-14|Shoemaker Anthony|M|Restricted Stock Unit|59781|0|D,2026-09-17 04:45:13+0000,KDP,Keurig Dr Pepper Inc.,0001418135,4,2026-09-16,2026-09-14,0001885848-26-000004,https://www.sec.gov/Archives/edgar/data/1418135/000188584826000004/wk-form4_1789594924.xml,derivative,2026-09-14,M,Restricted Stock Unit,59781,0,0.0,0,D,Shoemaker Anthony,"Officer, Chief Legal Officer",0,1,0,Chief Legal Officer,SEC EDGAR
KDP|0001885848-26-000004|derivative|2026-09-14|Shoemaker Anthony|M|Restricted Stock Unit|785|0|D,2026-09-17 04:45:13+0000,KDP,Keurig Dr Pepper Inc.,0001418135,4,2026-09-16,2026-09-14,0001885848-26-000004,https://www.sec.gov/Archives/edgar/data/1418135/000188584826000004/wk-form4_1789594924.xml,derivative,2026-09-14,M,Restricted Stock Unit,785,0,0.0,0,D,Shoemaker Anthony,"Officer, Chief Legal Officer",0,1,0,Chief Legal Officer,SEC EDGAR
KDP|0001646564-26-000005|nonDerivative|2026-09-14|Sandler Debra A.|M|Common Stock|2285|0|D,2026-09-17 04:45:13+0000,KDP,Keurig Dr Pepper Inc.,0001418135,4,2026-09-16,2026-09-14,0001646564-26-000005,https://www.sec.gov/Archives/edgar/data/1418135/000164656426000005/wk-form4_1789594802.xml,nonDerivative,2026-09-14,M,Common Stock,2285,0,0.0,2285,D,Sandler Debra A.,Director,1,0,0,,SEC EDGAR
KDP|0001646564-26-000005|derivative|2026-09-14|Sandler Debra A.|M|Restricted Stock Unit|2285|0|D,2026-09-17 04:45:13+0000,KDP,Keurig Dr Pepper Inc.,0001418135,4,2026-09-16,2026-09-14,0001646564-26-000005,https://www.sec.gov/Archives/edgar/data/1418135/000164656426000005/wk-form4_1789594802.xml,derivative,2026-09-14,M,Restricted Stock Unit,2285,0,0.0,0,D,Sandler Debra A.,Director,1,0,0,,SEC EDGAR
KDP|0002057692-26-000004|nonDerivative|2026-09-14|Gorli Eric|M|Common Stock|3317|0|D,2026-09-17 04:45:13+0000,KDP,Keurig Dr Pepper Inc.,0001418135,4,2026-09-16,2026-09-14,0002057692-26-000004,https://www.sec.gov/Archives/edgar/data/1418135/000205769226000004/wk-form4_1789595151.xml,nonDerivative,2026-09-14,M,Common Stock,3317,0,0.0,101610,D,Gorli Eric,"Officer, President, US Refreshment Bev.",0,1,0,"President, US Refreshment Bev.",SEC EDGAR
KDP|0002057692-26-000004|nonDerivative|2026-09-14|Gorli Eric|F|Common Stock|1306|31.58|D,2026-09-17 04:45:13+0000,KDP,Keurig Dr Pepper Inc.,0001418135,4,2026-09-16,2026-09-14,0002057692-26-000004,https://www.sec.gov/Archives/edgar/data/1418135/000205769226000004/wk-form4_1789595151.xml,nonDerivative,2026-09-14,F,Common Stock,1306,31.58,41243.479999999996,100304,D,Gorli Eric,"Officer, President, US Refreshment Bev.",0,1,0,"President, US Refreshment Bev.",SEC EDGAR
KDP|0002057692-26-000004|derivative|2026-09-14|Gorli Eric|M|Restricted Stock Unit|3317|0|D,2026-09-17 04:45:13+0000,KDP,Keurig Dr Pepper Inc.,0001418135,4,2026-09-16,2026-09-14,0002057692-26-000004,https://www.sec.gov/Archives/edgar/data/1418135/000205769226000004/wk-form4_1789595151.xml,derivative,2026-09-14,M,Restricted Stock Unit,3317,0,0.0,3316,D,Gorli Eric,"Officer, President, US Refreshment Bev.",0,1,0,"President, US Refreshment Bev.",SEC EDGAR
ISRG|0001897970-26-000008|nonDerivative|2026-09-15|Widman Fredrik|M|Common Stock|546|79.6378|D,2026-09-17 04:45:13+0000,ISRG,INTUITIVE SURGICAL INC,0001035267,4,2026-09-16,2026-09-15,0001897970-26-000008,https://www.sec.gov/Archives/edgar/data/1035267/000189797026000008/edgardoc.xml,nonDerivative,2026-09-15,M,Common Stock,546,79.6378,43482.2388,1572,D,Widman Fredrik,"Officer, VP Corporate Controller",0,1,0,VP Corporate Controller,SEC EDGAR
ISRG|0001897970-26-000008|nonDerivative|2026-09-15|Widman Fredrik|S|Common Stock|546|374.44|D,2026-09-17 04:45:13+0000,ISRG,INTUITIVE SURGICAL INC,0001035267,4,2026-09-16,2026-09-15,0001897970-26-000008,https://www.sec.gov/Archives/edgar/data/1035267/000189797026000008/edgardoc.xml,nonDerivative,2026-09-15,S,Common Stock,546,374.44,204444.24,1026,D,Widman Fredrik,"Officer, VP Corporate Controller",0,1,0,VP Corporate Controller,SEC EDGAR
ISRG|0001897970-26-000008|nonDerivative|2026-09-15|Widman Fredrik|M|Common Stock|543|109.4856|D,2026-09-17 04:45:13+0000,ISRG,INTUITIVE SURGICAL INC,0001035267,4,2026-09-16,2026-09-15,0001897970-26-000008,https://www.sec.gov/Archives/edgar/data/1035267/000189797026000008/edgardoc.xml,nonDerivative,2026-09-15,M,Common Stock,543,109.4856,59450.6808,1569,D,Widman Fredrik,"Officer, VP Corporate Controller",0,1,0,VP Corporate Controller,SEC EDGAR
ISRG|0001897970-26-000008|nonDerivative|2026-09-15|Widman Fredrik|S|Common Stock|543|374.44|D,2026-09-17 04:45:13+0000,ISRG,INTUITIVE SURGICAL INC,0001035267,4,2026-09-16,2026-09-15,0001897970-26-000008,https://www.sec.gov/Archives/edgar/data/1035267/000189797026000008/edgardoc.xml,nonDerivative,2026-09-15,S,Common Stock,543,374.44,203320.92,1026,D,Widman Fredrik,"Officer, VP Corporate Controller",0,1,0,VP Corporate Controller,SEC EDGAR
ISRG|0001897970-26-000008|derivative|2026-09-15|Widman Fredrik|M|Non-Qualified Stock Option (right to buy)|546|0.0|D,2026-09-17 04:45:13+0000,ISRG,INTUITIVE SURGICAL INC,0001035267,4,2026-09-16,2026-09-15,0001897970-26-000008,https://www.sec.gov/Archives/edgar/data/1035267/000189797026000008/edgardoc.xml,derivative,2026-09-15,M,Non-Qualified Stock Option (right to buy),546,0.0,0.0,1092,D,Widman Fredrik,"Officer, VP Corporate Controller",0,1,0,VP Corporate Controller,SEC EDGAR
ISRG|0001897970-26-000008|derivative|2026-09-15|Widman Fredrik|M|Non-Qualified Stock Option (right to buy)|543|0.0|D,2026-09-17 04:45:13+0000,ISRG,INTUITIVE SURGICAL INC,0001035267,4,2026-09-16,2026-09-15,0001897970-26-000008,https://www.sec.gov/Archives/edgar/data/1035267/000189797026000008/edgardoc.xml,derivative,2026-09-15,M,Non-Qualified Stock Option (right to buy),543,0.0,0.0,1086,D,Widman Fredrik,"Officer, VP Corporate Controller",0,1,0,VP Corporate Controller,SEC EDGAR
ICE|0001193125-26-393127|nonDerivative|2026-09-14|Foley Douglas|S|Common Stock|1600|160|D,2026-09-17 04:45:13+0000,ICE,"Intercontinental Exchange, Inc.",0001571949,4,2026-09-16,2026-09-14,0001193125-26-393127,https://www.sec.gov/Archives/edgar/data/1571949/000119312526393127/ownership.xml,nonDerivative,2026-09-14,S,Common Stock,1600,160,256000.0,15863,D,Foley Douglas,"SVP, HR & Administration",false,true,false,"SVP, HR & Administration",SEC EDGAR
"HSY|0000950142-26-002557|nonDerivative|2026-09-14|HERSHEY TRUST CO TRUSTEE IN TRUST FOR MILTON HERSHEY SCHOOL|S|Common Stock, $1.00 par value|4390|173.8061|D",2026-09-17 04:45:13+0000,HSY,HERSHEY CO,0000047111,4,2026-09-16,2026-09-14,0000950142-26-002557,https://www.sec.gov/Archives/edgar/data/47111/000095014226002557/es260830321_4-hsy.xml,nonDerivative,2026-09-14,S,"Common Stock, $1.00 par value",4390,173.8061,763008.779,811729,D,HERSHEY TRUST CO TRUSTEE IN TRUST FOR MILTON HERSHEY SCHOOL,10% Owner,0,0,1,,SEC EDGAR
"HSY|0000950142-26-002557|nonDerivative|2026-09-14|HERSHEY TRUST CO TRUSTEE IN TRUST FOR MILTON HERSHEY SCHOOL|S|Common Stock, $1.00 par value|3993|174.5004|D",2026-09-17 04:45:13+0000,HSY,HERSHEY CO,0000047111,4,2026-09-16,2026-09-14,0000950142-26-002557,https://www.sec.gov/Archives/edgar/data/47111/000095014226002557/es260830321_4-hsy.xml,nonDerivative,2026-09-14,S,"Common Stock, $1.00 par value",3993,174.5004,696780.0972000001,807736,D,HERSHEY TRUST CO TRUSTEE IN TRUST FOR MILTON HERSHEY SCHOOL,10% Owner,0,0,1,,SEC EDGAR
"HSY|0000950142-26-002557|nonDerivative|2026-09-14|HERSHEY TRUST CO TRUSTEE IN TRUST FOR MILTON HERSHEY SCHOOL|S|Common Stock, $1.00 par value|1214|175.4529|D",2026-09-17 04:45:13+0000,HSY,HERSHEY CO,0000047111,4,2026-09-16,2026-09-14,0000950142-26-002557,https://www.sec.gov/Archives/edgar/data/47111/000095014226002557/es260830321_4-hsy.xml,nonDerivative,2026-09-14,S,"Common Stock, $1.00 par value",1214,175.4529,212999.8206,806522,D,HERSHEY TRUST CO TRUSTEE IN TRUST FOR MILTON HERSHEY SCHOOL,10% Owner,0,0,1,,SEC EDGAR
"HSY|0000950142-26-002557|nonDerivative|2026-09-14|HERSHEY TRUST CO TRUSTEE IN TRUST FOR MILTON HERSHEY SCHOOL|S|Common Stock, $1.00 par value|203|176.3851|D",2026-09-17 04:45:13+0000,HSY,HERSHEY CO,0000047111,4,2026-09-16,2026-09-14,0000950142-26-002557,https://www.sec.gov/Archives/edgar/data/47111/000095014226002557/es260830321_4-hsy.xml,nonDerivative,2026-09-14,S,"Common Stock, $1.00 par value",203,176.3851,35806.175299999995,806319,D,HERSHEY TRUST CO TRUSTEE IN TRUST FOR MILTON HERSHEY SCHOOL,10% Owner,0,0,1,,SEC EDGAR
"HSY|0000950142-26-002557|nonDerivative|2026-09-14|HERSHEY TRUST CO TRUSTEE IN TRUST FOR MILTON HERSHEY SCHOOL|S|Common Stock, $1.00 par value|200|177.6723|D",2026-09-17 04:45:13+0000,HSY,HERSHEY CO,0000047111,4,2026-09-16,2026-09-14,0000950142-26-002557,https://www.sec.gov/Archives/edgar/data/47111/000095014226002557/es260830321_4-hsy.xml,nonDerivative,2026-09-14,S,"Common Stock, $1.00 par value",200,177.6723,35534.46,806119,D,HERSHEY TRUST CO TRUSTEE IN TRUST FOR MILTON HERSHEY SCHOOL,10% Owner,0,0,1,,SEC EDGAR
"HSY|0000950142-26-002557|nonDerivative|2026-09-15|HERSHEY TRUST CO TRUSTEE IN TRUST FOR MILTON HERSHEY SCHOOL|S|Common Stock, $1.00 par value|400|169.7305|D",2026-09-17 04:45:13+0000,HSY,HERSHEY CO,0000047111,4,2026-09-16,2026-09-14,0000950142-26-002557,https://www.sec.gov/Archives/edgar/data/47111/000095014226002557/es260830321_4-hsy.xml,nonDerivative,2026-09-15,S,"Common Stock, $1.00 par value",400,169.7305,67892.2,805719,D,HERSHEY TRUST CO TRUSTEE IN TRUST FOR MILTON HERSHEY SCHOOL,10% Owner,0,0,1,,SEC EDGAR
"HSY|0000950142-26-002557|nonDerivative|2026-09-15|HERSHEY TRUST CO TRUSTEE IN TRUST FOR MILTON HERSHEY SCHOOL|S|Common Stock, $1.00 par value|6586|170.4637|D",2026-09-17 04:45:13+0000,HSY,HERSHEY CO,0000047111,4,2026-09-16,2026-09-14,0000950142-26-002557,https://www.sec.gov/Archives/edgar/data/47111/000095014226002557/es260830321_4-hsy.xml,nonDerivative,2026-09-15,S,"Common Stock, $1.00 par value",6586,170.4637,1122673.9282,799133,D,HERSHEY TRUST CO TRUSTEE IN TRUST FOR MILTON HERSHEY SCHOOL,10% Owner,0,0,1,,SEC EDGAR
"HSY|0000950142-26-002557|nonDerivative|2026-09-15|HERSHEY TRUST CO TRUSTEE IN TRUST FOR MILTON HERSHEY SCHOOL|S|Common Stock, $1.00 par value|2198|171.3769|D",2026-09-17 04:45:13+0000,HSY,HERSHEY CO,0000047111,4,2026-09-16,2026-09-14,0000950142-26-002557,https://www.sec.gov/Archives/edgar/data/47111/000095014226002557/es260830321_4-hsy.xml,nonDerivative,2026-09-15,S,"Common Stock, $1.00 par value",2198,171.3769,376686.4262,796935,D,HERSHEY TRUST CO TRUSTEE IN TRUST FOR MILTON HERSHEY SCHOOL,10% Owner,0,0,1,,SEC EDGAR
"HSY|0000950142-26-002557|nonDerivative|2026-09-15|HERSHEY TRUST CO TRUSTEE IN TRUST FOR MILTON HERSHEY SCHOOL|S|Common Stock, $1.00 par value|676|172.3273|D",2026-09-17 04:45:13+0000,HSY,HERSHEY CO,0000047111,4,2026-09-16,2026-09-14,0000950142-26-002557,https://www.sec.gov/Archives/edgar/data/47111/000095014226002557/es260830321_4-hsy.xml,nonDerivative,2026-09-15,S,"Common Stock, $1.00 par value",676,172.3273,116493.25480000001,796259,D,HERSHEY TRUST CO TRUSTEE IN TRUST FOR MILTON HERSHEY SCHOOL,10% Owner,0,0,1,,SEC EDGAR
"HSY|0000950142-26-002557|nonDerivative|2026-09-15|HERSHEY TRUST CO TRUSTEE IN TRUST FOR MILTON HERSHEY SCHOOL|S|Common Stock, $1.00 par value|140|173.1000|D",2026-09-17 04:45:13+0000,HSY,HERSHEY CO,0000047111,4,2026-09-16,2026-09-14,0000950142-26-002557,https://www.sec.gov/Archives/edgar/data/47111/000095014226002557/es260830321_4-hsy.xml,nonDerivative,2026-09-15,S,"Common Stock, $1.00 par value",140,173.1000,24234.0,796119,D,HERSHEY TRUST CO TRUSTEE IN TRUST FOR MILTON HERSHEY SCHOOL,10% Owner,0,0,1,,SEC EDGAR
"HSY|0000950142-26-002557|nonDerivative|2026-09-16|HERSHEY TRUST CO TRUSTEE IN TRUST FOR MILTON HERSHEY SCHOOL|S|Common Stock, $1.00 par value|3299|170.8128|D",2026-09-17 04:45:13+0000,HSY,HERSHEY CO,0000047111,4,2026-09-16,2026-09-14,0000950142-26-002557,https://www.sec.gov/Archives/edgar/data/47111/000095014226002557/es260830321_4-hsy.xml,nonDerivative,2026-09-16,S,"Common Stock, $1.00 par value",3299,170.8128,563511.4272,792820,D,HERSHEY TRUST CO TRUSTEE IN TRUST FOR MILTON HERSHEY SCHOOL,10% Owner,0,0,1,,SEC EDGAR
"HSY|0000950142-26-002557|nonDerivative|2026-09-16|HERSHEY TRUST CO TRUSTEE IN TRUST FOR MILTON HERSHEY SCHOOL|S|Common Stock, $1.00 par value|4135|171.5408|D",2026-09-17 04:45:13+0000,HSY,HERSHEY CO,0000047111,4,2026-09-16,2026-09-14,0000950142-26-002557,https://www.sec.gov/Archives/edgar/data/47111/000095014226002557/es260830321_4-hsy.xml,nonDerivative,2026-09-16,S,"Common Stock, $1.00 par value",4135,171.5408,709321.208,788685,D,HERSHEY TRUST CO TRUSTEE IN TRUST FOR MILTON HERSHEY SCHOOL,10% Owner,0,0,1,,SEC EDGAR
"HSY|0000950142-26-002557|nonDerivative|2026-09-16|HERSHEY TRUST CO TRUSTEE IN TRUST FOR MILTON HERSHEY SCHOOL|S|Common Stock, $1.00 par value|2566|172.2141|D",2026-09-17 04:45:13+0000,HSY,HERSHEY CO,0000047111,4,2026-09-16,2026-09-14,0000950142-26-002557,https://www.sec.gov/Archives/edgar/data/47111/000095014226002557/es260830321_4-hsy.xml,nonDerivative,2026-09-16,S,"Common Stock, $1.00 par value",2566,172.2141,441901.38060000003,786119,D,HERSHEY TRUST CO TRUSTEE IN TRUST FOR MILTON HERSHEY SCHOOL,10% Owner,0,0,1,,SEC EDGAR
HPE|0001233171-26-000012|nonDerivative|2026-09-14|REINER GARY M|S|Common Stock|17000|56.9076|I,2026-09-17 04:45:13+0000,HPE,Hewlett Packard Enterprise Co,0001645590,4,2026-09-16,2026-09-14,0001233171-26-000012,https://www.sec.gov/Archives/edgar/data/1645590/000123317126000012/form4.xml,nonDerivative,2026-09-14,S,Common Stock,17000,56.9076,967429.2000000001,65072,I,REINER GARY M,Director,1,0,0,,SEC EDGAR
HPE|0001233171-26-000012|derivative|2026-07-15|REINER GARY M|A|Restricted Stock Units|26.3109||D,2026-09-17 04:45:13+0000,HPE,Hewlett Packard Enterprise Co,0001645590,4,2026-09-16,2026-09-14,0001233171-26-000012,https://www.sec.gov/Archives/edgar/data/1645590/000123317126000012/form4.xml,derivative,2026-07-15,A,Restricted Stock Units,26.3109,,,8776.3109,D,REINER GARY M,Director,1,0,0,,SEC EDGAR
GOOGL|0001193125-26-393515|nonDerivative|2026-09-14|Washington Robin L|A|Class C Google Stock Units|1|0|D,2026-09-17 04:45:13+0000,GOOGL,Alphabet Inc.,0001652044,4,2026-09-16,2026-09-14,0001193125-26-393515,https://www.sec.gov/Archives/edgar/data/1652044/000119312526393515/ownership.xml,nonDerivative,2026-09-14,A,Class C Google Stock Units,1,0,0.0,1433,D,Washington Robin L,,true,false,false,,SEC EDGAR
GOOGL|0001193125-26-393515|nonDerivative|2026-09-14|Washington Robin L|A|Class C Google Stock Units|0.4|0|D,2026-09-17 04:45:13+0000,GOOGL,Alphabet Inc.,0001652044,4,2026-09-16,2026-09-14,0001193125-26-393515,https://www.sec.gov/Archives/edgar/data/1652044/000119312526393515/ownership.xml,nonDerivative,2026-09-14,A,Class C Google Stock Units,0.4,0,0.0,597,D,Washington Robin L,,true,false,false,,SEC EDGAR
GOOGL|0001193125-26-393497|nonDerivative|2026-09-14|WALKER JOHN KENT|A|Class C Google Stock Units|37|0|D,2026-09-17 04:45:13+0000,GOOGL,Alphabet Inc.,0001652044,4,2026-09-16,2026-09-14,0001193125-26-393497,https://www.sec.gov/Archives/edgar/data/1652044/000119312526393497/ownership.xml,nonDerivative,2026-09-14,A,Class C Google Stock Units,37,0,0.0,57869,D,WALKER JOHN KENT,"President, Global Affairs, CLO",false,true,false,"President, Global Affairs, CLO",SEC EDGAR
GOOGL|0001193125-26-393497|nonDerivative|2026-09-14|WALKER JOHN KENT|A|Class C Google Stock Units|12|0|D,2026-09-17 04:45:13+0000,GOOGL,Alphabet Inc.,0001652044,4,2026-09-16,2026-09-14,0001193125-26-393497,https://www.sec.gov/Archives/edgar/data/1652044/000119312526393497/ownership.xml,nonDerivative,2026-09-14,A,Class C Google Stock Units,12,0,0.0,19076,D,WALKER JOHN KENT,"President, Global Affairs, CLO",false,true,false,"President, Global Affairs, CLO",SEC EDGAR
GOOGL|0001193125-26-393497|nonDerivative|2026-09-14|WALKER JOHN KENT|A|Class C Google Stock Units|33|0|D,2026-09-17 04:45:13+0000,GOOGL,Alphabet Inc.,0001652044,4,2026-09-16,2026-09-14,0001193125-26-393497,https://www.sec.gov/Archives/edgar/data/1652044/000119312526393497/ownership.xml,nonDerivative,2026-09-14,A,Class C Google Stock Units,33,0,0.0,51338,D,WALKER JOHN KENT,"President, Global Affairs, CLO",false,true,false,"President, Global Affairs, CLO",SEC EDGAR
GOOGL|0001193125-26-393513|nonDerivative|2026-09-14|Shriram Kavitark Ram|A|Class C Google Stock Units|1|0|D,2026-09-17 04:45:13+0000,GOOGL,Alphabet Inc.,0001652044,4,2026-09-16,2026-09-14,0001193125-26-393513,https://www.sec.gov/Archives/edgar/data/1652044/000119312526393513/ownership.xml,nonDerivative,2026-09-14,A,Class C Google Stock Units,1,0,0.0,1433,D,Shriram Kavitark Ram,,true,false,false,,SEC EDGAR
GOOGL|0001193125-26-393513|nonDerivative|2026-09-14|Shriram Kavitark Ram|A|Class C Google Stock Units|0.4|0|D,2026-09-17 04:45:13+0000,GOOGL,Alphabet Inc.,0001652044,4,2026-09-16,2026-09-14,0001193125-26-393513,https://www.sec.gov/Archives/edgar/data/1652044/000119312526393513/ownership.xml,nonDerivative,2026-09-14,A,Class C Google Stock Units,0.4,0,0.0,597,D,Shriram Kavitark Ram,,true,false,false,,SEC EDGAR
GOOGL|0001193125-26-393491|nonDerivative|2026-09-14|Schindler Philipp|A|Class C Google Stock Units|16|0|D,2026-09-17 04:45:13+0000,GOOGL,Alphabet Inc.,0001652044,4,2026-09-16,2026-09-14,0001193125-26-393491,https://www.sec.gov/Archives/edgar/data/1652044/000119312526393491/ownership.xml,nonDerivative,2026-09-14,A,Class C Google Stock Units,16,0,0.0,24374,D,Schindler Philipp,"SVP, Chief Business Officer",false,true,false,"SVP, Chief Business Officer",SEC EDGAR
GOOGL|0001193125-26-393491|nonDerivative|2026-09-14|Schindler Philipp|A|Class C Google Stock Units|41|0|D,2026-09-17 04:45:13+0000,GOOGL,Alphabet Inc.,0001652044,4,2026-09-16,2026-09-14,0001193125-26-393491,https://www.sec.gov/Archives/edgar/data/1652044/000119312526393491/ownership.xml,nonDerivative,2026-09-14,A,Class C Google Stock Units,41,0,0.0,64848,D,Schindler Philipp,"SVP, Chief Business Officer",false,true,false,"SVP, Chief Business Officer",SEC EDGAR
GOOGL|0001193125-26-393491|nonDerivative|2026-09-14|Schindler Philipp|A|Class C Google Stock Units|47|0|D,2026-09-17 04:45:13+0000,GOOGL,Alphabet Inc.,0001652044,4,2026-09-16,2026-09-14,0001193125-26-393491,https://www.sec.gov/Archives/edgar/data/1652044/000119312526393491/ownership.xml,nonDerivative,2026-09-14,A,Class C Google Stock Units,47,0,0.0,74296,D,Schindler Philipp,"SVP, Chief Business Officer",false,true,false,"SVP, Chief Business Officer",SEC EDGAR
GOOGL|0001193125-26-393500|nonDerivative|2026-09-14|Saraci Marsida|A|Class C Google Stock Units|1|0|D,2026-09-17 04:45:13+0000,GOOGL,Alphabet Inc.,0001652044,4,2026-09-16,2026-09-14,0001193125-26-393500,https://www.sec.gov/Archives/edgar/data/1652044/000119312526393500/ownership.xml,nonDerivative,2026-09-14,A,Class C Google Stock Units,1,0,0.0,1156,D,Saraci Marsida,"VP, Chief Accounting Officer",false,true,false,"VP, Chief Accounting Officer",SEC EDGAR
GOOGL|0001193125-26-393500|nonDerivative|2026-09-14|Saraci Marsida|A|Class C Google Stock Units|2|0|D,2026-09-17 04:45:13+0000,GOOGL,Alphabet Inc.,0001652044,4,2026-09-16,2026-09-14,0001193125-26-393500,https://www.sec.gov/Archives/edgar/data/1652044/000119312526393500/ownership.xml,nonDerivative,2026-09-14,A,Class C Google Stock Units,2,0,0.0,3648,D,Saraci Marsida,"VP, Chief Accounting Officer",false,true,false,"VP, Chief Accounting Officer",SEC EDGAR
GOOGL|0001193125-26-393500|nonDerivative|2026-09-14|Saraci Marsida|A|Class C Google Stock Units|3|0|D,2026-09-17 04:45:13+0000,GOOGL,Alphabet Inc.,0001652044,4,2026-09-16,2026-09-14,0001193125-26-393500,https://www.sec.gov/Archives/edgar/data/1652044/000119312526393500/ownership.xml,nonDerivative,2026-09-14,A,Class C Google Stock Units,3,0,0.0,4149,D,Saraci Marsida,"VP, Chief Accounting Officer",false,true,false,"VP, Chief Accounting Officer",SEC EDGAR
GOOGL|0001193125-26-393500|nonDerivative|2026-09-14|Saraci Marsida|A|Class C Google Stock Units|0.4|0|D,2026-09-17 04:45:13+0000,GOOGL,Alphabet Inc.,0001652044,4,2026-09-16,2026-09-14,0001193125-26-393500,https://www.sec.gov/Archives/edgar/data/1652044/000119312526393500/ownership.xml,nonDerivative,2026-09-14,A,Class C Google Stock Units,0.4,0,0.0,706,D,Saraci Marsida,"VP, Chief Accounting Officer",false,true,false,"VP, Chief Accounting Officer",SEC EDGAR
GOOGL|0001193125-26-393494|nonDerivative|2026-09-14|Porat Ruth|A|Class C Google Stock Units|37|0|D,2026-09-17 04:45:13+0000,GOOGL,Alphabet Inc.,0001652044,4,2026-09-16,2026-09-14,0001193125-26-393494,https://www.sec.gov/Archives/edgar/data/1652044/000119312526393494/ownership.xml,nonDerivative,2026-09-14,A,Class C Google Stock Units,37,0,0.0,57869,D,Porat Ruth,President and CIO,false,true,false,President and CIO,SEC EDGAR
GOOGL|0001193125-26-393494|nonDerivative|2026-09-14|Porat Ruth|A|Class C Google Stock Units|12|0|D,2026-09-17 04:45:13+0000,GOOGL,Alphabet Inc.,0001652044,4,2026-09-16,2026-09-14,0001193125-26-393494,https://www.sec.gov/Archives/edgar/data/1652044/000119312526393494/ownership.xml,nonDerivative,2026-09-14,A,Class C Google Stock Units,12,0,0.0,19076,D,Porat Ruth,President and CIO,false,true,false,President and CIO,SEC EDGAR
GOOGL|0001193125-26-393494|nonDerivative|2026-09-14|Porat Ruth|A|Class C Google Stock Units|33|0|D,2026-09-17 04:45:13+0000,GOOGL,Alphabet Inc.,0001652044,4,2026-09-16,2026-09-14,0001193125-26-393494,https://www.sec.gov/Archives/edgar/data/1652044/000119312526393494/ownership.xml,nonDerivative,2026-09-14,A,Class C Google Stock Units,33,0,0.0,51338,D,Porat Ruth,President and CIO,false,true,false,President and CIO,SEC EDGAR
GOOGL|0001193125-26-393483|nonDerivative|2026-09-14|Pichai Sundar|A|Class C Google Stock Units|131|0|D,2026-09-17 04:45:13+0000,GOOGL,Alphabet Inc.,0001652044,4,2026-09-16,2026-09-14,0001193125-26-393483,https://www.sec.gov/Archives/edgar/data/1652044/000119312526393483/ownership.xml,nonDerivative,2026-09-14,A,Class C Google Stock Units,131,0,0.0,206509,D,Pichai Sundar,Chief Executive Officer,true,true,false,Chief Executive Officer,SEC EDGAR
GOOGL|0001193125-26-393511|nonDerivative|2026-09-14|Hennessy John L.|A|Class C Google Stock Units|1|0|D,2026-09-17 04:45:13+0000,GOOGL,Alphabet Inc.,0001652044,4,2026-09-16,2026-09-14,0001193125-26-393511,https://www.sec.gov/Archives/edgar/data/1652044/000119312526393511/ownership.xml,nonDerivative,2026-09-14,A,Class C Google Stock Units,1,0,0.0,1343,D,Hennessy John L.,,true,false,false,,SEC EDGAR
GOOGL|0001193125-26-393506|nonDerivative|2026-09-14|Ferguson Roger W. Jr.|A|Class C Google Stock Units|1|0|D,2026-09-17 04:45:13+0000,GOOGL,Alphabet Inc.,0001652044,4,2026-09-16,2026-09-14,0001193125-26-393506,https://www.sec.gov/Archives/edgar/data/1652044/000119312526393506/ownership.xml,nonDerivative,2026-09-14,A,Class C Google Stock Units,1,0,0.0,1433,D,Ferguson Roger W. Jr.,,true,false,false,,SEC EDGAR
GOOGL|0001193125-26-393506|nonDerivative|2026-09-14|Ferguson Roger W. Jr.|A|Class C Google Stock Units|0.4|0|D,2026-09-17 04:45:13+0000,GOOGL,Alphabet Inc.,0001652044,4,2026-09-16,2026-09-14,0001193125-26-393506,https://www.sec.gov/Archives/edgar/data/1652044/000119312526393506/ownership.xml,nonDerivative,2026-09-14,A,Class C Google Stock Units,0.4,0,0.0,597,D,Ferguson Roger W. Jr.,,true,false,false,,SEC EDGAR
GOOGL|0001193125-26-393509|nonDerivative|2026-09-14|DOERR L JOHN|A|Class C Google Stock Units|1|0|D,2026-09-17 04:45:13+0000,GOOGL,Alphabet Inc.,0001652044,4,2026-09-16,2026-09-14,0001193125-26-393509,https://www.sec.gov/Archives/edgar/data/1652044/000119312526393509/ownership.xml,nonDerivative,2026-09-14,A,Class C Google Stock Units,1,0,0.0,1433,D,DOERR L JOHN,,true,false,false,,SEC EDGAR
GOOGL|0001193125-26-393509|nonDerivative|2026-09-14|DOERR L JOHN|A|Class C Google Stock Units|0.4|0|D,2026-09-17 04:45:13+0000,GOOGL,Alphabet Inc.,0001652044,4,2026-09-16,2026-09-14,0001193125-26-393509,https://www.sec.gov/Archives/edgar/data/1652044/000119312526393509/ownership.xml,nonDerivative,2026-09-14,A,Class C Google Stock Units,0.4,0,0.0,597,D,DOERR L JOHN,,true,false,false,,SEC EDGAR
GOOGL|0001193125-26-393503|nonDerivative|2026-09-14|CHAVEZ R. MARTIN|A|Class C Google Stock Units|0.4|0|D,2026-09-17 04:45:13+0000,GOOGL,Alphabet Inc.,0001652044,4,2026-09-16,2026-09-14,0001193125-26-393503,https://www.sec.gov/Archives/edgar/data/1652044/000119312526393503/ownership.xml,nonDerivative,2026-09-14,A,Class C Google Stock Units,0.4,0,0.0,597,D,CHAVEZ R. MARTIN,,true,false,false,,SEC EDGAR
GOOGL|0001193125-26-393503|nonDerivative|2026-09-14|CHAVEZ R. MARTIN|A|Class C Google Stock Units|1|0|D,2026-09-17 04:45:13+0000,GOOGL,Alphabet Inc.,0001652044,4,2026-09-16,2026-09-14,0001193125-26-393503,https://www.sec.gov/Archives/edgar/data/1652044/000119312526393503/ownership.xml,nonDerivative,2026-09-14,A,Class C Google Stock Units,1,0,0.0,941,D,CHAVEZ R. MARTIN,,true,false,false,,SEC EDGAR
GOOGL|0001193125-26-393485|nonDerivative|2026-09-14|Ashkenazi Anat|A|Class C Google Stock Units|11|0|D,2026-09-17 04:45:13+0000,GOOGL,Alphabet Inc.,0001652044,4,2026-09-16,2026-09-14,0001193125-26-393485,https://www.sec.gov/Archives/edgar/data/1652044/000119312526393485/ownership.xml,nonDerivative,2026-09-14,A,Class C Google Stock Units,11,0,0.0,16600,D,Ashkenazi Anat,"SVP, Chief Financial Officer",false,true,false,"SVP, Chief Financial Officer",SEC EDGAR
GOOGL|0001193125-26-393485|nonDerivative|2026-09-14|Ashkenazi Anat|A|Class C Google Stock Units|33|0|D,2026-09-17 04:45:13+0000,GOOGL,Alphabet Inc.,0001652044,4,2026-09-16,2026-09-14,0001193125-26-393485,https://www.sec.gov/Archives/edgar/data/1652044/000119312526393485/ownership.xml,nonDerivative,2026-09-14,A,Class C Google Stock Units,33,0,0.0,51338,D,Ashkenazi Anat,"SVP, Chief Financial Officer",false,true,false,"SVP, Chief Financial Officer",SEC EDGAR
GOOGL|0001193125-26-393485|nonDerivative|2026-09-14|Ashkenazi Anat|A|Class C Google Stock Units|38|0|D,2026-09-17 04:45:13+0000,GOOGL,Alphabet Inc.,0001652044,4,2026-09-16,2026-09-14,0001193125-26-393485,https://www.sec.gov/Archives/edgar/data/1652044/000119312526393485/ownership.xml,nonDerivative,2026-09-14,A,Class C Google Stock Units,38,0,0.0,58989,D,Ashkenazi Anat,"SVP, Chief Financial Officer",false,true,false,"SVP, Chief Financial Officer",SEC EDGAR
GOOGL|0001193125-26-393517|nonDerivative|2026-09-14|ARNOLD FRANCES|A|Class C Google Stock Units|0.4|0|D,2026-09-17 04:45:13+0000,GOOGL,Alphabet Inc.,0001652044,4,2026-09-16,2026-09-14,0001193125-26-393517,https://www.sec.gov/Archives/edgar/data/1652044/000119312526393517/ownership.xml,nonDerivative,2026-09-14,A,Class C Google Stock Units,0.4,0,0.0,597,D,ARNOLD FRANCES,,true,false,false,,SEC EDGAR
GOOGL|0001193125-26-393517|nonDerivative|2026-09-14|ARNOLD FRANCES|A|Class C Google Stock Units|1|0|D,2026-09-17 04:45:13+0000,GOOGL,Alphabet Inc.,0001652044,4,2026-09-16,2026-09-14,0001193125-26-393517,https://www.sec.gov/Archives/edgar/data/1652044/000119312526393517/ownership.xml,nonDerivative,2026-09-14,A,Class C Google Stock Units,1,0,0.0,1433,D,ARNOLD FRANCES,,true,false,false,,SEC EDGAR
GOOGL|0001193125-26-393517|nonDerivative|2026-09-14|ARNOLD FRANCES|A|Class C Google Stock Units|11|0|D,2026-09-17 04:45:13+0000,GOOGL,Alphabet Inc.,0001652044,4,2026-09-16,2026-09-14,0001193125-26-393517,https://www.sec.gov/Archives/edgar/data/1652044/000119312526393517/ownership.xml,nonDerivative,2026-09-14,A,Class C Google Stock Units,11,0,0.0,941,D,ARNOLD FRANCES,,true,false,false,,SEC EDGAR
GOOG|0001193125-26-393515|nonDerivative|2026-09-14|Washington Robin L|A|Class C Google Stock Units|1|0|D,2026-09-17 04:45:13+0000,GOOG,Alphabet Inc.,0001652044,4,2026-09-16,2026-09-14,0001193125-26-393515,https://www.sec.gov/Archives/edgar/data/1652044/000119312526393515/ownership.xml,nonDerivative,2026-09-14,A,Class C Google Stock Units,1,0,0.0,1433,D,Washington Robin L,,true,false,false,,SEC EDGAR
GOOG|0001193125-26-393515|nonDerivative|2026-09-14|Washington Robin L|A|Class C Google Stock Units|0.4|0|D,2026-09-17 04:45:13+0000,GOOG,Alphabet Inc.,0001652044,4,2026-09-16,2026-09-14,0001193125-26-393515,https://www.sec.gov/Archives/edgar/data/1652044/000119312526393515/ownership.xml,nonDerivative,2026-09-14,A,Class C Google Stock Units,0.4,0,0.0,597,D,Washington Robin L,,true,false,false,,SEC EDGAR
GOOG|0001193125-26-393497|nonDerivative|2026-09-14|WALKER JOHN KENT|A|Class C Google Stock Units|37|0|D,2026-09-17 04:45:13+0000,GOOG,Alphabet Inc.,0001652044,4,2026-09-16,2026-09-14,0001193125-26-393497,https://www.sec.gov/Archives/edgar/data/1652044/000119312526393497/ownership.xml,nonDerivative,2026-09-14,A,Class C Google Stock Units,37,0,0.0,57869,D,WALKER JOHN KENT,"President, Global Affairs, CLO",false,true,false,"President, Global Affairs, CLO",SEC EDGAR
GOOG|0001193125-26-393497|nonDerivative|2026-09-14|WALKER JOHN KENT|A|Class C Google Stock Units|12|0|D,2026-09-17 04:45:13+0000,GOOG,Alphabet Inc.,0001652044,4,2026-09-16,2026-09-14,0001193125-26-393497,https://www.sec.gov/Archives/edgar/data/1652044/000119312526393497/ownership.xml,nonDerivative,2026-09-14,A,Class C Google Stock Units,12,0,0.0,19076,D,WALKER JOHN KENT,"President, Global Affairs, CLO",false,true,false,"President, Global Affairs, CLO",SEC EDGAR
GOOG|0001193125-26-393497|nonDerivative|2026-09-14|WALKER JOHN KENT|A|Class C Google Stock Units|33|0|D,2026-09-17 04:45:13+0000,GOOG,Alphabet Inc.,0001652044,4,2026-09-16,2026-09-14,0001193125-26-393497,https://www.sec.gov/Archives/edgar/data/1652044/000119312526393497/ownership.xml,nonDerivative,2026-09-14,A,Class C Google Stock Units,33,0,0.0,51338,D,WALKER JOHN KENT,"President, Global Affairs, CLO",false,true,false,"President, Global Affairs, CLO",SEC EDGAR
GOOG|0001193125-26-393513|nonDerivative|2026-09-14|Shriram Kavitark Ram|A|Class C Google Stock Units|1|0|D,2026-09-17 04:45:13+0000,GOOG,Alphabet Inc.,0001652044,4,2026-09-16,2026-09-14,0001193125-26-393513,https://www.sec.gov/Archives/edgar/data/1652044/000119312526393513/ownership.xml,nonDerivative,2026-09-14,A,Class C Google Stock Units,1,0,0.0,1433,D,Shriram Kavitark Ram,,true,false,false,,SEC EDGAR
GOOG|0001193125-26-393513|nonDerivative|2026-09-14|Shriram Kavitark Ram|A|Class C Google Stock Units|0.4|0|D,2026-09-17 04:45:13+0000,GOOG,Alphabet Inc.,0001652044,4,2026-09-16,2026-09-14,0001193125-26-393513,https://www.sec.gov/Archives/edgar/data/1652044/000119312526393513/ownership.xml,nonDerivative,2026-09-14,A,Class C Google Stock Units,0.4,0,0.0,597,D,Shriram Kavitark Ram,,true,false,false,,SEC EDGAR
GOOG|0001193125-26-393491|nonDerivative|2026-09-14|Schindler Philipp|A|Class C Google Stock Units|16|0|D,2026-09-17 04:45:13+0000,GOOG,Alphabet Inc.,0001652044,4,2026-09-16,2026-09-14,0001193125-26-393491,https://www.sec.gov/Archives/edgar/data/1652044/000119312526393491/ownership.xml,nonDerivative,2026-09-14,A,Class C Google Stock Units,16,0,0.0,24374,D,Schindler Philipp,"SVP, Chief Business Officer",false,true,false,"SVP, Chief Business Officer",SEC EDGAR
GOOG|0001193125-26-393491|nonDerivative|2026-09-14|Schindler Philipp|A|Class C Google Stock Units|41|0|D,2026-09-17 04:45:13+0000,GOOG,Alphabet Inc.,0001652044,4,2026-09-16,2026-09-14,0001193125-26-393491,https://www.sec.gov/Archives/edgar/data/1652044/000119312526393491/ownership.xml,nonDerivative,2026-09-14,A,Class C Google Stock Units,41,0,0.0,64848,D,Schindler Philipp,"SVP, Chief Business Officer",false,true,false,"SVP, Chief Business Officer",SEC EDGAR
GOOG|0001193125-26-393491|nonDerivative|2026-09-14|Schindler Philipp|A|Class C Google Stock Units|47|0|D,2026-09-17 04:45:13+0000,GOOG,Alphabet Inc.,0001652044,4,2026-09-16,2026-09-14,0001193125-26-393491,https://www.sec.gov/Archives/edgar/data/1652044/000119312526393491/ownership.xml,nonDerivative,2026-09-14,A,Class C Google Stock Units,47,0,0.0,74296,D,Schindler Philipp,"SVP, Chief Business Officer",false,true,false,"SVP, Chief Business Officer",SEC EDGAR
GOOG|0001193125-26-393500|nonDerivative|2026-09-14|Saraci Marsida|A|Class C Google Stock Units|1|0|D,2026-09-17 04:45:13+0000,GOOG,Alphabet Inc.,0001652044,4,2026-09-16,2026-09-14,0001193125-26-393500,https://www.sec.gov/Archives/edgar/data/1652044/000119312526393500/ownership.xml,nonDerivative,2026-09-14,A,Class C Google Stock Units,1,0,0.0,1156,D,Saraci Marsida,"VP, Chief Accounting Officer",false,true,false,"VP, Chief Accounting Officer",SEC EDGAR
GOOG|0001193125-26-393500|nonDerivative|2026-09-14|Saraci Marsida|A|Class C Google Stock Units|2|0|D,2026-09-17 04:45:13+0000,GOOG,Alphabet Inc.,0001652044,4,2026-09-16,2026-09-14,0001193125-26-393500,https://www.sec.gov/Archives/edgar/data/1652044/000119312526393500/ownership.xml,nonDerivative,2026-09-14,A,Class C Google Stock Units,2,0,0.0,3648,D,Saraci Marsida,"VP, Chief Accounting Officer",false,true,false,"VP, Chief Accounting Officer",SEC EDGAR
GOOG|0001193125-26-393500|nonDerivative|2026-09-14|Saraci Marsida|A|Class C Google Stock Units|3|0|D,2026-09-17 04:45:13+0000,GOOG,Alphabet Inc.,0001652044,4,2026-09-16,2026-09-14,0001193125-26-393500,https://www.sec.gov/Archives/edgar/data/1652044/000119312526393500/ownership.xml,nonDerivative,2026-09-14,A,Class C Google Stock Units,3,0,0.0,4149,D,Saraci Marsida,"VP, Chief Accounting Officer",false,true,false,"VP, Chief Accounting Officer",SEC EDGAR
GOOG|0001193125-26-393500|nonDerivative|2026-09-14|Saraci Marsida|A|Class C Google Stock Units|0.4|0|D,2026-09-17 04:45:13+0000,GOOG,Alphabet Inc.,0001652044,4,2026-09-16,2026-09-14,0001193125-26-393500,https://www.sec.gov/Archives/edgar/data/1652044/000119312526393500/ownership.xml,nonDerivative,2026-09-14,A,Class C Google Stock Units,0.4,0,0.0,706,D,Saraci Marsida,"VP, Chief Accounting Officer",false,true,false,"VP, Chief Accounting Officer",SEC EDGAR
GOOG|0001193125-26-393494|nonDerivative|2026-09-14|Porat Ruth|A|Class C Google Stock Units|37|0|D,2026-09-17 04:45:13+0000,GOOG,Alphabet Inc.,0001652044,4,2026-09-16,2026-09-14,0001193125-26-393494,https://www.sec.gov/Archives/edgar/data/1652044/000119312526393494/ownership.xml,nonDerivative,2026-09-14,A,Class C Google Stock Units,37,0,0.0,57869,D,Porat Ruth,President and CIO,false,true,false,President and CIO,SEC EDGAR
GOOG|0001193125-26-393494|nonDerivative|2026-09-14|Porat Ruth|A|Class C Google Stock Units|12|0|D,2026-09-17 04:45:13+0000,GOOG,Alphabet Inc.,0001652044,4,2026-09-16,2026-09-14,0001193125-26-393494,https://www.sec.gov/Archives/edgar/data/1652044/000119312526393494/ownership.xml,nonDerivative,2026-09-14,A,Class C Google Stock Units,12,0,0.0,19076,D,Porat Ruth,President and CIO,false,true,false,President and CIO,SEC EDGAR
GOOG|0001193125-26-393494|nonDerivative|2026-09-14|Porat Ruth|A|Class C Google Stock Units|33|0|D,2026-09-17 04:45:13+0000,GOOG,Alphabet Inc.,0001652044,4,2026-09-16,2026-09-14,0001193125-26-393494,https://www.sec.gov/Archives/edgar/data/1652044/000119312526393494/ownership.xml,nonDerivative,2026-09-14,A,Class C Google Stock Units,33,0,0.0,51338,D,Porat Ruth,President and CIO,false,true,false,President and CIO,SEC EDGAR
GOOG|0001193125-26-393483|nonDerivative|2026-09-14|Pichai Sundar|A|Class C Google Stock Units|131|0|D,2026-09-17 04:45:13+0000,GOOG,Alphabet Inc.,0001652044,4,2026-09-16,2026-09-14,0001193125-26-393483,https://www.sec.gov/Archives/edgar/data/1652044/000119312526393483/ownership.xml,nonDerivative,2026-09-14,A,Class C Google Stock Units,131,0,0.0,206509,D,Pichai Sundar,Chief Executive Officer,true,true,false,Chief Executive Officer,SEC EDGAR
GOOG|0001193125-26-393511|nonDerivative|2026-09-14|Hennessy John L.|A|Class C Google Stock Units|1|0|D,2026-09-17 04:45:13+0000,GOOG,Alphabet Inc.,0001652044,4,2026-09-16,2026-09-14,0001193125-26-393511,https://www.sec.gov/Archives/edgar/data/1652044/000119312526393511/ownership.xml,nonDerivative,2026-09-14,A,Class C Google Stock Units,1,0,0.0,1343,D,Hennessy John L.,,true,false,false,,SEC EDGAR
GOOG|0001193125-26-393506|nonDerivative|2026-09-14|Ferguson Roger W. Jr.|A|Class C Google Stock Units|1|0|D,2026-09-17 04:45:13+0000,GOOG,Alphabet Inc.,0001652044,4,2026-09-16,2026-09-14,0001193125-26-393506,https://www.sec.gov/Archives/edgar/data/1652044/000119312526393506/ownership.xml,nonDerivative,2026-09-14,A,Class C Google Stock Units,1,0,0.0,1433,D,Ferguson Roger W. Jr.,,true,false,false,,SEC EDGAR
GOOG|0001193125-26-393506|nonDerivative|2026-09-14|Ferguson Roger W. Jr.|A|Class C Google Stock Units|0.4|0|D,2026-09-17 04:45:13+0000,GOOG,Alphabet Inc.,0001652044,4,2026-09-16,2026-09-14,0001193125-26-393506,https://www.sec.gov/Archives/edgar/data/1652044/000119312526393506/ownership.xml,nonDerivative,2026-09-14,A,Class C Google Stock Units,0.4,0,0.0,597,D,Ferguson Roger W. Jr.,,true,false,false,,SEC EDGAR
GOOG|0001193125-26-393509|nonDerivative|2026-09-14|DOERR L JOHN|A|Class C Google Stock Units|1|0|D,2026-09-17 04:45:13+0000,GOOG,Alphabet Inc.,0001652044,4,2026-09-16,2026-09-14,0001193125-26-393509,https://www.sec.gov/Archives/edgar/data/1652044/000119312526393509/ownership.xml,nonDerivative,2026-09-14,A,Class C Google Stock Units,1,0,0.0,1433,D,DOERR L JOHN,,true,false,false,,SEC EDGAR
GOOG|0001193125-26-393509|nonDerivative|2026-09-14|DOERR L JOHN|A|Class C Google Stock Units|0.4|0|D,2026-09-17 04:45:13+0000,GOOG,Alphabet Inc.,0001652044,4,2026-09-16,2026-09-14,0001193125-26-393509,https://www.sec.gov/Archives/edgar/data/1652044/000119312526393509/ownership.xml,nonDerivative,2026-09-14,A,Class C Google Stock Units,0.4,0,0.0,597,D,DOERR L JOHN,,true,false,false,,SEC EDGAR
GOOG|0001193125-26-393503|nonDerivative|2026-09-14|CHAVEZ R. MARTIN|A|Class C Google Stock Units|0.4|0|D,2026-09-17 04:45:13+0000,GOOG,Alphabet Inc.,0001652044,4,2026-09-16,2026-09-14,0001193125-26-393503,https://www.sec.gov/Archives/edgar/data/1652044/000119312526393503/ownership.xml,nonDerivative,2026-09-14,A,Class C Google Stock Units,0.4,0,0.0,597,D,CHAVEZ R. MARTIN,,true,false,false,,SEC EDGAR
GOOG|0001193125-26-393503|nonDerivative|2026-09-14|CHAVEZ R. MARTIN|A|Class C Google Stock Units|1|0|D,2026-09-17 04:45:13+0000,GOOG,Alphabet Inc.,0001652044,4,2026-09-16,2026-09-14,0001193125-26-393503,https://www.sec.gov/Archives/edgar/data/1652044/000119312526393503/ownership.xml,nonDerivative,2026-09-14,A,Class C Google Stock Units,1,0,0.0,941,D,CHAVEZ R. MARTIN,,true,false,false,,SEC EDGAR
GOOG|0001193125-26-393485|nonDerivative|2026-09-14|Ashkenazi Anat|A|Class C Google Stock Units|11|0|D,2026-09-17 04:45:13+0000,GOOG,Alphabet Inc.,0001652044,4,2026-09-16,2026-09-14,0001193125-26-393485,https://www.sec.gov/Archives/edgar/data/1652044/000119312526393485/ownership.xml,nonDerivative,2026-09-14,A,Class C Google Stock Units,11,0,0.0,16600,D,Ashkenazi Anat,"SVP, Chief Financial Officer",false,true,false,"SVP, Chief Financial Officer",SEC EDGAR
GOOG|0001193125-26-393485|nonDerivative|2026-09-14|Ashkenazi Anat|A|Class C Google Stock Units|33|0|D,2026-09-17 04:45:13+0000,GOOG,Alphabet Inc.,0001652044,4,2026-09-16,2026-09-14,0001193125-26-393485,https://www.sec.gov/Archives/edgar/data/1652044/000119312526393485/ownership.xml,nonDerivative,2026-09-14,A,Class C Google Stock Units,33,0,0.0,51338,D,Ashkenazi Anat,"SVP, Chief Financial Officer",false,true,false,"SVP, Chief Financial Officer",SEC EDGAR
GOOG|0001193125-26-393485|nonDerivative|2026-09-14|Ashkenazi Anat|A|Class C Google Stock Units|38|0|D,2026-09-17 04:45:13+0000,GOOG,Alphabet Inc.,0001652044,4,2026-09-16,2026-09-14,0001193125-26-393485,https://www.sec.gov/Archives/edgar/data/1652044/000119312526393485/ownership.xml,nonDerivative,2026-09-14,A,Class C Google Stock Units,38,0,0.0,58989,D,Ashkenazi Anat,"SVP, Chief Financial Officer",false,true,false,"SVP, Chief Financial Officer",SEC EDGAR
GOOG|0001193125-26-393517|nonDerivative|2026-09-14|ARNOLD FRANCES|A|Class C Google Stock Units|0.4|0|D,2026-09-17 04:45:13+0000,GOOG,Alphabet Inc.,0001652044,4,2026-09-16,2026-09-14,0001193125-26-393517,https://www.sec.gov/Archives/edgar/data/1652044/000119312526393517/ownership.xml,nonDerivative,2026-09-14,A,Class C Google Stock Units,0.4,0,0.0,597,D,ARNOLD FRANCES,,true,false,false,,SEC EDGAR
GOOG|0001193125-26-393517|nonDerivative|2026-09-14|ARNOLD FRANCES|A|Class C Google Stock Units|1|0|D,2026-09-17 04:45:13+0000,GOOG,Alphabet Inc.,0001652044,4,2026-09-16,2026-09-14,0001193125-26-393517,https://www.sec.gov/Archives/edgar/data/1652044/000119312526393517/ownership.xml,nonDerivative,2026-09-14,A,Class C Google Stock Units,1,0,0.0,1433,D,ARNOLD FRANCES,,true,false,false,,SEC EDGAR
GOOG|0001193125-26-393517|nonDerivative|2026-09-14|ARNOLD FRANCES|A|Class C Google Stock Units|11|0|D,2026-09-17 04:45:13+0000,GOOG,Alphabet Inc.,0001652044,4,2026-09-16,2026-09-14,0001193125-26-393517,https://www.sec.gov/Archives/edgar/data/1652044/000119312526393517/ownership.xml,nonDerivative,2026-09-14,A,Class C Google Stock Units,11,0,0.0,941,D,ARNOLD FRANCES,,true,false,false,,SEC EDGAR
GILD|0001782135-26-000033|nonDerivative|2026-09-15|Mercier Johanna|S|Common Stock|1600|143.6917|D,2026-09-17 04:45:13+0000,GILD,"GILEAD SCIENCES, INC.",0000882095,4,2026-09-16,2026-09-15,0001782135-26-000033,https://www.sec.gov/Archives/edgar/data/882095/000178213526000033/wk-form4_1789590469.xml,nonDerivative,2026-09-15,S,Common Stock,1600,143.6917,229906.72,118084,D,Mercier Johanna,"Officer, Chief Comm & Corp Aff Officer",0,1,0,Chief Comm & Corp Aff Officer,SEC EDGAR
GILD|0001782135-26-000033|nonDerivative|2026-09-15|Mercier Johanna|S|Common Stock|800|144.4569|D,2026-09-17 04:45:13+0000,GILD,"GILEAD SCIENCES, INC.",0000882095,4,2026-09-16,2026-09-15,0001782135-26-000033,https://www.sec.gov/Archives/edgar/data/882095/000178213526000033/wk-form4_1789590469.xml,nonDerivative,2026-09-15,S,Common Stock,800,144.4569,115565.51999999999,117284,D,Mercier Johanna,"Officer, Chief Comm & Corp Aff Officer",0,1,0,Chief Comm & Corp Aff Officer,SEC EDGAR
GILD|0001782135-26-000033|nonDerivative|2026-09-15|Mercier Johanna|S|Common Stock|600|145.29|D,2026-09-17 04:45:13+0000,GILD,"GILEAD SCIENCES, INC.",0000882095,4,2026-09-16,2026-09-15,0001782135-26-000033,https://www.sec.gov/Archives/edgar/data/882095/000178213526000033/wk-form4_1789590469.xml,nonDerivative,2026-09-15,S,Common Stock,600,145.29,87174.0,116684,D,Mercier Johanna,"Officer, Chief Comm & Corp Aff Officer",0,1,0,Chief Comm & Corp Aff Officer,SEC EDGAR
GILD|0001310204-26-000029|nonDerivative|2026-09-15|Dickinson Andrew D|S|Common Stock|3000|145.29|D,2026-09-17 04:45:13+0000,GILD,"GILEAD SCIENCES, INC.",0000882095,4,2026-09-16,2026-09-15,0001310204-26-000029,https://www.sec.gov/Archives/edgar/data/882095/000131020426000029/wk-form4_1789590643.xml,nonDerivative,2026-09-15,S,Common Stock,3000,145.29,435870.0,164096,D,Dickinson Andrew D,"Officer, Chief Financial Officer",0,1,0,Chief Financial Officer,SEC EDGAR
"GEHC|0001694002-26-000011|nonDerivative|2026-09-14|Grogan William K|A|Common Stock, par value $0.01 per share|62256|0|D",2026-09-17 04:45:13+0000,GEHC,GE HealthCare Technologies Inc.,0001932393,4,2026-09-16,2026-09-14,0001694002-26-000011,https://www.sec.gov/Archives/edgar/data/1932393/000169400226000011/wk-form4_1789596117.xml,nonDerivative,2026-09-14,A,"Common Stock, par value $0.01 per share",62256,0,0.0,62256,D,Grogan William K,"Officer, Chief Financial Officer",0,1,0,Chief Financial Officer,SEC EDGAR
"GEHC|0001694002-26-000011|nonDerivative|2026-09-14|Grogan William K|A|Common Stock, par value $0.01 per share|12840|0|D",2026-09-17 04:45:13+0000,GEHC,GE HealthCare Technologies Inc.,0001932393,4,2026-09-16,2026-09-14,0001694002-26-000011,https://www.sec.gov/Archives/edgar/data/1932393/000169400226000011/wk-form4_1789596117.xml,nonDerivative,2026-09-14,A,"Common Stock, par value $0.01 per share",12840,0,0.0,75096,D,Grogan William K,"Officer, Chief Financial Officer",0,1,0,Chief Financial Officer,SEC EDGAR
GEHC|0001694002-26-000011|derivative|2026-09-14|Grogan William K|A|Employee Stock Option (right to buy)|31877|0|D,2026-09-17 04:45:13+0000,GEHC,GE HealthCare Technologies Inc.,0001932393,4,2026-09-16,2026-09-14,0001694002-26-000011,https://www.sec.gov/Archives/edgar/data/1932393/000169400226000011/wk-form4_1789596117.xml,derivative,2026-09-14,A,Employee Stock Option (right to buy),31877,0,0.0,31877,D,Grogan William K,"Officer, Chief Financial Officer",0,1,0,Chief Financial Officer,SEC EDGAR
FTNT|0001476336-26-000014|nonDerivative|2026-09-14|Whittle John|M|Common Stock|53865|62.11|D,2026-09-17 04:45:13+0000,FTNT,"Fortinet, Inc.",0001262039,4,2026-09-16,2026-09-14,0001476336-26-000014,https://www.sec.gov/Archives/edgar/data/1262039/000147633626000014/form4-09162026_080920.xml,nonDerivative,2026-09-14,M,Common Stock,53865,62.11,3345555.15,150852,D,Whittle John,CHIEF OPERATING OFFICER,false,true,false,CHIEF OPERATING OFFICER,SEC EDGAR
FTNT|0001476336-26-000014|nonDerivative|2026-09-14|Whittle John|S|Common Stock|52707|165.4274|D,2026-09-17 04:45:13+0000,FTNT,"Fortinet, Inc.",0001262039,4,2026-09-16,2026-09-14,0001476336-26-000014,https://www.sec.gov/Archives/edgar/data/1262039/000147633626000014/form4-09162026_080920.xml,nonDerivative,2026-09-14,S,Common Stock,52707,165.4274,8719181.9718,98145,D,Whittle John,CHIEF OPERATING OFFICER,false,true,false,CHIEF OPERATING OFFICER,SEC EDGAR
FTNT|0001476336-26-000014|nonDerivative|2026-09-14|Whittle John|S|Common Stock|1158|166.0175|D,2026-09-17 04:45:13+0000,FTNT,"Fortinet, Inc.",0001262039,4,2026-09-16,2026-09-14,0001476336-26-000014,https://www.sec.gov/Archives/edgar/data/1262039/000147633626000014/form4-09162026_080920.xml,nonDerivative,2026-09-14,S,Common Stock,1158,166.0175,192248.265,96987,D,Whittle John,CHIEF OPERATING OFFICER,false,true,false,CHIEF OPERATING OFFICER,SEC EDGAR
FTNT|0001476336-26-000014|nonDerivative|2026-09-15|Whittle John|M|Common Stock|2835|62.11|D,2026-09-17 04:45:13+0000,FTNT,"Fortinet, Inc.",0001262039,4,2026-09-16,2026-09-14,0001476336-26-000014,https://www.sec.gov/Archives/edgar/data/1262039/000147633626000014/form4-09162026_080920.xml,nonDerivative,2026-09-15,M,Common Stock,2835,62.11,176081.85,99822,D,Whittle John,CHIEF OPERATING OFFICER,false,true,false,CHIEF OPERATING OFFICER,SEC EDGAR
FTNT|0001476336-26-000014|nonDerivative|2026-09-15|Whittle John|S|Common Stock|2835|168.74|D,2026-09-17 04:45:13+0000,FTNT,"Fortinet, Inc.",0001262039,4,2026-09-16,2026-09-14,0001476336-26-000014,https://www.sec.gov/Archives/edgar/data/1262039/000147633626000014/form4-09162026_080920.xml,nonDerivative,2026-09-15,S,Common Stock,2835,168.74,478377.9,96987,D,Whittle John,CHIEF OPERATING OFFICER,false,true,false,CHIEF OPERATING OFFICER,SEC EDGAR
FTNT|0001476336-26-000014|derivative|2026-09-14|Whittle John|M|Stock Option (right to buy)|53865|0|D,2026-09-17 04:45:13+0000,FTNT,"Fortinet, Inc.",0001262039,4,2026-09-16,2026-09-14,0001476336-26-000014,https://www.sec.gov/Archives/edgar/data/1262039/000147633626000014/form4-09162026_080920.xml,derivative,2026-09-14,M,Stock Option (right to buy),53865,0,0.0,2835,D,Whittle John,CHIEF OPERATING OFFICER,false,true,false,CHIEF OPERATING OFFICER,SEC EDGAR
FTNT|0001476336-26-000014|derivative|2026-09-15|Whittle John|M|Stock Option (right to buy)|2835|0|D,2026-09-17 04:45:13+0000,FTNT,"Fortinet, Inc.",0001262039,4,2026-09-16,2026-09-14,0001476336-26-000014,https://www.sec.gov/Archives/edgar/data/1262039/000147633626000014/form4-09162026_080920.xml,derivative,2026-09-15,M,Stock Option (right to buy),2835,0,0.0,0,D,Whittle John,CHIEF OPERATING OFFICER,false,true,false,CHIEF OPERATING OFFICER,SEC EDGAR
FOXA|0001628280-26-062330|nonDerivative|2026-09-15|MURDOCH LACHLAN K|S|Class A Common Stock|149934|68.53|D,2026-09-17 04:45:13+0000,FOXA,Fox Corp,0001754301,4,2026-09-16,2026-09-15,0001628280-26-062330,https://www.sec.gov/Archives/edgar/data/1754301/000162828026062330/wk-form4_1789596176.xml,nonDerivative,2026-09-15,S,Class A Common Stock,149934,68.53,10274977.02,152,D,MURDOCH LACHLAN K,"Director, Officer, Executive Chair, CEO",1,1,0,"Executive Chair, CEO",SEC EDGAR
FOXA|0001628280-26-062330|nonDerivative|2026-09-15|MURDOCH LACHLAN K|P|Class A Common Stock|149934|68.53|I,2026-09-17 04:45:13+0000,FOXA,Fox Corp,0001754301,4,2026-09-16,2026-09-15,0001628280-26-062330,https://www.sec.gov/Archives/edgar/data/1754301/000162828026062330/wk-form4_1789596176.xml,nonDerivative,2026-09-15,P,Class A Common Stock,149934,68.53,10274977.02,1401713,I,MURDOCH LACHLAN K,"Director, Officer, Executive Chair, CEO",1,1,0,"Executive Chair, CEO",SEC EDGAR
FOX|0001628280-26-062330|nonDerivative|2026-09-15|MURDOCH LACHLAN K|S|Class A Common Stock|149934|68.53|D,2026-09-17 04:45:13+0000,FOX,Fox Corp,0001754301,4,2026-09-16,2026-09-15,0001628280-26-062330,https://www.sec.gov/Archives/edgar/data/1754301/000162828026062330/wk-form4_1789596176.xml,nonDerivative,2026-09-15,S,Class A Common Stock,149934,68.53,10274977.02,152,D,MURDOCH LACHLAN K,"Director, Officer, Executive Chair, CEO",1,1,0,"Executive Chair, CEO",SEC EDGAR
FOX|0001628280-26-062330|nonDerivative|2026-09-15|MURDOCH LACHLAN K|P|Class A Common Stock|149934|68.53|I,2026-09-17 04:45:13+0000,FOX,Fox Corp,0001754301,4,2026-09-16,2026-09-15,0001628280-26-062330,https://www.sec.gov/Archives/edgar/data/1754301/000162828026062330/wk-form4_1789596176.xml,nonDerivative,2026-09-15,P,Class A Common Stock,149934,68.53,10274977.02,1401713,I,MURDOCH LACHLAN K,"Director, Officer, Executive Chair, CEO",1,1,0,"Executive Chair, CEO",SEC EDGAR
EL|0001267621-26-000014|derivative|2026-09-15|Zinterhofer Eric Louis|A|Stock Units (Share Payout)|10.23|96.25|D,2026-09-17 04:45:13+0000,EL,ESTEE LAUDER COMPANIES INC,0001001250,4,2026-09-16,2026-09-15,0001267621-26-000014,https://www.sec.gov/Archives/edgar/data/1001250/000126762126000014/wk-form4_1789591591.xml,derivative,2026-09-15,A,Stock Units (Share Payout),10.23,96.25,984.6375,2825.06,D,Zinterhofer Eric Louis,Director,1,0,0,,SEC EDGAR
EL|0001267621-26-000014|derivative|2026-09-15|Zinterhofer Eric Louis|A|Stock Units (Cash Payout)|8.41|96.25|D,2026-09-17 04:45:13+0000,EL,ESTEE LAUDER COMPANIES INC,0001001250,4,2026-09-16,2026-09-15,0001267621-26-000014,https://www.sec.gov/Archives/edgar/data/1001250/000126762126000014/wk-form4_1789591591.xml,derivative,2026-09-15,A,Stock Units (Cash Payout),8.41,96.25,809.4625,2321.43,D,Zinterhofer Eric Louis,Director,1,0,0,,SEC EDGAR
EL|0001189770-26-000010|derivative|2026-09-15|ZANNINO RICHARD F|A|Stock Units (Share Payout)|10.89|96.25|D,2026-09-17 04:45:13+0000,EL,ESTEE LAUDER COMPANIES INC,0001001250,4,2026-09-16,2026-09-15,0001189770-26-000010,https://www.sec.gov/Archives/edgar/data/1001250/000118977026000010/wk-form4_1789591980.xml,derivative,2026-09-15,A,Stock Units (Share Payout),10.89,96.25,1048.1625000000001,3006.02,D,ZANNINO RICHARD F,Director,1,0,0,,SEC EDGAR
EL|0001189770-26-000010|derivative|2026-09-15|ZANNINO RICHARD F|A|Stock Units (Share Payout)|38.9|96.25|I,2026-09-17 04:45:13+0000,EL,ESTEE LAUDER COMPANIES INC,0001001250,4,2026-09-16,2026-09-15,0001189770-26-000010,https://www.sec.gov/Archives/edgar/data/1001250/000118977026000010/wk-form4_1789591980.xml,derivative,2026-09-15,A,Stock Units (Share Payout),38.9,96.25,3744.125,10736.66,I,ZANNINO RICHARD F,Director,1,0,0,,SEC EDGAR
EL|0001736979-26-000015|derivative|2026-09-15|Tejada Jennifer|A|Stock Units (Share Payout)|16.03|96.25|D,2026-09-17 04:45:13+0000,EL,ESTEE LAUDER COMPANIES INC,0001001250,4,2026-09-16,2026-09-15,0001736979-26-000015,https://www.sec.gov/Archives/edgar/data/1001250/000173697926000015/wk-form4_1789591998.xml,derivative,2026-09-15,A,Stock Units (Share Payout),16.03,96.25,1542.8875,4426.54,D,Tejada Jennifer,Director,1,0,0,,SEC EDGAR
EL|0001846224-26-000006|derivative|2026-09-15|Strong Dana|A|Stock Units (Share Payout)|2.88|96.25|D,2026-09-17 04:45:13+0000,EL,ESTEE LAUDER COMPANIES INC,0001001250,4,2026-09-16,2026-09-15,0001846224-26-000006,https://www.sec.gov/Archives/edgar/data/1001250/000184622426000006/wk-form4_1789591993.xml,derivative,2026-09-15,A,Stock Units (Share Payout),2.88,96.25,277.2,795.02,D,Strong Dana,Director,1,0,0,,SEC EDGAR
EL|0001034657-26-000012|derivative|2026-09-15|STERNLICHT BARRY S|A|Stock Units (Share Payout)|68.05|96.25|D,2026-09-17 04:45:13+0000,EL,ESTEE LAUDER COMPANIES INC,0001001250,4,2026-09-16,2026-09-15,0001034657-26-000012,https://www.sec.gov/Archives/edgar/data/1001250/000103465726000012/wk-form4_1789591613.xml,derivative,2026-09-15,A,Stock Units (Share Payout),68.05,96.25,6549.8125,18783.89,D,STERNLICHT BARRY S,Director,1,0,0,,SEC EDGAR
EL|0001034657-26-000012|derivative|2026-09-15|STERNLICHT BARRY S|A|Stock Units (Cash Payout)|174.27|96.25|D,2026-09-17 04:45:13+0000,EL,ESTEE LAUDER COMPANIES INC,0001001250,4,2026-09-16,2026-09-15,0001034657-26-000012,https://www.sec.gov/Archives/edgar/data/1001250/000103465726000012/wk-form4_1789591613.xml,derivative,2026-09-15,A,Stock Units (Cash Payout),174.27,96.25,16773.4875,48099.45,D,STERNLICHT BARRY S,Director,1,0,0,,SEC EDGAR
EL|0001923467-26-000006|derivative|2026-09-15|Nunez Arturo|A|Stock Units (Share Payout)|15.56|96.25|D,2026-09-17 04:45:13+0000,EL,ESTEE LAUDER COMPANIES INC,0001001250,4,2026-09-16,2026-09-15,0001923467-26-000006,https://www.sec.gov/Archives/edgar/data/1001250/000192346726000006/wk-form4_1789591987.xml,derivative,2026-09-15,A,Stock Units (Share Payout),15.56,96.25,1497.65,4295.82,D,Nunez Arturo,Director,1,0,0,,SEC EDGAR
EL|0001662661-26-000006|derivative|2026-09-15|Long Annabelle Yu|A|Stock Units (Share Payout)|2.88|96.25|D,2026-09-17 04:45:13+0000,EL,ESTEE LAUDER COMPANIES INC,0001001250,4,2026-09-16,2026-09-15,0001662661-26-000006,https://www.sec.gov/Archives/edgar/data/1001250/000166266126000006/wk-form4_1789591608.xml,derivative,2026-09-15,A,Stock Units (Share Payout),2.88,96.25,277.2,795.02,D,Long Annabelle Yu,Director,1,0,0,,SEC EDGAR
EL|0001008082-26-000006|derivative|2026-09-15|Lauder William P|A|Stock Units (Share Payout)|2.88|96.25|D,2026-09-17 04:45:13+0000,EL,ESTEE LAUDER COMPANIES INC,0001001250,4,2026-09-16,2026-09-15,0001008082-26-000006,https://www.sec.gov/Archives/edgar/data/1001250/000100808226000006/wk-form4_1789591974.xml,derivative,2026-09-15,A,Stock Units (Share Payout),2.88,96.25,277.2,795.02,D,Lauder William P,"Director, 10% Owner",1,0,1,,SEC EDGAR
EL|0001008091-26-000010|derivative|2026-09-15|LAUDER JANE|A|Stock Units (Share Payout)|2.88|96.25|D,2026-09-17 04:45:13+0000,EL,ESTEE LAUDER COMPANIES INC,0001001250,4,2026-09-16,2026-09-15,0001008091-26-000010,https://www.sec.gov/Archives/edgar/data/1001250/000100809126000010/wk-form4_1789591932.xml,derivative,2026-09-15,A,Stock Units (Share Payout),2.88,96.25,277.2,795.02,D,LAUDER JANE,"Director, 10% Owner",1,0,1,,SEC EDGAR
EL|0001008088-26-000006|derivative|2026-09-15|LAUDER GARY M|A|Stock Units (Share Payout)|16.1|96.25|D,2026-09-17 04:45:13+0000,EL,ESTEE LAUDER COMPANIES INC,0001001250,4,2026-09-16,2026-09-15,0001008088-26-000006,https://www.sec.gov/Archives/edgar/data/1001250/000100808826000006/wk-form4_1789591968.xml,derivative,2026-09-15,A,Stock Units (Share Payout),16.1,96.25,1549.6250000000002,4444.53,D,LAUDER GARY M,"Director, 10% Owner",1,0,1,,SEC EDGAR
EL|0001737388-26-000007|derivative|2026-09-15|Hyman Jennifer|A|Stock Units (Share Payout)|16.03|96.25|D,2026-09-17 04:45:13+0000,EL,ESTEE LAUDER COMPANIES INC,0001001250,4,2026-09-16,2026-09-15,0001737388-26-000007,https://www.sec.gov/Archives/edgar/data/1001250/000173738826000007/wk-form4_1789591597.xml,derivative,2026-09-15,A,Stock Units (Share Payout),16.03,96.25,1542.8875,4426.54,D,Hyman Jennifer,Director,1,0,0,,SEC EDGAR
EL|0001070938-26-000020|derivative|2026-09-15|FRIBOURG PAUL J|A|Stock Units (Share Payout)|52.85|96.25|D,2026-09-17 04:45:13+0000,EL,ESTEE LAUDER COMPANIES INC,0001001250,4,2026-09-16,2026-09-15,0001070938-26-000020,https://www.sec.gov/Archives/edgar/data/1001250/000107093826000020/wk-form4_1789591602.xml,derivative,2026-09-15,A,Stock Units (Share Payout),52.85,96.25,5086.8125,14588.04,D,FRIBOURG PAUL J,Director,1,0,0,,SEC EDGAR
EL|0001070938-26-000020|derivative|2026-09-15|FRIBOURG PAUL J|A|Stock Units (Cash Payout)|152.95|96.25|D,2026-09-17 04:45:13+0000,EL,ESTEE LAUDER COMPANIES INC,0001001250,4,2026-09-16,2026-09-15,0001070938-26-000020,https://www.sec.gov/Archives/edgar/data/1001250/000107093826000020/wk-form4_1789591602.xml,derivative,2026-09-15,A,Stock Units (Cash Payout),152.95,96.25,14721.437499999998,42213.08,D,FRIBOURG PAUL J,Director,1,0,0,,SEC EDGAR
EL|0001145766-26-000008|derivative|2026-09-15|BARSHEFSKY CHARLENE|A|Stock Units (Share Payout)|86.09|96.25|D,2026-09-17 04:45:13+0000,EL,ESTEE LAUDER COMPANIES INC,0001001250,4,2026-09-16,2026-09-15,0001145766-26-000008,https://www.sec.gov/Archives/edgar/data/1001250/000114576626000008/wk-form4_1789591586.xml,derivative,2026-09-15,A,Stock Units (Share Payout),86.09,96.25,8286.1625,23761.32,D,BARSHEFSKY CHARLENE,Director,1,0,0,,SEC EDGAR
ED|0001047862-26-000145|nonDerivative|2026-09-15|Miller Joseph|P|Common Stock|1.050|105.81|D,2026-09-17 04:45:13+0000,ED,CONSOLIDATED EDISON INC,0001047862,4,2026-09-16,2026-09-15,0001047862-26-000145,https://www.sec.gov/Archives/edgar/data/1047862/000104786226000145/form4.xml,nonDerivative,2026-09-15,P,Common Stock,1.050,105.81,111.10050000000001,5266.165,D,Miller Joseph,"Officer, VP & Controller",0,1,0,VP & Controller,SEC EDGAR
DXCM|0001093557-26-000178|nonDerivative|2026-09-15|Brown Michael Jon|S|Common Stock|1700|84.04|D,2026-09-17 04:45:13+0000,DXCM,DEXCOM INC,0001093557,4,2026-09-16,2026-09-15,0001093557-26-000178,https://www.sec.gov/Archives/edgar/data/1093557/000109355726000178/wk-form4_1789590332.xml,nonDerivative,2026-09-15,S,Common Stock,1700,84.04,142868.0,99885,D,Brown Michael Jon,"Officer, EVP Chief Legal Compliance Off",0,1,0,EVP Chief Legal Compliance Off,SEC EDGAR
DXCM|0001093557-26-000179|nonDerivative|2026-09-14|AUGUSTINOS NICHOLAS|S|Common Stock|1550|84.02|I,2026-09-17 04:45:13+0000,DXCM,DEXCOM INC,0001093557,4,2026-09-16,2026-09-14,0001093557-26-000179,https://www.sec.gov/Archives/edgar/data/1093557/000109355726000179/wk-form4_1789590361.xml,nonDerivative,2026-09-14,S,Common Stock,1550,84.02,130231.0,35832,I,AUGUSTINOS NICHOLAS,Director,1,0,0,,SEC EDGAR
DXCM|0001093557-26-000179|nonDerivative|2026-09-15|AUGUSTINOS NICHOLAS|S|Common Stock|6539|84.04|I,2026-09-17 04:45:13+0000,DXCM,DEXCOM INC,0001093557,4,2026-09-16,2026-09-14,0001093557-26-000179,https://www.sec.gov/Archives/edgar/data/1093557/000109355726000179/wk-form4_1789590361.xml,nonDerivative,2026-09-15,S,Common Stock,6539,84.04,549537.56,29293,I,AUGUSTINOS NICHOLAS,Director,1,0,0,,SEC EDGAR
"DELL|0001193125-26-393134|nonDerivative|2026-09-14|Silver Lake Technology Investors V, L.P.|M|Class C Common Stock|251||I",2026-09-17 04:45:13+0000,DELL,Dell Technologies Inc.,0001571996,4,2026-09-16,2026-09-14,0001193125-26-393134,https://www.sec.gov/Archives/edgar/data/1571996/000119312526393134/ownership.xml,nonDerivative,2026-09-14,M,Class C Common Stock,251,,,251,I,"Silver Lake Technology Investors V, L.P.",,true,false,true,,SEC EDGAR
"DELL|0001193125-26-393134|nonDerivative|2026-09-14|Silver Lake Technology Investors V, L.P.|S|Class C Common Stock|46|530.67|I",2026-09-17 04:45:13+0000,DELL,Dell Technologies Inc.,0001571996,4,2026-09-16,2026-09-14,0001193125-26-393134,https://www.sec.gov/Archives/edgar/data/1571996/000119312526393134/ownership.xml,nonDerivative,2026-09-14,S,Class C Common Stock,46,530.67,24410.82,205,I,"Silver Lake Technology Investors V, L.P.",,true,false,true,,SEC EDGAR
"DELL|0001193125-26-393134|nonDerivative|2026-09-14|Silver Lake Technology Investors V, L.P.|S|Class C Common Stock|68|531.63|I",2026-09-17 04:45:13+0000,DELL,Dell Technologies Inc.,0001571996,4,2026-09-16,2026-09-14,0001193125-26-393134,https://www.sec.gov/Archives/edgar/data/1571996/000119312526393134/ownership.xml,nonDerivative,2026-09-14,S,Class C Common Stock,68,531.63,36150.84,138,I,"Silver Lake Technology Investors V, L.P.",,true,false,true,,SEC EDGAR
"DELL|0001193125-26-393134|nonDerivative|2026-09-14|Silver Lake Technology Investors V, L.P.|S|Class C Common Stock|26|532.62|I",2026-09-17 04:45:13+0000,DELL,Dell Technologies Inc.,0001571996,4,2026-09-16,2026-09-14,0001193125-26-393134,https://www.sec.gov/Archives/edgar/data/1571996/000119312526393134/ownership.xml,nonDerivative,2026-09-14,S,Class C Common Stock,26,532.62,13848.12,112,I,"Silver Lake Technology Investors V, L.P.",,true,false,true,,SEC EDGAR
"DELL|0001193125-26-393134|nonDerivative|2026-09-14|Silver Lake Technology Investors V, L.P.|S|Class C Common Stock|18|533.80|I",2026-09-17 04:45:13+0000,DELL,Dell Technologies Inc.,0001571996,4,2026-09-16,2026-09-14,0001193125-26-393134,https://www.sec.gov/Archives/edgar/data/1571996/000119312526393134/ownership.xml,nonDerivative,2026-09-14,S,Class C Common Stock,18,533.80,9608.4,93,I,"Silver Lake Technology Investors V, L.P.",,true,false,true,,SEC EDGAR
"DELL|0001193125-26-393134|nonDerivative|2026-09-14|Silver Lake Technology Investors V, L.P.|S|Class C Common Stock|15|534.55|I",2026-09-17 04:45:13+0000,DELL,Dell Technologies Inc.,0001571996,4,2026-09-16,2026-09-14,0001193125-26-393134,https://www.sec.gov/Archives/edgar/data/1571996/000119312526393134/ownership.xml,nonDerivative,2026-09-14,S,Class C Common Stock,15,534.55,8018.249999999999,78,I,"Silver Lake Technology Investors V, L.P.",,true,false,true,,SEC EDGAR
"DELL|0001193125-26-393134|nonDerivative|2026-09-14|Silver Lake Technology Investors V, L.P.|S|Class C Common Stock|12|535.76|I",2026-09-17 04:45:13+0000,DELL,Dell Technologies Inc.,0001571996,4,2026-09-16,2026-09-14,0001193125-26-393134,https://www.sec.gov/Archives/edgar/data/1571996/000119312526393134/ownership.xml,nonDerivative,2026-09-14,S,Class C Common Stock,12,535.76,6429.12,66,I,"Silver Lake Technology Investors V, L.P.",,true,false,true,,SEC EDGAR
"DELL|0001193125-26-393134|nonDerivative|2026-09-14|Silver Lake Technology Investors V, L.P.|S|Class C Common Stock|6|536.74|I",2026-09-17 04:45:13+0000,DELL,Dell Technologies Inc.,0001571996,4,2026-09-16,2026-09-14,0001193125-26-393134,https://www.sec.gov/Archives/edgar/data/1571996/000119312526393134/ownership.xml,nonDerivative,2026-09-14,S,Class C Common Stock,6,536.74,3220.44,61,I,"Silver Lake Technology Investors V, L.P.",,true,false,true,,SEC EDGAR
"DELL|0001193125-26-393134|nonDerivative|2026-09-14|Silver Lake Technology Investors V, L.P.|S|Class C Common Stock|18|537.94|I",2026-09-17 04:45:13+0000,DELL,Dell Technologies Inc.,0001571996,4,2026-09-16,2026-09-14,0001193125-26-393134,https://www.sec.gov/Archives/edgar/data/1571996/000119312526393134/ownership.xml,nonDerivative,2026-09-14,S,Class C Common Stock,18,537.94,9682.920000000002,42,I,"Silver Lake Technology Investors V, L.P.",,true,false,true,,SEC EDGAR
"DELL|0001193125-26-393134|nonDerivative|2026-09-14|Silver Lake Technology Investors V, L.P.|S|Class C Common Stock|26|539.00|I",2026-09-17 04:45:13+0000,DELL,Dell Technologies Inc.,0001571996,4,2026-09-16,2026-09-14,0001193125-26-393134,https://www.sec.gov/Archives/edgar/data/1571996/000119312526393134/ownership.xml,nonDerivative,2026-09-14,S,Class C Common Stock,26,539.00,14014.0,16,I,"Silver Lake Technology Investors V, L.P.",,true,false,true,,SEC EDGAR
"DELL|0001193125-26-393134|nonDerivative|2026-09-14|Silver Lake Technology Investors V, L.P.|S|Class C Common Stock|5|540.18|I",2026-09-17 04:45:13+0000,DELL,Dell Technologies Inc.,0001571996,4,2026-09-16,2026-09-14,0001193125-26-393134,https://www.sec.gov/Archives/edgar/data/1571996/000119312526393134/ownership.xml,nonDerivative,2026-09-14,S,Class C Common Stock,5,540.18,2700.8999999999996,11,I,"Silver Lake Technology Investors V, L.P.",,true,false,true,,SEC EDGAR
"DELL|0001193125-26-393134|nonDerivative|2026-09-14|Silver Lake Technology Investors V, L.P.|S|Class C Common Stock|5|540.82|I",2026-09-17 04:45:13+0000,DELL,Dell Technologies Inc.,0001571996,4,2026-09-16,2026-09-14,0001193125-26-393134,https://www.sec.gov/Archives/edgar/data/1571996/000119312526393134/ownership.xml,nonDerivative,2026-09-14,S,Class C Common Stock,5,540.82,2704.1000000000004,6,I,"Silver Lake Technology Investors V, L.P.",,true,false,true,,SEC EDGAR
"DELL|0001193125-26-393134|nonDerivative|2026-09-14|Silver Lake Technology Investors V, L.P.|S|Class C Common Stock|5|542.13|I",2026-09-17 04:45:13+0000,DELL,Dell Technologies Inc.,0001571996,4,2026-09-16,2026-09-14,0001193125-26-393134,https://www.sec.gov/Archives/edgar/data/1571996/000119312526393134/ownership.xml,nonDerivative,2026-09-14,S,Class C Common Stock,5,542.13,2710.65,1,I,"Silver Lake Technology Investors V, L.P.",,true,false,true,,SEC EDGAR
"DELL|0001193125-26-393134|nonDerivative|2026-09-14|Silver Lake Technology Investors V, L.P.|S|Class C Common Stock|1|543.04|I",2026-09-17 04:45:13+0000,DELL,Dell Technologies Inc.,0001571996,4,2026-09-16,2026-09-14,0001193125-26-393134,https://www.sec.gov/Archives/edgar/data/1571996/000119312526393134/ownership.xml,nonDerivative,2026-09-14,S,Class C Common Stock,1,543.04,543.04,0,I,"Silver Lake Technology Investors V, L.P.",,true,false,true,,SEC EDGAR
"DELL|0001193125-26-393134|derivative|2026-09-14|Silver Lake Technology Investors V, L.P.|M|Class B Common Stock|251|0|I",2026-09-17 04:45:13+0000,DELL,Dell Technologies Inc.,0001571996,4,2026-09-16,2026-09-14,0001193125-26-393134,https://www.sec.gov/Archives/edgar/data/1571996/000119312526393134/ownership.xml,derivative,2026-09-14,M,Class B Common Stock,251,0,0.0,110121,I,"Silver Lake Technology Investors V, L.P.",,true,false,true,,SEC EDGAR
"DELL|0001193125-26-393126|nonDerivative|2026-09-14|Silver Lake Technology Investors IV, L.P.|M|Class C Common Stock|555||I",2026-09-17 04:45:13+0000,DELL,Dell Technologies Inc.,0001571996,4,2026-09-16,2026-09-14,0001193125-26-393126,https://www.sec.gov/Archives/edgar/data/1571996/000119312526393126/ownership.xml,nonDerivative,2026-09-14,M,Class C Common Stock,555,,,555,I,"Silver Lake Technology Investors IV, L.P.",,true,false,true,,SEC EDGAR
"DELL|0001193125-26-393126|nonDerivative|2026-09-14|Silver Lake Technology Investors IV, L.P.|S|Class C Common Stock|101|530.67|I",2026-09-17 04:45:13+0000,DELL,Dell Technologies Inc.,0001571996,4,2026-09-16,2026-09-14,0001193125-26-393126,https://www.sec.gov/Archives/edgar/data/1571996/000119312526393126/ownership.xml,nonDerivative,2026-09-14,S,Class C Common Stock,101,530.67,53597.67,454,I,"Silver Lake Technology Investors IV, L.P.",,true,false,true,,SEC EDGAR
"DELL|0001193125-26-393126|nonDerivative|2026-09-14|Silver Lake Technology Investors IV, L.P.|S|Class C Common Stock|149|531.63|I",2026-09-17 04:45:13+0000,DELL,Dell Technologies Inc.,0001571996,4,2026-09-16,2026-09-14,0001193125-26-393126,https://www.sec.gov/Archives/edgar/data/1571996/000119312526393126/ownership.xml,nonDerivative,2026-09-14,S,Class C Common Stock,149,531.63,79212.87,305,I,"Silver Lake Technology Investors IV, L.P.",,true,false,true,,SEC EDGAR
"DELL|0001193125-26-393126|nonDerivative|2026-09-14|Silver Lake Technology Investors IV, L.P.|S|Class C Common Stock|58|532.62|I",2026-09-17 04:45:13+0000,DELL,Dell Technologies Inc.,0001571996,4,2026-09-16,2026-09-14,0001193125-26-393126,https://www.sec.gov/Archives/edgar/data/1571996/000119312526393126/ownership.xml,nonDerivative,2026-09-14,S,Class C Common Stock,58,532.62,30891.96,247,I,"Silver Lake Technology Investors IV, L.P.",,true,false,true,,SEC EDGAR
"DELL|0001193125-26-393126|nonDerivative|2026-09-14|Silver Lake Technology Investors IV, L.P.|S|Class C Common Stock|40|533.80|I",2026-09-17 04:45:13+0000,DELL,Dell Technologies Inc.,0001571996,4,2026-09-16,2026-09-14,0001193125-26-393126,https://www.sec.gov/Archives/edgar/data/1571996/000119312526393126/ownership.xml,nonDerivative,2026-09-14,S,Class C Common Stock,40,533.80,21352.0,207,I,"Silver Lake Technology Investors IV, L.P.",,true,false,true,,SEC EDGAR
"DELL|0001193125-26-393126|nonDerivative|2026-09-14|Silver Lake Technology Investors IV, L.P.|S|Class C Common Stock|34|534.55|I",2026-09-17 04:45:13+0000,DELL,Dell Technologies Inc.,0001571996,4,2026-09-16,2026-09-14,0001193125-26-393126,https://www.sec.gov/Archives/edgar/data/1571996/000119312526393126/ownership.xml,nonDerivative,2026-09-14,S,Class C Common Stock,34,534.55,18174.699999999997,172,I,"Silver Lake Technology Investors IV, L.P.",,true,false,true,,SEC EDGAR
"DELL|0001193125-26-393126|nonDerivative|2026-09-14|Silver Lake Technology Investors IV, L.P.|S|Class C Common Stock|26|535.76|I",2026-09-17 04:45:13+0000,DELL,Dell Technologies Inc.,0001571996,4,2026-09-16,2026-09-14,0001193125-26-393126,https://www.sec.gov/Archives/edgar/data/1571996/000119312526393126/ownership.xml,nonDerivative,2026-09-14,S,Class C Common Stock,26,535.76,13929.76,147,I,"Silver Lake Technology Investors IV, L.P.",,true,false,true,,SEC EDGAR
"DELL|0001193125-26-393126|nonDerivative|2026-09-14|Silver Lake Technology Investors IV, L.P.|S|Class C Common Stock|13|536.74|I",2026-09-17 04:45:13+0000,DELL,Dell Technologies Inc.,0001571996,4,2026-09-16,2026-09-14,0001193125-26-393126,https://www.sec.gov/Archives/edgar/data/1571996/000119312526393126/ownership.xml,nonDerivative,2026-09-14,S,Class C Common Stock,13,536.74,6977.62,134,I,"Silver Lake Technology Investors IV, L.P.",,true,false,true,,SEC EDGAR
"DELL|0001193125-26-393126|nonDerivative|2026-09-14|Silver Lake Technology Investors IV, L.P.|S|Class C Common Stock|40|537.94|I",2026-09-17 04:45:13+0000,DELL,Dell Technologies Inc.,0001571996,4,2026-09-16,2026-09-14,0001193125-26-393126,https://www.sec.gov/Archives/edgar/data/1571996/000119312526393126/ownership.xml,nonDerivative,2026-09-14,S,Class C Common Stock,40,537.94,21517.600000000002,93,I,"Silver Lake Technology Investors IV, L.P.",,true,false,true,,SEC EDGAR
"DELL|0001193125-26-393126|nonDerivative|2026-09-14|Silver Lake Technology Investors IV, L.P.|S|Class C Common Stock|58|539.00|I",2026-09-17 04:45:13+0000,DELL,Dell Technologies Inc.,0001571996,4,2026-09-16,2026-09-14,0001193125-26-393126,https://www.sec.gov/Archives/edgar/data/1571996/000119312526393126/ownership.xml,nonDerivative,2026-09-14,S,Class C Common Stock,58,539.00,31262.0,35,I,"Silver Lake Technology Investors IV, L.P.",,true,false,true,,SEC EDGAR
"DELL|0001193125-26-393126|nonDerivative|2026-09-14|Silver Lake Technology Investors IV, L.P.|S|Class C Common Stock|11|540.18|I",2026-09-17 04:45:13+0000,DELL,Dell Technologies Inc.,0001571996,4,2026-09-16,2026-09-14,0001193125-26-393126,https://www.sec.gov/Archives/edgar/data/1571996/000119312526393126/ownership.xml,nonDerivative,2026-09-14,S,Class C Common Stock,11,540.18,5941.98,24,I,"Silver Lake Technology Investors IV, L.P.",,true,false,true,,SEC EDGAR
"DELL|0001193125-26-393126|nonDerivative|2026-09-14|Silver Lake Technology Investors IV, L.P.|S|Class C Common Stock|10|540.82|I",2026-09-17 04:45:13+0000,DELL,Dell Technologies Inc.,0001571996,4,2026-09-16,2026-09-14,0001193125-26-393126,https://www.sec.gov/Archives/edgar/data/1571996/000119312526393126/ownership.xml,nonDerivative,2026-09-14,S,Class C Common Stock,10,540.82,5408.200000000001,14,I,"Silver Lake Technology Investors IV, L.P.",,true,false,true,,SEC EDGAR
"DELL|0001193125-26-393126|nonDerivative|2026-09-14|Silver Lake Technology Investors IV, L.P.|S|Class C Common Stock|12|542.13|I",2026-09-17 04:45:13+0000,DELL,Dell Technologies Inc.,0001571996,4,2026-09-16,2026-09-14,0001193125-26-393126,https://www.sec.gov/Archives/edgar/data/1571996/000119312526393126/ownership.xml,nonDerivative,2026-09-14,S,Class C Common Stock,12,542.13,6505.5599999999995,2,I,"Silver Lake Technology Investors IV, L.P.",,true,false,true,,SEC EDGAR
"DELL|0001193125-26-393126|nonDerivative|2026-09-14|Silver Lake Technology Investors IV, L.P.|S|Class C Common Stock|2|543.04|I",2026-09-17 04:45:13+0000,DELL,Dell Technologies Inc.,0001571996,4,2026-09-16,2026-09-14,0001193125-26-393126,https://www.sec.gov/Archives/edgar/data/1571996/000119312526393126/ownership.xml,nonDerivative,2026-09-14,S,Class C Common Stock,2,543.04,1086.08,0,I,"Silver Lake Technology Investors IV, L.P.",,true,false,true,,SEC EDGAR
"DELL|0001193125-26-393126|derivative|2026-09-14|Silver Lake Technology Investors IV, L.P.|M|Class B Common Stock|555|0|I",2026-09-17 04:45:13+0000,DELL,Dell Technologies Inc.,0001571996,4,2026-09-16,2026-09-14,0001193125-26-393126,https://www.sec.gov/Archives/edgar/data/1571996/000119312526393126/ownership.xml,derivative,2026-09-14,M,Class B Common Stock,555,0,0.0,244201,I,"Silver Lake Technology Investors IV, L.P.",,true,false,true,,SEC EDGAR
"DELL|0001193125-26-393129|nonDerivative|2026-09-14|Silver Lake Partners V DE (AIV), L.P.|M|Class C Common Stock|20434||I",2026-09-17 04:45:13+0000,DELL,Dell Technologies Inc.,0001571996,4,2026-09-16,2026-09-14,0001193125-26-393129,https://www.sec.gov/Archives/edgar/data/1571996/000119312526393129/ownership.xml,nonDerivative,2026-09-14,M,Class C Common Stock,20434,,,38479,I,"Silver Lake Partners V DE (AIV), L.P.",,true,false,true,,SEC EDGAR
"DELL|0001193125-26-393129|nonDerivative|2026-09-14|Silver Lake Partners V DE (AIV), L.P.|S|Class C Common Stock|2588|530.67|I",2026-09-17 04:45:13+0000,DELL,Dell Technologies Inc.,0001571996,4,2026-09-16,2026-09-14,0001193125-26-393129,https://www.sec.gov/Archives/edgar/data/1571996/000119312526393129/ownership.xml,nonDerivative,2026-09-14,S,Class C Common Stock,2588,530.67,1373373.96,35891,I,"Silver Lake Partners V DE (AIV), L.P.",,true,false,true,,SEC EDGAR
"DELL|0001193125-26-393129|nonDerivative|2026-09-14|Silver Lake Partners V DE (AIV), L.P.|S|Class C Common Stock|3834|531.63|I",2026-09-17 04:45:13+0000,DELL,Dell Technologies Inc.,0001571996,4,2026-09-16,2026-09-14,0001193125-26-393129,https://www.sec.gov/Archives/edgar/data/1571996/000119312526393129/ownership.xml,nonDerivative,2026-09-14,S,Class C Common Stock,3834,531.63,2038269.42,32057,I,"Silver Lake Partners V DE (AIV), L.P.",,true,false,true,,SEC EDGAR
"DELL|0001193125-26-393129|nonDerivative|2026-09-14|Silver Lake Partners V DE (AIV), L.P.|S|Class C Common Stock|1487|532.62|I",2026-09-17 04:45:13+0000,DELL,Dell Technologies Inc.,0001571996,4,2026-09-16,2026-09-14,0001193125-26-393129,https://www.sec.gov/Archives/edgar/data/1571996/000119312526393129/ownership.xml,nonDerivative,2026-09-14,S,Class C Common Stock,1487,532.62,792005.9400000001,30569,I,"Silver Lake Partners V DE (AIV), L.P.",,true,false,true,,SEC EDGAR
"DELL|0001193125-26-393129|nonDerivative|2026-09-14|Silver Lake Partners V DE (AIV), L.P.|S|Class C Common Stock|1029|533.80|I",2026-09-17 04:45:13+0000,DELL,Dell Technologies Inc.,0001571996,4,2026-09-16,2026-09-14,0001193125-26-393129,https://www.sec.gov/Archives/edgar/data/1571996/000119312526393129/ownership.xml,nonDerivative,2026-09-14,S,Class C Common Stock,1029,533.80,549280.2,29540,I,"Silver Lake Partners V DE (AIV), L.P.",,true,false,true,,SEC EDGAR
"DELL|0001193125-26-393129|nonDerivative|2026-09-14|Silver Lake Partners V DE (AIV), L.P.|S|Class C Common Stock|878|534.55|I",2026-09-17 04:45:13+0000,DELL,Dell Technologies Inc.,0001571996,4,2026-09-16,2026-09-14,0001193125-26-393129,https://www.sec.gov/Archives/edgar/data/1571996/000119312526393129/ownership.xml,nonDerivative,2026-09-14,S,Class C Common Stock,878,534.55,469334.89999999997,28662,I,"Silver Lake Partners V DE (AIV), L.P.",,true,false,true,,SEC EDGAR
"DELL|0001193125-26-393129|nonDerivative|2026-09-14|Silver Lake Partners V DE (AIV), L.P.|S|Class C Common Stock|665|535.76|I",2026-09-17 04:45:13+0000,DELL,Dell Technologies Inc.,0001571996,4,2026-09-16,2026-09-14,0001193125-26-393129,https://www.sec.gov/Archives/edgar/data/1571996/000119312526393129/ownership.xml,nonDerivative,2026-09-14,S,Class C Common Stock,665,535.76,356280.39999999997,27997,I,"Silver Lake Partners V DE (AIV), L.P.",,true,false,true,,SEC EDGAR
"DELL|0001193125-26-393129|nonDerivative|2026-09-14|Silver Lake Partners V DE (AIV), L.P.|S|Class C Common Stock|323|536.74|I",2026-09-17 04:45:13+0000,DELL,Dell Technologies Inc.,0001571996,4,2026-09-16,2026-09-14,0001193125-26-393129,https://www.sec.gov/Archives/edgar/data/1571996/000119312526393129/ownership.xml,nonDerivative,2026-09-14,S,Class C Common Stock,323,536.74,173367.02,27674,I,"Silver Lake Partners V DE (AIV), L.P.",,true,false,true,,SEC EDGAR
"DELL|0001193125-26-393129|nonDerivative|2026-09-14|Silver Lake Partners V DE (AIV), L.P.|S|Class C Common Stock|1039|537.94|I",2026-09-17 04:45:13+0000,DELL,Dell Technologies Inc.,0001571996,4,2026-09-16,2026-09-14,0001193125-26-393129,https://www.sec.gov/Archives/edgar/data/1571996/000119312526393129/ownership.xml,nonDerivative,2026-09-14,S,Class C Common Stock,1039,537.94,558919.66,26635,I,"Silver Lake Partners V DE (AIV), L.P.",,true,false,true,,SEC EDGAR
"DELL|0001193125-26-393129|nonDerivative|2026-09-14|Silver Lake Partners V DE (AIV), L.P.|S|Class C Common Stock|1495|539.00|I",2026-09-17 04:45:13+0000,DELL,Dell Technologies Inc.,0001571996,4,2026-09-16,2026-09-14,0001193125-26-393129,https://www.sec.gov/Archives/edgar/data/1571996/000119312526393129/ownership.xml,nonDerivative,2026-09-14,S,Class C Common Stock,1495,539.00,805805.0,25141,I,"Silver Lake Partners V DE (AIV), L.P.",,true,false,true,,SEC EDGAR
"DELL|0001193125-26-393129|nonDerivative|2026-09-14|Silver Lake Partners V DE (AIV), L.P.|S|Class C Common Stock|278|540.18|I",2026-09-17 04:45:13+0000,DELL,Dell Technologies Inc.,0001571996,4,2026-09-16,2026-09-14,0001193125-26-393129,https://www.sec.gov/Archives/edgar/data/1571996/000119312526393129/ownership.xml,nonDerivative,2026-09-14,S,Class C Common Stock,278,540.18,150170.03999999998,24862,I,"Silver Lake Partners V DE (AIV), L.P.",,true,false,true,,SEC EDGAR
"DELL|0001193125-26-393129|nonDerivative|2026-09-14|Silver Lake Partners V DE (AIV), L.P.|S|Class C Common Stock|264|540.82|I",2026-09-17 04:45:13+0000,DELL,Dell Technologies Inc.,0001571996,4,2026-09-16,2026-09-14,0001193125-26-393129,https://www.sec.gov/Archives/edgar/data/1571996/000119312526393129/ownership.xml,nonDerivative,2026-09-14,S,Class C Common Stock,264,540.82,142776.48,24598,I,"Silver Lake Partners V DE (AIV), L.P.",,true,false,true,,SEC EDGAR
"DELL|0001193125-26-393129|nonDerivative|2026-09-14|Silver Lake Partners V DE (AIV), L.P.|S|Class C Common Stock|314|542.13|I",2026-09-17 04:45:13+0000,DELL,Dell Technologies Inc.,0001571996,4,2026-09-16,2026-09-14,0001193125-26-393129,https://www.sec.gov/Archives/edgar/data/1571996/000119312526393129/ownership.xml,nonDerivative,2026-09-14,S,Class C Common Stock,314,542.13,170228.82,24285,I,"Silver Lake Partners V DE (AIV), L.P.",,true,false,true,,SEC EDGAR
"DELL|0001193125-26-393129|nonDerivative|2026-09-14|Silver Lake Partners V DE (AIV), L.P.|S|Class C Common Stock|48|543.04|I",2026-09-17 04:45:13+0000,DELL,Dell Technologies Inc.,0001571996,4,2026-09-16,2026-09-14,0001193125-26-393129,https://www.sec.gov/Archives/edgar/data/1571996/000119312526393129/ownership.xml,nonDerivative,2026-09-14,S,Class C Common Stock,48,543.04,26065.92,24237,I,"Silver Lake Partners V DE (AIV), L.P.",,true,false,true,,SEC EDGAR
"DELL|0001193125-26-393129|derivative|2026-09-14|Silver Lake Partners V DE (AIV), L.P.|M|Class B Common Stock|20434|0|I",2026-09-17 04:45:13+0000,DELL,Dell Technologies Inc.,0001571996,4,2026-09-16,2026-09-14,0001193125-26-393129,https://www.sec.gov/Archives/edgar/data/1571996/000119312526393129/ownership.xml,derivative,2026-09-14,M,Class B Common Stock,20434,0,0.0,8984126,I,"Silver Lake Partners V DE (AIV), L.P.",,true,false,true,,SEC EDGAR
"DELL|0001193125-26-393131|nonDerivative|2026-09-14|Silver Lake Partners IV, L.P.|M|Class C Common Stock|37750||I",2026-09-17 04:45:13+0000,DELL,Dell Technologies Inc.,0001571996,4,2026-09-16,2026-09-14,0001193125-26-393131,https://www.sec.gov/Archives/edgar/data/1571996/000119312526393131/ownership.xml,nonDerivative,2026-09-14,M,Class C Common Stock,37750,,,68561,I,"Silver Lake Partners IV, L.P.",,true,false,true,,SEC EDGAR
"DELL|0001193125-26-393131|nonDerivative|2026-09-14|Silver Lake Partners IV, L.P.|S|Class C Common Stock|4936|530.67|I",2026-09-17 04:45:13+0000,DELL,Dell Technologies Inc.,0001571996,4,2026-09-16,2026-09-14,0001193125-26-393131,https://www.sec.gov/Archives/edgar/data/1571996/000119312526393131/ownership.xml,nonDerivative,2026-09-14,S,Class C Common Stock,4936,530.67,2619387.1199999996,63625,I,"Silver Lake Partners IV, L.P.",,true,false,true,,SEC EDGAR
"DELL|0001193125-26-393131|nonDerivative|2026-09-14|Silver Lake Partners IV, L.P.|S|Class C Common Stock|7312|531.63|I",2026-09-17 04:45:13+0000,DELL,Dell Technologies Inc.,0001571996,4,2026-09-16,2026-09-14,0001193125-26-393131,https://www.sec.gov/Archives/edgar/data/1571996/000119312526393131/ownership.xml,nonDerivative,2026-09-14,S,Class C Common Stock,7312,531.63,3887278.56,56313,I,"Silver Lake Partners IV, L.P.",,true,false,true,,SEC EDGAR
"DELL|0001193125-26-393131|nonDerivative|2026-09-14|Silver Lake Partners IV, L.P.|S|Class C Common Stock|2837|532.62|I",2026-09-17 04:45:13+0000,DELL,Dell Technologies Inc.,0001571996,4,2026-09-16,2026-09-14,0001193125-26-393131,https://www.sec.gov/Archives/edgar/data/1571996/000119312526393131/ownership.xml,nonDerivative,2026-09-14,S,Class C Common Stock,2837,532.62,1511042.94,53477,I,"Silver Lake Partners IV, L.P.",,true,false,true,,SEC EDGAR
"DELL|0001193125-26-393131|nonDerivative|2026-09-14|Silver Lake Partners IV, L.P.|S|Class C Common Stock|1963|533.80|I",2026-09-17 04:45:13+0000,DELL,Dell Technologies Inc.,0001571996,4,2026-09-16,2026-09-14,0001193125-26-393131,https://www.sec.gov/Archives/edgar/data/1571996/000119312526393131/ownership.xml,nonDerivative,2026-09-14,S,Class C Common Stock,1963,533.80,1047849.3999999999,51513,I,"Silver Lake Partners IV, L.P.",,true,false,true,,SEC EDGAR
"DELL|0001193125-26-393131|nonDerivative|2026-09-14|Silver Lake Partners IV, L.P.|S|Class C Common Stock|1674|534.55|I",2026-09-17 04:45:13+0000,DELL,Dell Technologies Inc.,0001571996,4,2026-09-16,2026-09-14,0001193125-26-393131,https://www.sec.gov/Archives/edgar/data/1571996/000119312526393131/ownership.xml,nonDerivative,2026-09-14,S,Class C Common Stock,1674,534.55,894836.7,49839,I,"Silver Lake Partners IV, L.P.",,true,false,true,,SEC EDGAR
"DELL|0001193125-26-393131|nonDerivative|2026-09-14|Silver Lake Partners IV, L.P.|S|Class C Common Stock|1269|535.76|I",2026-09-17 04:45:13+0000,DELL,Dell Technologies Inc.,0001571996,4,2026-09-16,2026-09-14,0001193125-26-393131,https://www.sec.gov/Archives/edgar/data/1571996/000119312526393131/ownership.xml,nonDerivative,2026-09-14,S,Class C Common Stock,1269,535.76,679879.44,48570,I,"Silver Lake Partners IV, L.P.",,true,false,true,,SEC EDGAR
"DELL|0001193125-26-393131|nonDerivative|2026-09-14|Silver Lake Partners IV, L.P.|S|Class C Common Stock|615|536.74|I",2026-09-17 04:45:13+0000,DELL,Dell Technologies Inc.,0001571996,4,2026-09-16,2026-09-14,0001193125-26-393131,https://www.sec.gov/Archives/edgar/data/1571996/000119312526393131/ownership.xml,nonDerivative,2026-09-14,S,Class C Common Stock,615,536.74,330095.1,47955,I,"Silver Lake Partners IV, L.P.",,true,false,true,,SEC EDGAR
"DELL|0001193125-26-393131|nonDerivative|2026-09-14|Silver Lake Partners IV, L.P.|S|Class C Common Stock|1981|537.94|I",2026-09-17 04:45:13+0000,DELL,Dell Technologies Inc.,0001571996,4,2026-09-16,2026-09-14,0001193125-26-393131,https://www.sec.gov/Archives/edgar/data/1571996/000119312526393131/ownership.xml,nonDerivative,2026-09-14,S,Class C Common Stock,1981,537.94,1065659.1400000001,45974,I,"Silver Lake Partners IV, L.P.",,true,false,true,,SEC EDGAR
"DELL|0001193125-26-393131|nonDerivative|2026-09-14|Silver Lake Partners IV, L.P.|S|Class C Common Stock|2851|539.00|I",2026-09-17 04:45:13+0000,DELL,Dell Technologies Inc.,0001571996,4,2026-09-16,2026-09-14,0001193125-26-393131,https://www.sec.gov/Archives/edgar/data/1571996/000119312526393131/ownership.xml,nonDerivative,2026-09-14,S,Class C Common Stock,2851,539.00,1536689.0,43123,I,"Silver Lake Partners IV, L.P.",,true,false,true,,SEC EDGAR
"DELL|0001193125-26-393131|nonDerivative|2026-09-14|Silver Lake Partners IV, L.P.|S|Class C Common Stock|531|540.18|I",2026-09-17 04:45:13+0000,DELL,Dell Technologies Inc.,0001571996,4,2026-09-16,2026-09-14,0001193125-26-393131,https://www.sec.gov/Archives/edgar/data/1571996/000119312526393131/ownership.xml,nonDerivative,2026-09-14,S,Class C Common Stock,531,540.18,286835.57999999996,42592,I,"Silver Lake Partners IV, L.P.",,true,false,true,,SEC EDGAR
"DELL|0001193125-26-393131|nonDerivative|2026-09-14|Silver Lake Partners IV, L.P.|S|Class C Common Stock|503|540.82|I",2026-09-17 04:45:13+0000,DELL,Dell Technologies Inc.,0001571996,4,2026-09-16,2026-09-14,0001193125-26-393131,https://www.sec.gov/Archives/edgar/data/1571996/000119312526393131/ownership.xml,nonDerivative,2026-09-14,S,Class C Common Stock,503,540.82,272032.46,42089,I,"Silver Lake Partners IV, L.P.",,true,false,true,,SEC EDGAR
"DELL|0001193125-26-393131|nonDerivative|2026-09-14|Silver Lake Partners IV, L.P.|S|Class C Common Stock|598|542.13|I",2026-09-17 04:45:13+0000,DELL,Dell Technologies Inc.,0001571996,4,2026-09-16,2026-09-14,0001193125-26-393131,https://www.sec.gov/Archives/edgar/data/1571996/000119312526393131/ownership.xml,nonDerivative,2026-09-14,S,Class C Common Stock,598,542.13,324193.74,41491,I,"Silver Lake Partners IV, L.P.",,true,false,true,,SEC EDGAR
"DELL|0001193125-26-393131|nonDerivative|2026-09-14|Silver Lake Partners IV, L.P.|S|Class C Common Stock|91|543.04|I",2026-09-17 04:45:13+0000,DELL,Dell Technologies Inc.,0001571996,4,2026-09-16,2026-09-14,0001193125-26-393131,https://www.sec.gov/Archives/edgar/data/1571996/000119312526393131/ownership.xml,nonDerivative,2026-09-14,S,Class C Common Stock,91,543.04,49416.64,41400,I,"Silver Lake Partners IV, L.P.",,true,false,true,,SEC EDGAR
"DELL|0001193125-26-393131|nonDerivative|2026-09-14|Silver Lake Partners IV, L.P.|S|Class C Common Stock|4750|535.50|D",2026-09-17 04:45:13+0000,DELL,Dell Technologies Inc.,0001571996,4,2026-09-16,2026-09-14,0001193125-26-393131,https://www.sec.gov/Archives/edgar/data/1571996/000119312526393131/ownership.xml,nonDerivative,2026-09-14,S,Class C Common Stock,4750,535.50,2543625.0,1399000,D,"Silver Lake Partners IV, L.P.",,true,false,true,,SEC EDGAR
"DELL|0001193125-26-393131|nonDerivative|2026-09-14|Silver Lake Partners IV, L.P.|S|Class C Common Stock|2551|543.47|D",2026-09-17 04:45:13+0000,DELL,Dell Technologies Inc.,0001571996,4,2026-09-16,2026-09-14,0001193125-26-393131,https://www.sec.gov/Archives/edgar/data/1571996/000119312526393131/ownership.xml,nonDerivative,2026-09-14,S,Class C Common Stock,2551,543.47,1386391.97,1396449,D,"Silver Lake Partners IV, L.P.",,true,false,true,,SEC EDGAR
"DELL|0001193125-26-393131|nonDerivative|2026-09-14|Silver Lake Partners IV, L.P.|S|Class C Common Stock|799|544.51|D",2026-09-17 04:45:13+0000,DELL,Dell Technologies Inc.,0001571996,4,2026-09-16,2026-09-14,0001193125-26-393131,https://www.sec.gov/Archives/edgar/data/1571996/000119312526393131/ownership.xml,nonDerivative,2026-09-14,S,Class C Common Stock,799,544.51,435063.49,1395650,D,"Silver Lake Partners IV, L.P.",,true,false,true,,SEC EDGAR
"DELL|0001193125-26-393131|derivative|2026-09-14|Silver Lake Partners IV, L.P.|M|Class B Common Stock|37750|0|I",2026-09-17 04:45:13+0000,DELL,Dell Technologies Inc.,0001571996,4,2026-09-16,2026-09-14,0001193125-26-393131,https://www.sec.gov/Archives/edgar/data/1571996/000119312526393131/ownership.xml,derivative,2026-09-14,M,Class B Common Stock,37750,0,0.0,16597353,I,"Silver Lake Partners IV, L.P.",,true,false,true,,SEC EDGAR
"DELL|0001193125-26-393128|nonDerivative|2026-09-14|SL SPV-2, L.P.|M|Class C Common Stock|36773||I",2026-09-17 04:45:13+0000,DELL,Dell Technologies Inc.,0001571996,4,2026-09-16,2026-09-14,0001193125-26-393128,https://www.sec.gov/Archives/edgar/data/1571996/000119312526393128/ownership.xml,nonDerivative,2026-09-14,M,Class C Common Stock,36773,,,71664,I,"SL SPV-2, L.P.",,true,false,true,,SEC EDGAR
"DELL|0001193125-26-393128|nonDerivative|2026-09-14|SL SPV-2, L.P.|S|Class C Common Stock|4505|530.67|I",2026-09-17 04:45:13+0000,DELL,Dell Technologies Inc.,0001571996,4,2026-09-16,2026-09-14,0001193125-26-393128,https://www.sec.gov/Archives/edgar/data/1571996/000119312526393128/ownership.xml,nonDerivative,2026-09-14,S,Class C Common Stock,4505,530.67,2390668.3499999996,67159,I,"SL SPV-2, L.P.",,true,false,true,,SEC EDGAR
"DELL|0001193125-26-393128|nonDerivative|2026-09-14|SL SPV-2, L.P.|S|Class C Common Stock|6674|531.63|I",2026-09-17 04:45:13+0000,DELL,Dell Technologies Inc.,0001571996,4,2026-09-16,2026-09-14,0001193125-26-393128,https://www.sec.gov/Archives/edgar/data/1571996/000119312526393128/ownership.xml,nonDerivative,2026-09-14,S,Class C Common Stock,6674,531.63,3548098.62,60485,I,"SL SPV-2, L.P.",,true,false,true,,SEC EDGAR
"DELL|0001193125-26-393128|nonDerivative|2026-09-14|SL SPV-2, L.P.|S|Class C Common Stock|2589|532.62|I",2026-09-17 04:45:13+0000,DELL,Dell Technologies Inc.,0001571996,4,2026-09-16,2026-09-14,0001193125-26-393128,https://www.sec.gov/Archives/edgar/data/1571996/000119312526393128/ownership.xml,nonDerivative,2026-09-14,S,Class C Common Stock,2589,532.62,1378953.18,57896,I,"SL SPV-2, L.P.",,true,false,true,,SEC EDGAR
"DELL|0001193125-26-393128|nonDerivative|2026-09-14|SL SPV-2, L.P.|S|Class C Common Stock|1792|533.80|I",2026-09-17 04:45:13+0000,DELL,Dell Technologies Inc.,0001571996,4,2026-09-16,2026-09-14,0001193125-26-393128,https://www.sec.gov/Archives/edgar/data/1571996/000119312526393128/ownership.xml,nonDerivative,2026-09-14,S,Class C Common Stock,1792,533.80,956569.5999999999,56104,I,"SL SPV-2, L.P.",,true,false,true,,SEC EDGAR
"DELL|0001193125-26-393128|nonDerivative|2026-09-14|SL SPV-2, L.P.|S|Class C Common Stock|1528|534.55|I",2026-09-17 04:45:13+0000,DELL,Dell Technologies Inc.,0001571996,4,2026-09-16,2026-09-14,0001193125-26-393128,https://www.sec.gov/Archives/edgar/data/1571996/000119312526393128/ownership.xml,nonDerivative,2026-09-14,S,Class C Common Stock,1528,534.55,816792.3999999999,54576,I,"SL SPV-2, L.P.",,true,false,true,,SEC EDGAR
"DELL|0001193125-26-393128|nonDerivative|2026-09-14|SL SPV-2, L.P.|S|Class C Common Stock|1158|535.76|I",2026-09-17 04:45:13+0000,DELL,Dell Technologies Inc.,0001571996,4,2026-09-16,2026-09-14,0001193125-26-393128,https://www.sec.gov/Archives/edgar/data/1571996/000119312526393128/ownership.xml,nonDerivative,2026-09-14,S,Class C Common Stock,1158,535.76,620410.08,53417,I,"SL SPV-2, L.P.",,true,false,true,,SEC EDGAR
"DELL|0001193125-26-393128|nonDerivative|2026-09-14|SL SPV-2, L.P.|S|Class C Common Stock|562|536.74|I",2026-09-17 04:45:13+0000,DELL,Dell Technologies Inc.,0001571996,4,2026-09-16,2026-09-14,0001193125-26-393128,https://www.sec.gov/Archives/edgar/data/1571996/000119312526393128/ownership.xml,nonDerivative,2026-09-14,S,Class C Common Stock,562,536.74,301647.88,52856,I,"SL SPV-2, L.P.",,true,false,true,,SEC EDGAR
"DELL|0001193125-26-393128|nonDerivative|2026-09-14|SL SPV-2, L.P.|S|Class C Common Stock|1808|537.94|I",2026-09-17 04:45:13+0000,DELL,Dell Technologies Inc.,0001571996,4,2026-09-16,2026-09-14,0001193125-26-393128,https://www.sec.gov/Archives/edgar/data/1571996/000119312526393128/ownership.xml,nonDerivative,2026-09-14,S,Class C Common Stock,1808,537.94,972595.5200000001,51048,I,"SL SPV-2, L.P.",,true,false,true,,SEC EDGAR
"DELL|0001193125-26-393128|nonDerivative|2026-09-14|SL SPV-2, L.P.|S|Class C Common Stock|2602|539.00|I",2026-09-17 04:45:13+0000,DELL,Dell Technologies Inc.,0001571996,4,2026-09-16,2026-09-14,0001193125-26-393128,https://www.sec.gov/Archives/edgar/data/1571996/000119312526393128/ownership.xml,nonDerivative,2026-09-14,S,Class C Common Stock,2602,539.00,1402478.0,48446,I,"SL SPV-2, L.P.",,true,false,true,,SEC EDGAR
"DELL|0001193125-26-393128|nonDerivative|2026-09-14|SL SPV-2, L.P.|S|Class C Common Stock|485|540.18|I",2026-09-17 04:45:13+0000,DELL,Dell Technologies Inc.,0001571996,4,2026-09-16,2026-09-14,0001193125-26-393128,https://www.sec.gov/Archives/edgar/data/1571996/000119312526393128/ownership.xml,nonDerivative,2026-09-14,S,Class C Common Stock,485,540.18,261987.3,47961,I,"SL SPV-2, L.P.",,true,false,true,,SEC EDGAR
"DELL|0001193125-26-393128|nonDerivative|2026-09-14|SL SPV-2, L.P.|S|Class C Common Stock|459|540.82|I",2026-09-17 04:45:13+0000,DELL,Dell Technologies Inc.,0001571996,4,2026-09-16,2026-09-14,0001193125-26-393128,https://www.sec.gov/Archives/edgar/data/1571996/000119312526393128/ownership.xml,nonDerivative,2026-09-14,S,Class C Common Stock,459,540.82,248236.38000000003,47502,I,"SL SPV-2, L.P.",,true,false,true,,SEC EDGAR
"DELL|0001193125-26-393128|nonDerivative|2026-09-14|SL SPV-2, L.P.|S|Class C Common Stock|546|542.13|I",2026-09-17 04:45:13+0000,DELL,Dell Technologies Inc.,0001571996,4,2026-09-16,2026-09-14,0001193125-26-393128,https://www.sec.gov/Archives/edgar/data/1571996/000119312526393128/ownership.xml,nonDerivative,2026-09-14,S,Class C Common Stock,546,542.13,296002.98,46956,I,"SL SPV-2, L.P.",,true,false,true,,SEC EDGAR
"DELL|0001193125-26-393128|nonDerivative|2026-09-14|SL SPV-2, L.P.|S|Class C Common Stock|83|543.04|I",2026-09-17 04:45:13+0000,DELL,Dell Technologies Inc.,0001571996,4,2026-09-16,2026-09-14,0001193125-26-393128,https://www.sec.gov/Archives/edgar/data/1571996/000119312526393128/ownership.xml,nonDerivative,2026-09-14,S,Class C Common Stock,83,543.04,45072.32,46873,I,"SL SPV-2, L.P.",,true,false,true,,SEC EDGAR
"DELL|0001193125-26-393128|derivative|2026-09-14|SL SPV-2, L.P.|M|Class B Common Stock|36773|0|I",2026-09-17 04:45:13+0000,DELL,Dell Technologies Inc.,0001571996,4,2026-09-16,2026-09-14,0001193125-26-393128,https://www.sec.gov/Archives/edgar/data/1571996/000119312526393128/ownership.xml,derivative,2026-09-14,M,Class B Common Stock,36773,0,0.0,16168089,I,"SL SPV-2, L.P.",,true,false,true,,SEC EDGAR
DDOG|0001561550-26-000316|nonDerivative|2026-09-14|OBSTLER DAVID M|S|Class A Common Stock|2656|221.2371|D,2026-09-17 04:45:13+0000,DDOG,"Datadog, Inc.",0001561550,4,2026-09-16,2026-09-14,0001561550-26-000316,https://www.sec.gov/Archives/edgar/data/1561550/000156155026000316/wk-form4_1789591134.xml,nonDerivative,2026-09-14,S,Class A Common Stock,2656,221.2371,587605.7376,415411,D,OBSTLER DAVID M,"Officer, Chief Financial Officer",0,1,0,Chief Financial Officer,SEC EDGAR
DDOG|0001561550-26-000316|nonDerivative|2026-09-14|OBSTLER DAVID M|S|Class A Common Stock|5424|222.1654|D,2026-09-17 04:45:13+0000,DDOG,"Datadog, Inc.",0001561550,4,2026-09-16,2026-09-14,0001561550-26-000316,https://www.sec.gov/Archives/edgar/data/1561550/000156155026000316/wk-form4_1789591134.xml,nonDerivative,2026-09-14,S,Class A Common Stock,5424,222.1654,1205025.1296,409987,D,OBSTLER DAVID M,"Officer, Chief Financial Officer",0,1,0,Chief Financial Officer,SEC EDGAR
DDOG|0001561550-26-000316|nonDerivative|2026-09-14|OBSTLER DAVID M|S|Class A Common Stock|2452|223.1165|D,2026-09-17 04:45:13+0000,DDOG,"Datadog, Inc.",0001561550,4,2026-09-16,2026-09-14,0001561550-26-000316,https://www.sec.gov/Archives/edgar/data/1561550/000156155026000316/wk-form4_1789591134.xml,nonDerivative,2026-09-14,S,Class A Common Stock,2452,223.1165,547081.658,407535,D,OBSTLER DAVID M,"Officer, Chief Financial Officer",0,1,0,Chief Financial Officer,SEC EDGAR
DDOG|0001561550-26-000316|nonDerivative|2026-09-14|OBSTLER DAVID M|S|Class A Common Stock|1801|224.3436|D,2026-09-17 04:45:13+0000,DDOG,"Datadog, Inc.",0001561550,4,2026-09-16,2026-09-14,0001561550-26-000316,https://www.sec.gov/Archives/edgar/data/1561550/000156155026000316/wk-form4_1789591134.xml,nonDerivative,2026-09-14,S,Class A Common Stock,1801,224.3436,404042.8236,405734,D,OBSTLER DAVID M,"Officer, Chief Financial Officer",0,1,0,Chief Financial Officer,SEC EDGAR
DDOG|0001561550-26-000316|nonDerivative|2026-09-14|OBSTLER DAVID M|S|Class A Common Stock|3940|225.1327|D,2026-09-17 04:45:13+0000,DDOG,"Datadog, Inc.",0001561550,4,2026-09-16,2026-09-14,0001561550-26-000316,https://www.sec.gov/Archives/edgar/data/1561550/000156155026000316/wk-form4_1789591134.xml,nonDerivative,2026-09-14,S,Class A Common Stock,3940,225.1327,887022.838,401794,D,OBSTLER DAVID M,"Officer, Chief Financial Officer",0,1,0,Chief Financial Officer,SEC EDGAR
DDOG|0001561550-26-000316|nonDerivative|2026-09-14|OBSTLER DAVID M|S|Class A Common Stock|629|226.1915|D,2026-09-17 04:45:13+0000,DDOG,"Datadog, Inc.",0001561550,4,2026-09-16,2026-09-14,0001561550-26-000316,https://www.sec.gov/Archives/edgar/data/1561550/000156155026000316/wk-form4_1789591134.xml,nonDerivative,2026-09-14,S,Class A Common Stock,629,226.1915,142274.4535,401165,D,OBSTLER DAVID M,"Officer, Chief Financial Officer",0,1,0,Chief Financial Officer,SEC EDGAR
DDOG|0001561550-26-000316|nonDerivative|2026-09-14|OBSTLER DAVID M|S|Class A Common Stock|562|227.716|D,2026-09-17 04:45:13+0000,DDOG,"Datadog, Inc.",0001561550,4,2026-09-16,2026-09-14,0001561550-26-000316,https://www.sec.gov/Archives/edgar/data/1561550/000156155026000316/wk-form4_1789591134.xml,nonDerivative,2026-09-14,S,Class A Common Stock,562,227.716,127976.392,400603,D,OBSTLER DAVID M,"Officer, Chief Financial Officer",0,1,0,Chief Financial Officer,SEC EDGAR
DDOG|0001561550-26-000316|nonDerivative|2026-09-14|OBSTLER DAVID M|S|Class A Common Stock|1189|228.5826|D,2026-09-17 04:45:13+0000,DDOG,"Datadog, Inc.",0001561550,4,2026-09-16,2026-09-14,0001561550-26-000316,https://www.sec.gov/Archives/edgar/data/1561550/000156155026000316/wk-form4_1789591134.xml,nonDerivative,2026-09-14,S,Class A Common Stock,1189,228.5826,271784.71140000003,399414,D,OBSTLER DAVID M,"Officer, Chief Financial Officer",0,1,0,Chief Financial Officer,SEC EDGAR
DDOG|0001561550-26-000316|nonDerivative|2026-09-14|OBSTLER DAVID M|S|Class A Common Stock|9623|229.9206|D,2026-09-17 04:45:13+0000,DDOG,"Datadog, Inc.",0001561550,4,2026-09-16,2026-09-14,0001561550-26-000316,https://www.sec.gov/Archives/edgar/data/1561550/000156155026000316/wk-form4_1789591134.xml,nonDerivative,2026-09-14,S,Class A Common Stock,9623,229.9206,2212525.9338,389791,D,OBSTLER DAVID M,"Officer, Chief Financial Officer",0,1,0,Chief Financial Officer,SEC EDGAR
DDOG|0001561550-26-000316|nonDerivative|2026-09-14|OBSTLER DAVID M|S|Class A Common Stock|5625|230.5076|D,2026-09-17 04:45:13+0000,DDOG,"Datadog, Inc.",0001561550,4,2026-09-16,2026-09-14,0001561550-26-000316,https://www.sec.gov/Archives/edgar/data/1561550/000156155026000316/wk-form4_1789591134.xml,nonDerivative,2026-09-14,S,Class A Common Stock,5625,230.5076,1296605.25,384166,D,OBSTLER DAVID M,"Officer, Chief Financial Officer",0,1,0,Chief Financial Officer,SEC EDGAR
DDOG|0001561550-26-000316|nonDerivative|2026-09-14|OBSTLER DAVID M|S|Class A Common Stock|2414|231.531|D,2026-09-17 04:45:13+0000,DDOG,"Datadog, Inc.",0001561550,4,2026-09-16,2026-09-14,0001561550-26-000316,https://www.sec.gov/Archives/edgar/data/1561550/000156155026000316/wk-form4_1789591134.xml,nonDerivative,2026-09-14,S,Class A Common Stock,2414,231.531,558915.834,381752,D,OBSTLER DAVID M,"Officer, Chief Financial Officer",0,1,0,Chief Financial Officer,SEC EDGAR
DDOG|0001561550-26-000316|nonDerivative|2026-09-14|OBSTLER DAVID M|S|Class A Common Stock|3057|232.7071|D,2026-09-17 04:45:13+0000,DDOG,"Datadog, Inc.",0001561550,4,2026-09-16,2026-09-14,0001561550-26-000316,https://www.sec.gov/Archives/edgar/data/1561550/000156155026000316/wk-form4_1789591134.xml,nonDerivative,2026-09-14,S,Class A Common Stock,3057,232.7071,711385.6047,378695,D,OBSTLER DAVID M,"Officer, Chief Financial Officer",0,1,0,Chief Financial Officer,SEC EDGAR
DDOG|0001561550-26-000316|nonDerivative|2026-09-14|OBSTLER DAVID M|S|Class A Common Stock|628|233.30|D,2026-09-17 04:45:13+0000,DDOG,"Datadog, Inc.",0001561550,4,2026-09-16,2026-09-14,0001561550-26-000316,https://www.sec.gov/Archives/edgar/data/1561550/000156155026000316/wk-form4_1789591134.xml,nonDerivative,2026-09-14,S,Class A Common Stock,628,233.30,146512.4,378067,D,OBSTLER DAVID M,"Officer, Chief Financial Officer",0,1,0,Chief Financial Officer,SEC EDGAR
DDOG|0001561550-26-000315|nonDerivative|2026-09-14|OBSTLER DAVID M|C|Class A Common Stock|12000|0|I,2026-09-17 04:45:13+0000,DDOG,"Datadog, Inc.",0001561550,4,2026-09-16,2026-09-14,0001561550-26-000315,https://www.sec.gov/Archives/edgar/data/1561550/000156155026000315/wk-form4_1789591125.xml,nonDerivative,2026-09-14,C,Class A Common Stock,12000,0,0.0,12000,I,OBSTLER DAVID M,"Officer, Chief Financial Officer",0,1,0,Chief Financial Officer,SEC EDGAR
DDOG|0001561550-26-000315|nonDerivative|2026-09-14|OBSTLER DAVID M|S|Class A Common Stock|798|221.2365|I,2026-09-17 04:45:13+0000,DDOG,"Datadog, Inc.",0001561550,4,2026-09-16,2026-09-14,0001561550-26-000315,https://www.sec.gov/Archives/edgar/data/1561550/000156155026000315/wk-form4_1789591125.xml,nonDerivative,2026-09-14,S,Class A Common Stock,798,221.2365,176546.727,11202,I,OBSTLER DAVID M,"Officer, Chief Financial Officer",0,1,0,Chief Financial Officer,SEC EDGAR
DDOG|0001561550-26-000315|nonDerivative|2026-09-14|OBSTLER DAVID M|S|Class A Common Stock|1624|222.1661|I,2026-09-17 04:45:13+0000,DDOG,"Datadog, Inc.",0001561550,4,2026-09-16,2026-09-14,0001561550-26-000315,https://www.sec.gov/Archives/edgar/data/1561550/000156155026000315/wk-form4_1789591125.xml,nonDerivative,2026-09-14,S,Class A Common Stock,1624,222.1661,360797.7464,9578,I,OBSTLER DAVID M,"Officer, Chief Financial Officer",0,1,0,Chief Financial Officer,SEC EDGAR
DDOG|0001561550-26-000315|nonDerivative|2026-09-14|OBSTLER DAVID M|S|Class A Common Stock|738|223.1165|I,2026-09-17 04:45:13+0000,DDOG,"Datadog, Inc.",0001561550,4,2026-09-16,2026-09-14,0001561550-26-000315,https://www.sec.gov/Archives/edgar/data/1561550/000156155026000315/wk-form4_1789591125.xml,nonDerivative,2026-09-14,S,Class A Common Stock,738,223.1165,164659.977,8840,I,OBSTLER DAVID M,"Officer, Chief Financial Officer",0,1,0,Chief Financial Officer,SEC EDGAR
DDOG|0001561550-26-000315|nonDerivative|2026-09-14|OBSTLER DAVID M|S|Class A Common Stock|545|224.3433|I,2026-09-17 04:45:13+0000,DDOG,"Datadog, Inc.",0001561550,4,2026-09-16,2026-09-14,0001561550-26-000315,https://www.sec.gov/Archives/edgar/data/1561550/000156155026000315/wk-form4_1789591125.xml,nonDerivative,2026-09-14,S,Class A Common Stock,545,224.3433,122267.0985,8295,I,OBSTLER DAVID M,"Officer, Chief Financial Officer",0,1,0,Chief Financial Officer,SEC EDGAR
DDOG|0001561550-26-000315|nonDerivative|2026-09-14|OBSTLER DAVID M|S|Class A Common Stock|1182|225.1332|I,2026-09-17 04:45:13+0000,DDOG,"Datadog, Inc.",0001561550,4,2026-09-16,2026-09-14,0001561550-26-000315,https://www.sec.gov/Archives/edgar/data/1561550/000156155026000315/wk-form4_1789591125.xml,nonDerivative,2026-09-14,S,Class A Common Stock,1182,225.1332,266107.4424,7113,I,OBSTLER DAVID M,"Officer, Chief Financial Officer",0,1,0,Chief Financial Officer,SEC EDGAR
DDOG|0001561550-26-000315|nonDerivative|2026-09-14|OBSTLER DAVID M|S|Class A Common Stock|190|226.1915|I,2026-09-17 04:45:13+0000,DDOG,"Datadog, Inc.",0001561550,4,2026-09-16,2026-09-14,0001561550-26-000315,https://www.sec.gov/Archives/edgar/data/1561550/000156155026000315/wk-form4_1789591125.xml,nonDerivative,2026-09-14,S,Class A Common Stock,190,226.1915,42976.384999999995,6923,I,OBSTLER DAVID M,"Officer, Chief Financial Officer",0,1,0,Chief Financial Officer,SEC EDGAR
DDOG|0001561550-26-000315|nonDerivative|2026-09-14|OBSTLER DAVID M|S|Class A Common Stock|169|227.7159|I,2026-09-17 04:45:13+0000,DDOG,"Datadog, Inc.",0001561550,4,2026-09-16,2026-09-14,0001561550-26-000315,https://www.sec.gov/Archives/edgar/data/1561550/000156155026000315/wk-form4_1789591125.xml,nonDerivative,2026-09-14,S,Class A Common Stock,169,227.7159,38483.9871,6754,I,OBSTLER DAVID M,"Officer, Chief Financial Officer",0,1,0,Chief Financial Officer,SEC EDGAR
DDOG|0001561550-26-000315|nonDerivative|2026-09-14|OBSTLER DAVID M|S|Class A Common Stock|360|228.5859|I,2026-09-17 04:45:13+0000,DDOG,"Datadog, Inc.",0001561550,4,2026-09-16,2026-09-14,0001561550-26-000315,https://www.sec.gov/Archives/edgar/data/1561550/000156155026000315/wk-form4_1789591125.xml,nonDerivative,2026-09-14,S,Class A Common Stock,360,228.5859,82290.924,6394,I,OBSTLER DAVID M,"Officer, Chief Financial Officer",0,1,0,Chief Financial Officer,SEC EDGAR
DDOG|0001561550-26-000315|nonDerivative|2026-09-14|OBSTLER DAVID M|S|Class A Common Stock|2873|229.9209|I,2026-09-17 04:45:13+0000,DDOG,"Datadog, Inc.",0001561550,4,2026-09-16,2026-09-14,0001561550-26-000315,https://www.sec.gov/Archives/edgar/data/1561550/000156155026000315/wk-form4_1789591125.xml,nonDerivative,2026-09-14,S,Class A Common Stock,2873,229.9209,660562.7457,3521,I,OBSTLER DAVID M,"Officer, Chief Financial Officer",0,1,0,Chief Financial Officer,SEC EDGAR
DDOG|0001561550-26-000315|nonDerivative|2026-09-14|OBSTLER DAVID M|S|Class A Common Stock|1689|230.5094|I,2026-09-17 04:45:13+0000,DDOG,"Datadog, Inc.",0001561550,4,2026-09-16,2026-09-14,0001561550-26-000315,https://www.sec.gov/Archives/edgar/data/1561550/000156155026000315/wk-form4_1789591125.xml,nonDerivative,2026-09-14,S,Class A Common Stock,1689,230.5094,389330.3766,1832,I,OBSTLER DAVID M,"Officer, Chief Financial Officer",0,1,0,Chief Financial Officer,SEC EDGAR
DDOG|0001561550-26-000315|nonDerivative|2026-09-14|OBSTLER DAVID M|S|Class A Common Stock|724|231.5317|I,2026-09-17 04:45:13+0000,DDOG,"Datadog, Inc.",0001561550,4,2026-09-16,2026-09-14,0001561550-26-000315,https://www.sec.gov/Archives/edgar/data/1561550/000156155026000315/wk-form4_1789591125.xml,nonDerivative,2026-09-14,S,Class A Common Stock,724,231.5317,167628.9508,1108,I,OBSTLER DAVID M,"Officer, Chief Financial Officer",0,1,0,Chief Financial Officer,SEC EDGAR
DDOG|0001561550-26-000315|nonDerivative|2026-09-14|OBSTLER DAVID M|S|Class A Common Stock|918|232.7079|I,2026-09-17 04:45:13+0000,DDOG,"Datadog, Inc.",0001561550,4,2026-09-16,2026-09-14,0001561550-26-000315,https://www.sec.gov/Archives/edgar/data/1561550/000156155026000315/wk-form4_1789591125.xml,nonDerivative,2026-09-14,S,Class A Common Stock,918,232.7079,213625.8522,190,I,OBSTLER DAVID M,"Officer, Chief Financial Officer",0,1,0,Chief Financial Officer,SEC EDGAR
DDOG|0001561550-26-000315|nonDerivative|2026-09-14|OBSTLER DAVID M|S|Class A Common Stock|190|233.2997|I,2026-09-17 04:45:13+0000,DDOG,"Datadog, Inc.",0001561550,4,2026-09-16,2026-09-14,0001561550-26-000315,https://www.sec.gov/Archives/edgar/data/1561550/000156155026000315/wk-form4_1789591125.xml,nonDerivative,2026-09-14,S,Class A Common Stock,190,233.2997,44326.943,0,I,OBSTLER DAVID M,"Officer, Chief Financial Officer",0,1,0,Chief Financial Officer,SEC EDGAR
DDOG|0001561550-26-000315|nonDerivative|2026-09-14|OBSTLER DAVID M|S|Class A Common Stock|786|221.2389|I,2026-09-17 04:45:13+0000,DDOG,"Datadog, Inc.",0001561550,4,2026-09-16,2026-09-14,0001561550-26-000315,https://www.sec.gov/Archives/edgar/data/1561550/000156155026000315/wk-form4_1789591125.xml,nonDerivative,2026-09-14,S,Class A Common Stock,786,221.2389,173893.7754,11214,I,OBSTLER DAVID M,"Officer, Chief Financial Officer",0,1,0,Chief Financial Officer,SEC EDGAR
DDOG|0001561550-26-000315|nonDerivative|2026-09-14|OBSTLER DAVID M|S|Class A Common Stock|1635|222.1623|I,2026-09-17 04:45:13+0000,DDOG,"Datadog, Inc.",0001561550,4,2026-09-16,2026-09-14,0001561550-26-000315,https://www.sec.gov/Archives/edgar/data/1561550/000156155026000315/wk-form4_1789591125.xml,nonDerivative,2026-09-14,S,Class A Common Stock,1635,222.1623,363235.36049999995,9579,I,OBSTLER DAVID M,"Officer, Chief Financial Officer",0,1,0,Chief Financial Officer,SEC EDGAR
DDOG|0001561550-26-000315|nonDerivative|2026-09-14|OBSTLER DAVID M|S|Class A Common Stock|725|223.1157|I,2026-09-17 04:45:13+0000,DDOG,"Datadog, Inc.",0001561550,4,2026-09-16,2026-09-14,0001561550-26-000315,https://www.sec.gov/Archives/edgar/data/1561550/000156155026000315/wk-form4_1789591125.xml,nonDerivative,2026-09-14,S,Class A Common Stock,725,223.1157,161758.8825,8854,I,OBSTLER DAVID M,"Officer, Chief Financial Officer",0,1,0,Chief Financial Officer,SEC EDGAR
DDOG|0001561550-26-000315|nonDerivative|2026-09-14|OBSTLER DAVID M|S|Class A Common Stock|525|224.3448|I,2026-09-17 04:45:13+0000,DDOG,"Datadog, Inc.",0001561550,4,2026-09-16,2026-09-14,0001561550-26-000315,https://www.sec.gov/Archives/edgar/data/1561550/000156155026000315/wk-form4_1789591125.xml,nonDerivative,2026-09-14,S,Class A Common Stock,525,224.3448,117781.01999999999,8329,I,OBSTLER DAVID M,"Officer, Chief Financial Officer",0,1,0,Chief Financial Officer,SEC EDGAR
DDOG|0001561550-26-000315|nonDerivative|2026-09-14|OBSTLER DAVID M|S|Class A Common Stock|1169|225.1313|I,2026-09-17 04:45:13+0000,DDOG,"Datadog, Inc.",0001561550,4,2026-09-16,2026-09-14,0001561550-26-000315,https://www.sec.gov/Archives/edgar/data/1561550/000156155026000315/wk-form4_1789591125.xml,nonDerivative,2026-09-14,S,Class A Common Stock,1169,225.1313,263178.48970000003,7160,I,OBSTLER DAVID M,"Officer, Chief Financial Officer",0,1,0,Chief Financial Officer,SEC EDGAR
DDOG|0001561550-26-000315|nonDerivative|2026-09-14|OBSTLER DAVID M|S|Class A Common Stock|181|226.1915|I,2026-09-17 04:45:13+0000,DDOG,"Datadog, Inc.",0001561550,4,2026-09-16,2026-09-14,0001561550-26-000315,https://www.sec.gov/Archives/edgar/data/1561550/000156155026000315/wk-form4_1789591125.xml,nonDerivative,2026-09-14,S,Class A Common Stock,181,226.1915,40940.661499999995,6979,I,OBSTLER DAVID M,"Officer, Chief Financial Officer",0,1,0,Chief Financial Officer,SEC EDGAR
DDOG|0001561550-26-000315|nonDerivative|2026-09-14|OBSTLER DAVID M|S|Class A Common Stock|163|227.7183|I,2026-09-17 04:45:13+0000,DDOG,"Datadog, Inc.",0001561550,4,2026-09-16,2026-09-14,0001561550-26-000315,https://www.sec.gov/Archives/edgar/data/1561550/000156155026000315/wk-form4_1789591125.xml,nonDerivative,2026-09-14,S,Class A Common Stock,163,227.7183,37118.0829,6816,I,OBSTLER DAVID M,"Officer, Chief Financial Officer",0,1,0,Chief Financial Officer,SEC EDGAR
DDOG|0001561550-26-000315|nonDerivative|2026-09-14|OBSTLER DAVID M|S|Class A Common Stock|358|228.5972|I,2026-09-17 04:45:13+0000,DDOG,"Datadog, Inc.",0001561550,4,2026-09-16,2026-09-14,0001561550-26-000315,https://www.sec.gov/Archives/edgar/data/1561550/000156155026000315/wk-form4_1789591125.xml,nonDerivative,2026-09-14,S,Class A Common Stock,358,228.5972,81837.79759999999,6458,I,OBSTLER DAVID M,"Officer, Chief Financial Officer",0,1,0,Chief Financial Officer,SEC EDGAR
DDOG|0001561550-26-000315|nonDerivative|2026-09-14|OBSTLER DAVID M|S|Class A Common Stock|2935|229.9168|I,2026-09-17 04:45:13+0000,DDOG,"Datadog, Inc.",0001561550,4,2026-09-16,2026-09-14,0001561550-26-000315,https://www.sec.gov/Archives/edgar/data/1561550/000156155026000315/wk-form4_1789591125.xml,nonDerivative,2026-09-14,S,Class A Common Stock,2935,229.9168,674805.808,3523,I,OBSTLER DAVID M,"Officer, Chief Financial Officer",0,1,0,Chief Financial Officer,SEC EDGAR
DDOG|0001561550-26-000315|nonDerivative|2026-09-14|OBSTLER DAVID M|S|Class A Common Stock|1729|230.5063|I,2026-09-17 04:45:13+0000,DDOG,"Datadog, Inc.",0001561550,4,2026-09-16,2026-09-14,0001561550-26-000315,https://www.sec.gov/Archives/edgar/data/1561550/000156155026000315/wk-form4_1789591125.xml,nonDerivative,2026-09-14,S,Class A Common Stock,1729,230.5063,398545.3927,1794,I,OBSTLER DAVID M,"Officer, Chief Financial Officer",0,1,0,Chief Financial Officer,SEC EDGAR
DDOG|0001561550-26-000315|nonDerivative|2026-09-14|OBSTLER DAVID M|S|Class A Common Stock|713|231.5314|I,2026-09-17 04:45:13+0000,DDOG,"Datadog, Inc.",0001561550,4,2026-09-16,2026-09-14,0001561550-26-000315,https://www.sec.gov/Archives/edgar/data/1561550/000156155026000315/wk-form4_1789591125.xml,nonDerivative,2026-09-14,S,Class A Common Stock,713,231.5314,165081.8882,1081,I,OBSTLER DAVID M,"Officer, Chief Financial Officer",0,1,0,Chief Financial Officer,SEC EDGAR
DDOG|0001561550-26-000315|nonDerivative|2026-09-14|OBSTLER DAVID M|S|Class A Common Stock|899|232.7071|I,2026-09-17 04:45:13+0000,DDOG,"Datadog, Inc.",0001561550,4,2026-09-16,2026-09-14,0001561550-26-000315,https://www.sec.gov/Archives/edgar/data/1561550/000156155026000315/wk-form4_1789591125.xml,nonDerivative,2026-09-14,S,Class A Common Stock,899,232.7071,209203.68289999999,182,I,OBSTLER DAVID M,"Officer, Chief Financial Officer",0,1,0,Chief Financial Officer,SEC EDGAR
DDOG|0001561550-26-000315|nonDerivative|2026-09-14|OBSTLER DAVID M|S|Class A Common Stock|182|233.2996|I,2026-09-17 04:45:13+0000,DDOG,"Datadog, Inc.",0001561550,4,2026-09-16,2026-09-14,0001561550-26-000315,https://www.sec.gov/Archives/edgar/data/1561550/000156155026000315/wk-form4_1789591125.xml,nonDerivative,2026-09-14,S,Class A Common Stock,182,233.2996,42460.5272,0,I,OBSTLER DAVID M,"Officer, Chief Financial Officer",0,1,0,Chief Financial Officer,SEC EDGAR
DDOG|0001561550-26-000315|derivative|2026-09-14|OBSTLER DAVID M|C|Class B Common Stock|12000|0|I,2026-09-17 04:45:13+0000,DDOG,"Datadog, Inc.",0001561550,4,2026-09-16,2026-09-14,0001561550-26-000315,https://www.sec.gov/Archives/edgar/data/1561550/000156155026000315/wk-form4_1789591125.xml,derivative,2026-09-14,C,Class B Common Stock,12000,0,0.0,34198,I,OBSTLER DAVID M,"Officer, Chief Financial Officer",0,1,0,Chief Financial Officer,SEC EDGAR
DDOG|0001561550-26-000314|nonDerivative|2026-09-14|Acocella Kerry|S|Class A Common Stock|200|221.6285|D,2026-09-17 04:45:13+0000,DDOG,"Datadog, Inc.",0001561550,4,2026-09-16,2026-09-14,0001561550-26-000314,https://www.sec.gov/Archives/edgar/data/1561550/000156155026000314/wk-form4_1789591119.xml,nonDerivative,2026-09-14,S,Class A Common Stock,200,221.6285,44325.7,120323,D,Acocella Kerry,"Officer, General Counsel and Secretary",0,1,0,General Counsel and Secretary,SEC EDGAR
DDOG|0001561550-26-000314|nonDerivative|2026-09-14|Acocella Kerry|S|Class A Common Stock|300|222.8033|D,2026-09-17 04:45:13+0000,DDOG,"Datadog, Inc.",0001561550,4,2026-09-16,2026-09-14,0001561550-26-000314,https://www.sec.gov/Archives/edgar/data/1561550/000156155026000314/wk-form4_1789591119.xml,nonDerivative,2026-09-14,S,Class A Common Stock,300,222.8033,66840.99,120023,D,Acocella Kerry,"Officer, General Counsel and Secretary",0,1,0,General Counsel and Secretary,SEC EDGAR
DDOG|0001561550-26-000314|nonDerivative|2026-09-14|Acocella Kerry|S|Class A Common Stock|400|224.3175|D,2026-09-17 04:45:13+0000,DDOG,"Datadog, Inc.",0001561550,4,2026-09-16,2026-09-14,0001561550-26-000314,https://www.sec.gov/Archives/edgar/data/1561550/000156155026000314/wk-form4_1789591119.xml,nonDerivative,2026-09-14,S,Class A Common Stock,400,224.3175,89727.0,119623,D,Acocella Kerry,"Officer, General Counsel and Secretary",0,1,0,General Counsel and Secretary,SEC EDGAR
DDOG|0001561550-26-000314|nonDerivative|2026-09-14|Acocella Kerry|S|Class A Common Stock|409|225.3354|D,2026-09-17 04:45:13+0000,DDOG,"Datadog, Inc.",0001561550,4,2026-09-16,2026-09-14,0001561550-26-000314,https://www.sec.gov/Archives/edgar/data/1561550/000156155026000314/wk-form4_1789591119.xml,nonDerivative,2026-09-14,S,Class A Common Stock,409,225.3354,92162.1786,119214,D,Acocella Kerry,"Officer, General Counsel and Secretary",0,1,0,General Counsel and Secretary,SEC EDGAR
DDOG|0001561550-26-000314|nonDerivative|2026-09-14|Acocella Kerry|S|Class A Common Stock|191|226.3243|D,2026-09-17 04:45:13+0000,DDOG,"Datadog, Inc.",0001561550,4,2026-09-16,2026-09-14,0001561550-26-000314,https://www.sec.gov/Archives/edgar/data/1561550/000156155026000314/wk-form4_1789591119.xml,nonDerivative,2026-09-14,S,Class A Common Stock,191,226.3243,43227.9413,119023,D,Acocella Kerry,"Officer, General Counsel and Secretary",0,1,0,General Counsel and Secretary,SEC EDGAR
DDOG|0001561550-26-000314|nonDerivative|2026-09-14|Acocella Kerry|S|Class A Common Stock|600|228.8934|D,2026-09-17 04:45:13+0000,DDOG,"Datadog, Inc.",0001561550,4,2026-09-16,2026-09-14,0001561550-26-000314,https://www.sec.gov/Archives/edgar/data/1561550/000156155026000314/wk-form4_1789591119.xml,nonDerivative,2026-09-14,S,Class A Common Stock,600,228.8934,137336.04,118423,D,Acocella Kerry,"Officer, General Counsel and Secretary",0,1,0,General Counsel and Secretary,SEC EDGAR
DDOG|0001561550-26-000314|nonDerivative|2026-09-14|Acocella Kerry|S|Class A Common Stock|1156|229.8443|D,2026-09-17 04:45:13+0000,DDOG,"Datadog, Inc.",0001561550,4,2026-09-16,2026-09-14,0001561550-26-000314,https://www.sec.gov/Archives/edgar/data/1561550/000156155026000314/wk-form4_1789591119.xml,nonDerivative,2026-09-14,S,Class A Common Stock,1156,229.8443,265700.0108,117267,D,Acocella Kerry,"Officer, General Counsel and Secretary",0,1,0,General Counsel and Secretary,SEC EDGAR
DDOG|0001561550-26-000314|nonDerivative|2026-09-14|Acocella Kerry|S|Class A Common Stock|1024|230.8722|D,2026-09-17 04:45:13+0000,DDOG,"Datadog, Inc.",0001561550,4,2026-09-16,2026-09-14,0001561550-26-000314,https://www.sec.gov/Archives/edgar/data/1561550/000156155026000314/wk-form4_1789591119.xml,nonDerivative,2026-09-14,S,Class A Common Stock,1024,230.8722,236413.1328,116243,D,Acocella Kerry,"Officer, General Counsel and Secretary",0,1,0,General Counsel and Secretary,SEC EDGAR
DDOG|0001561550-26-000314|nonDerivative|2026-09-14|Acocella Kerry|S|Class A Common Stock|900|232.5087|D,2026-09-17 04:45:13+0000,DDOG,"Datadog, Inc.",0001561550,4,2026-09-16,2026-09-14,0001561550-26-000314,https://www.sec.gov/Archives/edgar/data/1561550/000156155026000314/wk-form4_1789591119.xml,nonDerivative,2026-09-14,S,Class A Common Stock,900,232.5087,209257.83000000002,115343,D,Acocella Kerry,"Officer, General Counsel and Secretary",0,1,0,General Counsel and Secretary,SEC EDGAR
DDOG|0001561550-26-000314|nonDerivative|2026-09-14|Acocella Kerry|S|Class A Common Stock|100|233.37|D,2026-09-17 04:45:13+0000,DDOG,"Datadog, Inc.",0001561550,4,2026-09-16,2026-09-14,0001561550-26-000314,https://www.sec.gov/Archives/edgar/data/1561550/000156155026000314/wk-form4_1789591119.xml,nonDerivative,2026-09-14,S,Class A Common Stock,100,233.37,23337.0,115243,D,Acocella Kerry,"Officer, General Counsel and Secretary",0,1,0,General Counsel and Secretary,SEC EDGAR
CVNA|0001607889-26-000034|nonDerivative|2026-09-14|Taira Thomas|S|Class A Common Stock|2680|70.05|D,2026-09-17 04:45:13+0000,CVNA,CARVANA CO.,0001690820,4,2026-09-16,2026-09-14,0001607889-26-000034,https://www.sec.gov/Archives/edgar/data/1690820/000160788926000034/wk-form4_1789593642.xml,nonDerivative,2026-09-14,S,Class A Common Stock,2680,70.05,187734.0,381096,D,Taira Thomas,"Officer, President, Special Projects",0,1,0,"President, Special Projects",SEC EDGAR
CVNA|0001607889-26-000034|nonDerivative|2026-09-14|Taira Thomas|S|Class A Common Stock|14109|70.68|D,2026-09-17 04:45:13+0000,CVNA,CARVANA CO.,0001690820,4,2026-09-16,2026-09-14,0001607889-26-000034,https://www.sec.gov/Archives/edgar/data/1690820/000160788926000034/wk-form4_1789593642.xml,nonDerivative,2026-09-14,S,Class A Common Stock,14109,70.68,997224.1200000001,366987,D,Taira Thomas,"Officer, President, Special Projects",0,1,0,"President, Special Projects",SEC EDGAR
CTSH|0002075228-26-000026|nonDerivative|2026-09-14|Kerdman Alina|S|Class A Common Stock|134|62.40|D,2026-09-17 04:45:13+0000,CTSH,COGNIZANT TECHNOLOGY SOLUTIONS CORP,0001058290,4,2026-09-16,2026-09-14,0002075228-26-000026,https://www.sec.gov/Archives/edgar/data/1058290/000207522826000026/wk-form4_1789588993.xml,nonDerivative,2026-09-14,S,Class A Common Stock,134,62.40,8361.6,1129,D,Kerdman Alina,"Officer, SVP, Controller & CAO",0,1,0,"SVP, Controller & CAO",SEC EDGAR
CRM|0001108524-26-000208|nonDerivative|2026-09-15|Niles Sabastian|F|Common Stock|8873|255.65|D,2026-09-17 04:45:13+0000,CRM,"Salesforce, Inc.",0001108524,4,2026-09-16,2026-09-15,0001108524-26-000208,https://www.sec.gov/Archives/edgar/data/1108524/000110852426000208/form4.xml,nonDerivative,2026-09-15,F,Common Stock,8873,255.65,2268382.45,18164,D,Niles Sabastian,"Officer, President and CLO",,1,,President and CLO,SEC EDGAR
CRM|0001108524-26-000206|nonDerivative|2026-09-15|Milano Miguel|F|Common Stock|6535|255.65|D,2026-09-17 04:45:13+0000,CRM,"Salesforce, Inc.",0001108524,4,2026-09-16,2026-09-15,0001108524-26-000206,https://www.sec.gov/Archives/edgar/data/1108524/000110852426000206/form4.xml,nonDerivative,2026-09-15,F,Common Stock,6535,255.65,1670672.75,32219,D,Milano Miguel,"Officer, President and COO",,1,,President and COO,SEC EDGAR
COP|0001193125-26-393302|derivative|2026-09-15|NIBLOCK ROBERT A|A|Stock Units|270|138.9720|D,2026-09-17 04:45:13+0000,COP,CONOCOPHILLIPS,0001163165,4,2026-09-16,2026-09-15,0001193125-26-393302,https://www.sec.gov/Archives/edgar/data/1163165/000119312526393302/ownership.xml,derivative,2026-09-15,A,Stock Units,270,138.9720,37522.44,96396.105,D,NIBLOCK ROBERT A,,true,false,false,,SEC EDGAR
COF|0001741344-26-000024|nonDerivative|2026-09-15|Karam Celia|S|Common Stock|2017|206.07|D,2026-09-17 04:45:13+0000,COF,CAPITAL ONE FINANCIAL CORP,0000927628,4,2026-09-16,2026-09-15,0001741344-26-000024,https://www.sec.gov/Archives/edgar/data/927628/000174134426000024/wk-form4_1789589175.xml,nonDerivative,2026-09-15,S,Common Stock,2017,206.07,415643.19,57696,D,Karam Celia,"Officer, Pres, Retail Bank",0,1,0,"Pres, Retail Bank",SEC EDGAR
COF|0001741273-26-000020|nonDerivative|2026-09-15|Dean Lia|S|Common Stock|2066|206.07|D,2026-09-17 04:45:13+0000,COF,CAPITAL ONE FINANCIAL CORP,0000927628,4,2026-09-16,2026-09-15,0001741273-26-000020,https://www.sec.gov/Archives/edgar/data/927628/000174127326000020/wk-form4_1789589129.xml,nonDerivative,2026-09-15,S,Common Stock,2066,206.07,425740.62,61195,D,Dean Lia,"Officer, Pres, Banking & Prem. Products",0,1,0,"Pres, Banking & Prem. Products",SEC EDGAR
CNC|0001071739-26-000174|nonDerivative|2026-09-15|PIENKOS THEODORE J|F|Common Stock|1092|69.41|D,2026-09-17 04:45:13+0000,CNC,CENTENE CORP,0001071739,4,2026-09-16,2026-09-15,0001071739-26-000174,https://www.sec.gov/Archives/edgar/data/1071739/000107173926000174/wk-form4_1789592082.xml,nonDerivative,2026-09-15,F,Common Stock,1092,69.41,75795.72,28751.493,D,PIENKOS THEODORE J,"Officer, Corporate Controller & CAO",0,1,0,Corporate Controller & CAO,SEC EDGAR
CHD|0000313927-26-000319|derivative|2026-09-15|Linares Carlos G.|A|Phantom Stock|27.612|94.58|D,2026-09-17 04:45:13+0000,CHD,CHURCH & DWIGHT CO INC /DE/,0000313927,4,2026-09-16,2026-09-15,0000313927-26-000319,https://www.sec.gov/Archives/edgar/data/313927/000031392726000319/form4.xml,derivative,2026-09-15,A,Phantom Stock,27.612,94.58,2611.5429599999998,18159.071,D,Linares Carlos G.,"Officer, EVP Chief Tech&Global New Prod",,1,,EVP Chief Tech&Global New Prod,SEC EDGAR
CHD|0000313927-26-000317|derivative|2026-09-15|Dierker Richard A|A|Phantom Stock|45.728|94.58|D,2026-09-17 04:45:13+0000,CHD,CHURCH & DWIGHT CO INC /DE/,0000313927,4,2026-09-16,2026-09-15,0000313927-26-000317,https://www.sec.gov/Archives/edgar/data/313927/000031392726000317/form4.xml,derivative,2026-09-15,A,Phantom Stock,45.728,94.58,4324.95424,18198.77,D,Dierker Richard A,"Director, Officer, President and CEO",1,1,,President and CEO,SEC EDGAR
CHD|0000313927-26-000315|derivative|2026-09-15|Buchert Brian D|A|Phantom Stock|5.782|94.58|D,2026-09-17 04:45:13+0000,CHD,CHURCH & DWIGHT CO INC /DE/,0000313927,4,2026-09-16,2026-09-15,0000313927-26-000315,https://www.sec.gov/Archives/edgar/data/313927/000031392726000315/form4.xml,derivative,2026-09-15,A,Phantom Stock,5.782,94.58,546.8615599999999,714.871,D,Buchert Brian D,"Officer, EVP of Strategy, M&A, and BP",,1,,"EVP of Strategy, M&A, and BP",SEC EDGAR
BKNG|0001875741-26-000008|nonDerivative|2026-09-15|Pisano Paulo|S|Common Stock|1500|173.02|D,2026-09-17 04:45:13+0000,BKNG,Booking Holdings Inc.,0001075531,4,2026-09-16,2026-09-15,0001875741-26-000008,https://www.sec.gov/Archives/edgar/data/1075531/000187574126000008/form4-09162026_040901.xml,nonDerivative,2026-09-15,S,Common Stock,1500,173.02,259530.00000000003,71900,D,Pisano Paulo,CHIEF HUMAN RESOURCES OFFICER,false,true,false,CHIEF HUMAN RESOURCES OFFICER,SEC EDGAR
AVY|0000008818-26-000150|nonDerivative|2026-09-15|Colisto Nicholas|S|Common Stock|3886|170.6805|D,2026-09-17 04:45:13+0000,AVY,Avery Dennison Corp,0000008818,4,2026-09-16,2026-09-15,0000008818-26-000150,https://www.sec.gov/Archives/edgar/data/8818/000000881826000150/form4.xml,nonDerivative,2026-09-15,S,Common Stock,3886,170.6805,663264.423,7126,D,Colisto Nicholas,"Officer, SVP & CIO",,1,,SVP & CIO,SEC EDGAR
ALB|0000915913-26-000115|nonDerivative|2026-09-14|Norris Eric|A|Common Stock|10867|0|D,2026-09-17 04:45:13+0000,ALB,ALBEMARLE CORP,0000915913,4,2026-09-16,2026-09-14,0000915913-26-000115,https://www.sec.gov/Archives/edgar/data/915913/000091591326000115/wk-form4_1789589873.xml,nonDerivative,2026-09-14,A,Common Stock,10867,0,0.0,64310,D,Norris Eric,"Officer, Chief Commercial Officer",0,1,0,Chief Commercial Officer,SEC EDGAR
ALB|0000915913-26-000114|nonDerivative|2026-09-14|Mummert Mark Richard|A|Common Stock|6086|0|D,2026-09-17 04:45:13+0000,ALB,ALBEMARLE CORP,0000915913,4,2026-09-16,2026-09-14,0000915913-26-000114,https://www.sec.gov/Archives/edgar/data/915913/000091591326000114/wk-form4_1789589839.xml,nonDerivative,2026-09-14,A,Common Stock,6086,0,0.0,23601,D,Mummert Mark Richard,"Officer, Chief Operations Officer",0,1,0,Chief Operations Officer,SEC EDGAR
ALB|0000915913-26-000113|nonDerivative|2026-09-14|Gagarinas Autumn M.|A|Common Stock|5217|0|D,2026-09-17 04:45:13+0000,ALB,ALBEMARLE CORP,0000915913,4,2026-09-16,2026-09-14,0000915913-26-000113,https://www.sec.gov/Archives/edgar/data/915913/000091591326000113/wk-form4_1789589809.xml,nonDerivative,2026-09-14,A,Common Stock,5217,0,0.0,10610,D,Gagarinas Autumn M.,"Officer, Chief People Officer",0,1,0,Chief People Officer,SEC EDGAR
"AFL|0001104659-26-108107|nonDerivative|2026-09-14|Japan Post Holdings Co., Ltd.|S|Common Stock|9545|116.62|I",2026-09-17 04:45:13+0000,AFL,AFLAC INC,0000004977,4,2026-09-16,2026-09-14,0001104659-26-108107,https://www.sec.gov/Archives/edgar/data/4977/000110465926108107/tm2624595-9_4seq1.xml,nonDerivative,2026-09-14,S,Common Stock,9545,116.62,1113137.9000000001,50588645,I,"Japan Post Holdings Co., Ltd.",10% Owner,0,0,1,,SEC EDGAR
"AFL|0001104659-26-108107|nonDerivative|2026-09-14|Japan Post Holdings Co., Ltd.|S|Common Stock|4055|117.02|I",2026-09-17 04:45:13+0000,AFL,AFLAC INC,0000004977,4,2026-09-16,2026-09-14,0001104659-26-108107,https://www.sec.gov/Archives/edgar/data/4977/000110465926108107/tm2624595-9_4seq1.xml,nonDerivative,2026-09-14,S,Common Stock,4055,117.02,474516.1,50584590,I,"Japan Post Holdings Co., Ltd.",10% Owner,0,0,1,,SEC EDGAR
ABNB|0001193125-26-393171|nonDerivative|2026-09-14|Blecharczyk Nathan|C|Class A Common Stock|17692||I,2026-09-17 04:45:13+0000,ABNB,"Airbnb, Inc.",0001559720,4,2026-09-16,2026-09-14,0001193125-26-393171,https://www.sec.gov/Archives/edgar/data/1559720/000119312526393171/ownership.xml,nonDerivative,2026-09-14,C,Class A Common Stock,17692,,,38259,I,Blecharczyk Nathan,Chief Strategy Officer,true,true,true,Chief Strategy Officer,SEC EDGAR
ABNB|0001193125-26-393171|nonDerivative|2026-09-14|Blecharczyk Nathan|G|Class A Common Stock|4077|0|I,2026-09-17 04:45:13+0000,ABNB,"Airbnb, Inc.",0001559720,4,2026-09-16,2026-09-14,0001193125-26-393171,https://www.sec.gov/Archives/edgar/data/1559720/000119312526393171/ownership.xml,nonDerivative,2026-09-14,G,Class A Common Stock,4077,0,0.0,34182,I,Blecharczyk Nathan,Chief Strategy Officer,true,true,true,Chief Strategy Officer,SEC EDGAR
ABNB|0001193125-26-393171|nonDerivative|2026-09-14|Blecharczyk Nathan|S|Class A Common Stock|1270|170.7269|I,2026-09-17 04:45:13+0000,ABNB,"Airbnb, Inc.",0001559720,4,2026-09-16,2026-09-14,0001193125-26-393171,https://www.sec.gov/Archives/edgar/data/1559720/000119312526393171/ownership.xml,nonDerivative,2026-09-14,S,Class A Common Stock,1270,170.7269,216823.163,32912,I,Blecharczyk Nathan,Chief Strategy Officer,true,true,true,Chief Strategy Officer,SEC EDGAR
ABNB|0001193125-26-393171|nonDerivative|2026-09-14|Blecharczyk Nathan|S|Class A Common Stock|1404|171.7024|I,2026-09-17 04:45:13+0000,ABNB,"Airbnb, Inc.",0001559720,4,2026-09-16,2026-09-14,0001193125-26-393171,https://www.sec.gov/Archives/edgar/data/1559720/000119312526393171/ownership.xml,nonDerivative,2026-09-14,S,Class A Common Stock,1404,171.7024,241070.16960000002,31508,I,Blecharczyk Nathan,Chief Strategy Officer,true,true,true,Chief Strategy Officer,SEC EDGAR
ABNB|0001193125-26-393171|nonDerivative|2026-09-14|Blecharczyk Nathan|S|Class A Common Stock|10350|172.6096|I,2026-09-17 04:45:13+0000,ABNB,"Airbnb, Inc.",0001559720,4,2026-09-16,2026-09-14,0001193125-26-393171,https://www.sec.gov/Archives/edgar/data/1559720/000119312526393171/ownership.xml,nonDerivative,2026-09-14,S,Class A Common Stock,10350,172.6096,1786509.36,21158,I,Blecharczyk Nathan,Chief Strategy Officer,true,true,true,Chief Strategy Officer,SEC EDGAR
ABNB|0001193125-26-393171|nonDerivative|2026-09-14|Blecharczyk Nathan|S|Class A Common Stock|591|173.1391|I,2026-09-17 04:45:13+0000,ABNB,"Airbnb, Inc.",0001559720,4,2026-09-16,2026-09-14,0001193125-26-393171,https://www.sec.gov/Archives/edgar/data/1559720/000119312526393171/ownership.xml,nonDerivative,2026-09-14,S,Class A Common Stock,591,173.1391,102325.2081,20567,I,Blecharczyk Nathan,Chief Strategy Officer,true,true,true,Chief Strategy Officer,SEC EDGAR
ABNB|0001193125-26-393171|derivative|2026-09-14|Blecharczyk Nathan|C|Class B Common Stock|17692|0|I,2026-09-17 04:45:13+0000,ABNB,"Airbnb, Inc.",0001559720,4,2026-09-16,2026-09-14,0001193125-26-393171,https://www.sec.gov/Archives/edgar/data/1559720/000119312526393171/ownership.xml,derivative,2026-09-14,C,Class B Common Stock,17692,0,0.0,44384164,I,Blecharczyk Nathan,Chief Strategy Officer,true,true,true,Chief Strategy Officer,SEC EDGAR
ZBH|0001783992-26-000006|nonDerivative|2026-09-11|Thornal Kevin R|S|Common Stock|5691|92.95|D,2026-09-17 04:45:13+0000,ZBH,"ZIMMER BIOMET HOLDINGS, INC.",0001136869,4,2026-09-15,2026-09-11,0001783992-26-000006,https://www.sec.gov/Archives/edgar/data/1136869/000178399226000006/form4-09152026_080921.xml,nonDerivative,2026-09-11,S,Common Stock,5691,92.95,528978.4500000001,0,D,Thornal Kevin R,Grp Pres-Global Business,false,true,false,Grp Pres-Global Business,SEC EDGAR
XYZ|0001628280-26-062107|nonDerivative|2026-09-11|Eisen Anthony Mathew|S|Class A  Common Stock|6000|79.96|D,2026-09-17 04:45:13+0000,XYZ,"Block, Inc.",0001512673,4,2026-09-15,2026-09-11,0001628280-26-062107,https://www.sec.gov/Archives/edgar/data/1512673/000162828026062107/wk-form4_1789510278.xml,nonDerivative,2026-09-11,S,Class A  Common Stock,6000,79.96,479759.99999999994,1410672,D,Eisen Anthony Mathew,Director,1,0,0,,SEC EDGAR
XYZ|0001628280-26-062107|nonDerivative|2026-09-14|Eisen Anthony Mathew|S|Class A  Common Stock|6000|78.96|D,2026-09-17 04:45:13+0000,XYZ,"Block, Inc.",0001512673,4,2026-09-15,2026-09-11,0001628280-26-062107,https://www.sec.gov/Archives/edgar/data/1512673/000162828026062107/wk-form4_1789510278.xml,nonDerivative,2026-09-14,S,Class A  Common Stock,6000,78.96,473759.99999999994,1404672,D,Eisen Anthony Mathew,Director,1,0,0,,SEC EDGAR
XYZ|0001628280-26-062107|nonDerivative|2026-09-15|Eisen Anthony Mathew|S|Class A  Common Stock|6000|79.31|D,2026-09-17 04:45:13+0000,XYZ,"Block, Inc.",0001512673,4,2026-09-15,2026-09-11,0001628280-26-062107,https://www.sec.gov/Archives/edgar/data/1512673/000162828026062107/wk-form4_1789510278.xml,nonDerivative,2026-09-15,S,Class A  Common Stock,6000,79.31,475860.0,1398672,D,Eisen Anthony Mathew,Director,1,0,0,,SEC EDGAR
WST|0000105770-26-000110|nonDerivative|2026-09-11|Favorite Annette F|M|Common Stock|2500|89.64|D,2026-09-17 04:45:13+0000,WST,WEST PHARMACEUTICAL SERVICES INC,0000105770,4,2026-09-15,2026-09-11,0000105770-26-000110,https://www.sec.gov/Archives/edgar/data/105770/000010577026000110/wk-form4_1789504664.xml,nonDerivative,2026-09-11,M,Common Stock,2500,89.64,224100.0,24317.8098,D,Favorite Annette F,"Officer, Sr. VP & Chief HR Officer",0,1,0,Sr. VP & Chief HR Officer,SEC EDGAR
WST|0000105770-26-000110|nonDerivative|2026-09-11|Favorite Annette F|S|Common Stock|2500|345|D,2026-09-17 04:45:13+0000,WST,WEST PHARMACEUTICAL SERVICES INC,0000105770,4,2026-09-15,2026-09-11,0000105770-26-000110,https://www.sec.gov/Archives/edgar/data/105770/000010577026000110/wk-form4_1789504664.xml,nonDerivative,2026-09-11,S,Common Stock,2500,345,862500.0,21817.8098,D,Favorite Annette F,"Officer, Sr. VP & Chief HR Officer",0,1,0,Sr. VP & Chief HR Officer,SEC EDGAR
WST|0000105770-26-000110|nonDerivative|2026-09-14|Favorite Annette F|M|Common Stock|2500|89.64|D,2026-09-17 04:45:13+0000,WST,WEST PHARMACEUTICAL SERVICES INC,0000105770,4,2026-09-15,2026-09-11,0000105770-26-000110,https://www.sec.gov/Archives/edgar/data/105770/000010577026000110/wk-form4_1789504664.xml,nonDerivative,2026-09-14,M,Common Stock,2500,89.64,224100.0,24317.8098,D,Favorite Annette F,"Officer, Sr. VP & Chief HR Officer",0,1,0,Sr. VP & Chief HR Officer,SEC EDGAR
WST|0000105770-26-000110|nonDerivative|2026-09-14|Favorite Annette F|S|Common Stock|2500|355|D,2026-09-17 04:45:13+0000,WST,WEST PHARMACEUTICAL SERVICES INC,0000105770,4,2026-09-15,2026-09-11,0000105770-26-000110,https://www.sec.gov/Archives/edgar/data/105770/000010577026000110/wk-form4_1789504664.xml,nonDerivative,2026-09-14,S,Common Stock,2500,355,887500.0,21817.8098,D,Favorite Annette F,"Officer, Sr. VP & Chief HR Officer",0,1,0,Sr. VP & Chief HR Officer,SEC EDGAR
WST|0000105770-26-000110|nonDerivative|2026-09-15|Favorite Annette F|M|Common Stock|2524|89.64|D,2026-09-17 04:45:13+0000,WST,WEST PHARMACEUTICAL SERVICES INC,0000105770,4,2026-09-15,2026-09-11,0000105770-26-000110,https://www.sec.gov/Archives/edgar/data/105770/000010577026000110/wk-form4_1789504664.xml,nonDerivative,2026-09-15,M,Common Stock,2524,89.64,226251.36000000002,24341.8098,D,Favorite Annette F,"Officer, Sr. VP & Chief HR Officer",0,1,0,Sr. VP & Chief HR Officer,SEC EDGAR
WST|0000105770-26-000110|nonDerivative|2026-09-15|Favorite Annette F|S|Common Stock|2524|365|D,2026-09-17 04:45:13+0000,WST,WEST PHARMACEUTICAL SERVICES INC,0000105770,4,2026-09-15,2026-09-11,0000105770-26-000110,https://www.sec.gov/Archives/edgar/data/105770/000010577026000110/wk-form4_1789504664.xml,nonDerivative,2026-09-15,S,Common Stock,2524,365,921260.0,21817.8098,D,Favorite Annette F,"Officer, Sr. VP & Chief HR Officer",0,1,0,Sr. VP & Chief HR Officer,SEC EDGAR
WST|0000105770-26-000110|derivative|2026-09-11|Favorite Annette F|M|Stock Option (Right to Buy)|2500|0|D,2026-09-17 04:45:13+0000,WST,WEST PHARMACEUTICAL SERVICES INC,0000105770,4,2026-09-15,2026-09-11,0000105770-26-000110,https://www.sec.gov/Archives/edgar/data/105770/000010577026000110/wk-form4_1789504664.xml,derivative,2026-09-11,M,Stock Option (Right to Buy),2500,0,0.0,5024,D,Favorite Annette F,"Officer, Sr. VP & Chief HR Officer",0,1,0,Sr. VP & Chief HR Officer,SEC EDGAR
WST|0000105770-26-000110|derivative|2026-09-14|Favorite Annette F|M|Stock Option (Right to Buy)|2500|0|D,2026-09-17 04:45:13+0000,WST,WEST PHARMACEUTICAL SERVICES INC,0000105770,4,2026-09-15,2026-09-11,0000105770-26-000110,https://www.sec.gov/Archives/edgar/data/105770/000010577026000110/wk-form4_1789504664.xml,derivative,2026-09-14,M,Stock Option (Right to Buy),2500,0,0.0,2524,D,Favorite Annette F,"Officer, Sr. VP & Chief HR Officer",0,1,0,Sr. VP & Chief HR Officer,SEC EDGAR
WST|0000105770-26-000110|derivative|2026-09-15|Favorite Annette F|M|Stock Option (Right to Buy)|2524|0|D,2026-09-17 04:45:13+0000,WST,WEST PHARMACEUTICAL SERVICES INC,0000105770,4,2026-09-15,2026-09-11,0000105770-26-000110,https://www.sec.gov/Archives/edgar/data/105770/000010577026000110/wk-form4_1789504664.xml,derivative,2026-09-15,M,Stock Option (Right to Buy),2524,0,0.0,0,D,Favorite Annette F,"Officer, Sr. VP & Chief HR Officer",0,1,0,Sr. VP & Chief HR Officer,SEC EDGAR
WSM|0000719955-26-000210|nonDerivative|2026-09-12|Howie Jeffrey|M|Common Stock|6984|0|D,2026-09-17 04:45:13+0000,WSM,WILLIAMS SONOMA INC,0000719955,4,2026-09-15,2026-09-12,0000719955-26-000210,https://www.sec.gov/Archives/edgar/data/719955/000071995526000210/form4.xml,nonDerivative,2026-09-12,M,Common Stock,6984,0,0.0,41122,D,Howie Jeffrey,"Officer, EVP CHIEF FINANCIAL OFFICER",,1,,EVP CHIEF FINANCIAL OFFICER,SEC EDGAR
WSM|0000719955-26-000210|nonDerivative|2026-09-12|Howie Jeffrey|F|Common Stock|3939|226.23|D,2026-09-17 04:45:13+0000,WSM,WILLIAMS SONOMA INC,0000719955,4,2026-09-15,2026-09-12,0000719955-26-000210,https://www.sec.gov/Archives/edgar/data/719955/000071995526000210/form4.xml,nonDerivative,2026-09-12,F,Common Stock,3939,226.23,891119.97,37183,D,Howie Jeffrey,"Officer, EVP CHIEF FINANCIAL OFFICER",,1,,EVP CHIEF FINANCIAL OFFICER,SEC EDGAR
WSM|0000719955-26-000210|derivative|2026-09-12|Howie Jeffrey|M|Restricted Stock Units|6984|0|D,2026-09-17 04:45:13+0000,WSM,WILLIAMS SONOMA INC,0000719955,4,2026-09-15,2026-09-12,0000719955-26-000210,https://www.sec.gov/Archives/edgar/data/719955/000071995526000210/form4.xml,derivative,2026-09-12,M,Restricted Stock Units,6984,0,0.0,0,D,Howie Jeffrey,"Officer, EVP CHIEF FINANCIAL OFFICER",,1,,EVP CHIEF FINANCIAL OFFICER,SEC EDGAR
UBER|0001775297-26-000012|nonDerivative|2026-09-11|Hazelbaker Jill|S|Common Stock|28170.00|71.3054|D,2026-09-17 04:45:13+0000,UBER,"Uber Technologies, Inc",0001543151,4,2026-09-15,2026-09-11,0001775297-26-000012,https://www.sec.gov/Archives/edgar/data/1543151/000177529726000012/primarydocument.xml,nonDerivative,2026-09-11,S,Common Stock,28170.00,71.3054,2008673.1180000002,149525.00,D,Hazelbaker Jill,See Remarks,false,true,false,See Remarks,SEC EDGAR
TPL|0001437749-26-030425|nonDerivative|2026-09-14|HORIZON KINETICS ASSET MANAGEMENT LLC|P|Common Stock|1|371.73|D,2026-09-17 04:45:13+0000,TPL,Texas Pacific Land Corp,0001811074,4,2026-09-15,2026-09-14,0001437749-26-030425,https://www.sec.gov/Archives/edgar/data/1811074/000143774926030425/rdgdoc.xml,nonDerivative,2026-09-14,P,Common Stock,1,371.73,371.73,3390846,D,HORIZON KINETICS ASSET MANAGEMENT LLC,10% Owner,,,1,,SEC EDGAR
TKO|0001193125-26-392290|nonDerivative|2026-09-14|Khan Nick|S|Class A Common Stock|1333|193.13|D,2026-09-17 04:45:13+0000,TKO,"TKO Group Holdings, Inc.",0001973266,4,2026-09-15,2026-09-14,0001193125-26-392290,https://www.sec.gov/Archives/edgar/data/1973266/000119312526392290/ownership.xml,nonDerivative,2026-09-14,S,Class A Common Stock,1333,193.13,257442.29,38007,D,Khan Nick,,true,false,false,,SEC EDGAR
TKO|0001193125-26-392290|nonDerivative|2026-09-14|Khan Nick|S|Class A Common Stock|4256|194.12|D,2026-09-17 04:45:13+0000,TKO,"TKO Group Holdings, Inc.",0001973266,4,2026-09-15,2026-09-14,0001193125-26-392290,https://www.sec.gov/Archives/edgar/data/1973266/000119312526392290/ownership.xml,nonDerivative,2026-09-14,S,Class A Common Stock,4256,194.12,826174.72,33751,D,Khan Nick,,true,false,false,,SEC EDGAR
TKO|0001193125-26-392290|nonDerivative|2026-09-14|Khan Nick|S|Class A Common Stock|1421|194.99|D,2026-09-17 04:45:13+0000,TKO,"TKO Group Holdings, Inc.",0001973266,4,2026-09-15,2026-09-14,0001193125-26-392290,https://www.sec.gov/Archives/edgar/data/1973266/000119312526392290/ownership.xml,nonDerivative,2026-09-14,S,Class A Common Stock,1421,194.99,277080.79000000004,32330,D,Khan Nick,,true,false,false,,SEC EDGAR
TKO|0001193125-26-392290|nonDerivative|2026-09-14|Khan Nick|S|Class A Common Stock|1279|195.95|D,2026-09-17 04:45:13+0000,TKO,"TKO Group Holdings, Inc.",0001973266,4,2026-09-15,2026-09-14,0001193125-26-392290,https://www.sec.gov/Archives/edgar/data/1973266/000119312526392290/ownership.xml,nonDerivative,2026-09-14,S,Class A Common Stock,1279,195.95,250620.05,31051,D,Khan Nick,,true,false,false,,SEC EDGAR
TKO|0001193125-26-392290|nonDerivative|2026-09-14|Khan Nick|S|Class A Common Stock|1200|197.12|D,2026-09-17 04:45:13+0000,TKO,"TKO Group Holdings, Inc.",0001973266,4,2026-09-15,2026-09-14,0001193125-26-392290,https://www.sec.gov/Archives/edgar/data/1973266/000119312526392290/ownership.xml,nonDerivative,2026-09-14,S,Class A Common Stock,1200,197.12,236544.0,29851,D,Khan Nick,,true,false,false,,SEC EDGAR
TKO|0001193125-26-392290|nonDerivative|2026-09-14|Khan Nick|S|Class A Common Stock|100|197.64|D,2026-09-17 04:45:13+0000,TKO,"TKO Group Holdings, Inc.",0001973266,4,2026-09-15,2026-09-14,0001193125-26-392290,https://www.sec.gov/Archives/edgar/data/1973266/000119312526392290/ownership.xml,nonDerivative,2026-09-14,S,Class A Common Stock,100,197.64,19764.0,29751,D,Khan Nick,,true,false,false,,SEC EDGAR
TKO|0001193125-26-392289|nonDerivative|2026-09-12|Emanuel Ariel|M|Class A Common Stock|97041|0|D,2026-09-17 04:45:13+0000,TKO,"TKO Group Holdings, Inc.",0001973266,4,2026-09-15,2026-09-12,0001193125-26-392289,https://www.sec.gov/Archives/edgar/data/1973266/000119312526392289/ownership.xml,nonDerivative,2026-09-12,M,Class A Common Stock,97041,0,0.0,271375,D,Emanuel Ariel,Chief Executive Officer,true,true,false,Chief Executive Officer,SEC EDGAR
TKO|0001193125-26-392289|nonDerivative|2026-09-14|Emanuel Ariel|F|Class A Common Stock|49481|190.31|D,2026-09-17 04:45:13+0000,TKO,"TKO Group Holdings, Inc.",0001973266,4,2026-09-15,2026-09-12,0001193125-26-392289,https://www.sec.gov/Archives/edgar/data/1973266/000119312526392289/ownership.xml,nonDerivative,2026-09-14,F,Class A Common Stock,49481,190.31,9416729.11,221894,D,Emanuel Ariel,Chief Executive Officer,true,true,false,Chief Executive Officer,SEC EDGAR
TKO|0001193125-26-392289|derivative|2026-09-12|Emanuel Ariel|M|Restricted Stock Unit|97041|0.00|D,2026-09-17 04:45:13+0000,TKO,"TKO Group Holdings, Inc.",0001973266,4,2026-09-15,2026-09-12,0001193125-26-392289,https://www.sec.gov/Archives/edgar/data/1973266/000119312526392289/ownership.xml,derivative,2026-09-12,M,Restricted Stock Unit,97041,0.00,0.0,97041,D,Emanuel Ariel,Chief Executive Officer,true,true,false,Chief Executive Officer,SEC EDGAR
SYY|0001861524-26-000013|nonDerivative|2026-09-11|Phillips Ronald L|M|Common Stock|960|69.95|D,2026-09-17 04:45:13+0000,SYY,SYSCO CORP,0000096021,4,2026-09-15,2026-09-11,0001861524-26-000013,https://www.sec.gov/Archives/edgar/data/96021/000186152426000013/wk-form4_1789506637.xml,nonDerivative,2026-09-11,M,Common Stock,960,69.95,67152.0,50811.664,D,Phillips Ronald L,"Officer, EVP and CHRO",0,1,0,EVP and CHRO,SEC EDGAR
SYY|0001861524-26-000013|nonDerivative|2026-09-11|Phillips Ronald L|S|Common Stock|960|83|D,2026-09-17 04:45:13+0000,SYY,SYSCO CORP,0000096021,4,2026-09-15,2026-09-11,0001861524-26-000013,https://www.sec.gov/Archives/edgar/data/96021/000186152426000013/wk-form4_1789506637.xml,nonDerivative,2026-09-11,S,Common Stock,960,83,79680.0,49851.664,D,Phillips Ronald L,"Officer, EVP and CHRO",0,1,0,EVP and CHRO,SEC EDGAR
SYY|0001861524-26-000013|nonDerivative|2026-09-11|Phillips Ronald L|F|Common Stock|149|82.31|D,2026-09-17 04:45:13+0000,SYY,SYSCO CORP,0000096021,4,2026-09-15,2026-09-11,0001861524-26-000013,https://www.sec.gov/Archives/edgar/data/96021/000186152426000013/wk-form4_1789506637.xml,nonDerivative,2026-09-11,F,Common Stock,149,82.31,12264.19,49702.664,D,Phillips Ronald L,"Officer, EVP and CHRO",0,1,0,EVP and CHRO,SEC EDGAR
SYY|0001861524-26-000013|nonDerivative|2026-09-14|Phillips Ronald L|S|Common Stock|57|84.32|D,2026-09-17 04:45:13+0000,SYY,SYSCO CORP,0000096021,4,2026-09-15,2026-09-11,0001861524-26-000013,https://www.sec.gov/Archives/edgar/data/96021/000186152426000013/wk-form4_1789506637.xml,nonDerivative,2026-09-14,S,Common Stock,57,84.32,4806.24,49645.664,D,Phillips Ronald L,"Officer, EVP and CHRO",0,1,0,EVP and CHRO,SEC EDGAR
SYY|0001861524-26-000013|derivative|2026-09-11|Phillips Ronald L|M|Stock Options (Right to buy)|960|0|D,2026-09-17 04:45:13+0000,SYY,SYSCO CORP,0000096021,4,2026-09-15,2026-09-11,0001861524-26-000013,https://www.sec.gov/Archives/edgar/data/96021/000186152426000013/wk-form4_1789506637.xml,derivative,2026-09-11,M,Stock Options (Right to buy),960,0,0.0,1,D,Phillips Ronald L,"Officer, EVP and CHRO",0,1,0,EVP and CHRO,SEC EDGAR
SYY|0001768282-26-000011|nonDerivative|2026-09-11|Keller Gregory Scott|F|Common Stock|62|82.31|D,2026-09-17 04:45:13+0000,SYY,SYSCO CORP,0000096021,4,2026-09-15,2026-09-11,0001768282-26-000011,https://www.sec.gov/Archives/edgar/data/96021/000176828226000011/wk-form4_1789506676.xml,nonDerivative,2026-09-11,F,Common Stock,62,82.31,5103.22,38672.809,D,Keller Gregory Scott,"Officer, EVP",0,1,0,EVP,SEC EDGAR
SYY|0002120465-26-000016|nonDerivative|2026-09-11|Higgs Stephen Dale|F|Common Stock|176|82.31|D,2026-09-17 04:45:13+0000,SYY,SYSCO CORP,0000096021,4,2026-09-15,2026-09-11,0002120465-26-000016,https://www.sec.gov/Archives/edgar/data/96021/000212046526000016/wk-form4_1789506692.xml,nonDerivative,2026-09-11,F,Common Stock,176,82.31,14486.560000000001,23709.18,D,Higgs Stephen Dale,"Officer, SVP",0,1,0,SVP,SEC EDGAR
SYY|0002095080-26-000011|nonDerivative|2026-09-11|Garrett Brenna C|F|Common Stock|47|82.31|D,2026-09-17 04:45:13+0000,SYY,SYSCO CORP,0000096021,4,2026-09-15,2026-09-11,0002095080-26-000011,https://www.sec.gov/Archives/edgar/data/96021/000209508026000011/wk-form4_1789506656.xml,nonDerivative,2026-09-11,F,Common Stock,47,82.31,3868.57,18415.135,D,Garrett Brenna C,"Officer, SVP, CCO",0,1,0,"SVP, CCO",SEC EDGAR
STX|0001137789-26-000244|nonDerivative|2026-09-11|Teh Ban Seng|M|Ordinary Shares|989|0|D,2026-09-17 04:45:13+0000,STX,Seagate Technology Holdings plc,0001137789,4,2026-09-15,2026-09-11,0001137789-26-000244,https://www.sec.gov/Archives/edgar/data/1137789/000113778926000244/wk-form4_1789503365.xml,nonDerivative,2026-09-11,M,Ordinary Shares,989,0,0.0,6799,D,Teh Ban Seng,"Officer, EVP & Chief Commercial Officer",0,1,0,EVP & Chief Commercial Officer,SEC EDGAR
STX|0001137789-26-000244|nonDerivative|2026-09-14|Teh Ban Seng|S|Ordinary Shares|989|779|D,2026-09-17 04:45:13+0000,STX,Seagate Technology Holdings plc,0001137789,4,2026-09-15,2026-09-11,0001137789-26-000244,https://www.sec.gov/Archives/edgar/data/1137789/000113778926000244/wk-form4_1789503365.xml,nonDerivative,2026-09-14,S,Ordinary Shares,989,779,770431.0,5810,D,Teh Ban Seng,"Officer, EVP & Chief Commercial Officer",0,1,0,EVP & Chief Commercial Officer,SEC EDGAR
STX|0001137789-26-000244|derivative|2026-09-11|Teh Ban Seng|M|Restricted Share Unit|989|0|D,2026-09-17 04:45:13+0000,STX,Seagate Technology Holdings plc,0001137789,4,2026-09-15,2026-09-11,0001137789-26-000244,https://www.sec.gov/Archives/edgar/data/1137789/000113778926000244/wk-form4_1789503365.xml,derivative,2026-09-11,M,Restricted Share Unit,989,0,0.0,3956,D,Teh Ban Seng,"Officer, EVP & Chief Commercial Officer",0,1,0,EVP & Chief Commercial Officer,SEC EDGAR
STX|0001137789-26-000241|nonDerivative|2026-09-11|Romano Gianluca|S|Ordinary Shares|200|844.8066|D,2026-09-17 04:45:13+0000,STX,Seagate Technology Holdings plc,0001137789,4,2026-09-15,2026-09-11,0001137789-26-000241,https://www.sec.gov/Archives/edgar/data/1137789/000113778926000241/wk-form4_1789503349.xml,nonDerivative,2026-09-11,S,Ordinary Shares,200,844.8066,168961.32,34020,D,Romano Gianluca,"Officer, EVP & CFO",0,1,0,EVP & CFO,SEC EDGAR
STX|0001137789-26-000241|nonDerivative|2026-09-11|Romano Gianluca|S|Ordinary Shares|200|846.9391|D,2026-09-17 04:45:13+0000,STX,Seagate Technology Holdings plc,0001137789,4,2026-09-15,2026-09-11,0001137789-26-000241,https://www.sec.gov/Archives/edgar/data/1137789/000113778926000241/wk-form4_1789503349.xml,nonDerivative,2026-09-11,S,Ordinary Shares,200,846.9391,169387.82,33820,D,Romano Gianluca,"Officer, EVP & CFO",0,1,0,EVP & CFO,SEC EDGAR
STX|0001137789-26-000241|nonDerivative|2026-09-11|Romano Gianluca|S|Ordinary Shares|320|847.975|D,2026-09-17 04:45:13+0000,STX,Seagate Technology Holdings plc,0001137789,4,2026-09-15,2026-09-11,0001137789-26-000241,https://www.sec.gov/Archives/edgar/data/1137789/000113778926000241/wk-form4_1789503349.xml,nonDerivative,2026-09-11,S,Ordinary Shares,320,847.975,271352.0,33500,D,Romano Gianluca,"Officer, EVP & CFO",0,1,0,EVP & CFO,SEC EDGAR
STX|0001137789-26-000241|nonDerivative|2026-09-11|Romano Gianluca|S|Ordinary Shares|560|849.5343|D,2026-09-17 04:45:13+0000,STX,Seagate Technology Holdings plc,0001137789,4,2026-09-15,2026-09-11,0001137789-26-000241,https://www.sec.gov/Archives/edgar/data/1137789/000113778926000241/wk-form4_1789503349.xml,nonDerivative,2026-09-11,S,Ordinary Shares,560,849.5343,475739.20800000004,32940,D,Romano Gianluca,"Officer, EVP & CFO",0,1,0,EVP & CFO,SEC EDGAR
STX|0001137789-26-000241|nonDerivative|2026-09-11|Romano Gianluca|S|Ordinary Shares|80|849.87|D,2026-09-17 04:45:13+0000,STX,Seagate Technology Holdings plc,0001137789,4,2026-09-15,2026-09-11,0001137789-26-000241,https://www.sec.gov/Archives/edgar/data/1137789/000113778926000241/wk-form4_1789503349.xml,nonDerivative,2026-09-11,S,Ordinary Shares,80,849.87,67989.6,32860,D,Romano Gianluca,"Officer, EVP & CFO",0,1,0,EVP & CFO,SEC EDGAR
STX|0001137789-26-000241|nonDerivative|2026-09-11|Romano Gianluca|S|Ordinary Shares|320|851.445|D,2026-09-17 04:45:13+0000,STX,Seagate Technology Holdings plc,0001137789,4,2026-09-15,2026-09-11,0001137789-26-000241,https://www.sec.gov/Archives/edgar/data/1137789/000113778926000241/wk-form4_1789503349.xml,nonDerivative,2026-09-11,S,Ordinary Shares,320,851.445,272462.4,32540,D,Romano Gianluca,"Officer, EVP & CFO",0,1,0,EVP & CFO,SEC EDGAR
STX|0001137789-26-000241|nonDerivative|2026-09-11|Romano Gianluca|S|Ordinary Shares|640|852.8725|D,2026-09-17 04:45:13+0000,STX,Seagate Technology Holdings plc,0001137789,4,2026-09-15,2026-09-11,0001137789-26-000241,https://www.sec.gov/Archives/edgar/data/1137789/000113778926000241/wk-form4_1789503349.xml,nonDerivative,2026-09-11,S,Ordinary Shares,640,852.8725,545838.3999999999,31900,D,Romano Gianluca,"Officer, EVP & CFO",0,1,0,EVP & CFO,SEC EDGAR
STX|0001137789-26-000241|nonDerivative|2026-09-11|Romano Gianluca|S|Ordinary Shares|680|854.4147|D,2026-09-17 04:45:13+0000,STX,Seagate Technology Holdings plc,0001137789,4,2026-09-15,2026-09-11,0001137789-26-000241,https://www.sec.gov/Archives/edgar/data/1137789/000113778926000241/wk-form4_1789503349.xml,nonDerivative,2026-09-11,S,Ordinary Shares,680,854.4147,581001.996,31220,D,Romano Gianluca,"Officer, EVP & CFO",0,1,0,EVP & CFO,SEC EDGAR
STX|0001137789-26-000241|nonDerivative|2026-09-11|Romano Gianluca|S|Ordinary Shares|240|855.72|D,2026-09-17 04:45:13+0000,STX,Seagate Technology Holdings plc,0001137789,4,2026-09-15,2026-09-11,0001137789-26-000241,https://www.sec.gov/Archives/edgar/data/1137789/000113778926000241/wk-form4_1789503349.xml,nonDerivative,2026-09-11,S,Ordinary Shares,240,855.72,205372.80000000002,30980,D,Romano Gianluca,"Officer, EVP & CFO",0,1,0,EVP & CFO,SEC EDGAR
STX|0001137789-26-000241|nonDerivative|2026-09-11|Romano Gianluca|S|Ordinary Shares|240|857.4067|D,2026-09-17 04:45:13+0000,STX,Seagate Technology Holdings plc,0001137789,4,2026-09-15,2026-09-11,0001137789-26-000241,https://www.sec.gov/Archives/edgar/data/1137789/000113778926000241/wk-form4_1789503349.xml,nonDerivative,2026-09-11,S,Ordinary Shares,240,857.4067,205777.608,30740,D,Romano Gianluca,"Officer, EVP & CFO",0,1,0,EVP & CFO,SEC EDGAR
STX|0001137789-26-000241|nonDerivative|2026-09-11|Romano Gianluca|S|Ordinary Shares|280|860.4714|D,2026-09-17 04:45:13+0000,STX,Seagate Technology Holdings plc,0001137789,4,2026-09-15,2026-09-11,0001137789-26-000241,https://www.sec.gov/Archives/edgar/data/1137789/000113778926000241/wk-form4_1789503349.xml,nonDerivative,2026-09-11,S,Ordinary Shares,280,860.4714,240931.992,30460,D,Romano Gianluca,"Officer, EVP & CFO",0,1,0,EVP & CFO,SEC EDGAR
STX|0001137789-26-000241|nonDerivative|2026-09-11|Romano Gianluca|S|Ordinary Shares|280|861.07|D,2026-09-17 04:45:13+0000,STX,Seagate Technology Holdings plc,0001137789,4,2026-09-15,2026-09-11,0001137789-26-000241,https://www.sec.gov/Archives/edgar/data/1137789/000113778926000241/wk-form4_1789503349.xml,nonDerivative,2026-09-11,S,Ordinary Shares,280,861.07,241099.6,30180,D,Romano Gianluca,"Officer, EVP & CFO",0,1,0,EVP & CFO,SEC EDGAR
STX|0001137789-26-000241|nonDerivative|2026-09-11|Romano Gianluca|S|Ordinary Shares|320|864.4125|D,2026-09-17 04:45:13+0000,STX,Seagate Technology Holdings plc,0001137789,4,2026-09-15,2026-09-11,0001137789-26-000241,https://www.sec.gov/Archives/edgar/data/1137789/000113778926000241/wk-form4_1789503349.xml,nonDerivative,2026-09-11,S,Ordinary Shares,320,864.4125,276612.0,29860,D,Romano Gianluca,"Officer, EVP & CFO",0,1,0,EVP & CFO,SEC EDGAR
STX|0001137789-26-000241|nonDerivative|2026-09-11|Romano Gianluca|S|Ordinary Shares|240|868.43|D,2026-09-17 04:45:13+0000,STX,Seagate Technology Holdings plc,0001137789,4,2026-09-15,2026-09-11,0001137789-26-000241,https://www.sec.gov/Archives/edgar/data/1137789/000113778926000241/wk-form4_1789503349.xml,nonDerivative,2026-09-11,S,Ordinary Shares,240,868.43,208423.19999999998,29620,D,Romano Gianluca,"Officer, EVP & CFO",0,1,0,EVP & CFO,SEC EDGAR
STX|0001137789-26-000241|nonDerivative|2026-09-11|Romano Gianluca|M|Ordinary Shares|1695|0|D,2026-09-17 04:45:13+0000,STX,Seagate Technology Holdings plc,0001137789,4,2026-09-15,2026-09-11,0001137789-26-000241,https://www.sec.gov/Archives/edgar/data/1137789/000113778926000241/wk-form4_1789503349.xml,nonDerivative,2026-09-11,M,Ordinary Shares,1695,0,0.0,31315,D,Romano Gianluca,"Officer, EVP & CFO",0,1,0,EVP & CFO,SEC EDGAR
STX|0001137789-26-000241|nonDerivative|2026-09-14|Romano Gianluca|S|Ordinary Shares|955|781.2429|D,2026-09-17 04:45:13+0000,STX,Seagate Technology Holdings plc,0001137789,4,2026-09-15,2026-09-11,0001137789-26-000241,https://www.sec.gov/Archives/edgar/data/1137789/000113778926000241/wk-form4_1789503349.xml,nonDerivative,2026-09-14,S,Ordinary Shares,955,781.2429,746086.9695,30360,D,Romano Gianluca,"Officer, EVP & CFO",0,1,0,EVP & CFO,SEC EDGAR
STX|0001137789-26-000241|derivative|2026-09-11|Romano Gianluca|M|Restricted Share Unit|1695|0|D,2026-09-17 04:45:13+0000,STX,Seagate Technology Holdings plc,0001137789,4,2026-09-15,2026-09-11,0001137789-26-000241,https://www.sec.gov/Archives/edgar/data/1137789/000113778926000241/wk-form4_1789503349.xml,derivative,2026-09-11,M,Restricted Share Unit,1695,0,0.0,6780,D,Romano Gianluca,"Officer, EVP & CFO",0,1,0,EVP & CFO,SEC EDGAR
STX|0001137789-26-000240|nonDerivative|2026-09-11|Romano Gianluca|M|Ordinary Shares|8517|68.83|D,2026-09-17 04:45:13+0000,STX,Seagate Technology Holdings plc,0001137789,4,2026-09-15,2026-09-11,0001137789-26-000240,https://www.sec.gov/Archives/edgar/data/1137789/000113778926000240/wk-form4_1789503341.xml,nonDerivative,2026-09-11,M,Ordinary Shares,8517,68.83,586225.11,38137,D,Romano Gianluca,"Officer, EVP & CFO",0,1,0,EVP & CFO,SEC EDGAR
STX|0001137789-26-000240|nonDerivative|2026-09-11|Romano Gianluca|M|Ordinary Shares|15067|64.31|D,2026-09-17 04:45:13+0000,STX,Seagate Technology Holdings plc,0001137789,4,2026-09-15,2026-09-11,0001137789-26-000240,https://www.sec.gov/Archives/edgar/data/1137789/000113778926000240/wk-form4_1789503341.xml,nonDerivative,2026-09-11,M,Ordinary Shares,15067,64.31,968958.77,53204,D,Romano Gianluca,"Officer, EVP & CFO",0,1,0,EVP & CFO,SEC EDGAR
STX|0001137789-26-000240|nonDerivative|2026-09-11|Romano Gianluca|M|Ordinary Shares|13475|101.34|D,2026-09-17 04:45:13+0000,STX,Seagate Technology Holdings plc,0001137789,4,2026-09-15,2026-09-11,0001137789-26-000240,https://www.sec.gov/Archives/edgar/data/1137789/000113778926000240/wk-form4_1789503341.xml,nonDerivative,2026-09-11,M,Ordinary Shares,13475,101.34,1365556.5,66679,D,Romano Gianluca,"Officer, EVP & CFO",0,1,0,EVP & CFO,SEC EDGAR
STX|0001137789-26-000240|nonDerivative|2026-09-11|Romano Gianluca|M|Ordinary Shares|13439|158.40|D,2026-09-17 04:45:13+0000,STX,Seagate Technology Holdings plc,0001137789,4,2026-09-15,2026-09-11,0001137789-26-000240,https://www.sec.gov/Archives/edgar/data/1137789/000113778926000240/wk-form4_1789503341.xml,nonDerivative,2026-09-11,M,Ordinary Shares,13439,158.40,2128737.6,80118,D,Romano Gianluca,"Officer, EVP & CFO",0,1,0,EVP & CFO,SEC EDGAR
STX|0001137789-26-000240|nonDerivative|2026-09-11|Romano Gianluca|S|Ordinary Shares|1040|819.3885|D,2026-09-17 04:45:13+0000,STX,Seagate Technology Holdings plc,0001137789,4,2026-09-15,2026-09-11,0001137789-26-000240,https://www.sec.gov/Archives/edgar/data/1137789/000113778926000240/wk-form4_1789503341.xml,nonDerivative,2026-09-11,S,Ordinary Shares,1040,819.3885,852164.04,79078,D,Romano Gianluca,"Officer, EVP & CFO",0,1,0,EVP & CFO,SEC EDGAR
STX|0001137789-26-000240|nonDerivative|2026-09-11|Romano Gianluca|S|Ordinary Shares|1320|820.5433|D,2026-09-17 04:45:13+0000,STX,Seagate Technology Holdings plc,0001137789,4,2026-09-15,2026-09-11,0001137789-26-000240,https://www.sec.gov/Archives/edgar/data/1137789/000113778926000240/wk-form4_1789503341.xml,nonDerivative,2026-09-11,S,Ordinary Shares,1320,820.5433,1083117.156,77758,D,Romano Gianluca,"Officer, EVP & CFO",0,1,0,EVP & CFO,SEC EDGAR
STX|0001137789-26-000240|nonDerivative|2026-09-11|Romano Gianluca|S|Ordinary Shares|1550|821.4165|D,2026-09-17 04:45:13+0000,STX,Seagate Technology Holdings plc,0001137789,4,2026-09-15,2026-09-11,0001137789-26-000240,https://www.sec.gov/Archives/edgar/data/1137789/000113778926000240/wk-form4_1789503341.xml,nonDerivative,2026-09-11,S,Ordinary Shares,1550,821.4165,1273195.575,76208,D,Romano Gianluca,"Officer, EVP & CFO",0,1,0,EVP & CFO,SEC EDGAR
STX|0001137789-26-000240|nonDerivative|2026-09-11|Romano Gianluca|S|Ordinary Shares|1690|822.4984|D,2026-09-17 04:45:13+0000,STX,Seagate Technology Holdings plc,0001137789,4,2026-09-15,2026-09-11,0001137789-26-000240,https://www.sec.gov/Archives/edgar/data/1137789/000113778926000240/wk-form4_1789503341.xml,nonDerivative,2026-09-11,S,Ordinary Shares,1690,822.4984,1390022.2959999999,74518,D,Romano Gianluca,"Officer, EVP & CFO",0,1,0,EVP & CFO,SEC EDGAR
STX|0001137789-26-000240|nonDerivative|2026-09-11|Romano Gianluca|S|Ordinary Shares|880|823.7205|D,2026-09-17 04:45:13+0000,STX,Seagate Technology Holdings plc,0001137789,4,2026-09-15,2026-09-11,0001137789-26-000240,https://www.sec.gov/Archives/edgar/data/1137789/000113778926000240/wk-form4_1789503341.xml,nonDerivative,2026-09-11,S,Ordinary Shares,880,823.7205,724874.04,73638,D,Romano Gianluca,"Officer, EVP & CFO",0,1,0,EVP & CFO,SEC EDGAR
STX|0001137789-26-000240|nonDerivative|2026-09-11|Romano Gianluca|S|Ordinary Shares|1400|824.595|D,2026-09-17 04:45:13+0000,STX,Seagate Technology Holdings plc,0001137789,4,2026-09-15,2026-09-11,0001137789-26-000240,https://www.sec.gov/Archives/edgar/data/1137789/000113778926000240/wk-form4_1789503341.xml,nonDerivative,2026-09-11,S,Ordinary Shares,1400,824.595,1154433.0,72238,D,Romano Gianluca,"Officer, EVP & CFO",0,1,0,EVP & CFO,SEC EDGAR
STX|0001137789-26-000240|nonDerivative|2026-09-11|Romano Gianluca|S|Ordinary Shares|800|825.6525|D,2026-09-17 04:45:13+0000,STX,Seagate Technology Holdings plc,0001137789,4,2026-09-15,2026-09-11,0001137789-26-000240,https://www.sec.gov/Archives/edgar/data/1137789/000113778926000240/wk-form4_1789503341.xml,nonDerivative,2026-09-11,S,Ordinary Shares,800,825.6525,660522.0,71438,D,Romano Gianluca,"Officer, EVP & CFO",0,1,0,EVP & CFO,SEC EDGAR
STX|0001137789-26-000240|nonDerivative|2026-09-11|Romano Gianluca|S|Ordinary Shares|1840|826.7184|D,2026-09-17 04:45:13+0000,STX,Seagate Technology Holdings plc,0001137789,4,2026-09-15,2026-09-11,0001137789-26-000240,https://www.sec.gov/Archives/edgar/data/1137789/000113778926000240/wk-form4_1789503341.xml,nonDerivative,2026-09-11,S,Ordinary Shares,1840,826.7184,1521161.856,69598,D,Romano Gianluca,"Officer, EVP & CFO",0,1,0,EVP & CFO,SEC EDGAR
STX|0001137789-26-000240|nonDerivative|2026-09-11|Romano Gianluca|S|Ordinary Shares|1727|827.7209|D,2026-09-17 04:45:13+0000,STX,Seagate Technology Holdings plc,0001137789,4,2026-09-15,2026-09-11,0001137789-26-000240,https://www.sec.gov/Archives/edgar/data/1137789/000113778926000240/wk-form4_1789503341.xml,nonDerivative,2026-09-11,S,Ordinary Shares,1727,827.7209,1429473.9943000001,67871,D,Romano Gianluca,"Officer, EVP & CFO",0,1,0,EVP & CFO,SEC EDGAR
STX|0001137789-26-000240|nonDerivative|2026-09-11|Romano Gianluca|S|Ordinary Shares|3321|828.841|D,2026-09-17 04:45:13+0000,STX,Seagate Technology Holdings plc,0001137789,4,2026-09-15,2026-09-11,0001137789-26-000240,https://www.sec.gov/Archives/edgar/data/1137789/000113778926000240/wk-form4_1789503341.xml,nonDerivative,2026-09-11,S,Ordinary Shares,3321,828.841,2752580.961,64550,D,Romano Gianluca,"Officer, EVP & CFO",0,1,0,EVP & CFO,SEC EDGAR
STX|0001137789-26-000240|nonDerivative|2026-09-11|Romano Gianluca|S|Ordinary Shares|5593|829.7666|D,2026-09-17 04:45:13+0000,STX,Seagate Technology Holdings plc,0001137789,4,2026-09-15,2026-09-11,0001137789-26-000240,https://www.sec.gov/Archives/edgar/data/1137789/000113778926000240/wk-form4_1789503341.xml,nonDerivative,2026-09-11,S,Ordinary Shares,5593,829.7666,4640884.5938,58957,D,Romano Gianluca,"Officer, EVP & CFO",0,1,0,EVP & CFO,SEC EDGAR
STX|0001137789-26-000240|nonDerivative|2026-09-11|Romano Gianluca|S|Ordinary Shares|7568|830.7442|D,2026-09-17 04:45:13+0000,STX,Seagate Technology Holdings plc,0001137789,4,2026-09-15,2026-09-11,0001137789-26-000240,https://www.sec.gov/Archives/edgar/data/1137789/000113778926000240/wk-form4_1789503341.xml,nonDerivative,2026-09-11,S,Ordinary Shares,7568,830.7442,6287072.105599999,51389,D,Romano Gianluca,"Officer, EVP & CFO",0,1,0,EVP & CFO,SEC EDGAR
STX|0001137789-26-000240|nonDerivative|2026-09-11|Romano Gianluca|S|Ordinary Shares|4589|831.7088|D,2026-09-17 04:45:13+0000,STX,Seagate Technology Holdings plc,0001137789,4,2026-09-15,2026-09-11,0001137789-26-000240,https://www.sec.gov/Archives/edgar/data/1137789/000113778926000240/wk-form4_1789503341.xml,nonDerivative,2026-09-11,S,Ordinary Shares,4589,831.7088,3816711.6832,46800,D,Romano Gianluca,"Officer, EVP & CFO",0,1,0,EVP & CFO,SEC EDGAR
STX|0001137789-26-000240|nonDerivative|2026-09-11|Romano Gianluca|S|Ordinary Shares|4220|832.6812|D,2026-09-17 04:45:13+0000,STX,Seagate Technology Holdings plc,0001137789,4,2026-09-15,2026-09-11,0001137789-26-000240,https://www.sec.gov/Archives/edgar/data/1137789/000113778926000240/wk-form4_1789503341.xml,nonDerivative,2026-09-11,S,Ordinary Shares,4220,832.6812,3513914.664,42580,D,Romano Gianluca,"Officer, EVP & CFO",0,1,0,EVP & CFO,SEC EDGAR
STX|0001137789-26-000240|nonDerivative|2026-09-11|Romano Gianluca|S|Ordinary Shares|2080|833.6653|D,2026-09-17 04:45:13+0000,STX,Seagate Technology Holdings plc,0001137789,4,2026-09-15,2026-09-11,0001137789-26-000240,https://www.sec.gov/Archives/edgar/data/1137789/000113778926000240/wk-form4_1789503341.xml,nonDerivative,2026-09-11,S,Ordinary Shares,2080,833.6653,1734023.824,40500,D,Romano Gianluca,"Officer, EVP & CFO",0,1,0,EVP & CFO,SEC EDGAR
STX|0001137789-26-000240|nonDerivative|2026-09-11|Romano Gianluca|S|Ordinary Shares|1440|834.8031|D,2026-09-17 04:45:13+0000,STX,Seagate Technology Holdings plc,0001137789,4,2026-09-15,2026-09-11,0001137789-26-000240,https://www.sec.gov/Archives/edgar/data/1137789/000113778926000240/wk-form4_1789503341.xml,nonDerivative,2026-09-11,S,Ordinary Shares,1440,834.8031,1202116.464,39060,D,Romano Gianluca,"Officer, EVP & CFO",0,1,0,EVP & CFO,SEC EDGAR
STX|0001137789-26-000240|nonDerivative|2026-09-11|Romano Gianluca|S|Ordinary Shares|1320|835.6733|D,2026-09-17 04:45:13+0000,STX,Seagate Technology Holdings plc,0001137789,4,2026-09-15,2026-09-11,0001137789-26-000240,https://www.sec.gov/Archives/edgar/data/1137789/000113778926000240/wk-form4_1789503341.xml,nonDerivative,2026-09-11,S,Ordinary Shares,1320,835.6733,1103088.756,37740,D,Romano Gianluca,"Officer, EVP & CFO",0,1,0,EVP & CFO,SEC EDGAR
STX|0001137789-26-000240|nonDerivative|2026-09-11|Romano Gianluca|S|Ordinary Shares|480|836.9158|D,2026-09-17 04:45:13+0000,STX,Seagate Technology Holdings plc,0001137789,4,2026-09-15,2026-09-11,0001137789-26-000240,https://www.sec.gov/Archives/edgar/data/1137789/000113778926000240/wk-form4_1789503341.xml,nonDerivative,2026-09-11,S,Ordinary Shares,480,836.9158,401719.584,37260,D,Romano Gianluca,"Officer, EVP & CFO",0,1,0,EVP & CFO,SEC EDGAR
STX|0001137789-26-000240|nonDerivative|2026-09-11|Romano Gianluca|S|Ordinary Shares|200|838.096|D,2026-09-17 04:45:13+0000,STX,Seagate Technology Holdings plc,0001137789,4,2026-09-15,2026-09-11,0001137789-26-000240,https://www.sec.gov/Archives/edgar/data/1137789/000113778926000240/wk-form4_1789503341.xml,nonDerivative,2026-09-11,S,Ordinary Shares,200,838.096,167619.2,37060,D,Romano Gianluca,"Officer, EVP & CFO",0,1,0,EVP & CFO,SEC EDGAR
STX|0001137789-26-000240|nonDerivative|2026-09-11|Romano Gianluca|S|Ordinary Shares|880|839.1473|D,2026-09-17 04:45:13+0000,STX,Seagate Technology Holdings plc,0001137789,4,2026-09-15,2026-09-11,0001137789-26-000240,https://www.sec.gov/Archives/edgar/data/1137789/000113778926000240/wk-form4_1789503341.xml,nonDerivative,2026-09-11,S,Ordinary Shares,880,839.1473,738449.624,36180,D,Romano Gianluca,"Officer, EVP & CFO",0,1,0,EVP & CFO,SEC EDGAR
STX|0001137789-26-000240|nonDerivative|2026-09-11|Romano Gianluca|S|Ordinary Shares|1000|840.1228|D,2026-09-17 04:45:13+0000,STX,Seagate Technology Holdings plc,0001137789,4,2026-09-15,2026-09-11,0001137789-26-000240,https://www.sec.gov/Archives/edgar/data/1137789/000113778926000240/wk-form4_1789503341.xml,nonDerivative,2026-09-11,S,Ordinary Shares,1000,840.1228,840122.7999999999,35180,D,Romano Gianluca,"Officer, EVP & CFO",0,1,0,EVP & CFO,SEC EDGAR
STX|0001137789-26-000240|nonDerivative|2026-09-11|Romano Gianluca|S|Ordinary Shares|320|841.0502|D,2026-09-17 04:45:13+0000,STX,Seagate Technology Holdings plc,0001137789,4,2026-09-15,2026-09-11,0001137789-26-000240,https://www.sec.gov/Archives/edgar/data/1137789/000113778926000240/wk-form4_1789503341.xml,nonDerivative,2026-09-11,S,Ordinary Shares,320,841.0502,269136.064,34860,D,Romano Gianluca,"Officer, EVP & CFO",0,1,0,EVP & CFO,SEC EDGAR
STX|0001137789-26-000240|nonDerivative|2026-09-11|Romano Gianluca|S|Ordinary Shares|280|842.229|D,2026-09-17 04:45:13+0000,STX,Seagate Technology Holdings plc,0001137789,4,2026-09-15,2026-09-11,0001137789-26-000240,https://www.sec.gov/Archives/edgar/data/1137789/000113778926000240/wk-form4_1789503341.xml,nonDerivative,2026-09-11,S,Ordinary Shares,280,842.229,235824.12000000002,34580,D,Romano Gianluca,"Officer, EVP & CFO",0,1,0,EVP & CFO,SEC EDGAR
STX|0001137789-26-000240|nonDerivative|2026-09-11|Romano Gianluca|S|Ordinary Shares|360|843.5456|D,2026-09-17 04:45:13+0000,STX,Seagate Technology Holdings plc,0001137789,4,2026-09-15,2026-09-11,0001137789-26-000240,https://www.sec.gov/Archives/edgar/data/1137789/000113778926000240/wk-form4_1789503341.xml,nonDerivative,2026-09-11,S,Ordinary Shares,360,843.5456,303676.416,34220,D,Romano Gianluca,"Officer, EVP & CFO",0,1,0,EVP & CFO,SEC EDGAR
STX|0001137789-26-000240|derivative|2026-09-11|Romano Gianluca|M|NQ Options|8517|0|D,2026-09-17 04:45:13+0000,STX,Seagate Technology Holdings plc,0001137789,4,2026-09-15,2026-09-11,0001137789-26-000240,https://www.sec.gov/Archives/edgar/data/1137789/000113778926000240/wk-form4_1789503341.xml,derivative,2026-09-11,M,NQ Options,8517,0,0.0,0,D,Romano Gianluca,"Officer, EVP & CFO",0,1,0,EVP & CFO,SEC EDGAR
STX|0001137789-26-000240|derivative|2026-09-11|Romano Gianluca|M|NQ Options|15067|0|D,2026-09-17 04:45:13+0000,STX,Seagate Technology Holdings plc,0001137789,4,2026-09-15,2026-09-11,0001137789-26-000240,https://www.sec.gov/Archives/edgar/data/1137789/000113778926000240/wk-form4_1789503341.xml,derivative,2026-09-11,M,NQ Options,15067,0,0.0,18080,D,Romano Gianluca,"Officer, EVP & CFO",0,1,0,EVP & CFO,SEC EDGAR
STX|0001137789-26-000240|derivative|2026-09-11|Romano Gianluca|M|NQ Options|13475|0|D,2026-09-17 04:45:13+0000,STX,Seagate Technology Holdings plc,0001137789,4,2026-09-15,2026-09-11,0001137789-26-000240,https://www.sec.gov/Archives/edgar/data/1137789/000113778926000240/wk-form4_1789503341.xml,derivative,2026-09-11,M,NQ Options,13475,0,0.0,32340,D,Romano Gianluca,"Officer, EVP & CFO",0,1,0,EVP & CFO,SEC EDGAR
STX|0001137789-26-000240|derivative|2026-09-11|Romano Gianluca|M|NQ Stock Option|13439|0|D,2026-09-17 04:45:13+0000,STX,Seagate Technology Holdings plc,0001137789,4,2026-09-15,2026-09-11,0001137789-26-000240,https://www.sec.gov/Archives/edgar/data/1137789/000113778926000240/wk-form4_1789503341.xml,derivative,2026-09-11,M,NQ Stock Option,13439,0,0.0,40317,D,Romano Gianluca,"Officer, EVP & CFO",0,1,0,EVP & CFO,SEC EDGAR
STX|0001137789-26-000242|nonDerivative|2026-09-11|Morris John Christopher|M|Ordinary Shares|942|0|D,2026-09-17 04:45:13+0000,STX,Seagate Technology Holdings plc,0001137789,4,2026-09-15,2026-09-11,0001137789-26-000242,https://www.sec.gov/Archives/edgar/data/1137789/000113778926000242/wk-form4_1789503354.xml,nonDerivative,2026-09-11,M,Ordinary Shares,942,0,0.0,16960.5,D,Morris John Christopher,"Officer, EVP & CTO",0,1,0,EVP & CTO,SEC EDGAR
STX|0001137789-26-000242|nonDerivative|2026-09-14|Morris John Christopher|S|Ordinary Shares|492.75|781.2325|D,2026-09-17 04:45:13+0000,STX,Seagate Technology Holdings plc,0001137789,4,2026-09-15,2026-09-11,0001137789-26-000242,https://www.sec.gov/Archives/edgar/data/1137789/000113778926000242/wk-form4_1789503354.xml,nonDerivative,2026-09-14,S,Ordinary Shares,492.75,781.2325,384952.31437499996,16467.75,D,Morris John Christopher,"Officer, EVP & CTO",0,1,0,EVP & CTO,SEC EDGAR
STX|0001137789-26-000242|derivative|2026-09-11|Morris John Christopher|M|Restricted Share Unit|942|0|D,2026-09-17 04:45:13+0000,STX,Seagate Technology Holdings plc,0001137789,4,2026-09-15,2026-09-11,0001137789-26-000242,https://www.sec.gov/Archives/edgar/data/1137789/000113778926000242/wk-form4_1789503354.xml,derivative,2026-09-11,M,Restricted Share Unit,942,0,0.0,3768,D,Morris John Christopher,"Officer, EVP & CTO",0,1,0,EVP & CTO,SEC EDGAR
STX|0001137789-26-000239|nonDerivative|2026-09-11|MOSLEY WILLIAM D|M|Ordinary Shares|3319|0|D,2026-09-17 04:45:13+0000,STX,Seagate Technology Holdings plc,0001137789,4,2026-09-15,2026-09-11,0001137789-26-000239,https://www.sec.gov/Archives/edgar/data/1137789/000113778926000239/wk-form4_1789503334.xml,nonDerivative,2026-09-11,M,Ordinary Shares,3319,0,0.0,300867.25,D,MOSLEY WILLIAM D,"Director, Officer, CEO",1,1,0,CEO,SEC EDGAR
STX|0001137789-26-000239|nonDerivative|2026-09-14|MOSLEY WILLIAM D|S|Ordinary Shares|1869.75|781.2254|D,2026-09-17 04:45:13+0000,STX,Seagate Technology Holdings plc,0001137789,4,2026-09-15,2026-09-11,0001137789-26-000239,https://www.sec.gov/Archives/edgar/data/1137789/000113778926000239/wk-form4_1789503334.xml,nonDerivative,2026-09-14,S,Ordinary Shares,1869.75,781.2254,1460696.1916500002,298997.5,D,MOSLEY WILLIAM D,"Director, Officer, CEO",1,1,0,CEO,SEC EDGAR
STX|0001137789-26-000239|derivative|2026-09-11|MOSLEY WILLIAM D|M|Restricted Share Unit|3319|0|D,2026-09-17 04:45:13+0000,STX,Seagate Technology Holdings plc,0001137789,4,2026-09-15,2026-09-11,0001137789-26-000239,https://www.sec.gov/Archives/edgar/data/1137789/000113778926000239/wk-form4_1789503334.xml,derivative,2026-09-11,M,Restricted Share Unit,3319,0,0.0,13276,D,MOSLEY WILLIAM D,"Director, Officer, CEO",1,1,0,CEO,SEC EDGAR
STX|0001137789-26-000243|nonDerivative|2026-09-11|Chong Kian Fatt|M|Ordinary Shares|678|0|D,2026-09-17 04:45:13+0000,STX,Seagate Technology Holdings plc,0001137789,4,2026-09-15,2026-09-11,0001137789-26-000243,https://www.sec.gov/Archives/edgar/data/1137789/000113778926000243/wk-form4_1789503360.xml,nonDerivative,2026-09-11,M,Ordinary Shares,678,0,0.0,10623,D,Chong Kian Fatt,"Officer, EVP Global Operations",0,1,0,EVP Global Operations,SEC EDGAR
STX|0001137789-26-000243|derivative|2026-09-11|Chong Kian Fatt|M|Restricted Share Unit|678|0|D,2026-09-17 04:45:13+0000,STX,Seagate Technology Holdings plc,0001137789,4,2026-09-15,2026-09-11,0001137789-26-000243,https://www.sec.gov/Archives/edgar/data/1137789/000113778926000243/wk-form4_1789503360.xml,derivative,2026-09-11,M,Restricted Share Unit,678,0,0.0,2714,D,Chong Kian Fatt,"Officer, EVP Global Operations",0,1,0,EVP Global Operations,SEC EDGAR
ROST|0002015841-26-000008|nonDerivative|2026-09-11|Fleming Karen|F|Common Stock|907|230.74|D,2026-09-17 04:45:13+0000,ROST,"ROSS STORES, INC.",0000745732,4,2026-09-15,2026-09-11,0002015841-26-000008,https://www.sec.gov/Archives/edgar/data/745732/000201584126000008/form4-09152026_050901.xml,nonDerivative,2026-09-11,F,Common Stock,907,230.74,209281.18000000002,90561.505,D,Fleming Karen,"PRES, CMO ROSS DRESS FOR LESS",false,true,false,"PRES, CMO ROSS DRESS FOR LESS",SEC EDGAR
ROST|0001623534-26-000006|nonDerivative|2026-09-11|Conroy James Grant|F|COMMON STOCK|41372|230.74|D,2026-09-17 04:45:13+0000,ROST,"ROSS STORES, INC.",0000745732,4,2026-09-15,2026-09-11,0001623534-26-000006,https://www.sec.gov/Archives/edgar/data/745732/000162353426000006/form4-09152026_050901.xml,nonDerivative,2026-09-11,F,COMMON STOCK,41372,230.74,9546175.280000001,183554,D,Conroy James Grant,CHIEF EXECUTIVE OFFICER,true,true,false,CHIEF EXECUTIVE OFFICER,SEC EDGAR
ROST|0001623534-26-000006|nonDerivative|2026-09-14|Conroy James Grant|S|COMMON STOCK|49205|229.4843|D,2026-09-17 04:45:13+0000,ROST,"ROSS STORES, INC.",0000745732,4,2026-09-15,2026-09-11,0001623534-26-000006,https://www.sec.gov/Archives/edgar/data/745732/000162353426000006/form4-09152026_050901.xml,nonDerivative,2026-09-14,S,COMMON STOCK,49205,229.4843,11291774.9815,134349,D,Conroy James Grant,CHIEF EXECUTIVE OFFICER,true,true,false,CHIEF EXECUTIVE OFFICER,SEC EDGAR
ROST|0001997180-26-000008|nonDerivative|2026-09-11|Brinkley Stephen C|F|Common Stock|6654|230.74|D,2026-09-17 04:45:13+0000,ROST,"ROSS STORES, INC.",0000745732,4,2026-09-15,2026-09-11,0001997180-26-000008,https://www.sec.gov/Archives/edgar/data/745732/000199718026000008/form4-09152026_050901.xml,nonDerivative,2026-09-11,F,Common Stock,6654,230.74,1535343.96,58089,D,Brinkley Stephen C,"PRESIDENT, OPERATIONS",false,true,false,"PRESIDENT, OPERATIONS",SEC EDGAR
ROST|0001997180-26-000008|nonDerivative|2026-09-14|Brinkley Stephen C|S|Common Stock|6424|229.655|D,2026-09-17 04:45:13+0000,ROST,"ROSS STORES, INC.",0000745732,4,2026-09-15,2026-09-11,0001997180-26-000008,https://www.sec.gov/Archives/edgar/data/745732/000199718026000008/form4-09152026_050901.xml,nonDerivative,2026-09-14,S,Common Stock,6424,229.655,1475303.72,51665,D,Brinkley Stephen C,"PRESIDENT, OPERATIONS",false,true,false,"PRESIDENT, OPERATIONS",SEC EDGAR
NSC|0001225208-26-007815|nonDerivative|2026-09-13|George Mark R|M|Common Stock|2653.0000|0.0000|D,2026-09-17 04:45:13+0000,NSC,NORFOLK SOUTHERN CORP,0000702165,4,2026-09-15,2026-09-13,0001225208-26-007815,https://www.sec.gov/Archives/edgar/data/702165/000122520826007815/doc4.xml,nonDerivative,2026-09-13,M,Common Stock,2653.0000,0.0000,0.0,23818.0000,D,George Mark R,"Director, Officer, President & CEO",1,1,,President & CEO,SEC EDGAR
NSC|0001225208-26-007815|nonDerivative|2026-09-13|George Mark R|F|Common Stock|1035.0000|323.3000|D,2026-09-17 04:45:13+0000,NSC,NORFOLK SOUTHERN CORP,0000702165,4,2026-09-15,2026-09-13,0001225208-26-007815,https://www.sec.gov/Archives/edgar/data/702165/000122520826007815/doc4.xml,nonDerivative,2026-09-13,F,Common Stock,1035.0000,323.3000,334615.5,22783.0000,D,George Mark R,"Director, Officer, President & CEO",1,1,,President & CEO,SEC EDGAR
NSC|0001225208-26-007815|derivative|2026-09-13|George Mark R|M|Restricted Stock Units|2653.0000||D,2026-09-17 04:45:13+0000,NSC,NORFOLK SOUTHERN CORP,0000702165,4,2026-09-15,2026-09-13,0001225208-26-007815,https://www.sec.gov/Archives/edgar/data/702165/000122520826007815/doc4.xml,derivative,2026-09-13,M,Restricted Stock Units,2653.0000,,,29664.0000,D,George Mark R,"Director, Officer, President & CEO",1,1,,President & CEO,SEC EDGAR
MSFT|0000789019-26-000214|nonDerivative|2026-09-15|Jolla Alice L.|F|Common Stock|122.773|505.41|D,2026-09-17 04:45:13+0000,MSFT,MICROSOFT CORP,0000789019,4,2026-09-15,2026-09-15,0000789019-26-000214,https://www.sec.gov/Archives/edgar/data/789019/000078901926000214/form4.xml,nonDerivative,2026-09-15,F,Common Stock,122.773,505.41,62050.70193,81119.1096,D,Jolla Alice L.,"Officer, Chief Accounting Officer",0,1,0,Chief Accounting Officer,SEC EDGAR
MSFT|0000789019-26-000212|nonDerivative|2026-09-14|Hood Amy|S|Common Stock|4339|495.974|D,2026-09-17 04:45:13+0000,MSFT,MICROSOFT CORP,0000789019,4,2026-09-15,2026-09-14,0000789019-26-000212,https://www.sec.gov/Archives/edgar/data/789019/000078901926000212/form4.xml,nonDerivative,2026-09-14,S,Common Stock,4339,495.974,2152031.1859999998,570959.427,D,Hood Amy,"Officer, EVP, Chief Financial Officer",0,1,0,"EVP, Chief Financial Officer",SEC EDGAR
MSFT|0000789019-26-000212|nonDerivative|2026-09-14|Hood Amy|S|Common Stock|10433|496.9118|D,2026-09-17 04:45:13+0000,MSFT,MICROSOFT CORP,0000789019,4,2026-09-15,2026-09-14,0000789019-26-000212,https://www.sec.gov/Archives/edgar/data/789019/000078901926000212/form4.xml,nonDerivative,2026-09-14,S,Common Stock,10433,496.9118,5184280.809400001,560526.427,D,Hood Amy,"Officer, EVP, Chief Financial Officer",0,1,0,"EVP, Chief Financial Officer",SEC EDGAR
MSFT|0000789019-26-000212|nonDerivative|2026-09-14|Hood Amy|S|Common Stock|9821|497.7849|D,2026-09-17 04:45:13+0000,MSFT,MICROSOFT CORP,0000789019,4,2026-09-15,2026-09-14,0000789019-26-000212,https://www.sec.gov/Archives/edgar/data/789019/000078901926000212/form4.xml,nonDerivative,2026-09-14,S,Common Stock,9821,497.7849,4888745.5029,550705.427,D,Hood Amy,"Officer, EVP, Chief Financial Officer",0,1,0,"EVP, Chief Financial Officer",SEC EDGAR
MSFT|0000789019-26-000212|nonDerivative|2026-09-14|Hood Amy|S|Common Stock|4305|498.8845|D,2026-09-17 04:45:13+0000,MSFT,MICROSOFT CORP,0000789019,4,2026-09-15,2026-09-14,0000789019-26-000212,https://www.sec.gov/Archives/edgar/data/789019/000078901926000212/form4.xml,nonDerivative,2026-09-14,S,Common Stock,4305,498.8845,2147697.7725,546400.427,D,Hood Amy,"Officer, EVP, Chief Financial Officer",0,1,0,"EVP, Chief Financial Officer",SEC EDGAR
MSFT|0000789019-26-000212|nonDerivative|2026-09-14|Hood Amy|S|Common Stock|8834|500.1135|D,2026-09-17 04:45:13+0000,MSFT,MICROSOFT CORP,0000789019,4,2026-09-15,2026-09-14,0000789019-26-000212,https://www.sec.gov/Archives/edgar/data/789019/000078901926000212/form4.xml,nonDerivative,2026-09-14,S,Common Stock,8834,500.1135,4418002.659,537566.427,D,Hood Amy,"Officer, EVP, Chief Financial Officer",0,1,0,"EVP, Chief Financial Officer",SEC EDGAR
MSFT|0000789019-26-000212|nonDerivative|2026-09-14|Hood Amy|S|Common Stock|3942|500.783|D,2026-09-17 04:45:13+0000,MSFT,MICROSOFT CORP,0000789019,4,2026-09-15,2026-09-14,0000789019-26-000212,https://www.sec.gov/Archives/edgar/data/789019/000078901926000212/form4.xml,nonDerivative,2026-09-14,S,Common Stock,3942,500.783,1974086.5860000001,533624.427,D,Hood Amy,"Officer, EVP, Chief Financial Officer",0,1,0,"EVP, Chief Financial Officer",SEC EDGAR
MSFT|0000789019-26-000213|nonDerivative|2026-09-15|Coleman Amy|F|Common Stock|35.943|505.41|D,2026-09-17 04:45:13+0000,MSFT,MICROSOFT CORP,0000789019,4,2026-09-15,2026-09-15,0000789019-26-000213,https://www.sec.gov/Archives/edgar/data/789019/000078901926000213/form4.xml,nonDerivative,2026-09-15,F,Common Stock,35.943,505.41,18165.95163,44451.4031,D,Coleman Amy,"Officer, EVP, Chief Human Resources Off",0,1,0,"EVP, Chief Human Resources Off",SEC EDGAR
IT|0000749251-26-000270|nonDerivative|2026-09-11|GRABE WILLIAM O|G|Common Stock|672|0|D,2026-09-17 04:45:13+0000,IT,GARTNER INC,0000749251,4,2026-09-15,2026-09-11,0000749251-26-000270,https://www.sec.gov/Archives/edgar/data/749251/000074925126000270/form4.xml,nonDerivative,2026-09-11,G,Common Stock,672,0,0.0,1896,D,GRABE WILLIAM O,Director,1,,,,SEC EDGAR
IEX|0000905148-26-004197|nonDerivative|2026-09-11|Tereso Tara M.|F|COMMON STOCK|138|221.46|D,2026-09-17 04:45:13+0000,IEX,IDEX CORP /DE/,0000832101,4,2026-09-15,2026-09-11,0000905148-26-004197,https://www.sec.gov/Archives/edgar/data/832101/000090514826004197/form4.xml,nonDerivative,2026-09-11,F,COMMON STOCK,138,221.46,30561.48,5698,D,Tereso Tara M.,"Group Executive, HST",false,true,false,"Group Executive, HST",SEC EDGAR
HPE|0001648401-26-000009|nonDerivative|2026-05-01|Neri Antonio F|G|Common Stock|1682393|0|D,2026-09-17 04:45:13+0000,HPE,Hewlett Packard Enterprise Co,0001645590,4,2026-09-15,2026-09-11,0001648401-26-000009,https://www.sec.gov/Archives/edgar/data/1645590/000164840126000009/form4.xml,nonDerivative,2026-05-01,G,Common Stock,1682393,0,0.0,4936,D,Neri Antonio F,"Director, Officer, President and CEO",1,1,0,President and CEO,SEC EDGAR
HPE|0001648401-26-000009|nonDerivative|2026-05-01|Neri Antonio F|G|Common Stock|1682393|0|I,2026-09-17 04:45:13+0000,HPE,Hewlett Packard Enterprise Co,0001645590,4,2026-09-15,2026-09-11,0001648401-26-000009,https://www.sec.gov/Archives/edgar/data/1645590/000164840126000009/form4.xml,nonDerivative,2026-05-01,G,Common Stock,1682393,0,0.0,1682393,I,Neri Antonio F,"Director, Officer, President and CEO",1,1,0,President and CEO,SEC EDGAR
HPE|0001648401-26-000009|nonDerivative|2026-09-11|Neri Antonio F|S|Common Stock|250000|60.4420|I,2026-09-17 04:45:13+0000,HPE,Hewlett Packard Enterprise Co,0001645590,4,2026-09-15,2026-09-11,0001648401-26-000009,https://www.sec.gov/Archives/edgar/data/1645590/000164840126000009/form4.xml,nonDerivative,2026-09-11,S,Common Stock,250000,60.4420,15110500.0,1432393,I,Neri Antonio F,"Director, Officer, President and CEO",1,1,0,President and CEO,SEC EDGAR
HPE|0001648401-26-000009|derivative|2026-04-23|Neri Antonio F|A|Restricted Stock Units|1291.3995||D,2026-09-17 04:45:13+0000,HPE,Hewlett Packard Enterprise Co,0001645590,4,2026-09-15,2026-09-11,0001648401-26-000009,https://www.sec.gov/Archives/edgar/data/1645590/000164840126000009/form4.xml,derivative,2026-04-23,A,Restricted Stock Units,1291.3995,,,170379.8807,D,Neri Antonio F,"Director, Officer, President and CEO",1,1,0,President and CEO,SEC EDGAR
HPE|0001648401-26-000009|derivative|2026-04-23|Neri Antonio F|A|Restricted Stock Units|2122.4995||D,2026-09-17 04:45:13+0000,HPE,Hewlett Packard Enterprise Co,0001645590,4,2026-09-15,2026-09-11,0001648401-26-000009,https://www.sec.gov/Archives/edgar/data/1645590/000164840126000009/form4.xml,derivative,2026-04-23,A,Restricted Stock Units,2122.4995,,,272688.1826,D,Neri Antonio F,"Director, Officer, President and CEO",1,1,0,President and CEO,SEC EDGAR
HPE|0001648401-26-000009|derivative|2026-04-23|Neri Antonio F|A|Restricted Stock Units|3419.8185||D,2026-09-17 04:45:13+0000,HPE,Hewlett Packard Enterprise Co,0001645590,4,2026-09-15,2026-09-11,0001648401-26-000009,https://www.sec.gov/Archives/edgar/data/1645590/000164840126000009/form4.xml,derivative,2026-04-23,A,Restricted Stock Units,3419.8185,,,427953.8347,D,Neri Antonio F,"Director, Officer, President and CEO",1,1,0,President and CEO,SEC EDGAR
HLT|0001827369-26-000007|nonDerivative|2026-09-14|Fuentes Laura|M|Common Stock|7936|58.02|D,2026-09-17 04:45:13+0000,HLT,Hilton Worldwide Holdings Inc.,0001585689,4,2026-09-15,2026-09-14,0001827369-26-000007,https://www.sec.gov/Archives/edgar/data/1585689/000182736926000007/wk-form4_1789514146.xml,nonDerivative,2026-09-14,M,Common Stock,7936,58.02,460446.72000000003,35859,D,Fuentes Laura,"Officer, See Remarks",0,1,0,See Remarks,SEC EDGAR
HLT|0001827369-26-000007|nonDerivative|2026-09-14|Fuentes Laura|M|Common Stock|4888|79.35|D,2026-09-17 04:45:13+0000,HLT,Hilton Worldwide Holdings Inc.,0001585689,4,2026-09-15,2026-09-14,0001827369-26-000007,https://www.sec.gov/Archives/edgar/data/1585689/000182736926000007/wk-form4_1789514146.xml,nonDerivative,2026-09-14,M,Common Stock,4888,79.35,387862.8,40747,D,Fuentes Laura,"Officer, See Remarks",0,1,0,See Remarks,SEC EDGAR
HLT|0001827369-26-000007|nonDerivative|2026-09-14|Fuentes Laura|S|Common Stock|4396|309.803|D,2026-09-17 04:45:13+0000,HLT,Hilton Worldwide Holdings Inc.,0001585689,4,2026-09-15,2026-09-14,0001827369-26-000007,https://www.sec.gov/Archives/edgar/data/1585689/000182736926000007/wk-form4_1789514146.xml,nonDerivative,2026-09-14,S,Common Stock,4396,309.803,1361893.988,36351,D,Fuentes Laura,"Officer, See Remarks",0,1,0,See Remarks,SEC EDGAR
HLT|0001827369-26-000007|nonDerivative|2026-09-14|Fuentes Laura|S|Common Stock|2893|309.825|D,2026-09-17 04:45:13+0000,HLT,Hilton Worldwide Holdings Inc.,0001585689,4,2026-09-15,2026-09-14,0001827369-26-000007,https://www.sec.gov/Archives/edgar/data/1585689/000182736926000007/wk-form4_1789514146.xml,nonDerivative,2026-09-14,S,Common Stock,2893,309.825,896323.725,33458,D,Fuentes Laura,"Officer, See Remarks",0,1,0,See Remarks,SEC EDGAR
HLT|0001827369-26-000007|derivative|2026-09-14|Fuentes Laura|M|Employee Stock Option (right to buy)|7936|0|D,2026-09-17 04:45:13+0000,HLT,Hilton Worldwide Holdings Inc.,0001585689,4,2026-09-15,2026-09-14,0001827369-26-000007,https://www.sec.gov/Archives/edgar/data/1585689/000182736926000007/wk-form4_1789514146.xml,derivative,2026-09-14,M,Employee Stock Option (right to buy),7936,0,0.0,0,D,Fuentes Laura,"Officer, See Remarks",0,1,0,See Remarks,SEC EDGAR
HLT|0001827369-26-000007|derivative|2026-09-14|Fuentes Laura|M|Employee Stock Option (right to buy)|4888|0|D,2026-09-17 04:45:13+0000,HLT,Hilton Worldwide Holdings Inc.,0001585689,4,2026-09-15,2026-09-14,0001827369-26-000007,https://www.sec.gov/Archives/edgar/data/1585689/000182736926000007/wk-form4_1789514146.xml,derivative,2026-09-14,M,Employee Stock Option (right to buy),4888,0,0.0,0,D,Fuentes Laura,"Officer, See Remarks",0,1,0,See Remarks,SEC EDGAR
HLT|0001821096-26-000014|nonDerivative|2026-09-14|Carr Chris|S|Common Stock|439|310.34|D,2026-09-17 04:45:13+0000,HLT,Hilton Worldwide Holdings Inc.,0001585689,4,2026-09-15,2026-09-14,0001821096-26-000014,https://www.sec.gov/Archives/edgar/data/1585689/000182109626000014/wk-form4_1789505214.xml,nonDerivative,2026-09-14,S,Common Stock,439,310.34,136239.25999999998,8251.793,D,Carr Chris,Director,1,0,0,,SEC EDGAR
FFIV|0002046054-26-000010|nonDerivative|2026-09-14|Maddison John Anthony|S|Common Stock|204|406.24|D,2026-09-17 04:45:13+0000,FFIV,"F5, INC.",0001048695,4,2026-09-15,2026-09-14,0002046054-26-000010,https://www.sec.gov/Archives/edgar/data/1048695/000204605426000010/wk-form4_1789508847.xml,nonDerivative,2026-09-14,S,Common Stock,204,406.24,82872.96,1149,D,Maddison John Anthony,"Officer, Chief Product  Mkting Officer",0,1,0,Chief Product  Mkting Officer,SEC EDGAR
FFIV|0001869466-26-000012|nonDerivative|2026-09-14|MONTOYA MICHAEL F|S|Common Stock|1296|406.24|D,2026-09-17 04:45:13+0000,FFIV,"F5, INC.",0001048695,4,2026-09-15,2026-09-14,0001869466-26-000012,https://www.sec.gov/Archives/edgar/data/1048695/000186946626000012/wk-form4_1789508922.xml,nonDerivative,2026-09-14,S,Common Stock,1296,406.24,526487.04,4439,D,MONTOYA MICHAEL F,"Officer, Chief Technology Ops Officer",0,1,0,Chief Technology Ops Officer,SEC EDGAR
FFIV|0001869466-26-000012|nonDerivative|2026-09-14|MONTOYA MICHAEL F|S|Common Stock|240|408.96|D,2026-09-17 04:45:13+0000,FFIV,"F5, INC.",0001048695,4,2026-09-15,2026-09-14,0001869466-26-000012,https://www.sec.gov/Archives/edgar/data/1048695/000186946626000012/wk-form4_1789508922.xml,nonDerivative,2026-09-14,S,Common Stock,240,408.96,98150.4,4199,D,MONTOYA MICHAEL F,"Officer, Chief Technology Ops Officer",0,1,0,Chief Technology Ops Officer,SEC EDGAR
FFIV|0001869466-26-000012|nonDerivative|2026-09-14|MONTOYA MICHAEL F|S|Common Stock|277|410.365|D,2026-09-17 04:45:13+0000,FFIV,"F5, INC.",0001048695,4,2026-09-15,2026-09-14,0001869466-26-000012,https://www.sec.gov/Archives/edgar/data/1048695/000186946626000012/wk-form4_1789508922.xml,nonDerivative,2026-09-14,S,Common Stock,277,410.365,113671.105,3922,D,MONTOYA MICHAEL F,"Officer, Chief Technology Ops Officer",0,1,0,Chief Technology Ops Officer,SEC EDGAR
FFIV|0001869466-26-000012|nonDerivative|2026-09-14|MONTOYA MICHAEL F|S|Common Stock|1173|411.5015|D,2026-09-17 04:45:13+0000,FFIV,"F5, INC.",0001048695,4,2026-09-15,2026-09-14,0001869466-26-000012,https://www.sec.gov/Archives/edgar/data/1048695/000186946626000012/wk-form4_1789508922.xml,nonDerivative,2026-09-14,S,Common Stock,1173,411.5015,482691.25950000004,2749,D,MONTOYA MICHAEL F,"Officer, Chief Technology Ops Officer",0,1,0,Chief Technology Ops Officer,SEC EDGAR
FFIV|0001869466-26-000012|nonDerivative|2026-09-14|MONTOYA MICHAEL F|S|Common Stock|920|412.3777|D,2026-09-17 04:45:13+0000,FFIV,"F5, INC.",0001048695,4,2026-09-15,2026-09-14,0001869466-26-000012,https://www.sec.gov/Archives/edgar/data/1048695/000186946626000012/wk-form4_1789508922.xml,nonDerivative,2026-09-14,S,Common Stock,920,412.3777,379387.484,1829,D,MONTOYA MICHAEL F,"Officer, Chief Technology Ops Officer",0,1,0,Chief Technology Ops Officer,SEC EDGAR
FFIV|0001869466-26-000012|nonDerivative|2026-09-14|MONTOYA MICHAEL F|S|Common Stock|440|413.3145|D,2026-09-17 04:45:13+0000,FFIV,"F5, INC.",0001048695,4,2026-09-15,2026-09-14,0001869466-26-000012,https://www.sec.gov/Archives/edgar/data/1048695/000186946626000012/wk-form4_1789508922.xml,nonDerivative,2026-09-14,S,Common Stock,440,413.3145,181858.38,1389,D,MONTOYA MICHAEL F,"Officer, Chief Technology Ops Officer",0,1,0,Chief Technology Ops Officer,SEC EDGAR
FFIV|0001869466-26-000012|nonDerivative|2026-09-14|MONTOYA MICHAEL F|S|Common Stock|80|414.1819|D,2026-09-17 04:45:13+0000,FFIV,"F5, INC.",0001048695,4,2026-09-15,2026-09-14,0001869466-26-000012,https://www.sec.gov/Archives/edgar/data/1048695/000186946626000012/wk-form4_1789508922.xml,nonDerivative,2026-09-14,S,Common Stock,80,414.1819,33134.551999999996,1309,D,MONTOYA MICHAEL F,"Officer, Chief Technology Ops Officer",0,1,0,Chief Technology Ops Officer,SEC EDGAR
EVRG|0001711269-26-000102|nonDerivative|2026-09-11|Rolph Jonathan D|P|Common Stock|335|81.355|I,2026-09-17 04:45:13+0000,EVRG,"Evergy, Inc.",0001711269,4,2026-09-15,2026-09-11,0001711269-26-000102,https://www.sec.gov/Archives/edgar/data/1711269/000171126926000102/form4.xml,nonDerivative,2026-09-11,P,Common Stock,335,81.355,27253.925000000003,670,I,Rolph Jonathan D,Director,1,,,,SEC EDGAR
EVRG|0001711269-26-000102|nonDerivative|2026-09-11|Rolph Jonathan D|P|Common Stock|335|81.3916|I,2026-09-17 04:45:13+0000,EVRG,"Evergy, Inc.",0001711269,4,2026-09-15,2026-09-11,0001711269-26-000102,https://www.sec.gov/Archives/edgar/data/1711269/000171126926000102/form4.xml,nonDerivative,2026-09-11,P,Common Stock,335,81.3916,27266.185999999998,670,I,Rolph Jonathan D,Director,1,,,,SEC EDGAR
EVRG|0001711269-26-000102|nonDerivative|2026-09-11|Rolph Jonathan D|P|Common Stock|300|81.4816|I,2026-09-17 04:45:13+0000,EVRG,"Evergy, Inc.",0001711269,4,2026-09-15,2026-09-11,0001711269-26-000102,https://www.sec.gov/Archives/edgar/data/1711269/000171126926000102/form4.xml,nonDerivative,2026-09-11,P,Common Stock,300,81.4816,24444.48,600,I,Rolph Jonathan D,Director,1,,,,SEC EDGAR
EVRG|0001711269-26-000102|nonDerivative|2026-09-11|Rolph Jonathan D|P|Common Stock|250|81.4416|I,2026-09-17 04:45:13+0000,EVRG,"Evergy, Inc.",0001711269,4,2026-09-15,2026-09-11,0001711269-26-000102,https://www.sec.gov/Archives/edgar/data/1711269/000171126926000102/form4.xml,nonDerivative,2026-09-11,P,Common Stock,250,81.4416,20360.399999999998,500,I,Rolph Jonathan D,Director,1,,,,SEC EDGAR
EVRG|0001711269-26-000102|nonDerivative|2026-09-11|Rolph Jonathan D|P|Common Stock|150|81.44|I,2026-09-17 04:45:13+0000,EVRG,"Evergy, Inc.",0001711269,4,2026-09-15,2026-09-11,0001711269-26-000102,https://www.sec.gov/Archives/edgar/data/1711269/000171126926000102/form4.xml,nonDerivative,2026-09-11,P,Common Stock,150,81.44,12216.0,300,I,Rolph Jonathan D,Director,1,,,,SEC EDGAR
EVRG|0001711269-26-000102|nonDerivative|2026-09-11|Rolph Jonathan D|P|Common Stock|70|81.47|I,2026-09-17 04:45:13+0000,EVRG,"Evergy, Inc.",0001711269,4,2026-09-15,2026-09-11,0001711269-26-000102,https://www.sec.gov/Archives/edgar/data/1711269/000171126926000102/form4.xml,nonDerivative,2026-09-11,P,Common Stock,70,81.47,5702.9,140,I,Rolph Jonathan D,Director,1,,,,SEC EDGAR
EVRG|0001711269-26-000102|nonDerivative|2026-09-11|Rolph Jonathan D|P|Common Stock|200|81.835|I,2026-09-17 04:45:13+0000,EVRG,"Evergy, Inc.",0001711269,4,2026-09-15,2026-09-11,0001711269-26-000102,https://www.sec.gov/Archives/edgar/data/1711269/000171126926000102/form4.xml,nonDerivative,2026-09-11,P,Common Stock,200,81.835,16366.999999999998,200,I,Rolph Jonathan D,Director,1,,,,SEC EDGAR
ETR|0000065984-26-000316|nonDerivative|2026-09-14|VIAMONTES ELIECER|M|Common Stock|2616|54.24|D,2026-09-17 04:45:13+0000,ETR,ENTERGY CORP /DE/,0000065984,4,2026-09-15,2026-09-14,0000065984-26-000316,https://www.sec.gov/Archives/edgar/data/65984/000006598426000316/form4.xml,nonDerivative,2026-09-14,M,Common Stock,2616,54.24,141891.84,14076,D,VIAMONTES ELIECER,,,,,,SEC EDGAR
ETR|0000065984-26-000316|nonDerivative|2026-09-14|VIAMONTES ELIECER|M|Common Stock|2824|49.54|D,2026-09-17 04:45:13+0000,ETR,ENTERGY CORP /DE/,0000065984,4,2026-09-15,2026-09-14,0000065984-26-000316,https://www.sec.gov/Archives/edgar/data/65984/000006598426000316/form4.xml,nonDerivative,2026-09-14,M,Common Stock,2824,49.54,139900.96,16900,D,VIAMONTES ELIECER,,,,,,SEC EDGAR
ETR|0000065984-26-000316|nonDerivative|2026-09-14|VIAMONTES ELIECER|M|Common Stock|1488|82.79|D,2026-09-17 04:45:13+0000,ETR,ENTERGY CORP /DE/,0000065984,4,2026-09-15,2026-09-14,0000065984-26-000316,https://www.sec.gov/Archives/edgar/data/65984/000006598426000316/form4.xml,nonDerivative,2026-09-14,M,Common Stock,1488,82.79,123191.52,18388,D,VIAMONTES ELIECER,,,,,,SEC EDGAR
ETR|0000065984-26-000316|nonDerivative|2026-09-14|VIAMONTES ELIECER|S|Common Stock|9068|103.93|D,2026-09-17 04:45:13+0000,ETR,ENTERGY CORP /DE/,0000065984,4,2026-09-15,2026-09-14,0000065984-26-000316,https://www.sec.gov/Archives/edgar/data/65984/000006598426000316/form4.xml,nonDerivative,2026-09-14,S,Common Stock,9068,103.93,942437.2400000001,9320,D,VIAMONTES ELIECER,,,,,,SEC EDGAR
ETR|0000065984-26-000316|derivative|2026-09-14|VIAMONTES ELIECER|M|Employee Stock Option (Right to Buy)|2824|0|D,2026-09-17 04:45:13+0000,ETR,ENTERGY CORP /DE/,0000065984,4,2026-09-15,2026-09-14,0000065984-26-000316,https://www.sec.gov/Archives/edgar/data/65984/000006598426000316/form4.xml,derivative,2026-09-14,M,Employee Stock Option (Right to Buy),2824,0,0.0,2824,D,VIAMONTES ELIECER,,,,,,SEC EDGAR
ETR|0000065984-26-000316|derivative|2026-09-14|VIAMONTES ELIECER|M|Employee Stock Option (Right to Buy)|2616|0|D,2026-09-17 04:45:13+0000,ETR,ENTERGY CORP /DE/,0000065984,4,2026-09-15,2026-09-14,0000065984-26-000316,https://www.sec.gov/Archives/edgar/data/65984/000006598426000316/form4.xml,derivative,2026-09-14,M,Employee Stock Option (Right to Buy),2616,0,0.0,0,D,VIAMONTES ELIECER,,,,,,SEC EDGAR
ETR|0000065984-26-000316|derivative|2026-09-14|VIAMONTES ELIECER|M|Employee Stock Option (Right to Buy)|1488|0|D,2026-09-17 04:45:13+0000,ETR,ENTERGY CORP /DE/,0000065984,4,2026-09-15,2026-09-14,0000065984-26-000316,https://www.sec.gov/Archives/edgar/data/65984/000006598426000316/form4.xml,derivative,2026-09-14,M,Employee Stock Option (Right to Buy),1488,0,0.0,2976,D,VIAMONTES ELIECER,,,,,,SEC EDGAR
EL|0001070938-26-000018|nonDerivative|2026-09-11|FRIBOURG PAUL J|S|Class A Common  Stock|45000|96.78|I,2026-09-17 04:45:13+0000,EL,ESTEE LAUDER COMPANIES INC,0001001250,4,2026-09-15,2026-09-11,0001070938-26-000018,https://www.sec.gov/Archives/edgar/data/1001250/000107093826000018/wk-form4_1789503050.xml,nonDerivative,2026-09-11,S,Class A Common  Stock,45000,96.78,4355100.0,475300,I,FRIBOURG PAUL J,Director,1,0,0,,SEC EDGAR
EL|0001070938-26-000018|nonDerivative|2026-09-14|FRIBOURG PAUL J|S|Class A Common  Stock|14777|97.17|I,2026-09-17 04:45:13+0000,EL,ESTEE LAUDER COMPANIES INC,0001001250,4,2026-09-15,2026-09-11,0001070938-26-000018,https://www.sec.gov/Archives/edgar/data/1001250/000107093826000018/wk-form4_1789503050.xml,nonDerivative,2026-09-14,S,Class A Common  Stock,14777,97.17,1435881.09,460523,I,FRIBOURG PAUL J,Director,1,0,0,,SEC EDGAR
EL|0001070938-26-000018|nonDerivative|2026-09-14|FRIBOURG PAUL J|S|Class A Common  Stock|27086|98.35|I,2026-09-17 04:45:13+0000,EL,ESTEE LAUDER COMPANIES INC,0001001250,4,2026-09-15,2026-09-11,0001070938-26-000018,https://www.sec.gov/Archives/edgar/data/1001250/000107093826000018/wk-form4_1789503050.xml,nonDerivative,2026-09-14,S,Class A Common  Stock,27086,98.35,2663908.0999999996,433437,I,FRIBOURG PAUL J,Director,1,0,0,,SEC EDGAR
EL|0001070938-26-000018|nonDerivative|2026-09-14|FRIBOURG PAUL J|S|Class A Common  Stock|16137|98.79|I,2026-09-17 04:45:13+0000,EL,ESTEE LAUDER COMPANIES INC,0001001250,4,2026-09-15,2026-09-11,0001070938-26-000018,https://www.sec.gov/Archives/edgar/data/1001250/000107093826000018/wk-form4_1789503050.xml,nonDerivative,2026-09-14,S,Class A Common  Stock,16137,98.79,1594174.2300000002,417300,I,FRIBOURG PAUL J,Director,1,0,0,,SEC EDGAR
DELL|0002110325-26-000008|nonDerivative|2026-09-11|Trizzino Peter|S|Class C Common Stock|37735|560.16|D,2026-09-17 04:45:13+0000,DELL,Dell Technologies Inc.,0001571996,4,2026-09-15,2026-09-11,0002110325-26-000008,https://www.sec.gov/Archives/edgar/data/1571996/000211032526000008/wk-form4_1789503027.xml,nonDerivative,2026-09-11,S,Class C Common Stock,37735,560.16,21137637.599999998,69074,D,Trizzino Peter,"Officer, President, Global Sales",0,1,0,"President, Global Sales",SEC EDGAR
"DELL|0001193125-26-392114|nonDerivative|2026-09-11|Silver Lake Technology Investors V, L.P.|M|Class C Common Stock|729||I",2026-09-17 04:45:13+0000,DELL,Dell Technologies Inc.,0001571996,4,2026-09-15,2026-09-11,0001193125-26-392114,https://www.sec.gov/Archives/edgar/data/1571996/000119312526392114/ownership.xml,nonDerivative,2026-09-11,M,Class C Common Stock,729,,,729,I,"Silver Lake Technology Investors V, L.P.",,true,false,true,,SEC EDGAR
"DELL|0001193125-26-392114|nonDerivative|2026-09-11|Silver Lake Technology Investors V, L.P.|S|Class C Common Stock|25|547.73|I",2026-09-17 04:45:13+0000,DELL,Dell Technologies Inc.,0001571996,4,2026-09-15,2026-09-11,0001193125-26-392114,https://www.sec.gov/Archives/edgar/data/1571996/000119312526392114/ownership.xml,nonDerivative,2026-09-11,S,Class C Common Stock,25,547.73,13693.25,704,I,"Silver Lake Technology Investors V, L.P.",,true,false,true,,SEC EDGAR
"DELL|0001193125-26-392114|nonDerivative|2026-09-11|Silver Lake Technology Investors V, L.P.|S|Class C Common Stock|18|548.47|I",2026-09-17 04:45:13+0000,DELL,Dell Technologies Inc.,0001571996,4,2026-09-15,2026-09-11,0001193125-26-392114,https://www.sec.gov/Archives/edgar/data/1571996/000119312526392114/ownership.xml,nonDerivative,2026-09-11,S,Class C Common Stock,18,548.47,9872.460000000001,686,I,"Silver Lake Technology Investors V, L.P.",,true,false,true,,SEC EDGAR
"DELL|0001193125-26-392114|nonDerivative|2026-09-11|Silver Lake Technology Investors V, L.P.|S|Class C Common Stock|6|550.03|I",2026-09-17 04:45:13+0000,DELL,Dell Technologies Inc.,0001571996,4,2026-09-15,2026-09-11,0001193125-26-392114,https://www.sec.gov/Archives/edgar/data/1571996/000119312526392114/ownership.xml,nonDerivative,2026-09-11,S,Class C Common Stock,6,550.03,3300.18,680,I,"Silver Lake Technology Investors V, L.P.",,true,false,true,,SEC EDGAR
"DELL|0001193125-26-392114|nonDerivative|2026-09-11|Silver Lake Technology Investors V, L.P.|S|Class C Common Stock|14|551.38|I",2026-09-17 04:45:13+0000,DELL,Dell Technologies Inc.,0001571996,4,2026-09-15,2026-09-11,0001193125-26-392114,https://www.sec.gov/Archives/edgar/data/1571996/000119312526392114/ownership.xml,nonDerivative,2026-09-11,S,Class C Common Stock,14,551.38,7719.32,666,I,"Silver Lake Technology Investors V, L.P.",,true,false,true,,SEC EDGAR
"DELL|0001193125-26-392114|nonDerivative|2026-09-11|Silver Lake Technology Investors V, L.P.|S|Class C Common Stock|33|552.15|I",2026-09-17 04:45:13+0000,DELL,Dell Technologies Inc.,0001571996,4,2026-09-15,2026-09-11,0001193125-26-392114,https://www.sec.gov/Archives/edgar/data/1571996/000119312526392114/ownership.xml,nonDerivative,2026-09-11,S,Class C Common Stock,33,552.15,18220.95,633,I,"Silver Lake Technology Investors V, L.P.",,true,false,true,,SEC EDGAR
"DELL|0001193125-26-392114|nonDerivative|2026-09-11|Silver Lake Technology Investors V, L.P.|S|Class C Common Stock|24|553.09|I",2026-09-17 04:45:13+0000,DELL,Dell Technologies Inc.,0001571996,4,2026-09-15,2026-09-11,0001193125-26-392114,https://www.sec.gov/Archives/edgar/data/1571996/000119312526392114/ownership.xml,nonDerivative,2026-09-11,S,Class C Common Stock,24,553.09,13274.16,609,I,"Silver Lake Technology Investors V, L.P.",,true,false,true,,SEC EDGAR
"DELL|0001193125-26-392114|nonDerivative|2026-09-11|Silver Lake Technology Investors V, L.P.|S|Class C Common Stock|4|554.33|I",2026-09-17 04:45:13+0000,DELL,Dell Technologies Inc.,0001571996,4,2026-09-15,2026-09-11,0001193125-26-392114,https://www.sec.gov/Archives/edgar/data/1571996/000119312526392114/ownership.xml,nonDerivative,2026-09-11,S,Class C Common Stock,4,554.33,2217.32,605,I,"Silver Lake Technology Investors V, L.P.",,true,false,true,,SEC EDGAR
"DELL|0001193125-26-392114|nonDerivative|2026-09-11|Silver Lake Technology Investors V, L.P.|S|Class C Common Stock|9|555.54|I",2026-09-17 04:45:13+0000,DELL,Dell Technologies Inc.,0001571996,4,2026-09-15,2026-09-11,0001193125-26-392114,https://www.sec.gov/Archives/edgar/data/1571996/000119312526392114/ownership.xml,nonDerivative,2026-09-11,S,Class C Common Stock,9,555.54,4999.86,596,I,"Silver Lake Technology Investors V, L.P.",,true,false,true,,SEC EDGAR
"DELL|0001193125-26-392114|nonDerivative|2026-09-11|Silver Lake Technology Investors V, L.P.|S|Class C Common Stock|27|556.80|I",2026-09-17 04:45:13+0000,DELL,Dell Technologies Inc.,0001571996,4,2026-09-15,2026-09-11,0001193125-26-392114,https://www.sec.gov/Archives/edgar/data/1571996/000119312526392114/ownership.xml,nonDerivative,2026-09-11,S,Class C Common Stock,27,556.80,15033.599999999999,569,I,"Silver Lake Technology Investors V, L.P.",,true,false,true,,SEC EDGAR
"DELL|0001193125-26-392114|nonDerivative|2026-09-11|Silver Lake Technology Investors V, L.P.|S|Class C Common Stock|92|557.77|I",2026-09-17 04:45:13+0000,DELL,Dell Technologies Inc.,0001571996,4,2026-09-15,2026-09-11,0001193125-26-392114,https://www.sec.gov/Archives/edgar/data/1571996/000119312526392114/ownership.xml,nonDerivative,2026-09-11,S,Class C Common Stock,92,557.77,51314.84,477,I,"Silver Lake Technology Investors V, L.P.",,true,false,true,,SEC EDGAR
"DELL|0001193125-26-392114|nonDerivative|2026-09-11|Silver Lake Technology Investors V, L.P.|S|Class C Common Stock|81|558.65|I",2026-09-17 04:45:13+0000,DELL,Dell Technologies Inc.,0001571996,4,2026-09-15,2026-09-11,0001193125-26-392114,https://www.sec.gov/Archives/edgar/data/1571996/000119312526392114/ownership.xml,nonDerivative,2026-09-11,S,Class C Common Stock,81,558.65,45250.65,396,I,"Silver Lake Technology Investors V, L.P.",,true,false,true,,SEC EDGAR
"DELL|0001193125-26-392114|nonDerivative|2026-09-11|Silver Lake Technology Investors V, L.P.|S|Class C Common Stock|93|559.62|I",2026-09-17 04:45:13+0000,DELL,Dell Technologies Inc.,0001571996,4,2026-09-15,2026-09-11,0001193125-26-392114,https://www.sec.gov/Archives/edgar/data/1571996/000119312526392114/ownership.xml,nonDerivative,2026-09-11,S,Class C Common Stock,93,559.62,52044.66,303,I,"Silver Lake Technology Investors V, L.P.",,true,false,true,,SEC EDGAR
"DELL|0001193125-26-392114|nonDerivative|2026-09-11|Silver Lake Technology Investors V, L.P.|S|Class C Common Stock|103|560.66|I",2026-09-17 04:45:13+0000,DELL,Dell Technologies Inc.,0001571996,4,2026-09-15,2026-09-11,0001193125-26-392114,https://www.sec.gov/Archives/edgar/data/1571996/000119312526392114/ownership.xml,nonDerivative,2026-09-11,S,Class C Common Stock,103,560.66,57747.979999999996,200,I,"Silver Lake Technology Investors V, L.P.",,true,false,true,,SEC EDGAR
"DELL|0001193125-26-392114|nonDerivative|2026-09-11|Silver Lake Technology Investors V, L.P.|S|Class C Common Stock|86|561.75|I",2026-09-17 04:45:13+0000,DELL,Dell Technologies Inc.,0001571996,4,2026-09-15,2026-09-11,0001193125-26-392114,https://www.sec.gov/Archives/edgar/data/1571996/000119312526392114/ownership.xml,nonDerivative,2026-09-11,S,Class C Common Stock,86,561.75,48310.5,114,I,"Silver Lake Technology Investors V, L.P.",,true,false,true,,SEC EDGAR
"DELL|0001193125-26-392114|nonDerivative|2026-09-11|Silver Lake Technology Investors V, L.P.|S|Class C Common Stock|40|562.53|I",2026-09-17 04:45:13+0000,DELL,Dell Technologies Inc.,0001571996,4,2026-09-15,2026-09-11,0001193125-26-392114,https://www.sec.gov/Archives/edgar/data/1571996/000119312526392114/ownership.xml,nonDerivative,2026-09-11,S,Class C Common Stock,40,562.53,22501.199999999997,74,I,"Silver Lake Technology Investors V, L.P.",,true,false,true,,SEC EDGAR
"DELL|0001193125-26-392114|nonDerivative|2026-09-11|Silver Lake Technology Investors V, L.P.|S|Class C Common Stock|18|563.44|I",2026-09-17 04:45:13+0000,DELL,Dell Technologies Inc.,0001571996,4,2026-09-15,2026-09-11,0001193125-26-392114,https://www.sec.gov/Archives/edgar/data/1571996/000119312526392114/ownership.xml,nonDerivative,2026-09-11,S,Class C Common Stock,18,563.44,10141.920000000002,57,I,"Silver Lake Technology Investors V, L.P.",,true,false,true,,SEC EDGAR
"DELL|0001193125-26-392114|nonDerivative|2026-09-11|Silver Lake Technology Investors V, L.P.|S|Class C Common Stock|25|564.63|I",2026-09-17 04:45:13+0000,DELL,Dell Technologies Inc.,0001571996,4,2026-09-15,2026-09-11,0001193125-26-392114,https://www.sec.gov/Archives/edgar/data/1571996/000119312526392114/ownership.xml,nonDerivative,2026-09-11,S,Class C Common Stock,25,564.63,14115.75,31,I,"Silver Lake Technology Investors V, L.P.",,true,false,true,,SEC EDGAR
"DELL|0001193125-26-392114|nonDerivative|2026-09-11|Silver Lake Technology Investors V, L.P.|S|Class C Common Stock|10|565.63|I",2026-09-17 04:45:13+0000,DELL,Dell Technologies Inc.,0001571996,4,2026-09-15,2026-09-11,0001193125-26-392114,https://www.sec.gov/Archives/edgar/data/1571996/000119312526392114/ownership.xml,nonDerivative,2026-09-11,S,Class C Common Stock,10,565.63,5656.3,21,I,"Silver Lake Technology Investors V, L.P.",,true,false,true,,SEC EDGAR
"DELL|0001193125-26-392114|nonDerivative|2026-09-11|Silver Lake Technology Investors V, L.P.|S|Class C Common Stock|7|566.65|I",2026-09-17 04:45:13+0000,DELL,Dell Technologies Inc.,0001571996,4,2026-09-15,2026-09-11,0001193125-26-392114,https://www.sec.gov/Archives/edgar/data/1571996/000119312526392114/ownership.xml,nonDerivative,2026-09-11,S,Class C Common Stock,7,566.65,3966.5499999999997,14,I,"Silver Lake Technology Investors V, L.P.",,true,false,true,,SEC EDGAR
"DELL|0001193125-26-392114|nonDerivative|2026-09-11|Silver Lake Technology Investors V, L.P.|S|Class C Common Stock|14|567.45|I",2026-09-17 04:45:13+0000,DELL,Dell Technologies Inc.,0001571996,4,2026-09-15,2026-09-11,0001193125-26-392114,https://www.sec.gov/Archives/edgar/data/1571996/000119312526392114/ownership.xml,nonDerivative,2026-09-11,S,Class C Common Stock,14,567.45,7944.300000000001,0,I,"Silver Lake Technology Investors V, L.P.",,true,false,true,,SEC EDGAR
"DELL|0001193125-26-392114|derivative|2026-09-11|Silver Lake Technology Investors V, L.P.|M|Class B Common Stock|729|0|I",2026-09-17 04:45:13+0000,DELL,Dell Technologies Inc.,0001571996,4,2026-09-15,2026-09-11,0001193125-26-392114,https://www.sec.gov/Archives/edgar/data/1571996/000119312526392114/ownership.xml,derivative,2026-09-11,M,Class B Common Stock,729,0,0.0,110372,I,"Silver Lake Technology Investors V, L.P.",,true,false,true,,SEC EDGAR
"DELL|0001193125-26-392044|nonDerivative|2026-09-11|Silver Lake Technology Investors IV, L.P.|M|Class C Common Stock|1617||I",2026-09-17 04:45:13+0000,DELL,Dell Technologies Inc.,0001571996,4,2026-09-15,2026-09-11,0001193125-26-392044,https://www.sec.gov/Archives/edgar/data/1571996/000119312526392044/ownership.xml,nonDerivative,2026-09-11,M,Class C Common Stock,1617,,,1617,I,"Silver Lake Technology Investors IV, L.P.",,true,false,true,,SEC EDGAR
"DELL|0001193125-26-392044|nonDerivative|2026-09-11|Silver Lake Technology Investors IV, L.P.|S|Class C Common Stock|56|547.73|I",2026-09-17 04:45:13+0000,DELL,Dell Technologies Inc.,0001571996,4,2026-09-15,2026-09-11,0001193125-26-392044,https://www.sec.gov/Archives/edgar/data/1571996/000119312526392044/ownership.xml,nonDerivative,2026-09-11,S,Class C Common Stock,56,547.73,30672.88,1561,I,"Silver Lake Technology Investors IV, L.P.",,true,false,true,,SEC EDGAR
"DELL|0001193125-26-392044|nonDerivative|2026-09-11|Silver Lake Technology Investors IV, L.P.|S|Class C Common Stock|41|548.47|I",2026-09-17 04:45:13+0000,DELL,Dell Technologies Inc.,0001571996,4,2026-09-15,2026-09-11,0001193125-26-392044,https://www.sec.gov/Archives/edgar/data/1571996/000119312526392044/ownership.xml,nonDerivative,2026-09-11,S,Class C Common Stock,41,548.47,22487.27,1521,I,"Silver Lake Technology Investors IV, L.P.",,true,false,true,,SEC EDGAR
"DELL|0001193125-26-392044|nonDerivative|2026-09-11|Silver Lake Technology Investors IV, L.P.|S|Class C Common Stock|13|550.03|I",2026-09-17 04:45:13+0000,DELL,Dell Technologies Inc.,0001571996,4,2026-09-15,2026-09-11,0001193125-26-392044,https://www.sec.gov/Archives/edgar/data/1571996/000119312526392044/ownership.xml,nonDerivative,2026-09-11,S,Class C Common Stock,13,550.03,7150.389999999999,1507,I,"Silver Lake Technology Investors IV, L.P.",,true,false,true,,SEC EDGAR
"DELL|0001193125-26-392044|nonDerivative|2026-09-11|Silver Lake Technology Investors IV, L.P.|S|Class C Common Stock|30|551.38|I",2026-09-17 04:45:13+0000,DELL,Dell Technologies Inc.,0001571996,4,2026-09-15,2026-09-11,0001193125-26-392044,https://www.sec.gov/Archives/edgar/data/1571996/000119312526392044/ownership.xml,nonDerivative,2026-09-11,S,Class C Common Stock,30,551.38,16541.4,1477,I,"Silver Lake Technology Investors IV, L.P.",,true,false,true,,SEC EDGAR
"DELL|0001193125-26-392044|nonDerivative|2026-09-11|Silver Lake Technology Investors IV, L.P.|S|Class C Common Stock|73|552.15|I",2026-09-17 04:45:13+0000,DELL,Dell Technologies Inc.,0001571996,4,2026-09-15,2026-09-11,0001193125-26-392044,https://www.sec.gov/Archives/edgar/data/1571996/000119312526392044/ownership.xml,nonDerivative,2026-09-11,S,Class C Common Stock,73,552.15,40306.95,1404,I,"Silver Lake Technology Investors IV, L.P.",,true,false,true,,SEC EDGAR
"DELL|0001193125-26-392044|nonDerivative|2026-09-11|Silver Lake Technology Investors IV, L.P.|S|Class C Common Stock|54|553.09|I",2026-09-17 04:45:13+0000,DELL,Dell Technologies Inc.,0001571996,4,2026-09-15,2026-09-11,0001193125-26-392044,https://www.sec.gov/Archives/edgar/data/1571996/000119312526392044/ownership.xml,nonDerivative,2026-09-11,S,Class C Common Stock,54,553.09,29866.86,1351,I,"Silver Lake Technology Investors IV, L.P.",,true,false,true,,SEC EDGAR
"DELL|0001193125-26-392044|nonDerivative|2026-09-11|Silver Lake Technology Investors IV, L.P.|S|Class C Common Stock|9|554.33|I",2026-09-17 04:45:13+0000,DELL,Dell Technologies Inc.,0001571996,4,2026-09-15,2026-09-11,0001193125-26-392044,https://www.sec.gov/Archives/edgar/data/1571996/000119312526392044/ownership.xml,nonDerivative,2026-09-11,S,Class C Common Stock,9,554.33,4988.97,1341,I,"Silver Lake Technology Investors IV, L.P.",,true,false,true,,SEC EDGAR
"DELL|0001193125-26-392044|nonDerivative|2026-09-11|Silver Lake Technology Investors IV, L.P.|S|Class C Common Stock|19|555.54|I",2026-09-17 04:45:13+0000,DELL,Dell Technologies Inc.,0001571996,4,2026-09-15,2026-09-11,0001193125-26-392044,https://www.sec.gov/Archives/edgar/data/1571996/000119312526392044/ownership.xml,nonDerivative,2026-09-11,S,Class C Common Stock,19,555.54,10555.259999999998,1322,I,"Silver Lake Technology Investors IV, L.P.",,true,false,true,,SEC EDGAR
"DELL|0001193125-26-392044|nonDerivative|2026-09-11|Silver Lake Technology Investors IV, L.P.|S|Class C Common Stock|60|556.80|I",2026-09-17 04:45:13+0000,DELL,Dell Technologies Inc.,0001571996,4,2026-09-15,2026-09-11,0001193125-26-392044,https://www.sec.gov/Archives/edgar/data/1571996/000119312526392044/ownership.xml,nonDerivative,2026-09-11,S,Class C Common Stock,60,556.80,33408.0,1262,I,"Silver Lake Technology Investors IV, L.P.",,true,false,true,,SEC EDGAR
"DELL|0001193125-26-392044|nonDerivative|2026-09-11|Silver Lake Technology Investors IV, L.P.|S|Class C Common Stock|203|557.77|I",2026-09-17 04:45:13+0000,DELL,Dell Technologies Inc.,0001571996,4,2026-09-15,2026-09-11,0001193125-26-392044,https://www.sec.gov/Archives/edgar/data/1571996/000119312526392044/ownership.xml,nonDerivative,2026-09-11,S,Class C Common Stock,203,557.77,113227.31,1059,I,"Silver Lake Technology Investors IV, L.P.",,true,false,true,,SEC EDGAR
"DELL|0001193125-26-392044|nonDerivative|2026-09-11|Silver Lake Technology Investors IV, L.P.|S|Class C Common Stock|181|558.65|I",2026-09-17 04:45:13+0000,DELL,Dell Technologies Inc.,0001571996,4,2026-09-15,2026-09-11,0001193125-26-392044,https://www.sec.gov/Archives/edgar/data/1571996/000119312526392044/ownership.xml,nonDerivative,2026-09-11,S,Class C Common Stock,181,558.65,101115.65,878,I,"Silver Lake Technology Investors IV, L.P.",,true,false,true,,SEC EDGAR
"DELL|0001193125-26-392044|nonDerivative|2026-09-11|Silver Lake Technology Investors IV, L.P.|S|Class C Common Stock|207|559.62|I",2026-09-17 04:45:13+0000,DELL,Dell Technologies Inc.,0001571996,4,2026-09-15,2026-09-11,0001193125-26-392044,https://www.sec.gov/Archives/edgar/data/1571996/000119312526392044/ownership.xml,nonDerivative,2026-09-11,S,Class C Common Stock,207,559.62,115841.34,672,I,"Silver Lake Technology Investors IV, L.P.",,true,false,true,,SEC EDGAR
"DELL|0001193125-26-392044|nonDerivative|2026-09-11|Silver Lake Technology Investors IV, L.P.|S|Class C Common Stock|229|560.66|I",2026-09-17 04:45:13+0000,DELL,Dell Technologies Inc.,0001571996,4,2026-09-15,2026-09-11,0001193125-26-392044,https://www.sec.gov/Archives/edgar/data/1571996/000119312526392044/ownership.xml,nonDerivative,2026-09-11,S,Class C Common Stock,229,560.66,128391.14,443,I,"Silver Lake Technology Investors IV, L.P.",,true,false,true,,SEC EDGAR
"DELL|0001193125-26-392044|nonDerivative|2026-09-11|Silver Lake Technology Investors IV, L.P.|S|Class C Common Stock|190|561.75|I",2026-09-17 04:45:13+0000,DELL,Dell Technologies Inc.,0001571996,4,2026-09-15,2026-09-11,0001193125-26-392044,https://www.sec.gov/Archives/edgar/data/1571996/000119312526392044/ownership.xml,nonDerivative,2026-09-11,S,Class C Common Stock,190,561.75,106732.5,253,I,"Silver Lake Technology Investors IV, L.P.",,true,false,true,,SEC EDGAR
"DELL|0001193125-26-392044|nonDerivative|2026-09-11|Silver Lake Technology Investors IV, L.P.|S|Class C Common Stock|88|562.53|I",2026-09-17 04:45:13+0000,DELL,Dell Technologies Inc.,0001571996,4,2026-09-15,2026-09-11,0001193125-26-392044,https://www.sec.gov/Archives/edgar/data/1571996/000119312526392044/ownership.xml,nonDerivative,2026-09-11,S,Class C Common Stock,88,562.53,49502.64,165,I,"Silver Lake Technology Investors IV, L.P.",,true,false,true,,SEC EDGAR
"DELL|0001193125-26-392044|nonDerivative|2026-09-11|Silver Lake Technology Investors IV, L.P.|S|Class C Common Stock|39|563.44|I",2026-09-17 04:45:13+0000,DELL,Dell Technologies Inc.,0001571996,4,2026-09-15,2026-09-11,0001193125-26-392044,https://www.sec.gov/Archives/edgar/data/1571996/000119312526392044/ownership.xml,nonDerivative,2026-09-11,S,Class C Common Stock,39,563.44,21974.160000000003,126,I,"Silver Lake Technology Investors IV, L.P.",,true,false,true,,SEC EDGAR
"DELL|0001193125-26-392044|nonDerivative|2026-09-11|Silver Lake Technology Investors IV, L.P.|S|Class C Common Stock|57|564.63|I",2026-09-17 04:45:13+0000,DELL,Dell Technologies Inc.,0001571996,4,2026-09-15,2026-09-11,0001193125-26-392044,https://www.sec.gov/Archives/edgar/data/1571996/000119312526392044/ownership.xml,nonDerivative,2026-09-11,S,Class C Common Stock,57,564.63,32183.91,69,I,"Silver Lake Technology Investors IV, L.P.",,true,false,true,,SEC EDGAR
"DELL|0001193125-26-392044|nonDerivative|2026-09-11|Silver Lake Technology Investors IV, L.P.|S|Class C Common Stock|23|565.63|I",2026-09-17 04:45:13+0000,DELL,Dell Technologies Inc.,0001571996,4,2026-09-15,2026-09-11,0001193125-26-392044,https://www.sec.gov/Archives/edgar/data/1571996/000119312526392044/ownership.xml,nonDerivative,2026-09-11,S,Class C Common Stock,23,565.63,13009.49,46,I,"Silver Lake Technology Investors IV, L.P.",,true,false,true,,SEC EDGAR
"DELL|0001193125-26-392044|nonDerivative|2026-09-11|Silver Lake Technology Investors IV, L.P.|S|Class C Common Stock|15|566.65|I",2026-09-17 04:45:13+0000,DELL,Dell Technologies Inc.,0001571996,4,2026-09-15,2026-09-11,0001193125-26-392044,https://www.sec.gov/Archives/edgar/data/1571996/000119312526392044/ownership.xml,nonDerivative,2026-09-11,S,Class C Common Stock,15,566.65,8499.75,31,I,"Silver Lake Technology Investors IV, L.P.",,true,false,true,,SEC EDGAR
"DELL|0001193125-26-392044|nonDerivative|2026-09-11|Silver Lake Technology Investors IV, L.P.|S|Class C Common Stock|31|567.45|I",2026-09-17 04:45:13+0000,DELL,Dell Technologies Inc.,0001571996,4,2026-09-15,2026-09-11,0001193125-26-392044,https://www.sec.gov/Archives/edgar/data/1571996/000119312526392044/ownership.xml,nonDerivative,2026-09-11,S,Class C Common Stock,31,567.45,17590.95,0,I,"Silver Lake Technology Investors IV, L.P.",,true,false,true,,SEC EDGAR
"DELL|0001193125-26-392044|derivative|2026-09-11|Silver Lake Technology Investors IV, L.P.|M|Class B Common Stock|1617|0|I",2026-09-17 04:45:13+0000,DELL,Dell Technologies Inc.,0001571996,4,2026-09-15,2026-09-11,0001193125-26-392044,https://www.sec.gov/Archives/edgar/data/1571996/000119312526392044/ownership.xml,derivative,2026-09-11,M,Class B Common Stock,1617,0,0.0,244756,I,"Silver Lake Technology Investors IV, L.P.",,true,false,true,,SEC EDGAR
"DELL|0001193125-26-392050|nonDerivative|2026-09-11|Silver Lake Partners V DE (AIV), L.P.|M|Class C Common Stock|59479||I",2026-09-17 04:45:13+0000,DELL,Dell Technologies Inc.,0001571996,4,2026-09-15,2026-09-11,0001193125-26-392050,https://www.sec.gov/Archives/edgar/data/1571996/000119312526392050/ownership.xml,nonDerivative,2026-09-11,M,Class C Common Stock,59479,,,83967,I,"Silver Lake Partners V DE (AIV), L.P.",,true,false,true,,SEC EDGAR
"DELL|0001193125-26-392050|nonDerivative|2026-09-11|Silver Lake Partners V DE (AIV), L.P.|S|Class C Common Stock|1424|547.73|I",2026-09-17 04:45:13+0000,DELL,Dell Technologies Inc.,0001571996,4,2026-09-15,2026-09-11,0001193125-26-392050,https://www.sec.gov/Archives/edgar/data/1571996/000119312526392050/ownership.xml,nonDerivative,2026-09-11,S,Class C Common Stock,1424,547.73,779967.52,82543,I,"Silver Lake Partners V DE (AIV), L.P.",,true,false,true,,SEC EDGAR
"DELL|0001193125-26-392050|nonDerivative|2026-09-11|Silver Lake Partners V DE (AIV), L.P.|S|Class C Common Stock|1044|548.47|I",2026-09-17 04:45:13+0000,DELL,Dell Technologies Inc.,0001571996,4,2026-09-15,2026-09-11,0001193125-26-392050,https://www.sec.gov/Archives/edgar/data/1571996/000119312526392050/ownership.xml,nonDerivative,2026-09-11,S,Class C Common Stock,1044,548.47,572602.68,81499,I,"Silver Lake Partners V DE (AIV), L.P.",,true,false,true,,SEC EDGAR
"DELL|0001193125-26-392050|nonDerivative|2026-09-11|Silver Lake Partners V DE (AIV), L.P.|S|Class C Common Stock|340|550.03|I",2026-09-17 04:45:13+0000,DELL,Dell Technologies Inc.,0001571996,4,2026-09-15,2026-09-11,0001193125-26-392050,https://www.sec.gov/Archives/edgar/data/1571996/000119312526392050/ownership.xml,nonDerivative,2026-09-11,S,Class C Common Stock,340,550.03,187010.19999999998,81159,I,"Silver Lake Partners V DE (AIV), L.P.",,true,false,true,,SEC EDGAR
"DELL|0001193125-26-392050|nonDerivative|2026-09-11|Silver Lake Partners V DE (AIV), L.P.|S|Class C Common Stock|773|551.38|I",2026-09-17 04:45:13+0000,DELL,Dell Technologies Inc.,0001571996,4,2026-09-15,2026-09-11,0001193125-26-392050,https://www.sec.gov/Archives/edgar/data/1571996/000119312526392050/ownership.xml,nonDerivative,2026-09-11,S,Class C Common Stock,773,551.38,426216.74,80386,I,"Silver Lake Partners V DE (AIV), L.P.",,true,false,true,,SEC EDGAR
"DELL|0001193125-26-392050|nonDerivative|2026-09-11|Silver Lake Partners V DE (AIV), L.P.|S|Class C Common Stock|1873|552.15|I",2026-09-17 04:45:13+0000,DELL,Dell Technologies Inc.,0001571996,4,2026-09-15,2026-09-11,0001193125-26-392050,https://www.sec.gov/Archives/edgar/data/1571996/000119312526392050/ownership.xml,nonDerivative,2026-09-11,S,Class C Common Stock,1873,552.15,1034176.95,78512,I,"Silver Lake Partners V DE (AIV), L.P.",,true,false,true,,SEC EDGAR
"DELL|0001193125-26-392050|nonDerivative|2026-09-11|Silver Lake Partners V DE (AIV), L.P.|S|Class C Common Stock|1371|553.09|I",2026-09-17 04:45:13+0000,DELL,Dell Technologies Inc.,0001571996,4,2026-09-15,2026-09-11,0001193125-26-392050,https://www.sec.gov/Archives/edgar/data/1571996/000119312526392050/ownership.xml,nonDerivative,2026-09-11,S,Class C Common Stock,1371,553.09,758286.39,77141,I,"Silver Lake Partners V DE (AIV), L.P.",,true,false,true,,SEC EDGAR
"DELL|0001193125-26-392050|nonDerivative|2026-09-11|Silver Lake Partners V DE (AIV), L.P.|S|Class C Common Stock|236|554.33|I",2026-09-17 04:45:13+0000,DELL,Dell Technologies Inc.,0001571996,4,2026-09-15,2026-09-11,0001193125-26-392050,https://www.sec.gov/Archives/edgar/data/1571996/000119312526392050/ownership.xml,nonDerivative,2026-09-11,S,Class C Common Stock,236,554.33,130821.88,76905,I,"Silver Lake Partners V DE (AIV), L.P.",,true,false,true,,SEC EDGAR
"DELL|0001193125-26-392050|nonDerivative|2026-09-11|Silver Lake Partners V DE (AIV), L.P.|S|Class C Common Stock|499|555.54|I",2026-09-17 04:45:13+0000,DELL,Dell Technologies Inc.,0001571996,4,2026-09-15,2026-09-11,0001193125-26-392050,https://www.sec.gov/Archives/edgar/data/1571996/000119312526392050/ownership.xml,nonDerivative,2026-09-11,S,Class C Common Stock,499,555.54,277214.45999999996,76407,I,"Silver Lake Partners V DE (AIV), L.P.",,true,false,true,,SEC EDGAR
"DELL|0001193125-26-392050|nonDerivative|2026-09-11|Silver Lake Partners V DE (AIV), L.P.|S|Class C Common Stock|1527|556.80|I",2026-09-17 04:45:13+0000,DELL,Dell Technologies Inc.,0001571996,4,2026-09-15,2026-09-11,0001193125-26-392050,https://www.sec.gov/Archives/edgar/data/1571996/000119312526392050/ownership.xml,nonDerivative,2026-09-11,S,Class C Common Stock,1527,556.80,850233.6,74880,I,"Silver Lake Partners V DE (AIV), L.P.",,true,false,true,,SEC EDGAR
"DELL|0001193125-26-392050|nonDerivative|2026-09-11|Silver Lake Partners V DE (AIV), L.P.|S|Class C Common Stock|5212|557.77|I",2026-09-17 04:45:13+0000,DELL,Dell Technologies Inc.,0001571996,4,2026-09-15,2026-09-11,0001193125-26-392050,https://www.sec.gov/Archives/edgar/data/1571996/000119312526392050/ownership.xml,nonDerivative,2026-09-11,S,Class C Common Stock,5212,557.77,2907097.2399999998,69668,I,"Silver Lake Partners V DE (AIV), L.P.",,true,false,true,,SEC EDGAR
"DELL|0001193125-26-392050|nonDerivative|2026-09-11|Silver Lake Partners V DE (AIV), L.P.|S|Class C Common Stock|4627|558.65|I",2026-09-17 04:45:13+0000,DELL,Dell Technologies Inc.,0001571996,4,2026-09-15,2026-09-11,0001193125-26-392050,https://www.sec.gov/Archives/edgar/data/1571996/000119312526392050/ownership.xml,nonDerivative,2026-09-11,S,Class C Common Stock,4627,558.65,2584873.55,65041,I,"Silver Lake Partners V DE (AIV), L.P.",,true,false,true,,SEC EDGAR
"DELL|0001193125-26-392050|nonDerivative|2026-09-11|Silver Lake Partners V DE (AIV), L.P.|S|Class C Common Stock|5299|559.62|I",2026-09-17 04:45:13+0000,DELL,Dell Technologies Inc.,0001571996,4,2026-09-15,2026-09-11,0001193125-26-392050,https://www.sec.gov/Archives/edgar/data/1571996/000119312526392050/ownership.xml,nonDerivative,2026-09-11,S,Class C Common Stock,5299,559.62,2965426.38,59741,I,"Silver Lake Partners V DE (AIV), L.P.",,true,false,true,,SEC EDGAR
"DELL|0001193125-26-392050|nonDerivative|2026-09-11|Silver Lake Partners V DE (AIV), L.P.|S|Class C Common Stock|5867|560.66|I",2026-09-17 04:45:13+0000,DELL,Dell Technologies Inc.,0001571996,4,2026-09-15,2026-09-11,0001193125-26-392050,https://www.sec.gov/Archives/edgar/data/1571996/000119312526392050/ownership.xml,nonDerivative,2026-09-11,S,Class C Common Stock,5867,560.66,3289392.2199999997,53875,I,"Silver Lake Partners V DE (AIV), L.P.",,true,false,true,,SEC EDGAR
"DELL|0001193125-26-392050|nonDerivative|2026-09-11|Silver Lake Partners V DE (AIV), L.P.|S|Class C Common Stock|4865|561.75|I",2026-09-17 04:45:13+0000,DELL,Dell Technologies Inc.,0001571996,4,2026-09-15,2026-09-11,0001193125-26-392050,https://www.sec.gov/Archives/edgar/data/1571996/000119312526392050/ownership.xml,nonDerivative,2026-09-11,S,Class C Common Stock,4865,561.75,2732913.75,49009,I,"Silver Lake Partners V DE (AIV), L.P.",,true,false,true,,SEC EDGAR
"DELL|0001193125-26-392050|nonDerivative|2026-09-11|Silver Lake Partners V DE (AIV), L.P.|S|Class C Common Stock|2258|562.53|I",2026-09-17 04:45:13+0000,DELL,Dell Technologies Inc.,0001571996,4,2026-09-15,2026-09-11,0001193125-26-392050,https://www.sec.gov/Archives/edgar/data/1571996/000119312526392050/ownership.xml,nonDerivative,2026-09-11,S,Class C Common Stock,2258,562.53,1270192.74,46751,I,"Silver Lake Partners V DE (AIV), L.P.",,true,false,true,,SEC EDGAR
"DELL|0001193125-26-392050|nonDerivative|2026-09-11|Silver Lake Partners V DE (AIV), L.P.|S|Class C Common Stock|998|563.44|I",2026-09-17 04:45:13+0000,DELL,Dell Technologies Inc.,0001571996,4,2026-09-15,2026-09-11,0001193125-26-392050,https://www.sec.gov/Archives/edgar/data/1571996/000119312526392050/ownership.xml,nonDerivative,2026-09-11,S,Class C Common Stock,998,563.44,562313.1200000001,45753,I,"Silver Lake Partners V DE (AIV), L.P.",,true,false,true,,SEC EDGAR
"DELL|0001193125-26-392050|nonDerivative|2026-09-11|Silver Lake Partners V DE (AIV), L.P.|S|Class C Common Stock|1449|564.63|I",2026-09-17 04:45:13+0000,DELL,Dell Technologies Inc.,0001571996,4,2026-09-15,2026-09-11,0001193125-26-392050,https://www.sec.gov/Archives/edgar/data/1571996/000119312526392050/ownership.xml,nonDerivative,2026-09-11,S,Class C Common Stock,1449,564.63,818148.87,44304,I,"Silver Lake Partners V DE (AIV), L.P.",,true,false,true,,SEC EDGAR
"DELL|0001193125-26-392050|nonDerivative|2026-09-11|Silver Lake Partners V DE (AIV), L.P.|S|Class C Common Stock|595|565.63|I",2026-09-17 04:45:13+0000,DELL,Dell Technologies Inc.,0001571996,4,2026-09-15,2026-09-11,0001193125-26-392050,https://www.sec.gov/Archives/edgar/data/1571996/000119312526392050/ownership.xml,nonDerivative,2026-09-11,S,Class C Common Stock,595,565.63,336549.85,43710,I,"Silver Lake Partners V DE (AIV), L.P.",,true,false,true,,SEC EDGAR
"DELL|0001193125-26-392050|nonDerivative|2026-09-11|Silver Lake Partners V DE (AIV), L.P.|S|Class C Common Stock|378|566.65|I",2026-09-17 04:45:13+0000,DELL,Dell Technologies Inc.,0001571996,4,2026-09-15,2026-09-11,0001193125-26-392050,https://www.sec.gov/Archives/edgar/data/1571996/000119312526392050/ownership.xml,nonDerivative,2026-09-11,S,Class C Common Stock,378,566.65,214193.69999999998,43332,I,"Silver Lake Partners V DE (AIV), L.P.",,true,false,true,,SEC EDGAR
"DELL|0001193125-26-392050|nonDerivative|2026-09-11|Silver Lake Partners V DE (AIV), L.P.|S|Class C Common Stock|799|567.45|I",2026-09-17 04:45:13+0000,DELL,Dell Technologies Inc.,0001571996,4,2026-09-15,2026-09-11,0001193125-26-392050,https://www.sec.gov/Archives/edgar/data/1571996/000119312526392050/ownership.xml,nonDerivative,2026-09-11,S,Class C Common Stock,799,567.45,453392.55000000005,42533,I,"Silver Lake Partners V DE (AIV), L.P.",,true,false,true,,SEC EDGAR
"DELL|0001193125-26-392050|nonDerivative|2026-09-11|Silver Lake Partners V DE (AIV), L.P.|J|Class C Common Stock|24488||I",2026-09-17 04:45:13+0000,DELL,Dell Technologies Inc.,0001571996,4,2026-09-15,2026-09-11,0001193125-26-392050,https://www.sec.gov/Archives/edgar/data/1571996/000119312526392050/ownership.xml,nonDerivative,2026-09-11,J,Class C Common Stock,24488,,,18045,I,"Silver Lake Partners V DE (AIV), L.P.",,true,false,true,,SEC EDGAR
"DELL|0001193125-26-392050|derivative|2026-09-11|Silver Lake Partners V DE (AIV), L.P.|M|Class B Common Stock|59479|0|I",2026-09-17 04:45:13+0000,DELL,Dell Technologies Inc.,0001571996,4,2026-09-15,2026-09-11,0001193125-26-392050,https://www.sec.gov/Archives/edgar/data/1571996/000119312526392050/ownership.xml,derivative,2026-09-11,M,Class B Common Stock,59479,0,0.0,9004560,I,"Silver Lake Partners V DE (AIV), L.P.",,true,false,true,,SEC EDGAR
"DELL|0001193125-26-392079|nonDerivative|2026-09-11|Silver Lake Partners IV, L.P.|M|Class C Common Stock|109882||I",2026-09-17 04:45:13+0000,DELL,Dell Technologies Inc.,0001571996,4,2026-09-15,2026-09-11,0001193125-26-392079,https://www.sec.gov/Archives/edgar/data/1571996/000119312526392079/ownership.xml,nonDerivative,2026-09-11,M,Class C Common Stock,109882,,,151731,I,"Silver Lake Partners IV, L.P.",,true,false,true,,SEC EDGAR
"DELL|0001193125-26-392079|nonDerivative|2026-09-11|Silver Lake Partners IV, L.P.|S|Class C Common Stock|2717|547.73|I",2026-09-17 04:45:13+0000,DELL,Dell Technologies Inc.,0001571996,4,2026-09-15,2026-09-11,0001193125-26-392079,https://www.sec.gov/Archives/edgar/data/1571996/000119312526392079/ownership.xml,nonDerivative,2026-09-11,S,Class C Common Stock,2717,547.73,1488182.4100000001,149014,I,"Silver Lake Partners IV, L.P.",,true,false,true,,SEC EDGAR
"DELL|0001193125-26-392079|nonDerivative|2026-09-11|Silver Lake Partners IV, L.P.|S|Class C Common Stock|1993|548.47|I",2026-09-17 04:45:13+0000,DELL,Dell Technologies Inc.,0001571996,4,2026-09-15,2026-09-11,0001193125-26-392079,https://www.sec.gov/Archives/edgar/data/1571996/000119312526392079/ownership.xml,nonDerivative,2026-09-11,S,Class C Common Stock,1993,548.47,1093100.71,147021,I,"Silver Lake Partners IV, L.P.",,true,false,true,,SEC EDGAR
"DELL|0001193125-26-392079|nonDerivative|2026-09-11|Silver Lake Partners IV, L.P.|S|Class C Common Stock|649|550.03|I",2026-09-17 04:45:13+0000,DELL,Dell Technologies Inc.,0001571996,4,2026-09-15,2026-09-11,0001193125-26-392079,https://www.sec.gov/Archives/edgar/data/1571996/000119312526392079/ownership.xml,nonDerivative,2026-09-11,S,Class C Common Stock,649,550.03,356969.47,146372,I,"Silver Lake Partners IV, L.P.",,true,false,true,,SEC EDGAR
"DELL|0001193125-26-392079|nonDerivative|2026-09-11|Silver Lake Partners IV, L.P.|S|Class C Common Stock|1476|551.38|I",2026-09-17 04:45:13+0000,DELL,Dell Technologies Inc.,0001571996,4,2026-09-15,2026-09-11,0001193125-26-392079,https://www.sec.gov/Archives/edgar/data/1571996/000119312526392079/ownership.xml,nonDerivative,2026-09-11,S,Class C Common Stock,1476,551.38,813836.88,144896,I,"Silver Lake Partners IV, L.P.",,true,false,true,,SEC EDGAR
"DELL|0001193125-26-392079|nonDerivative|2026-09-11|Silver Lake Partners IV, L.P.|S|Class C Common Stock|3575|552.15|I",2026-09-17 04:45:13+0000,DELL,Dell Technologies Inc.,0001571996,4,2026-09-15,2026-09-11,0001193125-26-392079,https://www.sec.gov/Archives/edgar/data/1571996/000119312526392079/ownership.xml,nonDerivative,2026-09-11,S,Class C Common Stock,3575,552.15,1973936.25,141322,I,"Silver Lake Partners IV, L.P.",,true,false,true,,SEC EDGAR
"DELL|0001193125-26-392079|nonDerivative|2026-09-11|Silver Lake Partners IV, L.P.|S|Class C Common Stock|2617|553.09|I",2026-09-17 04:45:13+0000,DELL,Dell Technologies Inc.,0001571996,4,2026-09-15,2026-09-11,0001193125-26-392079,https://www.sec.gov/Archives/edgar/data/1571996/000119312526392079/ownership.xml,nonDerivative,2026-09-11,S,Class C Common Stock,2617,553.09,1447436.53,138705,I,"Silver Lake Partners IV, L.P.",,true,false,true,,SEC EDGAR
"DELL|0001193125-26-392079|nonDerivative|2026-09-11|Silver Lake Partners IV, L.P.|S|Class C Common Stock|450|554.33|I",2026-09-17 04:45:13+0000,DELL,Dell Technologies Inc.,0001571996,4,2026-09-15,2026-09-11,0001193125-26-392079,https://www.sec.gov/Archives/edgar/data/1571996/000119312526392079/ownership.xml,nonDerivative,2026-09-11,S,Class C Common Stock,450,554.33,249448.50000000003,138255,I,"Silver Lake Partners IV, L.P.",,true,false,true,,SEC EDGAR
"DELL|0001193125-26-392079|nonDerivative|2026-09-11|Silver Lake Partners IV, L.P.|S|Class C Common Stock|952|555.54|I",2026-09-17 04:45:13+0000,DELL,Dell Technologies Inc.,0001571996,4,2026-09-15,2026-09-11,0001193125-26-392079,https://www.sec.gov/Archives/edgar/data/1571996/000119312526392079/ownership.xml,nonDerivative,2026-09-11,S,Class C Common Stock,952,555.54,528874.08,137303,I,"Silver Lake Partners IV, L.P.",,true,false,true,,SEC EDGAR
"DELL|0001193125-26-392079|nonDerivative|2026-09-11|Silver Lake Partners IV, L.P.|S|Class C Common Stock|2913|556.80|I",2026-09-17 04:45:13+0000,DELL,Dell Technologies Inc.,0001571996,4,2026-09-15,2026-09-11,0001193125-26-392079,https://www.sec.gov/Archives/edgar/data/1571996/000119312526392079/ownership.xml,nonDerivative,2026-09-11,S,Class C Common Stock,2913,556.80,1621958.4,134390,I,"Silver Lake Partners IV, L.P.",,true,false,true,,SEC EDGAR
"DELL|0001193125-26-392079|nonDerivative|2026-09-11|Silver Lake Partners IV, L.P.|S|Class C Common Stock|9947|557.77|I",2026-09-17 04:45:13+0000,DELL,Dell Technologies Inc.,0001571996,4,2026-09-15,2026-09-11,0001193125-26-392079,https://www.sec.gov/Archives/edgar/data/1571996/000119312526392079/ownership.xml,nonDerivative,2026-09-11,S,Class C Common Stock,9947,557.77,5548138.1899999995,124443,I,"Silver Lake Partners IV, L.P.",,true,false,true,,SEC EDGAR
"DELL|0001193125-26-392079|nonDerivative|2026-09-11|Silver Lake Partners IV, L.P.|S|Class C Common Stock|8830|558.65|I",2026-09-17 04:45:13+0000,DELL,Dell Technologies Inc.,0001571996,4,2026-09-15,2026-09-11,0001193125-26-392079,https://www.sec.gov/Archives/edgar/data/1571996/000119312526392079/ownership.xml,nonDerivative,2026-09-11,S,Class C Common Stock,8830,558.65,4932879.5,115613,I,"Silver Lake Partners IV, L.P.",,true,false,true,,SEC EDGAR
"DELL|0001193125-26-392079|nonDerivative|2026-09-11|Silver Lake Partners IV, L.P.|S|Class C Common Stock|10113|559.62|I",2026-09-17 04:45:13+0000,DELL,Dell Technologies Inc.,0001571996,4,2026-09-15,2026-09-11,0001193125-26-392079,https://www.sec.gov/Archives/edgar/data/1571996/000119312526392079/ownership.xml,nonDerivative,2026-09-11,S,Class C Common Stock,10113,559.62,5659437.06,105500,I,"Silver Lake Partners IV, L.P.",,true,false,true,,SEC EDGAR
"DELL|0001193125-26-392079|nonDerivative|2026-09-11|Silver Lake Partners IV, L.P.|S|Class C Common Stock|11196|560.66|I",2026-09-17 04:45:13+0000,DELL,Dell Technologies Inc.,0001571996,4,2026-09-15,2026-09-11,0001193125-26-392079,https://www.sec.gov/Archives/edgar/data/1571996/000119312526392079/ownership.xml,nonDerivative,2026-09-11,S,Class C Common Stock,11196,560.66,6277149.359999999,94304,I,"Silver Lake Partners IV, L.P.",,true,false,true,,SEC EDGAR
"DELL|0001193125-26-392079|nonDerivative|2026-09-11|Silver Lake Partners IV, L.P.|S|Class C Common Stock|9285|561.75|I",2026-09-17 04:45:13+0000,DELL,Dell Technologies Inc.,0001571996,4,2026-09-15,2026-09-11,0001193125-26-392079,https://www.sec.gov/Archives/edgar/data/1571996/000119312526392079/ownership.xml,nonDerivative,2026-09-11,S,Class C Common Stock,9285,561.75,5215848.75,85019,I,"Silver Lake Partners IV, L.P.",,true,false,true,,SEC EDGAR
"DELL|0001193125-26-392079|nonDerivative|2026-09-11|Silver Lake Partners IV, L.P.|S|Class C Common Stock|4310|562.53|I",2026-09-17 04:45:13+0000,DELL,Dell Technologies Inc.,0001571996,4,2026-09-15,2026-09-11,0001193125-26-392079,https://www.sec.gov/Archives/edgar/data/1571996/000119312526392079/ownership.xml,nonDerivative,2026-09-11,S,Class C Common Stock,4310,562.53,2424504.3,80709,I,"Silver Lake Partners IV, L.P.",,true,false,true,,SEC EDGAR
"DELL|0001193125-26-392079|nonDerivative|2026-09-11|Silver Lake Partners IV, L.P.|S|Class C Common Stock|1904|563.44|I",2026-09-17 04:45:13+0000,DELL,Dell Technologies Inc.,0001571996,4,2026-09-15,2026-09-11,0001193125-26-392079,https://www.sec.gov/Archives/edgar/data/1571996/000119312526392079/ownership.xml,nonDerivative,2026-09-11,S,Class C Common Stock,1904,563.44,1072789.76,78806,I,"Silver Lake Partners IV, L.P.",,true,false,true,,SEC EDGAR
"DELL|0001193125-26-392079|nonDerivative|2026-09-11|Silver Lake Partners IV, L.P.|S|Class C Common Stock|2765|564.63|I",2026-09-17 04:45:13+0000,DELL,Dell Technologies Inc.,0001571996,4,2026-09-15,2026-09-11,0001193125-26-392079,https://www.sec.gov/Archives/edgar/data/1571996/000119312526392079/ownership.xml,nonDerivative,2026-09-11,S,Class C Common Stock,2765,564.63,1561201.95,76041,I,"Silver Lake Partners IV, L.P.",,true,false,true,,SEC EDGAR
"DELL|0001193125-26-392079|nonDerivative|2026-09-11|Silver Lake Partners IV, L.P.|S|Class C Common Stock|1135|565.63|I",2026-09-17 04:45:13+0000,DELL,Dell Technologies Inc.,0001571996,4,2026-09-15,2026-09-11,0001193125-26-392079,https://www.sec.gov/Archives/edgar/data/1571996/000119312526392079/ownership.xml,nonDerivative,2026-09-11,S,Class C Common Stock,1135,565.63,641990.05,74905,I,"Silver Lake Partners IV, L.P.",,true,false,true,,SEC EDGAR
"DELL|0001193125-26-392079|nonDerivative|2026-09-11|Silver Lake Partners IV, L.P.|S|Class C Common Stock|721|566.65|I",2026-09-17 04:45:13+0000,DELL,Dell Technologies Inc.,0001571996,4,2026-09-15,2026-09-11,0001193125-26-392079,https://www.sec.gov/Archives/edgar/data/1571996/000119312526392079/ownership.xml,nonDerivative,2026-09-11,S,Class C Common Stock,721,566.65,408554.64999999997,74184,I,"Silver Lake Partners IV, L.P.",,true,false,true,,SEC EDGAR
"DELL|0001193125-26-392079|nonDerivative|2026-09-11|Silver Lake Partners IV, L.P.|S|Class C Common Stock|1524|567.45|I",2026-09-17 04:45:13+0000,DELL,Dell Technologies Inc.,0001571996,4,2026-09-15,2026-09-11,0001193125-26-392079,https://www.sec.gov/Archives/edgar/data/1571996/000119312526392079/ownership.xml,nonDerivative,2026-09-11,S,Class C Common Stock,1524,567.45,864793.8,72660,I,"Silver Lake Partners IV, L.P.",,true,false,true,,SEC EDGAR
"DELL|0001193125-26-392079|nonDerivative|2026-09-11|Silver Lake Partners IV, L.P.|S|Class C Common Stock|1900|560.87|D",2026-09-17 04:45:13+0000,DELL,Dell Technologies Inc.,0001571996,4,2026-09-15,2026-09-11,0001193125-26-392079,https://www.sec.gov/Archives/edgar/data/1571996/000119312526392079/ownership.xml,nonDerivative,2026-09-11,S,Class C Common Stock,1900,560.87,1065653.0,1403750,D,"Silver Lake Partners IV, L.P.",,true,false,true,,SEC EDGAR
"DELL|0001193125-26-392079|nonDerivative|2026-09-11|Silver Lake Partners IV, L.P.|J|Class C Common Stock|41849||I",2026-09-17 04:45:13+0000,DELL,Dell Technologies Inc.,0001571996,4,2026-09-15,2026-09-11,0001193125-26-392079,https://www.sec.gov/Archives/edgar/data/1571996/000119312526392079/ownership.xml,nonDerivative,2026-09-11,J,Class C Common Stock,41849,,,30811,I,"Silver Lake Partners IV, L.P.",,true,false,true,,SEC EDGAR
"DELL|0001193125-26-392079|derivative|2026-09-11|Silver Lake Partners IV, L.P.|M|Class B Common Stock|109882|0|I",2026-09-17 04:45:13+0000,DELL,Dell Technologies Inc.,0001571996,4,2026-09-15,2026-09-11,0001193125-26-392079,https://www.sec.gov/Archives/edgar/data/1571996/000119312526392079/ownership.xml,derivative,2026-09-11,M,Class B Common Stock,109882,0,0.0,16635103,I,"Silver Lake Partners IV, L.P.",,true,false,true,,SEC EDGAR
"DELL|0001193125-26-392089|nonDerivative|2026-09-11|SL SPV-2, L.P.|M|Class C Common Stock|107040||I",2026-09-17 04:45:13+0000,DELL,Dell Technologies Inc.,0001571996,4,2026-09-15,2026-09-11,0001193125-26-392089,https://www.sec.gov/Archives/edgar/data/1571996/000119312526392089/ownership.xml,nonDerivative,2026-09-11,M,Class C Common Stock,107040,,,154426,I,"SL SPV-2, L.P.",,true,false,true,,SEC EDGAR
"DELL|0001193125-26-392089|nonDerivative|2026-09-11|SL SPV-2, L.P.|S|Class C Common Stock|2479|547.73|I",2026-09-17 04:45:13+0000,DELL,Dell Technologies Inc.,0001571996,4,2026-09-15,2026-09-11,0001193125-26-392089,https://www.sec.gov/Archives/edgar/data/1571996/000119312526392089/ownership.xml,nonDerivative,2026-09-11,S,Class C Common Stock,2479,547.73,1357822.6700000002,151947,I,"SL SPV-2, L.P.",,true,false,true,,SEC EDGAR
"DELL|0001193125-26-392089|nonDerivative|2026-09-11|SL SPV-2, L.P.|S|Class C Common Stock|1818|548.47|I",2026-09-17 04:45:13+0000,DELL,Dell Technologies Inc.,0001571996,4,2026-09-15,2026-09-11,0001193125-26-392089,https://www.sec.gov/Archives/edgar/data/1571996/000119312526392089/ownership.xml,nonDerivative,2026-09-11,S,Class C Common Stock,1818,548.47,997118.4600000001,150129,I,"SL SPV-2, L.P.",,true,false,true,,SEC EDGAR
"DELL|0001193125-26-392089|nonDerivative|2026-09-11|SL SPV-2, L.P.|S|Class C Common Stock|592|550.03|I",2026-09-17 04:45:13+0000,DELL,Dell Technologies Inc.,0001571996,4,2026-09-15,2026-09-11,0001193125-26-392089,https://www.sec.gov/Archives/edgar/data/1571996/000119312526392089/ownership.xml,nonDerivative,2026-09-11,S,Class C Common Stock,592,550.03,325617.76,149537,I,"SL SPV-2, L.P.",,true,false,true,,SEC EDGAR
"DELL|0001193125-26-392089|nonDerivative|2026-09-11|SL SPV-2, L.P.|S|Class C Common Stock|1347|551.38|I",2026-09-17 04:45:13+0000,DELL,Dell Technologies Inc.,0001571996,4,2026-09-15,2026-09-11,0001193125-26-392089,https://www.sec.gov/Archives/edgar/data/1571996/000119312526392089/ownership.xml,nonDerivative,2026-09-11,S,Class C Common Stock,1347,551.38,742708.86,148190,I,"SL SPV-2, L.P.",,true,false,true,,SEC EDGAR
"DELL|0001193125-26-392089|nonDerivative|2026-09-11|SL SPV-2, L.P.|S|Class C Common Stock|3262|552.15|I",2026-09-17 04:45:13+0000,DELL,Dell Technologies Inc.,0001571996,4,2026-09-15,2026-09-11,0001193125-26-392089,https://www.sec.gov/Archives/edgar/data/1571996/000119312526392089/ownership.xml,nonDerivative,2026-09-11,S,Class C Common Stock,3262,552.15,1801113.2999999998,144928,I,"SL SPV-2, L.P.",,true,false,true,,SEC EDGAR
"DELL|0001193125-26-392089|nonDerivative|2026-09-11|SL SPV-2, L.P.|S|Class C Common Stock|2388|553.09|I",2026-09-17 04:45:13+0000,DELL,Dell Technologies Inc.,0001571996,4,2026-09-15,2026-09-11,0001193125-26-392089,https://www.sec.gov/Archives/edgar/data/1571996/000119312526392089/ownership.xml,nonDerivative,2026-09-11,S,Class C Common Stock,2388,553.09,1320778.9200000002,142540,I,"SL SPV-2, L.P.",,true,false,true,,SEC EDGAR
"DELL|0001193125-26-392089|nonDerivative|2026-09-11|SL SPV-2, L.P.|S|Class C Common Stock|410|554.33|I",2026-09-17 04:45:13+0000,DELL,Dell Technologies Inc.,0001571996,4,2026-09-15,2026-09-11,0001193125-26-392089,https://www.sec.gov/Archives/edgar/data/1571996/000119312526392089/ownership.xml,nonDerivative,2026-09-11,S,Class C Common Stock,410,554.33,227275.30000000002,142130,I,"SL SPV-2, L.P.",,true,false,true,,SEC EDGAR
"DELL|0001193125-26-392089|nonDerivative|2026-09-11|SL SPV-2, L.P.|S|Class C Common Stock|868|555.54|I",2026-09-17 04:45:13+0000,DELL,Dell Technologies Inc.,0001571996,4,2026-09-15,2026-09-11,0001193125-26-392089,https://www.sec.gov/Archives/edgar/data/1571996/000119312526392089/ownership.xml,nonDerivative,2026-09-11,S,Class C Common Stock,868,555.54,482208.72,141261,I,"SL SPV-2, L.P.",,true,false,true,,SEC EDGAR
"DELL|0001193125-26-392089|nonDerivative|2026-09-11|SL SPV-2, L.P.|S|Class C Common Stock|2658|556.80|I",2026-09-17 04:45:13+0000,DELL,Dell Technologies Inc.,0001571996,4,2026-09-15,2026-09-11,0001193125-26-392089,https://www.sec.gov/Archives/edgar/data/1571996/000119312526392089/ownership.xml,nonDerivative,2026-09-11,S,Class C Common Stock,2658,556.80,1479974.4,138603,I,"SL SPV-2, L.P.",,true,false,true,,SEC EDGAR
"DELL|0001193125-26-392089|nonDerivative|2026-09-11|SL SPV-2, L.P.|S|Class C Common Stock|9076|557.77|I",2026-09-17 04:45:13+0000,DELL,Dell Technologies Inc.,0001571996,4,2026-09-15,2026-09-11,0001193125-26-392089,https://www.sec.gov/Archives/edgar/data/1571996/000119312526392089/ownership.xml,nonDerivative,2026-09-11,S,Class C Common Stock,9076,557.77,5062320.52,129526,I,"SL SPV-2, L.P.",,true,false,true,,SEC EDGAR
"DELL|0001193125-26-392089|nonDerivative|2026-09-11|SL SPV-2, L.P.|S|Class C Common Stock|8057|558.65|I",2026-09-17 04:45:13+0000,DELL,Dell Technologies Inc.,0001571996,4,2026-09-15,2026-09-11,0001193125-26-392089,https://www.sec.gov/Archives/edgar/data/1571996/000119312526392089/ownership.xml,nonDerivative,2026-09-11,S,Class C Common Stock,8057,558.65,4501043.05,121470,I,"SL SPV-2, L.P.",,true,false,true,,SEC EDGAR
"DELL|0001193125-26-392089|nonDerivative|2026-09-11|SL SPV-2, L.P.|S|Class C Common Stock|9228|559.62|I",2026-09-17 04:45:13+0000,DELL,Dell Technologies Inc.,0001571996,4,2026-09-15,2026-09-11,0001193125-26-392089,https://www.sec.gov/Archives/edgar/data/1571996/000119312526392089/ownership.xml,nonDerivative,2026-09-11,S,Class C Common Stock,9228,559.62,5164173.36,112242,I,"SL SPV-2, L.P.",,true,false,true,,SEC EDGAR
"DELL|0001193125-26-392089|nonDerivative|2026-09-11|SL SPV-2, L.P.|S|Class C Common Stock|10216|560.66|I",2026-09-17 04:45:13+0000,DELL,Dell Technologies Inc.,0001571996,4,2026-09-15,2026-09-11,0001193125-26-392089,https://www.sec.gov/Archives/edgar/data/1571996/000119312526392089/ownership.xml,nonDerivative,2026-09-11,S,Class C Common Stock,10216,560.66,5727702.56,102027,I,"SL SPV-2, L.P.",,true,false,true,,SEC EDGAR
"DELL|0001193125-26-392089|nonDerivative|2026-09-11|SL SPV-2, L.P.|S|Class C Common Stock|8472|561.75|I",2026-09-17 04:45:13+0000,DELL,Dell Technologies Inc.,0001571996,4,2026-09-15,2026-09-11,0001193125-26-392089,https://www.sec.gov/Archives/edgar/data/1571996/000119312526392089/ownership.xml,nonDerivative,2026-09-11,S,Class C Common Stock,8472,561.75,4759146.0,93554,I,"SL SPV-2, L.P.",,true,false,true,,SEC EDGAR
"DELL|0001193125-26-392089|nonDerivative|2026-09-11|SL SPV-2, L.P.|S|Class C Common Stock|3933|562.53|I",2026-09-17 04:45:13+0000,DELL,Dell Technologies Inc.,0001571996,4,2026-09-15,2026-09-11,0001193125-26-392089,https://www.sec.gov/Archives/edgar/data/1571996/000119312526392089/ownership.xml,nonDerivative,2026-09-11,S,Class C Common Stock,3933,562.53,2212430.4899999998,89622,I,"SL SPV-2, L.P.",,true,false,true,,SEC EDGAR
"DELL|0001193125-26-392089|nonDerivative|2026-09-11|SL SPV-2, L.P.|S|Class C Common Stock|1737|563.44|I",2026-09-17 04:45:13+0000,DELL,Dell Technologies Inc.,0001571996,4,2026-09-15,2026-09-11,0001193125-26-392089,https://www.sec.gov/Archives/edgar/data/1571996/000119312526392089/ownership.xml,nonDerivative,2026-09-11,S,Class C Common Stock,1737,563.44,978695.2800000001,87885,I,"SL SPV-2, L.P.",,true,false,true,,SEC EDGAR
"DELL|0001193125-26-392089|nonDerivative|2026-09-11|SL SPV-2, L.P.|S|Class C Common Stock|2523|564.63|I",2026-09-17 04:45:13+0000,DELL,Dell Technologies Inc.,0001571996,4,2026-09-15,2026-09-11,0001193125-26-392089,https://www.sec.gov/Archives/edgar/data/1571996/000119312526392089/ownership.xml,nonDerivative,2026-09-11,S,Class C Common Stock,2523,564.63,1424561.49,85362,I,"SL SPV-2, L.P.",,true,false,true,,SEC EDGAR
"DELL|0001193125-26-392089|nonDerivative|2026-09-11|SL SPV-2, L.P.|S|Class C Common Stock|1036|565.63|I",2026-09-17 04:45:13+0000,DELL,Dell Technologies Inc.,0001571996,4,2026-09-15,2026-09-11,0001193125-26-392089,https://www.sec.gov/Archives/edgar/data/1571996/000119312526392089/ownership.xml,nonDerivative,2026-09-11,S,Class C Common Stock,1036,565.63,585992.68,84326,I,"SL SPV-2, L.P.",,true,false,true,,SEC EDGAR
"DELL|0001193125-26-392089|nonDerivative|2026-09-11|SL SPV-2, L.P.|S|Class C Common Stock|658|566.65|I",2026-09-17 04:45:13+0000,DELL,Dell Technologies Inc.,0001571996,4,2026-09-15,2026-09-11,0001193125-26-392089,https://www.sec.gov/Archives/edgar/data/1571996/000119312526392089/ownership.xml,nonDerivative,2026-09-11,S,Class C Common Stock,658,566.65,372855.7,83667,I,"SL SPV-2, L.P.",,true,false,true,,SEC EDGAR
"DELL|0001193125-26-392089|nonDerivative|2026-09-11|SL SPV-2, L.P.|S|Class C Common Stock|1390|567.45|I",2026-09-17 04:45:13+0000,DELL,Dell Technologies Inc.,0001571996,4,2026-09-15,2026-09-11,0001193125-26-392089,https://www.sec.gov/Archives/edgar/data/1571996/000119312526392089/ownership.xml,nonDerivative,2026-09-11,S,Class C Common Stock,1390,567.45,788755.5000000001,82277,I,"SL SPV-2, L.P.",,true,false,true,,SEC EDGAR
"DELL|0001193125-26-392089|nonDerivative|2026-09-11|SL SPV-2, L.P.|J|Class C Common Stock|47386||I",2026-09-17 04:45:13+0000,DELL,Dell Technologies Inc.,0001571996,4,2026-09-15,2026-09-11,0001193125-26-392089,https://www.sec.gov/Archives/edgar/data/1571996/000119312526392089/ownership.xml,nonDerivative,2026-09-11,J,Class C Common Stock,47386,,,34891,I,"SL SPV-2, L.P.",,true,false,true,,SEC EDGAR
"DELL|0001193125-26-392089|derivative|2026-09-11|SL SPV-2, L.P.|M|Class B Common Stock|107040|0|I",2026-09-17 04:45:13+0000,DELL,Dell Technologies Inc.,0001571996,4,2026-09-15,2026-09-11,0001193125-26-392089,https://www.sec.gov/Archives/edgar/data/1571996/000119312526392089/ownership.xml,derivative,2026-09-11,M,Class B Common Stock,107040,0,0.0,16204862,I,"SL SPV-2, L.P.",,true,false,true,,SEC EDGAR
DELL|0001680902-26-000009|nonDerivative|2026-09-11|Rothberg Richard J|S|Class C Common Stock|6000|547.555|D,2026-09-17 04:45:13+0000,DELL,Dell Technologies Inc.,0001571996,4,2026-09-15,2026-09-11,0001680902-26-000009,https://www.sec.gov/Archives/edgar/data/1571996/000168090226000009/wk-form4_1789502902.xml,nonDerivative,2026-09-11,S,Class C Common Stock,6000,547.555,3285329.9999999995,136415,D,Rothberg Richard J,"Officer, General Counsel & Secretary",0,1,0,General Counsel & Secretary,SEC EDGAR
DDOG|0001561550-26-000310|nonDerivative|2026-09-11|Walters Sean Michael|S|Class A Common Stock|800|219.6846|D,2026-09-17 04:45:13+0000,DDOG,"Datadog, Inc.",0001561550,4,2026-09-15,2026-09-11,0001561550-26-000310,https://www.sec.gov/Archives/edgar/data/1561550/000156155026000310/wk-form4_1789504703.xml,nonDerivative,2026-09-11,S,Class A Common Stock,800,219.6846,175747.68,244045,D,Walters Sean Michael,"Officer, Chief Revenue Officer",0,1,0,Chief Revenue Officer,SEC EDGAR
DDOG|0001561550-26-000310|nonDerivative|2026-09-11|Walters Sean Michael|S|Class A Common Stock|5824|220.6722|D,2026-09-17 04:45:13+0000,DDOG,"Datadog, Inc.",0001561550,4,2026-09-15,2026-09-11,0001561550-26-000310,https://www.sec.gov/Archives/edgar/data/1561550/000156155026000310/wk-form4_1789504703.xml,nonDerivative,2026-09-11,S,Class A Common Stock,5824,220.6722,1285194.8928,238221,D,Walters Sean Michael,"Officer, Chief Revenue Officer",0,1,0,Chief Revenue Officer,SEC EDGAR
DDOG|0001561550-26-000310|nonDerivative|2026-09-11|Walters Sean Michael|S|Class A Common Stock|4286|221.4015|D,2026-09-17 04:45:13+0000,DDOG,"Datadog, Inc.",0001561550,4,2026-09-15,2026-09-11,0001561550-26-000310,https://www.sec.gov/Archives/edgar/data/1561550/000156155026000310/wk-form4_1789504703.xml,nonDerivative,2026-09-11,S,Class A Common Stock,4286,221.4015,948926.829,233935,D,Walters Sean Michael,"Officer, Chief Revenue Officer",0,1,0,Chief Revenue Officer,SEC EDGAR
DDOG|0001561550-26-000310|nonDerivative|2026-09-11|Walters Sean Michael|S|Class A Common Stock|500|222.3125|D,2026-09-17 04:45:13+0000,DDOG,"Datadog, Inc.",0001561550,4,2026-09-15,2026-09-11,0001561550-26-000310,https://www.sec.gov/Archives/edgar/data/1561550/000156155026000310/wk-form4_1789504703.xml,nonDerivative,2026-09-11,S,Class A Common Stock,500,222.3125,111156.25,233435,D,Walters Sean Michael,"Officer, Chief Revenue Officer",0,1,0,Chief Revenue Officer,SEC EDGAR
DDOG|0001561550-26-000310|nonDerivative|2026-09-11|Walters Sean Michael|S|Class A Common Stock|300|224.4533|D,2026-09-17 04:45:13+0000,DDOG,"Datadog, Inc.",0001561550,4,2026-09-15,2026-09-11,0001561550-26-000310,https://www.sec.gov/Archives/edgar/data/1561550/000156155026000310/wk-form4_1789504703.xml,nonDerivative,2026-09-11,S,Class A Common Stock,300,224.4533,67335.99,233135,D,Walters Sean Michael,"Officer, Chief Revenue Officer",0,1,0,Chief Revenue Officer,SEC EDGAR
DDOG|0001561550-26-000309|nonDerivative|2026-09-11|Li Yanbing|S|Class A Common Stock|400|219.045|D,2026-09-17 04:45:13+0000,DDOG,"Datadog, Inc.",0001561550,4,2026-09-15,2026-09-11,0001561550-26-000309,https://www.sec.gov/Archives/edgar/data/1561550/000156155026000309/wk-form4_1789504696.xml,nonDerivative,2026-09-11,S,Class A Common Stock,400,219.045,87618.0,262746,D,Li Yanbing,"Officer, Chief Product Officer",0,1,0,Chief Product Officer,SEC EDGAR
DDOG|0001561550-26-000309|nonDerivative|2026-09-11|Li Yanbing|S|Class A Common Stock|3700|220.5687|D,2026-09-17 04:45:13+0000,DDOG,"Datadog, Inc.",0001561550,4,2026-09-15,2026-09-11,0001561550-26-000309,https://www.sec.gov/Archives/edgar/data/1561550/000156155026000309/wk-form4_1789504696.xml,nonDerivative,2026-09-11,S,Class A Common Stock,3700,220.5687,816104.1900000001,259046,D,Li Yanbing,"Officer, Chief Product Officer",0,1,0,Chief Product Officer,SEC EDGAR
DDOG|0001561550-26-000309|nonDerivative|2026-09-11|Li Yanbing|S|Class A Common Stock|7300|221.4209|D,2026-09-17 04:45:13+0000,DDOG,"Datadog, Inc.",0001561550,4,2026-09-15,2026-09-11,0001561550-26-000309,https://www.sec.gov/Archives/edgar/data/1561550/000156155026000309/wk-form4_1789504696.xml,nonDerivative,2026-09-11,S,Class A Common Stock,7300,221.4209,1616372.5699999998,251746,D,Li Yanbing,"Officer, Chief Product Officer",0,1,0,Chief Product Officer,SEC EDGAR
DDOG|0001561550-26-000309|nonDerivative|2026-09-11|Li Yanbing|S|Class A Common Stock|700|222.1771|D,2026-09-17 04:45:13+0000,DDOG,"Datadog, Inc.",0001561550,4,2026-09-15,2026-09-11,0001561550-26-000309,https://www.sec.gov/Archives/edgar/data/1561550/000156155026000309/wk-form4_1789504696.xml,nonDerivative,2026-09-11,S,Class A Common Stock,700,222.1771,155523.97,251046,D,Li Yanbing,"Officer, Chief Product Officer",0,1,0,Chief Product Officer,SEC EDGAR
DDOG|0001561550-26-000309|nonDerivative|2026-09-11|Li Yanbing|S|Class A Common Stock|300|223.03|D,2026-09-17 04:45:13+0000,DDOG,"Datadog, Inc.",0001561550,4,2026-09-15,2026-09-11,0001561550-26-000309,https://www.sec.gov/Archives/edgar/data/1561550/000156155026000309/wk-form4_1789504696.xml,nonDerivative,2026-09-11,S,Class A Common Stock,300,223.03,66909.0,250746,D,Li Yanbing,"Officer, Chief Product Officer",0,1,0,Chief Product Officer,SEC EDGAR
DDOG|0001561550-26-000309|nonDerivative|2026-09-11|Li Yanbing|S|Class A Common Stock|300|224.8767|D,2026-09-17 04:45:13+0000,DDOG,"Datadog, Inc.",0001561550,4,2026-09-15,2026-09-11,0001561550-26-000309,https://www.sec.gov/Archives/edgar/data/1561550/000156155026000309/wk-form4_1789504696.xml,nonDerivative,2026-09-11,S,Class A Common Stock,300,224.8767,67463.01,250446,D,Li Yanbing,"Officer, Chief Product Officer",0,1,0,Chief Product Officer,SEC EDGAR
CRWD|0001778564-26-000161|nonDerivative|2026-09-11|Kurtz George|S|Class A common stock|2398|205.13|D,2026-09-17 04:45:13+0000,CRWD,"CrowdStrike Holdings, Inc.",0001535527,4,2026-09-15,2026-09-11,0001778564-26-000161,https://www.sec.gov/Archives/edgar/data/1535527/000177856426000161/form4-09152026_080901.xml,nonDerivative,2026-09-11,S,Class A common stock,2398,205.13,491901.74,7773621,D,Kurtz George,PRESIDENT AND CEO,true,true,false,PRESIDENT AND CEO,SEC EDGAR
CRWD|0001778564-26-000161|nonDerivative|2026-09-11|Kurtz George|S|Class A common stock|2824|205.97|D,2026-09-17 04:45:13+0000,CRWD,"CrowdStrike Holdings, Inc.",0001535527,4,2026-09-15,2026-09-11,0001778564-26-000161,https://www.sec.gov/Archives/edgar/data/1535527/000177856426000161/form4-09152026_080901.xml,nonDerivative,2026-09-11,S,Class A common stock,2824,205.97,581659.28,7770797,D,Kurtz George,PRESIDENT AND CEO,true,true,false,PRESIDENT AND CEO,SEC EDGAR
CRWD|0001778564-26-000161|nonDerivative|2026-09-11|Kurtz George|S|Class A common stock|2251|206.87|D,2026-09-17 04:45:13+0000,CRWD,"CrowdStrike Holdings, Inc.",0001535527,4,2026-09-15,2026-09-11,0001778564-26-000161,https://www.sec.gov/Archives/edgar/data/1535527/000177856426000161/form4-09152026_080901.xml,nonDerivative,2026-09-11,S,Class A common stock,2251,206.87,465664.37,7768546,D,Kurtz George,PRESIDENT AND CEO,true,true,false,PRESIDENT AND CEO,SEC EDGAR
CRWD|0001778564-26-000161|nonDerivative|2026-09-11|Kurtz George|S|Class A common stock|1089|207.93|D,2026-09-17 04:45:13+0000,CRWD,"CrowdStrike Holdings, Inc.",0001535527,4,2026-09-15,2026-09-11,0001778564-26-000161,https://www.sec.gov/Archives/edgar/data/1535527/000177856426000161/form4-09152026_080901.xml,nonDerivative,2026-09-11,S,Class A common stock,1089,207.93,226435.77000000002,7767457,D,Kurtz George,PRESIDENT AND CEO,true,true,false,PRESIDENT AND CEO,SEC EDGAR
CRWD|0001778564-26-000161|nonDerivative|2026-09-11|Kurtz George|S|Class A common stock|540|209.05|D,2026-09-17 04:45:13+0000,CRWD,"CrowdStrike Holdings, Inc.",0001535527,4,2026-09-15,2026-09-11,0001778564-26-000161,https://www.sec.gov/Archives/edgar/data/1535527/000177856426000161/form4-09152026_080901.xml,nonDerivative,2026-09-11,S,Class A common stock,540,209.05,112887.0,7766917,D,Kurtz George,PRESIDENT AND CEO,true,true,false,PRESIDENT AND CEO,SEC EDGAR
CRWD|0001778564-26-000161|nonDerivative|2026-09-11|Kurtz George|S|Class A common stock|418|210.13|D,2026-09-17 04:45:13+0000,CRWD,"CrowdStrike Holdings, Inc.",0001535527,4,2026-09-15,2026-09-11,0001778564-26-000161,https://www.sec.gov/Archives/edgar/data/1535527/000177856426000161/form4-09152026_080901.xml,nonDerivative,2026-09-11,S,Class A common stock,418,210.13,87834.34,7766499,D,Kurtz George,PRESIDENT AND CEO,true,true,false,PRESIDENT AND CEO,SEC EDGAR
CRWD|0001778564-26-000161|nonDerivative|2026-09-11|Kurtz George|S|Class A common stock|223|211.09|D,2026-09-17 04:45:13+0000,CRWD,"CrowdStrike Holdings, Inc.",0001535527,4,2026-09-15,2026-09-11,0001778564-26-000161,https://www.sec.gov/Archives/edgar/data/1535527/000177856426000161/form4-09152026_080901.xml,nonDerivative,2026-09-11,S,Class A common stock,223,211.09,47073.07,7766276,D,Kurtz George,PRESIDENT AND CEO,true,true,false,PRESIDENT AND CEO,SEC EDGAR
CRWD|0001778564-26-000161|nonDerivative|2026-09-11|Kurtz George|S|Class A common stock|257|212.35|D,2026-09-17 04:45:13+0000,CRWD,"CrowdStrike Holdings, Inc.",0001535527,4,2026-09-15,2026-09-11,0001778564-26-000161,https://www.sec.gov/Archives/edgar/data/1535527/000177856426000161/form4-09152026_080901.xml,nonDerivative,2026-09-11,S,Class A common stock,257,212.35,54573.95,7766019,D,Kurtz George,PRESIDENT AND CEO,true,true,false,PRESIDENT AND CEO,SEC EDGAR
CRWD|0001778564-26-000161|nonDerivative|2026-09-14|Kurtz George|S|Class A common stock|80|218.17|D,2026-09-17 04:45:13+0000,CRWD,"CrowdStrike Holdings, Inc.",0001535527,4,2026-09-15,2026-09-11,0001778564-26-000161,https://www.sec.gov/Archives/edgar/data/1535527/000177856426000161/form4-09152026_080901.xml,nonDerivative,2026-09-14,S,Class A common stock,80,218.17,17453.6,7765939,D,Kurtz George,PRESIDENT AND CEO,true,true,false,PRESIDENT AND CEO,SEC EDGAR
CRWD|0001778564-26-000161|nonDerivative|2026-09-14|Kurtz George|S|Class A common stock|120|218.98|D,2026-09-17 04:45:13+0000,CRWD,"CrowdStrike Holdings, Inc.",0001535527,4,2026-09-15,2026-09-11,0001778564-26-000161,https://www.sec.gov/Archives/edgar/data/1535527/000177856426000161/form4-09152026_080901.xml,nonDerivative,2026-09-14,S,Class A common stock,120,218.98,26277.6,7765819,D,Kurtz George,PRESIDENT AND CEO,true,true,false,PRESIDENT AND CEO,SEC EDGAR
CRWD|0001778564-26-000161|nonDerivative|2026-09-14|Kurtz George|S|Class A common stock|40|220|D,2026-09-17 04:45:13+0000,CRWD,"CrowdStrike Holdings, Inc.",0001535527,4,2026-09-15,2026-09-11,0001778564-26-000161,https://www.sec.gov/Archives/edgar/data/1535527/000177856426000161/form4-09152026_080901.xml,nonDerivative,2026-09-14,S,Class A common stock,40,220,8800.0,7765779,D,Kurtz George,PRESIDENT AND CEO,true,true,false,PRESIDENT AND CEO,SEC EDGAR
CRWD|0001778564-26-000161|nonDerivative|2026-09-14|Kurtz George|S|Class A common stock|320|221.60|D,2026-09-17 04:45:13+0000,CRWD,"CrowdStrike Holdings, Inc.",0001535527,4,2026-09-15,2026-09-11,0001778564-26-000161,https://www.sec.gov/Archives/edgar/data/1535527/000177856426000161/form4-09152026_080901.xml,nonDerivative,2026-09-14,S,Class A common stock,320,221.60,70912.0,7765459,D,Kurtz George,PRESIDENT AND CEO,true,true,false,PRESIDENT AND CEO,SEC EDGAR
CRWD|0001778564-26-000161|nonDerivative|2026-09-14|Kurtz George|S|Class A common stock|440|222.67|D,2026-09-17 04:45:13+0000,CRWD,"CrowdStrike Holdings, Inc.",0001535527,4,2026-09-15,2026-09-11,0001778564-26-000161,https://www.sec.gov/Archives/edgar/data/1535527/000177856426000161/form4-09152026_080901.xml,nonDerivative,2026-09-14,S,Class A common stock,440,222.67,97974.79999999999,7765019,D,Kurtz George,PRESIDENT AND CEO,true,true,false,PRESIDENT AND CEO,SEC EDGAR
CRWD|0001778564-26-000161|nonDerivative|2026-09-14|Kurtz George|S|Class A common stock|200|223.57|D,2026-09-17 04:45:13+0000,CRWD,"CrowdStrike Holdings, Inc.",0001535527,4,2026-09-15,2026-09-11,0001778564-26-000161,https://www.sec.gov/Archives/edgar/data/1535527/000177856426000161/form4-09152026_080901.xml,nonDerivative,2026-09-14,S,Class A common stock,200,223.57,44714.0,7764819,D,Kurtz George,PRESIDENT AND CEO,true,true,false,PRESIDENT AND CEO,SEC EDGAR
CRWD|0001778564-26-000161|nonDerivative|2026-09-14|Kurtz George|S|Class A common stock|80|224.44|D,2026-09-17 04:45:13+0000,CRWD,"CrowdStrike Holdings, Inc.",0001535527,4,2026-09-15,2026-09-11,0001778564-26-000161,https://www.sec.gov/Archives/edgar/data/1535527/000177856426000161/form4-09152026_080901.xml,nonDerivative,2026-09-14,S,Class A common stock,80,224.44,17955.2,7764739,D,Kurtz George,PRESIDENT AND CEO,true,true,false,PRESIDENT AND CEO,SEC EDGAR
CRWD|0001778564-26-000161|nonDerivative|2026-09-14|Kurtz George|S|Class A common stock|80|225.91|D,2026-09-17 04:45:13+0000,CRWD,"CrowdStrike Holdings, Inc.",0001535527,4,2026-09-15,2026-09-11,0001778564-26-000161,https://www.sec.gov/Archives/edgar/data/1535527/000177856426000161/form4-09152026_080901.xml,nonDerivative,2026-09-14,S,Class A common stock,80,225.91,18072.8,7764659,D,Kurtz George,PRESIDENT AND CEO,true,true,false,PRESIDENT AND CEO,SEC EDGAR
CRWD|0001778564-26-000161|nonDerivative|2026-09-14|Kurtz George|S|Class A common stock|120|227.19|D,2026-09-17 04:45:13+0000,CRWD,"CrowdStrike Holdings, Inc.",0001535527,4,2026-09-15,2026-09-11,0001778564-26-000161,https://www.sec.gov/Archives/edgar/data/1535527/000177856426000161/form4-09152026_080901.xml,nonDerivative,2026-09-14,S,Class A common stock,120,227.19,27262.8,7764539,D,Kurtz George,PRESIDENT AND CEO,true,true,false,PRESIDENT AND CEO,SEC EDGAR
CRWD|0001778564-26-000161|nonDerivative|2026-09-14|Kurtz George|S|Class A common stock|80|228.62|D,2026-09-17 04:45:13+0000,CRWD,"CrowdStrike Holdings, Inc.",0001535527,4,2026-09-15,2026-09-11,0001778564-26-000161,https://www.sec.gov/Archives/edgar/data/1535527/000177856426000161/form4-09152026_080901.xml,nonDerivative,2026-09-14,S,Class A common stock,80,228.62,18289.6,7764459,D,Kurtz George,PRESIDENT AND CEO,true,true,false,PRESIDENT AND CEO,SEC EDGAR
CRWD|0001778564-26-000161|nonDerivative|2026-09-14|Kurtz George|S|Class A common stock|240|230.04|D,2026-09-17 04:45:13+0000,CRWD,"CrowdStrike Holdings, Inc.",0001535527,4,2026-09-15,2026-09-11,0001778564-26-000161,https://www.sec.gov/Archives/edgar/data/1535527/000177856426000161/form4-09152026_080901.xml,nonDerivative,2026-09-14,S,Class A common stock,240,230.04,55209.6,7764219,D,Kurtz George,PRESIDENT AND CEO,true,true,false,PRESIDENT AND CEO,SEC EDGAR
CRWD|0001778564-26-000161|nonDerivative|2026-09-14|Kurtz George|S|Class A common stock|783|231.13|D,2026-09-17 04:45:13+0000,CRWD,"CrowdStrike Holdings, Inc.",0001535527,4,2026-09-15,2026-09-11,0001778564-26-000161,https://www.sec.gov/Archives/edgar/data/1535527/000177856426000161/form4-09152026_080901.xml,nonDerivative,2026-09-14,S,Class A common stock,783,231.13,180974.79,7763436,D,Kurtz George,PRESIDENT AND CEO,true,true,false,PRESIDENT AND CEO,SEC EDGAR
CRWD|0001778564-26-000161|nonDerivative|2026-09-14|Kurtz George|S|Class A common stock|377|232.19|D,2026-09-17 04:45:13+0000,CRWD,"CrowdStrike Holdings, Inc.",0001535527,4,2026-09-15,2026-09-11,0001778564-26-000161,https://www.sec.gov/Archives/edgar/data/1535527/000177856426000161/form4-09152026_080901.xml,nonDerivative,2026-09-14,S,Class A common stock,377,232.19,87535.63,7763059,D,Kurtz George,PRESIDENT AND CEO,true,true,false,PRESIDENT AND CEO,SEC EDGAR
CRWD|0001778564-26-000161|nonDerivative|2026-09-14|Kurtz George|S|Class A common stock|80|233.45|D,2026-09-17 04:45:13+0000,CRWD,"CrowdStrike Holdings, Inc.",0001535527,4,2026-09-15,2026-09-11,0001778564-26-000161,https://www.sec.gov/Archives/edgar/data/1535527/000177856426000161/form4-09152026_080901.xml,nonDerivative,2026-09-14,S,Class A common stock,80,233.45,18676.0,7762979,D,Kurtz George,PRESIDENT AND CEO,true,true,false,PRESIDENT AND CEO,SEC EDGAR
CRWD|0001778564-26-000161|nonDerivative|2026-09-14|Kurtz George|S|Class A common stock|320|235.03|D,2026-09-17 04:45:13+0000,CRWD,"CrowdStrike Holdings, Inc.",0001535527,4,2026-09-15,2026-09-11,0001778564-26-000161,https://www.sec.gov/Archives/edgar/data/1535527/000177856426000161/form4-09152026_080901.xml,nonDerivative,2026-09-14,S,Class A common stock,320,235.03,75209.6,7762659,D,Kurtz George,PRESIDENT AND CEO,true,true,false,PRESIDENT AND CEO,SEC EDGAR
CRWD|0001778564-26-000161|nonDerivative|2026-09-14|Kurtz George|S|Class A common stock|1720|235.99|D,2026-09-17 04:45:13+0000,CRWD,"CrowdStrike Holdings, Inc.",0001535527,4,2026-09-15,2026-09-11,0001778564-26-000161,https://www.sec.gov/Archives/edgar/data/1535527/000177856426000161/form4-09152026_080901.xml,nonDerivative,2026-09-14,S,Class A common stock,1720,235.99,405902.8,7760939,D,Kurtz George,PRESIDENT AND CEO,true,true,false,PRESIDENT AND CEO,SEC EDGAR
CRWD|0001778564-26-000161|nonDerivative|2026-09-14|Kurtz George|S|Class A common stock|2190|237.06|D,2026-09-17 04:45:13+0000,CRWD,"CrowdStrike Holdings, Inc.",0001535527,4,2026-09-15,2026-09-11,0001778564-26-000161,https://www.sec.gov/Archives/edgar/data/1535527/000177856426000161/form4-09152026_080901.xml,nonDerivative,2026-09-14,S,Class A common stock,2190,237.06,519161.4,7758749,D,Kurtz George,PRESIDENT AND CEO,true,true,false,PRESIDENT AND CEO,SEC EDGAR
CRWD|0001778564-26-000161|nonDerivative|2026-09-14|Kurtz George|S|Class A common stock|1850|237.94|D,2026-09-17 04:45:13+0000,CRWD,"CrowdStrike Holdings, Inc.",0001535527,4,2026-09-15,2026-09-11,0001778564-26-000161,https://www.sec.gov/Archives/edgar/data/1535527/000177856426000161/form4-09152026_080901.xml,nonDerivative,2026-09-14,S,Class A common stock,1850,237.94,440189.0,7756899,D,Kurtz George,PRESIDENT AND CEO,true,true,false,PRESIDENT AND CEO,SEC EDGAR
CRWD|0001778564-26-000161|nonDerivative|2026-09-14|Kurtz George|S|Class A common stock|880|238.75|D,2026-09-17 04:45:13+0000,CRWD,"CrowdStrike Holdings, Inc.",0001535527,4,2026-09-15,2026-09-11,0001778564-26-000161,https://www.sec.gov/Archives/edgar/data/1535527/000177856426000161/form4-09152026_080901.xml,nonDerivative,2026-09-14,S,Class A common stock,880,238.75,210100.0,7756019,D,Kurtz George,PRESIDENT AND CEO,true,true,false,PRESIDENT AND CEO,SEC EDGAR
CRWD|0001061632-26-000008|nonDerivative|2026-09-14|AUSTIN ROXANNE S|M|Class A common stock|50000|0|D,2026-09-17 04:45:13+0000,CRWD,"CrowdStrike Holdings, Inc.",0001535527,4,2026-09-15,2026-09-14,0001061632-26-000008,https://www.sec.gov/Archives/edgar/data/1535527/000106163226000008/form4-09152026_080904.xml,nonDerivative,2026-09-14,M,Class A common stock,50000,0,0.0,127040,D,AUSTIN ROXANNE S,,true,false,false,,SEC EDGAR
CRWD|0001061632-26-000008|nonDerivative|2026-09-14|AUSTIN ROXANNE S|S|Class A common stock|30000|237.22|D,2026-09-17 04:45:13+0000,CRWD,"CrowdStrike Holdings, Inc.",0001535527,4,2026-09-15,2026-09-14,0001061632-26-000008,https://www.sec.gov/Archives/edgar/data/1535527/000106163226000008/form4-09152026_080904.xml,nonDerivative,2026-09-14,S,Class A common stock,30000,237.22,7116600.0,97040,D,AUSTIN ROXANNE S,,true,false,false,,SEC EDGAR
CRWD|0001061632-26-000008|nonDerivative|2026-09-14|AUSTIN ROXANNE S|S|Class A common stock|20000|238.17|D,2026-09-17 04:45:13+0000,CRWD,"CrowdStrike Holdings, Inc.",0001535527,4,2026-09-15,2026-09-14,0001061632-26-000008,https://www.sec.gov/Archives/edgar/data/1535527/000106163226000008/form4-09152026_080904.xml,nonDerivative,2026-09-14,S,Class A common stock,20000,238.17,4763400.0,77040,D,AUSTIN ROXANNE S,,true,false,false,,SEC EDGAR
CRWD|0001061632-26-000008|derivative|2026-09-14|AUSTIN ROXANNE S|M|Stock Options (Right to Buy)|50000|0|D,2026-09-17 04:45:13+0000,CRWD,"CrowdStrike Holdings, Inc.",0001535527,4,2026-09-15,2026-09-14,0001061632-26-000008,https://www.sec.gov/Archives/edgar/data/1535527/000106163226000008/form4-09152026_080904.xml,derivative,2026-09-14,M,Stock Options (Right to Buy),50000,0,0.0,150000,D,AUSTIN ROXANNE S,,true,false,false,,SEC EDGAR
COO|0001413087-26-000007|nonDerivative|2026-09-11|Rosebrough Walter M Jr|P|Common Stock|7000.00|54.11|I,2026-09-17 04:45:13+0000,COO,"COOPER COMPANIES, INC.",0000711404,4,2026-09-15,2026-09-11,0001413087-26-000007,https://www.sec.gov/Archives/edgar/data/711404/000141308726000007/primarydocument.xml,nonDerivative,2026-09-11,P,Common Stock,7000.00,54.11,378770.0,17000.00,I,Rosebrough Walter M Jr,,true,false,false,,SEC EDGAR
COO|0001413087-26-000007|nonDerivative|2026-09-14|Rosebrough Walter M Jr|P|Common Stock|3000.00|54.29|I,2026-09-17 04:45:13+0000,COO,"COOPER COMPANIES, INC.",0000711404,4,2026-09-15,2026-09-11,0001413087-26-000007,https://www.sec.gov/Archives/edgar/data/711404/000141308726000007/primarydocument.xml,nonDerivative,2026-09-14,P,Common Stock,3000.00,54.29,162870.0,20000.00,I,Rosebrough Walter M Jr,,true,false,false,,SEC EDGAR
COO|0001352090-26-000007|nonDerivative|2026-09-14|Kurzius Lawrence Erik|P|Common Stock|10000.00|53.915|D,2026-09-17 04:45:13+0000,COO,"COOPER COMPANIES, INC.",0000711404,4,2026-09-15,2026-09-14,0001352090-26-000007,https://www.sec.gov/Archives/edgar/data/711404/000135209026000007/primarydocument.xml,nonDerivative,2026-09-14,P,Common Stock,10000.00,53.915,539150.0,21099.00,D,Kurzius Lawrence Erik,,true,false,false,,SEC EDGAR
COO|0001626337-26-000011|nonDerivative|2026-09-11|Keel Paul A|P|Common Stock|4701.015|53.18|D,2026-09-17 04:45:13+0000,COO,"COOPER COMPANIES, INC.",0000711404,4,2026-09-15,2026-09-11,0001626337-26-000011,https://www.sec.gov/Archives/edgar/data/711404/000162633726000011/primarydocument.xml,nonDerivative,2026-09-11,P,Common Stock,4701.015,53.18,249999.97770000002,4701.015,D,Keel Paul A,,true,false,false,,SEC EDGAR
CL|0001225208-26-007832|nonDerivative|2026-09-11|Wallace Noel R.|F|Common Stock|4071.0000|86.8000|D,2026-09-17 04:45:13+0000,CL,COLGATE PALMOLIVE CO,0000021665,4,2026-09-15,2026-09-11,0001225208-26-007832,https://www.sec.gov/Archives/edgar/data/21665/000122520826007832/doc4.xml,nonDerivative,2026-09-11,F,Common Stock,4071.0000,86.8000,353362.8,358459.0000,D,Wallace Noel R.,"Director, Officer, Chairman, President & CEO",1,1,,"Chairman, President & CEO",SEC EDGAR
CL|0001225208-26-007832|nonDerivative|2026-09-12|Wallace Noel R.|F|Common Stock|3516.0000|86.8000|D,2026-09-17 04:45:13+0000,CL,COLGATE PALMOLIVE CO,0000021665,4,2026-09-15,2026-09-11,0001225208-26-007832,https://www.sec.gov/Archives/edgar/data/21665/000122520826007832/doc4.xml,nonDerivative,2026-09-12,F,Common Stock,3516.0000,86.8000,305188.8,354943.0000,D,Wallace Noel R.,"Director, Officer, Chairman, President & CEO",1,1,,"Chairman, President & CEO",SEC EDGAR
CL|0001225208-26-007832|nonDerivative|2026-09-13|Wallace Noel R.|F|Common Stock|4892.0000|86.8000|D,2026-09-17 04:45:13+0000,CL,COLGATE PALMOLIVE CO,0000021665,4,2026-09-15,2026-09-11,0001225208-26-007832,https://www.sec.gov/Archives/edgar/data/21665/000122520826007832/doc4.xml,nonDerivative,2026-09-13,F,Common Stock,4892.0000,86.8000,424625.6,350051.0000,D,Wallace Noel R.,"Director, Officer, Chairman, President & CEO",1,1,,"Chairman, President & CEO",SEC EDGAR
CL|0001225208-26-007831|nonDerivative|2026-09-11|Tsourapas Panagiotis|F|Common Stock|684.0000|86.8000|D,2026-09-17 04:45:13+0000,CL,COLGATE PALMOLIVE CO,0000021665,4,2026-09-15,2026-09-11,0001225208-26-007831,https://www.sec.gov/Archives/edgar/data/21665/000122520826007831/doc4.xml,nonDerivative,2026-09-11,F,Common Stock,684.0000,86.8000,59371.2,8390.0000,D,Tsourapas Panagiotis,"Officer, COO, CD, EMEA, APac, Skin",,1,,"COO, CD, EMEA, APac, Skin",SEC EDGAR
CL|0001225208-26-007831|nonDerivative|2026-09-12|Tsourapas Panagiotis|F|Common Stock|618.0000|86.8000|D,2026-09-17 04:45:13+0000,CL,COLGATE PALMOLIVE CO,0000021665,4,2026-09-15,2026-09-11,0001225208-26-007831,https://www.sec.gov/Archives/edgar/data/21665/000122520826007831/doc4.xml,nonDerivative,2026-09-12,F,Common Stock,618.0000,86.8000,53642.4,7772.0000,D,Tsourapas Panagiotis,"Officer, COO, CD, EMEA, APac, Skin",,1,,"COO, CD, EMEA, APac, Skin",SEC EDGAR
CL|0001225208-26-007831|nonDerivative|2026-09-13|Tsourapas Panagiotis|F|Common Stock|922.0000|86.8000|D,2026-09-17 04:45:13+0000,CL,COLGATE PALMOLIVE CO,0000021665,4,2026-09-15,2026-09-11,0001225208-26-007831,https://www.sec.gov/Archives/edgar/data/21665/000122520826007831/doc4.xml,nonDerivative,2026-09-13,F,Common Stock,922.0000,86.8000,80029.59999999999,6850.0000,D,Tsourapas Panagiotis,"Officer, COO, CD, EMEA, APac, Skin",,1,,"COO, CD, EMEA, APac, Skin",SEC EDGAR
CL|0001225208-26-007830|nonDerivative|2026-09-11|SUTULA STANLEY J III|F|Common Stock|1197.0000|86.8000|D,2026-09-17 04:45:13+0000,CL,COLGATE PALMOLIVE CO,0000021665,4,2026-09-15,2026-09-11,0001225208-26-007830,https://www.sec.gov/Archives/edgar/data/21665/000122520826007830/doc4.xml,nonDerivative,2026-09-11,F,Common Stock,1197.0000,86.8000,103899.59999999999,73296.0000,D,SUTULA STANLEY J III,"Officer, Chief Financial Officer",,1,,Chief Financial Officer,SEC EDGAR
CL|0001225208-26-007830|nonDerivative|2026-09-12|SUTULA STANLEY J III|F|Common Stock|927.0000|86.8000|D,2026-09-17 04:45:13+0000,CL,COLGATE PALMOLIVE CO,0000021665,4,2026-09-15,2026-09-11,0001225208-26-007830,https://www.sec.gov/Archives/edgar/data/21665/000122520826007830/doc4.xml,nonDerivative,2026-09-12,F,Common Stock,927.0000,86.8000,80463.59999999999,72369.0000,D,SUTULA STANLEY J III,"Officer, Chief Financial Officer",,1,,Chief Financial Officer,SEC EDGAR
CL|0001225208-26-007830|nonDerivative|2026-09-13|SUTULA STANLEY J III|F|Common Stock|1385.0000|86.8000|D,2026-09-17 04:45:13+0000,CL,COLGATE PALMOLIVE CO,0000021665,4,2026-09-15,2026-09-11,0001225208-26-007830,https://www.sec.gov/Archives/edgar/data/21665/000122520826007830/doc4.xml,nonDerivative,2026-09-13,F,Common Stock,1385.0000,86.8000,120218.0,70984.0000,D,SUTULA STANLEY J III,"Officer, Chief Financial Officer",,1,,Chief Financial Officer,SEC EDGAR
CL|0001225208-26-007829|nonDerivative|2026-09-11|Massey Sally|F|Common Stock|651.0000|86.8000|D,2026-09-17 04:45:13+0000,CL,COLGATE PALMOLIVE CO,0000021665,4,2026-09-15,2026-09-11,0001225208-26-007829,https://www.sec.gov/Archives/edgar/data/21665/000122520826007829/doc4.xml,nonDerivative,2026-09-11,F,Common Stock,651.0000,86.8000,56506.799999999996,13209.0000,D,Massey Sally,"Officer, Chief People Officer",,1,,Chief People Officer,SEC EDGAR
CL|0001225208-26-007829|nonDerivative|2026-09-12|Massey Sally|F|Common Stock|459.0000|86.8000|D,2026-09-17 04:45:13+0000,CL,COLGATE PALMOLIVE CO,0000021665,4,2026-09-15,2026-09-11,0001225208-26-007829,https://www.sec.gov/Archives/edgar/data/21665/000122520826007829/doc4.xml,nonDerivative,2026-09-12,F,Common Stock,459.0000,86.8000,39841.2,12750.0000,D,Massey Sally,"Officer, Chief People Officer",,1,,Chief People Officer,SEC EDGAR
CL|0001225208-26-007829|nonDerivative|2026-09-13|Massey Sally|F|Common Stock|686.0000|86.8000|D,2026-09-17 04:45:13+0000,CL,COLGATE PALMOLIVE CO,0000021665,4,2026-09-15,2026-09-11,0001225208-26-007829,https://www.sec.gov/Archives/edgar/data/21665/000122520826007829/doc4.xml,nonDerivative,2026-09-13,F,Common Stock,686.0000,86.8000,59544.799999999996,12064.0000,D,Massey Sally,"Officer, Chief People Officer",,1,,Chief People Officer,SEC EDGAR
CL|0001225208-26-007828|nonDerivative|2026-09-11|Malcolm Gregory|F|Common Stock|167.0000|86.8000|D,2026-09-17 04:45:13+0000,CL,COLGATE PALMOLIVE CO,0000021665,4,2026-09-15,2026-09-11,0001225208-26-007828,https://www.sec.gov/Archives/edgar/data/21665/000122520826007828/doc4.xml,nonDerivative,2026-09-11,F,Common Stock,167.0000,86.8000,14495.6,13457.0000,D,Malcolm Gregory,"Officer, EVP and Controller",,1,,EVP and Controller,SEC EDGAR
CL|0001225208-26-007828|nonDerivative|2026-09-12|Malcolm Gregory|F|Common Stock|151.0000|86.8000|D,2026-09-17 04:45:13+0000,CL,COLGATE PALMOLIVE CO,0000021665,4,2026-09-15,2026-09-11,0001225208-26-007828,https://www.sec.gov/Archives/edgar/data/21665/000122520826007828/doc4.xml,nonDerivative,2026-09-12,F,Common Stock,151.0000,86.8000,13106.8,13306.0000,D,Malcolm Gregory,"Officer, EVP and Controller",,1,,EVP and Controller,SEC EDGAR
CL|0001225208-26-007828|nonDerivative|2026-09-13|Malcolm Gregory|F|Common Stock|225.0000|86.8000|D,2026-09-17 04:45:13+0000,CL,COLGATE PALMOLIVE CO,0000021665,4,2026-09-15,2026-09-11,0001225208-26-007828,https://www.sec.gov/Archives/edgar/data/21665/000122520826007828/doc4.xml,nonDerivative,2026-09-13,F,Common Stock,225.0000,86.8000,19530.0,13081.0000,D,Malcolm Gregory,"Officer, EVP and Controller",,1,,EVP and Controller,SEC EDGAR
CL|0001225208-26-007827|nonDerivative|2026-09-11|Hazlin John|F|Common Stock|649.0000|86.8000|D,2026-09-17 04:45:13+0000,CL,COLGATE PALMOLIVE CO,0000021665,4,2026-09-15,2026-09-11,0001225208-26-007827,https://www.sec.gov/Archives/edgar/data/21665/000122520826007827/doc4.xml,nonDerivative,2026-09-11,F,Common Stock,649.0000,86.8000,56333.2,24051.0000,D,Hazlin John,"Officer, Chief Growth Officer",,1,,Chief Growth Officer,SEC EDGAR
CL|0001225208-26-007827|nonDerivative|2026-09-12|Hazlin John|F|Common Stock|439.0000|86.8000|D,2026-09-17 04:45:13+0000,CL,COLGATE PALMOLIVE CO,0000021665,4,2026-09-15,2026-09-11,0001225208-26-007827,https://www.sec.gov/Archives/edgar/data/21665/000122520826007827/doc4.xml,nonDerivative,2026-09-12,F,Common Stock,439.0000,86.8000,38105.2,23612.0000,D,Hazlin John,"Officer, Chief Growth Officer",,1,,Chief Growth Officer,SEC EDGAR
CL|0001225208-26-007827|nonDerivative|2026-09-13|Hazlin John|F|Common Stock|499.0000|86.8000|D,2026-09-17 04:45:13+0000,CL,COLGATE PALMOLIVE CO,0000021665,4,2026-09-15,2026-09-11,0001225208-26-007827,https://www.sec.gov/Archives/edgar/data/21665/000122520826007827/doc4.xml,nonDerivative,2026-09-13,F,Common Stock,499.0000,86.8000,43313.2,23113.0000,D,Hazlin John,"Officer, Chief Growth Officer",,1,,Chief Growth Officer,SEC EDGAR
CL|0001225208-26-007826|nonDerivative|2026-09-11|GRANT SHANE|F|Common Stock|622.0000|86.8000|D,2026-09-17 04:45:13+0000,CL,COLGATE PALMOLIVE CO,0000021665,4,2026-09-15,2026-09-11,0001225208-26-007826,https://www.sec.gov/Archives/edgar/data/21665/000122520826007826/doc4.xml,nonDerivative,2026-09-11,F,Common Stock,622.0000,86.8000,53989.6,72148.0000,D,GRANT SHANE,"Officer, COO, Americas",,1,,"COO, Americas",SEC EDGAR
CL|0001225208-26-007825|nonDerivative|2026-09-11|Fishbone Betsy|F|Common Stock|404.0000|86.8000|D,2026-09-17 04:45:13+0000,CL,COLGATE PALMOLIVE CO,0000021665,4,2026-09-15,2026-09-11,0001225208-26-007825,https://www.sec.gov/Archives/edgar/data/21665/000122520826007825/doc4.xml,nonDerivative,2026-09-11,F,Common Stock,404.0000,86.8000,35067.2,14646.0000,D,Fishbone Betsy,"Officer, CLO and Secretary",,1,,CLO and Secretary,SEC EDGAR
CL|0001225208-26-007825|nonDerivative|2026-09-12|Fishbone Betsy|F|Common Stock|331.0000|86.8000|D,2026-09-17 04:45:13+0000,CL,COLGATE PALMOLIVE CO,0000021665,4,2026-09-15,2026-09-11,0001225208-26-007825,https://www.sec.gov/Archives/edgar/data/21665/000122520826007825/doc4.xml,nonDerivative,2026-09-12,F,Common Stock,331.0000,86.8000,28730.8,14315.0000,D,Fishbone Betsy,"Officer, CLO and Secretary",,1,,CLO and Secretary,SEC EDGAR
CL|0001225208-26-007825|nonDerivative|2026-09-13|Fishbone Betsy|F|Common Stock|472.0000|86.8000|D,2026-09-17 04:45:13+0000,CL,COLGATE PALMOLIVE CO,0000021665,4,2026-09-15,2026-09-11,0001225208-26-007825,https://www.sec.gov/Archives/edgar/data/21665/000122520826007825/doc4.xml,nonDerivative,2026-09-13,F,Common Stock,472.0000,86.8000,40969.6,13843.0000,D,Fishbone Betsy,"Officer, CLO and Secretary",,1,,CLO and Secretary,SEC EDGAR
ARE|0001216955-26-000021|nonDerivative|2026-09-11|MARCUS JOEL S|P|Common Stock|5000|49.68|D,2026-09-17 04:45:13+0000,ARE,"ALEXANDRIA REAL ESTATE EQUITIES, INC.",0001035443,4,2026-09-15,2026-09-11,0001216955-26-000021,https://www.sec.gov/Archives/edgar/data/1035443/000121695526000021/wk-form4_1789505061.xml,nonDerivative,2026-09-11,P,Common Stock,5000,49.68,248400.0,597724,D,MARCUS JOEL S,"Director, Officer, Executive Chairman",1,1,0,Executive Chairman,SEC EDGAR
ARE|0001919198-26-000011|nonDerivative|2026-09-11|Fukuzaki-Carlson Kristina|S|Common Stock|16810|50.51|D,2026-09-17 04:45:13+0000,ARE,"ALEXANDRIA REAL ESTATE EQUITIES, INC.",0001035443,4,2026-09-15,2026-09-11,0001919198-26-000011,https://www.sec.gov/Archives/edgar/data/1035443/000191919826000011/wk-form4_1789505070.xml,nonDerivative,2026-09-11,S,Common Stock,16810,50.51,849073.1,39152,D,Fukuzaki-Carlson Kristina,"Officer, EVP - Business Operations",0,1,0,EVP - Business Operations,SEC EDGAR
AKAM|0001845574-26-000018|nonDerivative|2026-09-15|Joseph Paul C|S|Common Stock|3100|105.63|D,2026-09-17 04:45:13+0000,AKAM,AKAMAI TECHNOLOGIES INC,0001086222,4,2026-09-15,2026-09-15,0001845574-26-000018,https://www.sec.gov/Archives/edgar/data/1086222/000184557426000018/wk-form4_1789507920.xml,nonDerivative,2026-09-15,S,Common Stock,3100,105.63,327453.0,28472,D,Joseph Paul C,"Officer, EVP - Global Sales",0,1,0,EVP - Global Sales,SEC EDGAR
AIZ|0001193125-26-391971|nonDerivative|2026-09-15|Demmings Keith|G|Common Stock|3500|0|D,2026-09-17 04:45:13+0000,AIZ,"ASSURANT, INC.",0001267238,4,2026-09-15,2026-09-15,0001193125-26-391971,https://www.sec.gov/Archives/edgar/data/1267238/000119312526391971/ownership.xml,nonDerivative,2026-09-15,G,Common Stock,3500,0,0.0,133169.778,D,Demmings Keith,President & CEO,true,true,false,President & CEO,SEC EDGAR
"AFL|0001104659-26-107732|nonDerivative|2026-09-11|Japan Post Holdings Co., Ltd.|S|Common Stock|13173|115.12|I",2026-09-17 04:45:13+0000,AFL,AFLAC INC,0000004977,4,2026-09-15,2026-09-11,0001104659-26-107732,https://www.sec.gov/Archives/edgar/data/4977/000110465926107732/tm2624595-8_4seq1.xml,nonDerivative,2026-09-11,S,Common Stock,13173,115.12,1516475.76,50599017,I,"Japan Post Holdings Co., Ltd.",10% Owner,0,0,1,,SEC EDGAR
"AFL|0001104659-26-107732|nonDerivative|2026-09-11|Japan Post Holdings Co., Ltd.|S|Common Stock|827|115.41|I",2026-09-17 04:45:13+0000,AFL,AFLAC INC,0000004977,4,2026-09-15,2026-09-11,0001104659-26-107732,https://www.sec.gov/Archives/edgar/data/4977/000110465926107732/tm2624595-8_4seq1.xml,nonDerivative,2026-09-11,S,Common Stock,827,115.41,95444.06999999999,50598190,I,"Japan Post Holdings Co., Ltd.",10% Owner,0,0,1,,SEC EDGAR
WDAY|0000938071-26-000053|nonDerivative|2026-09-10|DUFFIELD DAVID A|C|Class A Common Stock|100780|0|D,2026-09-17 04:45:13+0000,WDAY,"Workday, Inc.",0001327811,4,2026-09-14,2026-09-10,0000938071-26-000053,https://www.sec.gov/Archives/edgar/data/1327811/000093807126000053/wk-form4_1789418523.xml,nonDerivative,2026-09-10,C,Class A Common Stock,100780,0,0.0,205829,D,DUFFIELD DAVID A,10% Owner,0,0,1,,SEC EDGAR
WDAY|0000938071-26-000053|nonDerivative|2026-09-10|DUFFIELD DAVID A|S|Class A Common Stock|27883|184.33|D,2026-09-17 04:45:13+0000,WDAY,"Workday, Inc.",0001327811,4,2026-09-14,2026-09-10,0000938071-26-000053,https://www.sec.gov/Archives/edgar/data/1327811/000093807126000053/wk-form4_1789418523.xml,nonDerivative,2026-09-10,S,Class A Common Stock,27883,184.33,5139673.390000001,177946,D,DUFFIELD DAVID A,10% Owner,0,0,1,,SEC EDGAR
WDAY|0000938071-26-000053|nonDerivative|2026-09-10|DUFFIELD DAVID A|S|Class A Common Stock|23551|184.9847|D,2026-09-17 04:45:13+0000,WDAY,"Workday, Inc.",0001327811,4,2026-09-14,2026-09-10,0000938071-26-000053,https://www.sec.gov/Archives/edgar/data/1327811/000093807126000053/wk-form4_1789418523.xml,nonDerivative,2026-09-10,S,Class A Common Stock,23551,184.9847,4356574.6697,154395,D,DUFFIELD DAVID A,10% Owner,0,0,1,,SEC EDGAR
WDAY|0000938071-26-000053|nonDerivative|2026-09-10|DUFFIELD DAVID A|S|Class A Common Stock|24465|186.2642|D,2026-09-17 04:45:13+0000,WDAY,"Workday, Inc.",0001327811,4,2026-09-14,2026-09-10,0000938071-26-000053,https://www.sec.gov/Archives/edgar/data/1327811/000093807126000053/wk-form4_1789418523.xml,nonDerivative,2026-09-10,S,Class A Common Stock,24465,186.2642,4556953.653,129930,D,DUFFIELD DAVID A,10% Owner,0,0,1,,SEC EDGAR
WDAY|0000938071-26-000053|nonDerivative|2026-09-10|DUFFIELD DAVID A|S|Class A Common Stock|22388|187.0498|D,2026-09-17 04:45:13+0000,WDAY,"Workday, Inc.",0001327811,4,2026-09-14,2026-09-10,0000938071-26-000053,https://www.sec.gov/Archives/edgar/data/1327811/000093807126000053/wk-form4_1789418523.xml,nonDerivative,2026-09-10,S,Class A Common Stock,22388,187.0498,4187670.9224,107542,D,DUFFIELD DAVID A,10% Owner,0,0,1,,SEC EDGAR
WDAY|0000938071-26-000053|nonDerivative|2026-09-10|DUFFIELD DAVID A|S|Class A Common Stock|2493|187.7466|D,2026-09-17 04:45:13+0000,WDAY,"Workday, Inc.",0001327811,4,2026-09-14,2026-09-10,0000938071-26-000053,https://www.sec.gov/Archives/edgar/data/1327811/000093807126000053/wk-form4_1789418523.xml,nonDerivative,2026-09-10,S,Class A Common Stock,2493,187.7466,468052.2738,105049,D,DUFFIELD DAVID A,10% Owner,0,0,1,,SEC EDGAR
WDAY|0000938071-26-000053|derivative|2026-09-10|DUFFIELD DAVID A|C|Class B Common Stock|100780|0|D,2026-09-17 04:45:13+0000,WDAY,"Workday, Inc.",0001327811,4,2026-09-14,2026-09-10,0000938071-26-000053,https://www.sec.gov/Archives/edgar/data/1327811/000093807126000053/wk-form4_1789418523.xml,derivative,2026-09-10,C,Class B Common Stock,100780,0,0.0,36167478,D,DUFFIELD DAVID A,10% Owner,0,0,1,,SEC EDGAR
WBD|0001287510-26-000009|nonDerivative|2026-09-11|FISHER RICHARD W|S|Series A Common Stock|6700|28.06|D,2026-09-17 04:45:13+0000,WBD,"Warner Bros. Discovery, Inc.",0001437107,4,2026-09-14,2026-09-11,0001287510-26-000009,https://www.sec.gov/Archives/edgar/data/1437107/000128751026000009/wk-form4_1789417661.xml,nonDerivative,2026-09-11,S,Series A Common Stock,6700,28.06,188002.0,52846,D,FISHER RICHARD W,Director,1,0,0,,SEC EDGAR
ULTA|0000897069-26-001776|nonDerivative|2026-09-11|Nagler Lorna|S|Common Stock|600|537.3126|D,2026-09-17 04:45:13+0000,ULTA,"Ulta Beauty, Inc.",0001403568,4,2026-09-14,2026-09-11,0000897069-26-001776,https://www.sec.gov/Archives/edgar/data/1403568/000089706926001776/form4.xml,nonDerivative,2026-09-11,S,Common Stock,600,537.3126,322387.56,7168,D,Nagler Lorna,,true,false,false,,SEC EDGAR
TTD|0001776828-26-000010|nonDerivative|2026-09-14|Olmstead Nathan|A|Class A  Common Stock|398262|0|D,2026-09-17 04:45:13+0000,TTD,"Trade Desk, Inc.",0001671933,4,2026-09-14,2026-09-14,0001776828-26-000010,https://www.sec.gov/Archives/edgar/data/1671933/000177682826000010/wk-form4_1789423840.xml,nonDerivative,2026-09-14,A,Class A  Common Stock,398262,0,0.0,644324,D,Olmstead Nathan,"Officer, Chief Financial Officer",0,1,0,Chief Financial Officer,SEC EDGAR
TTD|0001867888-26-000008|nonDerivative|2026-09-14|Kundra Vivek|A|Class A  Common Stock|724112|0|D,2026-09-17 04:45:13+0000,TTD,"Trade Desk, Inc.",0001671933,4,2026-09-14,2026-09-14,0001867888-26-000008,https://www.sec.gov/Archives/edgar/data/1671933/000186788826000008/wk-form4_1789423910.xml,nonDerivative,2026-09-14,A,Class A  Common Stock,724112,0,0.0,958192,D,Kundra Vivek,"Officer, Chief Operating Officer",0,1,0,Chief Operating Officer,SEC EDGAR
TTD|0001826731-26-000010|nonDerivative|2026-09-14|GRANT JAY R|A|Class A Common Stock|398262|0|D,2026-09-17 04:45:13+0000,TTD,"Trade Desk, Inc.",0001671933,4,2026-09-14,2026-09-14,0001826731-26-000010,https://www.sec.gov/Archives/edgar/data/1671933/000182673126000010/wk-form4_1789424023.xml,nonDerivative,2026-09-14,A,Class A Common Stock,398262,0,0.0,732728,D,GRANT JAY R,"Officer, Chief Legal Officer",0,1,0,Chief Legal Officer,SEC EDGAR
TTD|0002109272-26-000010|nonDerivative|2026-09-14|Davis Tahnil R.|A|Class A  Common Stock|217233|0|D,2026-09-17 04:45:13+0000,TTD,"Trade Desk, Inc.",0001671933,4,2026-09-14,2026-09-14,0002109272-26-000010,https://www.sec.gov/Archives/edgar/data/1671933/000210927226000010/wk-form4_1789424160.xml,nonDerivative,2026-09-14,A,Class A  Common Stock,217233,0,0.0,459941,D,Davis Tahnil R.,"Officer, Chief Accounting Officer & EVP",0,1,0,Chief Accounting Officer & EVP,SEC EDGAR
TPL|0001437749-26-030248|nonDerivative|2026-09-11|HORIZON KINETICS ASSET MANAGEMENT LLC|P|Common Stock|1|367.88|D,2026-09-17 04:45:13+0000,TPL,Texas Pacific Land Corp,0001811074,4,2026-09-14,2026-09-11,0001437749-26-030248,https://www.sec.gov/Archives/edgar/data/1811074/000143774926030248/rdgdoc.xml,nonDerivative,2026-09-11,P,Common Stock,1,367.88,367.88,3390845,D,HORIZON KINETICS ASSET MANAGEMENT LLC,10% Owner,,,1,,SEC EDGAR
TMUS|0001283699-26-000116|nonDerivative|2026-09-10|Nelson Mark Wolfe|A|Common Stock|102.942|178.14|D,2026-09-17 04:45:13+0000,TMUS,"T-Mobile US, Inc.",0001283699,4,2026-09-14,2026-09-10,0001283699-26-000116,https://www.sec.gov/Archives/edgar/data/1283699/000128369926000116/wk-form4_1789427907.xml,nonDerivative,2026-09-10,A,Common Stock,102.942,178.14,18338.08788,66070.254,D,Nelson Mark Wolfe,"Officer, Chief Legal Officer & GC",0,1,0,Chief Legal Officer & GC,SEC EDGAR
TMUS|0001283699-26-000114|nonDerivative|2026-09-10|Drobac Daniel James|S|Common Stock|772|178.33|D,2026-09-17 04:45:13+0000,TMUS,"T-Mobile US, Inc.",0001283699,4,2026-09-14,2026-09-10,0001283699-26-000114,https://www.sec.gov/Archives/edgar/data/1283699/000128369926000114/wk-form4_1789427873.xml,nonDerivative,2026-09-10,S,Common Stock,772,178.33,137670.76,35117.537,D,Drobac Daniel James,"Officer, VP & Chief Accounting Officer",0,1,0,VP & Chief Accounting Officer,SEC EDGAR
TMUS|0001283699-26-000114|nonDerivative|2026-09-10|Drobac Daniel James|A|Common Stock|1.769|178.14|D,2026-09-17 04:45:13+0000,TMUS,"T-Mobile US, Inc.",0001283699,4,2026-09-14,2026-09-10,0001283699-26-000114,https://www.sec.gov/Archives/edgar/data/1283699/000128369926000114/wk-form4_1789427873.xml,nonDerivative,2026-09-10,A,Common Stock,1.769,178.14,315.12965999999994,35119.306,D,Drobac Daniel James,"Officer, VP & Chief Accounting Officer",0,1,0,VP & Chief Accounting Officer,SEC EDGAR
TEL|0001225208-26-007791|derivative|2026-09-11|SHAFFER REUBEN M.|A|Restricted Stock Units|5.2444|0.0000|D,2026-09-17 04:45:13+0000,TEL,TE Connectivity plc,0001385157,4,2026-09-14,2026-09-11,0001225208-26-007791,https://www.sec.gov/Archives/edgar/data/1385157/000122520826007791/doc4.xml,derivative,2026-09-11,A,Restricted Stock Units,5.2444,0.0000,0.0,1430.3995,D,SHAFFER REUBEN M.,"Officer, SVP and Corporate Controller",,1,,SVP and Corporate Controller,SEC EDGAR
TEL|0001225208-26-007790|derivative|2026-09-11|SAGAR MALAVIKA|A|Restricted Stock Units|3.8532|0.0000|D,2026-09-17 04:45:13+0000,TEL,TE Connectivity plc,0001385157,4,2026-09-14,2026-09-11,0001225208-26-007790,https://www.sec.gov/Archives/edgar/data/1385157/000122520826007790/doc4.xml,derivative,2026-09-11,A,Restricted Stock Units,3.8532,0.0000,0.0,1051.1542,D,SAGAR MALAVIKA,"Officer, SVP, Chief Human Resources Off",,1,,"SVP, Chief Human Resources Off",SEC EDGAR
SW|0001628280-26-061753|nonDerivative|2026-09-10|WILSON ALAN D|A|Ordinary Shares|673.692|0|D,2026-09-17 04:45:13+0000,SW,Smurfit Westrock plc,0002005951,4,2026-09-14,2026-09-10,0001628280-26-061753,https://www.sec.gov/Archives/edgar/data/2005951/000162828026061753/wk-form4_1789399377.xml,nonDerivative,2026-09-10,A,Ordinary Shares,673.692,0,0.0,67580.2,D,WILSON ALAN D,Director,1,0,0,,SEC EDGAR
SW|0001628280-26-061758|nonDerivative|2026-09-10|Sellier Laurent|A|Ordinary Shares|140|0|D,2026-09-17 04:45:13+0000,SW,Smurfit Westrock plc,0002005951,4,2026-09-14,2026-09-10,0001628280-26-061758,https://www.sec.gov/Archives/edgar/data/2005951/000162828026061758/wk-form4_1789399526.xml,nonDerivative,2026-09-10,A,Ordinary Shares,140,0,0.0,139015,D,Sellier Laurent,"Officer, See remarks",0,1,0,See remarks,SEC EDGAR
SW|0001628280-26-061758|derivative|2026-09-10|Sellier Laurent|A|Restricted Stock Units (PSP)|335|0|D,2026-09-17 04:45:13+0000,SW,Smurfit Westrock plc,0002005951,4,2026-09-14,2026-09-10,0001628280-26-061758,https://www.sec.gov/Archives/edgar/data/2005951/000162828026061758/wk-form4_1789399526.xml,derivative,2026-09-10,A,Restricted Stock Units (PSP),335,0,0.0,31666,D,Sellier Laurent,"Officer, See remarks",0,1,0,See remarks,SEC EDGAR
SW|0001628280-26-061765|nonDerivative|2026-09-10|SMURFIT ANTHONY P J|A|Ordinary Shares|486|0|D,2026-09-17 04:45:13+0000,SW,Smurfit Westrock plc,0002005951,4,2026-09-14,2026-09-10,0001628280-26-061765,https://www.sec.gov/Archives/edgar/data/2005951/000162828026061765/wk-form4_1789399719.xml,nonDerivative,2026-09-10,A,Ordinary Shares,486,0,0.0,1728994,D,SMURFIT ANTHONY P J,"Director, Officer, President and CEO",1,1,0,President and CEO,SEC EDGAR
SW|0001628280-26-061765|derivative|2026-09-10|SMURFIT ANTHONY P J|A|Restricted Stock Units (PSP)|910|0|D,2026-09-17 04:45:13+0000,SW,Smurfit Westrock plc,0002005951,4,2026-09-14,2026-09-10,0001628280-26-061765,https://www.sec.gov/Archives/edgar/data/2005951/000162828026061765/wk-form4_1789399719.xml,derivative,2026-09-10,A,Restricted Stock Units (PSP),910,0,0.0,85854,D,SMURFIT ANTHONY P J,"Director, Officer, President and CEO",1,1,0,President and CEO,SEC EDGAR
SW|0001628280-26-061746|nonDerivative|2026-09-10|Rasmussen Jorgen Buhl|A|Ordinary Shares|48|0|D,2026-09-17 04:45:13+0000,SW,Smurfit Westrock plc,0002005951,4,2026-09-14,2026-09-10,0001628280-26-061746,https://www.sec.gov/Archives/edgar/data/2005951/000162828026061746/wk-form4_1789399186.xml,nonDerivative,2026-09-10,A,Ordinary Shares,48,0,0.0,14790,D,Rasmussen Jorgen Buhl,Director,1,0,0,,SEC EDGAR
SW|0001628280-26-061764|nonDerivative|2026-09-10|Page Irene|A|Ordinary Shares|23|0|D,2026-09-17 04:45:13+0000,SW,Smurfit Westrock plc,0002005951,4,2026-09-14,2026-09-10,0001628280-26-061764,https://www.sec.gov/Archives/edgar/data/2005951/000162828026061764/wk-form4_1789399697.xml,nonDerivative,2026-09-10,A,Ordinary Shares,23,0,0.0,62787,D,Page Irene,"Officer, Chief Accounting Officer",0,1,0,Chief Accounting Officer,SEC EDGAR
SW|0001628280-26-061764|derivative|2026-09-10|Page Irene|A|Restricted Stock Units (PSP)|152|0|D,2026-09-17 04:45:13+0000,SW,Smurfit Westrock plc,0002005951,4,2026-09-14,2026-09-10,0001628280-26-061764,https://www.sec.gov/Archives/edgar/data/2005951/000162828026061764/wk-form4_1789399697.xml,derivative,2026-09-10,A,Restricted Stock Units (PSP),152,0,0.0,14361,D,Page Irene,"Officer, Chief Accounting Officer",0,1,0,Chief Accounting Officer,SEC EDGAR
SW|0001628280-26-061761|nonDerivative|2026-09-10|Mayer Saverio|A|Ordinary Shares|119|0|D,2026-09-17 04:45:13+0000,SW,Smurfit Westrock plc,0002005951,4,2026-09-14,2026-09-10,0001628280-26-061761,https://www.sec.gov/Archives/edgar/data/2005951/000162828026061761/wk-form4_1789399589.xml,nonDerivative,2026-09-10,A,Ordinary Shares,119,0,0.0,241684,D,Mayer Saverio,"Officer, See remarks",0,1,0,See remarks,SEC EDGAR
SW|0001628280-26-061761|derivative|2026-09-10|Mayer Saverio|A|Restricted Stock Units (PSP)|403|0|D,2026-09-17 04:45:13+0000,SW,Smurfit Westrock plc,0002005951,4,2026-09-14,2026-09-10,0001628280-26-061761,https://www.sec.gov/Archives/edgar/data/2005951/000162828026061761/wk-form4_1789399589.xml,derivative,2026-09-10,A,Restricted Stock Units (PSP),403,0,0.0,38054,D,Mayer Saverio,"Officer, See remarks",0,1,0,See remarks,SEC EDGAR
SW|0001628280-26-061751|nonDerivative|2026-09-10|Hietala Kaisa|A|Ordinary Shares|48|0|D,2026-09-17 04:45:13+0000,SW,Smurfit Westrock plc,0002005951,4,2026-09-14,2026-09-10,0001628280-26-061751,https://www.sec.gov/Archives/edgar/data/2005951/000162828026061751/wk-form4_1789399290.xml,nonDerivative,2026-09-10,A,Ordinary Shares,48,0,0.0,10115,D,Hietala Kaisa,Director,1,0,0,,SEC EDGAR
SW|0001628280-26-061760|nonDerivative|2026-09-10|Henao Alvaro|A|Ordinary Shares|35|0|D,2026-09-17 04:45:13+0000,SW,Smurfit Westrock plc,0002005951,4,2026-09-14,2026-09-10,0001628280-26-061760,https://www.sec.gov/Archives/edgar/data/2005951/000162828026061760/wk-form4_1789399555.xml,nonDerivative,2026-09-10,A,Ordinary Shares,35,0,0.0,72871,D,Henao Alvaro,"Officer, See remarks",0,1,0,See remarks,SEC EDGAR
SW|0001628280-26-061760|derivative|2026-09-10|Henao Alvaro|A|Restricted Stock Units (PSP)|208|0|D,2026-09-17 04:45:13+0000,SW,Smurfit Westrock plc,0002005951,4,2026-09-14,2026-09-10,0001628280-26-061760,https://www.sec.gov/Archives/edgar/data/2005951/000162828026061760/wk-form4_1789399555.xml,derivative,2026-09-10,A,Restricted Stock Units (PSP),208,0,0.0,19703,D,Henao Alvaro,"Officer, See remarks",0,1,0,See remarks,SEC EDGAR
SW|0001628280-26-061750|nonDerivative|2026-09-10|Harrison Suzan F.|A|Ordinary Shares|48|0|D,2026-09-17 04:45:13+0000,SW,Smurfit Westrock plc,0002005951,4,2026-09-14,2026-09-10,0001628280-26-061750,https://www.sec.gov/Archives/edgar/data/2005951/000162828026061750/wk-form4_1789399274.xml,nonDerivative,2026-09-10,A,Ordinary Shares,48,0,0.0,28054,D,Harrison Suzan F.,Director,1,0,0,,SEC EDGAR
SW|0001628280-26-061757|nonDerivative|2026-09-10|Garren Ben|A|Ordinary Shares|56|0|D,2026-09-17 04:45:13+0000,SW,Smurfit Westrock plc,0002005951,4,2026-09-14,2026-09-10,0001628280-26-061757,https://www.sec.gov/Archives/edgar/data/2005951/000162828026061757/wk-form4_1789399498.xml,nonDerivative,2026-09-10,A,Ordinary Shares,56,0,0.0,14996,D,Garren Ben,"Officer, See remarks",0,1,0,See remarks,SEC EDGAR
SW|0001628280-26-061752|nonDerivative|2026-09-10|Finan Irial|A|Ordinary Shares|75|0|D,2026-09-17 04:45:13+0000,SW,Smurfit Westrock plc,0002005951,4,2026-09-14,2026-09-10,0001628280-26-061752,https://www.sec.gov/Archives/edgar/data/2005951/000162828026061752/wk-form4_1789399311.xml,nonDerivative,2026-09-10,A,Ordinary Shares,75,0,0.0,58973,D,Finan Irial,Director,1,0,0,,SEC EDGAR
SW|0001628280-26-061754|nonDerivative|2026-09-10|FergusonMchugh MaryLynn|A|Ordinary Shares|48|0|D,2026-09-17 04:45:13+0000,SW,Smurfit Westrock plc,0002005951,4,2026-09-14,2026-09-10,0001628280-26-061754,https://www.sec.gov/Archives/edgar/data/2005951/000162828026061754/wk-form4_1789399390.xml,nonDerivative,2026-09-10,A,Ordinary Shares,48,0,0.0,8644,D,FergusonMchugh MaryLynn,Director,1,0,0,,SEC EDGAR
SW|0001628280-26-061755|nonDerivative|2026-09-10|Fairweather Carol|A|Ordinary Shares|48|0|D,2026-09-17 04:45:13+0000,SW,Smurfit Westrock plc,0002005951,4,2026-09-14,2026-09-10,0001628280-26-061755,https://www.sec.gov/Archives/edgar/data/2005951/000162828026061755/wk-form4_1789399403.xml,nonDerivative,2026-09-10,A,Ordinary Shares,48,0,0.0,11644,D,Fairweather Carol,Director,1,0,0,,SEC EDGAR
SW|0001628280-26-061747|nonDerivative|2026-09-10|Brown Carole Lynnette|A|Ordinary Shares|48|0|D,2026-09-17 04:45:13+0000,SW,Smurfit Westrock plc,0002005951,4,2026-09-14,2026-09-10,0001628280-26-061747,https://www.sec.gov/Archives/edgar/data/2005951/000162828026061747/wk-form4_1789399204.xml,nonDerivative,2026-09-10,A,Ordinary Shares,48,0,0.0,6836,D,Brown Carole Lynnette,Director,1,0,0,,SEC EDGAR
SW|0001628280-26-061756|nonDerivative|2026-09-10|Bowles Ken|A|Ordinary Shares|140|0|D,2026-09-17 04:45:13+0000,SW,Smurfit Westrock plc,0002005951,4,2026-09-14,2026-09-10,0001628280-26-061756,https://www.sec.gov/Archives/edgar/data/2005951/000162828026061756/wk-form4_1789399444.xml,nonDerivative,2026-09-10,A,Ordinary Shares,140,0,0.0,174487,D,Bowles Ken,"Director, Officer, Executive VP and CFO",1,1,0,Executive VP and CFO,SEC EDGAR
SW|0001628280-26-061756|derivative|2026-09-10|Bowles Ken|A|Restricted Stock Units (PSP)|458|0|D,2026-09-17 04:45:13+0000,SW,Smurfit Westrock plc,0002005951,4,2026-09-14,2026-09-10,0001628280-26-061756,https://www.sec.gov/Archives/edgar/data/2005951/000162828026061756/wk-form4_1789399444.xml,derivative,2026-09-10,A,Restricted Stock Units (PSP),458,0,0.0,43228,D,Bowles Ken,"Director, Officer, Executive VP and CFO",1,1,0,Executive VP and CFO,SEC EDGAR
SW|0001628280-26-061748|nonDerivative|2026-09-10|BERNLOHR TIMOTHY J|A|Ordinary Shares|48|0|D,2026-09-17 04:45:13+0000,SW,Smurfit Westrock plc,0002005951,4,2026-09-14,2026-09-10,0001628280-26-061748,https://www.sec.gov/Archives/edgar/data/2005951/000162828026061748/wk-form4_1789399232.xml,nonDerivative,2026-09-10,A,Ordinary Shares,48,0,0.0,57619,D,BERNLOHR TIMOTHY J,Director,1,0,0,,SEC EDGAR
SW|0001628280-26-061749|nonDerivative|2026-09-10|Arnold Colleen F.|A|Ordinary Shares|343.768|0|D,2026-09-17 04:45:13+0000,SW,Smurfit Westrock plc,0002005951,4,2026-09-14,2026-09-10,0001628280-26-061749,https://www.sec.gov/Archives/edgar/data/2005951/000162828026061749/wk-form4_1789399255.xml,nonDerivative,2026-09-10,A,Ordinary Shares,343.768,0,0.0,36622.748,D,Arnold Colleen F.,Director,1,0,0,,SEC EDGAR
SNPS|0001711671-26-000024|nonDerivative|2026-09-11|LEE JANET|M|Common Stock|2283|0.0|D,2026-09-17 04:45:13+0000,SNPS,SYNOPSYS INC,0000883241,4,2026-09-14,2026-09-11,0001711671-26-000024,https://www.sec.gov/Archives/edgar/data/883241/000171167126000024/edgardoc.xml,nonDerivative,2026-09-11,M,Common Stock,2283,0.0,0.0,18671,D,LEE JANET,"Officer, GC & Corporate Secretary",0,1,0,GC & Corporate Secretary,SEC EDGAR
SNPS|0001711671-26-000024|nonDerivative|2026-09-11|LEE JANET|F|Common Stock|993|397.38|D,2026-09-17 04:45:13+0000,SNPS,SYNOPSYS INC,0000883241,4,2026-09-14,2026-09-11,0001711671-26-000024,https://www.sec.gov/Archives/edgar/data/883241/000171167126000024/edgardoc.xml,nonDerivative,2026-09-11,F,Common Stock,993,397.38,394598.33999999997,17678,D,LEE JANET,"Officer, GC & Corporate Secretary",0,1,0,GC & Corporate Secretary,SEC EDGAR
SNPS|0001711671-26-000024|derivative|2026-09-11|LEE JANET|M|Restricted Stock Units|2283|0.0|D,2026-09-17 04:45:13+0000,SNPS,SYNOPSYS INC,0000883241,4,2026-09-14,2026-09-11,0001711671-26-000024,https://www.sec.gov/Archives/edgar/data/883241/000171167126000024/edgardoc.xml,derivative,2026-09-11,M,Restricted Stock Units,2283,0.0,0.0,4565,D,LEE JANET,"Officer, GC & Corporate Secretary",0,1,0,GC & Corporate Secretary,SEC EDGAR
"RSG|0001104659-26-107592|nonDerivative|2026-09-10|CASCADE INVESTMENT, L.L.C.|P|Common stock|108147|221.5657|D",2026-09-17 04:45:13+0000,RSG,"REPUBLIC SERVICES, INC.",0001060391,4,2026-09-14,2026-09-10,0001104659-26-107592,https://www.sec.gov/Archives/edgar/data/1060391/000110465926107592/tm2625411-1_4seq1.xml,nonDerivative,2026-09-10,P,Common stock,108147,221.5657,23961665.7579,116585781,D,"CASCADE INVESTMENT, L.L.C.",10% Owner,0,0,1,,SEC EDGAR
"RSG|0001104659-26-107592|nonDerivative|2026-09-10|CASCADE INVESTMENT, L.L.C.|P|Common stock|97992|222.5226|D",2026-09-17 04:45:13+0000,RSG,"REPUBLIC SERVICES, INC.",0001060391,4,2026-09-14,2026-09-10,0001104659-26-107592,https://www.sec.gov/Archives/edgar/data/1060391/000110465926107592/tm2625411-1_4seq1.xml,nonDerivative,2026-09-10,P,Common stock,97992,222.5226,21805434.619200002,116683773,D,"CASCADE INVESTMENT, L.L.C.",10% Owner,0,0,1,,SEC EDGAR
"RSG|0001104659-26-107592|nonDerivative|2026-09-10|CASCADE INVESTMENT, L.L.C.|P|Common stock|47819|223.4373|D",2026-09-17 04:45:13+0000,RSG,"REPUBLIC SERVICES, INC.",0001060391,4,2026-09-14,2026-09-10,0001104659-26-107592,https://www.sec.gov/Archives/edgar/data/1060391/000110465926107592/tm2625411-1_4seq1.xml,nonDerivative,2026-09-10,P,Common stock,47819,223.4373,10684548.2487,116731592,D,"CASCADE INVESTMENT, L.L.C.",10% Owner,0,0,1,,SEC EDGAR
"RSG|0001104659-26-107592|nonDerivative|2026-09-10|CASCADE INVESTMENT, L.L.C.|P|Common stock|2042|224.1058|D",2026-09-17 04:45:13+0000,RSG,"REPUBLIC SERVICES, INC.",0001060391,4,2026-09-14,2026-09-10,0001104659-26-107592,https://www.sec.gov/Archives/edgar/data/1060391/000110465926107592/tm2625411-1_4seq1.xml,nonDerivative,2026-09-10,P,Common stock,2042,224.1058,457624.0436,116733634,D,"CASCADE INVESTMENT, L.L.C.",10% Owner,0,0,1,,SEC EDGAR
"RSG|0001104659-26-107592|nonDerivative|2026-09-11|CASCADE INVESTMENT, L.L.C.|P|Common stock|7596|221.5189|D",2026-09-17 04:45:13+0000,RSG,"REPUBLIC SERVICES, INC.",0001060391,4,2026-09-14,2026-09-10,0001104659-26-107592,https://www.sec.gov/Archives/edgar/data/1060391/000110465926107592/tm2625411-1_4seq1.xml,nonDerivative,2026-09-11,P,Common stock,7596,221.5189,1682657.5644,116741230,D,"CASCADE INVESTMENT, L.L.C.",10% Owner,0,0,1,,SEC EDGAR
"RSG|0001104659-26-107592|nonDerivative|2026-09-11|CASCADE INVESTMENT, L.L.C.|P|Common stock|135482|222.5887|D",2026-09-17 04:45:13+0000,RSG,"REPUBLIC SERVICES, INC.",0001060391,4,2026-09-14,2026-09-10,0001104659-26-107592,https://www.sec.gov/Archives/edgar/data/1060391/000110465926107592/tm2625411-1_4seq1.xml,nonDerivative,2026-09-11,P,Common stock,135482,222.5887,30156762.253399998,116876712,D,"CASCADE INVESTMENT, L.L.C.",10% Owner,0,0,1,,SEC EDGAR
"RSG|0001104659-26-107592|nonDerivative|2026-09-11|CASCADE INVESTMENT, L.L.C.|P|Common stock|176547|223.1492|D",2026-09-17 04:45:13+0000,RSG,"REPUBLIC SERVICES, INC.",0001060391,4,2026-09-14,2026-09-10,0001104659-26-107592,https://www.sec.gov/Archives/edgar/data/1060391/000110465926107592/tm2625411-1_4seq1.xml,nonDerivative,2026-09-11,P,Common stock,176547,223.1492,39396321.8124,117053259,D,"CASCADE INVESTMENT, L.L.C.",10% Owner,0,0,1,,SEC EDGAR
"RSG|0001104659-26-107592|nonDerivative|2026-09-11|CASCADE INVESTMENT, L.L.C.|P|Common stock|5185|223.8385|D",2026-09-17 04:45:13+0000,RSG,"REPUBLIC SERVICES, INC.",0001060391,4,2026-09-14,2026-09-10,0001104659-26-107592,https://www.sec.gov/Archives/edgar/data/1060391/000110465926107592/tm2625411-1_4seq1.xml,nonDerivative,2026-09-11,P,Common stock,5185,223.8385,1160602.6225,117058444,D,"CASCADE INVESTMENT, L.L.C.",10% Owner,0,0,1,,SEC EDGAR
RF|0002123295-26-000008|nonDerivative|2026-09-10|Chadha Anil D|S|Common Stock|0.771|29.895|D,2026-09-17 04:45:13+0000,RF,REGIONS FINANCIAL CORP,0001281761,4,2026-09-14,2026-09-10,0002123295-26-000008,https://www.sec.gov/Archives/edgar/data/1281761/000212329526000008/wk-form4_1789416182.xml,nonDerivative,2026-09-10,S,Common Stock,0.771,29.895,23.049045,11607.2471,D,Chadha Anil D,"Officer, Chief Financial Officer",0,1,0,Chief Financial Officer,SEC EDGAR
PSX|0002021896-26-000010|nonDerivative|2026-09-10|Kluppel Ann M|G|Common Stock|40|0|D,2026-09-17 04:45:13+0000,PSX,Phillips 66,0001534701,4,2026-09-14,2026-09-10,0002021896-26-000010,https://www.sec.gov/Archives/edgar/data/1534701/000202189626000010/ownership.xml,nonDerivative,2026-09-10,G,Common Stock,40,0,0.0,25361,D,Kluppel Ann M,SVP & Controller,false,true,false,SVP & Controller,SEC EDGAR
PRU|0001137774-26-000203|derivative|2026-09-10|Wolk Joseph J|A|9/30/25 Restricted Stock Units|21|118.48|D,2026-09-17 04:45:13+0000,PRU,PRUDENTIAL FINANCIAL INC,0001137774,4,2026-09-14,2026-09-10,0001137774-26-000203,https://www.sec.gov/Archives/edgar/data/1137774/000113777426000203/form4.xml,derivative,2026-09-10,A,9/30/25 Restricted Stock Units,21,118.48,2488.08,1826,D,Wolk Joseph J,Director,1,,,,SEC EDGAR
PRU|0001137774-26-000203|derivative|2026-09-10|Wolk Joseph J|A|2026 Restricted Stock Units|21|118.48|D,2026-09-17 04:45:13+0000,PRU,PRUDENTIAL FINANCIAL INC,0001137774,4,2026-09-14,2026-09-10,0001137774-26-000203,https://www.sec.gov/Archives/edgar/data/1137774/000113777426000203/form4.xml,derivative,2026-09-10,A,2026 Restricted Stock Units,21,118.48,2488.08,1798,D,Wolk Joseph J,Director,1,,,,SEC EDGAR
PRU|0001137774-26-000202|derivative|2026-09-10|TODMAN MICHAEL|A|Notional Shares - Mandatory|155|118.48|D,2026-09-17 04:45:13+0000,PRU,PRUDENTIAL FINANCIAL INC,0001137774,4,2026-09-14,2026-09-10,0001137774-26-000202,https://www.sec.gov/Archives/edgar/data/1137774/000113777426000202/form4.xml,derivative,2026-09-10,A,Notional Shares - Mandatory,155,118.48,18364.4,13334,D,TODMAN MICHAEL,Director,1,,,,SEC EDGAR
PRU|0001137774-26-000202|derivative|2026-09-10|TODMAN MICHAEL|A|Notional Shares - Optional|151|118.48|D,2026-09-17 04:45:13+0000,PRU,PRUDENTIAL FINANCIAL INC,0001137774,4,2026-09-14,2026-09-10,0001137774-26-000202,https://www.sec.gov/Archives/edgar/data/1137774/000113777426000202/form4.xml,derivative,2026-09-10,A,Notional Shares - Optional,151,118.48,17890.48,12943,D,TODMAN MICHAEL,Director,1,,,,SEC EDGAR
PRU|0001137774-26-000202|derivative|2026-09-10|TODMAN MICHAEL|A|2026 Restricted Stock Units|21|118.48|D,2026-09-17 04:45:13+0000,PRU,PRUDENTIAL FINANCIAL INC,0001137774,4,2026-09-14,2026-09-10,0001137774-26-000202,https://www.sec.gov/Archives/edgar/data/1137774/000113777426000202/form4.xml,derivative,2026-09-10,A,2026 Restricted Stock Units,21,118.48,2488.08,1798,D,TODMAN MICHAEL,Director,1,,,,SEC EDGAR
PRU|0001137774-26-000201|derivative|2026-09-10|Stoddard Thomas D|A|Notional Shares - Mandatory|20|118.48|D,2026-09-17 04:45:13+0000,PRU,PRUDENTIAL FINANCIAL INC,0001137774,4,2026-09-14,2026-09-10,0001137774-26-000201,https://www.sec.gov/Archives/edgar/data/1137774/000113777426000201/form4.xml,derivative,2026-09-10,A,Notional Shares - Mandatory,20,118.48,2369.6,1783,D,Stoddard Thomas D,Director,1,,,,SEC EDGAR
PRU|0001137774-26-000201|derivative|2026-09-10|Stoddard Thomas D|A|2026 Restricted Stock Units|21|118.48|D,2026-09-17 04:45:13+0000,PRU,PRUDENTIAL FINANCIAL INC,0001137774,4,2026-09-14,2026-09-10,0001137774-26-000201,https://www.sec.gov/Archives/edgar/data/1137774/000113777426000201/form4.xml,derivative,2026-09-10,A,2026 Restricted Stock Units,21,118.48,2488.08,1798,D,Stoddard Thomas D,Director,1,,,,SEC EDGAR
PRU|0001137774-26-000204|derivative|2026-09-10|SULLIVAN ANDREW F|A|Deferred Compensation Shares|143|118.48|D,2026-09-17 04:45:13+0000,PRU,PRUDENTIAL FINANCIAL INC,0001137774,4,2026-09-14,2026-09-10,0001137774-26-000204,https://www.sec.gov/Archives/edgar/data/1137774/000113777426000204/form4.xml,derivative,2026-09-10,A,Deferred Compensation Shares,143,118.48,16942.64,12559,D,SULLIVAN ANDREW F,"Director, Officer, Chief Executive Officer",1,1,,Chief Executive Officer,SEC EDGAR
PRU|0001137774-26-000199|derivative|2026-09-10|Pianalto Sandra|A|Notional Shares - Mandatory|214|118.48|D,2026-09-17 04:45:13+0000,PRU,PRUDENTIAL FINANCIAL INC,0001137774,4,2026-09-14,2026-09-10,0001137774-26-000199,https://www.sec.gov/Archives/edgar/data/1137774/000113777426000199/form4.xml,derivative,2026-09-10,A,Notional Shares - Mandatory,214,118.48,25354.72,18394,D,Pianalto Sandra,Director,1,,,,SEC EDGAR
PRU|0001137774-26-000199|derivative|2026-09-10|Pianalto Sandra|A|Notional Shares - Optional|84|118.48|D,2026-09-17 04:45:13+0000,PRU,PRUDENTIAL FINANCIAL INC,0001137774,4,2026-09-14,2026-09-10,0001137774-26-000199,https://www.sec.gov/Archives/edgar/data/1137774/000113777426000199/form4.xml,derivative,2026-09-10,A,Notional Shares - Optional,84,118.48,9952.32,7227,D,Pianalto Sandra,Director,1,,,,SEC EDGAR
PRU|0001137774-26-000199|derivative|2026-09-10|Pianalto Sandra|A|2026 Restricted Stock Units|21|118.48|D,2026-09-17 04:45:13+0000,PRU,PRUDENTIAL FINANCIAL INC,0001137774,4,2026-09-14,2026-09-10,0001137774-26-000199,https://www.sec.gov/Archives/edgar/data/1137774/000113777426000199/form4.xml,derivative,2026-09-10,A,2026 Restricted Stock Units,21,118.48,2488.08,1798,D,Pianalto Sandra,Director,1,,,,SEC EDGAR
PRU|0001137774-26-000200|derivative|2026-09-10|POON CHRISTINE A|A|Notional Shares - Mandatory|161|118.48|D,2026-09-17 04:45:13+0000,PRU,PRUDENTIAL FINANCIAL INC,0001137774,4,2026-09-14,2026-09-10,0001137774-26-000200,https://www.sec.gov/Archives/edgar/data/1137774/000113777426000200/form4.xml,derivative,2026-09-10,A,Notional Shares - Mandatory,161,118.48,19075.28,13840,D,POON CHRISTINE A,Director,1,,,,SEC EDGAR
PRU|0001137774-26-000200|derivative|2026-09-10|POON CHRISTINE A|A|Notional Shares - Optional|49|118.48|D,2026-09-17 04:45:13+0000,PRU,PRUDENTIAL FINANCIAL INC,0001137774,4,2026-09-14,2026-09-10,0001137774-26-000200,https://www.sec.gov/Archives/edgar/data/1137774/000113777426000200/form4.xml,derivative,2026-09-10,A,Notional Shares - Optional,49,118.48,5805.52,4248,D,POON CHRISTINE A,Director,1,,,,SEC EDGAR
PRU|0001137774-26-000200|derivative|2026-09-10|POON CHRISTINE A|A|2026 Restricted Stock Units|21|118.48|D,2026-09-17 04:45:13+0000,PRU,PRUDENTIAL FINANCIAL INC,0001137774,4,2026-09-14,2026-09-10,0001137774-26-000200,https://www.sec.gov/Archives/edgar/data/1137774/000113777426000200/form4.xml,derivative,2026-09-10,A,2026 Restricted Stock Units,21,118.48,2488.08,1798,D,POON CHRISTINE A,Director,1,,,,SEC EDGAR
PRU|0001137774-26-000198|derivative|2026-09-10|Mannen Maryann T.|A|2026 Restricted Stock Units|21|118.48|D,2026-09-17 04:45:13+0000,PRU,PRUDENTIAL FINANCIAL INC,0001137774,4,2026-09-14,2026-09-10,0001137774-26-000198,https://www.sec.gov/Archives/edgar/data/1137774/000113777426000198/form4.xml,derivative,2026-09-10,A,2026 Restricted Stock Units,21,118.48,2488.08,1798,D,Mannen Maryann T.,Director,1,,,,SEC EDGAR
PRU|0001137774-26-000197|derivative|2026-09-10|Jones Wendy Elizabeth|A|Notional Shares - Mandatory|115|118.48|D,2026-09-17 04:45:13+0000,PRU,PRUDENTIAL FINANCIAL INC,0001137774,4,2026-09-14,2026-09-10,0001137774-26-000197,https://www.sec.gov/Archives/edgar/data/1137774/000113777426000197/form4.xml,derivative,2026-09-10,A,Notional Shares - Mandatory,115,118.48,13625.2,9895,D,Jones Wendy Elizabeth,Director,1,,,,SEC EDGAR
PRU|0001137774-26-000197|derivative|2026-09-10|Jones Wendy Elizabeth|A|Notional Shares - Optional|21|118.48|D,2026-09-17 04:45:13+0000,PRU,PRUDENTIAL FINANCIAL INC,0001137774,4,2026-09-14,2026-09-10,0001137774-26-000197,https://www.sec.gov/Archives/edgar/data/1137774/000113777426000197/form4.xml,derivative,2026-09-10,A,Notional Shares - Optional,21,118.48,2488.08,1809,D,Jones Wendy Elizabeth,Director,1,,,,SEC EDGAR
PRU|0001137774-26-000197|derivative|2026-09-10|Jones Wendy Elizabeth|A|2026 Restricted Stock Units|21|118.48|D,2026-09-17 04:45:13+0000,PRU,PRUDENTIAL FINANCIAL INC,0001137774,4,2026-09-14,2026-09-10,0001137774-26-000197,https://www.sec.gov/Archives/edgar/data/1137774/000113777426000197/form4.xml,derivative,2026-09-10,A,2026 Restricted Stock Units,21,118.48,2488.08,1798,D,Jones Wendy Elizabeth,Director,1,,,,SEC EDGAR
PRU|0001137774-26-000196|derivative|2026-09-10|HUNDMEJEAN MARTINA|A|Notional Shares - Mandatory|180|118.48|D,2026-09-17 04:45:13+0000,PRU,PRUDENTIAL FINANCIAL INC,0001137774,4,2026-09-14,2026-09-10,0001137774-26-000196,https://www.sec.gov/Archives/edgar/data/1137774/000113777426000196/form4.xml,derivative,2026-09-10,A,Notional Shares - Mandatory,180,118.48,21326.4,15434,D,HUNDMEJEAN MARTINA,Director,1,,,,SEC EDGAR
PRU|0001137774-26-000196|derivative|2026-09-10|HUNDMEJEAN MARTINA|A|Notional Shares - Optional|336|118.48|D,2026-09-17 04:45:13+0000,PRU,PRUDENTIAL FINANCIAL INC,0001137774,4,2026-09-14,2026-09-10,0001137774-26-000196,https://www.sec.gov/Archives/edgar/data/1137774/000113777426000196/form4.xml,derivative,2026-09-10,A,Notional Shares - Optional,336,118.48,39809.28,28783,D,HUNDMEJEAN MARTINA,Director,1,,,,SEC EDGAR
PRU|0001137774-26-000196|derivative|2026-09-10|HUNDMEJEAN MARTINA|A|2026 Restricted Stock Units|21|118.48|D,2026-09-17 04:45:13+0000,PRU,PRUDENTIAL FINANCIAL INC,0001137774,4,2026-09-14,2026-09-10,0001137774-26-000196,https://www.sec.gov/Archives/edgar/data/1137774/000113777426000196/form4.xml,derivative,2026-09-10,A,2026 Restricted Stock Units,21,118.48,2488.08,1798,D,HUNDMEJEAN MARTINA,Director,1,,,,SEC EDGAR
PRU|0001137774-26-000195|derivative|2026-09-10|Di Sibio Carmine|A|Notional Shares - Mandatory|37|118.48|D,2026-09-17 04:45:13+0000,PRU,PRUDENTIAL FINANCIAL INC,0001137774,4,2026-09-14,2026-09-10,0001137774-26-000195,https://www.sec.gov/Archives/edgar/data/1137774/000113777426000195/form4.xml,derivative,2026-09-10,A,Notional Shares - Mandatory,37,118.48,4383.76,3236,D,Di Sibio Carmine,Director,1,,,,SEC EDGAR
PRU|0001137774-26-000195|derivative|2026-09-10|Di Sibio Carmine|A|2026 Restricted Stock Units|21|118.48|D,2026-09-17 04:45:13+0000,PRU,PRUDENTIAL FINANCIAL INC,0001137774,4,2026-09-14,2026-09-10,0001137774-26-000195,https://www.sec.gov/Archives/edgar/data/1137774/000113777426000195/form4.xml,derivative,2026-09-10,A,2026 Restricted Stock Units,21,118.48,2488.08,1798,D,Di Sibio Carmine,Director,1,,,,SEC EDGAR
PRU|0001137774-26-000194|derivative|2026-09-10|CASELLAS GILBERT F|A|Notional Shares - Mandatory|513|118.48|D,2026-09-17 04:45:13+0000,PRU,PRUDENTIAL FINANCIAL INC,0001137774,4,2026-09-14,2026-09-10,0001137774-26-000194,https://www.sec.gov/Archives/edgar/data/1137774/000113777426000194/form4.xml,derivative,2026-09-10,A,Notional Shares - Mandatory,513,118.48,60780.240000000005,43957,D,CASELLAS GILBERT F,Director,1,,,,SEC EDGAR
PRU|0001137774-26-000194|derivative|2026-09-10|CASELLAS GILBERT F|A|2026 Restricted Stock Units|21|118.48|D,2026-09-17 04:45:13+0000,PRU,PRUDENTIAL FINANCIAL INC,0001137774,4,2026-09-14,2026-09-10,0001137774-26-000194,https://www.sec.gov/Archives/edgar/data/1137774/000113777426000194/form4.xml,derivative,2026-09-10,A,2026 Restricted Stock Units,21,118.48,2488.08,1798,D,CASELLAS GILBERT F,Director,1,,,,SEC EDGAR
PPG|0000079879-26-000283|derivative|2026-09-11|Topalian Leon J|A|Phantom Stock Units|22.25|105.50|D,2026-09-17 04:45:13+0000,PPG,PPG INDUSTRIES INC,0000079879,4,2026-09-14,2026-09-11,0000079879-26-000283,https://www.sec.gov/Archives/edgar/data/79879/000007987926000283/wk-form4_1789409591.xml,derivative,2026-09-11,A,Phantom Stock Units,22.25,105.50,2347.375,1273.0923,D,Topalian Leon J,Director,1,0,0,,SEC EDGAR
PPG|0000079879-26-000282|derivative|2026-09-11|Roberts III Chris|A|Phamtom Stock Units|45.432|105.50|D,2026-09-17 04:45:13+0000,PPG,PPG INDUSTRIES INC,0000079879,4,2026-09-14,2026-09-11,0000079879-26-000282,https://www.sec.gov/Archives/edgar/data/79879/000007987926000282/wk-form4_1789409563.xml,derivative,2026-09-11,A,Phamtom Stock Units,45.432,105.50,4793.076,4074.2679,D,Roberts III Chris,Director,1,0,0,,SEC EDGAR
PPG|0000079879-26-000280|derivative|2026-09-11|Nally Michael|A|Phantom Stock Units|98.0881|105.50|D,2026-09-17 04:45:13+0000,PPG,PPG INDUSTRIES INC,0000079879,4,2026-09-14,2026-09-11,0000079879-26-000280,https://www.sec.gov/Archives/edgar/data/79879/000007987926000280/wk-form4_1789409496.xml,derivative,2026-09-11,A,Phantom Stock Units,98.0881,105.50,10348.29455,10436.9316,D,Nally Michael,Director,1,0,0,,SEC EDGAR
PPG|0000079879-26-000281|derivative|2026-09-11|NOVO GUILLERMO|A|Phantom Stock Units|126.8664|105.50|D,2026-09-17 04:45:13+0000,PPG,PPG INDUSTRIES INC,0000079879,4,2026-09-14,2026-09-11,0000079879-26-000281,https://www.sec.gov/Archives/edgar/data/79879/000007987926000281/wk-form4_1789409525.xml,derivative,2026-09-11,A,Phantom Stock Units,126.8664,105.50,13384.4052,13631.3376,D,NOVO GUILLERMO,Director,1,0,0,,SEC EDGAR
PPG|0000079879-26-000289|derivative|2026-09-11|Massy Robert L.|A|Phantom Stock  Units|1.3645|105.50|D,2026-09-17 04:45:13+0000,PPG,PPG INDUSTRIES INC,0000079879,4,2026-09-14,2026-09-11,0000079879-26-000289,https://www.sec.gov/Archives/edgar/data/79879/000007987926000289/wk-form4_1789409825.xml,derivative,2026-09-11,A,Phantom Stock  Units,1.3645,105.50,143.95475000000002,174.9249,D,Massy Robert L.,"Officer, Sr. VP and Chief HR Officer",0,1,0,Sr. VP and Chief HR Officer,SEC EDGAR
PPG|0000079879-26-000279|derivative|2026-09-11|LIGOCKI KATHLEEN|A|Phantom Stock Units|85.6836|105.50|D,2026-09-17 04:45:13+0000,PPG,PPG INDUSTRIES INC,0000079879,4,2026-09-14,2026-09-11,0000079879-26-000279,https://www.sec.gov/Archives/edgar/data/79879/000007987926000279/wk-form4_1789409462.xml,derivative,2026-09-11,A,Phantom Stock Units,85.6836,105.50,9039.6198,8938.0276,D,LIGOCKI KATHLEEN,Director,1,0,0,,SEC EDGAR
PPG|0000079879-26-000278|derivative|2026-09-11|LAMACH MICHAEL W|A|Phantom Stock Units|145.5612|105.50|D,2026-09-17 04:45:13+0000,PPG,PPG INDUSTRIES INC,0000079879,4,2026-09-14,2026-09-11,0000079879-26-000278,https://www.sec.gov/Archives/edgar/data/79879/000007987926000278/wk-form4_1789409431.xml,derivative,2026-09-11,A,Phantom Stock Units,145.5612,105.50,15356.706600000001,16173.3187,D,LAMACH MICHAEL W,Director,1,0,0,,SEC EDGAR
PPG|0000079879-26-000288|derivative|2026-09-11|KNAVISH TIMOTHY M|A|Phantom Stock Units|99.9524|105.50|D,2026-09-17 04:45:13+0000,PPG,PPG INDUSTRIES INC,0000079879,4,2026-09-14,2026-09-11,0000079879-26-000288,https://www.sec.gov/Archives/edgar/data/79879/000007987926000288/wk-form4_1789409800.xml,derivative,2026-09-11,A,Phantom Stock Units,99.9524,105.50,10544.9782,12837.1364,D,KNAVISH TIMOTHY M,"Director, Officer, Chairman and CEO",1,1,0,Chairman and CEO,SEC EDGAR
PPG|0000079879-26-000277|derivative|2026-09-11|Heminger Gary R.|A|Phantom Stock Units|118.7692|105.50|D,2026-09-17 04:45:13+0000,PPG,PPG INDUSTRIES INC,0000079879,4,2026-09-14,2026-09-11,0000079879-26-000277,https://www.sec.gov/Archives/edgar/data/79879/000007987926000277/wk-form4_1789409397.xml,derivative,2026-09-11,A,Phantom Stock Units,118.7692,105.50,12530.150599999999,12935.902,D,Heminger Gary R.,Director,1,0,0,,SEC EDGAR
PPG|0000079879-26-000290|nonDerivative|2026-09-11|Hefel Juliane M.|P|Common Stock|3.3514|106.89|D,2026-09-17 04:45:13+0000,PPG,PPG INDUSTRIES INC,0000079879,4,2026-09-14,2026-09-11,0000079879-26-000290,https://www.sec.gov/Archives/edgar/data/79879/000007987926000290/wk-form4_1789420493.xml,nonDerivative,2026-09-11,P,Common Stock,3.3514,106.89,358.23114599999997,1905.2087,D,Hefel Juliane M.,"Officer, Sr. VP, Ind Coatings & Sp Prod",0,1,0,"Sr. VP, Ind Coatings & Sp Prod",SEC EDGAR
PPG|0000079879-26-000290|nonDerivative|2026-09-11|Hefel Juliane M.|P|Common Stock|10.031|104.78|D,2026-09-17 04:45:13+0000,PPG,PPG INDUSTRIES INC,0000079879,4,2026-09-14,2026-09-11,0000079879-26-000290,https://www.sec.gov/Archives/edgar/data/79879/000007987926000290/wk-form4_1789420493.xml,nonDerivative,2026-09-11,P,Common Stock,10.031,104.78,1051.04818,1915.2397,D,Hefel Juliane M.,"Officer, Sr. VP, Ind Coatings & Sp Prod",0,1,0,"Sr. VP, Ind Coatings & Sp Prod",SEC EDGAR
PPG|0000079879-26-000290|derivative|2026-09-11|Hefel Juliane M.|A|Phantom Stock Units|11.1288|105.50|D,2026-09-17 04:45:13+0000,PPG,PPG INDUSTRIES INC,0000079879,4,2026-09-14,2026-09-11,0000079879-26-000290,https://www.sec.gov/Archives/edgar/data/79879/000007987926000290/wk-form4_1789420493.xml,derivative,2026-09-11,A,Phantom Stock Units,11.1288,105.50,1174.0884,1426.2246,D,Hefel Juliane M.,"Officer, Sr. VP, Ind Coatings & Sp Prod",0,1,0,"Sr. VP, Ind Coatings & Sp Prod",SEC EDGAR
PPG|0000079879-26-000276|derivative|2026-09-11|Healey Melanie|A|Phantom Stock Units|61.8017|105.50|D,2026-09-17 04:45:13+0000,PPG,PPG INDUSTRIES INC,0000079879,4,2026-09-14,2026-09-11,0000079879-26-000276,https://www.sec.gov/Archives/edgar/data/79879/000007987926000276/wk-form4_1789409361.xml,derivative,2026-09-11,A,Phantom Stock Units,61.8017,105.50,6520.07935,6052.3,D,Healey Melanie,Director,1,0,0,,SEC EDGAR
PPG|0000079879-26-000287|derivative|2026-09-11|Hagerty Chancey E.|A|Phamtom Stock Units|1.7762|105.50|D,2026-09-17 04:45:13+0000,PPG,PPG INDUSTRIES INC,0000079879,4,2026-09-14,2026-09-11,0000079879-26-000287,https://www.sec.gov/Archives/edgar/data/79879/000007987926000287/wk-form4_1789409746.xml,derivative,2026-09-11,A,Phamtom Stock Units,1.7762,105.50,187.3891,254.0532,D,Hagerty Chancey E.,"Officer, Sr. VP, Perf Coatings Segment",0,1,0,"Sr. VP, Perf Coatings Segment",SEC EDGAR
PPG|0000079879-26-000275|derivative|2026-09-11|Fortmann Kathy Lynn|A|Phantom Stock  Units|60.2792|105.50|D,2026-09-17 04:45:13+0000,PPG,PPG INDUSTRIES INC,0000079879,4,2026-09-14,2026-09-11,0000079879-26-000275,https://www.sec.gov/Archives/edgar/data/79879/000007987926000275/wk-form4_1789409312.xml,derivative,2026-09-11,A,Phantom Stock  Units,60.2792,105.50,6359.4556,5749.0943,D,Fortmann Kathy Lynn,Director,1,0,0,,SEC EDGAR
PPG|0000079879-26-000286|derivative|2026-09-11|Ericson Amy R.|A|Phantom Stock  Units|1.9229|105.50|D,2026-09-17 04:45:13+0000,PPG,PPG INDUSTRIES INC,0000079879,4,2026-09-14,2026-09-11,0000079879-26-000286,https://www.sec.gov/Archives/edgar/data/79879/000007987926000286/wk-form4_1789409715.xml,derivative,2026-09-11,A,Phantom Stock  Units,1.9229,105.50,202.86595,232.3646,D,Ericson Amy R.,"Officer, Sr. VP, P&M Coatings",0,1,0,"Sr. VP, P&M Coatings",SEC EDGAR
PPG|0000079879-26-000285|derivative|2026-09-11|Braun Kevin D.|A|Phantom Stock Units|7.1337|105.50|D,2026-09-17 04:45:13+0000,PPG,PPG INDUSTRIES INC,0000079879,4,2026-09-14,2026-09-11,0000079879-26-000285,https://www.sec.gov/Archives/edgar/data/79879/000007987926000285/wk-form4_1789409673.xml,derivative,2026-09-11,A,Phantom Stock Units,7.1337,105.50,752.60535,933.815,D,Braun Kevin D.,"Officer, Sr VP, Operations",0,1,0,"Sr VP, Operations",SEC EDGAR
PPG|0000079879-26-000284|derivative|2026-09-11|Bellezza Alisha|A|Phantom Stock Units|1.3071|105.50|D,2026-09-17 04:45:13+0000,PPG,PPG INDUSTRIES INC,0000079879,4,2026-09-14,2026-09-11,0000079879-26-000284,https://www.sec.gov/Archives/edgar/data/79879/000007987926000284/wk-form4_1789409642.xml,derivative,2026-09-11,A,Phantom Stock Units,1.3071,105.50,137.89905,168.137,D,Bellezza Alisha,"Officer, Sr. VP, Ind Coatings Segment",0,1,0,"Sr. VP, Ind Coatings Segment",SEC EDGAR
NTAP|0001193125-26-390642|nonDerivative|2026-09-10|O'Callahan Elizabeth M|S|Common Shares|1000|184.74|D,2026-09-17 04:45:13+0000,NTAP,"NetApp, Inc.",0001002047,4,2026-09-14,2026-09-10,0001193125-26-390642,https://www.sec.gov/Archives/edgar/data/1002047/000119312526390642/ownership.xml,nonDerivative,2026-09-10,S,Common Shares,1000,184.74,184740.0,30737,D,O'Callahan Elizabeth M,"EVP, Chief Admin. Officer",false,true,false,"EVP, Chief Admin. Officer",SEC EDGAR
NTAP|0001193125-26-390659|nonDerivative|2026-09-11|NEVENS THOMAS MICHAEL|S|Common Shares|5940|195.21|I,2026-09-17 04:45:13+0000,NTAP,"NetApp, Inc.",0001002047,4,2026-09-14,2026-09-11,0001193125-26-390659,https://www.sec.gov/Archives/edgar/data/1002047/000119312526390659/ownership.xml,nonDerivative,2026-09-11,S,Common Shares,5940,195.21,1159547.4000000001,7747,I,NEVENS THOMAS MICHAEL,,true,false,false,,SEC EDGAR
"NDAQ|0001193125-26-390544|nonDerivative|2026-09-10|SKULE JEREMY|S|Common Stock, par value $0.01 per share|1125|94.22|D",2026-09-17 04:45:13+0000,NDAQ,"NASDAQ, INC.",0001120193,4,2026-09-14,2026-09-10,0001193125-26-390544,https://www.sec.gov/Archives/edgar/data/1120193/000119312526390544/ownership.xml,nonDerivative,2026-09-10,S,"Common Stock, par value $0.01 per share",1125,94.22,105997.5,101198,D,SKULE JEREMY,"EVP, CSO",false,true,false,"EVP, CSO",SEC EDGAR
MRNA|0001682852-26-000174|nonDerivative|2026-09-10|Mock James M|M|Common Stock|19836|30.96|D,2026-09-17 04:45:13+0000,MRNA,"Moderna, Inc.",0001682852,4,2026-09-14,2026-09-10,0001682852-26-000174,https://www.sec.gov/Archives/edgar/data/1682852/000168285226000174/form4.xml,nonDerivative,2026-09-10,M,Common Stock,19836,30.96,614122.56,94211,D,Mock James M,"Officer, Chief Financial Officer",,1,,Chief Financial Officer,SEC EDGAR
MRNA|0001682852-26-000174|nonDerivative|2026-09-10|Mock James M|S|Common Stock|19836|134.49|D,2026-09-17 04:45:13+0000,MRNA,"Moderna, Inc.",0001682852,4,2026-09-14,2026-09-10,0001682852-26-000174,https://www.sec.gov/Archives/edgar/data/1682852/000168285226000174/form4.xml,nonDerivative,2026-09-10,S,Common Stock,19836,134.49,2667743.64,74375,D,Mock James M,"Officer, Chief Financial Officer",,1,,Chief Financial Officer,SEC EDGAR
MRNA|0001682852-26-000174|nonDerivative|2026-09-10|Mock James M|S|Common Stock|15000|134.49|D,2026-09-17 04:45:13+0000,MRNA,"Moderna, Inc.",0001682852,4,2026-09-14,2026-09-10,0001682852-26-000174,https://www.sec.gov/Archives/edgar/data/1682852/000168285226000174/form4.xml,nonDerivative,2026-09-10,S,Common Stock,15000,134.49,2017350.0000000002,59375,D,Mock James M,"Officer, Chief Financial Officer",,1,,Chief Financial Officer,SEC EDGAR
MRNA|0001682852-26-000174|derivative|2026-09-10|Mock James M|M|Stock Option (Right to Buy)|19836|0|D,2026-09-17 04:45:13+0000,MRNA,"Moderna, Inc.",0001682852,4,2026-09-14,2026-09-10,0001682852-26-000174,https://www.sec.gov/Archives/edgar/data/1682852/000168285226000174/form4.xml,derivative,2026-09-10,M,Stock Option (Right to Buy),19836,0,0.0,43642,D,Mock James M,"Officer, Chief Financial Officer",,1,,Chief Financial Officer,SEC EDGAR
MGM|0000789570-26-000077|nonDerivative|2026-09-11|Fritz Gary M|M|Common Stock $.01 Par Value ND|4711|0|D,2026-09-17 04:45:13+0000,MGM,MGM Resorts International,0000789570,4,2026-09-14,2026-09-11,0000789570-26-000077,https://www.sec.gov/Archives/edgar/data/789570/000078957026000077/form4.xml,nonDerivative,2026-09-11,M,Common Stock $.01 Par Value ND,4711,0,0.0,136715,D,Fritz Gary M,"Officer, President, Interactive",,1,,"President, Interactive",SEC EDGAR
MGM|0000789570-26-000077|nonDerivative|2026-09-11|Fritz Gary M|F|Common Stock $.01 Par Value ND|1882|39.89|D,2026-09-17 04:45:13+0000,MGM,MGM Resorts International,0000789570,4,2026-09-14,2026-09-11,0000789570-26-000077,https://www.sec.gov/Archives/edgar/data/789570/000078957026000077/form4.xml,nonDerivative,2026-09-11,F,Common Stock $.01 Par Value ND,1882,39.89,75072.98,134833,D,Fritz Gary M,"Officer, President, Interactive",,1,,"President, Interactive",SEC EDGAR
MGM|0000789570-26-000077|derivative|2026-09-11|Fritz Gary M|M|Restricted Stock Units|4711|0|D,2026-09-17 04:45:13+0000,MGM,MGM Resorts International,0000789570,4,2026-09-14,2026-09-11,0000789570-26-000077,https://www.sec.gov/Archives/edgar/data/789570/000078957026000077/form4.xml,derivative,2026-09-11,M,Restricted Stock Units,4711,0,0.0,4711,D,Fritz Gary M,"Officer, President, Interactive",,1,,"President, Interactive",SEC EDGAR
IVZ|0001197233-26-000004|nonDerivative|2026-09-11|WOOD PHOEBE A|S|Common Shares|3000|32.44|D,2026-09-17 04:45:13+0000,IVZ,Invesco Ltd.,0000914208,4,2026-09-14,2026-09-11,0001197233-26-000004,https://www.sec.gov/Archives/edgar/data/914208/000119723326000004/wk-form4_1789407444.xml,nonDerivative,2026-09-11,S,Common Shares,3000,32.44,97320.0,107111.157,D,WOOD PHOEBE A,Director,1,0,0,,SEC EDGAR
"HSY|0000950142-26-002543|nonDerivative|2026-09-10|HERSHEY TRUST CO TRUSTEE IN TRUST FOR MILTON HERSHEY SCHOOL|S|Common Stock, $1.00 par value|4172|173.5825|D",2026-09-17 04:45:13+0000,HSY,HERSHEY CO,0000047111,4,2026-09-14,2026-09-10,0000950142-26-002543,https://www.sec.gov/Archives/edgar/data/47111/000095014226002543/es260829104_4-hsy.xml,nonDerivative,2026-09-10,S,"Common Stock, $1.00 par value",4172,173.5825,724186.1900000001,831947,D,HERSHEY TRUST CO TRUSTEE IN TRUST FOR MILTON HERSHEY SCHOOL,10% Owner,0,0,1,,SEC EDGAR
"HSY|0000950142-26-002543|nonDerivative|2026-09-10|HERSHEY TRUST CO TRUSTEE IN TRUST FOR MILTON HERSHEY SCHOOL|S|Common Stock, $1.00 par value|4093|174.3741|D",2026-09-17 04:45:13+0000,HSY,HERSHEY CO,0000047111,4,2026-09-14,2026-09-10,0000950142-26-002543,https://www.sec.gov/Archives/edgar/data/47111/000095014226002543/es260829104_4-hsy.xml,nonDerivative,2026-09-10,S,"Common Stock, $1.00 par value",4093,174.3741,713713.1913,827854,D,HERSHEY TRUST CO TRUSTEE IN TRUST FOR MILTON HERSHEY SCHOOL,10% Owner,0,0,1,,SEC EDGAR
"HSY|0000950142-26-002543|nonDerivative|2026-09-10|HERSHEY TRUST CO TRUSTEE IN TRUST FOR MILTON HERSHEY SCHOOL|S|Common Stock, $1.00 par value|1704|175.4968|D",2026-09-17 04:45:13+0000,HSY,HERSHEY CO,0000047111,4,2026-09-14,2026-09-10,0000950142-26-002543,https://www.sec.gov/Archives/edgar/data/47111/000095014226002543/es260829104_4-hsy.xml,nonDerivative,2026-09-10,S,"Common Stock, $1.00 par value",1704,175.4968,299046.54720000003,826150,D,HERSHEY TRUST CO TRUSTEE IN TRUST FOR MILTON HERSHEY SCHOOL,10% Owner,0,0,1,,SEC EDGAR
"HSY|0000950142-26-002543|nonDerivative|2026-09-10|HERSHEY TRUST CO TRUSTEE IN TRUST FOR MILTON HERSHEY SCHOOL|S|Common Stock, $1.00 par value|31|176.0095|D",2026-09-17 04:45:13+0000,HSY,HERSHEY CO,0000047111,4,2026-09-14,2026-09-10,0000950142-26-002543,https://www.sec.gov/Archives/edgar/data/47111/000095014226002543/es260829104_4-hsy.xml,nonDerivative,2026-09-10,S,"Common Stock, $1.00 par value",31,176.0095,5456.2945,826119,D,HERSHEY TRUST CO TRUSTEE IN TRUST FOR MILTON HERSHEY SCHOOL,10% Owner,0,0,1,,SEC EDGAR
"HSY|0000950142-26-002543|nonDerivative|2026-09-11|HERSHEY TRUST CO TRUSTEE IN TRUST FOR MILTON HERSHEY SCHOOL|S|Common Stock, $1.00 par value|6|172.9393|D",2026-09-17 04:45:13+0000,HSY,HERSHEY CO,0000047111,4,2026-09-14,2026-09-10,0000950142-26-002543,https://www.sec.gov/Archives/edgar/data/47111/000095014226002543/es260829104_4-hsy.xml,nonDerivative,2026-09-11,S,"Common Stock, $1.00 par value",6,172.9393,1037.6358,826113,D,HERSHEY TRUST CO TRUSTEE IN TRUST FOR MILTON HERSHEY SCHOOL,10% Owner,0,0,1,,SEC EDGAR
"HSY|0000950142-26-002543|nonDerivative|2026-09-11|HERSHEY TRUST CO TRUSTEE IN TRUST FOR MILTON HERSHEY SCHOOL|S|Common Stock, $1.00 par value|9049|173.4384|D",2026-09-17 04:45:13+0000,HSY,HERSHEY CO,0000047111,4,2026-09-14,2026-09-10,0000950142-26-002543,https://www.sec.gov/Archives/edgar/data/47111/000095014226002543/es260829104_4-hsy.xml,nonDerivative,2026-09-11,S,"Common Stock, $1.00 par value",9049,173.4384,1569444.0816,817064,D,HERSHEY TRUST CO TRUSTEE IN TRUST FOR MILTON HERSHEY SCHOOL,10% Owner,0,0,1,,SEC EDGAR
"HSY|0000950142-26-002543|nonDerivative|2026-09-11|HERSHEY TRUST CO TRUSTEE IN TRUST FOR MILTON HERSHEY SCHOOL|S|Common Stock, $1.00 par value|868|174.1593|D",2026-09-17 04:45:13+0000,HSY,HERSHEY CO,0000047111,4,2026-09-14,2026-09-10,0000950142-26-002543,https://www.sec.gov/Archives/edgar/data/47111/000095014226002543/es260829104_4-hsy.xml,nonDerivative,2026-09-11,S,"Common Stock, $1.00 par value",868,174.1593,151170.2724,816196,D,HERSHEY TRUST CO TRUSTEE IN TRUST FOR MILTON HERSHEY SCHOOL,10% Owner,0,0,1,,SEC EDGAR
"HSY|0000950142-26-002543|nonDerivative|2026-09-11|HERSHEY TRUST CO TRUSTEE IN TRUST FOR MILTON HERSHEY SCHOOL|S|Common Stock, $1.00 par value|77|175.0500|D",2026-09-17 04:45:13+0000,HSY,HERSHEY CO,0000047111,4,2026-09-14,2026-09-10,0000950142-26-002543,https://www.sec.gov/Archives/edgar/data/47111/000095014226002543/es260829104_4-hsy.xml,nonDerivative,2026-09-11,S,"Common Stock, $1.00 par value",77,175.0500,13478.85,816119,D,HERSHEY TRUST CO TRUSTEE IN TRUST FOR MILTON HERSHEY SCHOOL,10% Owner,0,0,1,,SEC EDGAR
HOOD|0001870914-26-000025|nonDerivative|2026-09-10|Bhatt Baiju|C|Class A Common Stock|43373||I,2026-09-17 04:45:13+0000,HOOD,"Robinhood Markets, Inc.",0001783879,4,2026-09-14,2026-09-10,0001870914-26-000025,https://www.sec.gov/Archives/edgar/data/1783879/000187091426000025/wk-form4_1789417999.xml,nonDerivative,2026-09-10,C,Class A Common Stock,43373,,,43373,I,Bhatt Baiju,Director,1,0,0,,SEC EDGAR
HOOD|0001870914-26-000025|nonDerivative|2026-09-10|Bhatt Baiju|S|Class A Common Stock|2400|112.7717|I,2026-09-17 04:45:13+0000,HOOD,"Robinhood Markets, Inc.",0001783879,4,2026-09-14,2026-09-10,0001870914-26-000025,https://www.sec.gov/Archives/edgar/data/1783879/000187091426000025/wk-form4_1789417999.xml,nonDerivative,2026-09-10,S,Class A Common Stock,2400,112.7717,270652.08,40973,I,Bhatt Baiju,Director,1,0,0,,SEC EDGAR
HOOD|0001870914-26-000025|nonDerivative|2026-09-10|Bhatt Baiju|S|Class A Common Stock|15984|113.7372|I,2026-09-17 04:45:13+0000,HOOD,"Robinhood Markets, Inc.",0001783879,4,2026-09-14,2026-09-10,0001870914-26-000025,https://www.sec.gov/Archives/edgar/data/1783879/000187091426000025/wk-form4_1789417999.xml,nonDerivative,2026-09-10,S,Class A Common Stock,15984,113.7372,1817975.4048000001,24989,I,Bhatt Baiju,Director,1,0,0,,SEC EDGAR
HOOD|0001870914-26-000025|nonDerivative|2026-09-10|Bhatt Baiju|S|Class A Common Stock|18889|114.5114|I,2026-09-17 04:45:13+0000,HOOD,"Robinhood Markets, Inc.",0001783879,4,2026-09-14,2026-09-10,0001870914-26-000025,https://www.sec.gov/Archives/edgar/data/1783879/000187091426000025/wk-form4_1789417999.xml,nonDerivative,2026-09-10,S,Class A Common Stock,18889,114.5114,2163005.8345999997,6100,I,Bhatt Baiju,Director,1,0,0,,SEC EDGAR
HOOD|0001870914-26-000025|nonDerivative|2026-09-10|Bhatt Baiju|S|Class A Common Stock|6000|115.5387|I,2026-09-17 04:45:13+0000,HOOD,"Robinhood Markets, Inc.",0001783879,4,2026-09-14,2026-09-10,0001870914-26-000025,https://www.sec.gov/Archives/edgar/data/1783879/000187091426000025/wk-form4_1789417999.xml,nonDerivative,2026-09-10,S,Class A Common Stock,6000,115.5387,693232.2000000001,100,I,Bhatt Baiju,Director,1,0,0,,SEC EDGAR
HOOD|0001870914-26-000025|nonDerivative|2026-09-10|Bhatt Baiju|S|Class A Common Stock|100|116.26|I,2026-09-17 04:45:13+0000,HOOD,"Robinhood Markets, Inc.",0001783879,4,2026-09-14,2026-09-10,0001870914-26-000025,https://www.sec.gov/Archives/edgar/data/1783879/000187091426000025/wk-form4_1789417999.xml,nonDerivative,2026-09-10,S,Class A Common Stock,100,116.26,11626.0,0,I,Bhatt Baiju,Director,1,0,0,,SEC EDGAR
HOOD|0001870914-26-000025|derivative|2026-09-10|Bhatt Baiju|C|Class B Common Stock|43373|0|I,2026-09-17 04:45:13+0000,HOOD,"Robinhood Markets, Inc.",0001783879,4,2026-09-14,2026-09-10,0001870914-26-000025,https://www.sec.gov/Archives/edgar/data/1783879/000187091426000025/wk-form4_1789417999.xml,derivative,2026-09-10,C,Class B Common Stock,43373,0,0.0,46805566,I,Bhatt Baiju,Director,1,0,0,,SEC EDGAR
HII|0001852543-26-000015|derivative|2026-09-11|Wilkinson Kara R.|A|Restricted Stock Rights|16.233|0|D,2026-09-17 04:45:13+0000,HII,"HUNTINGTON INGALLS INDUSTRIES, INC.",0001501585,4,2026-09-14,2026-09-11,0001852543-26-000015,https://www.sec.gov/Archives/edgar/data/1501585/000185254326000015/wk-form4_1789416766.xml,derivative,2026-09-11,A,Restricted Stock Rights,16.233,0,0.0,3306.267,D,Wilkinson Kara R.,"Officer, Ex. VP and President, NNS",0,1,0,"Ex. VP and President, NNS",SEC EDGAR
HII|0001846302-26-000016|derivative|2026-09-11|Stiehle Thomas E.|A|Restricted Stock Rights|19.687|0|D,2026-09-17 04:45:13+0000,HII,"HUNTINGTON INGALLS INDUSTRIES, INC.",0001501585,4,2026-09-14,2026-09-11,0001846302-26-000016,https://www.sec.gov/Archives/edgar/data/1501585/000184630226000016/wk-form4_1789416806.xml,derivative,2026-09-11,A,Restricted Stock Rights,19.687,0,0.0,4009.897,D,Stiehle Thomas E.,"Officer, Ex. VP and CFO",0,1,0,Ex. VP and CFO,SEC EDGAR
HII|0001348489-26-000019|nonDerivative|2026-09-11|Stanage Nick L|A|Common Stock (SUA)|1.271|0|D,2026-09-17 04:45:13+0000,HII,"HUNTINGTON INGALLS INDUSTRIES, INC.",0001501585,4,2026-09-14,2026-09-11,0001348489-26-000019,https://www.sec.gov/Archives/edgar/data/1501585/000134848926000019/wk-form4_1789416794.xml,nonDerivative,2026-09-11,A,Common Stock (SUA),1.271,0,0.0,258.925,D,Stanage Nick L,Director,1,0,0,,SEC EDGAR
HII|0001651056-26-000016|derivative|2026-09-11|Schuck Nicolas G|A|Restricted Stock Rights|5.1|0|D,2026-09-17 04:45:13+0000,HII,"HUNTINGTON INGALLS INDUSTRIES, INC.",0001501585,4,2026-09-14,2026-09-11,0001651056-26-000016,https://www.sec.gov/Archives/edgar/data/1501585/000165105626000016/wk-form4_1789416743.xml,derivative,2026-09-11,A,Restricted Stock Rights,5.1,0,0.0,1038.905,D,Schuck Nicolas G,"Officer, Corp VP, Controller & CAO",0,1,0,"Corp VP, Controller & CAO",SEC EDGAR
HII|0001216515-26-000014|nonDerivative|2026-09-11|SCHIEVELBEIN THOMAS C|A|Common Stock (SUA)|115.189|0|D,2026-09-17 04:45:13+0000,HII,"HUNTINGTON INGALLS INDUSTRIES, INC.",0001501585,4,2026-09-14,2026-09-11,0001216515-26-000014,https://www.sec.gov/Archives/edgar/data/1501585/000121651526000014/wk-form4_1789416760.xml,nonDerivative,2026-09-11,A,Common Stock (SUA),115.189,0,0.0,23461.131,D,SCHIEVELBEIN THOMAS C,Director,1,0,0,,SEC EDGAR
HII|0001842003-26-000014|nonDerivative|2026-09-11|O'Sullivan Stephanie L.|A|Common Stock (SUA)|20.786|0|D,2026-09-17 04:45:13+0000,HII,"HUNTINGTON INGALLS INDUSTRIES, INC.",0001501585,4,2026-09-14,2026-09-11,0001842003-26-000014,https://www.sec.gov/Archives/edgar/data/1501585/000184200326000014/wk-form4_1789416777.xml,nonDerivative,2026-09-11,A,Common Stock (SUA),20.786,0,0.0,4233.489,D,O'Sullivan Stephanie L.,Director,1,0,0,,SEC EDGAR
HII|0001584119-26-000026|nonDerivative|2026-09-11|McKibben Tracy B|A|Common Stock (SUA)|28.543|0|D,2026-09-17 04:45:13+0000,HII,"HUNTINGTON INGALLS INDUSTRIES, INC.",0001501585,4,2026-09-14,2026-09-11,0001584119-26-000026,https://www.sec.gov/Archives/edgar/data/1501585/000158411926000026/wk-form4_1789416811.xml,nonDerivative,2026-09-11,A,Common Stock (SUA),28.543,0,0.0,5813.375,D,McKibben Tracy B,Director,1,0,0,,SEC EDGAR
HII|0001569904-26-000017|derivative|2026-09-11|Kastner Christopher D|A|Restricted Stock  Rights|91.96|0|D,2026-09-17 04:45:13+0000,HII,"HUNTINGTON INGALLS INDUSTRIES, INC.",0001501585,4,2026-09-14,2026-09-11,0001569904-26-000017,https://www.sec.gov/Archives/edgar/data/1501585/000156990426000017/wk-form4_1789416737.xml,derivative,2026-09-11,A,Restricted Stock  Rights,91.96,0,0.0,18729.884,D,Kastner Christopher D,"Director, Officer, Director, President & CEO",1,1,0,"Director, President & CEO",SEC EDGAR
HII|0001465175-26-000027|nonDerivative|2026-09-11|Jimenez Frank R|A|Common Stock (SUA)|17.087|0|D,2026-09-17 04:45:13+0000,HII,"HUNTINGTON INGALLS INDUSTRIES, INC.",0001501585,4,2026-09-14,2026-09-11,0001465175-26-000027,https://www.sec.gov/Archives/edgar/data/1501585/000146517526000027/wk-form4_1789416726.xml,nonDerivative,2026-09-11,A,Common Stock (SUA),17.087,0,0.0,3480.177,D,Jimenez Frank R,Director,1,0,0,,SEC EDGAR
HII|0001920500-26-000016|derivative|2026-09-11|Hughes Edmond E. Jr.|A|Restricted Stock Rights|10.971|0|D,2026-09-17 04:45:13+0000,HII,"HUNTINGTON INGALLS INDUSTRIES, INC.",0001501585,4,2026-09-14,2026-09-11,0001920500-26-000016,https://www.sec.gov/Archives/edgar/data/1501585/000192050026000016/wk-form4_1789416702.xml,derivative,2026-09-11,A,Restricted Stock Rights,10.971,0,0.0,2234.4,D,Hughes Edmond E. Jr.,"Officer, Ex VP & Chief HR Officer",0,1,0,Ex VP & Chief HR Officer,SEC EDGAR
HII|0001350579-26-000019|nonDerivative|2026-09-11|Harker Victoria D|A|Common Stock (SUA)|38.547|0|D,2026-09-17 04:45:13+0000,HII,"HUNTINGTON INGALLS INDUSTRIES, INC.",0001501585,4,2026-09-14,2026-09-11,0001350579-26-000019,https://www.sec.gov/Archives/edgar/data/1501585/000135057926000019/wk-form4_1789416783.xml,nonDerivative,2026-09-11,A,Common Stock (SUA),38.547,0,0.0,7851.241,D,Harker Victoria D,Director,1,0,0,,SEC EDGAR
HII|0001691442-26-000016|derivative|2026-09-11|Green Edgar A III|A|Restricted Stock Rights|16.233|0|D,2026-09-17 04:45:13+0000,HII,"HUNTINGTON INGALLS INDUSTRIES, INC.",0001501585,4,2026-09-14,2026-09-11,0001691442-26-000016,https://www.sec.gov/Archives/edgar/data/1501585/000169144226000016/wk-form4_1789416788.xml,derivative,2026-09-11,A,Restricted Stock Rights,16.233,0,0.0,3306.267,D,Green Edgar A III,"Officer, Ex VP, Pres. HII Mission Tech",0,1,0,"Ex VP, Pres. HII Mission Tech",SEC EDGAR
HII|0001996124-26-000014|nonDerivative|2026-09-11|Faller Craig S.|A|Common Stock (SUA)|10.102|0|D,2026-09-17 04:45:13+0000,HII,"HUNTINGTON INGALLS INDUSTRIES, INC.",0001501585,4,2026-09-14,2026-09-11,0001996124-26-000014,https://www.sec.gov/Archives/edgar/data/1501585/000199612426000014/wk-form4_1789416749.xml,nonDerivative,2026-09-11,A,Common Stock (SUA),10.102,0,0.0,2057.377,D,Faller Craig S.,Director,1,0,0,,SEC EDGAR
HII|0001579933-26-000014|nonDerivative|2026-09-11|DONALD KIRKLAND H|A|Common Stock (SUA)|34.64|0|D,2026-09-17 04:45:13+0000,HII,"HUNTINGTON INGALLS INDUSTRIES, INC.",0001501585,4,2026-09-14,2026-09-11,0001579933-26-000014,https://www.sec.gov/Archives/edgar/data/1501585/000157993326000014/wk-form4_1789416718.xml,nonDerivative,2026-09-11,A,Common Stock (SUA),34.64,0,0.0,7055.202,D,DONALD KIRKLAND H,Director,1,0,0,,SEC EDGAR
HII|0001281986-26-000020|nonDerivative|2026-09-11|DENAULT LEO P|A|Common Stock (SUA)|23.405|0|D,2026-09-17 04:45:13+0000,HII,"HUNTINGTON INGALLS INDUSTRIES, INC.",0001501585,4,2026-09-14,2026-09-11,0001281986-26-000020,https://www.sec.gov/Archives/edgar/data/1501585/000128198626000020/wk-form4_1789416800.xml,nonDerivative,2026-09-11,A,Common Stock (SUA),23.405,0,0.0,4767.168,D,DENAULT LEO P,Director,1,0,0,,SEC EDGAR
HII|0001689175-26-000014|nonDerivative|2026-09-11|Collins Augustus L|A|Common Stock (SUA)|54.597|0|D,2026-09-17 04:45:13+0000,HII,"HUNTINGTON INGALLS INDUSTRIES, INC.",0001501585,4,2026-09-14,2026-09-11,0001689175-26-000014,https://www.sec.gov/Archives/edgar/data/1501585/000168917526000014/wk-form4_1789416772.xml,nonDerivative,2026-09-11,A,Common Stock (SUA),54.597,0,0.0,11120.42,D,Collins Augustus L,Director,1,0,0,,SEC EDGAR
HII|0001964855-26-000016|derivative|2026-09-11|Chewning Eric D.|A|Restricted Stock Rights|10.971|0|D,2026-09-17 04:45:13+0000,HII,"HUNTINGTON INGALLS INDUSTRIES, INC.",0001501585,4,2026-09-14,2026-09-11,0001964855-26-000016,https://www.sec.gov/Archives/edgar/data/1501585/000196485526000016/wk-form4_1789416710.xml,derivative,2026-09-11,A,Restricted Stock Rights,10.971,0,0.0,2234.4,D,Chewning Eric D.,"Officer, EVP, Maritime Sys & Corp STR",0,1,0,"EVP, Maritime Sys & Corp STR",SEC EDGAR
HII|0001808160-26-000016|derivative|2026-09-11|Boudreaux Chad N.|A|Restricted Stock Rights|17.651|0|D,2026-09-17 04:45:13+0000,HII,"HUNTINGTON INGALLS INDUSTRIES, INC.",0001501585,4,2026-09-14,2026-09-11,0001808160-26-000016,https://www.sec.gov/Archives/edgar/data/1501585/000180816026000016/wk-form4_1789416732.xml,derivative,2026-09-11,A,Restricted Stock Rights,17.651,0,0.0,3594.871,D,Boudreaux Chad N.,"Officer, Ex VP & Chief Legal Officer",0,1,0,Ex VP & Chief Legal Officer,SEC EDGAR
HII|0002049633-26-000014|derivative|2026-09-11|Blanchette Brian D.|A|Restricted Stock  Rights|14.65|0|D,2026-09-17 04:45:13+0000,HII,"HUNTINGTON INGALLS INDUSTRIES, INC.",0001501585,4,2026-09-14,2026-09-11,0002049633-26-000014,https://www.sec.gov/Archives/edgar/data/1501585/000204963326000014/wk-form4_1789416754.xml,derivative,2026-09-11,A,Restricted Stock  Rights,14.65,0,0.0,2983.93,D,Blanchette Brian D.,"Officer, Ex VP and President, Ingalls",0,1,0,"Ex VP and President, Ingalls",SEC EDGAR
FANG|0001539838-26-000159|nonDerivative|2026-09-10|Zmigrosky Matt|F|Common Stock|861|202.63|D,2026-09-17 04:45:13+0000,FANG,"Diamondback Energy, Inc.",0001539838,4,2026-09-14,2026-09-10,0001539838-26-000159,https://www.sec.gov/Archives/edgar/data/1539838/000153983826000159/wk-form4_1789416341.xml,nonDerivative,2026-09-10,F,Common Stock,861,202.63,174464.43,38031,D,Zmigrosky Matt,"Officer, EVP, Chief Legal and Admin Off",0,1,0,"EVP, Chief Legal and Admin Off",SEC EDGAR
FANG|0001539838-26-000160|nonDerivative|2026-09-11|Stice Travis D.|S|Common Stock|75000|204.3103|D,2026-09-17 04:45:13+0000,FANG,"Diamondback Energy, Inc.",0001539838,4,2026-09-14,2026-09-11,0001539838-26-000160,https://www.sec.gov/Archives/edgar/data/1539838/000153983826000160/wk-form4_1789416421.xml,nonDerivative,2026-09-11,S,Common Stock,75000,204.3103,15323272.5,49727,D,Stice Travis D.,Director,1,0,0,,SEC EDGAR
FANG|0001539838-26-000158|nonDerivative|2026-09-10|Barkmann Albert|F|Common Stock|682|202.63|D,2026-09-17 04:45:13+0000,FANG,"Diamondback Energy, Inc.",0001539838,4,2026-09-14,2026-09-10,0001539838-26-000158,https://www.sec.gov/Archives/edgar/data/1539838/000153983826000158/wk-form4_1789416216.xml,nonDerivative,2026-09-10,F,Common Stock,682,202.63,138193.66,23889,D,Barkmann Albert,"Officer, Exec. VP and Chief Engineer",0,1,0,Exec. VP and Chief Engineer,SEC EDGAR
EW|0001225208-26-007812|nonDerivative|2026-09-11|Markowitz Wayne|F|Common Stock|355.0000|86.7700|D,2026-09-17 04:45:13+0000,EW,Edwards Lifesciences Corp,0001099800,4,2026-09-14,2026-09-11,0001225208-26-007812,https://www.sec.gov/Archives/edgar/data/1099800/000122520826007812/doc4.xml,nonDerivative,2026-09-11,F,Common Stock,355.0000,86.7700,30803.35,19938.5581,D,Markowitz Wayne,"Officer, CVP, JAPAC",,1,,"CVP, JAPAC",SEC EDGAR
EW|0001225208-26-007812|nonDerivative|2026-09-14|Markowitz Wayne|F|Common Stock|568.0000|84.3700|D,2026-09-17 04:45:13+0000,EW,Edwards Lifesciences Corp,0001099800,4,2026-09-14,2026-09-11,0001225208-26-007812,https://www.sec.gov/Archives/edgar/data/1099800/000122520826007812/doc4.xml,nonDerivative,2026-09-14,F,Common Stock,568.0000,84.3700,47922.16,19370.5581,D,Markowitz Wayne,"Officer, CVP, JAPAC",,1,,"CVP, JAPAC",SEC EDGAR
EW|0001225208-26-007811|nonDerivative|2026-09-13|Dahl Andrew M.|F|Common Stock|253.0000|84.3700|D,2026-09-17 04:45:13+0000,EW,Edwards Lifesciences Corp,0001099800,4,2026-09-14,2026-09-13,0001225208-26-007811,https://www.sec.gov/Archives/edgar/data/1099800/000122520826007811/doc4.xml,nonDerivative,2026-09-13,F,Common Stock,253.0000,84.3700,21345.61,14615.4100,D,Dahl Andrew M.,"Officer, SVP, Corporate Controller",,1,,"SVP, Corporate Controller",SEC EDGAR
EOG|0000821189-26-000174|nonDerivative|2026-09-11|Donaldson Michael P|S|Common Stock|7336|148.00|D,2026-09-17 04:45:13+0000,EOG,EOG RESOURCES INC,0000821189,4,2026-09-14,2026-09-11,0000821189-26-000174,https://www.sec.gov/Archives/edgar/data/821189/000082118926000174/form4.xml,nonDerivative,2026-09-11,S,Common Stock,7336,148.00,1085728.0,100558.1626,D,Donaldson Michael P,"Officer, EVP & Chief Legal Officer",,1,,EVP & Chief Legal Officer,SEC EDGAR
ECL|0001628280-26-061859|nonDerivative|2026-09-11|Green Eric Mark|P|Common Stock|3370|276.577|D,2026-09-17 04:45:13+0000,ECL,ECOLAB INC.,0000031462,4,2026-09-14,2026-09-11,0001628280-26-061859,https://www.sec.gov/Archives/edgar/data/31462/000162828026061859/wk-form4_1789418117.xml,nonDerivative,2026-09-11,P,Common Stock,3370,276.577,932064.49,7627.28,D,Green Eric Mark,Director,1,0,0,,SEC EDGAR
ECL|0001628280-26-061859|nonDerivative|2026-09-11|Green Eric Mark|P|Common Stock|320|277.291|D,2026-09-17 04:45:13+0000,ECL,ECOLAB INC.,0000031462,4,2026-09-14,2026-09-11,0001628280-26-061859,https://www.sec.gov/Archives/edgar/data/31462/000162828026061859/wk-form4_1789418117.xml,nonDerivative,2026-09-11,P,Common Stock,320,277.291,88733.12,7947.28,D,Green Eric Mark,Director,1,0,0,,SEC EDGAR
DXCM|0001093557-26-000173|nonDerivative|2026-09-10|Sylvain Jereme M|S|Common Stock|3638|83.27|D,2026-09-17 04:45:13+0000,DXCM,DEXCOM INC,0001093557,4,2026-09-14,2026-09-10,0001093557-26-000173,https://www.sec.gov/Archives/edgar/data/1093557/000109355726000173/wk-form4_1789416164.xml,nonDerivative,2026-09-10,S,Common Stock,3638,83.27,302936.26,146828,D,Sylvain Jereme M,"Officer, EVP, Chief Financal Officer",0,1,0,"EVP, Chief Financal Officer",SEC EDGAR
DVN|0001090012-26-000123|nonDerivative|2026-09-14|Lowe Robert Ferrall III|S|Common Stock|6756|50.95|D,2026-09-17 04:45:13+0000,DVN,DEVON ENERGY CORP/DE,0001090012,4,2026-09-14,2026-09-14,0001090012-26-000123,https://www.sec.gov/Archives/edgar/data/1090012/000109001226000123/form4.xml,nonDerivative,2026-09-14,S,Common Stock,6756,50.95,344218.2,72720,D,Lowe Robert Ferrall III,"Officer, EVP EXPLORATION & PRODUCTION",,1,,EVP EXPLORATION & PRODUCTION,SEC EDGAR
DVN|0001090012-26-000124|nonDerivative|2026-09-10|Gaspar Clay M|A|Common Stock|53979|0|D,2026-09-17 04:45:13+0000,DVN,DEVON ENERGY CORP/DE,0001090012,4,2026-09-14,2026-09-10,0001090012-26-000124,https://www.sec.gov/Archives/edgar/data/1090012/000109001226000124/form4.xml,nonDerivative,2026-09-10,A,Common Stock,53979,0,0.0,615239,D,Gaspar Clay M,"Director, Officer, PRESIDENT AND CEO",1,1,,PRESIDENT AND CEO,SEC EDGAR
DVN|0001090012-26-000124|nonDerivative|2026-09-14|Gaspar Clay M|P|Common Stock|3913|51.08|D,2026-09-17 04:45:13+0000,DVN,DEVON ENERGY CORP/DE,0001090012,4,2026-09-14,2026-09-10,0001090012-26-000124,https://www.sec.gov/Archives/edgar/data/1090012/000109001226000124/form4.xml,nonDerivative,2026-09-14,P,Common Stock,3913,51.08,199876.03999999998,619152,D,Gaspar Clay M,"Director, Officer, PRESIDENT AND CEO",1,1,,PRESIDENT AND CEO,SEC EDGAR
CSCO|0000858877-26-000138|nonDerivative|2026-09-10|Tuszik Oliver|F|Common Stock|1259.692|109.43|D,2026-09-17 04:45:13+0000,CSCO,"CISCO SYSTEMS, INC.",0000858877,4,2026-09-14,2026-09-10,0000858877-26-000138,https://www.sec.gov/Archives/edgar/data/858877/000085887726000138/wk-form4_1789427487.xml,nonDerivative,2026-09-10,F,Common Stock,1259.692,109.43,137848.09556000002,164016.671,D,Tuszik Oliver,"Officer, EVP, Global Sales",0,1,0,"EVP, Global Sales",SEC EDGAR
CSCO|0000858877-26-000138|nonDerivative|2026-09-14|Tuszik Oliver|S|Common Stock|680|110.18|D,2026-09-17 04:45:13+0000,CSCO,"CISCO SYSTEMS, INC.",0000858877,4,2026-09-14,2026-09-10,0000858877-26-000138,https://www.sec.gov/Archives/edgar/data/858877/000085887726000138/wk-form4_1789427487.xml,nonDerivative,2026-09-14,S,Common Stock,680,110.18,74922.40000000001,163336.671,D,Tuszik Oliver,"Officer, EVP, Global Sales",0,1,0,"EVP, Global Sales",SEC EDGAR
CSCO|0002015287-26-000020|nonDerivative|2026-09-10|Subaiya Thimaya K.|F|Common Stock|409.035|109.43|D,2026-09-17 04:45:13+0000,CSCO,"CISCO SYSTEMS, INC.",0000858877,4,2026-09-14,2026-09-10,0002015287-26-000020,https://www.sec.gov/Archives/edgar/data/858877/000201528726000020/wk-form4_1789427580.xml,nonDerivative,2026-09-10,F,Common Stock,409.035,109.43,44760.70005000001,127973.148,D,Subaiya Thimaya K.,"Officer, EVP, Operations",0,1,0,"EVP, Operations",SEC EDGAR
CSCO|0002015287-26-000020|nonDerivative|2026-09-14|Subaiya Thimaya K.|S|Common Stock|312|110.18|D,2026-09-17 04:45:13+0000,CSCO,"CISCO SYSTEMS, INC.",0000858877,4,2026-09-14,2026-09-10,0002015287-26-000020,https://www.sec.gov/Archives/edgar/data/858877/000201528726000020/wk-form4_1789427580.xml,nonDerivative,2026-09-14,S,Common Stock,312,110.18,34376.16,127661.148,D,Subaiya Thimaya K.,"Officer, EVP, Operations",0,1,0,"EVP, Operations",SEC EDGAR
CSCO|0000858877-26-000137|nonDerivative|2026-09-10|Patterson Mark|F|Common Stock|1553.145|109.43|D,2026-09-17 04:45:13+0000,CSCO,"CISCO SYSTEMS, INC.",0000858877,4,2026-09-14,2026-09-10,0000858877-26-000137,https://www.sec.gov/Archives/edgar/data/858877/000085887726000137/wk-form4_1789427467.xml,nonDerivative,2026-09-10,F,Common Stock,1553.145,109.43,169960.65735000002,167573.426,D,Patterson Mark,"Officer, EVP and CFO",0,1,0,EVP and CFO,SEC EDGAR
CSCO|0000858877-26-000137|nonDerivative|2026-09-11|Patterson Mark|S|Common Stock|1795|108.87|D,2026-09-17 04:45:13+0000,CSCO,"CISCO SYSTEMS, INC.",0000858877,4,2026-09-14,2026-09-10,0000858877-26-000137,https://www.sec.gov/Archives/edgar/data/858877/000085887726000137/wk-form4_1789427467.xml,nonDerivative,2026-09-11,S,Common Stock,1795,108.87,195421.65,165778.426,D,Patterson Mark,"Officer, EVP and CFO",0,1,0,EVP and CFO,SEC EDGAR
COST|0000909832-26-000080|nonDerivative|2026-09-10|Wilcox William Richard|A|Common Stock|4129|0|D,2026-09-17 04:45:13+0000,COST,COSTCO WHOLESALE CORP /NEW,0000909832,4,2026-09-14,2026-09-10,0000909832-26-000080,https://www.sec.gov/Archives/edgar/data/909832/000090983226000080/form4.xml,nonDerivative,2026-09-10,A,Common Stock,4129,0,0.0,6129,D,Wilcox William Richard,"Officer, Executive Vice President",,1,,Executive Vice President,SEC EDGAR
COST|0000909832-26-000080|nonDerivative|2026-09-10|Wilcox William Richard|F|Common Stock|1934.609|902.38|D,2026-09-17 04:45:13+0000,COST,COSTCO WHOLESALE CORP /NEW,0000909832,4,2026-09-14,2026-09-10,0000909832-26-000080,https://www.sec.gov/Archives/edgar/data/909832/000090983226000080/form4.xml,nonDerivative,2026-09-10,F,Common Stock,1934.609,902.38,1745752.46942,4194.391,D,Wilcox William Richard,"Officer, Executive Vice President",,1,,Executive Vice President,SEC EDGAR
COST|0000909832-26-000078|nonDerivative|2026-09-10|Rubanenko Yoram|A|Common Stock|4129|0|D,2026-09-17 04:45:13+0000,COST,COSTCO WHOLESALE CORP /NEW,0000909832,4,2026-09-14,2026-09-10,0000909832-26-000078,https://www.sec.gov/Archives/edgar/data/909832/000090983226000078/form4.xml,nonDerivative,2026-09-10,A,Common Stock,4129,0,0.0,12376.119,D,Rubanenko Yoram,"Officer, Executive Vice President",,1,,Executive Vice President,SEC EDGAR
COST|0000909832-26-000078|nonDerivative|2026-09-10|Rubanenko Yoram|F|Common Stock|1695.952|902.38|D,2026-09-17 04:45:13+0000,COST,COSTCO WHOLESALE CORP /NEW,0000909832,4,2026-09-14,2026-09-10,0000909832-26-000078,https://www.sec.gov/Archives/edgar/data/909832/000090983226000078/form4.xml,nonDerivative,2026-09-10,F,Common Stock,1695.952,902.38,1530393.16576,10680.167,D,Rubanenko Yoram,"Officer, Executive Vice President",,1,,Executive Vice President,SEC EDGAR
COST|0000909832-26-000076|nonDerivative|2026-09-10|Riel Pierre|A|Common Stock|4552|0|D,2026-09-17 04:45:13+0000,COST,COSTCO WHOLESALE CORP /NEW,0000909832,4,2026-09-14,2026-09-10,0000909832-26-000076,https://www.sec.gov/Archives/edgar/data/909832/000090983226000076/form4.xml,nonDerivative,2026-09-10,A,Common Stock,4552,0,0.0,15807.885,D,Riel Pierre,"Officer, Executive Vice President",,1,,Executive Vice President,SEC EDGAR
COST|0000909832-26-000076|nonDerivative|2026-09-10|Riel Pierre|F|Common Stock|1561.66|902.38|D,2026-09-17 04:45:13+0000,COST,COSTCO WHOLESALE CORP /NEW,0000909832,4,2026-09-14,2026-09-10,0000909832-26-000076,https://www.sec.gov/Archives/edgar/data/909832/000090983226000076/form4.xml,nonDerivative,2026-09-10,F,Common Stock,1561.66,902.38,1409210.7508,14246.225,D,Riel Pierre,"Officer, Executive Vice President",,1,,Executive Vice President,SEC EDGAR
COST|0000909832-26-000074|nonDerivative|2026-09-10|Klauer James C|A|Common Stock|4129|0|D,2026-09-17 04:45:13+0000,COST,COSTCO WHOLESALE CORP /NEW,0000909832,4,2026-09-14,2026-09-10,0000909832-26-000074,https://www.sec.gov/Archives/edgar/data/909832/000090983226000074/form4.xml,nonDerivative,2026-09-10,A,Common Stock,4129,0,0.0,48965.994,D,Klauer James C,"Officer, Executive Vice President",,1,,Executive Vice President,SEC EDGAR
COST|0000909832-26-000074|nonDerivative|2026-09-10|Klauer James C|F|Common Stock|936.115|902.38|D,2026-09-17 04:45:13+0000,COST,COSTCO WHOLESALE CORP /NEW,0000909832,4,2026-09-14,2026-09-10,0000909832-26-000074,https://www.sec.gov/Archives/edgar/data/909832/000090983226000074/form4.xml,nonDerivative,2026-09-10,F,Common Stock,936.115,902.38,844731.4537,48029.879,D,Klauer James C,"Officer, Executive Vice President",,1,,Executive Vice President,SEC EDGAR
COST|0000909832-26-000072|nonDerivative|2026-09-10|Jones Teresa A.|A|Common Stock|4129|0|D,2026-09-17 04:45:13+0000,COST,COSTCO WHOLESALE CORP /NEW,0000909832,4,2026-09-14,2026-09-10,0000909832-26-000072,https://www.sec.gov/Archives/edgar/data/909832/000090983226000072/form4.xml,nonDerivative,2026-09-10,A,Common Stock,4129,0,0.0,8056.804,D,Jones Teresa A.,"Officer, Executive Vice President",,1,,Executive Vice President,SEC EDGAR
COST|0000909832-26-000072|nonDerivative|2026-09-10|Jones Teresa A.|F|Common Stock|1458.535|902.38|D,2026-09-17 04:45:13+0000,COST,COSTCO WHOLESALE CORP /NEW,0000909832,4,2026-09-14,2026-09-10,0000909832-26-000072,https://www.sec.gov/Archives/edgar/data/909832/000090983226000072/form4.xml,nonDerivative,2026-09-10,F,Common Stock,1458.535,902.38,1316152.8133,6598.269,D,Jones Teresa A.,"Officer, Executive Vice President",,1,,Executive Vice President,SEC EDGAR
COST|0000909832-26-000070|nonDerivative|2026-09-10|Frates Caton|A|Common Stock|4552|0|D,2026-09-17 04:45:13+0000,COST,COSTCO WHOLESALE CORP /NEW,0000909832,4,2026-09-14,2026-09-10,0000909832-26-000070,https://www.sec.gov/Archives/edgar/data/909832/000090983226000070/form4.xml,nonDerivative,2026-09-10,A,Common Stock,4552,0,0.0,10367.001,D,Frates Caton,"Officer, Executive Vice President",,1,,Executive Vice President,SEC EDGAR
COST|0000909832-26-000070|nonDerivative|2026-09-10|Frates Caton|F|Common Stock|1654.363|902.38|D,2026-09-17 04:45:13+0000,COST,COSTCO WHOLESALE CORP /NEW,0000909832,4,2026-09-14,2026-09-10,0000909832-26-000070,https://www.sec.gov/Archives/edgar/data/909832/000090983226000070/form4.xml,nonDerivative,2026-09-10,F,Common Stock,1654.363,902.38,1492864.08394,8712.638,D,Frates Caton,"Officer, Executive Vice President",,1,,Executive Vice President,SEC EDGAR
COST|0000909832-26-000068|nonDerivative|2026-09-10|Adamo Claudine|A|Common Stock|4129|0|D,2026-09-17 04:45:13+0000,COST,COSTCO WHOLESALE CORP /NEW,0000909832,4,2026-09-14,2026-09-10,0000909832-26-000068,https://www.sec.gov/Archives/edgar/data/909832/000090983226000068/form4.xml,nonDerivative,2026-09-10,A,Common Stock,4129,0,0.0,10250.195,D,Adamo Claudine,"Officer, Executive Vice President",,1,,Executive Vice President,SEC EDGAR
COST|0000909832-26-000068|nonDerivative|2026-09-10|Adamo Claudine|F|Common Stock|916.685|902.38|D,2026-09-17 04:45:13+0000,COST,COSTCO WHOLESALE CORP /NEW,0000909832,4,2026-09-14,2026-09-10,0000909832-26-000068,https://www.sec.gov/Archives/edgar/data/909832/000090983226000068/form4.xml,nonDerivative,2026-09-10,F,Common Stock,916.685,902.38,827198.2102999999,9333.51,D,Adamo Claudine,"Officer, Executive Vice President",,1,,Executive Vice President,SEC EDGAR
CME|0001156375-26-000054|nonDerivative|2026-09-14|Cook Elizabeth A|S|Common Stock Class A|500|280.11|I,2026-09-17 04:45:13+0000,CME,CME GROUP INC.,0001156375,4,2026-09-14,2026-09-14,0001156375-26-000054,https://www.sec.gov/Archives/edgar/data/1156375/000115637526000054/wk-form4_1789430691.xml,nonDerivative,2026-09-14,S,Common Stock Class A,500,280.11,140055.0,17916,I,Cook Elizabeth A,Director,1,0,0,,SEC EDGAR
"CDW|0001402057-26-000095|nonDerivative|2026-09-10|TAN HANG|A|Common Stock, par value $0.01|212.8|142.60|D",2026-09-17 04:45:13+0000,CDW,CDW Corp,0001402057,4,2026-09-14,2026-09-10,0001402057-26-000095,https://www.sec.gov/Archives/edgar/data/1402057/000140205726000095/wk-form4_1789416693.xml,nonDerivative,2026-09-10,A,"Common Stock, par value $0.01",212.8,142.60,30345.28,34179.49,D,TAN HANG,"Officer, See Remarks",0,1,0,See Remarks,SEC EDGAR
"CDW|0001402057-26-000090|nonDerivative|2026-09-10|Swedish Joseph|A|Common Stock, par value $0.01|29.13|142.60|D",2026-09-17 04:45:13+0000,CDW,CDW Corp,0001402057,4,2026-09-14,2026-09-10,0001402057-26-000090,https://www.sec.gov/Archives/edgar/data/1402057/000140205726000090/wk-form4_1789416660.xml,nonDerivative,2026-09-10,A,"Common Stock, par value $0.01",29.13,142.60,4153.938,20231.53,D,Swedish Joseph,Director,1,0,0,,SEC EDGAR
"CDW|0001402057-26-000098|nonDerivative|2026-09-10|Sanderson Katherine Elizabeth|A|Common Stock, par value $0.01|243.04|142.60|D",2026-09-17 04:45:13+0000,CDW,CDW Corp,0001402057,4,2026-09-14,2026-09-10,0001402057-26-000098,https://www.sec.gov/Archives/edgar/data/1402057/000140205726000098/wk-form4_1789416716.xml,nonDerivative,2026-09-10,A,"Common Stock, par value $0.01",243.04,142.60,34657.504,24742.52,D,Sanderson Katherine Elizabeth,"Officer, See Remarks",0,1,0,See Remarks,SEC EDGAR
"CDW|0001402057-26-000101|nonDerivative|2026-09-10|NELMS DAVID W|A|Common Stock, par value $0.01|147.59|142.60|D",2026-09-17 04:45:13+0000,CDW,CDW Corp,0001402057,4,2026-09-14,2026-09-10,0001402057-26-000101,https://www.sec.gov/Archives/edgar/data/1402057/000140205726000101/wk-form4_1789416739.xml,nonDerivative,2026-09-10,A,"Common Stock, par value $0.01",147.59,142.60,21046.334,51562.61,D,NELMS DAVID W,Director,1,0,0,,SEC EDGAR
"CDW|0001402057-26-000093|nonDerivative|2026-09-10|MIRALLES ALBERT JOSEPH JR|A|Common Stock, par value $0.01|299.33|142.60|D",2026-09-17 04:45:13+0000,CDW,CDW Corp,0001402057,4,2026-09-14,2026-09-10,0001402057-26-000093,https://www.sec.gov/Archives/edgar/data/1402057/000140205726000093/wk-form4_1789416680.xml,nonDerivative,2026-09-10,A,"Common Stock, par value $0.01",299.33,142.60,42684.458,47643.8,D,MIRALLES ALBERT JOSEPH JR,"Officer, See Remarks",0,1,0,See Remarks,SEC EDGAR
"CDW|0001402057-26-000092|nonDerivative|2026-09-10|LOCY PETER R|A|Common Stock, par value $0.01|29.45|142.60|D",2026-09-17 04:45:13+0000,CDW,CDW Corp,0001402057,4,2026-09-14,2026-09-10,0001402057-26-000092,https://www.sec.gov/Archives/edgar/data/1402057/000140205726000092/wk-form4_1789416671.xml,nonDerivative,2026-09-10,A,"Common Stock, par value $0.01",29.45,142.60,4199.57,5950.6,D,LOCY PETER R,"Officer, See Remarks",0,1,0,See Remarks,SEC EDGAR
"CDW|0001402057-26-000091|nonDerivative|2026-09-10|LEAHY CHRISTINE A|A|Common Stock, par value $0.01|825.3|142.60|D",2026-09-17 04:45:13+0000,CDW,CDW Corp,0001402057,4,2026-09-14,2026-09-10,0001402057-26-000091,https://www.sec.gov/Archives/edgar/data/1402057/000140205726000091/wk-form4_1789416665.xml,nonDerivative,2026-09-10,A,"Common Stock, par value $0.01",825.3,142.60,117687.77999999998,194480.41,D,LEAHY CHRISTINE A,"Director, Officer, See Remarks",1,1,0,See Remarks,SEC EDGAR
"CDW|0001402057-26-000100|nonDerivative|2026-09-10|Kumar Mukesh|A|Common Stock, par value $0.01|192.3|142.60|D",2026-09-17 04:45:13+0000,CDW,CDW Corp,0001402057,4,2026-09-14,2026-09-10,0001402057-26-000100,https://www.sec.gov/Archives/edgar/data/1402057/000140205726000100/wk-form4_1789416732.xml,nonDerivative,2026-09-10,A,"Common Stock, par value $0.01",192.3,142.60,27421.98,20722.657,D,Kumar Mukesh,"Officer, See Remarks",0,1,0,See Remarks,SEC EDGAR
"CDW|0001402057-26-000097|nonDerivative|2026-09-10|KULEVICH FREDERICK J.|A|Common Stock, par value $0.01|184.67|142.60|D",2026-09-17 04:45:13+0000,CDW,CDW Corp,0001402057,4,2026-09-14,2026-09-10,0001402057-26-000097,https://www.sec.gov/Archives/edgar/data/1402057/000140205726000097/wk-form4_1789416709.xml,nonDerivative,2026-09-10,A,"Common Stock, par value $0.01",184.67,142.60,26333.941999999995,44824.73,D,KULEVICH FREDERICK J.,"Officer, See Remarks",0,1,0,See Remarks,SEC EDGAR
"CDW|0001402057-26-000102|nonDerivative|2026-09-10|Jones Marc Ellis|A|Common Stock, par value $0.01|19.93|142.60|D",2026-09-17 04:45:13+0000,CDW,CDW Corp,0001402057,4,2026-09-14,2026-09-10,0001402057-26-000102,https://www.sec.gov/Archives/edgar/data/1402057/000140205726000102/wk-form4_1789416744.xml,nonDerivative,2026-09-10,A,"Common Stock, par value $0.01",19.93,142.60,2842.018,4533.26,D,Jones Marc Ellis,Director,1,0,0,,SEC EDGAR
"CDW|0001402057-26-000089|nonDerivative|2026-09-10|Grier Kelly J|A|Common Stock, par value $0.01|7.18|142.60|D",2026-09-17 04:45:13+0000,CDW,CDW Corp,0001402057,4,2026-09-14,2026-09-10,0001402057-26-000089,https://www.sec.gov/Archives/edgar/data/1402057/000140205726000089/wk-form4_1789416654.xml,nonDerivative,2026-09-10,A,"Common Stock, par value $0.01",7.18,142.60,1023.8679999999999,4068.95,D,Grier Kelly J,Director,1,0,0,,SEC EDGAR
"CDW|0001402057-26-000094|nonDerivative|2026-09-10|Foxx Anthony R|A|Common Stock, par value $0.01|29.71|142.60|D",2026-09-17 04:45:13+0000,CDW,CDW Corp,0001402057,4,2026-09-14,2026-09-10,0001402057-26-000094,https://www.sec.gov/Archives/edgar/data/1402057/000140205726000094/wk-form4_1789416685.xml,nonDerivative,2026-09-10,A,"Common Stock, par value $0.01",29.71,142.60,4236.646,6757.9,D,Foxx Anthony R,Director,1,0,0,,SEC EDGAR
"CDW|0001402057-26-000088|nonDerivative|2026-09-10|CONNELLY ELIZABETH H.|A|Common Stock, par value $0.01|237.88|142.60|D",2026-09-17 04:45:13+0000,CDW,CDW Corp,0001402057,4,2026-09-14,2026-09-10,0001402057-26-000088,https://www.sec.gov/Archives/edgar/data/1402057/000140205726000088/wk-form4_1789416648.xml,nonDerivative,2026-09-10,A,"Common Stock, par value $0.01",237.88,142.60,33921.687999999995,34453.34,D,CONNELLY ELIZABETH H.,"Officer, See Remarks",0,1,0,See Remarks,SEC EDGAR
"CDW|0001402057-26-000096|nonDerivative|2026-09-10|CLARIZIO LYNDA M|A|Common Stock, par value $0.01|7.18|142.60|D",2026-09-17 04:45:13+0000,CDW,CDW Corp,0001402057,4,2026-09-14,2026-09-10,0001402057-26-000096,https://www.sec.gov/Archives/edgar/data/1402057/000140205726000096/wk-form4_1789416701.xml,nonDerivative,2026-09-10,A,"Common Stock, par value $0.01",7.18,142.60,1023.8679999999999,15747.96,D,CLARIZIO LYNDA M,Director,1,0,0,,SEC EDGAR
"CDW|0001402057-26-000087|nonDerivative|2026-09-10|BELL JAMES A|A|Common Stock, par value $0.01|95.7|142.60|D",2026-09-17 04:45:13+0000,CDW,CDW Corp,0001402057,4,2026-09-14,2026-09-10,0001402057-26-000087,https://www.sec.gov/Archives/edgar/data/1402057/000140205726000087/wk-form4_1789416642.xml,nonDerivative,2026-09-10,A,"Common Stock, par value $0.01",95.7,142.60,13646.82,26453.99,D,BELL JAMES A,Director,1,0,0,,SEC EDGAR
"CDW|0001402057-26-000099|nonDerivative|2026-09-10|ADDICOTT VIRGINIA C.|A|Common Stock, par value $0.01|82.13|142.60|D",2026-09-17 04:45:13+0000,CDW,CDW Corp,0001402057,4,2026-09-14,2026-09-10,0001402057-26-000099,https://www.sec.gov/Archives/edgar/data/1402057/000140205726000099/wk-form4_1789416724.xml,nonDerivative,2026-09-10,A,"Common Stock, par value $0.01",82.13,142.60,11711.738,18675.46,D,ADDICOTT VIRGINIA C.,Director,1,0,0,,SEC EDGAR
CDNS|0000813672-26-000099|nonDerivative|2026-09-10|Brennan Ita M|S|Common Stock|33|284.4376|D,2026-09-17 04:45:13+0000,CDNS,CADENCE DESIGN SYSTEMS INC,0000813672,4,2026-09-14,2026-09-10,0000813672-26-000099,https://www.sec.gov/Archives/edgar/data/813672/000081367226000099/wk-form4_1789425689.xml,nonDerivative,2026-09-10,S,Common Stock,33,284.4376,9386.440799999998,7971,D,Brennan Ita M,Director,1,0,0,,SEC EDGAR
CDNS|0000813672-26-000099|nonDerivative|2026-09-10|Brennan Ita M|S|Common Stock|127|285.5766|D,2026-09-17 04:45:13+0000,CDNS,CADENCE DESIGN SYSTEMS INC,0000813672,4,2026-09-14,2026-09-10,0000813672-26-000099,https://www.sec.gov/Archives/edgar/data/813672/000081367226000099/wk-form4_1789425689.xml,nonDerivative,2026-09-10,S,Common Stock,127,285.5766,36268.2282,7844,D,Brennan Ita M,Director,1,0,0,,SEC EDGAR
CDNS|0000813672-26-000099|nonDerivative|2026-09-10|Brennan Ita M|S|Common Stock|14|286.4686|D,2026-09-17 04:45:13+0000,CDNS,CADENCE DESIGN SYSTEMS INC,0000813672,4,2026-09-14,2026-09-10,0000813672-26-000099,https://www.sec.gov/Archives/edgar/data/813672/000081367226000099/wk-form4_1789425689.xml,nonDerivative,2026-09-10,S,Common Stock,14,286.4686,4010.5604,7830,D,Brennan Ita M,Director,1,0,0,,SEC EDGAR
CDNS|0000813672-26-000099|nonDerivative|2026-09-10|Brennan Ita M|S|Common Stock|6|287.79|D,2026-09-17 04:45:13+0000,CDNS,CADENCE DESIGN SYSTEMS INC,0000813672,4,2026-09-14,2026-09-10,0000813672-26-000099,https://www.sec.gov/Archives/edgar/data/813672/000081367226000099/wk-form4_1789425689.xml,nonDerivative,2026-09-10,S,Common Stock,6,287.79,1726.7400000000002,7824,D,Brennan Ita M,Director,1,0,0,,SEC EDGAR
"BLDR|0001193125-26-390554|nonDerivative|2026-09-10|Steinke Craig Arthur|A|Common Stock, par value $0.01 per share|564|0.00|D",2026-09-17 04:45:13+0000,BLDR,"Builders FirstSource, Inc.",0001316835,4,2026-09-14,2026-09-10,0001193125-26-390554,https://www.sec.gov/Archives/edgar/data/1316835/000119312526390554/ownership.xml,nonDerivative,2026-09-10,A,"Common Stock, par value $0.01 per share",564,0.00,0.0,102626,D,Steinke Craig Arthur,,true,false,false,,SEC EDGAR
"BLDR|0001193125-26-390548|nonDerivative|2026-09-10|Renz Maria|A|Common Stock, par value $0.01 per share|489|0.00|D",2026-09-17 04:45:13+0000,BLDR,"Builders FirstSource, Inc.",0001316835,4,2026-09-14,2026-09-10,0001193125-26-390548,https://www.sec.gov/Archives/edgar/data/1316835/000119312526390548/ownership.xml,nonDerivative,2026-09-10,A,"Common Stock, par value $0.01 per share",489,0.00,0.0,6870,D,Renz Maria,,true,false,false,,SEC EDGAR
"BLDR|0001193125-26-390551|nonDerivative|2026-09-10|OLEARY JAMES|A|Common Stock, par value $0.01 per share|564|0.00|D",2026-09-17 04:45:13+0000,BLDR,"Builders FirstSource, Inc.",0001316835,4,2026-09-14,2026-09-10,0001193125-26-390551,https://www.sec.gov/Archives/edgar/data/1316835/000119312526390551/ownership.xml,nonDerivative,2026-09-10,A,"Common Stock, par value $0.01 per share",564,0.00,0.0,91795,D,OLEARY JAMES,,true,false,false,,SEC EDGAR
"BLDR|0001193125-26-390547|nonDerivative|2026-09-10|LEVY PAUL S|A|Common Stock, par value $0.01 per share|1204|0.00|D",2026-09-17 04:45:13+0000,BLDR,"Builders FirstSource, Inc.",0001316835,4,2026-09-14,2026-09-10,0001193125-26-390547,https://www.sec.gov/Archives/edgar/data/1316835/000119312526390547/ownership.xml,nonDerivative,2026-09-10,A,"Common Stock, par value $0.01 per share",1204,0.00,0.0,1732002,D,LEVY PAUL S,,true,false,false,,SEC EDGAR
"BLDR|0001193125-26-390546|nonDerivative|2026-09-10|Hayes William B|A|Common Stock, par value $0.01 per share|583|0.00|D",2026-09-17 04:45:13+0000,BLDR,"Builders FirstSource, Inc.",0001316835,4,2026-09-14,2026-09-10,0001193125-26-390546,https://www.sec.gov/Archives/edgar/data/1316835/000119312526390546/ownership.xml,nonDerivative,2026-09-10,A,"Common Stock, par value $0.01 per share",583,0.00,0.0,20221,D,Hayes William B,,true,false,false,,SEC EDGAR
"BLDR|0001193125-26-390552|nonDerivative|2026-09-10|Charles Dirkson R|A|Common Stock, par value $0.01 per share|470|0.00|D",2026-09-17 04:45:13+0000,BLDR,"Builders FirstSource, Inc.",0001316835,4,2026-09-14,2026-09-10,0001193125-26-390552,https://www.sec.gov/Archives/edgar/data/1316835/000119312526390552/ownership.xml,nonDerivative,2026-09-10,A,"Common Stock, par value $0.01 per share",470,0.00,0.0,14766,D,Charles Dirkson R,,true,false,false,,SEC EDGAR
"BLDR|0001193125-26-390543|nonDerivative|2026-09-10|CHRISTOPHE CLEVELAND A|A|Common Stock, par value $0.01 per share|564|0.00|D",2026-09-17 04:45:13+0000,BLDR,"Builders FirstSource, Inc.",0001316835,4,2026-09-14,2026-09-10,0001193125-26-390543,https://www.sec.gov/Archives/edgar/data/1316835/000119312526390543/ownership.xml,nonDerivative,2026-09-10,A,"Common Stock, par value $0.01 per share",564,0.00,0.0,38762,D,CHRISTOPHE CLEVELAND A,,true,false,false,,SEC EDGAR
"BLDR|0001193125-26-390542|nonDerivative|2026-09-10|Boydston Cory Jacobs|A|Common Stock, par value $0.01 per share|470|0.00|D",2026-09-17 04:45:13+0000,BLDR,"Builders FirstSource, Inc.",0001316835,4,2026-09-14,2026-09-10,0001193125-26-390542,https://www.sec.gov/Archives/edgar/data/1316835/000119312526390542/ownership.xml,nonDerivative,2026-09-10,A,"Common Stock, par value $0.01 per share",470,0.00,0.0,27191,D,Boydston Cory Jacobs,,true,false,false,,SEC EDGAR
AXON|0001628280-26-061912|nonDerivative|2026-09-11|Fields Isaiah|S|Common Stock|1017|480.45|D,2026-09-17 04:45:13+0000,AXON,"AXON ENTERPRISE, INC.",0001069183,4,2026-09-14,2026-09-11,0001628280-26-061912,https://www.sec.gov/Archives/edgar/data/1069183/000162828026061912/wk-form4_1789421389.xml,nonDerivative,2026-09-11,S,Common Stock,1017,480.45,488617.64999999997,56263.855,D,Fields Isaiah,"Officer, Chief Legal Officer",0,1,0,Chief Legal Officer,SEC EDGAR
APO|0001689315-26-000002|nonDerivative|2026-09-10|Belardi James Richard|G|Common Stock|38605|0|D,2026-09-17 04:45:13+0000,APO,"Apollo Global Management, Inc.",0001858681,4,2026-09-14,2026-09-10,0001689315-26-000002,https://www.sec.gov/Archives/edgar/data/1858681/000168931526000002/wk-form4_1789417000.xml,nonDerivative,2026-09-10,G,Common Stock,38605,0,0.0,37708,D,Belardi James Richard,"Director, Officer, See Remarks",1,1,0,See Remarks,SEC EDGAR
ANET|0001596532-26-000228|nonDerivative|2026-09-10|Duda Kenneth|J|Common Stock|28616|0.0|I,2026-09-17 04:45:13+0000,ANET,"Arista Networks, Inc.",0001596532,4,2026-09-14,2026-09-10,0001596532-26-000228,https://www.sec.gov/Archives/edgar/data/1596532/000159653226000228/edgardoc.xml,nonDerivative,2026-09-10,J,Common Stock,28616,0.0,0.0,690621,I,Duda Kenneth,"Director, Officer, President and CTO",1,1,0,President and CTO,SEC EDGAR
ANET|0001596532-26-000228|nonDerivative|2026-09-10|Duda Kenneth|J|Common Stock|57232|0.0|I,2026-09-17 04:45:13+0000,ANET,"Arista Networks, Inc.",0001596532,4,2026-09-14,2026-09-10,0001596532-26-000228,https://www.sec.gov/Archives/edgar/data/1596532/000159653226000228/edgardoc.xml,nonDerivative,2026-09-10,J,Common Stock,57232,0.0,0.0,81927,I,Duda Kenneth,"Director, Officer, President and CTO",1,1,0,President and CTO,SEC EDGAR
AMD|0000002488-26-000178|nonDerivative|2026-09-10|Su Lisa T|S|Common Stock|5896|503.74|D,2026-09-17 04:45:13+0000,AMD,ADVANCED MICRO DEVICES INC,0000002488,4,2026-09-14,2026-09-10,0000002488-26-000178,https://www.sec.gov/Archives/edgar/data/2488/000000248826000178/wk-form4_1789417189.xml,nonDerivative,2026-09-10,S,Common Stock,5896,503.74,2970051.04,3096260,D,Su Lisa T,"Director, Officer, Chair, President & CEO",1,1,0,"Chair, President & CEO",SEC EDGAR
AMD|0000002488-26-000178|nonDerivative|2026-09-10|Su Lisa T|S|Common Stock|13123|504.75|D,2026-09-17 04:45:13+0000,AMD,ADVANCED MICRO DEVICES INC,0000002488,4,2026-09-14,2026-09-10,0000002488-26-000178,https://www.sec.gov/Archives/edgar/data/2488/000000248826000178/wk-form4_1789417189.xml,nonDerivative,2026-09-10,S,Common Stock,13123,504.75,6623834.25,3083137,D,Su Lisa T,"Director, Officer, Chair, President & CEO",1,1,0,"Chair, President & CEO",SEC EDGAR
AMD|0000002488-26-000178|nonDerivative|2026-09-10|Su Lisa T|S|Common Stock|12982|505.63|D,2026-09-17 04:45:13+0000,AMD,ADVANCED MICRO DEVICES INC,0000002488,4,2026-09-14,2026-09-10,0000002488-26-000178,https://www.sec.gov/Archives/edgar/data/2488/000000248826000178/wk-form4_1789417189.xml,nonDerivative,2026-09-10,S,Common Stock,12982,505.63,6564088.66,3070155,D,Su Lisa T,"Director, Officer, Chair, President & CEO",1,1,0,"Chair, President & CEO",SEC EDGAR
AMD|0000002488-26-000178|nonDerivative|2026-09-10|Su Lisa T|S|Common Stock|10524|506.62|D,2026-09-17 04:45:13+0000,AMD,ADVANCED MICRO DEVICES INC,0000002488,4,2026-09-14,2026-09-10,0000002488-26-000178,https://www.sec.gov/Archives/edgar/data/2488/000000248826000178/wk-form4_1789417189.xml,nonDerivative,2026-09-10,S,Common Stock,10524,506.62,5331668.88,3059631,D,Su Lisa T,"Director, Officer, Chair, President & CEO",1,1,0,"Chair, President & CEO",SEC EDGAR
AMD|0000002488-26-000178|nonDerivative|2026-09-10|Su Lisa T|S|Common Stock|8070|507.71|D,2026-09-17 04:45:13+0000,AMD,ADVANCED MICRO DEVICES INC,0000002488,4,2026-09-14,2026-09-10,0000002488-26-000178,https://www.sec.gov/Archives/edgar/data/2488/000000248826000178/wk-form4_1789417189.xml,nonDerivative,2026-09-10,S,Common Stock,8070,507.71,4097219.6999999997,3051561,D,Su Lisa T,"Director, Officer, Chair, President & CEO",1,1,0,"Chair, President & CEO",SEC EDGAR
AMD|0000002488-26-000178|nonDerivative|2026-09-10|Su Lisa T|S|Common Stock|7962|508.78|D,2026-09-17 04:45:13+0000,AMD,ADVANCED MICRO DEVICES INC,0000002488,4,2026-09-14,2026-09-10,0000002488-26-000178,https://www.sec.gov/Archives/edgar/data/2488/000000248826000178/wk-form4_1789417189.xml,nonDerivative,2026-09-10,S,Common Stock,7962,508.78,4050906.36,3043599,D,Su Lisa T,"Director, Officer, Chair, President & CEO",1,1,0,"Chair, President & CEO",SEC EDGAR
AMD|0000002488-26-000178|nonDerivative|2026-09-10|Su Lisa T|S|Common Stock|8343|509.71|D,2026-09-17 04:45:13+0000,AMD,ADVANCED MICRO DEVICES INC,0000002488,4,2026-09-14,2026-09-10,0000002488-26-000178,https://www.sec.gov/Archives/edgar/data/2488/000000248826000178/wk-form4_1789417189.xml,nonDerivative,2026-09-10,S,Common Stock,8343,509.71,4252510.53,3035256,D,Su Lisa T,"Director, Officer, Chair, President & CEO",1,1,0,"Chair, President & CEO",SEC EDGAR
AMD|0000002488-26-000178|nonDerivative|2026-09-10|Su Lisa T|S|Common Stock|2100|510.74|D,2026-09-17 04:45:13+0000,AMD,ADVANCED MICRO DEVICES INC,0000002488,4,2026-09-14,2026-09-10,0000002488-26-000178,https://www.sec.gov/Archives/edgar/data/2488/000000248826000178/wk-form4_1789417189.xml,nonDerivative,2026-09-10,S,Common Stock,2100,510.74,1072554.0,3033156,D,Su Lisa T,"Director, Officer, Chair, President & CEO",1,1,0,"Chair, President & CEO",SEC EDGAR
AMD|0000002488-26-000178|nonDerivative|2026-09-10|Su Lisa T|S|Common Stock|300|511.39|D,2026-09-17 04:45:13+0000,AMD,ADVANCED MICRO DEVICES INC,0000002488,4,2026-09-14,2026-09-10,0000002488-26-000178,https://www.sec.gov/Archives/edgar/data/2488/000000248826000178/wk-form4_1789417189.xml,nonDerivative,2026-09-10,S,Common Stock,300,511.39,153417.0,3032856,D,Su Lisa T,"Director, Officer, Chair, President & CEO",1,1,0,"Chair, President & CEO",SEC EDGAR
AMD|0000002488-26-000178|nonDerivative|2026-09-10|Su Lisa T|S|Common Stock|200|512.47|D,2026-09-17 04:45:13+0000,AMD,ADVANCED MICRO DEVICES INC,0000002488,4,2026-09-14,2026-09-10,0000002488-26-000178,https://www.sec.gov/Archives/edgar/data/2488/000000248826000178/wk-form4_1789417189.xml,nonDerivative,2026-09-10,S,Common Stock,200,512.47,102494.0,3032656,D,Su Lisa T,"Director, Officer, Chair, President & CEO",1,1,0,"Chair, President & CEO",SEC EDGAR
AMD|0000002488-26-000178|nonDerivative|2026-09-10|Su Lisa T|S|Common Stock|400|514.05|D,2026-09-17 04:45:13+0000,AMD,ADVANCED MICRO DEVICES INC,0000002488,4,2026-09-14,2026-09-10,0000002488-26-000178,https://www.sec.gov/Archives/edgar/data/2488/000000248826000178/wk-form4_1789417189.xml,nonDerivative,2026-09-10,S,Common Stock,400,514.05,205619.99999999997,3032256,D,Su Lisa T,"Director, Officer, Chair, President & CEO",1,1,0,"Chair, President & CEO",SEC EDGAR
AMD|0000002488-26-000178|nonDerivative|2026-09-10|Su Lisa T|S|Common Stock|100|515.55|D,2026-09-17 04:45:13+0000,AMD,ADVANCED MICRO DEVICES INC,0000002488,4,2026-09-14,2026-09-10,0000002488-26-000178,https://www.sec.gov/Archives/edgar/data/2488/000000248826000178/wk-form4_1789417189.xml,nonDerivative,2026-09-10,S,Common Stock,100,515.55,51554.99999999999,3032156,D,Su Lisa T,"Director, Officer, Chair, President & CEO",1,1,0,"Chair, President & CEO",SEC EDGAR
AMD|0000002488-26-000178|nonDerivative|2026-09-10|Su Lisa T|S|Common Stock|2106|503.72|I,2026-09-17 04:45:13+0000,AMD,ADVANCED MICRO DEVICES INC,0000002488,4,2026-09-14,2026-09-10,0000002488-26-000178,https://www.sec.gov/Archives/edgar/data/2488/000000248826000178/wk-form4_1789417189.xml,nonDerivative,2026-09-10,S,Common Stock,2106,503.72,1060834.32,97105,I,Su Lisa T,"Director, Officer, Chair, President & CEO",1,1,0,"Chair, President & CEO",SEC EDGAR
AMD|0000002488-26-000178|nonDerivative|2026-09-10|Su Lisa T|S|Common Stock|4600|504.76|I,2026-09-17 04:45:13+0000,AMD,ADVANCED MICRO DEVICES INC,0000002488,4,2026-09-14,2026-09-10,0000002488-26-000178,https://www.sec.gov/Archives/edgar/data/2488/000000248826000178/wk-form4_1789417189.xml,nonDerivative,2026-09-10,S,Common Stock,4600,504.76,2321896.0,92505,I,Su Lisa T,"Director, Officer, Chair, President & CEO",1,1,0,"Chair, President & CEO",SEC EDGAR
AMD|0000002488-26-000178|nonDerivative|2026-09-10|Su Lisa T|S|Common Stock|4400|505.57|I,2026-09-17 04:45:13+0000,AMD,ADVANCED MICRO DEVICES INC,0000002488,4,2026-09-14,2026-09-10,0000002488-26-000178,https://www.sec.gov/Archives/edgar/data/2488/000000248826000178/wk-form4_1789417189.xml,nonDerivative,2026-09-10,S,Common Stock,4400,505.57,2224508.0,88105,I,Su Lisa T,"Director, Officer, Chair, President & CEO",1,1,0,"Chair, President & CEO",SEC EDGAR
AMD|0000002488-26-000178|nonDerivative|2026-09-10|Su Lisa T|S|Common Stock|4200|506.60|I,2026-09-17 04:45:13+0000,AMD,ADVANCED MICRO DEVICES INC,0000002488,4,2026-09-14,2026-09-10,0000002488-26-000178,https://www.sec.gov/Archives/edgar/data/2488/000000248826000178/wk-form4_1789417189.xml,nonDerivative,2026-09-10,S,Common Stock,4200,506.60,2127720.0,83905,I,Su Lisa T,"Director, Officer, Chair, President & CEO",1,1,0,"Chair, President & CEO",SEC EDGAR
AMD|0000002488-26-000178|nonDerivative|2026-09-10|Su Lisa T|S|Common Stock|3288|507.75|I,2026-09-17 04:45:13+0000,AMD,ADVANCED MICRO DEVICES INC,0000002488,4,2026-09-14,2026-09-10,0000002488-26-000178,https://www.sec.gov/Archives/edgar/data/2488/000000248826000178/wk-form4_1789417189.xml,nonDerivative,2026-09-10,S,Common Stock,3288,507.75,1669482.0,80617,I,Su Lisa T,"Director, Officer, Chair, President & CEO",1,1,0,"Chair, President & CEO",SEC EDGAR
AMD|0000002488-26-000178|nonDerivative|2026-09-10|Su Lisa T|S|Common Stock|2106|508.90|I,2026-09-17 04:45:13+0000,AMD,ADVANCED MICRO DEVICES INC,0000002488,4,2026-09-14,2026-09-10,0000002488-26-000178,https://www.sec.gov/Archives/edgar/data/2488/000000248826000178/wk-form4_1789417189.xml,nonDerivative,2026-09-10,S,Common Stock,2106,508.90,1071743.4,78511,I,Su Lisa T,"Director, Officer, Chair, President & CEO",1,1,0,"Chair, President & CEO",SEC EDGAR
AMD|0000002488-26-000178|nonDerivative|2026-09-10|Su Lisa T|S|Common Stock|3500|509.74|I,2026-09-17 04:45:13+0000,AMD,ADVANCED MICRO DEVICES INC,0000002488,4,2026-09-14,2026-09-10,0000002488-26-000178,https://www.sec.gov/Archives/edgar/data/2488/000000248826000178/wk-form4_1789417189.xml,nonDerivative,2026-09-10,S,Common Stock,3500,509.74,1784090.0,75011,I,Su Lisa T,"Director, Officer, Chair, President & CEO",1,1,0,"Chair, President & CEO",SEC EDGAR
AMD|0000002488-26-000178|nonDerivative|2026-09-10|Su Lisa T|S|Common Stock|500|510.94|I,2026-09-17 04:45:13+0000,AMD,ADVANCED MICRO DEVICES INC,0000002488,4,2026-09-14,2026-09-10,0000002488-26-000178,https://www.sec.gov/Archives/edgar/data/2488/000000248826000178/wk-form4_1789417189.xml,nonDerivative,2026-09-10,S,Common Stock,500,510.94,255470.0,74511,I,Su Lisa T,"Director, Officer, Chair, President & CEO",1,1,0,"Chair, President & CEO",SEC EDGAR
AMD|0000002488-26-000178|nonDerivative|2026-09-10|Su Lisa T|S|Common Stock|100|512.59|I,2026-09-17 04:45:13+0000,AMD,ADVANCED MICRO DEVICES INC,0000002488,4,2026-09-14,2026-09-10,0000002488-26-000178,https://www.sec.gov/Archives/edgar/data/2488/000000248826000178/wk-form4_1789417189.xml,nonDerivative,2026-09-10,S,Common Stock,100,512.59,51259.0,74411,I,Su Lisa T,"Director, Officer, Chair, President & CEO",1,1,0,"Chair, President & CEO",SEC EDGAR
AMD|0000002488-26-000178|nonDerivative|2026-09-10|Su Lisa T|S|Common Stock|200|513.72|I,2026-09-17 04:45:13+0000,AMD,ADVANCED MICRO DEVICES INC,0000002488,4,2026-09-14,2026-09-10,0000002488-26-000178,https://www.sec.gov/Archives/edgar/data/2488/000000248826000178/wk-form4_1789417189.xml,nonDerivative,2026-09-10,S,Common Stock,200,513.72,102744.0,74211,I,Su Lisa T,"Director, Officer, Chair, President & CEO",1,1,0,"Chair, President & CEO",SEC EDGAR
AMD|0000002488-26-000178|nonDerivative|2026-09-10|Su Lisa T|G|Common Stock|35000|0|D,2026-09-17 04:45:13+0000,AMD,ADVANCED MICRO DEVICES INC,0000002488,4,2026-09-14,2026-09-10,0000002488-26-000178,https://www.sec.gov/Archives/edgar/data/2488/000000248826000178/wk-form4_1789417189.xml,nonDerivative,2026-09-10,G,Common Stock,35000,0,0.0,2997156,D,Su Lisa T,"Director, Officer, Chair, President & CEO",1,1,0,"Chair, President & CEO",SEC EDGAR
AKAM|0001867203-26-000016|nonDerivative|2026-09-12|Howell Laura|M|Common Stock|323||D,2026-09-17 04:45:13+0000,AKAM,AKAMAI TECHNOLOGIES INC,0001086222,4,2026-09-14,2026-09-12,0001867203-26-000016,https://www.sec.gov/Archives/edgar/data/1086222/000186720326000016/wk-form4_1789417447.xml,nonDerivative,2026-09-12,M,Common Stock,323,,,16804,D,Howell Laura,"Officer, SVP, Chief Accounting Officer",0,1,0,"SVP, Chief Accounting Officer",SEC EDGAR
AKAM|0001867203-26-000016|nonDerivative|2026-09-12|Howell Laura|F|Common Stock|108|106.79|D,2026-09-17 04:45:13+0000,AKAM,AKAMAI TECHNOLOGIES INC,0001086222,4,2026-09-14,2026-09-12,0001867203-26-000016,https://www.sec.gov/Archives/edgar/data/1086222/000186720326000016/wk-form4_1789417447.xml,nonDerivative,2026-09-12,F,Common Stock,108,106.79,11533.320000000002,16696,D,Howell Laura,"Officer, SVP, Chief Accounting Officer",0,1,0,"SVP, Chief Accounting Officer",SEC EDGAR
AKAM|0001867203-26-000016|derivative|2026-09-12|Howell Laura|M|Restricted Stock  Units|323|0|D,2026-09-17 04:45:13+0000,AKAM,AKAMAI TECHNOLOGIES INC,0001086222,4,2026-09-14,2026-09-12,0001867203-26-000016,https://www.sec.gov/Archives/edgar/data/1086222/000186720326000016/wk-form4_1789417447.xml,derivative,2026-09-12,M,Restricted Stock  Units,323,0,0.0,0,D,Howell Laura,"Officer, SVP, Chief Accounting Officer",0,1,0,"SVP, Chief Accounting Officer",SEC EDGAR
"AFL|0001104659-26-107303|nonDerivative|2026-09-10|Japan Post Holdings Co., Ltd.|S|Common Stock|11765|114.21|I",2026-09-17 04:45:13+0000,AFL,AFLAC INC,0000004977,4,2026-09-14,2026-09-10,0001104659-26-107303,https://www.sec.gov/Archives/edgar/data/4977/000110465926107303/tm2624595-7_4seq1.xml,nonDerivative,2026-09-10,S,Common Stock,11765,114.21,1343680.65,50613725,I,"Japan Post Holdings Co., Ltd.",10% Owner,0,0,1,,SEC EDGAR
"AFL|0001104659-26-107303|nonDerivative|2026-09-10|Japan Post Holdings Co., Ltd.|S|Common Stock|1535|115.16|I",2026-09-17 04:45:13+0000,AFL,AFLAC INC,0000004977,4,2026-09-14,2026-09-10,0001104659-26-107303,https://www.sec.gov/Archives/edgar/data/4977/000110465926107303/tm2624595-7_4seq1.xml,nonDerivative,2026-09-10,S,Common Stock,1535,115.16,176770.6,50612190,I,"Japan Post Holdings Co., Ltd.",10% Owner,0,0,1,,SEC EDGAR
"AEE|0001656999-26-000008|nonDerivative|2026-09-11|Flores Rafael|S|Common Stock, $.01 Par Value|248|105.53|D",2026-09-17 04:45:13+0000,AEE,AMEREN CORP,0001002910,4,2026-09-14,2026-09-11,0001656999-26-000008,https://www.sec.gov/Archives/edgar/data/1002910/000165699926000008/wk-form4_1789417098.xml,nonDerivative,2026-09-11,S,"Common Stock, $.01 Par Value",248,105.53,26171.44,13888,D,Flores Rafael,Director,1,0,0,,SEC EDGAR
WBD|0001437107-26-000079|nonDerivative|2026-09-10|LOWE KENNETH W|S|Series A Common Stock|200000|28.23|D,2026-09-17 04:45:13+0000,WBD,"Warner Bros. Discovery, Inc.",0001437107,4,2026-09-11,2026-09-10,0001437107-26-000079,https://www.sec.gov/Archives/edgar/data/1437107/000143710726000079/wk-form4_1789173305.xml,nonDerivative,2026-09-10,S,Series A Common Stock,200000,28.23,5646000.0,590108,D,LOWE KENNETH W,Director,1,0,0,,SEC EDGAR
VZ|0002111103-26-000037|derivative|2026-09-10|Villanueva Rodriguez Alfonso|A|Phantom Stock (unitized)|252.992|14.26|I,2026-09-17 04:45:13+0000,VZ,VERIZON COMMUNICATIONS INC,0000732712,4,2026-09-11,2026-09-10,0002111103-26-000037,https://www.sec.gov/Archives/edgar/data/732712/000211110326000037/wk-form4_1789153333.xml,derivative,2026-09-10,A,Phantom Stock (unitized),252.992,14.26,3607.66592,7339.149,I,Villanueva Rodriguez Alfonso,"Officer, EVP and Group CEO-VZ Consumer",0,1,0,EVP and Group CEO-VZ Consumer,SEC EDGAR
VZ|0001950027-26-000047|derivative|2026-09-10|Venkatesh Vandana|A|Phantom Stock (unitized)|89.545|14.26|I,2026-09-17 04:45:13+0000,VZ,VERIZON COMMUNICATIONS INC,0000732712,4,2026-09-11,2026-09-10,0001950027-26-000047,https://www.sec.gov/Archives/edgar/data/732712/000195002726000047/wk-form4_1789153300.xml,derivative,2026-09-10,A,Phantom Stock (unitized),89.545,14.26,1276.9117,58019.508,I,Venkatesh Vandana,"Officer, EVP and Chief Legal Officer",0,1,0,EVP and Chief Legal Officer,SEC EDGAR
VZ|0001750052-26-000046|derivative|2026-09-10|Stillwell Mary-Lee|A|Phantom Stock (unitized)|40.997|14.26|I,2026-09-17 04:45:13+0000,VZ,VERIZON COMMUNICATIONS INC,0000732712,4,2026-09-11,2026-09-10,0001750052-26-000046,https://www.sec.gov/Archives/edgar/data/732712/000175005226000046/wk-form4_1789153242.xml,derivative,2026-09-10,A,Phantom Stock (unitized),40.997,14.26,584.61722,17143.887,I,Stillwell Mary-Lee,"Officer, SVP and Controller",0,1,0,SVP and Controller,SEC EDGAR
VZ|0001578926-26-000044|derivative|2026-09-10|Skiadas Anthony T|A|Phantom Stock (unitized)|121.911|14.26|I,2026-09-17 04:45:13+0000,VZ,VERIZON COMMUNICATIONS INC,0000732712,4,2026-09-11,2026-09-10,0001578926-26-000044,https://www.sec.gov/Archives/edgar/data/732712/000157892626000044/wk-form4_1789153150.xml,derivative,2026-09-10,A,Phantom Stock (unitized),121.911,14.26,1738.45086,147111.626,I,Skiadas Anthony T,"Officer, EVP and CFO",0,1,0,EVP and CFO,SEC EDGAR
VZ|0001215315-26-000040|derivative|2026-09-10|SCHULMAN DANIEL H|A|Phantom Stock (unitized)|186.642|14.26|I,2026-09-17 04:45:13+0000,VZ,VERIZON COMMUNICATIONS INC,0000732712,4,2026-09-11,2026-09-10,0001215315-26-000040,https://www.sec.gov/Archives/edgar/data/732712/000121531526000040/wk-form4_1789153001.xml,derivative,2026-09-10,A,Phantom Stock (unitized),186.642,14.26,2661.51492,9408.957,I,SCHULMAN DANIEL H,"Director, Officer, CEO",1,1,0,CEO,SEC EDGAR
VZ|0001968243-26-000048|derivative|2026-09-10|Russo Joseph J.|A|Phantom Stock (unitized)|77.408|14.26|I,2026-09-17 04:45:13+0000,VZ,VERIZON COMMUNICATIONS INC,0000732712,4,2026-09-11,2026-09-10,0001968243-26-000048,https://www.sec.gov/Archives/edgar/data/732712/000196824326000048/wk-form4_1789153101.xml,derivative,2026-09-10,A,Phantom Stock (unitized),77.408,14.26,1103.83808,84951.063,I,Russo Joseph J.,"Officer, EVP&Pres-Global Networks&Tech",0,1,0,EVP&Pres-Global Networks&Tech,SEC EDGAR
VZ|0001760581-26-000054|derivative|2026-09-10|Malady Kyle|A|Phantom Stock (unitized)|121.911|14.26|I,2026-09-17 04:45:13+0000,VZ,VERIZON COMMUNICATIONS INC,0000732712,4,2026-09-11,2026-09-10,0001760581-26-000054,https://www.sec.gov/Archives/edgar/data/732712/000176058126000054/wk-form4_1789153051.xml,derivative,2026-09-10,A,Phantom Stock (unitized),121.911,14.26,1738.45086,424383.664,I,Malady Kyle,"Officer, EVP and Group CEO-VZ Business",0,1,0,EVP and Group CEO-VZ Business,SEC EDGAR
UNP|0000100885-26-000270|nonDerivative|2026-09-10|Rocker Kenyatta G|A|Common Stock|2.603|285.78|I,2026-09-17 04:45:13+0000,UNP,UNION PACIFIC CORP,0000100885,4,2026-09-11,2026-09-10,0000100885-26-000270,https://www.sec.gov/Archives/edgar/data/100885/000010088526000270/edgardoc.xml,nonDerivative,2026-09-10,A,Common Stock,2.603,285.78,743.88534,1311.435,I,Rocker Kenyatta G,"Officer, EVP MARKETING & SALES",0,1,0,EVP MARKETING & SALES,SEC EDGAR
UNP|0000100885-26-000272|nonDerivative|2026-09-10|Powers Carrie J|A|Common Stock|5.529|285.78|D,2026-09-17 04:45:13+0000,UNP,UNION PACIFIC CORP,0000100885,4,2026-09-11,2026-09-10,0000100885-26-000272,https://www.sec.gov/Archives/edgar/data/100885/000010088526000272/edgardoc.xml,nonDerivative,2026-09-10,A,Common Stock,5.529,285.78,1580.0776199999998,8146.838,D,Powers Carrie J,"Officer, VP & CONTROLLER",0,1,0,VP & CONTROLLER,SEC EDGAR
UNP|0000100885-26-000269|nonDerivative|2026-09-10|Jalali Rahul|A|Common Stock|5.123|285.78|D,2026-09-17 04:45:13+0000,UNP,UNION PACIFIC CORP,0000100885,4,2026-09-11,2026-09-10,0000100885-26-000269,https://www.sec.gov/Archives/edgar/data/100885/000010088526000269/edgardoc.xml,nonDerivative,2026-09-10,A,Common Stock,5.123,285.78,1464.0509399999999,33136.081,D,Jalali Rahul,"Officer, EVP & CHIEF INFORMATION OFFICE",0,1,0,EVP & CHIEF INFORMATION OFFICE,SEC EDGAR
UNP|0000100885-26-000268|nonDerivative|2026-09-10|Hamann Jennifer L|A|Common Stock|7.38|285.78|D,2026-09-17 04:45:13+0000,UNP,UNION PACIFIC CORP,0000100885,4,2026-09-11,2026-09-10,0000100885-26-000268,https://www.sec.gov/Archives/edgar/data/100885/000010088526000268/edgardoc.xml,nonDerivative,2026-09-10,A,Common Stock,7.38,285.78,2109.0564,114682.7956,D,Hamann Jennifer L,"Officer, EVP & CHIEF FINANCIAL OFFICER",0,1,0,EVP & CHIEF FINANCIAL OFFICER,SEC EDGAR
UNP|0000100885-26-000271|nonDerivative|2026-09-10|Conlin Christina B|A|Common Stock|2.222|285.78|D,2026-09-17 04:45:13+0000,UNP,UNION PACIFIC CORP,0000100885,4,2026-09-11,2026-09-10,0000100885-26-000271,https://www.sec.gov/Archives/edgar/data/100885/000010088526000271/edgardoc.xml,nonDerivative,2026-09-10,A,Common Stock,2.222,285.78,635.00316,16013.874,D,Conlin Christina B,"Officer, EVP CHIEF LEGAL OFFICER & CORP",0,1,0,EVP CHIEF LEGAL OFFICER & CORP,SEC EDGAR
TPL|0001437749-26-030130|nonDerivative|2026-09-10|HORIZON KINETICS ASSET MANAGEMENT LLC|P|Common Stock|1|366.18|D,2026-09-17 04:45:13+0000,TPL,Texas Pacific Land Corp,0001811074,4,2026-09-11,2026-09-10,0001437749-26-030130,https://www.sec.gov/Archives/edgar/data/1811074/000143774926030130/rdgdoc.xml,nonDerivative,2026-09-10,P,Common Stock,1,366.18,366.18,3390844,D,HORIZON KINETICS ASSET MANAGEMENT LLC,10% Owner,,,1,,SEC EDGAR
STX|0001137789-26-000225|nonDerivative|2026-09-09|Teh Ban Seng|M|Ordinary Shares|600|0|D,2026-09-17 04:45:13+0000,STX,Seagate Technology Holdings plc,0001137789,4,2026-09-11,2026-09-09,0001137789-26-000225,https://www.sec.gov/Archives/edgar/data/1137789/000113778926000225/wk-form4_1789159627.xml,nonDerivative,2026-09-09,M,Ordinary Shares,600,0,0.0,5810,D,Teh Ban Seng,"Officer, EVP & Chief Commercial Officer",0,1,0,EVP & Chief Commercial Officer,SEC EDGAR
STX|0001137789-26-000225|nonDerivative|2026-09-09|Teh Ban Seng|M|Ordinary Shares|663|0|D,2026-09-17 04:45:13+0000,STX,Seagate Technology Holdings plc,0001137789,4,2026-09-11,2026-09-09,0001137789-26-000225,https://www.sec.gov/Archives/edgar/data/1137789/000113778926000225/wk-form4_1789159627.xml,nonDerivative,2026-09-09,M,Ordinary Shares,663,0,0.0,6473,D,Teh Ban Seng,"Officer, EVP & Chief Commercial Officer",0,1,0,EVP & Chief Commercial Officer,SEC EDGAR
STX|0001137789-26-000225|nonDerivative|2026-09-10|Teh Ban Seng|S|Ordinary Shares|663|860.09|D,2026-09-17 04:45:13+0000,STX,Seagate Technology Holdings plc,0001137789,4,2026-09-11,2026-09-09,0001137789-26-000225,https://www.sec.gov/Archives/edgar/data/1137789/000113778926000225/wk-form4_1789159627.xml,nonDerivative,2026-09-10,S,Ordinary Shares,663,860.09,570239.67,5810,D,Teh Ban Seng,"Officer, EVP & Chief Commercial Officer",0,1,0,EVP & Chief Commercial Officer,SEC EDGAR
STX|0001137789-26-000225|derivative|2026-09-09|Teh Ban Seng|M|Restricted Share Unit|600|0|D,2026-09-17 04:45:13+0000,STX,Seagate Technology Holdings plc,0001137789,4,2026-09-11,2026-09-09,0001137789-26-000225,https://www.sec.gov/Archives/edgar/data/1137789/000113778926000225/wk-form4_1789159627.xml,derivative,2026-09-09,M,Restricted Share Unit,600,0,0.0,0,D,Teh Ban Seng,"Officer, EVP & Chief Commercial Officer",0,1,0,EVP & Chief Commercial Officer,SEC EDGAR
STX|0001137789-26-000225|derivative|2026-09-09|Teh Ban Seng|M|Restricted Share Unit|663|0|D,2026-09-17 04:45:13+0000,STX,Seagate Technology Holdings plc,0001137789,4,2026-09-11,2026-09-09,0001137789-26-000225,https://www.sec.gov/Archives/edgar/data/1137789/000113778926000225/wk-form4_1789159627.xml,derivative,2026-09-09,M,Restricted Share Unit,663,0,0.0,5306,D,Teh Ban Seng,"Officer, EVP & Chief Commercial Officer",0,1,0,EVP & Chief Commercial Officer,SEC EDGAR
STX|0001137789-26-000223|nonDerivative|2026-09-09|Romano Gianluca|M|Ordinary Shares|959|0|D,2026-09-17 04:45:13+0000,STX,Seagate Technology Holdings plc,0001137789,4,2026-09-11,2026-09-09,0001137789-26-000223,https://www.sec.gov/Archives/edgar/data/1137789/000113778926000223/wk-form4_1789159612.xml,nonDerivative,2026-09-09,M,Ordinary Shares,959,0,0.0,29453,D,Romano Gianluca,"Officer, EVP & CFO",0,1,0,EVP & CFO,SEC EDGAR
STX|0001137789-26-000223|nonDerivative|2026-09-10|Romano Gianluca|S|Ordinary Shares|522.5|862.1332|D,2026-09-17 04:45:13+0000,STX,Seagate Technology Holdings plc,0001137789,4,2026-09-11,2026-09-09,0001137789-26-000223,https://www.sec.gov/Archives/edgar/data/1137789/000113778926000223/wk-form4_1789159612.xml,nonDerivative,2026-09-10,S,Ordinary Shares,522.5,862.1332,450464.597,28930.5,D,Romano Gianluca,"Officer, EVP & CFO",0,1,0,EVP & CFO,SEC EDGAR
STX|0001137789-26-000223|nonDerivative|2026-09-09|Romano Gianluca|M|Ordinary Shares|1515|0|D,2026-09-17 04:45:13+0000,STX,Seagate Technology Holdings plc,0001137789,4,2026-09-11,2026-09-09,0001137789-26-000223,https://www.sec.gov/Archives/edgar/data/1137789/000113778926000223/wk-form4_1789159612.xml,nonDerivative,2026-09-09,M,Ordinary Shares,1515,0,0.0,30445.5,D,Romano Gianluca,"Officer, EVP & CFO",0,1,0,EVP & CFO,SEC EDGAR
STX|0001137789-26-000223|nonDerivative|2026-09-10|Romano Gianluca|S|Ordinary Shares|825.5|862.1339|D,2026-09-17 04:45:13+0000,STX,Seagate Technology Holdings plc,0001137789,4,2026-09-11,2026-09-09,0001137789-26-000223,https://www.sec.gov/Archives/edgar/data/1137789/000113778926000223/wk-form4_1789159612.xml,nonDerivative,2026-09-10,S,Ordinary Shares,825.5,862.1339,711691.53445,29620,D,Romano Gianluca,"Officer, EVP & CFO",0,1,0,EVP & CFO,SEC EDGAR
STX|0001137789-26-000223|derivative|2026-09-09|Romano Gianluca|M|Restricted Share Unit|959|0|D,2026-09-17 04:45:13+0000,STX,Seagate Technology Holdings plc,0001137789,4,2026-09-11,2026-09-09,0001137789-26-000223,https://www.sec.gov/Archives/edgar/data/1137789/000113778926000223/wk-form4_1789159612.xml,derivative,2026-09-09,M,Restricted Share Unit,959,0,0.0,0,D,Romano Gianluca,"Officer, EVP & CFO",0,1,0,EVP & CFO,SEC EDGAR
STX|0001137789-26-000223|derivative|2026-09-09|Romano Gianluca|M|Restricted Share Unit|1515|0|D,2026-09-17 04:45:13+0000,STX,Seagate Technology Holdings plc,0001137789,4,2026-09-11,2026-09-09,0001137789-26-000223,https://www.sec.gov/Archives/edgar/data/1137789/000113778926000223/wk-form4_1789159612.xml,derivative,2026-09-09,M,Restricted Share Unit,1515,0,0.0,12128,D,Romano Gianluca,"Officer, EVP & CFO",0,1,0,EVP & CFO,SEC EDGAR
STX|0001137789-26-000224|nonDerivative|2026-09-09|Morris John Christopher|M|Ordinary Shares|500|0|D,2026-09-17 04:45:13+0000,STX,Seagate Technology Holdings plc,0001137789,4,2026-09-11,2026-09-09,0001137789-26-000224,https://www.sec.gov/Archives/edgar/data/1137789/000113778926000224/wk-form4_1789159620.xml,nonDerivative,2026-09-09,M,Ordinary Shares,500,0,0.0,15959.75,D,Morris John Christopher,"Officer, EVP & CTO",0,1,0,EVP & CTO,SEC EDGAR
STX|0001137789-26-000224|nonDerivative|2026-09-10|Morris John Christopher|S|Ordinary Shares|253|862.125|D,2026-09-17 04:45:13+0000,STX,Seagate Technology Holdings plc,0001137789,4,2026-09-11,2026-09-09,0001137789-26-000224,https://www.sec.gov/Archives/edgar/data/1137789/000113778926000224/wk-form4_1789159620.xml,nonDerivative,2026-09-10,S,Ordinary Shares,253,862.125,218117.625,15706.75,D,Morris John Christopher,"Officer, EVP & CTO",0,1,0,EVP & CTO,SEC EDGAR
STX|0001137789-26-000224|nonDerivative|2026-09-09|Morris John Christopher|M|Ordinary Shares|631|0|D,2026-09-17 04:45:13+0000,STX,Seagate Technology Holdings plc,0001137789,4,2026-09-11,2026-09-09,0001137789-26-000224,https://www.sec.gov/Archives/edgar/data/1137789/000113778926000224/wk-form4_1789159620.xml,nonDerivative,2026-09-09,M,Ordinary Shares,631,0,0.0,16337.75,D,Morris John Christopher,"Officer, EVP & CTO",0,1,0,EVP & CTO,SEC EDGAR
STX|0001137789-26-000224|nonDerivative|2026-09-10|Morris John Christopher|S|Ordinary Shares|319.25|862.136|D,2026-09-17 04:45:13+0000,STX,Seagate Technology Holdings plc,0001137789,4,2026-09-11,2026-09-09,0001137789-26-000224,https://www.sec.gov/Archives/edgar/data/1137789/000113778926000224/wk-form4_1789159620.xml,nonDerivative,2026-09-10,S,Ordinary Shares,319.25,862.136,275236.918,16018.5,D,Morris John Christopher,"Officer, EVP & CTO",0,1,0,EVP & CTO,SEC EDGAR
STX|0001137789-26-000224|derivative|2026-09-09|Morris John Christopher|M|Restricted Share Unit|500|0|D,2026-09-17 04:45:13+0000,STX,Seagate Technology Holdings plc,0001137789,4,2026-09-11,2026-09-09,0001137789-26-000224,https://www.sec.gov/Archives/edgar/data/1137789/000113778926000224/wk-form4_1789159620.xml,derivative,2026-09-09,M,Restricted Share Unit,500,0,0.0,0,D,Morris John Christopher,"Officer, EVP & CTO",0,1,0,EVP & CTO,SEC EDGAR
STX|0001137789-26-000224|derivative|2026-09-09|Morris John Christopher|M|Restricted Share Unit|631|0|D,2026-09-17 04:45:13+0000,STX,Seagate Technology Holdings plc,0001137789,4,2026-09-11,2026-09-09,0001137789-26-000224,https://www.sec.gov/Archives/edgar/data/1137789/000113778926000224/wk-form4_1789159620.xml,derivative,2026-09-09,M,Restricted Share Unit,631,0,0.0,5055,D,Morris John Christopher,"Officer, EVP & CTO",0,1,0,EVP & CTO,SEC EDGAR
STX|0001137789-26-000222|nonDerivative|2026-09-09|MOSLEY WILLIAM D|M|Ordinary Shares|2815|0|D,2026-09-17 04:45:13+0000,STX,Seagate Technology Holdings plc,0001137789,4,2026-09-11,2026-09-09,0001137789-26-000222,https://www.sec.gov/Archives/edgar/data/1137789/000113778926000222/wk-form4_1789159604.xml,nonDerivative,2026-09-09,M,Ordinary Shares,2815,0,0.0,297982.5,D,MOSLEY WILLIAM D,"Director, Officer, CEO",1,1,0,CEO,SEC EDGAR
STX|0001137789-26-000222|nonDerivative|2026-09-10|MOSLEY WILLIAM D|S|Ordinary Shares|1533.5|862.1337|D,2026-09-17 04:45:13+0000,STX,Seagate Technology Holdings plc,0001137789,4,2026-09-11,2026-09-09,0001137789-26-000222,https://www.sec.gov/Archives/edgar/data/1137789/000113778926000222/wk-form4_1789159604.xml,nonDerivative,2026-09-10,S,Ordinary Shares,1533.5,862.1337,1322082.02895,296449,D,MOSLEY WILLIAM D,"Director, Officer, CEO",1,1,0,CEO,SEC EDGAR
STX|0001137789-26-000222|nonDerivative|2026-09-09|MOSLEY WILLIAM D|M|Ordinary Shares|2415|0|D,2026-09-17 04:45:13+0000,STX,Seagate Technology Holdings plc,0001137789,4,2026-09-11,2026-09-09,0001137789-26-000222,https://www.sec.gov/Archives/edgar/data/1137789/000113778926000222/wk-form4_1789159604.xml,nonDerivative,2026-09-09,M,Ordinary Shares,2415,0,0.0,298864,D,MOSLEY WILLIAM D,"Director, Officer, CEO",1,1,0,CEO,SEC EDGAR
STX|0001137789-26-000222|nonDerivative|2026-09-10|MOSLEY WILLIAM D|S|Ordinary Shares|1315.75|862.1351|D,2026-09-17 04:45:13+0000,STX,Seagate Technology Holdings plc,0001137789,4,2026-09-11,2026-09-09,0001137789-26-000222,https://www.sec.gov/Archives/edgar/data/1137789/000113778926000222/wk-form4_1789159604.xml,nonDerivative,2026-09-10,S,Ordinary Shares,1315.75,862.1351,1134354.257825,297548.25,D,MOSLEY WILLIAM D,"Director, Officer, CEO",1,1,0,CEO,SEC EDGAR
STX|0001137789-26-000222|derivative|2026-09-09|MOSLEY WILLIAM D|M|Restricted Share Unit|2815|0|D,2026-09-17 04:45:13+0000,STX,Seagate Technology Holdings plc,0001137789,4,2026-09-11,2026-09-09,0001137789-26-000222,https://www.sec.gov/Archives/edgar/data/1137789/000113778926000222/wk-form4_1789159604.xml,derivative,2026-09-09,M,Restricted Share Unit,2815,0,0.0,0,D,MOSLEY WILLIAM D,"Director, Officer, CEO",1,1,0,CEO,SEC EDGAR
STX|0001137789-26-000222|derivative|2026-09-09|MOSLEY WILLIAM D|M|Restricted Share Unit|2415|0|D,2026-09-17 04:45:13+0000,STX,Seagate Technology Holdings plc,0001137789,4,2026-09-11,2026-09-09,0001137789-26-000222,https://www.sec.gov/Archives/edgar/data/1137789/000113778926000222/wk-form4_1789159604.xml,derivative,2026-09-09,M,Restricted Share Unit,2415,0,0.0,19328,D,MOSLEY WILLIAM D,"Director, Officer, CEO",1,1,0,CEO,SEC EDGAR
STX|0001137789-26-000226|nonDerivative|2026-09-09|Chong Kian Fatt|M|Ordinary Shares|202|0|D,2026-09-17 04:45:13+0000,STX,Seagate Technology Holdings plc,0001137789,4,2026-09-11,2026-09-09,0001137789-26-000226,https://www.sec.gov/Archives/edgar/data/1137789/000113778926000226/wk-form4_1789159635.xml,nonDerivative,2026-09-09,M,Ordinary Shares,202,0,0.0,9566,D,Chong Kian Fatt,"Officer, EVP Global Operations",0,1,0,EVP Global Operations,SEC EDGAR
STX|0001137789-26-000226|nonDerivative|2026-09-09|Chong Kian Fatt|M|Ordinary Shares|379|0|D,2026-09-17 04:45:13+0000,STX,Seagate Technology Holdings plc,0001137789,4,2026-09-11,2026-09-09,0001137789-26-000226,https://www.sec.gov/Archives/edgar/data/1137789/000113778926000226/wk-form4_1789159635.xml,nonDerivative,2026-09-09,M,Ordinary Shares,379,0,0.0,9945,D,Chong Kian Fatt,"Officer, EVP Global Operations",0,1,0,EVP Global Operations,SEC EDGAR
STX|0001137789-26-000226|derivative|2026-09-09|Chong Kian Fatt|M|Restricted Share Unit|202|0|D,2026-09-17 04:45:13+0000,STX,Seagate Technology Holdings plc,0001137789,4,2026-09-11,2026-09-09,0001137789-26-000226,https://www.sec.gov/Archives/edgar/data/1137789/000113778926000226/wk-form4_1789159635.xml,derivative,2026-09-09,M,Restricted Share Unit,202,0,0.0,0,D,Chong Kian Fatt,"Officer, EVP Global Operations",0,1,0,EVP Global Operations,SEC EDGAR
STX|0001137789-26-000226|derivative|2026-09-09|Chong Kian Fatt|M|Restricted Share Unit|379|0|D,2026-09-17 04:45:13+0000,STX,Seagate Technology Holdings plc,0001137789,4,2026-09-11,2026-09-09,0001137789-26-000226,https://www.sec.gov/Archives/edgar/data/1137789/000113778926000226/wk-form4_1789159635.xml,derivative,2026-09-09,M,Restricted Share Unit,379,0,0.0,3033,D,Chong Kian Fatt,"Officer, EVP Global Operations",0,1,0,EVP Global Operations,SEC EDGAR
QCOM|0000804328-26-000094|nonDerivative|2026-09-11|Palkhiwala Akash J.|S|Common Stock|32|177.6169|D,2026-09-17 04:45:13+0000,QCOM,QUALCOMM INC/DE,0000804328,4,2026-09-11,2026-09-11,0000804328-26-000094,https://www.sec.gov/Archives/edgar/data/804328/000080432826000094/edgardoc.xml,nonDerivative,2026-09-11,S,Common Stock,32,177.6169,5683.7408,20652,D,Palkhiwala Akash J.,"Officer, EVP, CFO & COO",0,1,0,"EVP, CFO & COO",SEC EDGAR
QCOM|0000804328-26-000094|nonDerivative|2026-09-11|Palkhiwala Akash J.|S|Common Stock|36|178.6308|D,2026-09-17 04:45:13+0000,QCOM,QUALCOMM INC/DE,0000804328,4,2026-09-11,2026-09-11,0000804328-26-000094,https://www.sec.gov/Archives/edgar/data/804328/000080432826000094/edgardoc.xml,nonDerivative,2026-09-11,S,Common Stock,36,178.6308,6430.708799999999,20616,D,Palkhiwala Akash J.,"Officer, EVP, CFO & COO",0,1,0,"EVP, CFO & COO",SEC EDGAR
QCOM|0000804328-26-000094|nonDerivative|2026-09-11|Palkhiwala Akash J.|S|Common Stock|48|179.7613|D,2026-09-17 04:45:13+0000,QCOM,QUALCOMM INC/DE,0000804328,4,2026-09-11,2026-09-11,0000804328-26-000094,https://www.sec.gov/Archives/edgar/data/804328/000080432826000094/edgardoc.xml,nonDerivative,2026-09-11,S,Common Stock,48,179.7613,8628.5424,20568,D,Palkhiwala Akash J.,"Officer, EVP, CFO & COO",0,1,0,"EVP, CFO & COO",SEC EDGAR
QCOM|0000804328-26-000094|nonDerivative|2026-09-11|Palkhiwala Akash J.|S|Common Stock|82|180.8706|D,2026-09-17 04:45:13+0000,QCOM,QUALCOMM INC/DE,0000804328,4,2026-09-11,2026-09-11,0000804328-26-000094,https://www.sec.gov/Archives/edgar/data/804328/000080432826000094/edgardoc.xml,nonDerivative,2026-09-11,S,Common Stock,82,180.8706,14831.3892,20486,D,Palkhiwala Akash J.,"Officer, EVP, CFO & COO",0,1,0,"EVP, CFO & COO",SEC EDGAR
QCOM|0000804328-26-000094|nonDerivative|2026-09-11|Palkhiwala Akash J.|S|Common Stock|696|181.8905|D,2026-09-17 04:45:13+0000,QCOM,QUALCOMM INC/DE,0000804328,4,2026-09-11,2026-09-11,0000804328-26-000094,https://www.sec.gov/Archives/edgar/data/804328/000080432826000094/edgardoc.xml,nonDerivative,2026-09-11,S,Common Stock,696,181.8905,126595.788,19790,D,Palkhiwala Akash J.,"Officer, EVP, CFO & COO",0,1,0,"EVP, CFO & COO",SEC EDGAR
QCOM|0000804328-26-000094|nonDerivative|2026-09-11|Palkhiwala Akash J.|S|Common Stock|508|182.6937|D,2026-09-17 04:45:13+0000,QCOM,QUALCOMM INC/DE,0000804328,4,2026-09-11,2026-09-11,0000804328-26-000094,https://www.sec.gov/Archives/edgar/data/804328/000080432826000094/edgardoc.xml,nonDerivative,2026-09-11,S,Common Stock,508,182.6937,92808.3996,19282,D,Palkhiwala Akash J.,"Officer, EVP, CFO & COO",0,1,0,"EVP, CFO & COO",SEC EDGAR
QCOM|0000804328-26-000094|nonDerivative|2026-09-11|Palkhiwala Akash J.|S|Common Stock|739|183.8443|D,2026-09-17 04:45:13+0000,QCOM,QUALCOMM INC/DE,0000804328,4,2026-09-11,2026-09-11,0000804328-26-000094,https://www.sec.gov/Archives/edgar/data/804328/000080432826000094/edgardoc.xml,nonDerivative,2026-09-11,S,Common Stock,739,183.8443,135860.9377,18543,D,Palkhiwala Akash J.,"Officer, EVP, CFO & COO",0,1,0,"EVP, CFO & COO",SEC EDGAR
QCOM|0000804328-26-000094|nonDerivative|2026-09-11|Palkhiwala Akash J.|S|Common Stock|347|184.6275|D,2026-09-17 04:45:13+0000,QCOM,QUALCOMM INC/DE,0000804328,4,2026-09-11,2026-09-11,0000804328-26-000094,https://www.sec.gov/Archives/edgar/data/804328/000080432826000094/edgardoc.xml,nonDerivative,2026-09-11,S,Common Stock,347,184.6275,64065.7425,18196,D,Palkhiwala Akash J.,"Officer, EVP, CFO & COO",0,1,0,"EVP, CFO & COO",SEC EDGAR
QCOM|0000804328-26-000094|nonDerivative|2026-09-11|Palkhiwala Akash J.|S|Common Stock|12|185.315|D,2026-09-17 04:45:13+0000,QCOM,QUALCOMM INC/DE,0000804328,4,2026-09-11,2026-09-11,0000804328-26-000094,https://www.sec.gov/Archives/edgar/data/804328/000080432826000094/edgardoc.xml,nonDerivative,2026-09-11,S,Common Stock,12,185.315,2223.7799999999997,18184,D,Palkhiwala Akash J.,"Officer, EVP, CFO & COO",0,1,0,"EVP, CFO & COO",SEC EDGAR
PWR|0001050915-26-000032|derivative|2026-09-09|Rubin Ellen|A|Restricted Stock Units|203|0|D,2026-09-17 04:45:13+0000,PWR,"QUANTA SERVICES, INC.",0001050915,4,2026-09-11,2026-09-09,0001050915-26-000032,https://www.sec.gov/Archives/edgar/data/1050915/000105091526000032/wk-form4_1789160775.xml,derivative,2026-09-09,A,Restricted Stock Units,203,0,0.0,203,D,Rubin Ellen,Director,1,0,0,,SEC EDGAR
PHM|0001219691-26-000006|nonDerivative|2026-07-30|BLAIR BRYCE|G|Common Stock|7639|0|I,2026-09-17 04:45:13+0000,PHM,PULTEGROUP INC/MI/,0000822416,4,2026-09-11,2026-07-30,0001219691-26-000006,https://www.sec.gov/Archives/edgar/data/822416/000121969126000006/wk-form4_1789157090.xml,nonDerivative,2026-07-30,G,Common Stock,7639,0,0.0,16800.144,I,BLAIR BRYCE,Director,1,0,0,,SEC EDGAR
PH|0000076334-26-000139|nonDerivative|2026-09-09|Czaja Mark T|G|Common Stock|1056|0|D,2026-09-17 04:45:13+0000,PH,Parker-Hannifin Corp,0000076334,4,2026-09-11,2026-09-09,0000076334-26-000139,https://www.sec.gov/Archives/edgar/data/76334/000007633426000139/form4.xml,nonDerivative,2026-09-09,G,Common Stock,1056,0,0.0,5214,D,Czaja Mark T,"Officer, VP & Chief Tech. & Innov. Off.",0,1,0,VP & Chief Tech. & Innov. Off.,SEC EDGAR
NVDA|0002152188-26-000005|nonDerivative|2026-09-09|Parker Nicholas P.|A|Common Stock|172507|0|D,2026-09-17 04:45:13+0000,NVDA,NVIDIA CORP,0001045810,4,2026-09-11,2026-09-09,0002152188-26-000005,https://www.sec.gov/Archives/edgar/data/1045810/000215218826000005/wk-form4_1789160684.xml,nonDerivative,2026-09-09,A,Common Stock,172507,0,0.0,172507,D,Parker Nicholas P.,"Officer, EVP, Worldwide Field Ops",0,1,0,"EVP, Worldwide Field Ops",SEC EDGAR
MSFT|0000789019-26-000208|derivative|2026-09-10|Walmsley Emma N|A|Restricted Stock Units|2.563|0|D,2026-09-17 04:45:13+0000,MSFT,MICROSOFT CORP,0000789019,4,2026-09-11,2026-09-10,0000789019-26-000208,https://www.sec.gov/Archives/edgar/data/789019/000078901926000208/form4.xml,derivative,2026-09-10,A,Restricted Stock Units,2.563,0,0.0,1390.247,D,Walmsley Emma N,Director,1,0,0,,SEC EDGAR
MSFT|0000789019-26-000207|derivative|2026-09-10|Rainey John D|A|Restricted Stock Units|0.778|0|D,2026-09-17 04:45:13+0000,MSFT,MICROSOFT CORP,0000789019,4,2026-09-11,2026-09-10,0000789019-26-000207,https://www.sec.gov/Archives/edgar/data/789019/000078901926000207/form4.xml,derivative,2026-09-10,A,Restricted Stock Units,0.778,0,0.0,422.119,D,Rainey John D,Director,1,0,0,,SEC EDGAR
MSFT|0000789019-26-000206|derivative|2026-09-10|PRITZKER PENNY S|A|Restricted Stock Units|26.838|0|D,2026-09-17 04:45:13+0000,MSFT,MICROSOFT CORP,0000789019,4,2026-09-11,2026-09-10,0000789019-26-000206,https://www.sec.gov/Archives/edgar/data/789019/000078901926000206/form4.xml,derivative,2026-09-10,A,Restricted Stock Units,26.838,0,0.0,14550.424,D,PRITZKER PENNY S,Director,1,0,0,,SEC EDGAR
MSFT|0000789019-26-000205|derivative|2026-09-10|PETERSON SANDRA E|A|Restricted Stock Units|48.902|0|D,2026-09-17 04:45:13+0000,MSFT,MICROSOFT CORP,0000789019,4,2026-09-11,2026-09-10,0000789019-26-000205,https://www.sec.gov/Archives/edgar/data/789019/000078901926000205/form4.xml,derivative,2026-09-10,A,Restricted Stock Units,48.902,0,0.0,26511.947,D,PETERSON SANDRA E,Director,1,0,0,,SEC EDGAR
MSFT|0000789019-26-000204|derivative|2026-09-10|Mason Mark|A|Restricted Stock Units|0.787|0|D,2026-09-17 04:45:13+0000,MSFT,MICROSOFT CORP,0000789019,4,2026-09-11,2026-09-10,0000789019-26-000204,https://www.sec.gov/Archives/edgar/data/789019/000078901926000204/form4.xml,derivative,2026-09-10,A,Restricted Stock Units,0.787,0,0.0,427.705,D,Mason Mark,Director,1,0,0,,SEC EDGAR
MSFT|0000789019-26-000203|derivative|2026-09-10|MacGregor Catherine|A|Restricted Stock Units|4.405|0|D,2026-09-17 04:45:13+0000,MSFT,MICROSOFT CORP,0000789019,4,2026-09-11,2026-09-10,0000789019-26-000203,https://www.sec.gov/Archives/edgar/data/789019/000078901926000203/form4.xml,derivative,2026-09-10,A,Restricted Stock Units,4.405,0,0.0,2389.162,D,MacGregor Catherine,Director,1,0,0,,SEC EDGAR
MSFT|0000789019-26-000202|derivative|2026-09-10|List Teri|A|Restricted Stock Units|42.639|0|D,2026-09-17 04:45:13+0000,MSFT,MICROSOFT CORP,0000789019,4,2026-09-11,2026-09-10,0000789019-26-000202,https://www.sec.gov/Archives/edgar/data/789019/000078901926000202/form4.xml,derivative,2026-09-10,A,Restricted Stock Units,42.639,0,0.0,23117.153,D,List Teri,Director,1,0,0,,SEC EDGAR
MSFT|0000789019-26-000201|derivative|2026-09-10|Johnston Hugh F|A|Restricted Stock Units|4.341|0|D,2026-09-17 04:45:13+0000,MSFT,MICROSOFT CORP,0000789019,4,2026-09-11,2026-09-10,0000789019-26-000201,https://www.sec.gov/Archives/edgar/data/789019/000078901926000201/form4.xml,derivative,2026-09-10,A,Restricted Stock Units,4.341,0,0.0,2354.022,D,Johnston Hugh F,Director,1,0,0,,SEC EDGAR
MSFT|0000789019-26-000200|derivative|2026-09-10|Hoffman Reid|A|Restricted Stock Units|31.692|0|D,2026-09-17 04:45:13+0000,MSFT,MICROSOFT CORP,0000789019,4,2026-09-11,2026-09-10,0000789019-26-000200,https://www.sec.gov/Archives/edgar/data/789019/000078901926000200/form4.xml,derivative,2026-09-10,A,Restricted Stock Units,31.692,0,0.0,17182.471,D,Hoffman Reid,Director,1,0,0,,SEC EDGAR
MSFT|0000789019-26-000199|derivative|2026-09-10|Di Sibio Carmine|A|Restricted Stock Units|0.255|0|D,2026-09-17 04:45:13+0000,MSFT,MICROSOFT CORP,0000789019,4,2026-09-11,2026-09-10,0000789019-26-000199,https://www.sec.gov/Archives/edgar/data/789019/000078901926000199/form4.xml,derivative,2026-09-10,A,Restricted Stock Units,0.255,0,0.0,138.56,D,Di Sibio Carmine,Director,1,0,0,,SEC EDGAR
MO|0000764180-26-000102|nonDerivative|2026-09-09|McQUADE KATHRYN B.|P|Common Stock|1500|67.62|D,2026-09-17 04:45:13+0000,MO,"ALTRIA GROUP, INC.",0000764180,4,2026-09-11,2026-09-09,0000764180-26-000102,https://www.sec.gov/Archives/edgar/data/764180/000076418026000102/wk-form4_1789151548.xml,nonDerivative,2026-09-09,P,Common Stock,1500,67.62,101430.0,114929,D,McQUADE KATHRYN B.,Director,1,0,0,,SEC EDGAR
META|0000950103-26-013860|nonDerivative|2026-09-09|Cox Christopher K|S|Class A Common Stock|18578|650.2121|I,2026-09-17 04:45:13+0000,META,"Meta Platforms, Inc.",0001326801,4,2026-09-11,2026-09-09,0000950103-26-013860,https://www.sec.gov/Archives/edgar/data/1326801/000095010326013860/ownership.xml,nonDerivative,2026-09-09,S,Class A Common Stock,18578,650.2121,12079640.3938,245938,I,Cox Christopher K,"Officer, Chief Product Officer",0,1,0,Chief Product Officer,SEC EDGAR
META|0000950103-26-013860|nonDerivative|2026-09-09|Cox Christopher K|S|Class A Common Stock|1422|651.1496|I,2026-09-17 04:45:13+0000,META,"Meta Platforms, Inc.",0001326801,4,2026-09-11,2026-09-09,0000950103-26-013860,https://www.sec.gov/Archives/edgar/data/1326801/000095010326013860/ownership.xml,nonDerivative,2026-09-09,S,Class A Common Stock,1422,651.1496,925934.7311999999,244516,I,Cox Christopher K,"Officer, Chief Product Officer",0,1,0,Chief Product Officer,SEC EDGAR
LULU|0001585322-26-000010|derivative|2026-09-09|O'NEILL HEIDI|A|Restricted Stock Units|28079|0|D,2026-09-17 04:45:13+0000,LULU,lululemon athletica inc.,0001397187,4,2026-09-11,2026-09-09,0001585322-26-000010,https://www.sec.gov/Archives/edgar/data/1397187/000158532226000010/form4.xml,derivative,2026-09-09,A,Restricted Stock Units,28079,0,0.0,28079,D,O'NEILL HEIDI,"Director, Officer, CEO",1,1,0,CEO,SEC EDGAR
LULU|0001585322-26-000010|derivative|2026-09-09|O'NEILL HEIDI|A|Stock Options (Right to Buy)|40223|0|D,2026-09-17 04:45:13+0000,LULU,lululemon athletica inc.,0001397187,4,2026-09-11,2026-09-09,0001585322-26-000010,https://www.sec.gov/Archives/edgar/data/1397187/000158532226000010/form4.xml,derivative,2026-09-09,A,Stock Options (Right to Buy),40223,0,0.0,40223,D,O'NEILL HEIDI,"Director, Officer, CEO",1,1,0,CEO,SEC EDGAR
LULU|0001585322-26-000010|derivative|2026-09-09|O'NEILL HEIDI|A|Stock Options (Right to Buy)|105295|0|D,2026-09-17 04:45:13+0000,LULU,lululemon athletica inc.,0001397187,4,2026-09-11,2026-09-09,0001585322-26-000010,https://www.sec.gov/Archives/edgar/data/1397187/000158532226000010/form4.xml,derivative,2026-09-09,A,Stock Options (Right to Buy),105295,0,0.0,105295,D,O'NEILL HEIDI,"Director, Officer, CEO",1,1,0,CEO,SEC EDGAR
LLY|0002032089-26-000004|nonDerivative|2025-09-22|Seymour Melissa|G|Common Stock|17|0|D,2026-09-17 04:45:13+0000,LLY,ELI LILLY & Co,0000059478,4,2026-09-11,2025-09-22,0002032089-26-000004,https://www.sec.gov/Archives/edgar/data/59478/000203208926000004/wk-form4_1789157763.xml,nonDerivative,2025-09-22,G,Common Stock,17,0,0.0,1050.373,D,Seymour Melissa,"Officer, EVP, Global Quality",0,1,0,"EVP, Global Quality",SEC EDGAR
LLY|0002032089-26-000004|nonDerivative|2026-09-09|Seymour Melissa|G|Common Stock|12|0|D,2026-09-17 04:45:13+0000,LLY,ELI LILLY & Co,0000059478,4,2026-09-11,2025-09-22,0002032089-26-000004,https://www.sec.gov/Archives/edgar/data/59478/000203208926000004/wk-form4_1789157763.xml,nonDerivative,2026-09-09,G,Common Stock,12,0,0.0,1038.373,D,Seymour Melissa,"Officer, EVP, Global Quality",0,1,0,"EVP, Global Quality",SEC EDGAR
ISRG|0002010300-26-000033|nonDerivative|2026-09-10|Brosius Mark|S|Common Stock|23|347.66|D,2026-09-17 04:45:13+0000,ISRG,INTUITIVE SURGICAL INC,0001035267,4,2026-09-11,2026-09-10,0002010300-26-000033,https://www.sec.gov/Archives/edgar/data/1035267/000201030026000033/edgardoc.xml,nonDerivative,2026-09-10,S,Common Stock,23,347.66,7996.18,789,D,Brosius Mark,"Officer, EVP & Chief Mfg and Supply Cha",0,1,0,EVP & Chief Mfg and Supply Cha,SEC EDGAR
ISRG|0002010300-26-000033|nonDerivative|2026-09-11|Brosius Mark|S|Common Stock|25|365.79|D,2026-09-17 04:45:13+0000,ISRG,INTUITIVE SURGICAL INC,0001035267,4,2026-09-11,2026-09-10,0002010300-26-000033,https://www.sec.gov/Archives/edgar/data/1035267/000201030026000033/edgardoc.xml,nonDerivative,2026-09-11,S,Common Stock,25,365.79,9144.75,764,D,Brosius Mark,"Officer, EVP & Chief Mfg and Supply Cha",0,1,0,EVP & Chief Mfg and Supply Cha,SEC EDGAR
HD|0000354950-26-000165|nonDerivative|2026-09-10|Scardino Kimberly R|S|$.05 Common Stock|675|305.95|D,2026-09-17 04:45:13+0000,HD,"HOME DEPOT, INC.",0000354950,4,2026-09-11,2026-09-10,0000354950-26-000165,https://www.sec.gov/Archives/edgar/data/354950/000035495026000165/wk-form4_1789158867.xml,nonDerivative,2026-09-10,S,$.05 Common Stock,675,305.95,206516.25,8189,D,Scardino Kimberly R,"Officer, SVP-Finance, CAO & Controller",0,1,0,"SVP-Finance, CAO & Controller",SEC EDGAR
GILD|0001638643-26-000033|nonDerivative|2026-09-10|O'Day Daniel Patrick|M|Common Stock|8780||D,2026-09-17 04:45:13+0000,GILD,"GILEAD SCIENCES, INC.",0000882095,4,2026-09-11,2026-09-10,0001638643-26-000033,https://www.sec.gov/Archives/edgar/data/882095/000163864326000033/wk-form4_1789165629.xml,nonDerivative,2026-09-10,M,Common Stock,8780,,,585913,D,O'Day Daniel Patrick,"Director, Officer, Chairman & CEO",1,1,0,Chairman & CEO,SEC EDGAR
GILD|0001638643-26-000033|nonDerivative|2026-09-10|O'Day Daniel Patrick|F|Common Stock|4230|144.81|D,2026-09-17 04:45:13+0000,GILD,"GILEAD SCIENCES, INC.",0000882095,4,2026-09-11,2026-09-10,0001638643-26-000033,https://www.sec.gov/Archives/edgar/data/882095/000163864326000033/wk-form4_1789165629.xml,nonDerivative,2026-09-10,F,Common Stock,4230,144.81,612546.3,581683,D,O'Day Daniel Patrick,"Director, Officer, Chairman & CEO",1,1,0,Chairman & CEO,SEC EDGAR
GILD|0001638643-26-000033|derivative|2026-09-10|O'Day Daniel Patrick|M|Restricted Stock Unit|8780||D,2026-09-17 04:45:13+0000,GILD,"GILEAD SCIENCES, INC.",0000882095,4,2026-09-11,2026-09-10,0001638643-26-000033,https://www.sec.gov/Archives/edgar/data/882095/000163864326000033/wk-form4_1789165629.xml,derivative,2026-09-10,M,Restricted Stock Unit,8780,,,83300,D,O'Day Daniel Patrick,"Director, Officer, Chairman & CEO",1,1,0,Chairman & CEO,SEC EDGAR
GILD|0001782135-26-000031|nonDerivative|2026-09-10|Mercier Johanna|M|Common Stock|2797||D,2026-09-17 04:45:13+0000,GILD,"GILEAD SCIENCES, INC.",0000882095,4,2026-09-11,2026-09-10,0001782135-26-000031,https://www.sec.gov/Archives/edgar/data/882095/000178213526000031/wk-form4_1789165734.xml,nonDerivative,2026-09-10,M,Common Stock,2797,,,121031,D,Mercier Johanna,"Officer, Chief Comm & Corp Aff Officer",0,1,0,Chief Comm & Corp Aff Officer,SEC EDGAR
GILD|0001782135-26-000031|nonDerivative|2026-09-10|Mercier Johanna|F|Common Stock|1347|144.81|D,2026-09-17 04:45:13+0000,GILD,"GILEAD SCIENCES, INC.",0000882095,4,2026-09-11,2026-09-10,0001782135-26-000031,https://www.sec.gov/Archives/edgar/data/882095/000178213526000031/wk-form4_1789165734.xml,nonDerivative,2026-09-10,F,Common Stock,1347,144.81,195059.07,119684,D,Mercier Johanna,"Officer, Chief Comm & Corp Aff Officer",0,1,0,Chief Comm & Corp Aff Officer,SEC EDGAR
GILD|0001782135-26-000031|derivative|2026-09-10|Mercier Johanna|M|Restricted Stock Unit|2797||D,2026-09-17 04:45:13+0000,GILD,"GILEAD SCIENCES, INC.",0000882095,4,2026-09-11,2026-09-10,0001782135-26-000031,https://www.sec.gov/Archives/edgar/data/882095/000178213526000031/wk-form4_1789165734.xml,derivative,2026-09-10,M,Restricted Stock Unit,2797,,,25054,D,Mercier Johanna,"Officer, Chief Comm & Corp Aff Officer",0,1,0,Chief Comm & Corp Aff Officer,SEC EDGAR
GILD|0001310204-26-000027|nonDerivative|2026-09-10|Dickinson Andrew D|M|Common Stock|2797||D,2026-09-17 04:45:13+0000,GILD,"GILEAD SCIENCES, INC.",0000882095,4,2026-09-11,2026-09-10,0001310204-26-000027,https://www.sec.gov/Archives/edgar/data/882095/000131020426000027/wk-form4_1789165843.xml,nonDerivative,2026-09-10,M,Common Stock,2797,,,168443,D,Dickinson Andrew D,"Officer, Chief Financial Officer",0,1,0,Chief Financial Officer,SEC EDGAR
GILD|0001310204-26-000027|nonDerivative|2026-09-10|Dickinson Andrew D|F|Common Stock|1347|144.81|D,2026-09-17 04:45:13+0000,GILD,"GILEAD SCIENCES, INC.",0000882095,4,2026-09-11,2026-09-10,0001310204-26-000027,https://www.sec.gov/Archives/edgar/data/882095/000131020426000027/wk-form4_1789165843.xml,nonDerivative,2026-09-10,F,Common Stock,1347,144.81,195059.07,167096,D,Dickinson Andrew D,"Officer, Chief Financial Officer",0,1,0,Chief Financial Officer,SEC EDGAR
GILD|0001310204-26-000027|derivative|2026-09-10|Dickinson Andrew D|M|Restricted Stock Unit|2797||D,2026-09-17 04:45:13+0000,GILD,"GILEAD SCIENCES, INC.",0000882095,4,2026-09-11,2026-09-10,0001310204-26-000027,https://www.sec.gov/Archives/edgar/data/882095/000131020426000027/wk-form4_1789165843.xml,derivative,2026-09-10,M,Restricted Stock Unit,2797,,,25054,D,Dickinson Andrew D,"Officer, Chief Financial Officer",0,1,0,Chief Financial Officer,SEC EDGAR
GILD|0002110603-26-000013|nonDerivative|2026-09-10|Cain Wettan Keeley M|M|Common Stock|590||D,2026-09-17 04:45:13+0000,GILD,"GILEAD SCIENCES, INC.",0000882095,4,2026-09-11,2026-09-10,0002110603-26-000013,https://www.sec.gov/Archives/edgar/data/882095/000211060326000013/wk-form4_1789165685.xml,nonDerivative,2026-09-10,M,Common Stock,590,,,9044,D,Cain Wettan Keeley M,"Officer, EVP Gen Counsel,  Legal & Comp",0,1,0,"EVP Gen Counsel,  Legal & Comp",SEC EDGAR
GILD|0002110603-26-000013|nonDerivative|2026-09-10|Cain Wettan Keeley M|F|Common Stock|285|144.81|D,2026-09-17 04:45:13+0000,GILD,"GILEAD SCIENCES, INC.",0000882095,4,2026-09-11,2026-09-10,0002110603-26-000013,https://www.sec.gov/Archives/edgar/data/882095/000211060326000013/wk-form4_1789165685.xml,nonDerivative,2026-09-10,F,Common Stock,285,144.81,41270.85,8759,D,Cain Wettan Keeley M,"Officer, EVP Gen Counsel,  Legal & Comp",0,1,0,"EVP Gen Counsel,  Legal & Comp",SEC EDGAR
GILD|0002110603-26-000013|derivative|2026-09-10|Cain Wettan Keeley M|M|Restricted Stock Unit|590||D,2026-09-17 04:45:13+0000,GILD,"GILEAD SCIENCES, INC.",0000882095,4,2026-09-11,2026-09-10,0002110603-26-000013,https://www.sec.gov/Archives/edgar/data/882095/000211060326000013/wk-form4_1789165685.xml,derivative,2026-09-10,M,Restricted Stock Unit,590,,,13405,D,Cain Wettan Keeley M,"Officer, EVP Gen Counsel,  Legal & Comp",0,1,0,"EVP Gen Counsel,  Legal & Comp",SEC EDGAR
GILD|0001739515-26-000011|nonDerivative|2026-09-10|Berger Dietmar|M|Common Stock|533||D,2026-09-17 04:45:13+0000,GILD,"GILEAD SCIENCES, INC.",0000882095,4,2026-09-11,2026-09-10,0001739515-26-000011,https://www.sec.gov/Archives/edgar/data/882095/000173951526000011/wk-form4_1789165789.xml,nonDerivative,2026-09-10,M,Common Stock,533,,,19785,D,Berger Dietmar,"Officer, Chief Medical Officer",0,1,0,Chief Medical Officer,SEC EDGAR
GILD|0001739515-26-000011|nonDerivative|2026-09-10|Berger Dietmar|F|Common Stock|263|144.81|D,2026-09-17 04:45:13+0000,GILD,"GILEAD SCIENCES, INC.",0000882095,4,2026-09-11,2026-09-10,0001739515-26-000011,https://www.sec.gov/Archives/edgar/data/882095/000173951526000011/wk-form4_1789165789.xml,nonDerivative,2026-09-10,F,Common Stock,263,144.81,38085.03,19522,D,Berger Dietmar,"Officer, Chief Medical Officer",0,1,0,Chief Medical Officer,SEC EDGAR
GILD|0001739515-26-000011|derivative|2026-09-10|Berger Dietmar|M|Restricted Stock Unit|533||D,2026-09-17 04:45:13+0000,GILD,"GILEAD SCIENCES, INC.",0000882095,4,2026-09-11,2026-09-10,0001739515-26-000011,https://www.sec.gov/Archives/edgar/data/882095/000173951526000011/wk-form4_1789165789.xml,derivative,2026-09-10,M,Restricted Stock Unit,533,,,46395,D,Berger Dietmar,"Officer, Chief Medical Officer",0,1,0,Chief Medical Officer,SEC EDGAR
GEN|0000849399-26-000069|nonDerivative|2026-09-09|Vlcek Ondrej|A|Common Stock|9072|0|D,2026-09-17 04:45:13+0000,GEN,Gen Digital Inc.,0000849399,4,2026-09-11,2026-09-09,0000849399-26-000069,https://www.sec.gov/Archives/edgar/data/849399/000084939926000069/wk-form4_1789161188.xml,nonDerivative,2026-09-09,A,Common Stock,9072,0,0.0,3341848,D,Vlcek Ondrej,Director,1,0,0,,SEC EDGAR
GEN|0000849399-26-000069|nonDerivative|2026-09-09|Vlcek Ondrej|F|Common Stock|2647|29.76|D,2026-09-17 04:45:13+0000,GEN,Gen Digital Inc.,0000849399,4,2026-09-11,2026-09-09,0000849399-26-000069,https://www.sec.gov/Archives/edgar/data/849399/000084939926000069/wk-form4_1789161188.xml,nonDerivative,2026-09-09,F,Common Stock,2647,29.76,78774.72,3339201,D,Vlcek Ondrej,Director,1,0,0,,SEC EDGAR
GEN|0000849399-26-000068|nonDerivative|2026-09-09|Smith Sherrese M|A|Common Stock|9072|0|D,2026-09-17 04:45:13+0000,GEN,Gen Digital Inc.,0000849399,4,2026-09-11,2026-09-09,0000849399-26-000068,https://www.sec.gov/Archives/edgar/data/849399/000084939926000068/wk-form4_1789161183.xml,nonDerivative,2026-09-09,A,Common Stock,9072,0,0.0,82954,D,Smith Sherrese M,Director,1,0,0,,SEC EDGAR
GEN|0000849399-26-000068|nonDerivative|2026-09-09|Smith Sherrese M|A|Common Stock|1680|0|D,2026-09-17 04:45:13+0000,GEN,Gen Digital Inc.,0000849399,4,2026-09-11,2026-09-09,0000849399-26-000068,https://www.sec.gov/Archives/edgar/data/849399/000084939926000068/wk-form4_1789161183.xml,nonDerivative,2026-09-09,A,Common Stock,1680,0,0.0,84634,D,Smith Sherrese M,Director,1,0,0,,SEC EDGAR
GEN|0000849399-26-000067|nonDerivative|2026-09-09|HEATH EMILY|A|Common Stock|9072|0|D,2026-09-17 04:45:13+0000,GEN,Gen Digital Inc.,0000849399,4,2026-09-11,2026-09-09,0000849399-26-000067,https://www.sec.gov/Archives/edgar/data/849399/000084939926000067/wk-form4_1789161168.xml,nonDerivative,2026-09-09,A,Common Stock,9072,0,0.0,76274,D,HEATH EMILY,Director,1,0,0,,SEC EDGAR
GEN|0000849399-26-000066|nonDerivative|2026-09-09|Denzel Nora|A|Common Stock|9072|0|D,2026-09-17 04:45:13+0000,GEN,Gen Digital Inc.,0000849399,4,2026-09-11,2026-09-09,0000849399-26-000066,https://www.sec.gov/Archives/edgar/data/849399/000084939926000066/wk-form4_1789161164.xml,nonDerivative,2026-09-09,A,Common Stock,9072,0,0.0,52754,D,Denzel Nora,Director,1,0,0,,SEC EDGAR
GEN|0000849399-26-000065|nonDerivative|2026-09-09|Chrystal John C|A|Common Stock|9072|0|D,2026-09-17 04:45:13+0000,GEN,Gen Digital Inc.,0000849399,4,2026-09-11,2026-09-09,0000849399-26-000065,https://www.sec.gov/Archives/edgar/data/849399/000084939926000065/wk-form4_1789161159.xml,nonDerivative,2026-09-09,A,Common Stock,9072,0,0.0,40491,D,Chrystal John C,Director,1,0,0,,SEC EDGAR
GEN|0000849399-26-000063|nonDerivative|2026-09-09|Baudis Pavel|A|Common Stock|9072|0|D,2026-09-17 04:45:13+0000,GEN,Gen Digital Inc.,0000849399,4,2026-09-11,2026-09-09,0000849399-26-000063,https://www.sec.gov/Archives/edgar/data/849399/000084939926000063/wk-form4_1789161138.xml,nonDerivative,2026-09-09,A,Common Stock,9072,0,0.0,42637,D,Baudis Pavel,Director,1,0,0,,SEC EDGAR
GEN|0000849399-26-000063|nonDerivative|2026-09-09|Baudis Pavel|F|Common Stock|2647|29.76|D,2026-09-17 04:45:13+0000,GEN,Gen Digital Inc.,0000849399,4,2026-09-11,2026-09-09,0000849399-26-000063,https://www.sec.gov/Archives/edgar/data/849399/000084939926000063/wk-form4_1789161138.xml,nonDerivative,2026-09-09,F,Common Stock,2647,29.76,78774.72,39990,D,Baudis Pavel,Director,1,0,0,,SEC EDGAR
GEN|0000849399-26-000062|nonDerivative|2026-09-09|Barsamian Sue|A|Common Stock|9072|0|D,2026-09-17 04:45:13+0000,GEN,Gen Digital Inc.,0000849399,4,2026-09-11,2026-09-09,0000849399-26-000062,https://www.sec.gov/Archives/edgar/data/849399/000084939926000062/wk-form4_1789161132.xml,nonDerivative,2026-09-09,A,Common Stock,9072,0,0.0,17894,D,Barsamian Sue,Director,1,0,0,,SEC EDGAR
GEN|0000849399-26-000062|nonDerivative|2026-09-09|Barsamian Sue|G|Common Stock|8822|0|D,2026-09-17 04:45:13+0000,GEN,Gen Digital Inc.,0000849399,4,2026-09-11,2026-09-09,0000849399-26-000062,https://www.sec.gov/Archives/edgar/data/849399/000084939926000062/wk-form4_1789161132.xml,nonDerivative,2026-09-09,G,Common Stock,8822,0,0.0,9072,D,Barsamian Sue,Director,1,0,0,,SEC EDGAR
GEN|0000849399-26-000062|nonDerivative|2026-09-09|Barsamian Sue|G|Common Stock|8822|0|I,2026-09-17 04:45:13+0000,GEN,Gen Digital Inc.,0000849399,4,2026-09-11,2026-09-09,0000849399-26-000062,https://www.sec.gov/Archives/edgar/data/849399/000084939926000062/wk-form4_1789161132.xml,nonDerivative,2026-09-09,G,Common Stock,8822,0,0.0,99885,I,Barsamian Sue,Director,1,0,0,,SEC EDGAR
GEN|0000849399-26-000064|nonDerivative|2026-09-09|BRANDT ERIC|A|Common Stock|9072|0|D,2026-09-17 04:45:13+0000,GEN,Gen Digital Inc.,0000849399,4,2026-09-11,2026-09-09,0000849399-26-000064,https://www.sec.gov/Archives/edgar/data/849399/000084939926000064/wk-form4_1789161144.xml,nonDerivative,2026-09-09,A,Common Stock,9072,0,0.0,17894,D,BRANDT ERIC,Director,1,0,0,,SEC EDGAR
GEN|0000849399-26-000064|nonDerivative|2026-09-09|BRANDT ERIC|G|Common Stock|8822|0|D,2026-09-17 04:45:13+0000,GEN,Gen Digital Inc.,0000849399,4,2026-09-11,2026-09-09,0000849399-26-000064,https://www.sec.gov/Archives/edgar/data/849399/000084939926000064/wk-form4_1789161144.xml,nonDerivative,2026-09-09,G,Common Stock,8822,0,0.0,9072,D,BRANDT ERIC,Director,1,0,0,,SEC EDGAR
GEN|0000849399-26-000064|nonDerivative|2026-09-09|BRANDT ERIC|G|Common Stock|8822|0|I,2026-09-17 04:45:13+0000,GEN,Gen Digital Inc.,0000849399,4,2026-09-11,2026-09-09,0000849399-26-000064,https://www.sec.gov/Archives/edgar/data/849399/000084939926000064/wk-form4_1789161144.xml,nonDerivative,2026-09-09,G,Common Stock,8822,0,0.0,78506,I,BRANDT ERIC,Director,1,0,0,,SEC EDGAR
EW|0001225208-26-007774|nonDerivative|2026-09-11|Lippis Daniel J.|M|Common Stock|619.0000|72.6800|D,2026-09-17 04:45:13+0000,EW,Edwards Lifesciences Corp,0001099800,4,2026-09-11,2026-09-11,0001225208-26-007774,https://www.sec.gov/Archives/edgar/data/1099800/000122520826007774/doc4.xml,nonDerivative,2026-09-11,M,Common Stock,619.0000,72.6800,44988.920000000006,40652.9103,D,Lippis Daniel J.,"Officer, CVP, TAVR",,1,,"CVP, TAVR",SEC EDGAR
EW|0001225208-26-007774|nonDerivative|2026-09-11|Lippis Daniel J.|S|Common Stock|619.0000|87.5100|D,2026-09-17 04:45:13+0000,EW,Edwards Lifesciences Corp,0001099800,4,2026-09-11,2026-09-11,0001225208-26-007774,https://www.sec.gov/Archives/edgar/data/1099800/000122520826007774/doc4.xml,nonDerivative,2026-09-11,S,Common Stock,619.0000,87.5100,54168.69,40033.9103,D,Lippis Daniel J.,"Officer, CVP, TAVR",,1,,"CVP, TAVR",SEC EDGAR
EW|0001225208-26-007774|derivative|2026-09-11|Lippis Daniel J.|M|Employee Stock Option (Right to Acquire)|619.0000|0.0000|D,2026-09-17 04:45:13+0000,EW,Edwards Lifesciences Corp,0001099800,4,2026-09-11,2026-09-11,0001225208-26-007774,https://www.sec.gov/Archives/edgar/data/1099800/000122520826007774/doc4.xml,derivative,2026-09-11,M,Employee Stock Option (Right to Acquire),619.0000,0.0000,0.0,3714.0000,D,Lippis Daniel J.,"Officer, CVP, TAVR",,1,,"CVP, TAVR",SEC EDGAR
EW|0001225208-26-007775|nonDerivative|2026-09-11|Chopra Daveen|F|Common Stock|398.0000|86.7700|D,2026-09-17 04:45:13+0000,EW,Edwards Lifesciences Corp,0001099800,4,2026-09-11,2026-09-11,0001225208-26-007775,https://www.sec.gov/Archives/edgar/data/1099800/000122520826007775/doc4.xml,nonDerivative,2026-09-11,F,Common Stock,398.0000,86.7700,34534.46,43926.0000,D,Chopra Daveen,"Officer, CVP, TMTT, Surgical & IHFM",,1,,"CVP, TMTT, Surgical & IHFM",SEC EDGAR
ETR|0000065984-26-000314|nonDerivative|2026-09-10|Landreaux Laura R|S|Common Stock|5600|106.20|D,2026-09-17 04:45:13+0000,ETR,ENTERGY CORP /DE/,0000065984,4,2026-09-11,2026-09-10,0000065984-26-000314,https://www.sec.gov/Archives/edgar/data/65984/000006598426000314/form4.xml,nonDerivative,2026-09-10,S,Common Stock,5600,106.20,594720.0,22589,D,Landreaux Laura R,,,,,,SEC EDGAR
"DELL|0001193125-26-389501|nonDerivative|2026-09-09|Silver Lake Technology Investors V, L.P.|M|Class C Common Stock|486||I",2026-09-17 04:45:13+0000,DELL,Dell Technologies Inc.,0001571996,4,2026-09-11,2026-09-09,0001193125-26-389501,https://www.sec.gov/Archives/edgar/data/1571996/000119312526389501/ownership.xml,nonDerivative,2026-09-09,M,Class C Common Stock,486,,,486,I,"Silver Lake Technology Investors V, L.P.",,true,false,true,,SEC EDGAR
"DELL|0001193125-26-389501|nonDerivative|2026-09-09|Silver Lake Technology Investors V, L.P.|S|Class C Common Stock|2|534.09|I",2026-09-17 04:45:13+0000,DELL,Dell Technologies Inc.,0001571996,4,2026-09-11,2026-09-09,0001193125-26-389501,https://www.sec.gov/Archives/edgar/data/1571996/000119312526389501/ownership.xml,nonDerivative,2026-09-09,S,Class C Common Stock,2,534.09,1068.18,484,I,"Silver Lake Technology Investors V, L.P.",,true,false,true,,SEC EDGAR
"DELL|0001193125-26-389501|nonDerivative|2026-09-09|Silver Lake Technology Investors V, L.P.|S|Class C Common Stock|78|535.13|I",2026-09-17 04:45:13+0000,DELL,Dell Technologies Inc.,0001571996,4,2026-09-11,2026-09-09,0001193125-26-389501,https://www.sec.gov/Archives/edgar/data/1571996/000119312526389501/ownership.xml,nonDerivative,2026-09-09,S,Class C Common Stock,78,535.13,41740.14,405,I,"Silver Lake Technology Investors V, L.P.",,true,false,true,,SEC EDGAR
"DELL|0001193125-26-389501|nonDerivative|2026-09-09|Silver Lake Technology Investors V, L.P.|S|Class C Common Stock|67|535.97|I",2026-09-17 04:45:13+0000,DELL,Dell Technologies Inc.,0001571996,4,2026-09-11,2026-09-09,0001193125-26-389501,https://www.sec.gov/Archives/edgar/data/1571996/000119312526389501/ownership.xml,nonDerivative,2026-09-09,S,Class C Common Stock,67,535.97,35909.990000000005,338,I,"Silver Lake Technology Investors V, L.P.",,true,false,true,,SEC EDGAR
"DELL|0001193125-26-389501|nonDerivative|2026-09-09|Silver Lake Technology Investors V, L.P.|S|Class C Common Stock|50|536.89|I",2026-09-17 04:45:13+0000,DELL,Dell Technologies Inc.,0001571996,4,2026-09-11,2026-09-09,0001193125-26-389501,https://www.sec.gov/Archives/edgar/data/1571996/000119312526389501/ownership.xml,nonDerivative,2026-09-09,S,Class C Common Stock,50,536.89,26844.5,288,I,"Silver Lake Technology Investors V, L.P.",,true,false,true,,SEC EDGAR
"DELL|0001193125-26-389501|nonDerivative|2026-09-09|Silver Lake Technology Investors V, L.P.|S|Class C Common Stock|22|538.03|I",2026-09-17 04:45:13+0000,DELL,Dell Technologies Inc.,0001571996,4,2026-09-11,2026-09-09,0001193125-26-389501,https://www.sec.gov/Archives/edgar/data/1571996/000119312526389501/ownership.xml,nonDerivative,2026-09-09,S,Class C Common Stock,22,538.03,11836.66,267,I,"Silver Lake Technology Investors V, L.P.",,true,false,true,,SEC EDGAR
"DELL|0001193125-26-389501|nonDerivative|2026-09-09|Silver Lake Technology Investors V, L.P.|S|Class C Common Stock|7|538.63|I",2026-09-17 04:45:13+0000,DELL,Dell Technologies Inc.,0001571996,4,2026-09-11,2026-09-09,0001193125-26-389501,https://www.sec.gov/Archives/edgar/data/1571996/000119312526389501/ownership.xml,nonDerivative,2026-09-09,S,Class C Common Stock,7,538.63,3770.41,260,I,"Silver Lake Technology Investors V, L.P.",,true,false,true,,SEC EDGAR
"DELL|0001193125-26-389501|nonDerivative|2026-09-09|Silver Lake Technology Investors V, L.P.|S|Class C Common Stock|24|540.56|I",2026-09-17 04:45:13+0000,DELL,Dell Technologies Inc.,0001571996,4,2026-09-11,2026-09-09,0001193125-26-389501,https://www.sec.gov/Archives/edgar/data/1571996/000119312526389501/ownership.xml,nonDerivative,2026-09-09,S,Class C Common Stock,24,540.56,12973.439999999999,236,I,"Silver Lake Technology Investors V, L.P.",,true,false,true,,SEC EDGAR
"DELL|0001193125-26-389501|nonDerivative|2026-09-09|Silver Lake Technology Investors V, L.P.|S|Class C Common Stock|13|541.33|I",2026-09-17 04:45:13+0000,DELL,Dell Technologies Inc.,0001571996,4,2026-09-11,2026-09-09,0001193125-26-389501,https://www.sec.gov/Archives/edgar/data/1571996/000119312526389501/ownership.xml,nonDerivative,2026-09-09,S,Class C Common Stock,13,541.33,7037.290000000001,223,I,"Silver Lake Technology Investors V, L.P.",,true,false,true,,SEC EDGAR
"DELL|0001193125-26-389501|nonDerivative|2026-09-09|Silver Lake Technology Investors V, L.P.|S|Class C Common Stock|44|542.47|I",2026-09-17 04:45:13+0000,DELL,Dell Technologies Inc.,0001571996,4,2026-09-11,2026-09-09,0001193125-26-389501,https://www.sec.gov/Archives/edgar/data/1571996/000119312526389501/ownership.xml,nonDerivative,2026-09-09,S,Class C Common Stock,44,542.47,23868.68,179,I,"Silver Lake Technology Investors V, L.P.",,true,false,true,,SEC EDGAR
"DELL|0001193125-26-389501|nonDerivative|2026-09-09|Silver Lake Technology Investors V, L.P.|S|Class C Common Stock|34|543.50|I",2026-09-17 04:45:13+0000,DELL,Dell Technologies Inc.,0001571996,4,2026-09-11,2026-09-09,0001193125-26-389501,https://www.sec.gov/Archives/edgar/data/1571996/000119312526389501/ownership.xml,nonDerivative,2026-09-09,S,Class C Common Stock,34,543.50,18479.0,145,I,"Silver Lake Technology Investors V, L.P.",,true,false,true,,SEC EDGAR
"DELL|0001193125-26-389501|nonDerivative|2026-09-09|Silver Lake Technology Investors V, L.P.|S|Class C Common Stock|70|544.42|I",2026-09-17 04:45:13+0000,DELL,Dell Technologies Inc.,0001571996,4,2026-09-11,2026-09-09,0001193125-26-389501,https://www.sec.gov/Archives/edgar/data/1571996/000119312526389501/ownership.xml,nonDerivative,2026-09-09,S,Class C Common Stock,70,544.42,38109.399999999994,75,I,"Silver Lake Technology Investors V, L.P.",,true,false,true,,SEC EDGAR
"DELL|0001193125-26-389501|nonDerivative|2026-09-09|Silver Lake Technology Investors V, L.P.|S|Class C Common Stock|30|545.40|I",2026-09-17 04:45:13+0000,DELL,Dell Technologies Inc.,0001571996,4,2026-09-11,2026-09-09,0001193125-26-389501,https://www.sec.gov/Archives/edgar/data/1571996/000119312526389501/ownership.xml,nonDerivative,2026-09-09,S,Class C Common Stock,30,545.40,16362.0,45,I,"Silver Lake Technology Investors V, L.P.",,true,false,true,,SEC EDGAR
"DELL|0001193125-26-389501|nonDerivative|2026-09-09|Silver Lake Technology Investors V, L.P.|S|Class C Common Stock|22|546.53|I",2026-09-17 04:45:13+0000,DELL,Dell Technologies Inc.,0001571996,4,2026-09-11,2026-09-09,0001193125-26-389501,https://www.sec.gov/Archives/edgar/data/1571996/000119312526389501/ownership.xml,nonDerivative,2026-09-09,S,Class C Common Stock,22,546.53,12023.66,22,I,"Silver Lake Technology Investors V, L.P.",,true,false,true,,SEC EDGAR
"DELL|0001193125-26-389501|nonDerivative|2026-09-09|Silver Lake Technology Investors V, L.P.|S|Class C Common Stock|13|547.31|I",2026-09-17 04:45:13+0000,DELL,Dell Technologies Inc.,0001571996,4,2026-09-11,2026-09-09,0001193125-26-389501,https://www.sec.gov/Archives/edgar/data/1571996/000119312526389501/ownership.xml,nonDerivative,2026-09-09,S,Class C Common Stock,13,547.31,7115.029999999999,9,I,"Silver Lake Technology Investors V, L.P.",,true,false,true,,SEC EDGAR
"DELL|0001193125-26-389501|nonDerivative|2026-09-09|Silver Lake Technology Investors V, L.P.|S|Class C Common Stock|5|548.78|I",2026-09-17 04:45:13+0000,DELL,Dell Technologies Inc.,0001571996,4,2026-09-11,2026-09-09,0001193125-26-389501,https://www.sec.gov/Archives/edgar/data/1571996/000119312526389501/ownership.xml,nonDerivative,2026-09-09,S,Class C Common Stock,5,548.78,2743.8999999999996,4,I,"Silver Lake Technology Investors V, L.P.",,true,false,true,,SEC EDGAR
"DELL|0001193125-26-389501|nonDerivative|2026-09-09|Silver Lake Technology Investors V, L.P.|S|Class C Common Stock|2|549.74|I",2026-09-17 04:45:13+0000,DELL,Dell Technologies Inc.,0001571996,4,2026-09-11,2026-09-09,0001193125-26-389501,https://www.sec.gov/Archives/edgar/data/1571996/000119312526389501/ownership.xml,nonDerivative,2026-09-09,S,Class C Common Stock,2,549.74,1099.48,3,I,"Silver Lake Technology Investors V, L.P.",,true,false,true,,SEC EDGAR
"DELL|0001193125-26-389501|nonDerivative|2026-09-09|Silver Lake Technology Investors V, L.P.|S|Class C Common Stock|3|550.71|I",2026-09-17 04:45:13+0000,DELL,Dell Technologies Inc.,0001571996,4,2026-09-11,2026-09-09,0001193125-26-389501,https://www.sec.gov/Archives/edgar/data/1571996/000119312526389501/ownership.xml,nonDerivative,2026-09-09,S,Class C Common Stock,3,550.71,1652.13,0,I,"Silver Lake Technology Investors V, L.P.",,true,false,true,,SEC EDGAR
"DELL|0001193125-26-389501|derivative|2026-09-09|Silver Lake Technology Investors V, L.P.|M|Class B Common Stock|486|0|I",2026-09-17 04:45:13+0000,DELL,Dell Technologies Inc.,0001571996,4,2026-09-11,2026-09-09,0001193125-26-389501,https://www.sec.gov/Archives/edgar/data/1571996/000119312526389501/ownership.xml,derivative,2026-09-09,M,Class B Common Stock,486,0,0.0,111101,I,"Silver Lake Technology Investors V, L.P.",,true,false,true,,SEC EDGAR
"DELL|0001193125-26-389502|nonDerivative|2026-09-09|Silver Lake Technology Investors IV, L.P.|M|Class C Common Stock|1078||I",2026-09-17 04:45:13+0000,DELL,Dell Technologies Inc.,0001571996,4,2026-09-11,2026-09-09,0001193125-26-389502,https://www.sec.gov/Archives/edgar/data/1571996/000119312526389502/ownership.xml,nonDerivative,2026-09-09,M,Class C Common Stock,1078,,,1078,I,"Silver Lake Technology Investors IV, L.P.",,true,false,true,,SEC EDGAR
"DELL|0001193125-26-389502|nonDerivative|2026-09-09|Silver Lake Technology Investors IV, L.P.|S|Class C Common Stock|5|534.09|I",2026-09-17 04:45:13+0000,DELL,Dell Technologies Inc.,0001571996,4,2026-09-11,2026-09-09,0001193125-26-389502,https://www.sec.gov/Archives/edgar/data/1571996/000119312526389502/ownership.xml,nonDerivative,2026-09-09,S,Class C Common Stock,5,534.09,2670.4500000000003,1073,I,"Silver Lake Technology Investors IV, L.P.",,true,false,true,,SEC EDGAR
"DELL|0001193125-26-389502|nonDerivative|2026-09-09|Silver Lake Technology Investors IV, L.P.|S|Class C Common Stock|174|535.13|I",2026-09-17 04:45:13+0000,DELL,Dell Technologies Inc.,0001571996,4,2026-09-11,2026-09-09,0001193125-26-389502,https://www.sec.gov/Archives/edgar/data/1571996/000119312526389502/ownership.xml,nonDerivative,2026-09-09,S,Class C Common Stock,174,535.13,93112.62,899,I,"Silver Lake Technology Investors IV, L.P.",,true,false,true,,SEC EDGAR
"DELL|0001193125-26-389502|nonDerivative|2026-09-09|Silver Lake Technology Investors IV, L.P.|S|Class C Common Stock|149|535.97|I",2026-09-17 04:45:13+0000,DELL,Dell Technologies Inc.,0001571996,4,2026-09-11,2026-09-09,0001193125-26-389502,https://www.sec.gov/Archives/edgar/data/1571996/000119312526389502/ownership.xml,nonDerivative,2026-09-09,S,Class C Common Stock,149,535.97,79859.53,750,I,"Silver Lake Technology Investors IV, L.P.",,true,false,true,,SEC EDGAR
"DELL|0001193125-26-389502|nonDerivative|2026-09-09|Silver Lake Technology Investors IV, L.P.|S|Class C Common Stock|110|536.89|I",2026-09-17 04:45:13+0000,DELL,Dell Technologies Inc.,0001571996,4,2026-09-11,2026-09-09,0001193125-26-389502,https://www.sec.gov/Archives/edgar/data/1571996/000119312526389502/ownership.xml,nonDerivative,2026-09-09,S,Class C Common Stock,110,536.89,59057.9,640,I,"Silver Lake Technology Investors IV, L.P.",,true,false,true,,SEC EDGAR
"DELL|0001193125-26-389502|nonDerivative|2026-09-09|Silver Lake Technology Investors IV, L.P.|S|Class C Common Stock|48|538.03|I",2026-09-17 04:45:13+0000,DELL,Dell Technologies Inc.,0001571996,4,2026-09-11,2026-09-09,0001193125-26-389502,https://www.sec.gov/Archives/edgar/data/1571996/000119312526389502/ownership.xml,nonDerivative,2026-09-09,S,Class C Common Stock,48,538.03,25825.44,591,I,"Silver Lake Technology Investors IV, L.P.",,true,false,true,,SEC EDGAR
"DELL|0001193125-26-389502|nonDerivative|2026-09-09|Silver Lake Technology Investors IV, L.P.|S|Class C Common Stock|15|538.63|I",2026-09-17 04:45:13+0000,DELL,Dell Technologies Inc.,0001571996,4,2026-09-11,2026-09-09,0001193125-26-389502,https://www.sec.gov/Archives/edgar/data/1571996/000119312526389502/ownership.xml,nonDerivative,2026-09-09,S,Class C Common Stock,15,538.63,8079.45,576,I,"Silver Lake Technology Investors IV, L.P.",,true,false,true,,SEC EDGAR
"DELL|0001193125-26-389502|nonDerivative|2026-09-09|Silver Lake Technology Investors IV, L.P.|S|Class C Common Stock|53|540.56|I",2026-09-17 04:45:13+0000,DELL,Dell Technologies Inc.,0001571996,4,2026-09-11,2026-09-09,0001193125-26-389502,https://www.sec.gov/Archives/edgar/data/1571996/000119312526389502/ownership.xml,nonDerivative,2026-09-09,S,Class C Common Stock,53,540.56,28649.679999999997,523,I,"Silver Lake Technology Investors IV, L.P.",,true,false,true,,SEC EDGAR
"DELL|0001193125-26-389502|nonDerivative|2026-09-09|Silver Lake Technology Investors IV, L.P.|S|Class C Common Stock|28|541.33|I",2026-09-17 04:45:13+0000,DELL,Dell Technologies Inc.,0001571996,4,2026-09-11,2026-09-09,0001193125-26-389502,https://www.sec.gov/Archives/edgar/data/1571996/000119312526389502/ownership.xml,nonDerivative,2026-09-09,S,Class C Common Stock,28,541.33,15157.240000000002,494,I,"Silver Lake Technology Investors IV, L.P.",,true,false,true,,SEC EDGAR
"DELL|0001193125-26-389502|nonDerivative|2026-09-09|Silver Lake Technology Investors IV, L.P.|S|Class C Common Stock|97|542.47|I",2026-09-17 04:45:13+0000,DELL,Dell Technologies Inc.,0001571996,4,2026-09-11,2026-09-09,0001193125-26-389502,https://www.sec.gov/Archives/edgar/data/1571996/000119312526389502/ownership.xml,nonDerivative,2026-09-09,S,Class C Common Stock,97,542.47,52619.590000000004,398,I,"Silver Lake Technology Investors IV, L.P.",,true,false,true,,SEC EDGAR
"DELL|0001193125-26-389502|nonDerivative|2026-09-09|Silver Lake Technology Investors IV, L.P.|S|Class C Common Stock|75|543.50|I",2026-09-17 04:45:13+0000,DELL,Dell Technologies Inc.,0001571996,4,2026-09-11,2026-09-09,0001193125-26-389502,https://www.sec.gov/Archives/edgar/data/1571996/000119312526389502/ownership.xml,nonDerivative,2026-09-09,S,Class C Common Stock,75,543.50,40762.5,322,I,"Silver Lake Technology Investors IV, L.P.",,true,false,true,,SEC EDGAR
"DELL|0001193125-26-389502|nonDerivative|2026-09-09|Silver Lake Technology Investors IV, L.P.|S|Class C Common Stock|156|544.42|I",2026-09-17 04:45:13+0000,DELL,Dell Technologies Inc.,0001571996,4,2026-09-11,2026-09-09,0001193125-26-389502,https://www.sec.gov/Archives/edgar/data/1571996/000119312526389502/ownership.xml,nonDerivative,2026-09-09,S,Class C Common Stock,156,544.42,84929.51999999999,166,I,"Silver Lake Technology Investors IV, L.P.",,true,false,true,,SEC EDGAR
"DELL|0001193125-26-389502|nonDerivative|2026-09-09|Silver Lake Technology Investors IV, L.P.|S|Class C Common Stock|67|545.40|I",2026-09-17 04:45:13+0000,DELL,Dell Technologies Inc.,0001571996,4,2026-09-11,2026-09-09,0001193125-26-389502,https://www.sec.gov/Archives/edgar/data/1571996/000119312526389502/ownership.xml,nonDerivative,2026-09-09,S,Class C Common Stock,67,545.40,36541.799999999996,99,I,"Silver Lake Technology Investors IV, L.P.",,true,false,true,,SEC EDGAR
"DELL|0001193125-26-389502|nonDerivative|2026-09-09|Silver Lake Technology Investors IV, L.P.|S|Class C Common Stock|49|546.53|I",2026-09-17 04:45:13+0000,DELL,Dell Technologies Inc.,0001571996,4,2026-09-11,2026-09-09,0001193125-26-389502,https://www.sec.gov/Archives/edgar/data/1571996/000119312526389502/ownership.xml,nonDerivative,2026-09-09,S,Class C Common Stock,49,546.53,26779.969999999998,50,I,"Silver Lake Technology Investors IV, L.P.",,true,false,true,,SEC EDGAR
"DELL|0001193125-26-389502|nonDerivative|2026-09-09|Silver Lake Technology Investors IV, L.P.|S|Class C Common Stock|29|547.31|I",2026-09-17 04:45:13+0000,DELL,Dell Technologies Inc.,0001571996,4,2026-09-11,2026-09-09,0001193125-26-389502,https://www.sec.gov/Archives/edgar/data/1571996/000119312526389502/ownership.xml,nonDerivative,2026-09-09,S,Class C Common Stock,29,547.31,15871.989999999998,21,I,"Silver Lake Technology Investors IV, L.P.",,true,false,true,,SEC EDGAR
"DELL|0001193125-26-389502|nonDerivative|2026-09-09|Silver Lake Technology Investors IV, L.P.|S|Class C Common Stock|11|548.78|I",2026-09-17 04:45:13+0000,DELL,Dell Technologies Inc.,0001571996,4,2026-09-11,2026-09-09,0001193125-26-389502,https://www.sec.gov/Archives/edgar/data/1571996/000119312526389502/ownership.xml,nonDerivative,2026-09-09,S,Class C Common Stock,11,548.78,6036.58,9,I,"Silver Lake Technology Investors IV, L.P.",,true,false,true,,SEC EDGAR
"DELL|0001193125-26-389502|nonDerivative|2026-09-09|Silver Lake Technology Investors IV, L.P.|S|Class C Common Stock|3|549.74|I",2026-09-17 04:45:13+0000,DELL,Dell Technologies Inc.,0001571996,4,2026-09-11,2026-09-09,0001193125-26-389502,https://www.sec.gov/Archives/edgar/data/1571996/000119312526389502/ownership.xml,nonDerivative,2026-09-09,S,Class C Common Stock,3,549.74,1649.22,6,I,"Silver Lake Technology Investors IV, L.P.",,true,false,true,,SEC EDGAR
"DELL|0001193125-26-389502|nonDerivative|2026-09-09|Silver Lake Technology Investors IV, L.P.|S|Class C Common Stock|6|550.71|I",2026-09-17 04:45:13+0000,DELL,Dell Technologies Inc.,0001571996,4,2026-09-11,2026-09-09,0001193125-26-389502,https://www.sec.gov/Archives/edgar/data/1571996/000119312526389502/ownership.xml,nonDerivative,2026-09-09,S,Class C Common Stock,6,550.71,3304.26,0,I,"Silver Lake Technology Investors IV, L.P.",,true,false,true,,SEC EDGAR
"DELL|0001193125-26-389502|derivative|2026-09-09|Silver Lake Technology Investors IV, L.P.|M|Class B Common Stock|1078|0|I",2026-09-17 04:45:13+0000,DELL,Dell Technologies Inc.,0001571996,4,2026-09-11,2026-09-09,0001193125-26-389502,https://www.sec.gov/Archives/edgar/data/1571996/000119312526389502/ownership.xml,derivative,2026-09-09,M,Class B Common Stock,1078,0,0.0,246373,I,"Silver Lake Technology Investors IV, L.P.",,true,false,true,,SEC EDGAR
"DELL|0001193125-26-389503|nonDerivative|2026-09-09|Silver Lake Partners V DE (AIV), L.P.|M|Class C Common Stock|39647||I",2026-09-17 04:45:13+0000,DELL,Dell Technologies Inc.,0001571996,4,2026-09-11,2026-09-09,0001193125-26-389503,https://www.sec.gov/Archives/edgar/data/1571996/000119312526389503/ownership.xml,nonDerivative,2026-09-09,M,Class C Common Stock,39647,,,52117,I,"Silver Lake Partners V DE (AIV), L.P.",,true,false,true,,SEC EDGAR
"DELL|0001193125-26-389503|nonDerivative|2026-09-09|Silver Lake Partners V DE (AIV), L.P.|S|Class C Common Stock|130|534.09|I",2026-09-17 04:45:13+0000,DELL,Dell Technologies Inc.,0001571996,4,2026-09-11,2026-09-09,0001193125-26-389503,https://www.sec.gov/Archives/edgar/data/1571996/000119312526389503/ownership.xml,nonDerivative,2026-09-09,S,Class C Common Stock,130,534.09,69431.7,51987,I,"Silver Lake Partners V DE (AIV), L.P.",,true,false,true,,SEC EDGAR
"DELL|0001193125-26-389503|nonDerivative|2026-09-09|Silver Lake Partners V DE (AIV), L.P.|S|Class C Common Stock|4447|535.13|I",2026-09-17 04:45:13+0000,DELL,Dell Technologies Inc.,0001571996,4,2026-09-11,2026-09-09,0001193125-26-389503,https://www.sec.gov/Archives/edgar/data/1571996/000119312526389503/ownership.xml,nonDerivative,2026-09-09,S,Class C Common Stock,4447,535.13,2379723.11,47540,I,"Silver Lake Partners V DE (AIV), L.P.",,true,false,true,,SEC EDGAR
"DELL|0001193125-26-389503|nonDerivative|2026-09-09|Silver Lake Partners V DE (AIV), L.P.|S|Class C Common Stock|3827|535.97|I",2026-09-17 04:45:13+0000,DELL,Dell Technologies Inc.,0001571996,4,2026-09-11,2026-09-09,0001193125-26-389503,https://www.sec.gov/Archives/edgar/data/1571996/000119312526389503/ownership.xml,nonDerivative,2026-09-09,S,Class C Common Stock,3827,535.97,2051157.1900000002,43713,I,"Silver Lake Partners V DE (AIV), L.P.",,true,false,true,,SEC EDGAR
"DELL|0001193125-26-389503|nonDerivative|2026-09-09|Silver Lake Partners V DE (AIV), L.P.|S|Class C Common Stock|2832|536.89|I",2026-09-17 04:45:13+0000,DELL,Dell Technologies Inc.,0001571996,4,2026-09-11,2026-09-09,0001193125-26-389503,https://www.sec.gov/Archives/edgar/data/1571996/000119312526389503/ownership.xml,nonDerivative,2026-09-09,S,Class C Common Stock,2832,536.89,1520472.48,40881,I,"Silver Lake Partners V DE (AIV), L.P.",,true,false,true,,SEC EDGAR
"DELL|0001193125-26-389503|nonDerivative|2026-09-09|Silver Lake Partners V DE (AIV), L.P.|S|Class C Common Stock|1239|538.03|I",2026-09-17 04:45:13+0000,DELL,Dell Technologies Inc.,0001571996,4,2026-09-11,2026-09-09,0001193125-26-389503,https://www.sec.gov/Archives/edgar/data/1571996/000119312526389503/ownership.xml,nonDerivative,2026-09-09,S,Class C Common Stock,1239,538.03,666619.1699999999,39643,I,"Silver Lake Partners V DE (AIV), L.P.",,true,false,true,,SEC EDGAR
"DELL|0001193125-26-389503|nonDerivative|2026-09-09|Silver Lake Partners V DE (AIV), L.P.|S|Class C Common Stock|390|538.63|I",2026-09-17 04:45:13+0000,DELL,Dell Technologies Inc.,0001571996,4,2026-09-11,2026-09-09,0001193125-26-389503,https://www.sec.gov/Archives/edgar/data/1571996/000119312526389503/ownership.xml,nonDerivative,2026-09-09,S,Class C Common Stock,390,538.63,210065.7,39252,I,"Silver Lake Partners V DE (AIV), L.P.",,true,false,true,,SEC EDGAR
"DELL|0001193125-26-389503|nonDerivative|2026-09-09|Silver Lake Partners V DE (AIV), L.P.|S|Class C Common Stock|1370|540.56|I",2026-09-17 04:45:13+0000,DELL,Dell Technologies Inc.,0001571996,4,2026-09-11,2026-09-09,0001193125-26-389503,https://www.sec.gov/Archives/edgar/data/1571996/000119312526389503/ownership.xml,nonDerivative,2026-09-09,S,Class C Common Stock,1370,540.56,740567.2,37883,I,"Silver Lake Partners V DE (AIV), L.P.",,true,false,true,,SEC EDGAR
"DELL|0001193125-26-389503|nonDerivative|2026-09-09|Silver Lake Partners V DE (AIV), L.P.|S|Class C Common Stock|725|541.33|I",2026-09-17 04:45:13+0000,DELL,Dell Technologies Inc.,0001571996,4,2026-09-11,2026-09-09,0001193125-26-389503,https://www.sec.gov/Archives/edgar/data/1571996/000119312526389503/ownership.xml,nonDerivative,2026-09-09,S,Class C Common Stock,725,541.33,392464.25000000006,37158,I,"Silver Lake Partners V DE (AIV), L.P.",,true,false,true,,SEC EDGAR
"DELL|0001193125-26-389503|nonDerivative|2026-09-09|Silver Lake Partners V DE (AIV), L.P.|S|Class C Common Stock|2481|542.47|I",2026-09-17 04:45:13+0000,DELL,Dell Technologies Inc.,0001571996,4,2026-09-11,2026-09-09,0001193125-26-389503,https://www.sec.gov/Archives/edgar/data/1571996/000119312526389503/ownership.xml,nonDerivative,2026-09-09,S,Class C Common Stock,2481,542.47,1345868.07,34677,I,"Silver Lake Partners V DE (AIV), L.P.",,true,false,true,,SEC EDGAR
"DELL|0001193125-26-389503|nonDerivative|2026-09-09|Silver Lake Partners V DE (AIV), L.P.|S|Class C Common Stock|1930|543.50|I",2026-09-17 04:45:13+0000,DELL,Dell Technologies Inc.,0001571996,4,2026-09-11,2026-09-09,0001193125-26-389503,https://www.sec.gov/Archives/edgar/data/1571996/000119312526389503/ownership.xml,nonDerivative,2026-09-09,S,Class C Common Stock,1930,543.50,1048955.0,32747,I,"Silver Lake Partners V DE (AIV), L.P.",,true,false,true,,SEC EDGAR
"DELL|0001193125-26-389503|nonDerivative|2026-09-09|Silver Lake Partners V DE (AIV), L.P.|S|Class C Common Stock|3999|544.42|I",2026-09-17 04:45:13+0000,DELL,Dell Technologies Inc.,0001571996,4,2026-09-11,2026-09-09,0001193125-26-389503,https://www.sec.gov/Archives/edgar/data/1571996/000119312526389503/ownership.xml,nonDerivative,2026-09-09,S,Class C Common Stock,3999,544.42,2177135.5799999996,28748,I,"Silver Lake Partners V DE (AIV), L.P.",,true,false,true,,SEC EDGAR
"DELL|0001193125-26-389503|nonDerivative|2026-09-09|Silver Lake Partners V DE (AIV), L.P.|S|Class C Common Stock|1721|545.40|I",2026-09-17 04:45:13+0000,DELL,Dell Technologies Inc.,0001571996,4,2026-09-11,2026-09-09,0001193125-26-389503,https://www.sec.gov/Archives/edgar/data/1571996/000119312526389503/ownership.xml,nonDerivative,2026-09-09,S,Class C Common Stock,1721,545.40,938633.3999999999,27027,I,"Silver Lake Partners V DE (AIV), L.P.",,true,false,true,,SEC EDGAR
"DELL|0001193125-26-389503|nonDerivative|2026-09-09|Silver Lake Partners V DE (AIV), L.P.|S|Class C Common Stock|1263|546.53|I",2026-09-17 04:45:13+0000,DELL,Dell Technologies Inc.,0001571996,4,2026-09-11,2026-09-09,0001193125-26-389503,https://www.sec.gov/Archives/edgar/data/1571996/000119312526389503/ownership.xml,nonDerivative,2026-09-09,S,Class C Common Stock,1263,546.53,690267.39,25763,I,"Silver Lake Partners V DE (AIV), L.P.",,true,false,true,,SEC EDGAR
"DELL|0001193125-26-389503|nonDerivative|2026-09-09|Silver Lake Partners V DE (AIV), L.P.|S|Class C Common Stock|746|547.31|I",2026-09-17 04:45:13+0000,DELL,Dell Technologies Inc.,0001571996,4,2026-09-11,2026-09-09,0001193125-26-389503,https://www.sec.gov/Archives/edgar/data/1571996/000119312526389503/ownership.xml,nonDerivative,2026-09-09,S,Class C Common Stock,746,547.31,408293.25999999995,25017,I,"Silver Lake Partners V DE (AIV), L.P.",,true,false,true,,SEC EDGAR
"DELL|0001193125-26-389503|nonDerivative|2026-09-09|Silver Lake Partners V DE (AIV), L.P.|S|Class C Common Stock|292|548.78|I",2026-09-17 04:45:13+0000,DELL,Dell Technologies Inc.,0001571996,4,2026-09-11,2026-09-09,0001193125-26-389503,https://www.sec.gov/Archives/edgar/data/1571996/000119312526389503/ownership.xml,nonDerivative,2026-09-09,S,Class C Common Stock,292,548.78,160243.75999999998,24725,I,"Silver Lake Partners V DE (AIV), L.P.",,true,false,true,,SEC EDGAR
"DELL|0001193125-26-389503|nonDerivative|2026-09-09|Silver Lake Partners V DE (AIV), L.P.|S|Class C Common Stock|88|549.74|I",2026-09-17 04:45:13+0000,DELL,Dell Technologies Inc.,0001571996,4,2026-09-11,2026-09-09,0001193125-26-389503,https://www.sec.gov/Archives/edgar/data/1571996/000119312526389503/ownership.xml,nonDerivative,2026-09-09,S,Class C Common Stock,88,549.74,48377.12,24637,I,"Silver Lake Partners V DE (AIV), L.P.",,true,false,true,,SEC EDGAR
"DELL|0001193125-26-389503|nonDerivative|2026-09-09|Silver Lake Partners V DE (AIV), L.P.|S|Class C Common Stock|149|550.71|I",2026-09-17 04:45:13+0000,DELL,Dell Technologies Inc.,0001571996,4,2026-09-11,2026-09-09,0001193125-26-389503,https://www.sec.gov/Archives/edgar/data/1571996/000119312526389503/ownership.xml,nonDerivative,2026-09-09,S,Class C Common Stock,149,550.71,82055.79000000001,24488,I,"Silver Lake Partners V DE (AIV), L.P.",,true,false,true,,SEC EDGAR
"DELL|0001193125-26-389503|derivative|2026-09-09|Silver Lake Partners V DE (AIV), L.P.|M|Class B Common Stock|39647|0|I",2026-09-17 04:45:13+0000,DELL,Dell Technologies Inc.,0001571996,4,2026-09-11,2026-09-09,0001193125-26-389503,https://www.sec.gov/Archives/edgar/data/1571996/000119312526389503/ownership.xml,derivative,2026-09-09,M,Class B Common Stock,39647,0,0.0,9064039,I,"Silver Lake Partners V DE (AIV), L.P.",,true,false,true,,SEC EDGAR
"DELL|0001193125-26-389498|nonDerivative|2026-09-09|Silver Lake Partners IV, L.P.|M|Class C Common Stock|73243||I",2026-09-17 04:45:13+0000,DELL,Dell Technologies Inc.,0001571996,4,2026-09-11,2026-09-09,0001193125-26-389498,https://www.sec.gov/Archives/edgar/data/1571996/000119312526389498/ownership.xml,nonDerivative,2026-09-09,M,Class C Common Stock,73243,,,94560,I,"Silver Lake Partners IV, L.P.",,true,false,true,,SEC EDGAR
"DELL|0001193125-26-389498|nonDerivative|2026-09-09|Silver Lake Partners IV, L.P.|S|Class C Common Stock|247|534.09|I",2026-09-17 04:45:13+0000,DELL,Dell Technologies Inc.,0001571996,4,2026-09-11,2026-09-09,0001193125-26-389498,https://www.sec.gov/Archives/edgar/data/1571996/000119312526389498/ownership.xml,nonDerivative,2026-09-09,S,Class C Common Stock,247,534.09,131920.23,94313,I,"Silver Lake Partners IV, L.P.",,true,false,true,,SEC EDGAR
"DELL|0001193125-26-389498|nonDerivative|2026-09-09|Silver Lake Partners IV, L.P.|S|Class C Common Stock|8484|535.13|I",2026-09-17 04:45:13+0000,DELL,Dell Technologies Inc.,0001571996,4,2026-09-11,2026-09-09,0001193125-26-389498,https://www.sec.gov/Archives/edgar/data/1571996/000119312526389498/ownership.xml,nonDerivative,2026-09-09,S,Class C Common Stock,8484,535.13,4540042.92,85828,I,"Silver Lake Partners IV, L.P.",,true,false,true,,SEC EDGAR
"DELL|0001193125-26-389498|nonDerivative|2026-09-09|Silver Lake Partners IV, L.P.|S|Class C Common Stock|7301|535.97|I",2026-09-17 04:45:13+0000,DELL,Dell Technologies Inc.,0001571996,4,2026-09-11,2026-09-09,0001193125-26-389498,https://www.sec.gov/Archives/edgar/data/1571996/000119312526389498/ownership.xml,nonDerivative,2026-09-09,S,Class C Common Stock,7301,535.97,3913116.97,78527,I,"Silver Lake Partners IV, L.P.",,true,false,true,,SEC EDGAR
"DELL|0001193125-26-389498|nonDerivative|2026-09-09|Silver Lake Partners IV, L.P.|S|Class C Common Stock|5402|536.89|I",2026-09-17 04:45:13+0000,DELL,Dell Technologies Inc.,0001571996,4,2026-09-11,2026-09-09,0001193125-26-389498,https://www.sec.gov/Archives/edgar/data/1571996/000119312526389498/ownership.xml,nonDerivative,2026-09-09,S,Class C Common Stock,5402,536.89,2900279.78,73124,I,"Silver Lake Partners IV, L.P.",,true,false,true,,SEC EDGAR
"DELL|0001193125-26-389498|nonDerivative|2026-09-09|Silver Lake Partners IV, L.P.|S|Class C Common Stock|2363|538.03|I",2026-09-17 04:45:13+0000,DELL,Dell Technologies Inc.,0001571996,4,2026-09-11,2026-09-09,0001193125-26-389498,https://www.sec.gov/Archives/edgar/data/1571996/000119312526389498/ownership.xml,nonDerivative,2026-09-09,S,Class C Common Stock,2363,538.03,1271364.89,70761,I,"Silver Lake Partners IV, L.P.",,true,false,true,,SEC EDGAR
"DELL|0001193125-26-389498|nonDerivative|2026-09-09|Silver Lake Partners IV, L.P.|S|Class C Common Stock|744|538.63|I",2026-09-17 04:45:13+0000,DELL,Dell Technologies Inc.,0001571996,4,2026-09-11,2026-09-09,0001193125-26-389498,https://www.sec.gov/Archives/edgar/data/1571996/000119312526389498/ownership.xml,nonDerivative,2026-09-09,S,Class C Common Stock,744,538.63,400740.72,70017,I,"Silver Lake Partners IV, L.P.",,true,false,true,,SEC EDGAR
"DELL|0001193125-26-389498|nonDerivative|2026-09-09|Silver Lake Partners IV, L.P.|S|Class C Common Stock|2613|540.56|I",2026-09-17 04:45:13+0000,DELL,Dell Technologies Inc.,0001571996,4,2026-09-11,2026-09-09,0001193125-26-389498,https://www.sec.gov/Archives/edgar/data/1571996/000119312526389498/ownership.xml,nonDerivative,2026-09-09,S,Class C Common Stock,2613,540.56,1412483.2799999998,67403,I,"Silver Lake Partners IV, L.P.",,true,false,true,,SEC EDGAR
"DELL|0001193125-26-389498|nonDerivative|2026-09-09|Silver Lake Partners IV, L.P.|S|Class C Common Stock|1382|541.33|I",2026-09-17 04:45:13+0000,DELL,Dell Technologies Inc.,0001571996,4,2026-09-11,2026-09-09,0001193125-26-389498,https://www.sec.gov/Archives/edgar/data/1571996/000119312526389498/ownership.xml,nonDerivative,2026-09-09,S,Class C Common Stock,1382,541.33,748118.06,66021,I,"Silver Lake Partners IV, L.P.",,true,false,true,,SEC EDGAR
"DELL|0001193125-26-389498|nonDerivative|2026-09-09|Silver Lake Partners IV, L.P.|S|Class C Common Stock|4733|542.47|I",2026-09-17 04:45:13+0000,DELL,Dell Technologies Inc.,0001571996,4,2026-09-11,2026-09-09,0001193125-26-389498,https://www.sec.gov/Archives/edgar/data/1571996/000119312526389498/ownership.xml,nonDerivative,2026-09-09,S,Class C Common Stock,4733,542.47,2567510.5100000002,61288,I,"Silver Lake Partners IV, L.P.",,true,false,true,,SEC EDGAR
"DELL|0001193125-26-389498|nonDerivative|2026-09-09|Silver Lake Partners IV, L.P.|S|Class C Common Stock|3683|543.50|I",2026-09-17 04:45:13+0000,DELL,Dell Technologies Inc.,0001571996,4,2026-09-11,2026-09-09,0001193125-26-389498,https://www.sec.gov/Archives/edgar/data/1571996/000119312526389498/ownership.xml,nonDerivative,2026-09-09,S,Class C Common Stock,3683,543.50,2001710.5,57605,I,"Silver Lake Partners IV, L.P.",,true,false,true,,SEC EDGAR
"DELL|0001193125-26-389498|nonDerivative|2026-09-09|Silver Lake Partners IV, L.P.|S|Class C Common Stock|7630|544.42|I",2026-09-17 04:45:13+0000,DELL,Dell Technologies Inc.,0001571996,4,2026-09-11,2026-09-09,0001193125-26-389498,https://www.sec.gov/Archives/edgar/data/1571996/000119312526389498/ownership.xml,nonDerivative,2026-09-09,S,Class C Common Stock,7630,544.42,4153924.5999999996,49975,I,"Silver Lake Partners IV, L.P.",,true,false,true,,SEC EDGAR
"DELL|0001193125-26-389498|nonDerivative|2026-09-09|Silver Lake Partners IV, L.P.|S|Class C Common Stock|3283|545.40|I",2026-09-17 04:45:13+0000,DELL,Dell Technologies Inc.,0001571996,4,2026-09-11,2026-09-09,0001193125-26-389498,https://www.sec.gov/Archives/edgar/data/1571996/000119312526389498/ownership.xml,nonDerivative,2026-09-09,S,Class C Common Stock,3283,545.40,1790548.2,46692,I,"Silver Lake Partners IV, L.P.",,true,false,true,,SEC EDGAR
"DELL|0001193125-26-389498|nonDerivative|2026-09-09|Silver Lake Partners IV, L.P.|S|Class C Common Stock|2410|546.53|I",2026-09-17 04:45:13+0000,DELL,Dell Technologies Inc.,0001571996,4,2026-09-11,2026-09-09,0001193125-26-389498,https://www.sec.gov/Archives/edgar/data/1571996/000119312526389498/ownership.xml,nonDerivative,2026-09-09,S,Class C Common Stock,2410,546.53,1317137.3,44282,I,"Silver Lake Partners IV, L.P.",,true,false,true,,SEC EDGAR
"DELL|0001193125-26-389498|nonDerivative|2026-09-09|Silver Lake Partners IV, L.P.|S|Class C Common Stock|1423|547.31|I",2026-09-17 04:45:13+0000,DELL,Dell Technologies Inc.,0001571996,4,2026-09-11,2026-09-09,0001193125-26-389498,https://www.sec.gov/Archives/edgar/data/1571996/000119312526389498/ownership.xml,nonDerivative,2026-09-09,S,Class C Common Stock,1423,547.31,778822.1299999999,42859,I,"Silver Lake Partners IV, L.P.",,true,false,true,,SEC EDGAR
"DELL|0001193125-26-389498|nonDerivative|2026-09-09|Silver Lake Partners IV, L.P.|S|Class C Common Stock|558|548.78|I",2026-09-17 04:45:13+0000,DELL,Dell Technologies Inc.,0001571996,4,2026-09-11,2026-09-09,0001193125-26-389498,https://www.sec.gov/Archives/edgar/data/1571996/000119312526389498/ownership.xml,nonDerivative,2026-09-09,S,Class C Common Stock,558,548.78,306219.24,42302,I,"Silver Lake Partners IV, L.P.",,true,false,true,,SEC EDGAR
"DELL|0001193125-26-389498|nonDerivative|2026-09-09|Silver Lake Partners IV, L.P.|S|Class C Common Stock|167|549.74|I",2026-09-17 04:45:13+0000,DELL,Dell Technologies Inc.,0001571996,4,2026-09-11,2026-09-09,0001193125-26-389498,https://www.sec.gov/Archives/edgar/data/1571996/000119312526389498/ownership.xml,nonDerivative,2026-09-09,S,Class C Common Stock,167,549.74,91806.58,42134,I,"Silver Lake Partners IV, L.P.",,true,false,true,,SEC EDGAR
"DELL|0001193125-26-389498|nonDerivative|2026-09-09|Silver Lake Partners IV, L.P.|S|Class C Common Stock|285|550.71|I",2026-09-17 04:45:13+0000,DELL,Dell Technologies Inc.,0001571996,4,2026-09-11,2026-09-09,0001193125-26-389498,https://www.sec.gov/Archives/edgar/data/1571996/000119312526389498/ownership.xml,nonDerivative,2026-09-09,S,Class C Common Stock,285,550.71,156952.35,41849,I,"Silver Lake Partners IV, L.P.",,true,false,true,,SEC EDGAR
"DELL|0001193125-26-389498|nonDerivative|2026-09-09|Silver Lake Partners IV, L.P.|S|Class C Common Stock|600|533.70|D",2026-09-17 04:45:13+0000,DELL,Dell Technologies Inc.,0001571996,4,2026-09-11,2026-09-09,0001193125-26-389498,https://www.sec.gov/Archives/edgar/data/1571996/000119312526389498/ownership.xml,nonDerivative,2026-09-09,S,Class C Common Stock,600,533.70,320220.0,1398335,D,"Silver Lake Partners IV, L.P.",,true,false,true,,SEC EDGAR
"DELL|0001193125-26-389498|nonDerivative|2026-09-09|Silver Lake Partners IV, L.P.|S|Class C Common Stock|1057|534.63|D",2026-09-17 04:45:13+0000,DELL,Dell Technologies Inc.,0001571996,4,2026-09-11,2026-09-09,0001193125-26-389498,https://www.sec.gov/Archives/edgar/data/1571996/000119312526389498/ownership.xml,nonDerivative,2026-09-09,S,Class C Common Stock,1057,534.63,565103.91,1397278,D,"Silver Lake Partners IV, L.P.",,true,false,true,,SEC EDGAR
"DELL|0001193125-26-389498|nonDerivative|2026-09-09|Silver Lake Partners IV, L.P.|S|Class C Common Stock|243|535.50|D",2026-09-17 04:45:13+0000,DELL,Dell Technologies Inc.,0001571996,4,2026-09-11,2026-09-09,0001193125-26-389498,https://www.sec.gov/Archives/edgar/data/1571996/000119312526389498/ownership.xml,nonDerivative,2026-09-09,S,Class C Common Stock,243,535.50,130126.5,1397035,D,"Silver Lake Partners IV, L.P.",,true,false,true,,SEC EDGAR
"DELL|0001193125-26-389498|derivative|2026-09-09|Silver Lake Partners IV, L.P.|M|Class B Common Stock|73243|0|I",2026-09-17 04:45:13+0000,DELL,Dell Technologies Inc.,0001571996,4,2026-09-11,2026-09-09,0001193125-26-389498,https://www.sec.gov/Archives/edgar/data/1571996/000119312526389498/ownership.xml,derivative,2026-09-09,M,Class B Common Stock,73243,0,0.0,16744985,I,"Silver Lake Partners IV, L.P.",,true,false,true,,SEC EDGAR
"DELL|0001193125-26-389488|nonDerivative|2026-09-09|SL SPV-2, L.P.|M|Class C Common Stock|71348||I",2026-09-17 04:45:13+0000,DELL,Dell Technologies Inc.,0001571996,4,2026-09-11,2026-09-09,0001193125-26-389488,https://www.sec.gov/Archives/edgar/data/1571996/000119312526389488/ownership.xml,nonDerivative,2026-09-09,M,Class C Common Stock,71348,,,95482,I,"SL SPV-2, L.P.",,true,false,true,,SEC EDGAR
"DELL|0001193125-26-389488|nonDerivative|2026-09-09|SL SPV-2, L.P.|S|Class C Common Stock|226|534.09|I",2026-09-17 04:45:13+0000,DELL,Dell Technologies Inc.,0001571996,4,2026-09-11,2026-09-09,0001193125-26-389488,https://www.sec.gov/Archives/edgar/data/1571996/000119312526389488/ownership.xml,nonDerivative,2026-09-09,S,Class C Common Stock,226,534.09,120704.34000000001,95256,I,"SL SPV-2, L.P.",,true,false,true,,SEC EDGAR
"DELL|0001193125-26-389488|nonDerivative|2026-09-09|SL SPV-2, L.P.|S|Class C Common Stock|7742|535.13|I",2026-09-17 04:45:13+0000,DELL,Dell Technologies Inc.,0001571996,4,2026-09-11,2026-09-09,0001193125-26-389488,https://www.sec.gov/Archives/edgar/data/1571996/000119312526389488/ownership.xml,nonDerivative,2026-09-09,S,Class C Common Stock,7742,535.13,4142976.46,87515,I,"SL SPV-2, L.P.",,true,false,true,,SEC EDGAR
"DELL|0001193125-26-389488|nonDerivative|2026-09-09|SL SPV-2, L.P.|S|Class C Common Stock|6662|535.97|I",2026-09-17 04:45:13+0000,DELL,Dell Technologies Inc.,0001571996,4,2026-09-11,2026-09-09,0001193125-26-389488,https://www.sec.gov/Archives/edgar/data/1571996/000119312526389488/ownership.xml,nonDerivative,2026-09-09,S,Class C Common Stock,6662,535.97,3570632.14,80853,I,"SL SPV-2, L.P.",,true,false,true,,SEC EDGAR
"DELL|0001193125-26-389488|nonDerivative|2026-09-09|SL SPV-2, L.P.|S|Class C Common Stock|4929|536.89|I",2026-09-17 04:45:13+0000,DELL,Dell Technologies Inc.,0001571996,4,2026-09-11,2026-09-09,0001193125-26-389488,https://www.sec.gov/Archives/edgar/data/1571996/000119312526389488/ownership.xml,nonDerivative,2026-09-09,S,Class C Common Stock,4929,536.89,2646330.81,75923,I,"SL SPV-2, L.P.",,true,false,true,,SEC EDGAR
"DELL|0001193125-26-389488|nonDerivative|2026-09-09|SL SPV-2, L.P.|S|Class C Common Stock|2157|538.03|I",2026-09-17 04:45:13+0000,DELL,Dell Technologies Inc.,0001571996,4,2026-09-11,2026-09-09,0001193125-26-389488,https://www.sec.gov/Archives/edgar/data/1571996/000119312526389488/ownership.xml,nonDerivative,2026-09-09,S,Class C Common Stock,2157,538.03,1160530.71,73767,I,"SL SPV-2, L.P.",,true,false,true,,SEC EDGAR
"DELL|0001193125-26-389488|nonDerivative|2026-09-09|SL SPV-2, L.P.|S|Class C Common Stock|679|538.63|I",2026-09-17 04:45:13+0000,DELL,Dell Technologies Inc.,0001571996,4,2026-09-11,2026-09-09,0001193125-26-389488,https://www.sec.gov/Archives/edgar/data/1571996/000119312526389488/ownership.xml,nonDerivative,2026-09-09,S,Class C Common Stock,679,538.63,365729.77,73087,I,"SL SPV-2, L.P.",,true,false,true,,SEC EDGAR
"DELL|0001193125-26-389488|nonDerivative|2026-09-09|SL SPV-2, L.P.|S|Class C Common Stock|2384|540.56|I",2026-09-17 04:45:13+0000,DELL,Dell Technologies Inc.,0001571996,4,2026-09-11,2026-09-09,0001193125-26-389488,https://www.sec.gov/Archives/edgar/data/1571996/000119312526389488/ownership.xml,nonDerivative,2026-09-09,S,Class C Common Stock,2384,540.56,1288695.0399999998,70703,I,"SL SPV-2, L.P.",,true,false,true,,SEC EDGAR
"DELL|0001193125-26-389488|nonDerivative|2026-09-09|SL SPV-2, L.P.|S|Class C Common Stock|1261|541.33|I",2026-09-17 04:45:13+0000,DELL,Dell Technologies Inc.,0001571996,4,2026-09-11,2026-09-09,0001193125-26-389488,https://www.sec.gov/Archives/edgar/data/1571996/000119312526389488/ownership.xml,nonDerivative,2026-09-09,S,Class C Common Stock,1261,541.33,682617.13,69442,I,"SL SPV-2, L.P.",,true,false,true,,SEC EDGAR
"DELL|0001193125-26-389488|nonDerivative|2026-09-09|SL SPV-2, L.P.|S|Class C Common Stock|4319|542.47|I",2026-09-17 04:45:13+0000,DELL,Dell Technologies Inc.,0001571996,4,2026-09-11,2026-09-09,0001193125-26-389488,https://www.sec.gov/Archives/edgar/data/1571996/000119312526389488/ownership.xml,nonDerivative,2026-09-09,S,Class C Common Stock,4319,542.47,2342927.93,65123,I,"SL SPV-2, L.P.",,true,false,true,,SEC EDGAR
"DELL|0001193125-26-389488|nonDerivative|2026-09-09|SL SPV-2, L.P.|S|Class C Common Stock|3360|543.50|I",2026-09-17 04:45:13+0000,DELL,Dell Technologies Inc.,0001571996,4,2026-09-11,2026-09-09,0001193125-26-389488,https://www.sec.gov/Archives/edgar/data/1571996/000119312526389488/ownership.xml,nonDerivative,2026-09-09,S,Class C Common Stock,3360,543.50,1826160.0,61763,I,"SL SPV-2, L.P.",,true,false,true,,SEC EDGAR
"DELL|0001193125-26-389488|nonDerivative|2026-09-09|SL SPV-2, L.P.|S|Class C Common Stock|6962|544.42|I",2026-09-17 04:45:13+0000,DELL,Dell Technologies Inc.,0001571996,4,2026-09-11,2026-09-09,0001193125-26-389488,https://www.sec.gov/Archives/edgar/data/1571996/000119312526389488/ownership.xml,nonDerivative,2026-09-09,S,Class C Common Stock,6962,544.42,3790252.0399999996,54801,I,"SL SPV-2, L.P.",,true,false,true,,SEC EDGAR
"DELL|0001193125-26-389488|nonDerivative|2026-09-09|SL SPV-2, L.P.|S|Class C Common Stock|2996|545.40|I",2026-09-17 04:45:13+0000,DELL,Dell Technologies Inc.,0001571996,4,2026-09-11,2026-09-09,0001193125-26-389488,https://www.sec.gov/Archives/edgar/data/1571996/000119312526389488/ownership.xml,nonDerivative,2026-09-09,S,Class C Common Stock,2996,545.40,1634018.4,51805,I,"SL SPV-2, L.P.",,true,false,true,,SEC EDGAR
"DELL|0001193125-26-389488|nonDerivative|2026-09-09|SL SPV-2, L.P.|S|Class C Common Stock|2199|546.53|I",2026-09-17 04:45:13+0000,DELL,Dell Technologies Inc.,0001571996,4,2026-09-11,2026-09-09,0001193125-26-389488,https://www.sec.gov/Archives/edgar/data/1571996/000119312526389488/ownership.xml,nonDerivative,2026-09-09,S,Class C Common Stock,2199,546.53,1201819.47,49606,I,"SL SPV-2, L.P.",,true,false,true,,SEC EDGAR
"DELL|0001193125-26-389488|nonDerivative|2026-09-09|SL SPV-2, L.P.|S|Class C Common Stock|1299|547.31|I",2026-09-17 04:45:13+0000,DELL,Dell Technologies Inc.,0001571996,4,2026-09-11,2026-09-09,0001193125-26-389488,https://www.sec.gov/Archives/edgar/data/1571996/000119312526389488/ownership.xml,nonDerivative,2026-09-09,S,Class C Common Stock,1299,547.31,710955.69,48308,I,"SL SPV-2, L.P.",,true,false,true,,SEC EDGAR
"DELL|0001193125-26-389488|nonDerivative|2026-09-09|SL SPV-2, L.P.|S|Class C Common Stock|509|548.78|I",2026-09-17 04:45:13+0000,DELL,Dell Technologies Inc.,0001571996,4,2026-09-11,2026-09-09,0001193125-26-389488,https://www.sec.gov/Archives/edgar/data/1571996/000119312526389488/ownership.xml,nonDerivative,2026-09-09,S,Class C Common Stock,509,548.78,279329.01999999996,47799,I,"SL SPV-2, L.P.",,true,false,true,,SEC EDGAR
"DELL|0001193125-26-389488|nonDerivative|2026-09-09|SL SPV-2, L.P.|S|Class C Common Stock|153|549.74|I",2026-09-17 04:45:13+0000,DELL,Dell Technologies Inc.,0001571996,4,2026-09-11,2026-09-09,0001193125-26-389488,https://www.sec.gov/Archives/edgar/data/1571996/000119312526389488/ownership.xml,nonDerivative,2026-09-09,S,Class C Common Stock,153,549.74,84110.22,47646,I,"SL SPV-2, L.P.",,true,false,true,,SEC EDGAR
"DELL|0001193125-26-389488|nonDerivative|2026-09-09|SL SPV-2, L.P.|S|Class C Common Stock|260|550.71|I",2026-09-17 04:45:13+0000,DELL,Dell Technologies Inc.,0001571996,4,2026-09-11,2026-09-09,0001193125-26-389488,https://www.sec.gov/Archives/edgar/data/1571996/000119312526389488/ownership.xml,nonDerivative,2026-09-09,S,Class C Common Stock,260,550.71,143184.6,47386,I,"SL SPV-2, L.P.",,true,false,true,,SEC EDGAR
"DELL|0001193125-26-389488|derivative|2026-09-09|SL SPV-2, L.P.|M|Class B Common Stock|71348|0|I",2026-09-17 04:45:13+0000,DELL,Dell Technologies Inc.,0001571996,4,2026-09-11,2026-09-09,0001193125-26-389488,https://www.sec.gov/Archives/edgar/data/1571996/000119312526389488/ownership.xml,derivative,2026-09-09,M,Class B Common Stock,71348,0,0.0,16311902,I,"SL SPV-2, L.P.",,true,false,true,,SEC EDGAR
CRWD|0001778564-26-000159|nonDerivative|2026-09-09|Kurtz George|S|Class A common stock|4400|207.83|D,2026-09-17 04:45:13+0000,CRWD,"CrowdStrike Holdings, Inc.",0001535527,4,2026-09-11,2026-09-09,0001778564-26-000159,https://www.sec.gov/Archives/edgar/data/1535527/000177856426000159/form4-09112026_080901.xml,nonDerivative,2026-09-09,S,Class A common stock,4400,207.83,914452.0,7791619,D,Kurtz George,PRESIDENT AND CEO,true,true,false,PRESIDENT AND CEO,SEC EDGAR
CRWD|0001778564-26-000159|nonDerivative|2026-09-09|Kurtz George|S|Class A common stock|2000|208.86|D,2026-09-17 04:45:13+0000,CRWD,"CrowdStrike Holdings, Inc.",0001535527,4,2026-09-11,2026-09-09,0001778564-26-000159,https://www.sec.gov/Archives/edgar/data/1535527/000177856426000159/form4-09112026_080901.xml,nonDerivative,2026-09-09,S,Class A common stock,2000,208.86,417720.0,7789619,D,Kurtz George,PRESIDENT AND CEO,true,true,false,PRESIDENT AND CEO,SEC EDGAR
CRWD|0001778564-26-000159|nonDerivative|2026-09-09|Kurtz George|S|Class A common stock|1920|209.71|D,2026-09-17 04:45:13+0000,CRWD,"CrowdStrike Holdings, Inc.",0001535527,4,2026-09-11,2026-09-09,0001778564-26-000159,https://www.sec.gov/Archives/edgar/data/1535527/000177856426000159/form4-09112026_080901.xml,nonDerivative,2026-09-09,S,Class A common stock,1920,209.71,402643.2,7787699,D,Kurtz George,PRESIDENT AND CEO,true,true,false,PRESIDENT AND CEO,SEC EDGAR
CRWD|0001778564-26-000159|nonDerivative|2026-09-09|Kurtz George|S|Class A common stock|1160|210.68|D,2026-09-17 04:45:13+0000,CRWD,"CrowdStrike Holdings, Inc.",0001535527,4,2026-09-11,2026-09-09,0001778564-26-000159,https://www.sec.gov/Archives/edgar/data/1535527/000177856426000159/form4-09112026_080901.xml,nonDerivative,2026-09-09,S,Class A common stock,1160,210.68,244388.80000000002,7786539,D,Kurtz George,PRESIDENT AND CEO,true,true,false,PRESIDENT AND CEO,SEC EDGAR
CRWD|0001778564-26-000159|nonDerivative|2026-09-09|Kurtz George|S|Class A common stock|440|211.67|D,2026-09-17 04:45:13+0000,CRWD,"CrowdStrike Holdings, Inc.",0001535527,4,2026-09-11,2026-09-09,0001778564-26-000159,https://www.sec.gov/Archives/edgar/data/1535527/000177856426000159/form4-09112026_080901.xml,nonDerivative,2026-09-09,S,Class A common stock,440,211.67,93134.79999999999,7786099,D,Kurtz George,PRESIDENT AND CEO,true,true,false,PRESIDENT AND CEO,SEC EDGAR
CRWD|0001778564-26-000159|nonDerivative|2026-09-09|Kurtz George|S|Class A common stock|80|212.57|D,2026-09-17 04:45:13+0000,CRWD,"CrowdStrike Holdings, Inc.",0001535527,4,2026-09-11,2026-09-09,0001778564-26-000159,https://www.sec.gov/Archives/edgar/data/1535527/000177856426000159/form4-09112026_080901.xml,nonDerivative,2026-09-09,S,Class A common stock,80,212.57,17005.6,7786019,D,Kurtz George,PRESIDENT AND CEO,true,true,false,PRESIDENT AND CEO,SEC EDGAR
CRWD|0001778564-26-000159|nonDerivative|2026-09-10|Kurtz George|S|Class A common stock|360|205.11|D,2026-09-17 04:45:13+0000,CRWD,"CrowdStrike Holdings, Inc.",0001535527,4,2026-09-11,2026-09-09,0001778564-26-000159,https://www.sec.gov/Archives/edgar/data/1535527/000177856426000159/form4-09112026_080901.xml,nonDerivative,2026-09-10,S,Class A common stock,360,205.11,73839.6,7785659,D,Kurtz George,PRESIDENT AND CEO,true,true,false,PRESIDENT AND CEO,SEC EDGAR
CRWD|0001778564-26-000159|nonDerivative|2026-09-10|Kurtz George|S|Class A common stock|200|205.87|D,2026-09-17 04:45:13+0000,CRWD,"CrowdStrike Holdings, Inc.",0001535527,4,2026-09-11,2026-09-09,0001778564-26-000159,https://www.sec.gov/Archives/edgar/data/1535527/000177856426000159/form4-09112026_080901.xml,nonDerivative,2026-09-10,S,Class A common stock,200,205.87,41174.0,7785459,D,Kurtz George,PRESIDENT AND CEO,true,true,false,PRESIDENT AND CEO,SEC EDGAR
CRWD|0001778564-26-000159|nonDerivative|2026-09-10|Kurtz George|S|Class A common stock|200|206.87|D,2026-09-17 04:45:13+0000,CRWD,"CrowdStrike Holdings, Inc.",0001535527,4,2026-09-11,2026-09-09,0001778564-26-000159,https://www.sec.gov/Archives/edgar/data/1535527/000177856426000159/form4-09112026_080901.xml,nonDerivative,2026-09-10,S,Class A common stock,200,206.87,41374.0,7785259,D,Kurtz George,PRESIDENT AND CEO,true,true,false,PRESIDENT AND CEO,SEC EDGAR
CRWD|0001778564-26-000159|nonDerivative|2026-09-10|Kurtz George|S|Class A common stock|2800|208.61|D,2026-09-17 04:45:13+0000,CRWD,"CrowdStrike Holdings, Inc.",0001535527,4,2026-09-11,2026-09-09,0001778564-26-000159,https://www.sec.gov/Archives/edgar/data/1535527/000177856426000159/form4-09112026_080901.xml,nonDerivative,2026-09-10,S,Class A common stock,2800,208.61,584108.0,7782459,D,Kurtz George,PRESIDENT AND CEO,true,true,false,PRESIDENT AND CEO,SEC EDGAR
CRWD|0001778564-26-000159|nonDerivative|2026-09-10|Kurtz George|S|Class A common stock|1360|209.40|D,2026-09-17 04:45:13+0000,CRWD,"CrowdStrike Holdings, Inc.",0001535527,4,2026-09-11,2026-09-09,0001778564-26-000159,https://www.sec.gov/Archives/edgar/data/1535527/000177856426000159/form4-09112026_080901.xml,nonDerivative,2026-09-10,S,Class A common stock,1360,209.40,284784.0,7781099,D,Kurtz George,PRESIDENT AND CEO,true,true,false,PRESIDENT AND CEO,SEC EDGAR
CRWD|0001778564-26-000159|nonDerivative|2026-09-10|Kurtz George|S|Class A common stock|1440|210.59|D,2026-09-17 04:45:13+0000,CRWD,"CrowdStrike Holdings, Inc.",0001535527,4,2026-09-11,2026-09-09,0001778564-26-000159,https://www.sec.gov/Archives/edgar/data/1535527/000177856426000159/form4-09112026_080901.xml,nonDerivative,2026-09-10,S,Class A common stock,1440,210.59,303249.6,7779659,D,Kurtz George,PRESIDENT AND CEO,true,true,false,PRESIDENT AND CEO,SEC EDGAR
CRWD|0001778564-26-000159|nonDerivative|2026-09-10|Kurtz George|S|Class A common stock|1431|211.57|D,2026-09-17 04:45:13+0000,CRWD,"CrowdStrike Holdings, Inc.",0001535527,4,2026-09-11,2026-09-09,0001778564-26-000159,https://www.sec.gov/Archives/edgar/data/1535527/000177856426000159/form4-09112026_080901.xml,nonDerivative,2026-09-10,S,Class A common stock,1431,211.57,302756.67,7778228,D,Kurtz George,PRESIDENT AND CEO,true,true,false,PRESIDENT AND CEO,SEC EDGAR
CRWD|0001778564-26-000159|nonDerivative|2026-09-10|Kurtz George|S|Class A common stock|1169|212.49|D,2026-09-17 04:45:13+0000,CRWD,"CrowdStrike Holdings, Inc.",0001535527,4,2026-09-11,2026-09-09,0001778564-26-000159,https://www.sec.gov/Archives/edgar/data/1535527/000177856426000159/form4-09112026_080901.xml,nonDerivative,2026-09-10,S,Class A common stock,1169,212.49,248400.81,7777059,D,Kurtz George,PRESIDENT AND CEO,true,true,false,PRESIDENT AND CEO,SEC EDGAR
CRWD|0001778564-26-000159|nonDerivative|2026-09-10|Kurtz George|S|Class A common stock|920|213.43|D,2026-09-17 04:45:13+0000,CRWD,"CrowdStrike Holdings, Inc.",0001535527,4,2026-09-11,2026-09-09,0001778564-26-000159,https://www.sec.gov/Archives/edgar/data/1535527/000177856426000159/form4-09112026_080901.xml,nonDerivative,2026-09-10,S,Class A common stock,920,213.43,196355.6,7776139,D,Kurtz George,PRESIDENT AND CEO,true,true,false,PRESIDENT AND CEO,SEC EDGAR
CRWD|0001778564-26-000159|nonDerivative|2026-09-10|Kurtz George|S|Class A common stock|120|214.08|D,2026-09-17 04:45:13+0000,CRWD,"CrowdStrike Holdings, Inc.",0001535527,4,2026-09-11,2026-09-09,0001778564-26-000159,https://www.sec.gov/Archives/edgar/data/1535527/000177856426000159/form4-09112026_080901.xml,nonDerivative,2026-09-10,S,Class A common stock,120,214.08,25689.600000000002,7776019,D,Kurtz George,PRESIDENT AND CEO,true,true,false,PRESIDENT AND CEO,SEC EDGAR
CME|0001212809-26-000006|nonDerivative|2026-09-10|DUFFY TERRENCE A|S|Common Stock Class A|14372|274.41|D,2026-09-17 04:45:13+0000,CME,CME GROUP INC.,0001156375,4,2026-09-11,2026-09-10,0001212809-26-000006,https://www.sec.gov/Archives/edgar/data/1156375/000121280926000006/wk-form4_1789161450.xml,nonDerivative,2026-09-10,S,Common Stock Class A,14372,274.41,3943820.5200000005,41258,D,DUFFY TERRENCE A,"Director, Officer, Chairman and CEO",1,1,0,Chairman and CEO,SEC EDGAR
CME|0001212809-26-000006|nonDerivative|2026-09-10|DUFFY TERRENCE A|S|Common Stock Class A|628|275.03|D,2026-09-17 04:45:13+0000,CME,CME GROUP INC.,0001156375,4,2026-09-11,2026-09-10,0001212809-26-000006,https://www.sec.gov/Archives/edgar/data/1156375/000121280926000006/wk-form4_1789161450.xml,nonDerivative,2026-09-10,S,Common Stock Class A,628,275.03,172718.84,40630,D,DUFFY TERRENCE A,"Director, Officer, Chairman and CEO",1,1,0,Chairman and CEO,SEC EDGAR
APD|0001225208-26-007760|nonDerivative|2026-08-18|LEPORE MATTHEW|F|Common Stock|418.0000|303.6200|D,2026-09-17 04:45:13+0000,APD,"Air Products & Chemicals, Inc.",0000002969,4,2026-09-11,2026-08-18,0001225208-26-007760,https://www.sec.gov/Archives/edgar/data/2969/000122520826007760/doc4.xml,nonDerivative,2026-08-18,F,Common Stock,418.0000,303.6200,126913.16,5160.0000,D,LEPORE MATTHEW,"Officer, EVP & General Counsel",,1,,EVP & General Counsel,SEC EDGAR
"AFL|0001104659-26-107065|nonDerivative|2026-09-09|Japan Post Holdings Co., Ltd.|S|Common Stock|13600|114.82|I",2026-09-17 04:45:13+0000,AFL,AFLAC INC,0000004977,4,2026-09-11,2026-09-09,0001104659-26-107065,https://www.sec.gov/Archives/edgar/data/4977/000110465926107065/tm2624595-6_4seq1.xml,nonDerivative,2026-09-09,S,Common Stock,13600,114.82,1561552.0,50625490,I,"Japan Post Holdings Co., Ltd.",10% Owner,0,0,1,,SEC EDGAR
ADM|0001225208-26-007765|derivative|2026-09-09|de Brabander Ellen|A|Stock Units|66.6800|0.0000|D,2026-09-17 04:45:13+0000,ADM,Archer-Daniels-Midland Co,0000007084,4,2026-09-11,2026-09-09,0001225208-26-007765,https://www.sec.gov/Archives/edgar/data/7084/000122520826007765/doc4.xml,derivative,2026-09-09,A,Stock Units,66.6800,0.0000,0.0,11082.8110,D,de Brabander Ellen,Director,1,,,,SEC EDGAR
ADM|0001225208-26-007772|derivative|2026-09-09|WESTBROOK KELVIN R|A|Stock Units|214.5200|0.0000|D,2026-09-17 04:45:13+0000,ADM,Archer-Daniels-Midland Co,0000007084,4,2026-09-11,2026-09-09,0001225208-26-007772,https://www.sec.gov/Archives/edgar/data/7084/000122520826007772/doc4.xml,derivative,2026-09-09,A,Stock Units,214.5200,0.0000,0.0,35656.3380,D,WESTBROOK KELVIN R,Director,1,,,,SEC EDGAR
ADM|0001225208-26-007771|derivative|2026-09-09|Schlitz Lei Zhang|A|Stock Units|109.5100|0.0000|D,2026-09-17 04:45:13+0000,ADM,Archer-Daniels-Midland Co,0000007084,4,2026-09-11,2026-09-09,0001225208-26-007771,https://www.sec.gov/Archives/edgar/data/7084/000122520826007771/doc4.xml,derivative,2026-09-09,A,Stock Units,109.5100,0.0000,0.0,18201.3830,D,Schlitz Lei Zhang,Director,1,,,,SEC EDGAR
ADM|0001225208-26-007770|derivative|2026-09-09|Sandler Debra A.|A|Stock Units|183.7500|0.0000|D,2026-09-17 04:45:13+0000,ADM,Archer-Daniels-Midland Co,0000007084,4,2026-09-11,2026-09-09,0001225208-26-007770,https://www.sec.gov/Archives/edgar/data/7084/000122520826007770/doc4.xml,derivative,2026-09-09,A,Stock Units,183.7500,0.0000,0.0,30540.5790,D,Sandler Debra A.,Director,1,,,,SEC EDGAR
ADM|0001225208-26-007768|derivative|2026-09-09|McMurray Michael C.|A|Stock Units|5.4300|0.0000|D,2026-09-17 04:45:13+0000,ADM,Archer-Daniels-Midland Co,0000007084,4,2026-09-11,2026-09-09,0001225208-26-007768,https://www.sec.gov/Archives/edgar/data/7084/000122520826007768/doc4.xml,derivative,2026-09-09,A,Stock Units,5.4300,0.0000,0.0,902.7800,D,McMurray Michael C.,Director,1,,,,SEC EDGAR
ADM|0001225208-26-007767|derivative|2026-09-09|McAtee David R II|A|Stock Units|36.4900|0.0000|D,2026-09-17 04:45:13+0000,ADM,Archer-Daniels-Midland Co,0000007084,4,2026-09-11,2026-09-09,0001225208-26-007767,https://www.sec.gov/Archives/edgar/data/7084/000122520826007767/doc4.xml,derivative,2026-09-09,A,Stock Units,36.4900,0.0000,0.0,6064.4750,D,McAtee David R II,Director,1,,,,SEC EDGAR
ADM|0001225208-26-007769|derivative|2026-09-09|MOORE PATRICK J|A|Stock Units|615.9300|0.0000|D,2026-09-17 04:45:13+0000,ADM,Archer-Daniels-Midland Co,0000007084,4,2026-09-11,2026-09-09,0001225208-26-007769,https://www.sec.gov/Archives/edgar/data/7084/000122520826007769/doc4.xml,derivative,2026-09-09,A,Stock Units,615.9300,0.0000,0.0,102374.8410,D,MOORE PATRICK J,Director,1,,,,SEC EDGAR
ADM|0001225208-26-007766|derivative|2026-09-09|Harrison Suzan F.|A|Stock Units|120.3700|0.0000|D,2026-09-17 04:45:13+0000,ADM,Archer-Daniels-Midland Co,0000007084,4,2026-09-11,2026-09-09,0001225208-26-007766,https://www.sec.gov/Archives/edgar/data/7084/000122520826007766/doc4.xml,derivative,2026-09-09,A,Stock Units,120.3700,0.0000,0.0,20006.0280,D,Harrison Suzan F.,Director,1,,,,SEC EDGAR
ADM|0001225208-26-007763|derivative|2026-09-09|Collins James C. Jr.|A|Stock Units|79.1500|0.0000|D,2026-09-17 04:45:13+0000,ADM,Archer-Daniels-Midland Co,0000007084,4,2026-09-11,2026-09-09,0001225208-26-007763,https://www.sec.gov/Archives/edgar/data/7084/000122520826007763/doc4.xml,derivative,2026-09-09,A,Stock Units,79.1500,0.0000,0.0,13154.9870,D,Collins James C. Jr.,Director,1,,,,SEC EDGAR
ADM|0001225208-26-007764|derivative|2026-09-09|CREWS TERRELL K|A|Stock Units|412.2700|0.0000|D,2026-09-17 04:45:13+0000,ADM,Archer-Daniels-Midland Co,0000007084,4,2026-09-11,2026-09-09,0001225208-26-007764,https://www.sec.gov/Archives/edgar/data/7084/000122520826007764/doc4.xml,derivative,2026-09-09,A,Stock Units,412.2700,0.0000,0.0,68523.5360,D,CREWS TERRELL K,Director,1,,,,SEC EDGAR
ADM|0001225208-26-007762|derivative|2026-09-09|COLBERT THEODORE III|A|Stock Units|111.0600|0.0000|D,2026-09-17 04:45:13+0000,ADM,Archer-Daniels-Midland Co,0000007084,4,2026-09-11,2026-09-09,0001225208-26-007762,https://www.sec.gov/Archives/edgar/data/7084/000122520826007762/doc4.xml,derivative,2026-09-09,A,Stock Units,111.0600,0.0000,0.0,18459.4970,D,COLBERT THEODORE III,Director,1,,,,SEC EDGAR
ADM|0001225208-26-007761|derivative|2026-09-09|Burke Michael S|A|Stock Units|121.2000|0.0000|D,2026-09-17 04:45:13+0000,ADM,Archer-Daniels-Midland Co,0000007084,4,2026-09-11,2026-09-09,0001225208-26-007761,https://www.sec.gov/Archives/edgar/data/7084/000122520826007761/doc4.xml,derivative,2026-09-09,A,Stock Units,121.2000,0.0000,0.0,20144.2120,D,Burke Michael S,Director,1,,,,SEC EDGAR
XYZ|0001628280-26-061433|nonDerivative|2026-09-08|Eisen Anthony Mathew|S|Class A  Common Stock|6000|82.18|D,2026-09-17 04:45:13+0000,XYZ,"Block, Inc.",0001512673,4,2026-09-10,2026-09-08,0001628280-26-061433,https://www.sec.gov/Archives/edgar/data/1512673/000162828026061433/wk-form4_1789077758.xml,nonDerivative,2026-09-08,S,Class A  Common Stock,6000,82.18,493080.00000000006,1428672,D,Eisen Anthony Mathew,Director,1,0,0,,SEC EDGAR
XYZ|0001628280-26-061433|nonDerivative|2026-09-09|Eisen Anthony Mathew|S|Class A  Common Stock|6000|79.27|D,2026-09-17 04:45:13+0000,XYZ,"Block, Inc.",0001512673,4,2026-09-10,2026-09-08,0001628280-26-061433,https://www.sec.gov/Archives/edgar/data/1512673/000162828026061433/wk-form4_1789077758.xml,nonDerivative,2026-09-09,S,Class A  Common Stock,6000,79.27,475620.0,1422672,D,Eisen Anthony Mathew,Director,1,0,0,,SEC EDGAR
XYZ|0001628280-26-061433|nonDerivative|2026-09-10|Eisen Anthony Mathew|S|Class A  Common Stock|6000|78.39|D,2026-09-17 04:45:13+0000,XYZ,"Block, Inc.",0001512673,4,2026-09-10,2026-09-08,0001628280-26-061433,https://www.sec.gov/Archives/edgar/data/1512673/000162828026061433/wk-form4_1789077758.xml,nonDerivative,2026-09-10,S,Class A  Common Stock,6000,78.39,470340.0,1416672,D,Eisen Anthony Mathew,Director,1,0,0,,SEC EDGAR
WST|0001518973-26-000007|derivative|2026-09-08|Lagarde Michel|A|Stock Option (Right to Buy)|13879|0|D,2026-09-17 04:45:13+0000,WST,WEST PHARMACEUTICAL SERVICES INC,0000105770,4,2026-09-10,2026-09-08,0001518973-26-000007,https://www.sec.gov/Archives/edgar/data/105770/000151897326000007/wk-form4_1789069215.xml,derivative,2026-09-08,A,Stock Option (Right to Buy),13879,0,0.0,13879,D,Lagarde Michel,"Director, Officer, President and CEO",1,1,0,President and CEO,SEC EDGAR
WST|0001518973-26-000007|derivative|2026-09-08|Lagarde Michel|A|Stock Option (Right to Buy)|11081|0|D,2026-09-17 04:45:13+0000,WST,WEST PHARMACEUTICAL SERVICES INC,0000105770,4,2026-09-10,2026-09-08,0001518973-26-000007,https://www.sec.gov/Archives/edgar/data/105770/000151897326000007/wk-form4_1789069215.xml,derivative,2026-09-08,A,Stock Option (Right to Buy),11081,0,0.0,11081,D,Lagarde Michel,"Director, Officer, President and CEO",1,1,0,President and CEO,SEC EDGAR
WST|0001518973-26-000007|derivative|2026-09-08|Lagarde Michel|A|Stock Option (Right to Buy)|12088|0|D,2026-09-17 04:45:13+0000,WST,WEST PHARMACEUTICAL SERVICES INC,0000105770,4,2026-09-10,2026-09-08,0001518973-26-000007,https://www.sec.gov/Archives/edgar/data/105770/000151897326000007/wk-form4_1789069215.xml,derivative,2026-09-08,A,Stock Option (Right to Buy),12088,0,0.0,12088,D,Lagarde Michel,"Director, Officer, President and CEO",1,1,0,President and CEO,SEC EDGAR
WST|0001518973-26-000007|derivative|2026-09-08|Lagarde Michel|A|Rst. Stock Unit|6200|0|D,2026-09-17 04:45:13+0000,WST,WEST PHARMACEUTICAL SERVICES INC,0000105770,4,2026-09-10,2026-09-08,0001518973-26-000007,https://www.sec.gov/Archives/edgar/data/105770/000151897326000007/wk-form4_1789069215.xml,derivative,2026-09-08,A,Rst. Stock Unit,6200,0,0.0,6200,D,Lagarde Michel,"Director, Officer, President and CEO",1,1,0,President and CEO,SEC EDGAR
WST|0001518973-26-000007|derivative|2026-09-08|Lagarde Michel|A|Rst. Stock Unit|4950|0|D,2026-09-17 04:45:13+0000,WST,WEST PHARMACEUTICAL SERVICES INC,0000105770,4,2026-09-10,2026-09-08,0001518973-26-000007,https://www.sec.gov/Archives/edgar/data/105770/000151897326000007/wk-form4_1789069215.xml,derivative,2026-09-08,A,Rst. Stock Unit,4950,0,0.0,4950,D,Lagarde Michel,"Director, Officer, President and CEO",1,1,0,President and CEO,SEC EDGAR
WST|0001518973-26-000007|derivative|2026-09-08|Lagarde Michel|A|Rst. Stock Unit|3600|0|D,2026-09-17 04:45:13+0000,WST,WEST PHARMACEUTICAL SERVICES INC,0000105770,4,2026-09-10,2026-09-08,0001518973-26-000007,https://www.sec.gov/Archives/edgar/data/105770/000151897326000007/wk-form4_1789069215.xml,derivative,2026-09-08,A,Rst. Stock Unit,3600,0,0.0,3600,D,Lagarde Michel,"Director, Officer, President and CEO",1,1,0,President and CEO,SEC EDGAR
WST|0000105770-26-000108|nonDerivative|2026-09-08|Favorite Annette F|M|Common Stock|2817|83.47|D,2026-09-17 04:45:13+0000,WST,WEST PHARMACEUTICAL SERVICES INC,0000105770,4,2026-09-10,2026-09-08,0000105770-26-000108,https://www.sec.gov/Archives/edgar/data/105770/000010577026000108/wk-form4_1789076210.xml,nonDerivative,2026-09-08,M,Common Stock,2817,83.47,235134.99,19661.5548,D,Favorite Annette F,"Officer, Sr. VP & Chief HR Officer",0,1,0,Sr. VP & Chief HR Officer,SEC EDGAR
WST|0000105770-26-000108|nonDerivative|2026-09-08|Favorite Annette F|S|Common Stock|2817|340.81|D,2026-09-17 04:45:13+0000,WST,WEST PHARMACEUTICAL SERVICES INC,0000105770,4,2026-09-10,2026-09-08,0000105770-26-000108,https://www.sec.gov/Archives/edgar/data/105770/000010577026000108/wk-form4_1789076210.xml,nonDerivative,2026-09-08,S,Common Stock,2817,340.81,960061.77,16844.5548,D,Favorite Annette F,"Officer, Sr. VP & Chief HR Officer",0,1,0,Sr. VP & Chief HR Officer,SEC EDGAR
WST|0000105770-26-000108|nonDerivative|2026-09-08|Favorite Annette F|M|Common Stock|2818|83.47|D,2026-09-17 04:45:13+0000,WST,WEST PHARMACEUTICAL SERVICES INC,0000105770,4,2026-09-10,2026-09-08,0000105770-26-000108,https://www.sec.gov/Archives/edgar/data/105770/000010577026000108/wk-form4_1789076210.xml,nonDerivative,2026-09-08,M,Common Stock,2818,83.47,235218.46,19662.5548,D,Favorite Annette F,"Officer, Sr. VP & Chief HR Officer",0,1,0,Sr. VP & Chief HR Officer,SEC EDGAR
WST|0000105770-26-000108|nonDerivative|2026-09-08|Favorite Annette F|S|Common Stock|2818|340.81|D,2026-09-17 04:45:13+0000,WST,WEST PHARMACEUTICAL SERVICES INC,0000105770,4,2026-09-10,2026-09-08,0000105770-26-000108,https://www.sec.gov/Archives/edgar/data/105770/000010577026000108/wk-form4_1789076210.xml,nonDerivative,2026-09-08,S,Common Stock,2818,340.81,960402.58,16844.5548,D,Favorite Annette F,"Officer, Sr. VP & Chief HR Officer",0,1,0,Sr. VP & Chief HR Officer,SEC EDGAR
WST|0000105770-26-000108|nonDerivative|2026-09-08|Favorite Annette F|M|Common Stock|2500|89.64|D,2026-09-17 04:45:13+0000,WST,WEST PHARMACEUTICAL SERVICES INC,0000105770,4,2026-09-10,2026-09-08,0000105770-26-000108,https://www.sec.gov/Archives/edgar/data/105770/000010577026000108/wk-form4_1789076210.xml,nonDerivative,2026-09-08,M,Common Stock,2500,89.64,224100.0,19344.5548,D,Favorite Annette F,"Officer, Sr. VP & Chief HR Officer",0,1,0,Sr. VP & Chief HR Officer,SEC EDGAR
WST|0000105770-26-000108|nonDerivative|2026-09-08|Favorite Annette F|S|Common Stock|2500|340.81|D,2026-09-17 04:45:13+0000,WST,WEST PHARMACEUTICAL SERVICES INC,0000105770,4,2026-09-10,2026-09-08,0000105770-26-000108,https://www.sec.gov/Archives/edgar/data/105770/000010577026000108/wk-form4_1789076210.xml,nonDerivative,2026-09-08,S,Common Stock,2500,340.81,852025.0,16844.5548,D,Favorite Annette F,"Officer, Sr. VP & Chief HR Officer",0,1,0,Sr. VP & Chief HR Officer,SEC EDGAR
WST|0000105770-26-000108|derivative|2026-09-08|Favorite Annette F|M|Stock Options (Right to Buy)|2817|0|D,2026-09-17 04:45:13+0000,WST,WEST PHARMACEUTICAL SERVICES INC,0000105770,4,2026-09-10,2026-09-08,0000105770-26-000108,https://www.sec.gov/Archives/edgar/data/105770/000010577026000108/wk-form4_1789076210.xml,derivative,2026-09-08,M,Stock Options (Right to Buy),2817,0,0.0,2818,D,Favorite Annette F,"Officer, Sr. VP & Chief HR Officer",0,1,0,Sr. VP & Chief HR Officer,SEC EDGAR
WST|0000105770-26-000108|derivative|2026-09-08|Favorite Annette F|M|Stock Options (Right to Buy)|2818|0|D,2026-09-17 04:45:13+0000,WST,WEST PHARMACEUTICAL SERVICES INC,0000105770,4,2026-09-10,2026-09-08,0000105770-26-000108,https://www.sec.gov/Archives/edgar/data/105770/000010577026000108/wk-form4_1789076210.xml,derivative,2026-09-08,M,Stock Options (Right to Buy),2818,0,0.0,0,D,Favorite Annette F,"Officer, Sr. VP & Chief HR Officer",0,1,0,Sr. VP & Chief HR Officer,SEC EDGAR
WST|0000105770-26-000108|derivative|2026-09-08|Favorite Annette F|M|Stock Option (Right to Buy)|2500|0|D,2026-09-17 04:45:13+0000,WST,WEST PHARMACEUTICAL SERVICES INC,0000105770,4,2026-09-10,2026-09-08,0000105770-26-000108,https://www.sec.gov/Archives/edgar/data/105770/000010577026000108/wk-form4_1789076210.xml,derivative,2026-09-08,M,Stock Option (Right to Buy),2500,0,0.0,7524,D,Favorite Annette F,"Officer, Sr. VP & Chief HR Officer",0,1,0,Sr. VP & Chief HR Officer,SEC EDGAR
WBD|0002060469-26-000004|nonDerivative|2026-09-09|Girdwood Amy|S|Series A Common Stock|262285|27.98|D,2026-09-17 04:45:13+0000,WBD,"Warner Bros. Discovery, Inc.",0001437107,4,2026-09-10,2026-09-09,0002060469-26-000004,https://www.sec.gov/Archives/edgar/data/1437107/000206046926000004/wk-form4_1789073883.xml,nonDerivative,2026-09-09,S,Series A Common Stock,262285,27.98,7338734.3,539374,D,Girdwood Amy,"Officer, Chief People & Culture Officer",0,1,0,Chief People & Culture Officer,SEC EDGAR
VST|0001940494-26-000006|nonDerivative|2026-09-08|Moldovan Kristopher E.|S|Common Stock|20000|151.03|I,2026-09-17 04:45:13+0000,VST,Vistra Corp.,0001692819,4,2026-09-10,2026-09-08,0001940494-26-000006,https://www.sec.gov/Archives/edgar/data/1692819/000194049426000006/wk-form4_1789072625.xml,nonDerivative,2026-09-08,S,Common Stock,20000,151.03,3020600.0,199044,I,Moldovan Kristopher E.,"Officer, EVP and CFO",0,1,0,EVP and CFO,SEC EDGAR
VST|0001728553-26-000006|nonDerivative|2026-09-08|HUDSON SCOTT A|S|Common Stock|7777|150.97|D,2026-09-17 04:45:13+0000,VST,Vistra Corp.,0001692819,4,2026-09-10,2026-09-08,0001728553-26-000006,https://www.sec.gov/Archives/edgar/data/1692819/000172855326000006/wk-form4_1789072599.xml,nonDerivative,2026-09-08,S,Common Stock,7777,150.97,1174093.69,367804,D,HUDSON SCOTT A,"Officer, EVP & President Vistra Retail",0,1,0,EVP & President Vistra Retail,SEC EDGAR
VST|0001728553-26-000006|nonDerivative|2026-09-08|HUDSON SCOTT A|S|Common Stock|28826|151.85|D,2026-09-17 04:45:13+0000,VST,Vistra Corp.,0001692819,4,2026-09-10,2026-09-08,0001728553-26-000006,https://www.sec.gov/Archives/edgar/data/1692819/000172855326000006/wk-form4_1789072599.xml,nonDerivative,2026-09-08,S,Common Stock,28826,151.85,4377228.1,338978,D,HUDSON SCOTT A,"Officer, EVP & President Vistra Retail",0,1,0,EVP & President Vistra Retail,SEC EDGAR
VST|0001728553-26-000006|nonDerivative|2026-09-08|HUDSON SCOTT A|S|Common Stock|7841|152.56|D,2026-09-17 04:45:13+0000,VST,Vistra Corp.,0001692819,4,2026-09-10,2026-09-08,0001728553-26-000006,https://www.sec.gov/Archives/edgar/data/1692819/000172855326000006/wk-form4_1789072599.xml,nonDerivative,2026-09-08,S,Common Stock,7841,152.56,1196222.96,331137,D,HUDSON SCOTT A,"Officer, EVP & President Vistra Retail",0,1,0,EVP & President Vistra Retail,SEC EDGAR
VRTX|0000875320-26-000272|nonDerivative|2026-09-08|van Grunsven Jasper|A|Common Stock|8682|0|D,2026-09-17 04:45:13+0000,VRTX,VERTEX PHARMACEUTICALS INC / MA,0000875320,4,2026-09-10,2026-09-08,0000875320-26-000272,https://www.sec.gov/Archives/edgar/data/875320/000087532026000272/wk-form4_1789072310.xml,nonDerivative,2026-09-08,A,Common Stock,8682,0,0.0,8682,D,van Grunsven Jasper,"Officer, EVP,   CP and NPPO",0,1,0,"EVP,   CP and NPPO",SEC EDGAR
V|0001403161-26-000118|nonDerivative|2026-09-09|ROTTENBERG JULIE B|M|Class A Common Stock|1867|134.76|D,2026-09-17 04:45:13+0000,V,VISA INC.,0001403161,4,2026-09-10,2026-09-09,0001403161-26-000118,https://www.sec.gov/Archives/edgar/data/1403161/000140316126000118/form4.xml,nonDerivative,2026-09-09,M,Class A Common Stock,1867,134.76,251596.91999999998,20271,D,ROTTENBERG JULIE B,"Officer, GENERAL COUNSEL",,1,,GENERAL COUNSEL,SEC EDGAR
V|0001403161-26-000118|nonDerivative|2026-09-09|ROTTENBERG JULIE B|S|Class A Common Stock|1867|368.34|D,2026-09-17 04:45:13+0000,V,VISA INC.,0001403161,4,2026-09-10,2026-09-09,0001403161-26-000118,https://www.sec.gov/Archives/edgar/data/1403161/000140316126000118/form4.xml,nonDerivative,2026-09-09,S,Class A Common Stock,1867,368.34,687690.7799999999,18404,D,ROTTENBERG JULIE B,"Officer, GENERAL COUNSEL",,1,,GENERAL COUNSEL,SEC EDGAR
V|0001403161-26-000118|derivative|2026-09-09|ROTTENBERG JULIE B|M|Employee Stock Option (Right to Buy)|1867|0|D,2026-09-17 04:45:13+0000,V,VISA INC.,0001403161,4,2026-09-10,2026-09-09,0001403161-26-000118,https://www.sec.gov/Archives/edgar/data/1403161/000140316126000118/form4.xml,derivative,2026-09-09,M,Employee Stock Option (Right to Buy),1867,0,0.0,3734,D,ROTTENBERG JULIE B,"Officer, GENERAL COUNSEL",,1,,GENERAL COUNSEL,SEC EDGAR
UBER|0001184237-26-000008|nonDerivative|2026-09-10|KHOSROWSHAHI DARA|P|Common Stock|141000.00|70.9642|D,2026-09-17 04:45:13+0000,UBER,"Uber Technologies, Inc",0001543151,4,2026-09-10,2026-09-10,0001184237-26-000008,https://www.sec.gov/Archives/edgar/data/1543151/000118423726000008/primarydocument.xml,nonDerivative,2026-09-10,P,Common Stock,141000.00,70.9642,10005952.200000001,1367100.00,D,KHOSROWSHAHI DARA,Chief Executive Officer,true,true,false,Chief Executive Officer,SEC EDGAR
TPR|0001225208-26-007731|nonDerivative|2026-09-09|Kulikowsky Denise|M|Common Stock|6910.0000|40.5800|D,2026-09-17 04:45:13+0000,TPR,"TAPESTRY, INC.",0001116132,4,2026-09-10,2026-09-09,0001225208-26-007731,https://www.sec.gov/Archives/edgar/data/1116132/000122520826007731/doc4.xml,nonDerivative,2026-09-09,M,Common Stock,6910.0000,40.5800,280407.8,26946.0000,D,Kulikowsky Denise,"Officer, Chief People Officer",,1,,Chief People Officer,SEC EDGAR
TPR|0001225208-26-007731|nonDerivative|2026-09-09|Kulikowsky Denise|S|Common Stock|2191.0000|115.4000|D,2026-09-17 04:45:13+0000,TPR,"TAPESTRY, INC.",0001116132,4,2026-09-10,2026-09-09,0001225208-26-007731,https://www.sec.gov/Archives/edgar/data/1116132/000122520826007731/doc4.xml,nonDerivative,2026-09-09,S,Common Stock,2191.0000,115.4000,252841.40000000002,24755.0000,D,Kulikowsky Denise,"Officer, Chief People Officer",,1,,Chief People Officer,SEC EDGAR
TPR|0001225208-26-007731|nonDerivative|2026-09-09|Kulikowsky Denise|S|Common Stock|3619.0000|115.3600|D,2026-09-17 04:45:13+0000,TPR,"TAPESTRY, INC.",0001116132,4,2026-09-10,2026-09-09,0001225208-26-007731,https://www.sec.gov/Archives/edgar/data/1116132/000122520826007731/doc4.xml,nonDerivative,2026-09-09,S,Common Stock,3619.0000,115.3600,417487.84,21136.0000,D,Kulikowsky Denise,"Officer, Chief People Officer",,1,,Chief People Officer,SEC EDGAR
TPR|0001225208-26-007731|nonDerivative|2026-09-09|Kulikowsky Denise|F|Common Stock|4719.0000|115.4000|D,2026-09-17 04:45:13+0000,TPR,"TAPESTRY, INC.",0001116132,4,2026-09-10,2026-09-09,0001225208-26-007731,https://www.sec.gov/Archives/edgar/data/1116132/000122520826007731/doc4.xml,nonDerivative,2026-09-09,F,Common Stock,4719.0000,115.4000,544572.6,16417.0000,D,Kulikowsky Denise,"Officer, Chief People Officer",,1,,Chief People Officer,SEC EDGAR
TPR|0001225208-26-007731|derivative|2026-09-09|Kulikowsky Denise|M|Stock Option|6910.0000|0.0000|D,2026-09-17 04:45:13+0000,TPR,"TAPESTRY, INC.",0001116132,4,2026-09-10,2026-09-09,0001225208-26-007731,https://www.sec.gov/Archives/edgar/data/1116132/000122520826007731/doc4.xml,derivative,2026-09-09,M,Stock Option,6910.0000,0.0000,0.0,13820.0000,D,Kulikowsky Denise,"Officer, Chief People Officer",,1,,Chief People Officer,SEC EDGAR
TPL|0001437749-26-030032|nonDerivative|2026-09-09|HORIZON KINETICS ASSET MANAGEMENT LLC|P|Common Stock|1|378.57|D,2026-09-17 04:45:13+0000,TPL,Texas Pacific Land Corp,0001811074,4,2026-09-10,2026-09-09,0001437749-26-030032,https://www.sec.gov/Archives/edgar/data/1811074/000143774926030032/rdgdoc.xml,nonDerivative,2026-09-09,P,Common Stock,1,378.57,378.57,3390843,D,HORIZON KINETICS ASSET MANAGEMENT LLC,10% Owner,,,1,,SEC EDGAR
SBUX|0000829224-26-000137|nonDerivative|2026-09-09|Niccol Brian R|F|Common Stock|56267|100.04|D,2026-09-17 04:45:13+0000,SBUX,STARBUCKS CORP,0000829224,4,2026-09-10,2026-09-09,0000829224-26-000137,https://www.sec.gov/Archives/edgar/data/829224/000082922426000137/form4.xml,nonDerivative,2026-09-09,F,Common Stock,56267,100.04,5628950.680000001,428696.951,D,Niccol Brian R,"Director, Officer, chairman and ceo",1,1,,chairman and ceo,SEC EDGAR
"RSG|0001104659-26-106713|nonDerivative|2026-09-08|CASCADE INVESTMENT, L.L.C.|P|Common stock|141819|220.7666|D",2026-09-17 04:45:13+0000,RSG,"REPUBLIC SERVICES, INC.",0001060391,4,2026-09-10,2026-09-08,0001104659-26-106713,https://www.sec.gov/Archives/edgar/data/1060391/000110465926106713/tm2625157-1_4seq1.xml,nonDerivative,2026-09-08,P,Common stock,141819,220.7666,31308898.445400003,115898649,D,"CASCADE INVESTMENT, L.L.C.",10% Owner,0,0,1,,SEC EDGAR
"RSG|0001104659-26-106713|nonDerivative|2026-09-08|CASCADE INVESTMENT, L.L.C.|P|Common stock|249866|221.8189|D",2026-09-17 04:45:13+0000,RSG,"REPUBLIC SERVICES, INC.",0001060391,4,2026-09-10,2026-09-08,0001104659-26-106713,https://www.sec.gov/Archives/edgar/data/1060391/000110465926106713/tm2625157-1_4seq1.xml,nonDerivative,2026-09-08,P,Common stock,249866,221.8189,55425001.267400004,116148515,D,"CASCADE INVESTMENT, L.L.C.",10% Owner,0,0,1,,SEC EDGAR
"RSG|0001104659-26-106713|nonDerivative|2026-09-08|CASCADE INVESTMENT, L.L.C.|P|Common stock|17815|222.5564|D",2026-09-17 04:45:13+0000,RSG,"REPUBLIC SERVICES, INC.",0001060391,4,2026-09-10,2026-09-08,0001104659-26-106713,https://www.sec.gov/Archives/edgar/data/1060391/000110465926106713/tm2625157-1_4seq1.xml,nonDerivative,2026-09-08,P,Common stock,17815,222.5564,3964842.266,116166330,D,"CASCADE INVESTMENT, L.L.C.",10% Owner,0,0,1,,SEC EDGAR
"RSG|0001104659-26-106713|nonDerivative|2026-09-09|CASCADE INVESTMENT, L.L.C.|P|Common stock|32765|220.3687|D",2026-09-17 04:45:13+0000,RSG,"REPUBLIC SERVICES, INC.",0001060391,4,2026-09-10,2026-09-08,0001104659-26-106713,https://www.sec.gov/Archives/edgar/data/1060391/000110465926106713/tm2625157-1_4seq1.xml,nonDerivative,2026-09-09,P,Common stock,32765,220.3687,7220380.455499999,116199095,D,"CASCADE INVESTMENT, L.L.C.",10% Owner,0,0,1,,SEC EDGAR
"RSG|0001104659-26-106713|nonDerivative|2026-09-09|CASCADE INVESTMENT, L.L.C.|P|Common stock|213574|221.1262|D",2026-09-17 04:45:13+0000,RSG,"REPUBLIC SERVICES, INC.",0001060391,4,2026-09-10,2026-09-08,0001104659-26-106713,https://www.sec.gov/Archives/edgar/data/1060391/000110465926106713/tm2625157-1_4seq1.xml,nonDerivative,2026-09-09,P,Common stock,213574,221.1262,47226807.0388,116412669,D,"CASCADE INVESTMENT, L.L.C.",10% Owner,0,0,1,,SEC EDGAR
"RSG|0001104659-26-106713|nonDerivative|2026-09-09|CASCADE INVESTMENT, L.L.C.|P|Common stock|64965|222.3830|D",2026-09-17 04:45:13+0000,RSG,"REPUBLIC SERVICES, INC.",0001060391,4,2026-09-10,2026-09-08,0001104659-26-106713,https://www.sec.gov/Archives/edgar/data/1060391/000110465926106713/tm2625157-1_4seq1.xml,nonDerivative,2026-09-09,P,Common stock,64965,222.3830,14447111.595,116477634,D,"CASCADE INVESTMENT, L.L.C.",10% Owner,0,0,1,,SEC EDGAR
RMD|0000943819-26-000052|nonDerivative|2026-09-08|Farrell Michael J.|M|ResMed Common Stock|4991|146.34|D,2026-09-17 04:45:13+0000,RMD,RESMED INC,0000943819,4,2026-09-10,2026-09-08,0000943819-26-000052,https://www.sec.gov/Archives/edgar/data/943819/000094381926000052/form4.xml,nonDerivative,2026-09-08,M,ResMed Common Stock,4991,146.34,730382.9400000001,471247,D,Farrell Michael J.,"Director, Officer, Chairman and CEO",1,1,,Chairman and CEO,SEC EDGAR
RMD|0000943819-26-000052|nonDerivative|2026-09-08|Farrell Michael J.|S|ResMed Common Stock|4991|222.4385|D,2026-09-17 04:45:13+0000,RMD,RESMED INC,0000943819,4,2026-09-10,2026-09-08,0000943819-26-000052,https://www.sec.gov/Archives/edgar/data/943819/000094381926000052/form4.xml,nonDerivative,2026-09-08,S,ResMed Common Stock,4991,222.4385,1110190.5535,466256,D,Farrell Michael J.,"Director, Officer, Chairman and CEO",1,1,,Chairman and CEO,SEC EDGAR
RMD|0000943819-26-000052|derivative|2026-09-08|Farrell Michael J.|M|ResMed  Common Stock Options|4991|0|D,2026-09-17 04:45:13+0000,RMD,RESMED INC,0000943819,4,2026-09-10,2026-09-08,0000943819-26-000052,https://www.sec.gov/Archives/edgar/data/943819/000094381926000052/form4.xml,derivative,2026-09-08,M,ResMed  Common Stock Options,4991,0,0.0,9984,D,Farrell Michael J.,"Director, Officer, Chairman and CEO",1,1,,Chairman and CEO,SEC EDGAR
PH|0000076334-26-000137|nonDerivative|2026-09-08|Thompson Laura K|S|Common Stock|160|958.95|D,2026-09-17 04:45:13+0000,PH,Parker-Hannifin Corp,0000076334,4,2026-09-10,2026-09-08,0000076334-26-000137,https://www.sec.gov/Archives/edgar/data/76334/000007633426000137/form4.xml,nonDerivative,2026-09-08,S,Common Stock,160,958.95,153432.0,4438,D,Thompson Laura K,Director,1,0,0,,SEC EDGAR
PG|0000080424-26-000166|nonDerivative|2026-09-08|Portman Robert Jones|A|Common Stock|52|0|D,2026-09-17 04:45:13+0000,PG,PROCTER & GAMBLE Co,0000080424,4,2026-09-10,2026-09-08,0000080424-26-000166,https://www.sec.gov/Archives/edgar/data/80424/000008042426000166/form4.xml,nonDerivative,2026-09-08,A,Common Stock,52,0,0.0,5246.6454,D,Portman Robert Jones,Director,1,,,,SEC EDGAR
PG|0000080424-26-000165|nonDerivative|2026-09-08|McEvoy Ashley|A|Common Stock|207|0|D,2026-09-17 04:45:13+0000,PG,PROCTER & GAMBLE Co,0000080424,4,2026-09-10,2026-09-08,0000080424-26-000165,https://www.sec.gov/Archives/edgar/data/80424/000008042426000165/form4.xml,nonDerivative,2026-09-08,A,Common Stock,207,0,0.0,6228.0049,D,McEvoy Ashley,Director,1,,,,SEC EDGAR
PG|0000080424-26-000164|nonDerivative|2026-09-08|McCarthy Christine M|A|Common Stock|258|0|D,2026-09-17 04:45:13+0000,PG,PROCTER & GAMBLE Co,0000080424,4,2026-09-10,2026-09-08,0000080424-26-000164,https://www.sec.gov/Archives/edgar/data/80424/000008042426000164/form4.xml,nonDerivative,2026-09-08,A,Common Stock,258,0,0.0,17903.7543,D,McCarthy Christine M,Director,1,,,,SEC EDGAR
PG|0000080424-26-000163|nonDerivative|2026-09-08|Kempczinski Christopher J|A|Common Stock|250|0|D,2026-09-17 04:45:13+0000,PG,PROCTER & GAMBLE Co,0000080424,4,2026-09-10,2026-09-08,0000080424-26-000163,https://www.sec.gov/Archives/edgar/data/80424/000008042426000163/form4.xml,nonDerivative,2026-09-08,A,Common Stock,250,0,0.0,11933.6723,D,Kempczinski Christopher J,Director,1,,,,SEC EDGAR
PG|0000080424-26-000162|nonDerivative|2026-09-08|JIMENEZ JOSEPH|A|Common Stock|327|0|D,2026-09-17 04:45:13+0000,PG,PROCTER & GAMBLE Co,0000080424,4,2026-09-10,2026-09-08,0000080424-26-000162,https://www.sec.gov/Archives/edgar/data/80424/000008042426000162/form4.xml,nonDerivative,2026-09-08,A,Common Stock,327,0,0.0,37529.634,D,JIMENEZ JOSEPH,Director,1,,,,SEC EDGAR
PG|0000080424-26-000161|nonDerivative|2026-09-08|ARNOLD CRAIG|A|Common Stock|207|0|D,2026-09-17 04:45:13+0000,PG,PROCTER & GAMBLE Co,0000080424,4,2026-09-10,2026-09-08,0000080424-26-000161,https://www.sec.gov/Archives/edgar/data/80424/000008042426000161/form4.xml,nonDerivative,2026-09-08,A,Common Stock,207,0,0.0,3036.1836,D,ARNOLD CRAIG,Director,1,,,,SEC EDGAR
O|0001403051-26-000006|nonDerivative|2026-09-10|McLaughlin Gregory|S|Common Stock|3475|60.1502|I,2026-09-17 04:45:13+0000,O,REALTY INCOME CORP,0000726728,4,2026-09-10,2026-09-10,0001403051-26-000006,https://www.sec.gov/Archives/edgar/data/726728/000140305126000006/wk-form4_1789076488.xml,nonDerivative,2026-09-10,S,Common Stock,3475,60.1502,209021.945,34732,I,McLaughlin Gregory,Director,1,0,0,,SEC EDGAR
NTAP|0002008967-26-000013|derivative|2026-09-09|Yang June|A|Restricted Stock Unit|1542||D,2026-09-17 04:45:13+0000,NTAP,"NetApp, Inc.",0001002047,4,2026-09-10,2026-09-09,0002008967-26-000013,https://www.sec.gov/Archives/edgar/data/1002047/000200896726000013/ownership.xml,derivative,2026-09-09,A,Restricted Stock Unit,1542,,,1542,D,Yang June,,true,false,false,,SEC EDGAR
NTAP|0001492125-26-000003|nonDerivative|2026-09-08|Pelzer Francis J.|M|Common Shares|2307||D,2026-09-17 04:45:13+0000,NTAP,"NetApp, Inc.",0001002047,4,2026-09-10,2026-09-08,0001492125-26-000003,https://www.sec.gov/Archives/edgar/data/1002047/000149212526000003/ownership.xml,nonDerivative,2026-09-08,M,Common Shares,2307,,,3763,D,Pelzer Francis J.,,true,false,false,,SEC EDGAR
NTAP|0001492125-26-000003|derivative|2026-09-08|Pelzer Francis J.|M|Restricted Stock Unit|2307||D,2026-09-17 04:45:13+0000,NTAP,"NetApp, Inc.",0001002047,4,2026-09-10,2026-09-08,0001492125-26-000003,https://www.sec.gov/Archives/edgar/data/1002047/000149212526000003/ownership.xml,derivative,2026-09-08,M,Restricted Stock Unit,2307,,,0,D,Pelzer Francis J.,,true,false,false,,SEC EDGAR
NTAP|0001492125-26-000003|derivative|2026-09-09|Pelzer Francis J.|A|Restricted Stock Unit|1542||D,2026-09-17 04:45:13+0000,NTAP,"NetApp, Inc.",0001002047,4,2026-09-10,2026-09-08,0001492125-26-000003,https://www.sec.gov/Archives/edgar/data/1002047/000149212526000003/ownership.xml,derivative,2026-09-09,A,Restricted Stock Unit,1542,,,1542,D,Pelzer Francis J.,,true,false,false,,SEC EDGAR
NTAP|0001193125-26-388027|nonDerivative|2026-09-08|Palin Carrie|M|Common Shares|2307||D,2026-09-17 04:45:13+0000,NTAP,"NetApp, Inc.",0001002047,4,2026-09-10,2026-09-08,0001193125-26-388027,https://www.sec.gov/Archives/edgar/data/1002047/000119312526388027/ownership.xml,nonDerivative,2026-09-08,M,Common Shares,2307,,,11660,D,Palin Carrie,,true,false,false,,SEC EDGAR
NTAP|0001193125-26-388027|derivative|2026-09-08|Palin Carrie|M|Restricted Stock Unit|2307||D,2026-09-17 04:45:13+0000,NTAP,"NetApp, Inc.",0001002047,4,2026-09-10,2026-09-08,0001193125-26-388027,https://www.sec.gov/Archives/edgar/data/1002047/000119312526388027/ownership.xml,derivative,2026-09-08,M,Restricted Stock Unit,2307,,,0,D,Palin Carrie,,true,false,false,,SEC EDGAR
NTAP|0001193125-26-388027|derivative|2026-09-09|Palin Carrie|A|Restricted Stock Unit|1542||D,2026-09-17 04:45:13+0000,NTAP,"NetApp, Inc.",0001002047,4,2026-09-10,2026-09-08,0001193125-26-388027,https://www.sec.gov/Archives/edgar/data/1002047/000119312526388027/ownership.xml,derivative,2026-09-09,A,Restricted Stock Unit,1542,,,1542,D,Palin Carrie,,true,false,false,,SEC EDGAR
NTAP|0001193125-26-388037|nonDerivative|2026-09-08|NEVENS THOMAS MICHAEL|M|Common Shares|2914||I,2026-09-17 04:45:13+0000,NTAP,"NetApp, Inc.",0001002047,4,2026-09-10,2026-09-08,0001193125-26-388037,https://www.sec.gov/Archives/edgar/data/1002047/000119312526388037/ownership.xml,nonDerivative,2026-09-08,M,Common Shares,2914,,,13687,I,NEVENS THOMAS MICHAEL,,true,false,false,,SEC EDGAR
NTAP|0001193125-26-388037|derivative|2026-09-08|NEVENS THOMAS MICHAEL|M|Restricted Stock Unit|2914||D,2026-09-17 04:45:13+0000,NTAP,"NetApp, Inc.",0001002047,4,2026-09-10,2026-09-08,0001193125-26-388037,https://www.sec.gov/Archives/edgar/data/1002047/000119312526388037/ownership.xml,derivative,2026-09-08,M,Restricted Stock Unit,2914,,,0,D,NEVENS THOMAS MICHAEL,,true,false,false,,SEC EDGAR
NTAP|0001193125-26-388037|derivative|2026-09-09|NEVENS THOMAS MICHAEL|A|Restricted Stock Unit|1948||D,2026-09-17 04:45:13+0000,NTAP,"NetApp, Inc.",0001002047,4,2026-09-10,2026-09-08,0001193125-26-388037,https://www.sec.gov/Archives/edgar/data/1002047/000119312526388037/ownership.xml,derivative,2026-09-09,A,Restricted Stock Unit,1948,,,1948,D,NEVENS THOMAS MICHAEL,,true,false,false,,SEC EDGAR
NTAP|0001193125-26-388051|nonDerivative|2026-09-08|KERR DEBORAH|M|Common Shares|2307||D,2026-09-17 04:45:13+0000,NTAP,"NetApp, Inc.",0001002047,4,2026-09-10,2026-09-08,0001193125-26-388051,https://www.sec.gov/Archives/edgar/data/1002047/000119312526388051/ownership.xml,nonDerivative,2026-09-08,M,Common Shares,2307,,,27360,D,KERR DEBORAH,,true,false,false,,SEC EDGAR
NTAP|0001193125-26-388051|derivative|2026-09-08|KERR DEBORAH|M|Restricted Stock Unit|2307||D,2026-09-17 04:45:13+0000,NTAP,"NetApp, Inc.",0001002047,4,2026-09-10,2026-09-08,0001193125-26-388051,https://www.sec.gov/Archives/edgar/data/1002047/000119312526388051/ownership.xml,derivative,2026-09-08,M,Restricted Stock Unit,2307,,,0,D,KERR DEBORAH,,true,false,false,,SEC EDGAR
NTAP|0001193125-26-388051|derivative|2026-09-09|KERR DEBORAH|A|Restricted Stock Unit|1542||D,2026-09-17 04:45:13+0000,NTAP,"NetApp, Inc.",0001002047,4,2026-09-10,2026-09-08,0001193125-26-388051,https://www.sec.gov/Archives/edgar/data/1002047/000119312526388051/ownership.xml,derivative,2026-09-09,A,Restricted Stock Unit,1542,,,1542,D,KERR DEBORAH,,true,false,false,,SEC EDGAR
NTAP|0001193125-26-388066|nonDerivative|2026-09-08|HELD GERALD|M|Common Shares|2307||D,2026-09-17 04:45:13+0000,NTAP,"NetApp, Inc.",0001002047,4,2026-09-10,2026-09-08,0001193125-26-388066,https://www.sec.gov/Archives/edgar/data/1002047/000119312526388066/ownership.xml,nonDerivative,2026-09-08,M,Common Shares,2307,,,16082,D,HELD GERALD,,true,false,false,,SEC EDGAR
NTAP|0001193125-26-388066|derivative|2026-09-08|HELD GERALD|M|Restricted Stock Unit|2307||D,2026-09-17 04:45:13+0000,NTAP,"NetApp, Inc.",0001002047,4,2026-09-10,2026-09-08,0001193125-26-388066,https://www.sec.gov/Archives/edgar/data/1002047/000119312526388066/ownership.xml,derivative,2026-09-08,M,Restricted Stock Unit,2307,,,0,D,HELD GERALD,,true,false,false,,SEC EDGAR
NTAP|0001193125-26-388066|derivative|2026-09-09|HELD GERALD|A|Restricted Stock Unit|1542||D,2026-09-17 04:45:13+0000,NTAP,"NetApp, Inc.",0001002047,4,2026-09-10,2026-09-08,0001193125-26-388066,https://www.sec.gov/Archives/edgar/data/1002047/000119312526388066/ownership.xml,derivative,2026-09-09,A,Restricted Stock Unit,1542,,,1542,D,HELD GERALD,,true,false,false,,SEC EDGAR
NTAP|0001129136-26-000002|nonDerivative|2026-09-08|GUSTAFSSON ANDERS|M|Common Shares|2307||D,2026-09-17 04:45:13+0000,NTAP,"NetApp, Inc.",0001002047,4,2026-09-10,2026-09-08,0001129136-26-000002,https://www.sec.gov/Archives/edgar/data/1002047/000112913626000002/ownership.xml,nonDerivative,2026-09-08,M,Common Shares,2307,,,13756,D,GUSTAFSSON ANDERS,,true,false,false,,SEC EDGAR
NTAP|0001129136-26-000002|derivative|2026-09-08|GUSTAFSSON ANDERS|M|Restricted Stock Unit|2307||D,2026-09-17 04:45:13+0000,NTAP,"NetApp, Inc.",0001002047,4,2026-09-10,2026-09-08,0001129136-26-000002,https://www.sec.gov/Archives/edgar/data/1002047/000112913626000002/ownership.xml,derivative,2026-09-08,M,Restricted Stock Unit,2307,,,0,D,GUSTAFSSON ANDERS,,true,false,false,,SEC EDGAR
NTAP|0001129136-26-000002|derivative|2026-09-09|GUSTAFSSON ANDERS|A|Restricted Stock Unit|1542||D,2026-09-17 04:45:13+0000,NTAP,"NetApp, Inc.",0001002047,4,2026-09-10,2026-09-08,0001129136-26-000002,https://www.sec.gov/Archives/edgar/data/1002047/000112913626000002/ownership.xml,derivative,2026-09-09,A,Restricted Stock Unit,1542,,,1542,D,GUSTAFSSON ANDERS,,true,false,false,,SEC EDGAR
NTAP|0001193125-26-388071|nonDerivative|2026-09-08|Fipps Paul|M|Common Shares|2646||D,2026-09-17 04:45:13+0000,NTAP,"NetApp, Inc.",0001002047,4,2026-09-10,2026-09-08,0001193125-26-388071,https://www.sec.gov/Archives/edgar/data/1002047/000119312526388071/ownership.xml,nonDerivative,2026-09-08,M,Common Shares,2646,,,2646,D,Fipps Paul,,true,false,false,,SEC EDGAR
NTAP|0001193125-26-388071|derivative|2026-09-08|Fipps Paul|M|Restricted Stock Unit|2646||D,2026-09-17 04:45:13+0000,NTAP,"NetApp, Inc.",0001002047,4,2026-09-10,2026-09-08,0001193125-26-388071,https://www.sec.gov/Archives/edgar/data/1002047/000119312526388071/ownership.xml,derivative,2026-09-08,M,Restricted Stock Unit,2646,,,0,D,Fipps Paul,,true,false,false,,SEC EDGAR
NTAP|0001193125-26-388071|derivative|2026-09-09|Fipps Paul|A|Restricted Stock Unit|1542||D,2026-09-17 04:45:13+0000,NTAP,"NetApp, Inc.",0001002047,4,2026-09-10,2026-09-08,0001193125-26-388071,https://www.sec.gov/Archives/edgar/data/1002047/000119312526388071/ownership.xml,derivative,2026-09-09,A,Restricted Stock Unit,1542,,,1542,D,Fipps Paul,,true,false,false,,SEC EDGAR
NTAP|0001193125-26-388079|derivative|2026-09-09|Ahuja Deepak|A|Restricted Stock Unit|1542||D,2026-09-17 04:45:13+0000,NTAP,"NetApp, Inc.",0001002047,4,2026-09-10,2026-09-09,0001193125-26-388079,https://www.sec.gov/Archives/edgar/data/1002047/000119312526388079/ownership.xml,derivative,2026-09-09,A,Restricted Stock Unit,1542,,,1542,D,Ahuja Deepak,,true,false,false,,SEC EDGAR
NKE|0000320187-26-000161|nonDerivative|2026-09-08|SWAN ROBERT HOLMES|A|Class B Common Stock|5047|0|D,2026-09-17 04:45:13+0000,NKE,"NIKE, Inc.",0000320187,4,2026-09-10,2026-09-08,0000320187-26-000161,https://www.sec.gov/Archives/edgar/data/320187/000032018726000161/form4.xml,nonDerivative,2026-09-08,A,Class B Common Stock,5047,0,0.0,59025.387,D,SWAN ROBERT HOLMES,Director,1,,,,SEC EDGAR
NKE|0000320187-26-000145|nonDerivative|2026-09-08|PELUSO MICHELLE A|A|Class B Common Stock|5047|0|D,2026-09-17 04:45:13+0000,NKE,"NIKE, Inc.",0000320187,4,2026-09-10,2026-09-08,0000320187-26-000145,https://www.sec.gov/Archives/edgar/data/320187/000032018726000145/form4.xml,nonDerivative,2026-09-08,A,Class B Common Stock,5047,0,0.0,37861,D,PELUSO MICHELLE A,Director,1,,,,SEC EDGAR
NKE|0000320187-26-000167|nonDerivative|2026-09-09|McCartney Philip|S|Class B Common Stock|2559|37.59|D,2026-09-17 04:45:13+0000,NKE,"NIKE, Inc.",0000320187,4,2026-09-10,2026-09-09,0000320187-26-000167,https://www.sec.gov/Archives/edgar/data/320187/000032018726000167/form4.xml,nonDerivative,2026-09-09,S,Class B Common Stock,2559,37.59,96192.81000000001,78120.9272,D,McCartney Philip,"Officer, EVP: CHIEF INN,PROD&DSG OFCR",,1,,"EVP: CHIEF INN,PROD&DSG OFCR",SEC EDGAR
NKE|0000320187-26-000165|nonDerivative|2026-09-09|Leinwand Robert|S|Class B Common Stock|3646|37.59|D,2026-09-17 04:45:13+0000,NKE,"NIKE, Inc.",0000320187,4,2026-09-10,2026-09-09,0000320187-26-000165,https://www.sec.gov/Archives/edgar/data/320187/000032018726000165/form4.xml,nonDerivative,2026-09-09,S,Class B Common Stock,3646,37.59,137053.14,87758.159,D,Leinwand Robert,"Officer, EVP: Chief Legal Officer",,1,,EVP: Chief Legal Officer,SEC EDGAR
NKE|0000320187-26-000159|nonDerivative|2026-07-30|Knight Travis A|G|Class B Common Stock|2850717|0|I,2026-09-17 04:45:13+0000,NKE,"NIKE, Inc.",0000320187,4,2026-09-10,2026-09-08,0000320187-26-000159,https://www.sec.gov/Archives/edgar/data/320187/000032018726000159/form4.xml,nonDerivative,2026-07-30,G,Class B Common Stock,2850717,0,0.0,1954424,I,Knight Travis A,Director,1,,,,SEC EDGAR
NKE|0000320187-26-000159|nonDerivative|2026-07-30|Knight Travis A|G|Class B Common Stock|2850717|0|D,2026-09-17 04:45:13+0000,NKE,"NIKE, Inc.",0000320187,4,2026-09-10,2026-09-08,0000320187-26-000159,https://www.sec.gov/Archives/edgar/data/320187/000032018726000159/form4.xml,nonDerivative,2026-07-30,G,Class B Common Stock,2850717,0,0.0,2884657,D,Knight Travis A,Director,1,,,,SEC EDGAR
NKE|0000320187-26-000159|nonDerivative|2026-09-08|Knight Travis A|A|Class B Common Stock|5047|0|D,2026-09-17 04:45:13+0000,NKE,"NIKE, Inc.",0000320187,4,2026-09-10,2026-09-08,0000320187-26-000159,https://www.sec.gov/Archives/edgar/data/320187/000032018726000159/form4.xml,nonDerivative,2026-09-08,A,Class B Common Stock,5047,0,0.0,2889704,D,Knight Travis A,Director,1,,,,SEC EDGAR
NKE|0000320187-26-000157|nonDerivative|2026-09-08|KNUDSTORP JORGEN VIG|A|Class B Common Stock|5047|0|D,2026-09-17 04:45:13+0000,NKE,"NIKE, Inc.",0000320187,4,2026-09-10,2026-09-08,0000320187-26-000157,https://www.sec.gov/Archives/edgar/data/320187/000032018726000157/form4.xml,nonDerivative,2026-09-08,A,Class B Common Stock,5047,0,0.0,26435,D,KNUDSTORP JORGEN VIG,Director,1,,,,SEC EDGAR
NKE|0000320187-26-000155|nonDerivative|2026-09-08|Henry Peter B.|A|Class B Common Stock|5047|0|D,2026-09-17 04:45:13+0000,NKE,"NIKE, Inc.",0000320187,4,2026-09-10,2026-09-08,0000320187-26-000155,https://www.sec.gov/Archives/edgar/data/320187/000032018726000155/form4.xml,nonDerivative,2026-09-08,A,Class B Common Stock,5047,0,0.0,16146,D,Henry Peter B.,Director,1,,,,SEC EDGAR
NKE|0000320187-26-000153|nonDerivative|2026-09-08|HENRY MARIA|A|Class B Common Stock|5047|0|D,2026-09-17 04:45:13+0000,NKE,"NIKE, Inc.",0000320187,4,2026-09-10,2026-09-08,0000320187-26-000153,https://www.sec.gov/Archives/edgar/data/320187/000032018726000153/form4.xml,nonDerivative,2026-09-08,A,Class B Common Stock,5047,0,0.0,13814,D,HENRY MARIA,Director,1,,,,SEC EDGAR
NKE|0000320187-26-000151|nonDerivative|2026-09-08|Gil Monica|A|Class B Common Stock|5047|0|D,2026-09-17 04:45:13+0000,NKE,"NIKE, Inc.",0000320187,4,2026-09-10,2026-09-08,0000320187-26-000151,https://www.sec.gov/Archives/edgar/data/320187/000032018726000151/form4.xml,nonDerivative,2026-09-08,A,Class B Common Stock,5047,0,0.0,13940,D,Gil Monica,Director,1,,,,SEC EDGAR
NKE|0000320187-26-000149|nonDerivative|2026-09-08|Duckett Thasunda|A|Class B Common Stock|5047|0|D,2026-09-17 04:45:13+0000,NKE,"NIKE, Inc.",0000320187,4,2026-09-10,2026-09-08,0000320187-26-000149,https://www.sec.gov/Archives/edgar/data/320187/000032018726000149/form4.xml,nonDerivative,2026-09-08,A,Class B Common Stock,5047,0,0.0,18636,D,Duckett Thasunda,Director,1,,,,SEC EDGAR
NKE|0000320187-26-000147|nonDerivative|2026-09-08|COOK TIMOTHY D|A|Class B Common Stock|5047|0|D,2026-09-17 04:45:13+0000,NKE,"NIKE, Inc.",0000320187,4,2026-09-10,2026-09-08,0000320187-26-000147,https://www.sec.gov/Archives/edgar/data/320187/000032018726000147/form4.xml,nonDerivative,2026-09-08,A,Class B Common Stock,5047,0,0.0,135527,D,COOK TIMOTHY D,Director,1,,,,SEC EDGAR
NKE|0000320187-26-000163|nonDerivative|2026-09-09|Alagirisamy Venkatesh|S|Class B Common Stock|3671|37.59|D,2026-09-17 04:45:13+0000,NKE,"NIKE, Inc.",0000320187,4,2026-09-10,2026-09-09,0000320187-26-000163,https://www.sec.gov/Archives/edgar/data/320187/000032018726000163/form4.xml,nonDerivative,2026-09-09,S,Class B Common Stock,3671,37.59,137992.89,104861.9272,D,Alagirisamy Venkatesh,"Officer, EVP: CHIEF OPERATING OFFICER",,1,,EVP: CHIEF OPERATING OFFICER,SEC EDGAR
NFLX|0001065280-26-000271|nonDerivative|2026-09-09|BARTON RICHARD N|M|Common Stock|230|20.107|D,2026-09-17 04:45:13+0000,NFLX,NETFLIX INC,0001065280,4,2026-09-10,2026-09-09,0001065280-26-000271,https://www.sec.gov/Archives/edgar/data/1065280/000106528026000271/wk-form4_1789085087.xml,nonDerivative,2026-09-09,M,Common Stock,230,20.107,4624.61,2690,D,BARTON RICHARD N,Director,1,0,0,,SEC EDGAR
NFLX|0001065280-26-000271|nonDerivative|2026-09-09|BARTON RICHARD N|M|Common Stock|490|26.507|D,2026-09-17 04:45:13+0000,NFLX,NETFLIX INC,0001065280,4,2026-09-10,2026-09-09,0001065280-26-000271,https://www.sec.gov/Archives/edgar/data/1065280/000106528026000271/wk-form4_1789085087.xml,nonDerivative,2026-09-09,M,Common Stock,490,26.507,12988.43,3180,D,BARTON RICHARD N,Director,1,0,0,,SEC EDGAR
NFLX|0001065280-26-000271|nonDerivative|2026-09-09|BARTON RICHARD N|S|Common Stock|720|76.26|D,2026-09-17 04:45:13+0000,NFLX,NETFLIX INC,0001065280,4,2026-09-10,2026-09-09,0001065280-26-000271,https://www.sec.gov/Archives/edgar/data/1065280/000106528026000271/wk-form4_1789085087.xml,nonDerivative,2026-09-09,S,Common Stock,720,76.26,54907.200000000004,2460,D,BARTON RICHARD N,Director,1,0,0,,SEC EDGAR
NFLX|0001065280-26-000271|nonDerivative|2026-09-10|BARTON RICHARD N|M|Common Stock|720|26.507|D,2026-09-17 04:45:13+0000,NFLX,NETFLIX INC,0001065280,4,2026-09-10,2026-09-09,0001065280-26-000271,https://www.sec.gov/Archives/edgar/data/1065280/000106528026000271/wk-form4_1789085087.xml,nonDerivative,2026-09-10,M,Common Stock,720,26.507,19085.04,3180,D,BARTON RICHARD N,Director,1,0,0,,SEC EDGAR
NFLX|0001065280-26-000271|nonDerivative|2026-09-10|BARTON RICHARD N|S|Common Stock|720|75.27|D,2026-09-17 04:45:13+0000,NFLX,NETFLIX INC,0001065280,4,2026-09-10,2026-09-09,0001065280-26-000271,https://www.sec.gov/Archives/edgar/data/1065280/000106528026000271/wk-form4_1789085087.xml,nonDerivative,2026-09-10,S,Common Stock,720,75.27,54194.399999999994,2460,D,BARTON RICHARD N,Director,1,0,0,,SEC EDGAR
NFLX|0001065280-26-000271|derivative|2026-09-09|BARTON RICHARD N|M|Non-Qualified Stock Option (right to buy)|230|0|D,2026-09-17 04:45:13+0000,NFLX,NETFLIX INC,0001065280,4,2026-09-10,2026-09-09,0001065280-26-000271,https://www.sec.gov/Archives/edgar/data/1065280/000106528026000271/wk-form4_1789085087.xml,derivative,2026-09-09,M,Non-Qualified Stock Option (right to buy),230,0,0.0,0,D,BARTON RICHARD N,Director,1,0,0,,SEC EDGAR
NFLX|0001065280-26-000271|derivative|2026-09-09|BARTON RICHARD N|M|Non-Qualified Stock Option (right to buy)|490|0|D,2026-09-17 04:45:13+0000,NFLX,NETFLIX INC,0001065280,4,2026-09-10,2026-09-09,0001065280-26-000271,https://www.sec.gov/Archives/edgar/data/1065280/000106528026000271/wk-form4_1789085087.xml,derivative,2026-09-09,M,Non-Qualified Stock Option (right to buy),490,0,0.0,1870,D,BARTON RICHARD N,Director,1,0,0,,SEC EDGAR
NFLX|0001065280-26-000271|derivative|2026-09-10|BARTON RICHARD N|M|Non-Qualified Stock Option (right to buy)|720|0|D,2026-09-17 04:45:13+0000,NFLX,NETFLIX INC,0001065280,4,2026-09-10,2026-09-09,0001065280-26-000271,https://www.sec.gov/Archives/edgar/data/1065280/000106528026000271/wk-form4_1789085087.xml,derivative,2026-09-10,M,Non-Qualified Stock Option (right to buy),720,0,0.0,1150,D,BARTON RICHARD N,Director,1,0,0,,SEC EDGAR
MSFT|0000789019-26-000188|nonDerivative|2026-09-09|SMITH BRADFORD L|G|Common Stock|14000|0|D,2026-09-17 04:45:13+0000,MSFT,MICROSOFT CORP,0000789019,4,2026-09-10,2026-09-09,0000789019-26-000188,https://www.sec.gov/Archives/edgar/data/789019/000078901926000188/form4.xml,nonDerivative,2026-09-09,G,Common Stock,14000,0,0.0,444716.2944,D,SMITH BRADFORD L,"Officer, Vice Chair and President",0,1,0,Vice Chair and President,SEC EDGAR
META|0000950103-26-013794|nonDerivative|2026-09-08|Olivan Javier|S|Class A Common Stock|258|612.9883|D,2026-09-17 04:45:13+0000,META,"Meta Platforms, Inc.",0001326801,4,2026-09-10,2026-09-08,0000950103-26-013794,https://www.sec.gov/Archives/edgar/data/1326801/000095010326013794/ownership.xml,nonDerivative,2026-09-08,S,Class A Common Stock,258,612.9883,158150.9814,14242,D,Olivan Javier,"Officer, Chief Operating Officer",0,1,0,Chief Operating Officer,SEC EDGAR
META|0000950103-26-013794|nonDerivative|2026-09-08|Olivan Javier|S|Class A Common Stock|117|614.2163|D,2026-09-17 04:45:13+0000,META,"Meta Platforms, Inc.",0001326801,4,2026-09-10,2026-09-08,0000950103-26-013794,https://www.sec.gov/Archives/edgar/data/1326801/000095010326013794/ownership.xml,nonDerivative,2026-09-08,S,Class A Common Stock,117,614.2163,71863.3071,14125,D,Olivan Javier,"Officer, Chief Operating Officer",0,1,0,Chief Operating Officer,SEC EDGAR
META|0000950103-26-013794|nonDerivative|2026-09-08|Olivan Javier|S|Class A Common Stock|262|615.2329|D,2026-09-17 04:45:13+0000,META,"Meta Platforms, Inc.",0001326801,4,2026-09-10,2026-09-08,0000950103-26-013794,https://www.sec.gov/Archives/edgar/data/1326801/000095010326013794/ownership.xml,nonDerivative,2026-09-08,S,Class A Common Stock,262,615.2329,161191.01979999998,13863,D,Olivan Javier,"Officer, Chief Operating Officer",0,1,0,Chief Operating Officer,SEC EDGAR
META|0000950103-26-013794|nonDerivative|2026-09-08|Olivan Javier|S|Class A Common Stock|855|616.3211|D,2026-09-17 04:45:13+0000,META,"Meta Platforms, Inc.",0001326801,4,2026-09-10,2026-09-08,0000950103-26-013794,https://www.sec.gov/Archives/edgar/data/1326801/000095010326013794/ownership.xml,nonDerivative,2026-09-08,S,Class A Common Stock,855,616.3211,526954.5405,13008,D,Olivan Javier,"Officer, Chief Operating Officer",0,1,0,Chief Operating Officer,SEC EDGAR
META|0000950103-26-013794|nonDerivative|2026-09-08|Olivan Javier|S|Class A Common Stock|555|617.2823|D,2026-09-17 04:45:13+0000,META,"Meta Platforms, Inc.",0001326801,4,2026-09-10,2026-09-08,0000950103-26-013794,https://www.sec.gov/Archives/edgar/data/1326801/000095010326013794/ownership.xml,nonDerivative,2026-09-08,S,Class A Common Stock,555,617.2823,342591.6765,12453,D,Olivan Javier,"Officer, Chief Operating Officer",0,1,0,Chief Operating Officer,SEC EDGAR
META|0000950103-26-013794|nonDerivative|2026-09-08|Olivan Javier|S|Class A Common Stock|529|618.1840|D,2026-09-17 04:45:13+0000,META,"Meta Platforms, Inc.",0001326801,4,2026-09-10,2026-09-08,0000950103-26-013794,https://www.sec.gov/Archives/edgar/data/1326801/000095010326013794/ownership.xml,nonDerivative,2026-09-08,S,Class A Common Stock,529,618.1840,327019.336,11924,D,Olivan Javier,"Officer, Chief Operating Officer",0,1,0,Chief Operating Officer,SEC EDGAR
META|0000950103-26-013794|nonDerivative|2026-09-08|Olivan Javier|S|Class A Common Stock|120|618.93|D,2026-09-17 04:45:13+0000,META,"Meta Platforms, Inc.",0001326801,4,2026-09-10,2026-09-08,0000950103-26-013794,https://www.sec.gov/Archives/edgar/data/1326801/000095010326013794/ownership.xml,nonDerivative,2026-09-08,S,Class A Common Stock,120,618.93,74271.59999999999,11804,D,Olivan Javier,"Officer, Chief Operating Officer",0,1,0,Chief Operating Officer,SEC EDGAR
META|0000950103-26-013794|nonDerivative|2026-09-08|Olivan Javier|S|Class A Common Stock|78|620.3697|D,2026-09-17 04:45:13+0000,META,"Meta Platforms, Inc.",0001326801,4,2026-09-10,2026-09-08,0000950103-26-013794,https://www.sec.gov/Archives/edgar/data/1326801/000095010326013794/ownership.xml,nonDerivative,2026-09-08,S,Class A Common Stock,78,620.3697,48388.836599999995,11726,D,Olivan Javier,"Officer, Chief Operating Officer",0,1,0,Chief Operating Officer,SEC EDGAR
META|0000950103-26-013794|nonDerivative|2026-09-08|Olivan Javier|S|Class A Common Stock|40|621.0300|D,2026-09-17 04:45:13+0000,META,"Meta Platforms, Inc.",0001326801,4,2026-09-10,2026-09-08,0000950103-26-013794,https://www.sec.gov/Archives/edgar/data/1326801/000095010326013794/ownership.xml,nonDerivative,2026-09-08,S,Class A Common Stock,40,621.0300,24841.199999999997,11686,D,Olivan Javier,"Officer, Chief Operating Officer",0,1,0,Chief Operating Officer,SEC EDGAR
META|0000950103-26-013794|nonDerivative|2026-09-08|Olivan Javier|S|Class A Common Stock|24|622.9900|D,2026-09-17 04:45:13+0000,META,"Meta Platforms, Inc.",0001326801,4,2026-09-10,2026-09-08,0000950103-26-013794,https://www.sec.gov/Archives/edgar/data/1326801/000095010326013794/ownership.xml,nonDerivative,2026-09-08,S,Class A Common Stock,24,622.9900,14951.76,11662,D,Olivan Javier,"Officer, Chief Operating Officer",0,1,0,Chief Operating Officer,SEC EDGAR
META|0000950103-26-013794|nonDerivative|2026-09-08|Olivan Javier|S|Class A Common Stock|328|616.06|I,2026-09-17 04:45:13+0000,META,"Meta Platforms, Inc.",0001326801,4,2026-09-10,2026-09-08,0000950103-26-013794,https://www.sec.gov/Archives/edgar/data/1326801/000095010326013794/ownership.xml,nonDerivative,2026-09-08,S,Class A Common Stock,328,616.06,202067.68,6162,I,Olivan Javier,"Officer, Chief Operating Officer",0,1,0,Chief Operating Officer,SEC EDGAR
META|0000950103-26-013794|nonDerivative|2026-09-08|Olivan Javier|S|Class A Common Stock|228|616.06|I,2026-09-17 04:45:13+0000,META,"Meta Platforms, Inc.",0001326801,4,2026-09-10,2026-09-08,0000950103-26-013794,https://www.sec.gov/Archives/edgar/data/1326801/000095010326013794/ownership.xml,nonDerivative,2026-09-08,S,Class A Common Stock,228,616.06,140461.68,1289,I,Olivan Javier,"Officer, Chief Operating Officer",0,1,0,Chief Operating Officer,SEC EDGAR
META|0000950103-26-013794|nonDerivative|2026-09-08|Olivan Javier|S|Class A Common Stock|52|612.2056|I,2026-09-17 04:45:13+0000,META,"Meta Platforms, Inc.",0001326801,4,2026-09-10,2026-09-08,0000950103-26-013794,https://www.sec.gov/Archives/edgar/data/1326801/000095010326013794/ownership.xml,nonDerivative,2026-09-08,S,Class A Common Stock,52,612.2056,31834.6912,79833,I,Olivan Javier,"Officer, Chief Operating Officer",0,1,0,Chief Operating Officer,SEC EDGAR
META|0000950103-26-013794|nonDerivative|2026-09-08|Olivan Javier|S|Class A Common Stock|40|613.296|I,2026-09-17 04:45:13+0000,META,"Meta Platforms, Inc.",0001326801,4,2026-09-10,2026-09-08,0000950103-26-013794,https://www.sec.gov/Archives/edgar/data/1326801/000095010326013794/ownership.xml,nonDerivative,2026-09-08,S,Class A Common Stock,40,613.296,24531.840000000004,79793,I,Olivan Javier,"Officer, Chief Operating Officer",0,1,0,Chief Operating Officer,SEC EDGAR
META|0000950103-26-013794|nonDerivative|2026-09-08|Olivan Javier|S|Class A Common Stock|200|614.49|I,2026-09-17 04:45:13+0000,META,"Meta Platforms, Inc.",0001326801,4,2026-09-10,2026-09-08,0000950103-26-013794,https://www.sec.gov/Archives/edgar/data/1326801/000095010326013794/ownership.xml,nonDerivative,2026-09-08,S,Class A Common Stock,200,614.49,122898.0,79593,I,Olivan Javier,"Officer, Chief Operating Officer",0,1,0,Chief Operating Officer,SEC EDGAR
META|0000950103-26-013794|nonDerivative|2026-09-08|Olivan Javier|S|Class A Common Stock|354|615.879|I,2026-09-17 04:45:13+0000,META,"Meta Platforms, Inc.",0001326801,4,2026-09-10,2026-09-08,0000950103-26-013794,https://www.sec.gov/Archives/edgar/data/1326801/000095010326013794/ownership.xml,nonDerivative,2026-09-08,S,Class A Common Stock,354,615.879,218021.166,79239,I,Olivan Javier,"Officer, Chief Operating Officer",0,1,0,Chief Operating Officer,SEC EDGAR
META|0000950103-26-013794|nonDerivative|2026-09-08|Olivan Javier|S|Class A Common Stock|473|616.7869|I,2026-09-17 04:45:13+0000,META,"Meta Platforms, Inc.",0001326801,4,2026-09-10,2026-09-08,0000950103-26-013794,https://www.sec.gov/Archives/edgar/data/1326801/000095010326013794/ownership.xml,nonDerivative,2026-09-08,S,Class A Common Stock,473,616.7869,291740.20369999995,78766,I,Olivan Javier,"Officer, Chief Operating Officer",0,1,0,Chief Operating Officer,SEC EDGAR
META|0000950103-26-013794|nonDerivative|2026-09-08|Olivan Javier|S|Class A Common Stock|304|618.0049|I,2026-09-17 04:45:13+0000,META,"Meta Platforms, Inc.",0001326801,4,2026-09-10,2026-09-08,0000950103-26-013794,https://www.sec.gov/Archives/edgar/data/1326801/000095010326013794/ownership.xml,nonDerivative,2026-09-08,S,Class A Common Stock,304,618.0049,187873.4896,78462,I,Olivan Javier,"Officer, Chief Operating Officer",0,1,0,Chief Operating Officer,SEC EDGAR
META|0000950103-26-013794|nonDerivative|2026-09-08|Olivan Javier|S|Class A Common Stock|157|619.11|I,2026-09-17 04:45:13+0000,META,"Meta Platforms, Inc.",0001326801,4,2026-09-10,2026-09-08,0000950103-26-013794,https://www.sec.gov/Archives/edgar/data/1326801/000095010326013794/ownership.xml,nonDerivative,2026-09-08,S,Class A Common Stock,157,619.11,97200.27,78305,I,Olivan Javier,"Officer, Chief Operating Officer",0,1,0,Chief Operating Officer,SEC EDGAR
META|0000950103-26-013794|nonDerivative|2026-09-08|Olivan Javier|S|Class A Common Stock|52|620.2669|I,2026-09-17 04:45:13+0000,META,"Meta Platforms, Inc.",0001326801,4,2026-09-10,2026-09-08,0000950103-26-013794,https://www.sec.gov/Archives/edgar/data/1326801/000095010326013794/ownership.xml,nonDerivative,2026-09-08,S,Class A Common Stock,52,620.2669,32253.8788,78253,I,Olivan Javier,"Officer, Chief Operating Officer",0,1,0,Chief Operating Officer,SEC EDGAR
MET|0001714199-26-000011|nonDerivative|2026-09-08|TADROS RAMY|A|Common Stock|115|95.50|D,2026-09-17 04:45:13+0000,MET,METLIFE INC,0001099219,4,2026-09-10,2026-09-08,0001714199-26-000011,https://www.sec.gov/Archives/edgar/data/1099219/000171419926000011/wk-form4_1789070562.xml,nonDerivative,2026-09-08,A,Common Stock,115,95.50,10982.5,212695,D,TADROS RAMY,"Officer, President, U.S. Business",0,1,0,"President, U.S. Business",SEC EDGAR
MET|0002066326-26-000013|nonDerivative|2026-09-08|Mumenthaler Christian Stephane|A|Common  Stock|21|95.50|D,2026-09-17 04:45:13+0000,MET,METLIFE INC,0001099219,4,2026-09-10,2026-09-08,0002066326-26-000013,https://www.sec.gov/Archives/edgar/data/1099219/000206632626000013/wk-form4_1789070551.xml,nonDerivative,2026-09-08,A,Common  Stock,21,95.50,2005.5,3474,D,Mumenthaler Christian Stephane,Director,1,0,0,,SEC EDGAR
MET|0001754648-26-000013|nonDerivative|2026-09-08|MCKENZIE DIANA|A|Common Stock|157|95.50|D,2026-09-17 04:45:13+0000,MET,METLIFE INC,0001099219,4,2026-09-10,2026-09-08,0001754648-26-000013,https://www.sec.gov/Archives/edgar/data/1099219/000175464826000013/wk-form4_1789070521.xml,nonDerivative,2026-09-08,A,Common Stock,157,95.50,14993.5,25385,D,MCKENZIE DIANA,Director,1,0,0,,SEC EDGAR
MET|0001198236-26-000013|nonDerivative|2026-09-08|Kennard William E|A|Common Stock|294|95.50|D,2026-09-17 04:45:13+0000,MET,METLIFE INC,0001099219,4,2026-09-10,2026-09-08,0001198236-26-000013,https://www.sec.gov/Archives/edgar/data/1099219/000119823626000013/wk-form4_1789070557.xml,nonDerivative,2026-09-08,A,Common Stock,294,95.50,28077.0,47704,D,Kennard William E,Director,1,0,0,,SEC EDGAR
MET|0001707516-26-000013|nonDerivative|2026-09-08|Johnson Jeh C.|A|Common Stock|59|95.50|D,2026-09-17 04:45:13+0000,MET,METLIFE INC,0001099219,4,2026-09-10,2026-09-08,0001707516-26-000013,https://www.sec.gov/Archives/edgar/data/1099219/000170751626000013/wk-form4_1789070527.xml,nonDerivative,2026-09-08,A,Common Stock,59,95.50,5634.5,9557,D,Johnson Jeh C.,Director,1,0,0,,SEC EDGAR
MET|0002013372-26-000014|nonDerivative|2026-09-08|Hay Laura J|A|Common  Stock|39|95.50|D,2026-09-17 04:45:13+0000,MET,METLIFE INC,0001099219,4,2026-09-10,2026-09-08,0002013372-26-000014,https://www.sec.gov/Archives/edgar/data/1099219/000201337226000014/wk-form4_1789070545.xml,nonDerivative,2026-09-08,A,Common  Stock,39,95.50,3724.5,6357,D,Hay Laura J,Director,1,0,0,,SEC EDGAR
MET|0001707351-26-000020|nonDerivative|2026-09-08|Harris Carla A|A|Common Stock|42|95.50|D,2026-09-17 04:45:13+0000,MET,METLIFE INC,0001099219,4,2026-09-10,2026-09-08,0001707351-26-000020,https://www.sec.gov/Archives/edgar/data/1099219/000170735126000020/wk-form4_1789070540.xml,nonDerivative,2026-09-08,A,Common Stock,42,95.50,4011.0,11157,D,Harris Carla A,Director,1,0,0,,SEC EDGAR
MET|0001283051-26-000013|nonDerivative|2026-09-08|HUBBARD ROBERT GLENN|A|Common Stock|618|95.50|D,2026-09-17 04:45:13+0000,MET,METLIFE INC,0001099219,4,2026-09-10,2026-09-08,0001283051-26-000013,https://www.sec.gov/Archives/edgar/data/1099219/000128305126000013/wk-form4_1789070532.xml,nonDerivative,2026-09-08,A,Common Stock,618,95.50,59019.0,108191,D,HUBBARD ROBERT GLENN,Director,1,0,0,,SEC EDGAR
MET|0001420864-26-000022|nonDerivative|2026-09-08|Glaser Daniel S|A|Common  Stock|10|95.50|D,2026-09-17 04:45:13+0000,MET,METLIFE INC,0001099219,4,2026-09-10,2026-09-08,0001420864-26-000022,https://www.sec.gov/Archives/edgar/data/1099219/000142086426000022/wk-form4_1789070515.xml,nonDerivative,2026-09-08,A,Common  Stock,10,95.50,955.0,2705,D,Glaser Daniel S,Director,1,0,0,,SEC EDGAR
MCK|0000927653-26-000249|nonDerivative|2026-09-08|Rutledge Napoleon B JR|S|Common Stock|111|891.45|D,2026-09-17 04:45:13+0000,MCK,MCKESSON CORP,0000927653,4,2026-09-10,2026-09-08,0000927653-26-000249,https://www.sec.gov/Archives/edgar/data/927653/000092765326000249/form4.xml,nonDerivative,2026-09-08,S,Common Stock,111,891.45,98950.95000000001,521,D,Rutledge Napoleon B JR,"Officer, SVP, Controller & CAO",0,1,0,"SVP, Controller & CAO",SEC EDGAR
MAR|0001225208-26-007732|nonDerivative|2026-09-08|Marriott Juliana B.|J|Class A Common Stock|2000000.0000|0.0000|I,2026-09-17 04:45:13+0000,MAR,MARRIOTT INTERNATIONAL INC /MD/,0001048286,4,2026-09-10,2026-09-08,0001225208-26-007732,https://www.sec.gov/Archives/edgar/data/1048286/000122520826007732/doc4.xml,nonDerivative,2026-09-08,J,Class A Common Stock,2000000.0000,0.0000,0.0,20027118.0000,I,Marriott Juliana B.,,,,,,SEC EDGAR
MAR|0001225208-26-007735|nonDerivative|2026-09-08|Marriott David S|J|Class A Common Stock|2000000.0000|0.0000|I,2026-09-17 04:45:13+0000,MAR,MARRIOTT INTERNATIONAL INC /MD/,0001048286,4,2026-09-10,2026-09-08,0001225208-26-007735,https://www.sec.gov/Archives/edgar/data/1048286/000122520826007735/doc4.xml,nonDerivative,2026-09-08,J,Class A Common Stock,2000000.0000,0.0000,0.0,20027118.0000,I,Marriott David S,Director,1,,,,SEC EDGAR
MAR|0001225208-26-007733|nonDerivative|2026-09-08|Juliana B. Marriott Marital Trust|J|Class A Common Stock|2000000.0000|0.0000|I,2026-09-17 04:45:13+0000,MAR,MARRIOTT INTERNATIONAL INC /MD/,0001048286,4,2026-09-10,2026-09-08,0001225208-26-007733,https://www.sec.gov/Archives/edgar/data/1048286/000122520826007733/doc4.xml,nonDerivative,2026-09-08,J,Class A Common Stock,2000000.0000,0.0000,0.0,20027118.0000,I,Juliana B. Marriott Marital Trust,,,,,,SEC EDGAR
MAR|0001225208-26-007734|nonDerivative|2026-09-08|Harrison Deborah Marriott|J|Class A Common Stock|2000000.0000|0.0000|I,2026-09-17 04:45:13+0000,MAR,MARRIOTT INTERNATIONAL INC /MD/,0001048286,4,2026-09-10,2026-09-08,0001225208-26-007734,https://www.sec.gov/Archives/edgar/data/1048286/000122520826007734/doc4.xml,nonDerivative,2026-09-08,J,Class A Common Stock,2000000.0000,0.0000,0.0,20027118.0000,I,Harrison Deborah Marriott,Director,1,,,,SEC EDGAR
LRCX|0001405693-26-000011|nonDerivative|2026-09-09|Mayer Bethany|S|Common Stock|9557|314.74|I,2026-09-17 04:45:13+0000,LRCX,LAM RESEARCH CORP,0000707549,4,2026-09-10,2026-09-09,0001405693-26-000011,https://www.sec.gov/Archives/edgar/data/707549/000140569326000011/wk-form4_1789059862.xml,nonDerivative,2026-09-09,S,Common Stock,9557,314.74,3007970.18,20995,I,Mayer Bethany,Director,1,0,0,,SEC EDGAR
LRCX|0001343600-26-000013|nonDerivative|2026-09-09|ARCHER TIMOTHY|M|Common Stock|30000|30.033|D,2026-09-17 04:45:13+0000,LRCX,LAM RESEARCH CORP,0000707549,4,2026-09-10,2026-09-09,0001343600-26-000013,https://www.sec.gov/Archives/edgar/data/707549/000134360026000013/wk-form4_1789059918.xml,nonDerivative,2026-09-09,M,Common Stock,30000,30.033,900990.0,1105966,D,ARCHER TIMOTHY,"Officer, President and CEO",0,1,0,President and CEO,SEC EDGAR
LRCX|0001343600-26-000013|nonDerivative|2026-09-09|ARCHER TIMOTHY|S|Common Stock|30000|319.26|D,2026-09-17 04:45:13+0000,LRCX,LAM RESEARCH CORP,0000707549,4,2026-09-10,2026-09-09,0001343600-26-000013,https://www.sec.gov/Archives/edgar/data/707549/000134360026000013/wk-form4_1789059918.xml,nonDerivative,2026-09-09,S,Common Stock,30000,319.26,9577800.0,1075966,D,ARCHER TIMOTHY,"Officer, President and CEO",0,1,0,President and CEO,SEC EDGAR
LRCX|0001343600-26-000013|derivative|2026-09-09|ARCHER TIMOTHY|M|Employee Stock Option (Right to Buy)|30000|0|D,2026-09-17 04:45:13+0000,LRCX,LAM RESEARCH CORP,0000707549,4,2026-09-10,2026-09-09,0001343600-26-000013,https://www.sec.gov/Archives/edgar/data/707549/000134360026000013/wk-form4_1789059918.xml,derivative,2026-09-09,M,Employee Stock Option (Right to Buy),30000,0,0.0,31400,D,ARCHER TIMOTHY,"Officer, President and CEO",0,1,0,President and CEO,SEC EDGAR
KKR|0001140361-26-036220|nonDerivative|2026-09-08|BAE JOSEPH Y|G|Common Stock|122403|0|D,2026-09-17 04:45:13+0000,KKR,KKR & Co. Inc.,0001404912,4,2026-09-10,2026-09-08,0001140361-26-036220,https://www.sec.gov/Archives/edgar/data/1404912/000114036126036220/form4.xml,nonDerivative,2026-09-08,G,Common Stock,122403,0,0.0,2211701,D,BAE JOSEPH Y,Co-Chief Executive Officer,true,true,,Co-Chief Executive Officer,SEC EDGAR
KKR|0001140361-26-036220|nonDerivative|2026-09-08|BAE JOSEPH Y|G|Common Stock|345849|0|I,2026-09-17 04:45:13+0000,KKR,KKR & Co. Inc.,0001404912,4,2026-09-10,2026-09-08,0001140361-26-036220,https://www.sec.gov/Archives/edgar/data/1404912/000114036126036220/form4.xml,nonDerivative,2026-09-08,G,Common Stock,345849,0,0.0,1607053,I,BAE JOSEPH Y,Co-Chief Executive Officer,true,true,,Co-Chief Executive Officer,SEC EDGAR
KDP|0001587484-26-000004|nonDerivative|2026-09-08|DeNooyer Mary Beth|S|Common Stock|12000|32.55|D,2026-09-17 04:45:13+0000,KDP,Keurig Dr Pepper Inc.,0001418135,4,2026-09-10,2026-09-08,0001587484-26-000004,https://www.sec.gov/Archives/edgar/data/1418135/000158748426000004/wk-form4_1789076957.xml,nonDerivative,2026-09-08,S,Common Stock,12000,32.55,390599.99999999994,84171,D,DeNooyer Mary Beth,"Officer, Chief Human Resources Officer",0,1,0,Chief Human Resources Officer,SEC EDGAR
KDP|0001587484-26-000004|nonDerivative|2026-09-09|DeNooyer Mary Beth|S|Common Stock|12000|32.30|D,2026-09-17 04:45:13+0000,KDP,Keurig Dr Pepper Inc.,0001418135,4,2026-09-10,2026-09-08,0001587484-26-000004,https://www.sec.gov/Archives/edgar/data/1418135/000158748426000004/wk-form4_1789076957.xml,nonDerivative,2026-09-09,S,Common Stock,12000,32.30,387599.99999999994,72171,D,DeNooyer Mary Beth,"Officer, Chief Human Resources Officer",0,1,0,Chief Human Resources Officer,SEC EDGAR
JPM|0001225208-26-007727|nonDerivative|2026-09-10|Leopold Robin|S|Common Stock|2500.0000|352.8106|D,2026-09-17 04:45:13+0000,JPM,JPMORGAN CHASE & CO,0000019617,4,2026-09-10,2026-09-10,0001225208-26-007727,https://www.sec.gov/Archives/edgar/data/19617/000122520826007727/doc4.xml,nonDerivative,2026-09-10,S,Common Stock,2500.0000,352.8106,882026.5,71047.0000,D,Leopold Robin,"Officer, Head of Human Resources",,1,,Head of Human Resources,SEC EDGAR
JNJ|0000200406-26-000184|derivative|2026-09-08|Woods Eugene A.|A|Deferred Share Units|135.717|276.31|D,2026-09-17 04:45:13+0000,JNJ,JOHNSON & JOHNSON,0000200406,4,2026-09-10,2026-09-08,0000200406-26-000184,https://www.sec.gov/Archives/edgar/data/200406/000020040626000184/wk-form4_1789087843.xml,derivative,2026-09-08,A,Deferred Share Units,135.717,276.31,37499.964270000004,6578.771,D,Woods Eugene A.,Director,1,0,0,,SEC EDGAR
JNJ|0000200406-26-000185|derivative|2026-09-08|Pinto Daniel E|A|Deferred Share Units|113.098|276.31|D,2026-09-17 04:45:13+0000,JNJ,JOHNSON & JOHNSON,0000200406,4,2026-09-10,2026-09-08,0000200406-26-000185,https://www.sec.gov/Archives/edgar/data/200406/000020040626000185/wk-form4_1789087875.xml,derivative,2026-09-08,A,Deferred Share Units,113.098,276.31,31250.10838,2445.177,D,Pinto Daniel E,Director,1,0,0,,SEC EDGAR
JNJ|0000200406-26-000183|derivative|2026-09-08|HEWSON MARILLYN A|A|Deferred Share Units|180.956|276.31|D,2026-09-17 04:45:13+0000,JNJ,JOHNSON & JOHNSON,0000200406,4,2026-09-10,2026-09-08,0000200406-26-000183,https://www.sec.gov/Archives/edgar/data/200406/000020040626000183/wk-form4_1789087809.xml,derivative,2026-09-08,A,Deferred Share Units,180.956,276.31,49999.952359999996,16049.417,D,HEWSON MARILLYN A,Director,1,0,0,,SEC EDGAR
IVZ|0001407922-26-000007|nonDerivative|2026-09-08|Lo Andrew Tak Shing|S|Common Shares|42530|32.845|D,2026-09-17 04:45:13+0000,IVZ,Invesco Ltd.,0000914208,4,2026-09-10,2026-09-08,0001407922-26-000007,https://www.sec.gov/Archives/edgar/data/914208/000140792226000007/wk-form4_1789063372.xml,nonDerivative,2026-09-08,S,Common Shares,42530,32.845,1396897.8499999999,913317,D,Lo Andrew Tak Shing,"Officer, Senior Managing Director",0,1,0,Senior Managing Director,SEC EDGAR
IVZ|0001407922-26-000007|nonDerivative|2026-09-09|Lo Andrew Tak Shing|S|Common Shares|100840|32.20|D,2026-09-17 04:45:13+0000,IVZ,Invesco Ltd.,0000914208,4,2026-09-10,2026-09-08,0001407922-26-000007,https://www.sec.gov/Archives/edgar/data/914208/000140792226000007/wk-form4_1789063372.xml,nonDerivative,2026-09-09,S,Common Shares,100840,32.20,3247048.0000000005,812477,D,Lo Andrew Tak Shing,"Officer, Senior Managing Director",0,1,0,Senior Managing Director,SEC EDGAR
IVZ|0001965994-26-000006|nonDerivative|2026-09-09|Butcher Stephanie|S|Common Shares|45095|32.2825|D,2026-09-17 04:45:13+0000,IVZ,Invesco Ltd.,0000914208,4,2026-09-10,2026-09-09,0001965994-26-000006,https://www.sec.gov/Archives/edgar/data/914208/000196599426000006/wk-form4_1789063223.xml,nonDerivative,2026-09-09,S,Common Shares,45095,32.2825,1455779.3375,10205,D,Butcher Stephanie,"Officer, Senior Managing Director",0,1,0,Senior Managing Director,SEC EDGAR
HOOD|0001817425-26-000012|nonDerivative|2026-09-08|Treseder Oluwadara Johnson|S|Class A Common Stock|1875|125|D,2026-09-17 04:45:13+0000,HOOD,"Robinhood Markets, Inc.",0001783879,4,2026-09-10,2026-09-08,0001817425-26-000012,https://www.sec.gov/Archives/edgar/data/1783879/000181742526000012/wk-form4_1789074490.xml,nonDerivative,2026-09-08,S,Class A Common Stock,1875,125,234375.0,70567,D,Treseder Oluwadara Johnson,Director,1,0,0,,SEC EDGAR
GPC|0001422164-26-000004|nonDerivative|2026-09-08|CARRUTHERS COURT D|A|Common Stock|11935|0|D,2026-09-17 04:45:13+0000,GPC,GENUINE PARTS CO,0000040987,4,2026-09-10,2026-09-08,0001422164-26-000004,https://www.sec.gov/Archives/edgar/data/40987/000142216426000004/wk-form4_1789067591.xml,nonDerivative,2026-09-08,A,Common Stock,11935,0,0.0,11935,D,CARRUTHERS COURT D,Director,1,0,0,,SEC EDGAR
GPC|0001422164-26-000004|nonDerivative|2026-09-08|CARRUTHERS COURT D|A|Common Stock|29838|0|D,2026-09-17 04:45:13+0000,GPC,GENUINE PARTS CO,0000040987,4,2026-09-10,2026-09-08,0001422164-26-000004,https://www.sec.gov/Archives/edgar/data/40987/000142216426000004/wk-form4_1789067591.xml,nonDerivative,2026-09-08,A,Common Stock,29838,0,0.0,41773,D,CARRUTHERS COURT D,Director,1,0,0,,SEC EDGAR
GD|0001193125-26-387811|nonDerivative|2026-09-08|Rayha Mark|F|Common Stock|19|358.07|D,2026-09-17 04:45:13+0000,GD,GENERAL DYNAMICS CORP,0000040533,4,2026-09-10,2026-09-08,0001193125-26-387811,https://www.sec.gov/Archives/edgar/data/40533/000119312526387811/ownership.xml,nonDerivative,2026-09-08,F,Common Stock,19,358.07,6803.33,10403,D,Rayha Mark,Vice President,false,true,false,Vice President,SEC EDGAR
EL|0001145766-26-000006|nonDerivative|2026-09-09|BARSHEFSKY CHARLENE|M|Class A Common Stock|4697|78.36|I,2026-09-17 04:45:13+0000,EL,ESTEE LAUDER COMPANIES INC,0001001250,4,2026-09-10,2026-09-09,0001145766-26-000006,https://www.sec.gov/Archives/edgar/data/1001250/000114576626000006/wk-form4_1789072956.xml,nonDerivative,2026-09-09,M,Class A Common Stock,4697,78.36,368056.92,54745.528,I,BARSHEFSKY CHARLENE,Director,1,0,0,,SEC EDGAR
EL|0001145766-26-000006|nonDerivative|2026-09-09|BARSHEFSKY CHARLENE|S|Class A Common Stock|3775|98.82|I,2026-09-17 04:45:13+0000,EL,ESTEE LAUDER COMPANIES INC,0001001250,4,2026-09-10,2026-09-09,0001145766-26-000006,https://www.sec.gov/Archives/edgar/data/1001250/000114576626000006/wk-form4_1789072956.xml,nonDerivative,2026-09-09,S,Class A Common Stock,3775,98.82,373045.5,50970.528,I,BARSHEFSKY CHARLENE,Director,1,0,0,,SEC EDGAR
EL|0001145766-26-000006|derivative|2026-09-09|BARSHEFSKY CHARLENE|M|Stock Option (Right to Buy)|4697||I,2026-09-17 04:45:13+0000,EL,ESTEE LAUDER COMPANIES INC,0001001250,4,2026-09-10,2026-09-09,0001145766-26-000006,https://www.sec.gov/Archives/edgar/data/1001250/000114576626000006/wk-form4_1789072956.xml,derivative,2026-09-09,M,Stock Option (Right to Buy),4697,,,0,I,BARSHEFSKY CHARLENE,Director,1,0,0,,SEC EDGAR
EBAY|0001065088-26-000190|nonDerivative|2026-09-08|IANNONE JAMIE|S|Common Stock|3844|100.48|D,2026-09-17 04:45:13+0000,EBAY,EBAY INC,0001065088,4,2026-09-10,2026-09-08,0001065088-26-000190,https://www.sec.gov/Archives/edgar/data/1065088/000106508826000190/form4.xml,nonDerivative,2026-09-08,S,Common Stock,3844,100.48,386245.12,238257,D,IANNONE JAMIE,"Director, Officer, President and CEO",1,1,,President and CEO,SEC EDGAR
EBAY|0001065088-26-000190|nonDerivative|2026-09-08|IANNONE JAMIE|S|Common Stock|1331|101.30|D,2026-09-17 04:45:13+0000,EBAY,EBAY INC,0001065088,4,2026-09-10,2026-09-08,0001065088-26-000190,https://www.sec.gov/Archives/edgar/data/1065088/000106508826000190/form4.xml,nonDerivative,2026-09-08,S,Common Stock,1331,101.30,134830.3,236926,D,IANNONE JAMIE,"Director, Officer, President and CEO",1,1,,President and CEO,SEC EDGAR
EBAY|0001065088-26-000190|nonDerivative|2026-09-08|IANNONE JAMIE|S|Common Stock|1155|102.39|D,2026-09-17 04:45:13+0000,EBAY,EBAY INC,0001065088,4,2026-09-10,2026-09-08,0001065088-26-000190,https://www.sec.gov/Archives/edgar/data/1065088/000106508826000190/form4.xml,nonDerivative,2026-09-08,S,Common Stock,1155,102.39,118260.45,235771,D,IANNONE JAMIE,"Director, Officer, President and CEO",1,1,,President and CEO,SEC EDGAR
EBAY|0001065088-26-000190|nonDerivative|2026-09-08|IANNONE JAMIE|S|Common Stock|1596|103.14|D,2026-09-17 04:45:13+0000,EBAY,EBAY INC,0001065088,4,2026-09-10,2026-09-08,0001065088-26-000190,https://www.sec.gov/Archives/edgar/data/1065088/000106508826000190/form4.xml,nonDerivative,2026-09-08,S,Common Stock,1596,103.14,164611.44,234175,D,IANNONE JAMIE,"Director, Officer, President and CEO",1,1,,President and CEO,SEC EDGAR
EBAY|0001065088-26-000190|nonDerivative|2026-09-08|IANNONE JAMIE|S|Common Stock|2911|104.59|D,2026-09-17 04:45:13+0000,EBAY,EBAY INC,0001065088,4,2026-09-10,2026-09-08,0001065088-26-000190,https://www.sec.gov/Archives/edgar/data/1065088/000106508826000190/form4.xml,nonDerivative,2026-09-08,S,Common Stock,2911,104.59,304461.49,231264,D,IANNONE JAMIE,"Director, Officer, President and CEO",1,1,,President and CEO,SEC EDGAR
EBAY|0001065088-26-000190|nonDerivative|2026-09-08|IANNONE JAMIE|S|Common Stock|273|104.95|D,2026-09-17 04:45:13+0000,EBAY,EBAY INC,0001065088,4,2026-09-10,2026-09-08,0001065088-26-000190,https://www.sec.gov/Archives/edgar/data/1065088/000106508826000190/form4.xml,nonDerivative,2026-09-08,S,Common Stock,273,104.95,28651.350000000002,230991,D,IANNONE JAMIE,"Director, Officer, President and CEO",1,1,,President and CEO,SEC EDGAR
EBAY|0001065088-26-000190|nonDerivative|2026-09-09|IANNONE JAMIE|S|Common Stock|1050|102.06|D,2026-09-17 04:45:13+0000,EBAY,EBAY INC,0001065088,4,2026-09-10,2026-09-08,0001065088-26-000190,https://www.sec.gov/Archives/edgar/data/1065088/000106508826000190/form4.xml,nonDerivative,2026-09-09,S,Common Stock,1050,102.06,107163.0,229941,D,IANNONE JAMIE,"Director, Officer, President and CEO",1,1,,President and CEO,SEC EDGAR
EBAY|0001065088-26-000190|nonDerivative|2026-09-09|IANNONE JAMIE|S|Common Stock|2214|102.85|D,2026-09-17 04:45:13+0000,EBAY,EBAY INC,0001065088,4,2026-09-10,2026-09-08,0001065088-26-000190,https://www.sec.gov/Archives/edgar/data/1065088/000106508826000190/form4.xml,nonDerivative,2026-09-09,S,Common Stock,2214,102.85,227709.9,227727,D,IANNONE JAMIE,"Director, Officer, President and CEO",1,1,,President and CEO,SEC EDGAR
EBAY|0001065088-26-000190|nonDerivative|2026-09-09|IANNONE JAMIE|S|Common Stock|3258|103.82|D,2026-09-17 04:45:13+0000,EBAY,EBAY INC,0001065088,4,2026-09-10,2026-09-08,0001065088-26-000190,https://www.sec.gov/Archives/edgar/data/1065088/000106508826000190/form4.xml,nonDerivative,2026-09-09,S,Common Stock,3258,103.82,338245.56,224469,D,IANNONE JAMIE,"Director, Officer, President and CEO",1,1,,President and CEO,SEC EDGAR
EBAY|0001065088-26-000190|nonDerivative|2026-09-09|IANNONE JAMIE|S|Common Stock|3778|105.02|D,2026-09-17 04:45:13+0000,EBAY,EBAY INC,0001065088,4,2026-09-10,2026-09-08,0001065088-26-000190,https://www.sec.gov/Archives/edgar/data/1065088/000106508826000190/form4.xml,nonDerivative,2026-09-09,S,Common Stock,3778,105.02,396765.56,220691,D,IANNONE JAMIE,"Director, Officer, President and CEO",1,1,,President and CEO,SEC EDGAR
EBAY|0001065088-26-000190|nonDerivative|2026-09-09|IANNONE JAMIE|S|Common Stock|810|105.55|D,2026-09-17 04:45:13+0000,EBAY,EBAY INC,0001065088,4,2026-09-10,2026-09-08,0001065088-26-000190,https://www.sec.gov/Archives/edgar/data/1065088/000106508826000190/form4.xml,nonDerivative,2026-09-09,S,Common Stock,810,105.55,85495.5,219881,D,IANNONE JAMIE,"Director, Officer, President and CEO",1,1,,President and CEO,SEC EDGAR
DXCM|0001093557-26-000171|nonDerivative|2026-09-10|Boehnlein Glenn S|A|Common Stock|5841|0|D,2026-09-17 04:45:13+0000,DXCM,DEXCOM INC,0001093557,4,2026-09-10,2026-09-10,0001093557-26-000171,https://www.sec.gov/Archives/edgar/data/1093557/000109355726000171/wk-form4_1789072814.xml,nonDerivative,2026-09-10,A,Common Stock,5841,0,0.0,5841,D,Boehnlein Glenn S,Director,1,0,0,,SEC EDGAR
DHI|0000882184-26-000104|nonDerivative|2026-09-08|Murray Michael J|G|Common Stock|5000|0|D,2026-09-17 04:45:13+0000,DHI,HORTON D R INC /DE/,0000882184,4,2026-09-10,2026-09-08,0000882184-26-000104,https://www.sec.gov/Archives/edgar/data/882184/000088218426000104/form4.xml,nonDerivative,2026-09-08,G,Common Stock,5000,0,0.0,123968,D,Murray Michael J,"Officer, EVP and COO",0,1,0,EVP and COO,SEC EDGAR
"DELL|0001193125-26-388265|nonDerivative|2026-09-08|Silver Lake Technology Investors V, L.P.|M|Class C Common Stock|505||I",2026-09-17 04:45:13+0000,DELL,Dell Technologies Inc.,0001571996,4,2026-09-10,2026-09-08,0001193125-26-388265,https://www.sec.gov/Archives/edgar/data/1571996/000119312526388265/ownership.xml,nonDerivative,2026-09-08,M,Class C Common Stock,505,,,505,I,"Silver Lake Technology Investors V, L.P.",,true,false,true,,SEC EDGAR
"DELL|0001193125-26-388265|nonDerivative|2026-09-08|Silver Lake Technology Investors V, L.P.|S|Class C Common Stock|7|516.27|I",2026-09-17 04:45:13+0000,DELL,Dell Technologies Inc.,0001571996,4,2026-09-10,2026-09-08,0001193125-26-388265,https://www.sec.gov/Archives/edgar/data/1571996/000119312526388265/ownership.xml,nonDerivative,2026-09-08,S,Class C Common Stock,7,516.27,3613.89,498,I,"Silver Lake Technology Investors V, L.P.",,true,false,true,,SEC EDGAR
"DELL|0001193125-26-388265|nonDerivative|2026-09-08|Silver Lake Technology Investors V, L.P.|S|Class C Common Stock|27|517.42|I",2026-09-17 04:45:13+0000,DELL,Dell Technologies Inc.,0001571996,4,2026-09-10,2026-09-08,0001193125-26-388265,https://www.sec.gov/Archives/edgar/data/1571996/000119312526388265/ownership.xml,nonDerivative,2026-09-08,S,Class C Common Stock,27,517.42,13970.339999999998,471,I,"Silver Lake Technology Investors V, L.P.",,true,false,true,,SEC EDGAR
"DELL|0001193125-26-388265|nonDerivative|2026-09-08|Silver Lake Technology Investors V, L.P.|S|Class C Common Stock|24|518.36|I",2026-09-17 04:45:13+0000,DELL,Dell Technologies Inc.,0001571996,4,2026-09-10,2026-09-08,0001193125-26-388265,https://www.sec.gov/Archives/edgar/data/1571996/000119312526388265/ownership.xml,nonDerivative,2026-09-08,S,Class C Common Stock,24,518.36,12440.64,447,I,"Silver Lake Technology Investors V, L.P.",,true,false,true,,SEC EDGAR
"DELL|0001193125-26-388265|nonDerivative|2026-09-08|Silver Lake Technology Investors V, L.P.|S|Class C Common Stock|14|519.31|I",2026-09-17 04:45:13+0000,DELL,Dell Technologies Inc.,0001571996,4,2026-09-10,2026-09-08,0001193125-26-388265,https://www.sec.gov/Archives/edgar/data/1571996/000119312526388265/ownership.xml,nonDerivative,2026-09-08,S,Class C Common Stock,14,519.31,7270.339999999999,433,I,"Silver Lake Technology Investors V, L.P.",,true,false,true,,SEC EDGAR
"DELL|0001193125-26-388265|nonDerivative|2026-09-08|Silver Lake Technology Investors V, L.P.|S|Class C Common Stock|7|520.47|I",2026-09-17 04:45:13+0000,DELL,Dell Technologies Inc.,0001571996,4,2026-09-10,2026-09-08,0001193125-26-388265,https://www.sec.gov/Archives/edgar/data/1571996/000119312526388265/ownership.xml,nonDerivative,2026-09-08,S,Class C Common Stock,7,520.47,3643.29,426,I,"Silver Lake Technology Investors V, L.P.",,true,false,true,,SEC EDGAR
"DELL|0001193125-26-388265|nonDerivative|2026-09-08|Silver Lake Technology Investors V, L.P.|S|Class C Common Stock|22|521.71|I",2026-09-17 04:45:13+0000,DELL,Dell Technologies Inc.,0001571996,4,2026-09-10,2026-09-08,0001193125-26-388265,https://www.sec.gov/Archives/edgar/data/1571996/000119312526388265/ownership.xml,nonDerivative,2026-09-08,S,Class C Common Stock,22,521.71,11477.62,403,I,"Silver Lake Technology Investors V, L.P.",,true,false,true,,SEC EDGAR
"DELL|0001193125-26-388265|nonDerivative|2026-09-08|Silver Lake Technology Investors V, L.P.|S|Class C Common Stock|15|522.65|I",2026-09-17 04:45:13+0000,DELL,Dell Technologies Inc.,0001571996,4,2026-09-10,2026-09-08,0001193125-26-388265,https://www.sec.gov/Archives/edgar/data/1571996/000119312526388265/ownership.xml,nonDerivative,2026-09-08,S,Class C Common Stock,15,522.65,7839.75,388,I,"Silver Lake Technology Investors V, L.P.",,true,false,true,,SEC EDGAR
"DELL|0001193125-26-388265|nonDerivative|2026-09-08|Silver Lake Technology Investors V, L.P.|S|Class C Common Stock|23|523.81|I",2026-09-17 04:45:13+0000,DELL,Dell Technologies Inc.,0001571996,4,2026-09-10,2026-09-08,0001193125-26-388265,https://www.sec.gov/Archives/edgar/data/1571996/000119312526388265/ownership.xml,nonDerivative,2026-09-08,S,Class C Common Stock,23,523.81,12047.63,365,I,"Silver Lake Technology Investors V, L.P.",,true,false,true,,SEC EDGAR
"DELL|0001193125-26-388265|nonDerivative|2026-09-08|Silver Lake Technology Investors V, L.P.|S|Class C Common Stock|27|524.63|I",2026-09-17 04:45:13+0000,DELL,Dell Technologies Inc.,0001571996,4,2026-09-10,2026-09-08,0001193125-26-388265,https://www.sec.gov/Archives/edgar/data/1571996/000119312526388265/ownership.xml,nonDerivative,2026-09-08,S,Class C Common Stock,27,524.63,14165.01,338,I,"Silver Lake Technology Investors V, L.P.",,true,false,true,,SEC EDGAR
"DELL|0001193125-26-388265|nonDerivative|2026-09-08|Silver Lake Technology Investors V, L.P.|S|Class C Common Stock|36|525.75|I",2026-09-17 04:45:13+0000,DELL,Dell Technologies Inc.,0001571996,4,2026-09-10,2026-09-08,0001193125-26-388265,https://www.sec.gov/Archives/edgar/data/1571996/000119312526388265/ownership.xml,nonDerivative,2026-09-08,S,Class C Common Stock,36,525.75,18927.0,302,I,"Silver Lake Technology Investors V, L.P.",,true,false,true,,SEC EDGAR
"DELL|0001193125-26-388265|nonDerivative|2026-09-08|Silver Lake Technology Investors V, L.P.|S|Class C Common Stock|29|526.68|I",2026-09-17 04:45:13+0000,DELL,Dell Technologies Inc.,0001571996,4,2026-09-10,2026-09-08,0001193125-26-388265,https://www.sec.gov/Archives/edgar/data/1571996/000119312526388265/ownership.xml,nonDerivative,2026-09-08,S,Class C Common Stock,29,526.68,15273.72,272,I,"Silver Lake Technology Investors V, L.P.",,true,false,true,,SEC EDGAR
"DELL|0001193125-26-388265|nonDerivative|2026-09-08|Silver Lake Technology Investors V, L.P.|S|Class C Common Stock|46|527.70|I",2026-09-17 04:45:13+0000,DELL,Dell Technologies Inc.,0001571996,4,2026-09-10,2026-09-08,0001193125-26-388265,https://www.sec.gov/Archives/edgar/data/1571996/000119312526388265/ownership.xml,nonDerivative,2026-09-08,S,Class C Common Stock,46,527.70,24274.2,226,I,"Silver Lake Technology Investors V, L.P.",,true,false,true,,SEC EDGAR
"DELL|0001193125-26-388265|nonDerivative|2026-09-08|Silver Lake Technology Investors V, L.P.|S|Class C Common Stock|31|528.68|I",2026-09-17 04:45:13+0000,DELL,Dell Technologies Inc.,0001571996,4,2026-09-10,2026-09-08,0001193125-26-388265,https://www.sec.gov/Archives/edgar/data/1571996/000119312526388265/ownership.xml,nonDerivative,2026-09-08,S,Class C Common Stock,31,528.68,16389.079999999998,195,I,"Silver Lake Technology Investors V, L.P.",,true,false,true,,SEC EDGAR
"DELL|0001193125-26-388265|nonDerivative|2026-09-08|Silver Lake Technology Investors V, L.P.|S|Class C Common Stock|55|529.83|I",2026-09-17 04:45:13+0000,DELL,Dell Technologies Inc.,0001571996,4,2026-09-10,2026-09-08,0001193125-26-388265,https://www.sec.gov/Archives/edgar/data/1571996/000119312526388265/ownership.xml,nonDerivative,2026-09-08,S,Class C Common Stock,55,529.83,29140.65,141,I,"Silver Lake Technology Investors V, L.P.",,true,false,true,,SEC EDGAR
"DELL|0001193125-26-388265|nonDerivative|2026-09-08|Silver Lake Technology Investors V, L.P.|S|Class C Common Stock|23|530.66|I",2026-09-17 04:45:13+0000,DELL,Dell Technologies Inc.,0001571996,4,2026-09-10,2026-09-08,0001193125-26-388265,https://www.sec.gov/Archives/edgar/data/1571996/000119312526388265/ownership.xml,nonDerivative,2026-09-08,S,Class C Common Stock,23,530.66,12205.179999999998,118,I,"Silver Lake Technology Investors V, L.P.",,true,false,true,,SEC EDGAR
"DELL|0001193125-26-388265|nonDerivative|2026-09-08|Silver Lake Technology Investors V, L.P.|S|Class C Common Stock|39|531.92|I",2026-09-17 04:45:13+0000,DELL,Dell Technologies Inc.,0001571996,4,2026-09-10,2026-09-08,0001193125-26-388265,https://www.sec.gov/Archives/edgar/data/1571996/000119312526388265/ownership.xml,nonDerivative,2026-09-08,S,Class C Common Stock,39,531.92,20744.879999999997,79,I,"Silver Lake Technology Investors V, L.P.",,true,false,true,,SEC EDGAR
"DELL|0001193125-26-388265|nonDerivative|2026-09-08|Silver Lake Technology Investors V, L.P.|S|Class C Common Stock|19|532.85|I",2026-09-17 04:45:13+0000,DELL,Dell Technologies Inc.,0001571996,4,2026-09-10,2026-09-08,0001193125-26-388265,https://www.sec.gov/Archives/edgar/data/1571996/000119312526388265/ownership.xml,nonDerivative,2026-09-08,S,Class C Common Stock,19,532.85,10124.15,60,I,"Silver Lake Technology Investors V, L.P.",,true,false,true,,SEC EDGAR
"DELL|0001193125-26-388265|nonDerivative|2026-09-08|Silver Lake Technology Investors V, L.P.|S|Class C Common Stock|17|533.85|I",2026-09-17 04:45:13+0000,DELL,Dell Technologies Inc.,0001571996,4,2026-09-10,2026-09-08,0001193125-26-388265,https://www.sec.gov/Archives/edgar/data/1571996/000119312526388265/ownership.xml,nonDerivative,2026-09-08,S,Class C Common Stock,17,533.85,9075.45,43,I,"Silver Lake Technology Investors V, L.P.",,true,false,true,,SEC EDGAR
"DELL|0001193125-26-388265|nonDerivative|2026-09-08|Silver Lake Technology Investors V, L.P.|S|Class C Common Stock|17|534.94|I",2026-09-17 04:45:13+0000,DELL,Dell Technologies Inc.,0001571996,4,2026-09-10,2026-09-08,0001193125-26-388265,https://www.sec.gov/Archives/edgar/data/1571996/000119312526388265/ownership.xml,nonDerivative,2026-09-08,S,Class C Common Stock,17,534.94,9093.980000000001,26,I,"Silver Lake Technology Investors V, L.P.",,true,false,true,,SEC EDGAR
"DELL|0001193125-26-388265|nonDerivative|2026-09-08|Silver Lake Technology Investors V, L.P.|S|Class C Common Stock|14|535.73|I",2026-09-17 04:45:13+0000,DELL,Dell Technologies Inc.,0001571996,4,2026-09-10,2026-09-08,0001193125-26-388265,https://www.sec.gov/Archives/edgar/data/1571996/000119312526388265/ownership.xml,nonDerivative,2026-09-08,S,Class C Common Stock,14,535.73,7500.22,11,I,"Silver Lake Technology Investors V, L.P.",,true,false,true,,SEC EDGAR
"DELL|0001193125-26-388265|nonDerivative|2026-09-08|Silver Lake Technology Investors V, L.P.|S|Class C Common Stock|11|536.40|I",2026-09-17 04:45:13+0000,DELL,Dell Technologies Inc.,0001571996,4,2026-09-10,2026-09-08,0001193125-26-388265,https://www.sec.gov/Archives/edgar/data/1571996/000119312526388265/ownership.xml,nonDerivative,2026-09-08,S,Class C Common Stock,11,536.40,5900.4,0,I,"Silver Lake Technology Investors V, L.P.",,true,false,true,,SEC EDGAR
"DELL|0001193125-26-388265|derivative|2026-09-08|Silver Lake Technology Investors V, L.P.|M|Class B Common Stock|505|0|I",2026-09-17 04:45:13+0000,DELL,Dell Technologies Inc.,0001571996,4,2026-09-10,2026-09-08,0001193125-26-388265,https://www.sec.gov/Archives/edgar/data/1571996/000119312526388265/ownership.xml,derivative,2026-09-08,M,Class B Common Stock,505,0,0.0,111587,I,"Silver Lake Technology Investors V, L.P.",,true,false,true,,SEC EDGAR
"DELL|0001193125-26-388263|nonDerivative|2026-09-08|Silver Lake Technology Investors IV, L.P.|M|Class C Common Stock|1119||I",2026-09-17 04:45:13+0000,DELL,Dell Technologies Inc.,0001571996,4,2026-09-10,2026-09-08,0001193125-26-388263,https://www.sec.gov/Archives/edgar/data/1571996/000119312526388263/ownership.xml,nonDerivative,2026-09-08,M,Class C Common Stock,1119,,,1119,I,"Silver Lake Technology Investors IV, L.P.",,true,false,true,,SEC EDGAR
"DELL|0001193125-26-388263|nonDerivative|2026-09-08|Silver Lake Technology Investors IV, L.P.|S|Class C Common Stock|16|516.27|I",2026-09-17 04:45:13+0000,DELL,Dell Technologies Inc.,0001571996,4,2026-09-10,2026-09-08,0001193125-26-388263,https://www.sec.gov/Archives/edgar/data/1571996/000119312526388263/ownership.xml,nonDerivative,2026-09-08,S,Class C Common Stock,16,516.27,8260.32,1103,I,"Silver Lake Technology Investors IV, L.P.",,true,false,true,,SEC EDGAR
"DELL|0001193125-26-388263|nonDerivative|2026-09-08|Silver Lake Technology Investors IV, L.P.|S|Class C Common Stock|60|517.42|I",2026-09-17 04:45:13+0000,DELL,Dell Technologies Inc.,0001571996,4,2026-09-10,2026-09-08,0001193125-26-388263,https://www.sec.gov/Archives/edgar/data/1571996/000119312526388263/ownership.xml,nonDerivative,2026-09-08,S,Class C Common Stock,60,517.42,31045.199999999997,1044,I,"Silver Lake Technology Investors IV, L.P.",,true,false,true,,SEC EDGAR
"DELL|0001193125-26-388263|nonDerivative|2026-09-08|Silver Lake Technology Investors IV, L.P.|S|Class C Common Stock|52|518.36|I",2026-09-17 04:45:13+0000,DELL,Dell Technologies Inc.,0001571996,4,2026-09-10,2026-09-08,0001193125-26-388263,https://www.sec.gov/Archives/edgar/data/1571996/000119312526388263/ownership.xml,nonDerivative,2026-09-08,S,Class C Common Stock,52,518.36,26954.72,992,I,"Silver Lake Technology Investors IV, L.P.",,true,false,true,,SEC EDGAR
"DELL|0001193125-26-388263|nonDerivative|2026-09-08|Silver Lake Technology Investors IV, L.P.|S|Class C Common Stock|32|519.31|I",2026-09-17 04:45:13+0000,DELL,Dell Technologies Inc.,0001571996,4,2026-09-10,2026-09-08,0001193125-26-388263,https://www.sec.gov/Archives/edgar/data/1571996/000119312526388263/ownership.xml,nonDerivative,2026-09-08,S,Class C Common Stock,32,519.31,16617.92,960,I,"Silver Lake Technology Investors IV, L.P.",,true,false,true,,SEC EDGAR
"DELL|0001193125-26-388263|nonDerivative|2026-09-08|Silver Lake Technology Investors IV, L.P.|S|Class C Common Stock|16|520.47|I",2026-09-17 04:45:13+0000,DELL,Dell Technologies Inc.,0001571996,4,2026-09-10,2026-09-08,0001193125-26-388263,https://www.sec.gov/Archives/edgar/data/1571996/000119312526388263/ownership.xml,nonDerivative,2026-09-08,S,Class C Common Stock,16,520.47,8327.52,943,I,"Silver Lake Technology Investors IV, L.P.",,true,false,true,,SEC EDGAR
"DELL|0001193125-26-388263|nonDerivative|2026-09-08|Silver Lake Technology Investors IV, L.P.|S|Class C Common Stock|50|521.71|I",2026-09-17 04:45:13+0000,DELL,Dell Technologies Inc.,0001571996,4,2026-09-10,2026-09-08,0001193125-26-388263,https://www.sec.gov/Archives/edgar/data/1571996/000119312526388263/ownership.xml,nonDerivative,2026-09-08,S,Class C Common Stock,50,521.71,26085.5,893,I,"Silver Lake Technology Investors IV, L.P.",,true,false,true,,SEC EDGAR
"DELL|0001193125-26-388263|nonDerivative|2026-09-08|Silver Lake Technology Investors IV, L.P.|S|Class C Common Stock|33|522.65|I",2026-09-17 04:45:13+0000,DELL,Dell Technologies Inc.,0001571996,4,2026-09-10,2026-09-08,0001193125-26-388263,https://www.sec.gov/Archives/edgar/data/1571996/000119312526388263/ownership.xml,nonDerivative,2026-09-08,S,Class C Common Stock,33,522.65,17247.45,860,I,"Silver Lake Technology Investors IV, L.P.",,true,false,true,,SEC EDGAR
"DELL|0001193125-26-388263|nonDerivative|2026-09-08|Silver Lake Technology Investors IV, L.P.|S|Class C Common Stock|51|523.81|I",2026-09-17 04:45:13+0000,DELL,Dell Technologies Inc.,0001571996,4,2026-09-10,2026-09-08,0001193125-26-388263,https://www.sec.gov/Archives/edgar/data/1571996/000119312526388263/ownership.xml,nonDerivative,2026-09-08,S,Class C Common Stock,51,523.81,26714.309999999998,809,I,"Silver Lake Technology Investors IV, L.P.",,true,false,true,,SEC EDGAR
"DELL|0001193125-26-388263|nonDerivative|2026-09-08|Silver Lake Technology Investors IV, L.P.|S|Class C Common Stock|60|524.63|I",2026-09-17 04:45:13+0000,DELL,Dell Technologies Inc.,0001571996,4,2026-09-10,2026-09-08,0001193125-26-388263,https://www.sec.gov/Archives/edgar/data/1571996/000119312526388263/ownership.xml,nonDerivative,2026-09-08,S,Class C Common Stock,60,524.63,31477.8,749,I,"Silver Lake Technology Investors IV, L.P.",,true,false,true,,SEC EDGAR
"DELL|0001193125-26-388263|nonDerivative|2026-09-08|Silver Lake Technology Investors IV, L.P.|S|Class C Common Stock|81|525.75|I",2026-09-17 04:45:13+0000,DELL,Dell Technologies Inc.,0001571996,4,2026-09-10,2026-09-08,0001193125-26-388263,https://www.sec.gov/Archives/edgar/data/1571996/000119312526388263/ownership.xml,nonDerivative,2026-09-08,S,Class C Common Stock,81,525.75,42585.75,668,I,"Silver Lake Technology Investors IV, L.P.",,true,false,true,,SEC EDGAR
"DELL|0001193125-26-388263|nonDerivative|2026-09-08|Silver Lake Technology Investors IV, L.P.|S|Class C Common Stock|65|526.68|I",2026-09-17 04:45:13+0000,DELL,Dell Technologies Inc.,0001571996,4,2026-09-10,2026-09-08,0001193125-26-388263,https://www.sec.gov/Archives/edgar/data/1571996/000119312526388263/ownership.xml,nonDerivative,2026-09-08,S,Class C Common Stock,65,526.68,34234.2,603,I,"Silver Lake Technology Investors IV, L.P.",,true,false,true,,SEC EDGAR
"DELL|0001193125-26-388263|nonDerivative|2026-09-08|Silver Lake Technology Investors IV, L.P.|S|Class C Common Stock|102|527.70|I",2026-09-17 04:45:13+0000,DELL,Dell Technologies Inc.,0001571996,4,2026-09-10,2026-09-08,0001193125-26-388263,https://www.sec.gov/Archives/edgar/data/1571996/000119312526388263/ownership.xml,nonDerivative,2026-09-08,S,Class C Common Stock,102,527.70,53825.4,501,I,"Silver Lake Technology Investors IV, L.P.",,true,false,true,,SEC EDGAR
"DELL|0001193125-26-388263|nonDerivative|2026-09-08|Silver Lake Technology Investors IV, L.P.|S|Class C Common Stock|68|528.68|I",2026-09-17 04:45:13+0000,DELL,Dell Technologies Inc.,0001571996,4,2026-09-10,2026-09-08,0001193125-26-388263,https://www.sec.gov/Archives/edgar/data/1571996/000119312526388263/ownership.xml,nonDerivative,2026-09-08,S,Class C Common Stock,68,528.68,35950.24,433,I,"Silver Lake Technology Investors IV, L.P.",,true,false,true,,SEC EDGAR
"DELL|0001193125-26-388263|nonDerivative|2026-09-08|Silver Lake Technology Investors IV, L.P.|S|Class C Common Stock|121|529.83|I",2026-09-17 04:45:13+0000,DELL,Dell Technologies Inc.,0001571996,4,2026-09-10,2026-09-08,0001193125-26-388263,https://www.sec.gov/Archives/edgar/data/1571996/000119312526388263/ownership.xml,nonDerivative,2026-09-08,S,Class C Common Stock,121,529.83,64109.43000000001,312,I,"Silver Lake Technology Investors IV, L.P.",,true,false,true,,SEC EDGAR
"DELL|0001193125-26-388263|nonDerivative|2026-09-08|Silver Lake Technology Investors IV, L.P.|S|Class C Common Stock|51|530.66|I",2026-09-17 04:45:13+0000,DELL,Dell Technologies Inc.,0001571996,4,2026-09-10,2026-09-08,0001193125-26-388263,https://www.sec.gov/Archives/edgar/data/1571996/000119312526388263/ownership.xml,nonDerivative,2026-09-08,S,Class C Common Stock,51,530.66,27063.66,261,I,"Silver Lake Technology Investors IV, L.P.",,true,false,true,,SEC EDGAR
"DELL|0001193125-26-388263|nonDerivative|2026-09-08|Silver Lake Technology Investors IV, L.P.|S|Class C Common Stock|87|531.92|I",2026-09-17 04:45:13+0000,DELL,Dell Technologies Inc.,0001571996,4,2026-09-10,2026-09-08,0001193125-26-388263,https://www.sec.gov/Archives/edgar/data/1571996/000119312526388263/ownership.xml,nonDerivative,2026-09-08,S,Class C Common Stock,87,531.92,46277.03999999999,175,I,"Silver Lake Technology Investors IV, L.P.",,true,false,true,,SEC EDGAR
"DELL|0001193125-26-388263|nonDerivative|2026-09-08|Silver Lake Technology Investors IV, L.P.|S|Class C Common Stock|42|532.85|I",2026-09-17 04:45:13+0000,DELL,Dell Technologies Inc.,0001571996,4,2026-09-10,2026-09-08,0001193125-26-388263,https://www.sec.gov/Archives/edgar/data/1571996/000119312526388263/ownership.xml,nonDerivative,2026-09-08,S,Class C Common Stock,42,532.85,22379.7,133,I,"Silver Lake Technology Investors IV, L.P.",,true,false,true,,SEC EDGAR
"DELL|0001193125-26-388263|nonDerivative|2026-09-08|Silver Lake Technology Investors IV, L.P.|S|Class C Common Stock|38|533.85|I",2026-09-17 04:45:13+0000,DELL,Dell Technologies Inc.,0001571996,4,2026-09-10,2026-09-08,0001193125-26-388263,https://www.sec.gov/Archives/edgar/data/1571996/000119312526388263/ownership.xml,nonDerivative,2026-09-08,S,Class C Common Stock,38,533.85,20286.3,95,I,"Silver Lake Technology Investors IV, L.P.",,true,false,true,,SEC EDGAR
"DELL|0001193125-26-388263|nonDerivative|2026-09-08|Silver Lake Technology Investors IV, L.P.|S|Class C Common Stock|38|534.94|I",2026-09-17 04:45:13+0000,DELL,Dell Technologies Inc.,0001571996,4,2026-09-10,2026-09-08,0001193125-26-388263,https://www.sec.gov/Archives/edgar/data/1571996/000119312526388263/ownership.xml,nonDerivative,2026-09-08,S,Class C Common Stock,38,534.94,20327.72,57,I,"Silver Lake Technology Investors IV, L.P.",,true,false,true,,SEC EDGAR
"DELL|0001193125-26-388263|nonDerivative|2026-09-08|Silver Lake Technology Investors IV, L.P.|S|Class C Common Stock|31|535.73|I",2026-09-17 04:45:13+0000,DELL,Dell Technologies Inc.,0001571996,4,2026-09-10,2026-09-08,0001193125-26-388263,https://www.sec.gov/Archives/edgar/data/1571996/000119312526388263/ownership.xml,nonDerivative,2026-09-08,S,Class C Common Stock,31,535.73,16607.63,25,I,"Silver Lake Technology Investors IV, L.P.",,true,false,true,,SEC EDGAR
"DELL|0001193125-26-388263|nonDerivative|2026-09-08|Silver Lake Technology Investors IV, L.P.|S|Class C Common Stock|25|536.40|I",2026-09-17 04:45:13+0000,DELL,Dell Technologies Inc.,0001571996,4,2026-09-10,2026-09-08,0001193125-26-388263,https://www.sec.gov/Archives/edgar/data/1571996/000119312526388263/ownership.xml,nonDerivative,2026-09-08,S,Class C Common Stock,25,536.40,13410.0,0,I,"Silver Lake Technology Investors IV, L.P.",,true,false,true,,SEC EDGAR
"DELL|0001193125-26-388263|derivative|2026-09-08|Silver Lake Technology Investors IV, L.P.|M|Class B Common Stock|1119|0|I",2026-09-17 04:45:13+0000,DELL,Dell Technologies Inc.,0001571996,4,2026-09-10,2026-09-08,0001193125-26-388263,https://www.sec.gov/Archives/edgar/data/1571996/000119312526388263/ownership.xml,derivative,2026-09-08,M,Class B Common Stock,1119,0,0.0,247451,I,"Silver Lake Technology Investors IV, L.P.",,true,false,true,,SEC EDGAR
"DELL|0001193125-26-388264|nonDerivative|2026-09-08|Silver Lake Partners V DE (AIV), L.P.|M|Class C Common Stock|41165||I",2026-09-17 04:45:13+0000,DELL,Dell Technologies Inc.,0001571996,4,2026-09-10,2026-09-08,0001193125-26-388264,https://www.sec.gov/Archives/edgar/data/1571996/000119312526388264/ownership.xml,nonDerivative,2026-09-08,M,Class C Common Stock,41165,,,91428,I,"Silver Lake Partners V DE (AIV), L.P.",,true,false,true,,SEC EDGAR
"DELL|0001193125-26-388264|nonDerivative|2026-09-08|Silver Lake Partners V DE (AIV), L.P.|S|Class C Common Stock|404|516.27|I",2026-09-17 04:45:13+0000,DELL,Dell Technologies Inc.,0001571996,4,2026-09-10,2026-09-08,0001193125-26-388264,https://www.sec.gov/Archives/edgar/data/1571996/000119312526388264/ownership.xml,nonDerivative,2026-09-08,S,Class C Common Stock,404,516.27,208573.08,91024,I,"Silver Lake Partners V DE (AIV), L.P.",,true,false,true,,SEC EDGAR
"DELL|0001193125-26-388264|nonDerivative|2026-09-08|Silver Lake Partners V DE (AIV), L.P.|S|Class C Common Stock|1529|517.42|I",2026-09-17 04:45:13+0000,DELL,Dell Technologies Inc.,0001571996,4,2026-09-10,2026-09-08,0001193125-26-388264,https://www.sec.gov/Archives/edgar/data/1571996/000119312526388264/ownership.xml,nonDerivative,2026-09-08,S,Class C Common Stock,1529,517.42,791135.1799999999,89495,I,"Silver Lake Partners V DE (AIV), L.P.",,true,false,true,,SEC EDGAR
"DELL|0001193125-26-388264|nonDerivative|2026-09-08|Silver Lake Partners V DE (AIV), L.P.|S|Class C Common Stock|1336|518.36|I",2026-09-17 04:45:13+0000,DELL,Dell Technologies Inc.,0001571996,4,2026-09-10,2026-09-08,0001193125-26-388264,https://www.sec.gov/Archives/edgar/data/1571996/000119312526388264/ownership.xml,nonDerivative,2026-09-08,S,Class C Common Stock,1336,518.36,692528.96,88159,I,"Silver Lake Partners V DE (AIV), L.P.",,true,false,true,,SEC EDGAR
"DELL|0001193125-26-388264|nonDerivative|2026-09-08|Silver Lake Partners V DE (AIV), L.P.|S|Class C Common Stock|820|519.31|I",2026-09-17 04:45:13+0000,DELL,Dell Technologies Inc.,0001571996,4,2026-09-10,2026-09-08,0001193125-26-388264,https://www.sec.gov/Archives/edgar/data/1571996/000119312526388264/ownership.xml,nonDerivative,2026-09-08,S,Class C Common Stock,820,519.31,425834.19999999995,87338,I,"Silver Lake Partners V DE (AIV), L.P.",,true,false,true,,SEC EDGAR
"DELL|0001193125-26-388264|nonDerivative|2026-09-08|Silver Lake Partners V DE (AIV), L.P.|S|Class C Common Stock|423|520.47|I",2026-09-17 04:45:13+0000,DELL,Dell Technologies Inc.,0001571996,4,2026-09-10,2026-09-08,0001193125-26-388264,https://www.sec.gov/Archives/edgar/data/1571996/000119312526388264/ownership.xml,nonDerivative,2026-09-08,S,Class C Common Stock,423,520.47,220158.81,86916,I,"Silver Lake Partners V DE (AIV), L.P.",,true,false,true,,SEC EDGAR
"DELL|0001193125-26-388264|nonDerivative|2026-09-08|Silver Lake Partners V DE (AIV), L.P.|S|Class C Common Stock|1278|521.71|I",2026-09-17 04:45:13+0000,DELL,Dell Technologies Inc.,0001571996,4,2026-09-10,2026-09-08,0001193125-26-388264,https://www.sec.gov/Archives/edgar/data/1571996/000119312526388264/ownership.xml,nonDerivative,2026-09-08,S,Class C Common Stock,1278,521.71,666745.38,85637,I,"Silver Lake Partners V DE (AIV), L.P.",,true,false,true,,SEC EDGAR
"DELL|0001193125-26-388264|nonDerivative|2026-09-08|Silver Lake Partners V DE (AIV), L.P.|S|Class C Common Stock|856|522.65|I",2026-09-17 04:45:13+0000,DELL,Dell Technologies Inc.,0001571996,4,2026-09-10,2026-09-08,0001193125-26-388264,https://www.sec.gov/Archives/edgar/data/1571996/000119312526388264/ownership.xml,nonDerivative,2026-09-08,S,Class C Common Stock,856,522.65,447388.39999999997,84781,I,"Silver Lake Partners V DE (AIV), L.P.",,true,false,true,,SEC EDGAR
"DELL|0001193125-26-388264|nonDerivative|2026-09-08|Silver Lake Partners V DE (AIV), L.P.|S|Class C Common Stock|1306|523.81|I",2026-09-17 04:45:13+0000,DELL,Dell Technologies Inc.,0001571996,4,2026-09-10,2026-09-08,0001193125-26-388264,https://www.sec.gov/Archives/edgar/data/1571996/000119312526388264/ownership.xml,nonDerivative,2026-09-08,S,Class C Common Stock,1306,523.81,684095.86,83475,I,"Silver Lake Partners V DE (AIV), L.P.",,true,false,true,,SEC EDGAR
"DELL|0001193125-26-388264|nonDerivative|2026-09-08|Silver Lake Partners V DE (AIV), L.P.|S|Class C Common Stock|1537|524.63|I",2026-09-17 04:45:13+0000,DELL,Dell Technologies Inc.,0001571996,4,2026-09-10,2026-09-08,0001193125-26-388264,https://www.sec.gov/Archives/edgar/data/1571996/000119312526388264/ownership.xml,nonDerivative,2026-09-08,S,Class C Common Stock,1537,524.63,806356.3099999999,81938,I,"Silver Lake Partners V DE (AIV), L.P.",,true,false,true,,SEC EDGAR
"DELL|0001193125-26-388264|nonDerivative|2026-09-08|Silver Lake Partners V DE (AIV), L.P.|S|Class C Common Stock|2073|525.75|I",2026-09-17 04:45:13+0000,DELL,Dell Technologies Inc.,0001571996,4,2026-09-10,2026-09-08,0001193125-26-388264,https://www.sec.gov/Archives/edgar/data/1571996/000119312526388264/ownership.xml,nonDerivative,2026-09-08,S,Class C Common Stock,2073,525.75,1089879.75,79866,I,"Silver Lake Partners V DE (AIV), L.P.",,true,false,true,,SEC EDGAR
"DELL|0001193125-26-388264|nonDerivative|2026-09-08|Silver Lake Partners V DE (AIV), L.P.|S|Class C Common Stock|1669|526.68|I",2026-09-17 04:45:13+0000,DELL,Dell Technologies Inc.,0001571996,4,2026-09-10,2026-09-08,0001193125-26-388264,https://www.sec.gov/Archives/edgar/data/1571996/000119312526388264/ownership.xml,nonDerivative,2026-09-08,S,Class C Common Stock,1669,526.68,879028.9199999999,78196,I,"Silver Lake Partners V DE (AIV), L.P.",,true,false,true,,SEC EDGAR
"DELL|0001193125-26-388264|nonDerivative|2026-09-08|Silver Lake Partners V DE (AIV), L.P.|S|Class C Common Stock|2617|527.70|I",2026-09-17 04:45:13+0000,DELL,Dell Technologies Inc.,0001571996,4,2026-09-10,2026-09-08,0001193125-26-388264,https://www.sec.gov/Archives/edgar/data/1571996/000119312526388264/ownership.xml,nonDerivative,2026-09-08,S,Class C Common Stock,2617,527.70,1380990.9000000001,75580,I,"Silver Lake Partners V DE (AIV), L.P.",,true,false,true,,SEC EDGAR
"DELL|0001193125-26-388264|nonDerivative|2026-09-08|Silver Lake Partners V DE (AIV), L.P.|S|Class C Common Stock|1739|528.68|I",2026-09-17 04:45:13+0000,DELL,Dell Technologies Inc.,0001571996,4,2026-09-10,2026-09-08,0001193125-26-388264,https://www.sec.gov/Archives/edgar/data/1571996/000119312526388264/ownership.xml,nonDerivative,2026-09-08,S,Class C Common Stock,1739,528.68,919374.5199999999,73841,I,"Silver Lake Partners V DE (AIV), L.P.",,true,false,true,,SEC EDGAR
"DELL|0001193125-26-388264|nonDerivative|2026-09-08|Silver Lake Partners V DE (AIV), L.P.|S|Class C Common Stock|3109|529.83|I",2026-09-17 04:45:13+0000,DELL,Dell Technologies Inc.,0001571996,4,2026-09-10,2026-09-08,0001193125-26-388264,https://www.sec.gov/Archives/edgar/data/1571996/000119312526388264/ownership.xml,nonDerivative,2026-09-08,S,Class C Common Stock,3109,529.83,1647241.4700000002,70732,I,"Silver Lake Partners V DE (AIV), L.P.",,true,false,true,,SEC EDGAR
"DELL|0001193125-26-388264|nonDerivative|2026-09-08|Silver Lake Partners V DE (AIV), L.P.|S|Class C Common Stock|1299|530.66|I",2026-09-17 04:45:13+0000,DELL,Dell Technologies Inc.,0001571996,4,2026-09-10,2026-09-08,0001193125-26-388264,https://www.sec.gov/Archives/edgar/data/1571996/000119312526388264/ownership.xml,nonDerivative,2026-09-08,S,Class C Common Stock,1299,530.66,689327.34,69433,I,"Silver Lake Partners V DE (AIV), L.P.",,true,false,true,,SEC EDGAR
"DELL|0001193125-26-388264|nonDerivative|2026-09-08|Silver Lake Partners V DE (AIV), L.P.|S|Class C Common Stock|2225|531.92|I",2026-09-17 04:45:13+0000,DELL,Dell Technologies Inc.,0001571996,4,2026-09-10,2026-09-08,0001193125-26-388264,https://www.sec.gov/Archives/edgar/data/1571996/000119312526388264/ownership.xml,nonDerivative,2026-09-08,S,Class C Common Stock,2225,531.92,1183522.0,67208,I,"Silver Lake Partners V DE (AIV), L.P.",,true,false,true,,SEC EDGAR
"DELL|0001193125-26-388264|nonDerivative|2026-09-08|Silver Lake Partners V DE (AIV), L.P.|S|Class C Common Stock|1074|532.85|I",2026-09-17 04:45:13+0000,DELL,Dell Technologies Inc.,0001571996,4,2026-09-10,2026-09-08,0001193125-26-388264,https://www.sec.gov/Archives/edgar/data/1571996/000119312526388264/ownership.xml,nonDerivative,2026-09-08,S,Class C Common Stock,1074,532.85,572280.9,66134,I,"Silver Lake Partners V DE (AIV), L.P.",,true,false,true,,SEC EDGAR
"DELL|0001193125-26-388264|nonDerivative|2026-09-08|Silver Lake Partners V DE (AIV), L.P.|S|Class C Common Stock|968|533.85|I",2026-09-17 04:45:13+0000,DELL,Dell Technologies Inc.,0001571996,4,2026-09-10,2026-09-08,0001193125-26-388264,https://www.sec.gov/Archives/edgar/data/1571996/000119312526388264/ownership.xml,nonDerivative,2026-09-08,S,Class C Common Stock,968,533.85,516766.80000000005,65166,I,"Silver Lake Partners V DE (AIV), L.P.",,true,false,true,,SEC EDGAR
"DELL|0001193125-26-388264|nonDerivative|2026-09-08|Silver Lake Partners V DE (AIV), L.P.|S|Class C Common Stock|982|534.94|I",2026-09-17 04:45:13+0000,DELL,Dell Technologies Inc.,0001571996,4,2026-09-10,2026-09-08,0001193125-26-388264,https://www.sec.gov/Archives/edgar/data/1571996/000119312526388264/ownership.xml,nonDerivative,2026-09-08,S,Class C Common Stock,982,534.94,525311.0800000001,64184,I,"Silver Lake Partners V DE (AIV), L.P.",,true,false,true,,SEC EDGAR
"DELL|0001193125-26-388264|nonDerivative|2026-09-08|Silver Lake Partners V DE (AIV), L.P.|S|Class C Common Stock|803|535.73|I",2026-09-17 04:45:13+0000,DELL,Dell Technologies Inc.,0001571996,4,2026-09-10,2026-09-08,0001193125-26-388264,https://www.sec.gov/Archives/edgar/data/1571996/000119312526388264/ownership.xml,nonDerivative,2026-09-08,S,Class C Common Stock,803,535.73,430191.19,63381,I,"Silver Lake Partners V DE (AIV), L.P.",,true,false,true,,SEC EDGAR
"DELL|0001193125-26-388264|nonDerivative|2026-09-08|Silver Lake Partners V DE (AIV), L.P.|S|Class C Common Stock|648|536.40|I",2026-09-17 04:45:13+0000,DELL,Dell Technologies Inc.,0001571996,4,2026-09-10,2026-09-08,0001193125-26-388264,https://www.sec.gov/Archives/edgar/data/1571996/000119312526388264/ownership.xml,nonDerivative,2026-09-08,S,Class C Common Stock,648,536.40,347587.2,62733,I,"Silver Lake Partners V DE (AIV), L.P.",,true,false,true,,SEC EDGAR
"DELL|0001193125-26-388264|nonDerivative|2026-09-08|Silver Lake Partners V DE (AIV), L.P.|J|Class C Common Stock|50263||I",2026-09-17 04:45:13+0000,DELL,Dell Technologies Inc.,0001571996,4,2026-09-10,2026-09-08,0001193125-26-388264,https://www.sec.gov/Archives/edgar/data/1571996/000119312526388264/ownership.xml,nonDerivative,2026-09-08,J,Class C Common Stock,50263,,,12470,I,"Silver Lake Partners V DE (AIV), L.P.",,true,false,true,,SEC EDGAR
"DELL|0001193125-26-388264|derivative|2026-09-08|Silver Lake Partners V DE (AIV), L.P.|M|Class B Common Stock|41165|0|I",2026-09-17 04:45:13+0000,DELL,Dell Technologies Inc.,0001571996,4,2026-09-10,2026-09-08,0001193125-26-388264,https://www.sec.gov/Archives/edgar/data/1571996/000119312526388264/ownership.xml,derivative,2026-09-08,M,Class B Common Stock,41165,0,0.0,9103686,I,"Silver Lake Partners V DE (AIV), L.P.",,true,false,true,,SEC EDGAR
"DELL|0001193125-26-388252|nonDerivative|2026-09-08|Silver Lake Partners IV, L.P.|J|Class C Common Stock|85520||I",2026-09-17 04:45:13+0000,DELL,Dell Technologies Inc.,0001571996,4,2026-09-10,2026-09-08,0001193125-26-388252,https://www.sec.gov/Archives/edgar/data/1571996/000119312526388252/ownership.xml,nonDerivative,2026-09-08,J,Class C Common Stock,85520,,,21317,I,"Silver Lake Partners IV, L.P.",,true,false,true,,SEC EDGAR
"DELL|0001193125-26-388251|nonDerivative|2026-09-08|Silver Lake Partners IV, L.P.|M|Class C Common Stock|76049||I",2026-09-17 04:45:13+0000,DELL,Dell Technologies Inc.,0001571996,4,2026-09-10,2026-09-08,0001193125-26-388251,https://www.sec.gov/Archives/edgar/data/1571996/000119312526388251/ownership.xml,nonDerivative,2026-09-08,M,Class C Common Stock,76049,,,161569,I,"Silver Lake Partners IV, L.P.",,true,false,true,,SEC EDGAR
"DELL|0001193125-26-388251|nonDerivative|2026-09-08|Silver Lake Partners IV, L.P.|S|Class C Common Stock|770|516.27|I",2026-09-17 04:45:13+0000,DELL,Dell Technologies Inc.,0001571996,4,2026-09-10,2026-09-08,0001193125-26-388251,https://www.sec.gov/Archives/edgar/data/1571996/000119312526388251/ownership.xml,nonDerivative,2026-09-08,S,Class C Common Stock,770,516.27,397527.89999999997,160799,I,"Silver Lake Partners IV, L.P.",,true,false,true,,SEC EDGAR
"DELL|0001193125-26-388251|nonDerivative|2026-09-08|Silver Lake Partners IV, L.P.|S|Class C Common Stock|2917|517.42|I",2026-09-17 04:45:13+0000,DELL,Dell Technologies Inc.,0001571996,4,2026-09-10,2026-09-08,0001193125-26-388251,https://www.sec.gov/Archives/edgar/data/1571996/000119312526388251/ownership.xml,nonDerivative,2026-09-08,S,Class C Common Stock,2917,517.42,1509314.14,157882,I,"Silver Lake Partners IV, L.P.",,true,false,true,,SEC EDGAR
"DELL|0001193125-26-388251|nonDerivative|2026-09-08|Silver Lake Partners IV, L.P.|S|Class C Common Stock|2548|518.36|I",2026-09-17 04:45:13+0000,DELL,Dell Technologies Inc.,0001571996,4,2026-09-10,2026-09-08,0001193125-26-388251,https://www.sec.gov/Archives/edgar/data/1571996/000119312526388251/ownership.xml,nonDerivative,2026-09-08,S,Class C Common Stock,2548,518.36,1320781.28,155333,I,"Silver Lake Partners IV, L.P.",,true,false,true,,SEC EDGAR
"DELL|0001193125-26-388251|nonDerivative|2026-09-08|Silver Lake Partners IV, L.P.|S|Class C Common Stock|1565|519.31|I",2026-09-17 04:45:13+0000,DELL,Dell Technologies Inc.,0001571996,4,2026-09-10,2026-09-08,0001193125-26-388251,https://www.sec.gov/Archives/edgar/data/1571996/000119312526388251/ownership.xml,nonDerivative,2026-09-08,S,Class C Common Stock,1565,519.31,812720.1499999999,153769,I,"Silver Lake Partners IV, L.P.",,true,false,true,,SEC EDGAR
"DELL|0001193125-26-388251|nonDerivative|2026-09-08|Silver Lake Partners IV, L.P.|S|Class C Common Stock|806|520.47|I",2026-09-17 04:45:13+0000,DELL,Dell Technologies Inc.,0001571996,4,2026-09-10,2026-09-08,0001193125-26-388251,https://www.sec.gov/Archives/edgar/data/1571996/000119312526388251/ownership.xml,nonDerivative,2026-09-08,S,Class C Common Stock,806,520.47,419498.82,152962,I,"Silver Lake Partners IV, L.P.",,true,false,true,,SEC EDGAR
"DELL|0001193125-26-388251|nonDerivative|2026-09-08|Silver Lake Partners IV, L.P.|S|Class C Common Stock|2438|521.71|I",2026-09-17 04:45:13+0000,DELL,Dell Technologies Inc.,0001571996,4,2026-09-10,2026-09-08,0001193125-26-388251,https://www.sec.gov/Archives/edgar/data/1571996/000119312526388251/ownership.xml,nonDerivative,2026-09-08,S,Class C Common Stock,2438,521.71,1271928.98,150524,I,"Silver Lake Partners IV, L.P.",,true,false,true,,SEC EDGAR
"DELL|0001193125-26-388251|nonDerivative|2026-09-08|Silver Lake Partners IV, L.P.|S|Class C Common Stock|1633|522.65|I",2026-09-17 04:45:13+0000,DELL,Dell Technologies Inc.,0001571996,4,2026-09-10,2026-09-08,0001193125-26-388251,https://www.sec.gov/Archives/edgar/data/1571996/000119312526388251/ownership.xml,nonDerivative,2026-09-08,S,Class C Common Stock,1633,522.65,853487.45,148891,I,"Silver Lake Partners IV, L.P.",,true,false,true,,SEC EDGAR
"DELL|0001193125-26-388251|nonDerivative|2026-09-08|Silver Lake Partners IV, L.P.|S|Class C Common Stock|2491|523.81|I",2026-09-17 04:45:13+0000,DELL,Dell Technologies Inc.,0001571996,4,2026-09-10,2026-09-08,0001193125-26-388251,https://www.sec.gov/Archives/edgar/data/1571996/000119312526388251/ownership.xml,nonDerivative,2026-09-08,S,Class C Common Stock,2491,523.81,1304810.71,146401,I,"Silver Lake Partners IV, L.P.",,true,false,true,,SEC EDGAR
"DELL|0001193125-26-388251|nonDerivative|2026-09-08|Silver Lake Partners IV, L.P.|S|Class C Common Stock|2932|524.63|I",2026-09-17 04:45:13+0000,DELL,Dell Technologies Inc.,0001571996,4,2026-09-10,2026-09-08,0001193125-26-388251,https://www.sec.gov/Archives/edgar/data/1571996/000119312526388251/ownership.xml,nonDerivative,2026-09-08,S,Class C Common Stock,2932,524.63,1538215.16,143469,I,"Silver Lake Partners IV, L.P.",,true,false,true,,SEC EDGAR
"DELL|0001193125-26-388251|nonDerivative|2026-09-08|Silver Lake Partners IV, L.P.|S|Class C Common Stock|3953|525.75|I",2026-09-17 04:45:13+0000,DELL,Dell Technologies Inc.,0001571996,4,2026-09-10,2026-09-08,0001193125-26-388251,https://www.sec.gov/Archives/edgar/data/1571996/000119312526388251/ownership.xml,nonDerivative,2026-09-08,S,Class C Common Stock,3953,525.75,2078289.75,139515,I,"Silver Lake Partners IV, L.P.",,true,false,true,,SEC EDGAR
"DELL|0001193125-26-388251|nonDerivative|2026-09-08|Silver Lake Partners IV, L.P.|S|Class C Common Stock|3184|526.68|I",2026-09-17 04:45:13+0000,DELL,Dell Technologies Inc.,0001571996,4,2026-09-10,2026-09-08,0001193125-26-388251,https://www.sec.gov/Archives/edgar/data/1571996/000119312526388251/ownership.xml,nonDerivative,2026-09-08,S,Class C Common Stock,3184,526.68,1676949.1199999999,136331,I,"Silver Lake Partners IV, L.P.",,true,false,true,,SEC EDGAR
"DELL|0001193125-26-388251|nonDerivative|2026-09-08|Silver Lake Partners IV, L.P.|S|Class C Common Stock|4991|527.70|I",2026-09-17 04:45:13+0000,DELL,Dell Technologies Inc.,0001571996,4,2026-09-10,2026-09-08,0001193125-26-388251,https://www.sec.gov/Archives/edgar/data/1571996/000119312526388251/ownership.xml,nonDerivative,2026-09-08,S,Class C Common Stock,4991,527.70,2633750.7,131340,I,"Silver Lake Partners IV, L.P.",,true,false,true,,SEC EDGAR
"DELL|0001193125-26-388251|nonDerivative|2026-09-08|Silver Lake Partners IV, L.P.|S|Class C Common Stock|3317|528.68|I",2026-09-17 04:45:13+0000,DELL,Dell Technologies Inc.,0001571996,4,2026-09-10,2026-09-08,0001193125-26-388251,https://www.sec.gov/Archives/edgar/data/1571996/000119312526388251/ownership.xml,nonDerivative,2026-09-08,S,Class C Common Stock,3317,528.68,1753631.5599999998,128024,I,"Silver Lake Partners IV, L.P.",,true,false,true,,SEC EDGAR
"DELL|0001193125-26-388251|nonDerivative|2026-09-08|Silver Lake Partners IV, L.P.|S|Class C Common Stock|5930|529.83|I",2026-09-17 04:45:13+0000,DELL,Dell Technologies Inc.,0001571996,4,2026-09-10,2026-09-08,0001193125-26-388251,https://www.sec.gov/Archives/edgar/data/1571996/000119312526388251/ownership.xml,nonDerivative,2026-09-08,S,Class C Common Stock,5930,529.83,3141891.9000000004,122093,I,"Silver Lake Partners IV, L.P.",,true,false,true,,SEC EDGAR
"DELL|0001193125-26-388251|nonDerivative|2026-09-08|Silver Lake Partners IV, L.P.|S|Class C Common Stock|2477|530.66|I",2026-09-17 04:45:13+0000,DELL,Dell Technologies Inc.,0001571996,4,2026-09-10,2026-09-08,0001193125-26-388251,https://www.sec.gov/Archives/edgar/data/1571996/000119312526388251/ownership.xml,nonDerivative,2026-09-08,S,Class C Common Stock,2477,530.66,1314444.8199999998,119617,I,"Silver Lake Partners IV, L.P.",,true,false,true,,SEC EDGAR
"DELL|0001193125-26-388251|nonDerivative|2026-09-08|Silver Lake Partners IV, L.P.|S|Class C Common Stock|4244|531.92|I",2026-09-17 04:45:13+0000,DELL,Dell Technologies Inc.,0001571996,4,2026-09-10,2026-09-08,0001193125-26-388251,https://www.sec.gov/Archives/edgar/data/1571996/000119312526388251/ownership.xml,nonDerivative,2026-09-08,S,Class C Common Stock,4244,531.92,2257468.48,115372,I,"Silver Lake Partners IV, L.P.",,true,false,true,,SEC EDGAR
"DELL|0001193125-26-388251|nonDerivative|2026-09-08|Silver Lake Partners IV, L.P.|S|Class C Common Stock|2048|532.85|I",2026-09-17 04:45:13+0000,DELL,Dell Technologies Inc.,0001571996,4,2026-09-10,2026-09-08,0001193125-26-388251,https://www.sec.gov/Archives/edgar/data/1571996/000119312526388251/ownership.xml,nonDerivative,2026-09-08,S,Class C Common Stock,2048,532.85,1091276.8,113324,I,"Silver Lake Partners IV, L.P.",,true,false,true,,SEC EDGAR
"DELL|0001193125-26-388251|nonDerivative|2026-09-08|Silver Lake Partners IV, L.P.|S|Class C Common Stock|1846|533.85|I",2026-09-17 04:45:13+0000,DELL,Dell Technologies Inc.,0001571996,4,2026-09-10,2026-09-08,0001193125-26-388251,https://www.sec.gov/Archives/edgar/data/1571996/000119312526388251/ownership.xml,nonDerivative,2026-09-08,S,Class C Common Stock,1846,533.85,985487.1000000001,111478,I,"Silver Lake Partners IV, L.P.",,true,false,true,,SEC EDGAR
"DELL|0001193125-26-388251|nonDerivative|2026-09-08|Silver Lake Partners IV, L.P.|S|Class C Common Stock|1874|534.94|I",2026-09-17 04:45:13+0000,DELL,Dell Technologies Inc.,0001571996,4,2026-09-10,2026-09-08,0001193125-26-388251,https://www.sec.gov/Archives/edgar/data/1571996/000119312526388251/ownership.xml,nonDerivative,2026-09-08,S,Class C Common Stock,1874,534.94,1002477.56,109604,I,"Silver Lake Partners IV, L.P.",,true,false,true,,SEC EDGAR
"DELL|0001193125-26-388251|nonDerivative|2026-09-08|Silver Lake Partners IV, L.P.|S|Class C Common Stock|1531|535.73|I",2026-09-17 04:45:13+0000,DELL,Dell Technologies Inc.,0001571996,4,2026-09-10,2026-09-08,0001193125-26-388251,https://www.sec.gov/Archives/edgar/data/1571996/000119312526388251/ownership.xml,nonDerivative,2026-09-08,S,Class C Common Stock,1531,535.73,820202.63,108073,I,"Silver Lake Partners IV, L.P.",,true,false,true,,SEC EDGAR
"DELL|0001193125-26-388251|nonDerivative|2026-09-08|Silver Lake Partners IV, L.P.|S|Class C Common Stock|1236|536.40|I",2026-09-17 04:45:13+0000,DELL,Dell Technologies Inc.,0001571996,4,2026-09-10,2026-09-08,0001193125-26-388251,https://www.sec.gov/Archives/edgar/data/1571996/000119312526388251/ownership.xml,nonDerivative,2026-09-08,S,Class C Common Stock,1236,536.40,662990.4,106837,I,"Silver Lake Partners IV, L.P.",,true,false,true,,SEC EDGAR
"DELL|0001193125-26-388251|nonDerivative|2026-09-08|Silver Lake Partners IV, L.P.|S|Class C Common Stock|1047|528.19|D",2026-09-17 04:45:13+0000,DELL,Dell Technologies Inc.,0001571996,4,2026-09-10,2026-09-08,0001193125-26-388251,https://www.sec.gov/Archives/edgar/data/1571996/000119312526388251/ownership.xml,nonDerivative,2026-09-08,S,Class C Common Stock,1047,528.19,553014.93,1400788,D,"Silver Lake Partners IV, L.P.",,true,false,true,,SEC EDGAR
"DELL|0001193125-26-388251|nonDerivative|2026-09-08|Silver Lake Partners IV, L.P.|S|Class C Common Stock|899|529.26|D",2026-09-17 04:45:13+0000,DELL,Dell Technologies Inc.,0001571996,4,2026-09-10,2026-09-08,0001193125-26-388251,https://www.sec.gov/Archives/edgar/data/1571996/000119312526388251/ownership.xml,nonDerivative,2026-09-08,S,Class C Common Stock,899,529.26,475804.74,1399889,D,"Silver Lake Partners IV, L.P.",,true,false,true,,SEC EDGAR
"DELL|0001193125-26-388251|nonDerivative|2026-09-08|Silver Lake Partners IV, L.P.|S|Class C Common Stock|954|529.92|D",2026-09-17 04:45:13+0000,DELL,Dell Technologies Inc.,0001571996,4,2026-09-10,2026-09-08,0001193125-26-388251,https://www.sec.gov/Archives/edgar/data/1571996/000119312526388251/ownership.xml,nonDerivative,2026-09-08,S,Class C Common Stock,954,529.92,505543.67999999993,1398935,D,"Silver Lake Partners IV, L.P.",,true,false,true,,SEC EDGAR
"DELL|0001193125-26-388251|derivative|2026-09-08|Silver Lake Partners IV, L.P.|M|Class B Common Stock|76049|0|I",2026-09-17 04:45:13+0000,DELL,Dell Technologies Inc.,0001571996,4,2026-09-10,2026-09-08,0001193125-26-388251,https://www.sec.gov/Archives/edgar/data/1571996/000119312526388251/ownership.xml,derivative,2026-09-08,M,Class B Common Stock,76049,0,0.0,16818228,I,"Silver Lake Partners IV, L.P.",,true,false,true,,SEC EDGAR
"DELL|0001193125-26-388258|nonDerivative|2026-09-08|SL SPV-2, L.P.|M|Class C Common Stock|74083||I",2026-09-17 04:45:13+0000,DELL,Dell Technologies Inc.,0001571996,4,2026-09-10,2026-09-08,0001193125-26-388258,https://www.sec.gov/Archives/edgar/data/1571996/000119312526388258/ownership.xml,nonDerivative,2026-09-08,M,Class C Common Stock,74083,,,171398,I,"SL SPV-2, L.P.",,true,false,true,,SEC EDGAR
"DELL|0001193125-26-388258|nonDerivative|2026-09-08|SL SPV-2, L.P.|S|Class C Common Stock|703|516.27|I",2026-09-17 04:45:13+0000,DELL,Dell Technologies Inc.,0001571996,4,2026-09-10,2026-09-08,0001193125-26-388258,https://www.sec.gov/Archives/edgar/data/1571996/000119312526388258/ownership.xml,nonDerivative,2026-09-08,S,Class C Common Stock,703,516.27,362937.81,170695,I,"SL SPV-2, L.P.",,true,false,true,,SEC EDGAR
"DELL|0001193125-26-388258|nonDerivative|2026-09-08|SL SPV-2, L.P.|S|Class C Common Stock|2662|517.42|I",2026-09-17 04:45:13+0000,DELL,Dell Technologies Inc.,0001571996,4,2026-09-10,2026-09-08,0001193125-26-388258,https://www.sec.gov/Archives/edgar/data/1571996/000119312526388258/ownership.xml,nonDerivative,2026-09-08,S,Class C Common Stock,2662,517.42,1377372.0399999998,168033,I,"SL SPV-2, L.P.",,true,false,true,,SEC EDGAR
"DELL|0001193125-26-388258|nonDerivative|2026-09-08|SL SPV-2, L.P.|S|Class C Common Stock|2326|518.36|I",2026-09-17 04:45:13+0000,DELL,Dell Technologies Inc.,0001571996,4,2026-09-10,2026-09-08,0001193125-26-388258,https://www.sec.gov/Archives/edgar/data/1571996/000119312526388258/ownership.xml,nonDerivative,2026-09-08,S,Class C Common Stock,2326,518.36,1205705.36,165707,I,"SL SPV-2, L.P.",,true,false,true,,SEC EDGAR
"DELL|0001193125-26-388258|nonDerivative|2026-09-08|SL SPV-2, L.P.|S|Class C Common Stock|1428|519.31|I",2026-09-17 04:45:13+0000,DELL,Dell Technologies Inc.,0001571996,4,2026-09-10,2026-09-08,0001193125-26-388258,https://www.sec.gov/Archives/edgar/data/1571996/000119312526388258/ownership.xml,nonDerivative,2026-09-08,S,Class C Common Stock,1428,519.31,741574.6799999999,164279,I,"SL SPV-2, L.P.",,true,false,true,,SEC EDGAR
"DELL|0001193125-26-388258|nonDerivative|2026-09-08|SL SPV-2, L.P.|S|Class C Common Stock|736|520.47|I",2026-09-17 04:45:13+0000,DELL,Dell Technologies Inc.,0001571996,4,2026-09-10,2026-09-08,0001193125-26-388258,https://www.sec.gov/Archives/edgar/data/1571996/000119312526388258/ownership.xml,nonDerivative,2026-09-08,S,Class C Common Stock,736,520.47,383065.92000000004,163543,I,"SL SPV-2, L.P.",,true,false,true,,SEC EDGAR
"DELL|0001193125-26-388258|nonDerivative|2026-09-08|SL SPV-2, L.P.|S|Class C Common Stock|2225|521.71|I",2026-09-17 04:45:13+0000,DELL,Dell Technologies Inc.,0001571996,4,2026-09-10,2026-09-08,0001193125-26-388258,https://www.sec.gov/Archives/edgar/data/1571996/000119312526388258/ownership.xml,nonDerivative,2026-09-08,S,Class C Common Stock,2225,521.71,1160804.75,161318,I,"SL SPV-2, L.P.",,true,false,true,,SEC EDGAR
"DELL|0001193125-26-388258|nonDerivative|2026-09-08|SL SPV-2, L.P.|S|Class C Common Stock|1490|522.65|I",2026-09-17 04:45:13+0000,DELL,Dell Technologies Inc.,0001571996,4,2026-09-10,2026-09-08,0001193125-26-388258,https://www.sec.gov/Archives/edgar/data/1571996/000119312526388258/ownership.xml,nonDerivative,2026-09-08,S,Class C Common Stock,1490,522.65,778748.5,159828,I,"SL SPV-2, L.P.",,true,false,true,,SEC EDGAR
"DELL|0001193125-26-388258|nonDerivative|2026-09-08|SL SPV-2, L.P.|S|Class C Common Stock|2273|523.81|I",2026-09-17 04:45:13+0000,DELL,Dell Technologies Inc.,0001571996,4,2026-09-10,2026-09-08,0001193125-26-388258,https://www.sec.gov/Archives/edgar/data/1571996/000119312526388258/ownership.xml,nonDerivative,2026-09-08,S,Class C Common Stock,2273,523.81,1190620.13,157555,I,"SL SPV-2, L.P.",,true,false,true,,SEC EDGAR
"DELL|0001193125-26-388258|nonDerivative|2026-09-08|SL SPV-2, L.P.|S|Class C Common Stock|2676|524.63|I",2026-09-17 04:45:13+0000,DELL,Dell Technologies Inc.,0001571996,4,2026-09-10,2026-09-08,0001193125-26-388258,https://www.sec.gov/Archives/edgar/data/1571996/000119312526388258/ownership.xml,nonDerivative,2026-09-08,S,Class C Common Stock,2676,524.63,1403909.88,154879,I,"SL SPV-2, L.P.",,true,false,true,,SEC EDGAR
"DELL|0001193125-26-388258|nonDerivative|2026-09-08|SL SPV-2, L.P.|S|Class C Common Stock|3608|525.75|I",2026-09-17 04:45:13+0000,DELL,Dell Technologies Inc.,0001571996,4,2026-09-10,2026-09-08,0001193125-26-388258,https://www.sec.gov/Archives/edgar/data/1571996/000119312526388258/ownership.xml,nonDerivative,2026-09-08,S,Class C Common Stock,3608,525.75,1896906.0,151272,I,"SL SPV-2, L.P.",,true,false,true,,SEC EDGAR
"DELL|0001193125-26-388258|nonDerivative|2026-09-08|SL SPV-2, L.P.|S|Class C Common Stock|2906|526.68|I",2026-09-17 04:45:13+0000,DELL,Dell Technologies Inc.,0001571996,4,2026-09-10,2026-09-08,0001193125-26-388258,https://www.sec.gov/Archives/edgar/data/1571996/000119312526388258/ownership.xml,nonDerivative,2026-09-08,S,Class C Common Stock,2906,526.68,1530532.0799999998,148366,I,"SL SPV-2, L.P.",,true,false,true,,SEC EDGAR
"DELL|0001193125-26-388258|nonDerivative|2026-09-08|SL SPV-2, L.P.|S|Class C Common Stock|4555|527.70|I",2026-09-17 04:45:13+0000,DELL,Dell Technologies Inc.,0001571996,4,2026-09-10,2026-09-08,0001193125-26-388258,https://www.sec.gov/Archives/edgar/data/1571996/000119312526388258/ownership.xml,nonDerivative,2026-09-08,S,Class C Common Stock,4555,527.70,2403673.5,143811,I,"SL SPV-2, L.P.",,true,false,true,,SEC EDGAR
"DELL|0001193125-26-388258|nonDerivative|2026-09-08|SL SPV-2, L.P.|S|Class C Common Stock|3027|528.68|I",2026-09-17 04:45:13+0000,DELL,Dell Technologies Inc.,0001571996,4,2026-09-10,2026-09-08,0001193125-26-388258,https://www.sec.gov/Archives/edgar/data/1571996/000119312526388258/ownership.xml,nonDerivative,2026-09-08,S,Class C Common Stock,3027,528.68,1600314.3599999999,140784,I,"SL SPV-2, L.P.",,true,false,true,,SEC EDGAR
"DELL|0001193125-26-388258|nonDerivative|2026-09-08|SL SPV-2, L.P.|S|Class C Common Stock|5412|529.83|I",2026-09-17 04:45:13+0000,DELL,Dell Technologies Inc.,0001571996,4,2026-09-10,2026-09-08,0001193125-26-388258,https://www.sec.gov/Archives/edgar/data/1571996/000119312526388258/ownership.xml,nonDerivative,2026-09-08,S,Class C Common Stock,5412,529.83,2867439.9600000004,135372,I,"SL SPV-2, L.P.",,true,false,true,,SEC EDGAR
"DELL|0001193125-26-388258|nonDerivative|2026-09-08|SL SPV-2, L.P.|S|Class C Common Stock|2260|530.66|I",2026-09-17 04:45:13+0000,DELL,Dell Technologies Inc.,0001571996,4,2026-09-10,2026-09-08,0001193125-26-388258,https://www.sec.gov/Archives/edgar/data/1571996/000119312526388258/ownership.xml,nonDerivative,2026-09-08,S,Class C Common Stock,2260,530.66,1199291.5999999999,133112,I,"SL SPV-2, L.P.",,true,false,true,,SEC EDGAR
"DELL|0001193125-26-388258|nonDerivative|2026-09-08|SL SPV-2, L.P.|S|Class C Common Stock|3873|531.92|I",2026-09-17 04:45:13+0000,DELL,Dell Technologies Inc.,0001571996,4,2026-09-10,2026-09-08,0001193125-26-388258,https://www.sec.gov/Archives/edgar/data/1571996/000119312526388258/ownership.xml,nonDerivative,2026-09-08,S,Class C Common Stock,3873,531.92,2060126.16,129238,I,"SL SPV-2, L.P.",,true,false,true,,SEC EDGAR
"DELL|0001193125-26-388258|nonDerivative|2026-09-08|SL SPV-2, L.P.|S|Class C Common Stock|1869|532.85|I",2026-09-17 04:45:13+0000,DELL,Dell Technologies Inc.,0001571996,4,2026-09-10,2026-09-08,0001193125-26-388258,https://www.sec.gov/Archives/edgar/data/1571996/000119312526388258/ownership.xml,nonDerivative,2026-09-08,S,Class C Common Stock,1869,532.85,995896.65,127369,I,"SL SPV-2, L.P.",,true,false,true,,SEC EDGAR
"DELL|0001193125-26-388258|nonDerivative|2026-09-08|SL SPV-2, L.P.|S|Class C Common Stock|1685|533.85|I",2026-09-17 04:45:13+0000,DELL,Dell Technologies Inc.,0001571996,4,2026-09-10,2026-09-08,0001193125-26-388258,https://www.sec.gov/Archives/edgar/data/1571996/000119312526388258/ownership.xml,nonDerivative,2026-09-08,S,Class C Common Stock,1685,533.85,899537.25,125684,I,"SL SPV-2, L.P.",,true,false,true,,SEC EDGAR
"DELL|0001193125-26-388258|nonDerivative|2026-09-08|SL SPV-2, L.P.|S|Class C Common Stock|1710|534.94|I",2026-09-17 04:45:13+0000,DELL,Dell Technologies Inc.,0001571996,4,2026-09-10,2026-09-08,0001193125-26-388258,https://www.sec.gov/Archives/edgar/data/1571996/000119312526388258/ownership.xml,nonDerivative,2026-09-08,S,Class C Common Stock,1710,534.94,914747.4000000001,123974,I,"SL SPV-2, L.P.",,true,false,true,,SEC EDGAR
"DELL|0001193125-26-388258|nonDerivative|2026-09-08|SL SPV-2, L.P.|S|Class C Common Stock|1397|535.73|I",2026-09-17 04:45:13+0000,DELL,Dell Technologies Inc.,0001571996,4,2026-09-10,2026-09-08,0001193125-26-388258,https://www.sec.gov/Archives/edgar/data/1571996/000119312526388258/ownership.xml,nonDerivative,2026-09-08,S,Class C Common Stock,1397,535.73,748414.81,122577,I,"SL SPV-2, L.P.",,true,false,true,,SEC EDGAR
"DELL|0001193125-26-388258|nonDerivative|2026-09-08|SL SPV-2, L.P.|S|Class C Common Stock|1128|536.40|I",2026-09-17 04:45:13+0000,DELL,Dell Technologies Inc.,0001571996,4,2026-09-10,2026-09-08,0001193125-26-388258,https://www.sec.gov/Archives/edgar/data/1571996/000119312526388258/ownership.xml,nonDerivative,2026-09-08,S,Class C Common Stock,1128,536.40,605059.2,121449,I,"SL SPV-2, L.P.",,true,false,true,,SEC EDGAR
"DELL|0001193125-26-388258|nonDerivative|2026-09-08|SL SPV-2, L.P.|J|Class C Common Stock|97315||I",2026-09-17 04:45:13+0000,DELL,Dell Technologies Inc.,0001571996,4,2026-09-10,2026-09-08,0001193125-26-388258,https://www.sec.gov/Archives/edgar/data/1571996/000119312526388258/ownership.xml,nonDerivative,2026-09-08,J,Class C Common Stock,97315,,,24134,I,"SL SPV-2, L.P.",,true,false,true,,SEC EDGAR
"DELL|0001193125-26-388258|derivative|2026-09-08|SL SPV-2, L.P.|M|Class B Common Stock|74083|0|I",2026-09-17 04:45:13+0000,DELL,Dell Technologies Inc.,0001571996,4,2026-09-10,2026-09-08,0001193125-26-388258,https://www.sec.gov/Archives/edgar/data/1571996/000119312526388258/ownership.xml,derivative,2026-09-08,M,Class B Common Stock,74083,0,0.0,16383250,I,"SL SPV-2, L.P.",,true,false,true,,SEC EDGAR
DDOG|0001561550-26-000306|nonDerivative|2026-09-08|Pomel Olivier|C|Class A Common Stock|89497|0|D,2026-09-17 04:45:13+0000,DDOG,"Datadog, Inc.",0001561550,4,2026-09-10,2026-09-08,0001561550-26-000306,https://www.sec.gov/Archives/edgar/data/1561550/000156155026000306/wk-form4_1789072462.xml,nonDerivative,2026-09-08,C,Class A Common Stock,89497,0,0.0,675913,D,Pomel Olivier,"Director, Officer, Chief Executive Officer",1,1,0,Chief Executive Officer,SEC EDGAR
DDOG|0001561550-26-000306|nonDerivative|2026-09-08|Pomel Olivier|S|Class A Common Stock|10800|204.0258|D,2026-09-17 04:45:13+0000,DDOG,"Datadog, Inc.",0001561550,4,2026-09-10,2026-09-08,0001561550-26-000306,https://www.sec.gov/Archives/edgar/data/1561550/000156155026000306/wk-form4_1789072462.xml,nonDerivative,2026-09-08,S,Class A Common Stock,10800,204.0258,2203478.64,665113,D,Pomel Olivier,"Director, Officer, Chief Executive Officer",1,1,0,Chief Executive Officer,SEC EDGAR
DDOG|0001561550-26-000306|nonDerivative|2026-09-08|Pomel Olivier|S|Class A Common Stock|3000|205.6234|D,2026-09-17 04:45:13+0000,DDOG,"Datadog, Inc.",0001561550,4,2026-09-10,2026-09-08,0001561550-26-000306,https://www.sec.gov/Archives/edgar/data/1561550/000156155026000306/wk-form4_1789072462.xml,nonDerivative,2026-09-08,S,Class A Common Stock,3000,205.6234,616870.2,662113,D,Pomel Olivier,"Director, Officer, Chief Executive Officer",1,1,0,Chief Executive Officer,SEC EDGAR
DDOG|0001561550-26-000306|nonDerivative|2026-09-08|Pomel Olivier|S|Class A Common Stock|10048|206.8157|D,2026-09-17 04:45:13+0000,DDOG,"Datadog, Inc.",0001561550,4,2026-09-10,2026-09-08,0001561550-26-000306,https://www.sec.gov/Archives/edgar/data/1561550/000156155026000306/wk-form4_1789072462.xml,nonDerivative,2026-09-08,S,Class A Common Stock,10048,206.8157,2078084.1535999998,652065,D,Pomel Olivier,"Director, Officer, Chief Executive Officer",1,1,0,Chief Executive Officer,SEC EDGAR
DDOG|0001561550-26-000306|nonDerivative|2026-09-08|Pomel Olivier|S|Class A Common Stock|19287|207.5354|D,2026-09-17 04:45:13+0000,DDOG,"Datadog, Inc.",0001561550,4,2026-09-10,2026-09-08,0001561550-26-000306,https://www.sec.gov/Archives/edgar/data/1561550/000156155026000306/wk-form4_1789072462.xml,nonDerivative,2026-09-08,S,Class A Common Stock,19287,207.5354,4002735.2598,632778,D,Pomel Olivier,"Director, Officer, Chief Executive Officer",1,1,0,Chief Executive Officer,SEC EDGAR
DDOG|0001561550-26-000306|nonDerivative|2026-09-08|Pomel Olivier|S|Class A Common Stock|24283|208.5278|D,2026-09-17 04:45:13+0000,DDOG,"Datadog, Inc.",0001561550,4,2026-09-10,2026-09-08,0001561550-26-000306,https://www.sec.gov/Archives/edgar/data/1561550/000156155026000306/wk-form4_1789072462.xml,nonDerivative,2026-09-08,S,Class A Common Stock,24283,208.5278,5063680.5674,608495,D,Pomel Olivier,"Director, Officer, Chief Executive Officer",1,1,0,Chief Executive Officer,SEC EDGAR
DDOG|0001561550-26-000306|nonDerivative|2026-09-08|Pomel Olivier|S|Class A Common Stock|8006|209.6948|D,2026-09-17 04:45:13+0000,DDOG,"Datadog, Inc.",0001561550,4,2026-09-10,2026-09-08,0001561550-26-000306,https://www.sec.gov/Archives/edgar/data/1561550/000156155026000306/wk-form4_1789072462.xml,nonDerivative,2026-09-08,S,Class A Common Stock,8006,209.6948,1678816.5688,600489,D,Pomel Olivier,"Director, Officer, Chief Executive Officer",1,1,0,Chief Executive Officer,SEC EDGAR
DDOG|0001561550-26-000306|nonDerivative|2026-09-08|Pomel Olivier|S|Class A Common Stock|14073|210.2563|D,2026-09-17 04:45:13+0000,DDOG,"Datadog, Inc.",0001561550,4,2026-09-10,2026-09-08,0001561550-26-000306,https://www.sec.gov/Archives/edgar/data/1561550/000156155026000306/wk-form4_1789072462.xml,nonDerivative,2026-09-08,S,Class A Common Stock,14073,210.2563,2958936.9099000003,586416,D,Pomel Olivier,"Director, Officer, Chief Executive Officer",1,1,0,Chief Executive Officer,SEC EDGAR
DDOG|0001561550-26-000306|derivative|2026-09-08|Pomel Olivier|M|Stock Option (Right to Buy)|38118|0|D,2026-09-17 04:45:13+0000,DDOG,"Datadog, Inc.",0001561550,4,2026-09-10,2026-09-08,0001561550-26-000306,https://www.sec.gov/Archives/edgar/data/1561550/000156155026000306/wk-form4_1789072462.xml,derivative,2026-09-08,M,Stock Option (Right to Buy),38118,0,0.0,190590,D,Pomel Olivier,"Director, Officer, Chief Executive Officer",1,1,0,Chief Executive Officer,SEC EDGAR
DDOG|0001561550-26-000306|derivative|2026-09-08|Pomel Olivier|M|Class B Common Stock|38118|0.9092|D,2026-09-17 04:45:13+0000,DDOG,"Datadog, Inc.",0001561550,4,2026-09-10,2026-09-08,0001561550-26-000306,https://www.sec.gov/Archives/edgar/data/1561550/000156155026000306/wk-form4_1789072462.xml,derivative,2026-09-08,M,Class B Common Stock,38118,0.9092,34656.8856,8784307,D,Pomel Olivier,"Director, Officer, Chief Executive Officer",1,1,0,Chief Executive Officer,SEC EDGAR
DDOG|0001561550-26-000306|derivative|2026-09-08|Pomel Olivier|M|Stock Option (Right to Buy)|35715|0|D,2026-09-17 04:45:13+0000,DDOG,"Datadog, Inc.",0001561550,4,2026-09-10,2026-09-08,0001561550-26-000306,https://www.sec.gov/Archives/edgar/data/1561550/000156155026000306/wk-form4_1789072462.xml,derivative,2026-09-08,M,Stock Option (Right to Buy),35715,0,0.0,631163,D,Pomel Olivier,"Director, Officer, Chief Executive Officer",1,1,0,Chief Executive Officer,SEC EDGAR
DDOG|0001561550-26-000306|derivative|2026-09-08|Pomel Olivier|M|Class B Common Stock|35715|10.74|D,2026-09-17 04:45:13+0000,DDOG,"Datadog, Inc.",0001561550,4,2026-09-10,2026-09-08,0001561550-26-000306,https://www.sec.gov/Archives/edgar/data/1561550/000156155026000306/wk-form4_1789072462.xml,derivative,2026-09-08,M,Class B Common Stock,35715,10.74,383579.10000000003,8820022,D,Pomel Olivier,"Director, Officer, Chief Executive Officer",1,1,0,Chief Executive Officer,SEC EDGAR
DDOG|0001561550-26-000306|derivative|2026-09-08|Pomel Olivier|C|Class B Common Stock|89497|0|D,2026-09-17 04:45:13+0000,DDOG,"Datadog, Inc.",0001561550,4,2026-09-10,2026-09-08,0001561550-26-000306,https://www.sec.gov/Archives/edgar/data/1561550/000156155026000306/wk-form4_1789072462.xml,derivative,2026-09-08,C,Class B Common Stock,89497,0,0.0,8730525,D,Pomel Olivier,"Director, Officer, Chief Executive Officer",1,1,0,Chief Executive Officer,SEC EDGAR
COIN|0001679788-26-000107|nonDerivative|2026-09-08|Andreessen Marc L|S|Class A Common Stock|13676|181.1392|I,2026-09-17 04:45:13+0000,COIN,"Coinbase Global, Inc.",0001679788,4,2026-09-10,2026-09-08,0001679788-26-000107,https://www.sec.gov/Archives/edgar/data/1679788/000167978826000107/wk-form4_1789071473.xml,nonDerivative,2026-09-08,S,Class A Common Stock,13676,181.1392,2477259.6991999997,1136324,I,Andreessen Marc L,Director,1,0,0,,SEC EDGAR
"BMY|0002080176-26-000006|nonDerivative|2026-09-09|Massacesi Cristian|S|Common Stock, $0.10 par value|6249|64.57|D",2026-09-17 04:45:13+0000,BMY,BRISTOL MYERS SQUIBB CO,0000014272,4,2026-09-10,2026-09-09,0002080176-26-000006,https://www.sec.gov/Archives/edgar/data/14272/000208017626000006/wk-form4_1789072637.xml,nonDerivative,2026-09-09,S,"Common Stock, $0.10 par value",6249,64.57,403497.92999999993,18748,D,Massacesi Cristian,"Officer, EVP,Chief Med Offr,Head of Dev",0,1,0,"EVP,Chief Med Offr,Head of Dev",SEC EDGAR
AXON|0001628280-26-061381|nonDerivative|2026-09-08|SMITH PATRICK W|S|Common Stock|71|501.99|D,2026-09-17 04:45:13+0000,AXON,"AXON ENTERPRISE, INC.",0001069183,4,2026-09-10,2026-09-08,0001628280-26-061381,https://www.sec.gov/Archives/edgar/data/1069183/000162828026061381/wk-form4_1789073128.xml,nonDerivative,2026-09-08,S,Common Stock,71,501.99,35641.29,3127941,D,SMITH PATRICK W,"Director, Officer, CHIEF EXECUTIVE OFFICER",1,1,0,CHIEF EXECUTIVE OFFICER,SEC EDGAR
AXON|0001628280-26-061381|nonDerivative|2026-09-08|SMITH PATRICK W|S|Common Stock|410|503.7367|D,2026-09-17 04:45:13+0000,AXON,"AXON ENTERPRISE, INC.",0001069183,4,2026-09-10,2026-09-08,0001628280-26-061381,https://www.sec.gov/Archives/edgar/data/1069183/000162828026061381/wk-form4_1789073128.xml,nonDerivative,2026-09-08,S,Common Stock,410,503.7367,206532.047,3127531,D,SMITH PATRICK W,"Director, Officer, CHIEF EXECUTIVE OFFICER",1,1,0,CHIEF EXECUTIVE OFFICER,SEC EDGAR
AXON|0001628280-26-061381|nonDerivative|2026-09-08|SMITH PATRICK W|S|Common Stock|1104|505.5922|D,2026-09-17 04:45:13+0000,AXON,"AXON ENTERPRISE, INC.",0001069183,4,2026-09-10,2026-09-08,0001628280-26-061381,https://www.sec.gov/Archives/edgar/data/1069183/000162828026061381/wk-form4_1789073128.xml,nonDerivative,2026-09-08,S,Common Stock,1104,505.5922,558173.7888,3126427,D,SMITH PATRICK W,"Director, Officer, CHIEF EXECUTIVE OFFICER",1,1,0,CHIEF EXECUTIVE OFFICER,SEC EDGAR
AXON|0001628280-26-061381|nonDerivative|2026-09-08|SMITH PATRICK W|S|Common Stock|744|506.4781|D,2026-09-17 04:45:13+0000,AXON,"AXON ENTERPRISE, INC.",0001069183,4,2026-09-10,2026-09-08,0001628280-26-061381,https://www.sec.gov/Archives/edgar/data/1069183/000162828026061381/wk-form4_1789073128.xml,nonDerivative,2026-09-08,S,Common Stock,744,506.4781,376819.70639999997,3125683,D,SMITH PATRICK W,"Director, Officer, CHIEF EXECUTIVE OFFICER",1,1,0,CHIEF EXECUTIVE OFFICER,SEC EDGAR
AXON|0001628280-26-061381|nonDerivative|2026-09-08|SMITH PATRICK W|S|Common Stock|749|507.476|D,2026-09-17 04:45:13+0000,AXON,"AXON ENTERPRISE, INC.",0001069183,4,2026-09-10,2026-09-08,0001628280-26-061381,https://www.sec.gov/Archives/edgar/data/1069183/000162828026061381/wk-form4_1789073128.xml,nonDerivative,2026-09-08,S,Common Stock,749,507.476,380099.524,3124934,D,SMITH PATRICK W,"Director, Officer, CHIEF EXECUTIVE OFFICER",1,1,0,CHIEF EXECUTIVE OFFICER,SEC EDGAR
AXON|0001628280-26-061381|nonDerivative|2026-09-08|SMITH PATRICK W|S|Common Stock|1774|508.4505|D,2026-09-17 04:45:13+0000,AXON,"AXON ENTERPRISE, INC.",0001069183,4,2026-09-10,2026-09-08,0001628280-26-061381,https://www.sec.gov/Archives/edgar/data/1069183/000162828026061381/wk-form4_1789073128.xml,nonDerivative,2026-09-08,S,Common Stock,1774,508.4505,901991.1869999999,3123160,D,SMITH PATRICK W,"Director, Officer, CHIEF EXECUTIVE OFFICER",1,1,0,CHIEF EXECUTIVE OFFICER,SEC EDGAR
AXON|0001628280-26-061381|nonDerivative|2026-09-08|SMITH PATRICK W|S|Common Stock|1319|509.3189|D,2026-09-17 04:45:13+0000,AXON,"AXON ENTERPRISE, INC.",0001069183,4,2026-09-10,2026-09-08,0001628280-26-061381,https://www.sec.gov/Archives/edgar/data/1069183/000162828026061381/wk-form4_1789073128.xml,nonDerivative,2026-09-08,S,Common Stock,1319,509.3189,671791.6291,3121841,D,SMITH PATRICK W,"Director, Officer, CHIEF EXECUTIVE OFFICER",1,1,0,CHIEF EXECUTIVE OFFICER,SEC EDGAR
AXON|0001628280-26-061381|nonDerivative|2026-09-08|SMITH PATRICK W|S|Common Stock|1348|510.587|D,2026-09-17 04:45:13+0000,AXON,"AXON ENTERPRISE, INC.",0001069183,4,2026-09-10,2026-09-08,0001628280-26-061381,https://www.sec.gov/Archives/edgar/data/1069183/000162828026061381/wk-form4_1789073128.xml,nonDerivative,2026-09-08,S,Common Stock,1348,510.587,688271.276,3120493,D,SMITH PATRICK W,"Director, Officer, CHIEF EXECUTIVE OFFICER",1,1,0,CHIEF EXECUTIVE OFFICER,SEC EDGAR
AXON|0001628280-26-061381|nonDerivative|2026-09-08|SMITH PATRICK W|S|Common Stock|1251|511.4341|D,2026-09-17 04:45:13+0000,AXON,"AXON ENTERPRISE, INC.",0001069183,4,2026-09-10,2026-09-08,0001628280-26-061381,https://www.sec.gov/Archives/edgar/data/1069183/000162828026061381/wk-form4_1789073128.xml,nonDerivative,2026-09-08,S,Common Stock,1251,511.4341,639804.0591,3119242,D,SMITH PATRICK W,"Director, Officer, CHIEF EXECUTIVE OFFICER",1,1,0,CHIEF EXECUTIVE OFFICER,SEC EDGAR
AXON|0001628280-26-061381|nonDerivative|2026-09-08|SMITH PATRICK W|S|Common Stock|1033|512.7022|D,2026-09-17 04:45:13+0000,AXON,"AXON ENTERPRISE, INC.",0001069183,4,2026-09-10,2026-09-08,0001628280-26-061381,https://www.sec.gov/Archives/edgar/data/1069183/000162828026061381/wk-form4_1789073128.xml,nonDerivative,2026-09-08,S,Common Stock,1033,512.7022,529621.3726,3118209,D,SMITH PATRICK W,"Director, Officer, CHIEF EXECUTIVE OFFICER",1,1,0,CHIEF EXECUTIVE OFFICER,SEC EDGAR
AXON|0001628280-26-061381|nonDerivative|2026-09-08|SMITH PATRICK W|S|Common Stock|197|513.3808|D,2026-09-17 04:45:13+0000,AXON,"AXON ENTERPRISE, INC.",0001069183,4,2026-09-10,2026-09-08,0001628280-26-061381,https://www.sec.gov/Archives/edgar/data/1069183/000162828026061381/wk-form4_1789073128.xml,nonDerivative,2026-09-08,S,Common Stock,197,513.3808,101136.0176,3118012,D,SMITH PATRICK W,"Director, Officer, CHIEF EXECUTIVE OFFICER",1,1,0,CHIEF EXECUTIVE OFFICER,SEC EDGAR
ANET|0001596532-26-000226|nonDerivative|2026-09-08|TEMPLETON MARK B|S|Common Stock|1300|195.2692|D,2026-09-17 04:45:13+0000,ANET,"Arista Networks, Inc.",0001596532,4,2026-09-10,2026-09-08,0001596532-26-000226,https://www.sec.gov/Archives/edgar/data/1596532/000159653226000226/edgardoc.xml,nonDerivative,2026-09-08,S,Common Stock,1300,195.2692,253849.96000000002,57110,D,TEMPLETON MARK B,Director,1,0,0,,SEC EDGAR
ANET|0001596532-26-000226|nonDerivative|2026-09-08|TEMPLETON MARK B|S|Common Stock|700|196.1986|D,2026-09-17 04:45:13+0000,ANET,"Arista Networks, Inc.",0001596532,4,2026-09-10,2026-09-08,0001596532-26-000226,https://www.sec.gov/Archives/edgar/data/1596532/000159653226000226/edgardoc.xml,nonDerivative,2026-09-08,S,Common Stock,700,196.1986,137339.02,56410,D,TEMPLETON MARK B,Director,1,0,0,,SEC EDGAR
ANET|0001596532-26-000226|nonDerivative|2026-09-08|TEMPLETON MARK B|S|Common Stock|1000|197.4598|D,2026-09-17 04:45:13+0000,ANET,"Arista Networks, Inc.",0001596532,4,2026-09-10,2026-09-08,0001596532-26-000226,https://www.sec.gov/Archives/edgar/data/1596532/000159653226000226/edgardoc.xml,nonDerivative,2026-09-08,S,Common Stock,1000,197.4598,197459.8,55410,D,TEMPLETON MARK B,Director,1,0,0,,SEC EDGAR
ANET|0001596532-26-000226|nonDerivative|2026-09-08|TEMPLETON MARK B|S|Common Stock|1700|198.4376|D,2026-09-17 04:45:13+0000,ANET,"Arista Networks, Inc.",0001596532,4,2026-09-10,2026-09-08,0001596532-26-000226,https://www.sec.gov/Archives/edgar/data/1596532/000159653226000226/edgardoc.xml,nonDerivative,2026-09-08,S,Common Stock,1700,198.4376,337343.92,53710,D,TEMPLETON MARK B,Director,1,0,0,,SEC EDGAR
ANET|0001596532-26-000226|nonDerivative|2026-09-08|TEMPLETON MARK B|S|Common Stock|300|199.3167|D,2026-09-17 04:45:13+0000,ANET,"Arista Networks, Inc.",0001596532,4,2026-09-10,2026-09-08,0001596532-26-000226,https://www.sec.gov/Archives/edgar/data/1596532/000159653226000226/edgardoc.xml,nonDerivative,2026-09-08,S,Common Stock,300,199.3167,59795.01,53410,D,TEMPLETON MARK B,Director,1,0,0,,SEC EDGAR
ANET|0001596532-26-000225|nonDerivative|2026-09-08|Duda Kenneth|J|Common Stock|100000|0.0|I,2026-09-17 04:45:13+0000,ANET,"Arista Networks, Inc.",0001596532,4,2026-09-10,2026-09-08,0001596532-26-000225,https://www.sec.gov/Archives/edgar/data/1596532/000159653226000225/edgardoc.xml,nonDerivative,2026-09-08,J,Common Stock,100000,0.0,0.0,719237,I,Duda Kenneth,"Director, Officer, President and CTO",1,1,0,President and CTO,SEC EDGAR
ANET|0001596532-26-000225|nonDerivative|2026-09-08|Duda Kenneth|J|Common Stock|200000|0.0|I,2026-09-17 04:45:13+0000,ANET,"Arista Networks, Inc.",0001596532,4,2026-09-10,2026-09-08,0001596532-26-000225,https://www.sec.gov/Archives/edgar/data/1596532/000159653226000225/edgardoc.xml,nonDerivative,2026-09-08,J,Common Stock,200000,0.0,0.0,24695,I,Duda Kenneth,"Director, Officer, President and CTO",1,1,0,President and CTO,SEC EDGAR
AMAT|0001628280-26-061408|nonDerivative|2026-09-08|BRUNER JUDY|S|Common Stock|1000|465|I,2026-09-17 04:45:13+0000,AMAT,APPLIED MATERIALS INC /DE,0000006951,4,2026-09-10,2026-09-08,0001628280-26-061408,https://www.sec.gov/Archives/edgar/data/6951/000162828026061408/wk-form4_1789074224.xml,nonDerivative,2026-09-08,S,Common Stock,1000,465,465000.0,25544,I,BRUNER JUDY,Director,1,0,0,,SEC EDGAR
AJG|0000354190-26-000207|nonDerivative|2026-09-08|Gallagher Patrick Murphy|G|Common Stock|49988|0|I,2026-09-17 04:45:13+0000,AJG,Arthur J. Gallagher & Co.,0000354190,4,2026-09-10,2026-09-08,0000354190-26-000207,https://www.sec.gov/Archives/edgar/data/354190/000035419026000207/form4.xml,nonDerivative,2026-09-08,G,Common Stock,49988,0,0.0,148093.25,I,Gallagher Patrick Murphy,"Officer, Chief Operating Officer",,1,,Chief Operating Officer,SEC EDGAR
AJG|0000354190-26-000205|nonDerivative|2026-09-08|GALLAGHER J PATRICK JR|G|Common Stock|49988|0|I,2026-09-17 04:45:13+0000,AJG,Arthur J. Gallagher & Co.,0000354190,4,2026-09-10,2026-09-08,0000354190-26-000205,https://www.sec.gov/Archives/edgar/data/354190/000035419026000205/form4.xml,nonDerivative,2026-09-08,G,Common Stock,49988,0,0.0,0,I,GALLAGHER J PATRICK JR,"Director, Officer, CEO",1,1,,CEO,SEC EDGAR
"AFL|0001104659-26-106570|nonDerivative|2026-09-08|Japan Post Holdings Co., Ltd.|S|Common Stock|11500|115.32|I",2026-09-17 04:45:13+0000,AFL,AFLAC INC,0000004977,4,2026-09-10,2026-09-08,0001104659-26-106570,https://www.sec.gov/Archives/edgar/data/4977/000110465926106570/tm2624595-5_4seq1.xml,nonDerivative,2026-09-08,S,Common Stock,11500,115.32,1326180.0,50641190,I,"Japan Post Holdings Co., Ltd.",10% Owner,0,0,1,,SEC EDGAR
"AFL|0001104659-26-106570|nonDerivative|2026-09-08|Japan Post Holdings Co., Ltd.|S|Common Stock|2100|116.11|I",2026-09-17 04:45:13+0000,AFL,AFLAC INC,0000004977,4,2026-09-10,2026-09-08,0001104659-26-106570,https://www.sec.gov/Archives/edgar/data/4977/000110465926106570/tm2624595-5_4seq1.xml,nonDerivative,2026-09-08,S,Common Stock,2100,116.11,243831.0,50639090,I,"Japan Post Holdings Co., Ltd.",10% Owner,0,0,1,,SEC EDGAR
ADP|0001225208-26-007726|nonDerivative|2026-09-09|Sugla Vishwas|A|Common Stock|2827.0000|0.0000|D,2026-09-17 04:45:13+0000,ADP,AUTOMATIC DATA PROCESSING INC,0000008670,4,2026-09-10,2026-09-09,0001225208-26-007726,https://www.sec.gov/Archives/edgar/data/8670/000122520826007726/doc4.xml,nonDerivative,2026-09-09,A,Common Stock,2827.0000,0.0000,0.0,2827.0000,D,Sugla Vishwas,"Officer, Chief Strategy Officer",,1,,Chief Strategy Officer,SEC EDGAR
ADP|0001225208-26-007726|nonDerivative|2026-09-09|Sugla Vishwas|A|Common Stock|2073.0000|0.0000|D,2026-09-17 04:45:13+0000,ADP,AUTOMATIC DATA PROCESSING INC,0000008670,4,2026-09-10,2026-09-09,0001225208-26-007726,https://www.sec.gov/Archives/edgar/data/8670/000122520826007726/doc4.xml,nonDerivative,2026-09-09,A,Common Stock,2073.0000,0.0000,0.0,4900.0000,D,Sugla Vishwas,"Officer, Chief Strategy Officer",,1,,Chief Strategy Officer,SEC EDGAR
ADM|0001225208-26-007729|nonDerivative|2026-09-08|Jones Regina|F|Common Stock|1706.0000|84.6100|D,2026-09-17 04:45:13+0000,ADM,Archer-Daniels-Midland Co,0000007084,4,2026-09-10,2026-09-08,0001225208-26-007729,https://www.sec.gov/Archives/edgar/data/7084/000122520826007729/doc4.xml,nonDerivative,2026-09-08,F,Common Stock,1706.0000,84.6100,144344.66,87022.0000,D,Jones Regina,"Officer, Senior Vice President",,1,,Senior Vice President,SEC EDGAR
ADI|0000900729-26-000017|nonDerivative|2026-09-08|STATA RAY|S|Comm Stock - $.16-2/3 value|364|361.2577|D,2026-09-17 04:45:13+0000,ADI,ANALOG DEVICES INC,0000006281,4,2026-09-10,2026-09-08,0000900729-26-000017,https://www.sec.gov/Archives/edgar/data/6281/000090072926000017/wk-form4_1789075246.xml,nonDerivative,2026-09-08,S,Comm Stock - $.16-2/3 value,364,361.2577,131497.8028,112731,D,STATA RAY,Director,1,0,0,,SEC EDGAR
ADI|0000900729-26-000017|nonDerivative|2026-09-08|STATA RAY|S|Comm Stock - $.16-2/3 value|462|362.2012|D,2026-09-17 04:45:13+0000,ADI,ANALOG DEVICES INC,0000006281,4,2026-09-10,2026-09-08,0000900729-26-000017,https://www.sec.gov/Archives/edgar/data/6281/000090072926000017/wk-form4_1789075246.xml,nonDerivative,2026-09-08,S,Comm Stock - $.16-2/3 value,462,362.2012,167336.9544,112269,D,STATA RAY,Director,1,0,0,,SEC EDGAR
ADI|0000900729-26-000017|nonDerivative|2026-09-08|STATA RAY|S|Comm Stock - $.16-2/3 value|222|363.3769|D,2026-09-17 04:45:13+0000,ADI,ANALOG DEVICES INC,0000006281,4,2026-09-10,2026-09-08,0000900729-26-000017,https://www.sec.gov/Archives/edgar/data/6281/000090072926000017/wk-form4_1789075246.xml,nonDerivative,2026-09-08,S,Comm Stock - $.16-2/3 value,222,363.3769,80669.6718,112047,D,STATA RAY,Director,1,0,0,,SEC EDGAR
ADI|0000900729-26-000017|nonDerivative|2026-09-08|STATA RAY|S|Comm Stock - $.16-2/3 value|200|364.3699|D,2026-09-17 04:45:13+0000,ADI,ANALOG DEVICES INC,0000006281,4,2026-09-10,2026-09-08,0000900729-26-000017,https://www.sec.gov/Archives/edgar/data/6281/000090072926000017/wk-form4_1789075246.xml,nonDerivative,2026-09-08,S,Comm Stock - $.16-2/3 value,200,364.3699,72873.98,111847,D,STATA RAY,Director,1,0,0,,SEC EDGAR
ADI|0000900729-26-000017|nonDerivative|2026-09-08|STATA RAY|S|Comm Stock - $.16-2/3 value|156|365.5117|D,2026-09-17 04:45:13+0000,ADI,ANALOG DEVICES INC,0000006281,4,2026-09-10,2026-09-08,0000900729-26-000017,https://www.sec.gov/Archives/edgar/data/6281/000090072926000017/wk-form4_1789075246.xml,nonDerivative,2026-09-08,S,Comm Stock - $.16-2/3 value,156,365.5117,57019.82520000001,111691,D,STATA RAY,Director,1,0,0,,SEC EDGAR
ADI|0000900729-26-000017|nonDerivative|2026-09-08|STATA RAY|S|Comm Stock - $.16-2/3 value|12|366.045|D,2026-09-17 04:45:13+0000,ADI,ANALOG DEVICES INC,0000006281,4,2026-09-10,2026-09-08,0000900729-26-000017,https://www.sec.gov/Archives/edgar/data/6281/000090072926000017/wk-form4_1789075246.xml,nonDerivative,2026-09-08,S,Comm Stock - $.16-2/3 value,12,366.045,4392.54,111679,D,STATA RAY,Director,1,0,0,,SEC EDGAR
ADI|0000900729-26-000017|nonDerivative|2026-09-09|STATA RAY|S|Comm Stock - $.16-2/3 value|158|361.9282|D,2026-09-17 04:45:13+0000,ADI,ANALOG DEVICES INC,0000006281,4,2026-09-10,2026-09-08,0000900729-26-000017,https://www.sec.gov/Archives/edgar/data/6281/000090072926000017/wk-form4_1789075246.xml,nonDerivative,2026-09-09,S,Comm Stock - $.16-2/3 value,158,361.9282,57184.6556,111521,D,STATA RAY,Director,1,0,0,,SEC EDGAR
ADI|0000900729-26-000017|nonDerivative|2026-09-09|STATA RAY|S|Comm Stock - $.16-2/3 value|369|362.9393|D,2026-09-17 04:45:13+0000,ADI,ANALOG DEVICES INC,0000006281,4,2026-09-10,2026-09-08,0000900729-26-000017,https://www.sec.gov/Archives/edgar/data/6281/000090072926000017/wk-form4_1789075246.xml,nonDerivative,2026-09-09,S,Comm Stock - $.16-2/3 value,369,362.9393,133924.6017,111152,D,STATA RAY,Director,1,0,0,,SEC EDGAR
ADI|0000900729-26-000017|nonDerivative|2026-09-09|STATA RAY|S|Comm Stock - $.16-2/3 value|461|363.9043|D,2026-09-17 04:45:13+0000,ADI,ANALOG DEVICES INC,0000006281,4,2026-09-10,2026-09-08,0000900729-26-000017,https://www.sec.gov/Archives/edgar/data/6281/000090072926000017/wk-form4_1789075246.xml,nonDerivative,2026-09-09,S,Comm Stock - $.16-2/3 value,461,363.9043,167759.8823,110691,D,STATA RAY,Director,1,0,0,,SEC EDGAR
ADI|0000900729-26-000017|nonDerivative|2026-09-09|STATA RAY|S|Comm Stock - $.16-2/3 value|356|364.9028|D,2026-09-17 04:45:13+0000,ADI,ANALOG DEVICES INC,0000006281,4,2026-09-10,2026-09-08,0000900729-26-000017,https://www.sec.gov/Archives/edgar/data/6281/000090072926000017/wk-form4_1789075246.xml,nonDerivative,2026-09-09,S,Comm Stock - $.16-2/3 value,356,364.9028,129905.3968,110335,D,STATA RAY,Director,1,0,0,,SEC EDGAR
ADI|0000900729-26-000017|nonDerivative|2026-09-09|STATA RAY|S|Comm Stock - $.16-2/3 value|72|365.9733|D,2026-09-17 04:45:13+0000,ADI,ANALOG DEVICES INC,0000006281,4,2026-09-10,2026-09-08,0000900729-26-000017,https://www.sec.gov/Archives/edgar/data/6281/000090072926000017/wk-form4_1789075246.xml,nonDerivative,2026-09-09,S,Comm Stock - $.16-2/3 value,72,365.9733,26350.0776,110263,D,STATA RAY,Director,1,0,0,,SEC EDGAR
AAPL|0001140361-26-036226|nonDerivative|2026-09-08|Newstead Jennifer|S|Common Stock|1438|317.23|D,2026-09-17 04:45:13+0000,AAPL,Apple Inc.,0000320193,4,2026-09-10,2026-09-08,0001140361-26-036226,https://www.sec.gov/Archives/edgar/data/320193/000114036126036226/form4.xml,nonDerivative,2026-09-08,S,Common Stock,1438,317.23,456176.74000000005,34352,D,Newstead Jennifer,"SVP, GC and Government Affairs",,true,,"SVP, GC and Government Affairs",SEC EDGAR
A|0001090872-26-000067|nonDerivative|2026-09-08|Boehnlein Glenn S|A|Common Stock|817|146.85|D,2026-09-17 04:45:13+0000,A,"AGILENT TECHNOLOGIES, INC.",0001090872,4,2026-09-10,2026-09-08,0001090872-26-000067,https://www.sec.gov/Archives/edgar/data/1090872/000109087226000067/form4.xml,nonDerivative,2026-09-08,A,Common Stock,817,146.85,119976.45,817,D,Boehnlein Glenn S,Director,1,,,,SEC EDGAR
