unique_key,collected_at_utc,ticker,company_name,cik,form,filing_date,report_date,accession_number,filing_url,transaction_table,transaction_date,transaction_code,security_title,shares,price,total_amount,shares_owned_after,ownership_type,reporting_owner,relationship,is_director,is_officer,is_ten_percent_owner,officer_title,source
VRSN|0001628280-26-049264|nonDerivative|2026-07-20|McCann Debra|A|Common Stock|900|0|D,2026-07-23 03:38:23+0000,VRSN,VERISIGN INC/CA,0001014473,4,2026-07-22,2026-07-20,0001628280-26-049264,https://www.sec.gov/Archives/edgar/data/1014473/000162828026049264/wk-form4_1784761058.xml,nonDerivative,2026-07-20,A,Common Stock,900,0,0.0,2780,D,McCann Debra,Director,1,0,0,,SEC EDGAR
VRSN|0001624651-26-000039|nonDerivative|2026-07-20|Indelicarto Thomas C|S|Common Stock|500|280|D,2026-07-23 03:38:23+0000,VRSN,VERISIGN INC/CA,0001014473,4,2026-07-22,2026-07-20,0001624651-26-000039,https://www.sec.gov/Archives/edgar/data/1014473/000162465126000039/wk-form4_1784752476.xml,nonDerivative,2026-07-20,S,Common Stock,500,280,140000.0,35551.0439,D,Indelicarto Thomas C,"Officer, EVP, Gen Counsel & Secretary",0,1,0,"EVP, Gen Counsel & Secretary",SEC EDGAR
VRSN|0001184176-26-000002|nonDerivative|2026-07-20|GORELICK JAMIE S|A|Common Stock|900|0|I,2026-07-23 03:38:23+0000,VRSN,VERISIGN INC/CA,0001014473,4,2026-07-22,2026-07-20,0001184176-26-000002,https://www.sec.gov/Archives/edgar/data/1014473/000118417626000002/wk-form4_1784756551.xml,nonDerivative,2026-07-20,A,Common Stock,900,0,0.0,23154,I,GORELICK JAMIE S,Director,1,0,0,,SEC EDGAR
VRSN|0001178032-26-000008|nonDerivative|2026-07-20|DESCH MATTHEW J|A|Common Stock|900|0|D,2026-07-23 03:38:23+0000,VRSN,VERISIGN INC/CA,0001014473,4,2026-07-22,2026-07-20,0001178032-26-000008,https://www.sec.gov/Archives/edgar/data/1014473/000117803226000008/wk-form4_1784759160.xml,nonDerivative,2026-07-20,A,Common Stock,900,0,0.0,1628,D,DESCH MATTHEW J,Director,1,0,0,,SEC EDGAR
VRSN|0001181540-26-000002|nonDerivative|2026-07-20|COTE KATHLEEN A|A|Common Stock|900|0|D,2026-07-23 03:38:23+0000,VRSN,VERISIGN INC/CA,0001014473,4,2026-07-22,2026-07-20,0001181540-26-000002,https://www.sec.gov/Archives/edgar/data/1014473/000118154026000002/wk-form4_1784755567.xml,nonDerivative,2026-07-20,A,Common Stock,900,0,0.0,29125,D,COTE KATHLEEN A,Director,1,0,0,,SEC EDGAR
VRSN|0001783493-26-000002|nonDerivative|2026-07-20|Buchalter Yehuda Ari|A|Common Stock|900|0|D,2026-07-23 03:38:23+0000,VRSN,VERISIGN INC/CA,0001014473,4,2026-07-22,2026-07-20,0001783493-26-000002,https://www.sec.gov/Archives/edgar/data/1014473/000178349326000002/wk-form4_1784754709.xml,nonDerivative,2026-07-20,A,Common Stock,900,0,0.0,5514,D,Buchalter Yehuda Ari,Director,1,0,0,,SEC EDGAR
VRSN|0001204816-26-000026|nonDerivative|2026-07-21|BIDZOS D JAMES|S|Common Stock|600|266.1443|D,2026-07-23 03:38:23+0000,VRSN,VERISIGN INC/CA,0001014473,4,2026-07-22,2026-07-21,0001204816-26-000026,https://www.sec.gov/Archives/edgar/data/1014473/000120481626000026/wk-form4_1784752860.xml,nonDerivative,2026-07-21,S,Common Stock,600,266.1443,159686.58,418939.0301,D,BIDZOS D JAMES,"Director, Officer, Exec. Chairman, Pres, & CEO",1,1,0,"Exec. Chairman, Pres, & CEO",SEC EDGAR
VRSN|0001204816-26-000026|nonDerivative|2026-07-21|BIDZOS D JAMES|S|Common Stock|700|267.5871|D,2026-07-23 03:38:23+0000,VRSN,VERISIGN INC/CA,0001014473,4,2026-07-22,2026-07-21,0001204816-26-000026,https://www.sec.gov/Archives/edgar/data/1014473/000120481626000026/wk-form4_1784752860.xml,nonDerivative,2026-07-21,S,Common Stock,700,267.5871,187310.97,418239.0301,D,BIDZOS D JAMES,"Director, Officer, Exec. Chairman, Pres, & CEO",1,1,0,"Exec. Chairman, Pres, & CEO",SEC EDGAR
VRSN|0001204816-26-000026|nonDerivative|2026-07-21|BIDZOS D JAMES|S|Common Stock|200|268.63|D,2026-07-23 03:38:23+0000,VRSN,VERISIGN INC/CA,0001014473,4,2026-07-22,2026-07-21,0001204816-26-000026,https://www.sec.gov/Archives/edgar/data/1014473/000120481626000026/wk-form4_1784752860.xml,nonDerivative,2026-07-21,S,Common Stock,200,268.63,53726.0,418039.0301,D,BIDZOS D JAMES,"Director, Officer, Exec. Chairman, Pres, & CEO",1,1,0,"Exec. Chairman, Pres, & CEO",SEC EDGAR
VRSN|0001204816-26-000026|nonDerivative|2026-07-21|BIDZOS D JAMES|S|Common Stock|400|270.8975|D,2026-07-23 03:38:23+0000,VRSN,VERISIGN INC/CA,0001014473,4,2026-07-22,2026-07-21,0001204816-26-000026,https://www.sec.gov/Archives/edgar/data/1014473/000120481626000026/wk-form4_1784752860.xml,nonDerivative,2026-07-21,S,Common Stock,400,270.8975,108358.99999999999,417639.0301,D,BIDZOS D JAMES,"Director, Officer, Exec. Chairman, Pres, & CEO",1,1,0,"Exec. Chairman, Pres, & CEO",SEC EDGAR
VRSN|0001204816-26-000026|nonDerivative|2026-07-21|BIDZOS D JAMES|S|Common Stock|100|271.8935|D,2026-07-23 03:38:23+0000,VRSN,VERISIGN INC/CA,0001014473,4,2026-07-22,2026-07-21,0001204816-26-000026,https://www.sec.gov/Archives/edgar/data/1014473/000120481626000026/wk-form4_1784752860.xml,nonDerivative,2026-07-21,S,Common Stock,100,271.8935,27189.350000000002,417539.0301,D,BIDZOS D JAMES,"Director, Officer, Exec. Chairman, Pres, & CEO",1,1,0,"Exec. Chairman, Pres, & CEO",SEC EDGAR
VRSN|0001204816-26-000026|nonDerivative|2026-07-21|BIDZOS D JAMES|S|Common Stock|299|273.2776|D,2026-07-23 03:38:23+0000,VRSN,VERISIGN INC/CA,0001014473,4,2026-07-22,2026-07-21,0001204816-26-000026,https://www.sec.gov/Archives/edgar/data/1014473/000120481626000026/wk-form4_1784752860.xml,nonDerivative,2026-07-21,S,Common Stock,299,273.2776,81710.0024,417240.0301,D,BIDZOS D JAMES,"Director, Officer, Exec. Chairman, Pres, & CEO",1,1,0,"Exec. Chairman, Pres, & CEO",SEC EDGAR
VRSN|0001204816-26-000026|nonDerivative|2026-07-21|BIDZOS D JAMES|S|Common Stock|1001|274.2098|D,2026-07-23 03:38:23+0000,VRSN,VERISIGN INC/CA,0001014473,4,2026-07-22,2026-07-21,0001204816-26-000026,https://www.sec.gov/Archives/edgar/data/1014473/000120481626000026/wk-form4_1784752860.xml,nonDerivative,2026-07-21,S,Common Stock,1001,274.2098,274484.0098,416239.0301,D,BIDZOS D JAMES,"Director, Officer, Exec. Chairman, Pres, & CEO",1,1,0,"Exec. Chairman, Pres, & CEO",SEC EDGAR
VRSN|0001869319-26-000008|nonDerivative|2026-07-20|Armstrong Courtney D|A|Common Stock|900|0|I,2026-07-23 03:38:23+0000,VRSN,VERISIGN INC/CA,0001014473,4,2026-07-22,2026-07-20,0001869319-26-000008,https://www.sec.gov/Archives/edgar/data/1014473/000186931926000008/wk-form4_1784753129.xml,nonDerivative,2026-07-20,A,Common Stock,900,0,0.0,6117.278,I,Armstrong Courtney D,Director,1,0,0,,SEC EDGAR
"USB|0001225208-26-006705|nonDerivative|2026-07-20|Philipson Stephen L|S|Common Stock, $0.01 par value|36906.0000|63.0770|D",2026-07-23 03:38:23+0000,USB,US BANCORP DE,0000036104,4,2026-07-22,2026-07-20,0001225208-26-006705,https://www.sec.gov/Archives/edgar/data/36104/000122520826006705/doc4.xml,nonDerivative,2026-07-20,S,"Common Stock, $0.01 par value",36906.0000,63.0770,2327919.762,74969.0000,D,Philipson Stephen L,"Officer, Vice Chair",,1,,Vice Chair,SEC EDGAR
"USB|0001225208-26-006706|nonDerivative|2026-07-21|CHOSY JAMES L|G|Common Stock, $0.01 par value|3969.0000|0.0000|D",2026-07-23 03:38:23+0000,USB,US BANCORP DE,0000036104,4,2026-07-22,2026-07-21,0001225208-26-006706,https://www.sec.gov/Archives/edgar/data/36104/000122520826006706/doc4.xml,nonDerivative,2026-07-21,G,"Common Stock, $0.01 par value",3969.0000,0.0000,0.0,250941.0000,D,CHOSY JAMES L,"Officer, Senior EVP and General Counsel",,1,,Senior EVP and General Counsel,SEC EDGAR
TPL|0001437749-26-024069|nonDerivative|2026-07-21|HORIZON KINETICS ASSET MANAGEMENT LLC|P|Common Stock|1|413.48|D,2026-07-23 03:38:23+0000,TPL,Texas Pacific Land Corp,0001811074,4,2026-07-22,2026-07-21,0001437749-26-024069,https://www.sec.gov/Archives/edgar/data/1811074/000143774926024069/rdgdoc.xml,nonDerivative,2026-07-21,P,Common Stock,1,413.48,413.48,3263680,D,HORIZON KINETICS ASSET MANAGEMENT LLC,10% Owner,,,1,,SEC EDGAR
TKO|0001193125-26-312814|nonDerivative|2026-07-20|Khan Nick|S|Class A Common Stock|3682|182.54|D,2026-07-23 03:38:23+0000,TKO,"TKO Group Holdings, Inc.",0001973266,4,2026-07-22,2026-07-20,0001193125-26-312814,https://www.sec.gov/Archives/edgar/data/1973266/000119312526312814/ownership.xml,nonDerivative,2026-07-20,S,Class A Common Stock,3682,182.54,672112.28,68329.535,D,Khan Nick,,true,false,false,,SEC EDGAR
TKO|0001193125-26-312814|nonDerivative|2026-07-20|Khan Nick|S|Class A Common Stock|3299|183.43|D,2026-07-23 03:38:23+0000,TKO,"TKO Group Holdings, Inc.",0001973266,4,2026-07-22,2026-07-20,0001193125-26-312814,https://www.sec.gov/Archives/edgar/data/1973266/000119312526312814/ownership.xml,nonDerivative,2026-07-20,S,Class A Common Stock,3299,183.43,605135.5700000001,65030.535,D,Khan Nick,,true,false,false,,SEC EDGAR
TKO|0001193125-26-312814|nonDerivative|2026-07-20|Khan Nick|S|Class A Common Stock|1400|184.45|D,2026-07-23 03:38:23+0000,TKO,"TKO Group Holdings, Inc.",0001973266,4,2026-07-22,2026-07-20,0001193125-26-312814,https://www.sec.gov/Archives/edgar/data/1973266/000119312526312814/ownership.xml,nonDerivative,2026-07-20,S,Class A Common Stock,1400,184.45,258229.99999999997,63630.535,D,Khan Nick,,true,false,false,,SEC EDGAR
TKO|0001193125-26-312814|nonDerivative|2026-07-20|Khan Nick|S|Class A Common Stock|1700|185.29|D,2026-07-23 03:38:23+0000,TKO,"TKO Group Holdings, Inc.",0001973266,4,2026-07-22,2026-07-20,0001193125-26-312814,https://www.sec.gov/Archives/edgar/data/1973266/000119312526312814/ownership.xml,nonDerivative,2026-07-20,S,Class A Common Stock,1700,185.29,314993.0,61930.535,D,Khan Nick,,true,false,false,,SEC EDGAR
TKO|0001193125-26-312814|nonDerivative|2026-07-21|Khan Nick|S|Class A Common Stock|132|181.09|D,2026-07-23 03:38:23+0000,TKO,"TKO Group Holdings, Inc.",0001973266,4,2026-07-22,2026-07-20,0001193125-26-312814,https://www.sec.gov/Archives/edgar/data/1973266/000119312526312814/ownership.xml,nonDerivative,2026-07-21,S,Class A Common Stock,132,181.09,23903.88,61798.535,D,Khan Nick,,true,false,false,,SEC EDGAR
TKO|0001193125-26-312814|nonDerivative|2026-07-21|Khan Nick|S|Class A Common Stock|12866|181.11|D,2026-07-23 03:38:23+0000,TKO,"TKO Group Holdings, Inc.",0001973266,4,2026-07-22,2026-07-20,0001193125-26-312814,https://www.sec.gov/Archives/edgar/data/1973266/000119312526312814/ownership.xml,nonDerivative,2026-07-21,S,Class A Common Stock,12866,181.11,2330161.2600000002,48932.535,D,Khan Nick,,true,false,false,,SEC EDGAR
TFC|0001182002-26-000006|nonDerivative|2026-07-20|ROGERS WILLIAM H JR|S|Common Stock|13250.0000|52.3630|I,2026-07-23 03:38:23+0000,TFC,TRUIST FINANCIAL CORP,0000092230,4,2026-07-22,2026-07-20,0001182002-26-000006,https://www.sec.gov/Archives/edgar/data/92230/000118200226000006/f4_a1eus000009ovg5mak-live.xml,nonDerivative,2026-07-20,S,Common Stock,13250.0000,52.3630,693809.75,0.0000,I,ROGERS WILLIAM H JR,Chairman & CEO,true,true,false,Chairman & CEO,SEC EDGAR
RVTY|0001193125-26-312389|nonDerivative|2026-07-20|Gonzales Anita|S|Common Stock|85|109.48|D,2026-07-23 03:38:23+0000,RVTY,"REVVITY, INC.",0000031791,4,2026-07-22,2026-07-20,0001193125-26-312389,https://www.sec.gov/Archives/edgar/data/31791/000119312526312389/ownership.xml,nonDerivative,2026-07-20,S,Common Stock,85,109.48,9305.800000000001,7201,D,Gonzales Anita,Vice President and CAO,false,true,false,Vice President and CAO,SEC EDGAR
PGR|0000080661-26-000270|derivative|2026-07-20|Quigg Andrew J|A|Restricted Stock Unit|481|0|D,2026-07-23 03:38:23+0000,PGR,PROGRESSIVE CORP/OH/,0000080661,4,2026-07-22,2026-07-20,0000080661-26-000270,https://www.sec.gov/Archives/edgar/data/80661/000008066126000270/form4.xml,derivative,2026-07-20,A,Restricted Stock Unit,481,0,0.0,12643.48,D,Quigg Andrew J,"Officer, VP and Chief Financial Officer",,1,,VP and Chief Financial Officer,SEC EDGAR
PGR|0000080661-26-000268|derivative|2026-07-20|Niederst Lori A|A|Restricted Stock Unit|337|0|D,2026-07-23 03:38:23+0000,PGR,PROGRESSIVE CORP/OH/,0000080661,4,2026-07-22,2026-07-20,0000080661-26-000268,https://www.sec.gov/Archives/edgar/data/80661/000008066126000268/form4.xml,derivative,2026-07-20,A,Restricted Stock Unit,337,0,0.0,13090.353,D,Niederst Lori A,"Officer, Chief Personal Lines Officer",,1,,Chief Personal Lines Officer,SEC EDGAR
PGR|0000080661-26-000266|derivative|2026-07-20|DAY HEATHER E|A|Restricted Stock Unit|1443|0|D,2026-07-23 03:38:23+0000,PGR,PROGRESSIVE CORP/OH/,0000080661,4,2026-07-22,2026-07-20,0000080661-26-000266,https://www.sec.gov/Archives/edgar/data/80661/000008066126000266/form4.xml,derivative,2026-07-20,A,Restricted Stock Unit,1443,0,0.0,5587.936,D,DAY HEATHER E,"Officer, CRM President",,1,,CRM President,SEC EDGAR
META|0000950103-26-011028|nonDerivative|2026-07-20|Olivan Javier|S|Class A Common Stock|837|645.85|D,2026-07-23 03:38:23+0000,META,"Meta Platforms, Inc.",0001326801,4,2026-07-22,2026-07-20,0000950103-26-011028,https://www.sec.gov/Archives/edgar/data/1326801/000095010326011028/ownership.xml,nonDerivative,2026-07-20,S,Class A Common Stock,837,645.85,540576.4500000001,7127,D,Olivan Javier,"Officer, Chief Operating Officer",0,1,0,Chief Operating Officer,SEC EDGAR
META|0000950103-26-011028|nonDerivative|2026-07-20|Olivan Javier|S|Class A Common Stock|82|645.85|I,2026-07-23 03:38:23+0000,META,"Meta Platforms, Inc.",0001326801,4,2026-07-22,2026-07-20,0000950103-26-011028,https://www.sec.gov/Archives/edgar/data/1326801/000095010326011028/ownership.xml,nonDerivative,2026-07-20,S,Class A Common Stock,82,645.85,52959.700000000004,6736,I,Olivan Javier,"Officer, Chief Operating Officer",0,1,0,Chief Operating Officer,SEC EDGAR
META|0000950103-26-011028|nonDerivative|2026-07-20|Olivan Javier|S|Class A Common Stock|57|645.85|I,2026-07-23 03:38:23+0000,META,"Meta Platforms, Inc.",0001326801,4,2026-07-22,2026-07-20,0000950103-26-011028,https://www.sec.gov/Archives/edgar/data/1326801/000095010326011028/ownership.xml,nonDerivative,2026-07-20,S,Class A Common Stock,57,645.85,36813.450000000004,1688,I,Olivan Javier,"Officer, Chief Operating Officer",0,1,0,Chief Operating Officer,SEC EDGAR
META|0000950103-26-011028|nonDerivative|2026-07-20|Olivan Javier|S|Class A Common Stock|408|645.85|I,2026-07-23 03:38:23+0000,META,"Meta Platforms, Inc.",0001326801,4,2026-07-22,2026-07-20,0000950103-26-011028,https://www.sec.gov/Archives/edgar/data/1326801/000095010326011028/ownership.xml,nonDerivative,2026-07-20,S,Class A Common Stock,408,645.85,263506.8,81109,I,Olivan Javier,"Officer, Chief Operating Officer",0,1,0,Chief Operating Officer,SEC EDGAR
"HSY|0000950142-26-002145|nonDerivative|2026-07-20|HERSHEY TRUST CO TRUSTEE IN TRUST FOR MILTON HERSHEY SCHOOL|S|Common Stock, $1.00 par value|18|168.8400|D",2026-07-23 03:38:23+0000,HSY,HERSHEY CO,0000047111,4,2026-07-22,2026-07-20,0000950142-26-002145,https://www.sec.gov/Archives/edgar/data/47111/000095014226002145/es260809499_4-hsy.xml,nonDerivative,2026-07-20,S,"Common Stock, $1.00 par value",18,168.8400,3039.12,1206101,D,HERSHEY TRUST CO TRUSTEE IN TRUST FOR MILTON HERSHEY SCHOOL,10% Owner,0,0,1,,SEC EDGAR
"HSY|0000950142-26-002145|nonDerivative|2026-07-20|HERSHEY TRUST CO TRUSTEE IN TRUST FOR MILTON HERSHEY SCHOOL|S|Common Stock, $1.00 par value|1375|169.5897|D",2026-07-23 03:38:23+0000,HSY,HERSHEY CO,0000047111,4,2026-07-22,2026-07-20,0000950142-26-002145,https://www.sec.gov/Archives/edgar/data/47111/000095014226002145/es260809499_4-hsy.xml,nonDerivative,2026-07-20,S,"Common Stock, $1.00 par value",1375,169.5897,233185.8375,1204726,D,HERSHEY TRUST CO TRUSTEE IN TRUST FOR MILTON HERSHEY SCHOOL,10% Owner,0,0,1,,SEC EDGAR
"HSY|0000950142-26-002145|nonDerivative|2026-07-20|HERSHEY TRUST CO TRUSTEE IN TRUST FOR MILTON HERSHEY SCHOOL|S|Common Stock, $1.00 par value|2703|170.4735|D",2026-07-23 03:38:23+0000,HSY,HERSHEY CO,0000047111,4,2026-07-22,2026-07-20,0000950142-26-002145,https://www.sec.gov/Archives/edgar/data/47111/000095014226002145/es260809499_4-hsy.xml,nonDerivative,2026-07-20,S,"Common Stock, $1.00 par value",2703,170.4735,460789.8705,1202023,D,HERSHEY TRUST CO TRUSTEE IN TRUST FOR MILTON HERSHEY SCHOOL,10% Owner,0,0,1,,SEC EDGAR
"HSY|0000950142-26-002145|nonDerivative|2026-07-20|HERSHEY TRUST CO TRUSTEE IN TRUST FOR MILTON HERSHEY SCHOOL|S|Common Stock, $1.00 par value|4448|171.6539|D",2026-07-23 03:38:23+0000,HSY,HERSHEY CO,0000047111,4,2026-07-22,2026-07-20,0000950142-26-002145,https://www.sec.gov/Archives/edgar/data/47111/000095014226002145/es260809499_4-hsy.xml,nonDerivative,2026-07-20,S,"Common Stock, $1.00 par value",4448,171.6539,763516.5471999999,1197575,D,HERSHEY TRUST CO TRUSTEE IN TRUST FOR MILTON HERSHEY SCHOOL,10% Owner,0,0,1,,SEC EDGAR
"HSY|0000950142-26-002145|nonDerivative|2026-07-20|HERSHEY TRUST CO TRUSTEE IN TRUST FOR MILTON HERSHEY SCHOOL|S|Common Stock, $1.00 par value|1456|172.1679|D",2026-07-23 03:38:23+0000,HSY,HERSHEY CO,0000047111,4,2026-07-22,2026-07-20,0000950142-26-002145,https://www.sec.gov/Archives/edgar/data/47111/000095014226002145/es260809499_4-hsy.xml,nonDerivative,2026-07-20,S,"Common Stock, $1.00 par value",1456,172.1679,250676.46240000002,1196119,D,HERSHEY TRUST CO TRUSTEE IN TRUST FOR MILTON HERSHEY SCHOOL,10% Owner,0,0,1,,SEC EDGAR
"HSY|0000950142-26-002145|nonDerivative|2026-07-21|HERSHEY TRUST CO TRUSTEE IN TRUST FOR MILTON HERSHEY SCHOOL|S|Common Stock, $1.00 par value|1384|169.8714|D",2026-07-23 03:38:23+0000,HSY,HERSHEY CO,0000047111,4,2026-07-22,2026-07-20,0000950142-26-002145,https://www.sec.gov/Archives/edgar/data/47111/000095014226002145/es260809499_4-hsy.xml,nonDerivative,2026-07-21,S,"Common Stock, $1.00 par value",1384,169.8714,235102.0176,1194735,D,HERSHEY TRUST CO TRUSTEE IN TRUST FOR MILTON HERSHEY SCHOOL,10% Owner,0,0,1,,SEC EDGAR
"HSY|0000950142-26-002145|nonDerivative|2026-07-21|HERSHEY TRUST CO TRUSTEE IN TRUST FOR MILTON HERSHEY SCHOOL|S|Common Stock, $1.00 par value|8387|170.4112|D",2026-07-23 03:38:23+0000,HSY,HERSHEY CO,0000047111,4,2026-07-22,2026-07-20,0000950142-26-002145,https://www.sec.gov/Archives/edgar/data/47111/000095014226002145/es260809499_4-hsy.xml,nonDerivative,2026-07-21,S,"Common Stock, $1.00 par value",8387,170.4112,1429238.7344,1186348,D,HERSHEY TRUST CO TRUSTEE IN TRUST FOR MILTON HERSHEY SCHOOL,10% Owner,0,0,1,,SEC EDGAR
"HSY|0000950142-26-002145|nonDerivative|2026-07-21|HERSHEY TRUST CO TRUSTEE IN TRUST FOR MILTON HERSHEY SCHOOL|S|Common Stock, $1.00 par value|189|171.1233|D",2026-07-23 03:38:23+0000,HSY,HERSHEY CO,0000047111,4,2026-07-22,2026-07-20,0000950142-26-002145,https://www.sec.gov/Archives/edgar/data/47111/000095014226002145/es260809499_4-hsy.xml,nonDerivative,2026-07-21,S,"Common Stock, $1.00 par value",189,171.1233,32342.3037,1186159,D,HERSHEY TRUST CO TRUSTEE IN TRUST FOR MILTON HERSHEY SCHOOL,10% Owner,0,0,1,,SEC EDGAR
"HSY|0000950142-26-002145|nonDerivative|2026-07-21|HERSHEY TRUST CO TRUSTEE IN TRUST FOR MILTON HERSHEY SCHOOL|S|Common Stock, $1.00 par value|40|172.0600|D",2026-07-23 03:38:23+0000,HSY,HERSHEY CO,0000047111,4,2026-07-22,2026-07-20,0000950142-26-002145,https://www.sec.gov/Archives/edgar/data/47111/000095014226002145/es260809499_4-hsy.xml,nonDerivative,2026-07-21,S,"Common Stock, $1.00 par value",40,172.0600,6882.4,1186119,D,HERSHEY TRUST CO TRUSTEE IN TRUST FOR MILTON HERSHEY SCHOOL,10% Owner,0,0,1,,SEC EDGAR
"HSY|0000950142-26-002145|nonDerivative|2026-07-22|HERSHEY TRUST CO TRUSTEE IN TRUST FOR MILTON HERSHEY SCHOOL|S|Common Stock, $1.00 par value|125|170.8714|D",2026-07-23 03:38:23+0000,HSY,HERSHEY CO,0000047111,4,2026-07-22,2026-07-20,0000950142-26-002145,https://www.sec.gov/Archives/edgar/data/47111/000095014226002145/es260809499_4-hsy.xml,nonDerivative,2026-07-22,S,"Common Stock, $1.00 par value",125,170.8714,21358.925,1185994,D,HERSHEY TRUST CO TRUSTEE IN TRUST FOR MILTON HERSHEY SCHOOL,10% Owner,0,0,1,,SEC EDGAR
"HSY|0000950142-26-002145|nonDerivative|2026-07-22|HERSHEY TRUST CO TRUSTEE IN TRUST FOR MILTON HERSHEY SCHOOL|S|Common Stock, $1.00 par value|4084|171.6988|D",2026-07-23 03:38:23+0000,HSY,HERSHEY CO,0000047111,4,2026-07-22,2026-07-20,0000950142-26-002145,https://www.sec.gov/Archives/edgar/data/47111/000095014226002145/es260809499_4-hsy.xml,nonDerivative,2026-07-22,S,"Common Stock, $1.00 par value",4084,171.6988,701217.8992,1181910,D,HERSHEY TRUST CO TRUSTEE IN TRUST FOR MILTON HERSHEY SCHOOL,10% Owner,0,0,1,,SEC EDGAR
"HSY|0000950142-26-002145|nonDerivative|2026-07-22|HERSHEY TRUST CO TRUSTEE IN TRUST FOR MILTON HERSHEY SCHOOL|S|Common Stock, $1.00 par value|5791|172.2865|D",2026-07-23 03:38:23+0000,HSY,HERSHEY CO,0000047111,4,2026-07-22,2026-07-20,0000950142-26-002145,https://www.sec.gov/Archives/edgar/data/47111/000095014226002145/es260809499_4-hsy.xml,nonDerivative,2026-07-22,S,"Common Stock, $1.00 par value",5791,172.2865,997711.1214999999,1176119,D,HERSHEY TRUST CO TRUSTEE IN TRUST FOR MILTON HERSHEY SCHOOL,10% Owner,0,0,1,,SEC EDGAR
HPE|0001584883-26-000006|nonDerivative|2026-07-20|Karros Kirt P|M|Common Stock|40282|44.56|D,2026-07-23 03:38:23+0000,HPE,Hewlett Packard Enterprise Co,0001645590,4,2026-07-22,2026-07-20,0001584883-26-000006,https://www.sec.gov/Archives/edgar/data/1645590/000158488326000006/form4.xml,nonDerivative,2026-07-20,M,Common Stock,40282,44.56,1794965.9200000002,40282,D,Karros Kirt P,"Officer, SVP, Treasurer, Corp Dev",0,1,0,"SVP, Treasurer, Corp Dev",SEC EDGAR
HPE|0001584883-26-000006|nonDerivative|2026-07-20|Karros Kirt P|F|Common Stock|16607|44.56|D,2026-07-23 03:38:23+0000,HPE,Hewlett Packard Enterprise Co,0001645590,4,2026-07-22,2026-07-20,0001584883-26-000006,https://www.sec.gov/Archives/edgar/data/1645590/000158488326000006/form4.xml,nonDerivative,2026-07-20,F,Common Stock,16607,44.56,740007.92,23675,D,Karros Kirt P,"Officer, SVP, Treasurer, Corp Dev",0,1,0,"SVP, Treasurer, Corp Dev",SEC EDGAR
HPE|0001584883-26-000006|nonDerivative|2026-07-22|Karros Kirt P|S|Common Stock|23675|47.02|D,2026-07-23 03:38:23+0000,HPE,Hewlett Packard Enterprise Co,0001645590,4,2026-07-22,2026-07-20,0001584883-26-000006,https://www.sec.gov/Archives/edgar/data/1645590/000158488326000006/form4.xml,nonDerivative,2026-07-22,S,Common Stock,23675,47.02,1113198.5,0,D,Karros Kirt P,"Officer, SVP, Treasurer, Corp Dev",0,1,0,"SVP, Treasurer, Corp Dev",SEC EDGAR
HPE|0001584883-26-000006|derivative|2026-07-15|Karros Kirt P|A|Restricted Stock Units|93.27||D,2026-07-23 03:38:23+0000,HPE,Hewlett Packard Enterprise Co,0001645590,4,2026-07-22,2026-07-20,0001584883-26-000006,https://www.sec.gov/Archives/edgar/data/1645590/000158488326000006/form4.xml,derivative,2026-07-15,A,Restricted Stock Units,93.27,,,33150.6848,D,Karros Kirt P,"Officer, SVP, Treasurer, Corp Dev",0,1,0,"SVP, Treasurer, Corp Dev",SEC EDGAR
HPE|0001584883-26-000006|derivative|2026-07-15|Karros Kirt P|A|Restricted Stock Units|151.8035||D,2026-07-23 03:38:23+0000,HPE,Hewlett Packard Enterprise Co,0001645590,4,2026-07-22,2026-07-20,0001584883-26-000006,https://www.sec.gov/Archives/edgar/data/1645590/000158488326000006/form4.xml,derivative,2026-07-15,A,Restricted Stock Units,151.8035,,,52542.9145,D,Karros Kirt P,"Officer, SVP, Treasurer, Corp Dev",0,1,0,"SVP, Treasurer, Corp Dev",SEC EDGAR
HPE|0001584883-26-000006|derivative|2026-07-20|Karros Kirt P|M|Restricted Stock Units|40282||D,2026-07-23 03:38:23+0000,HPE,Hewlett Packard Enterprise Co,0001645590,4,2026-07-22,2026-07-20,0001584883-26-000006,https://www.sec.gov/Archives/edgar/data/1645590/000158488326000006/form4.xml,derivative,2026-07-20,M,Restricted Stock Units,40282,,,80563,D,Karros Kirt P,"Officer, SVP, Treasurer, Corp Dev",0,1,0,"SVP, Treasurer, Corp Dev",SEC EDGAR
HPE|0001584883-26-000006|derivative|2026-07-15|Karros Kirt P|A|Restricted Stock Units|252.0497||D,2026-07-23 03:38:23+0000,HPE,Hewlett Packard Enterprise Co,0001645590,4,2026-07-22,2026-07-20,0001584883-26-000006,https://www.sec.gov/Archives/edgar/data/1645590/000158488326000006/form4.xml,derivative,2026-07-15,A,Restricted Stock Units,252.0497,,,85058.8322,D,Karros Kirt P,"Officer, SVP, Treasurer, Corp Dev",0,1,0,"SVP, Treasurer, Corp Dev",SEC EDGAR
HPE|0001584883-26-000006|derivative|2026-07-15|Karros Kirt P|A|Restricted Stock Units|63.4259||D,2026-07-23 03:38:23+0000,HPE,Hewlett Packard Enterprise Co,0001645590,4,2026-07-22,2026-07-20,0001584883-26-000006,https://www.sec.gov/Archives/edgar/data/1645590/000158488326000006/form4.xml,derivative,2026-07-15,A,Restricted Stock Units,63.4259,,,21156.4259,D,Karros Kirt P,"Officer, SVP, Treasurer, Corp Dev",0,1,0,"SVP, Treasurer, Corp Dev",SEC EDGAR
"HOOD|0001783879-26-000099|nonDerivative|2026-07-20|Robinhood Markets, Inc.|S|Common Shares of Beneficial Interest|5274|25.77|D",2026-07-23 03:38:23+0000,HOOD,"Robinhood Markets, Inc.",0001783879,4,2026-07-22,2026-07-20,0001783879-26-000099,https://www.sec.gov/Archives/edgar/data/1783879/000178387926000099/wk-form4_1784753008.xml,nonDerivative,2026-07-20,S,Common Shares of Beneficial Interest,5274,25.77,135910.98,13226978,D,"Robinhood Markets, Inc.",10% Owner,0,0,1,,SEC EDGAR
"HOOD|0001783879-26-000099|nonDerivative|2026-07-20|Robinhood Markets, Inc.|S|Common Shares of Beneficial Interest|4320|26.48|D",2026-07-23 03:38:23+0000,HOOD,"Robinhood Markets, Inc.",0001783879,4,2026-07-22,2026-07-20,0001783879-26-000099,https://www.sec.gov/Archives/edgar/data/1783879/000178387926000099/wk-form4_1784753008.xml,nonDerivative,2026-07-20,S,Common Shares of Beneficial Interest,4320,26.48,114393.6,13222658,D,"Robinhood Markets, Inc.",10% Owner,0,0,1,,SEC EDGAR
"HOOD|0001783879-26-000099|nonDerivative|2026-07-21|Robinhood Markets, Inc.|S|Common Shares of Beneficial Interest|5641|26.50|D",2026-07-23 03:38:23+0000,HOOD,"Robinhood Markets, Inc.",0001783879,4,2026-07-22,2026-07-20,0001783879-26-000099,https://www.sec.gov/Archives/edgar/data/1783879/000178387926000099/wk-form4_1784753008.xml,nonDerivative,2026-07-21,S,Common Shares of Beneficial Interest,5641,26.50,149486.5,13217017,D,"Robinhood Markets, Inc.",10% Owner,0,0,1,,SEC EDGAR
"HOOD|0001783879-26-000099|nonDerivative|2026-07-21|Robinhood Markets, Inc.|S|Common Shares of Beneficial Interest|7311|27.18|D",2026-07-23 03:38:23+0000,HOOD,"Robinhood Markets, Inc.",0001783879,4,2026-07-22,2026-07-20,0001783879-26-000099,https://www.sec.gov/Archives/edgar/data/1783879/000178387926000099/wk-form4_1784753008.xml,nonDerivative,2026-07-21,S,Common Shares of Beneficial Interest,7311,27.18,198712.98,13209706,D,"Robinhood Markets, Inc.",10% Owner,0,0,1,,SEC EDGAR
ERIE|0001628280-26-049179|derivative|2026-07-21|Palmer Thomas W|J|Directors' Deferred Compensation Share Credits|108.268|215.82|D,2026-07-23 03:38:23+0000,ERIE,ERIE INDEMNITY CO,0000922621,4,2026-07-22,2026-07-21,0001628280-26-049179,https://www.sec.gov/Archives/edgar/data/922621/000162828026049179/wk-form4_1784749495.xml,derivative,2026-07-21,J,Directors' Deferred Compensation Share Credits,108.268,215.82,23366.39976,15825.356,D,Palmer Thomas W,Director,1,0,0,,SEC EDGAR
ERIE|0001628280-26-049175|derivative|2026-07-21|Hudson Brian Arden Sr.|J|Directors' Deferred Compensation Share Credits|24.561|215.82|D,2026-07-23 03:38:23+0000,ERIE,ERIE INDEMNITY CO,0000922621,4,2026-07-22,2026-07-21,0001628280-26-049175,https://www.sec.gov/Archives/edgar/data/922621/000162828026049175/wk-form4_1784749293.xml,derivative,2026-07-21,J,Directors' Deferred Compensation Share Credits,24.561,215.82,5300.75502,3389.127,D,Hudson Brian Arden Sr.,Director,1,0,0,,SEC EDGAR
ERIE|0001628280-26-049167|derivative|2026-07-21|Hagen Thomas B|J|Directors' Deferred Compensation Share Credits|99.757|215.82|D,2026-07-23 03:38:23+0000,ERIE,ERIE INDEMNITY CO,0000922621,4,2026-07-22,2026-07-21,0001628280-26-049167,https://www.sec.gov/Archives/edgar/data/922621/000162828026049167/wk-form4_1784748615.xml,derivative,2026-07-21,J,Directors' Deferred Compensation Share Credits,99.757,215.82,21529.55574,14560.851,D,Hagen Thomas B,Director,1,0,0,,SEC EDGAR
ERIE|0001628280-26-049166|derivative|2026-07-21|Hagen Jonathan Hirt|J|Directors' Deferred Compensation Share Credits|116.921|215.82|D,2026-07-23 03:38:23+0000,ERIE,ERIE INDEMNITY CO,0000922621,4,2026-07-22,2026-07-21,0001628280-26-049166,https://www.sec.gov/Archives/edgar/data/922621/000162828026049166/wk-form4_1784748292.xml,derivative,2026-07-21,J,Directors' Deferred Compensation Share Credits,116.921,215.82,25233.89022,17110.739,D,Hagen Jonathan Hirt,Director,1,0,0,,SEC EDGAR
ERIE|0001628280-26-049168|derivative|2026-07-21|HARTZ CHARLES SCOTT|J|Directors' Deferred Compensation Share Credits|132.61|215.82|D,2026-07-23 03:38:23+0000,ERIE,ERIE INDEMNITY CO,0000922621,4,2026-07-22,2026-07-21,0001628280-26-049168,https://www.sec.gov/Archives/edgar/data/922621/000162828026049168/wk-form4_1784748834.xml,derivative,2026-07-21,J,Directors' Deferred Compensation Share Credits,132.61,215.82,28619.8902,19441.845,D,HARTZ CHARLES SCOTT,Director,1,0,0,,SEC EDGAR
ERIE|0001628280-26-049165|derivative|2026-07-21|Edwards William David|J|Directors' Deferred Compensation Share Credits|1.762|215.82|D,2026-07-23 03:38:23+0000,ERIE,ERIE INDEMNITY CO,0000922621,4,2026-07-22,2026-07-21,0001628280-26-049165,https://www.sec.gov/Archives/edgar/data/922621/000162828026049165/wk-form4_1784747789.xml,derivative,2026-07-21,J,Directors' Deferred Compensation Share Credits,1.762,215.82,380.27484,1.762,D,Edwards William David,Director,1,0,0,,SEC EDGAR
ERIE|0001628280-26-049163|derivative|2026-07-21|Datesh LuAnn|J|Directors' Deferred Compensation Share Credits|29.959|215.82|D,2026-07-23 03:38:23+0000,ERIE,ERIE INDEMNITY CO,0000922621,4,2026-07-22,2026-07-21,0001628280-26-049163,https://www.sec.gov/Archives/edgar/data/922621/000162828026049163/wk-form4_1784747097.xml,derivative,2026-07-21,J,Directors' Deferred Compensation Share Credits,29.959,215.82,6465.75138,4191.076,D,Datesh LuAnn,Director,1,0,0,,SEC EDGAR
ERIE|0001628280-26-049180|derivative|2026-07-21|Correnti Salvatore|J|Directors' Deferred Compensation Share Credits|20.611|215.82|D,2026-07-23 03:38:23+0000,ERIE,ERIE INDEMNITY CO,0000922621,4,2026-07-22,2026-07-21,0001628280-26-049180,https://www.sec.gov/Archives/edgar/data/922621/000162828026049180/wk-form4_1784749677.xml,derivative,2026-07-21,J,Directors' Deferred Compensation Share Credits,20.611,215.82,4448.26602,2802.147,D,Correnti Salvatore,Director,1,0,0,,SEC EDGAR
ERIE|0001628280-26-049159|derivative|2026-07-21|CONNELL EUGENE C|J|Directors' Deferred Compensation Share Credits|24.562|215.82|D,2026-07-23 03:38:23+0000,ERIE,ERIE INDEMNITY CO,0000922621,4,2026-07-22,2026-07-21,0001628280-26-049159,https://www.sec.gov/Archives/edgar/data/922621/000162828026049159/wk-form4_1784746689.xml,derivative,2026-07-21,J,Directors' Deferred Compensation Share Credits,24.562,215.82,5300.97084,3389.13,D,CONNELL EUGENE C,Director,1,0,0,,SEC EDGAR
ERIE|0001628280-26-049141|derivative|2026-07-21|BORNEMAN J RALPH JR|J|Directors' Deferred Compensation Share Credits|140.139|215.82|D,2026-07-23 03:38:23+0000,ERIE,ERIE INDEMNITY CO,0000922621,4,2026-07-22,2026-07-21,0001628280-26-049141,https://www.sec.gov/Archives/edgar/data/922621/000162828026049141/wk-form4_1784737202.xml,derivative,2026-07-21,J,Directors' Deferred Compensation Share Credits,140.139,215.82,30244.79898,20560.311,D,BORNEMAN J RALPH JR,Director,1,0,0,,SEC EDGAR
EL|0001267621-26-000012|derivative|2026-07-21|Zinterhofer Eric Louis|A|Stock Units (Cash Payout)|327.78|82.37|D,2026-07-23 03:38:23+0000,EL,ESTEE LAUDER COMPANIES INC,0001001250,4,2026-07-22,2026-07-21,0001267621-26-000012,https://www.sec.gov/Archives/edgar/data/1001250/000126762126000012/wk-form4_1784751751.xml,derivative,2026-07-21,A,Stock Units (Cash Payout),327.78,82.37,26999.2386,2313.02,D,Zinterhofer Eric Louis,Director,1,0,0,,SEC EDGAR
EL|0001034657-26-000010|derivative|2026-07-21|STERNLICHT BARRY S|A|Stock Units (Cash Payout)|327.78|82.37|D,2026-07-23 03:38:23+0000,EL,ESTEE LAUDER COMPANIES INC,0001001250,4,2026-07-22,2026-07-21,0001034657-26-000010,https://www.sec.gov/Archives/edgar/data/1001250/000103465726000010/wk-form4_1784751773.xml,derivative,2026-07-21,A,Stock Units (Cash Payout),327.78,82.37,26999.2386,47925.18,D,STERNLICHT BARRY S,Director,1,0,0,,SEC EDGAR
EL|0001070938-26-000016|derivative|2026-07-21|FRIBOURG PAUL J|A|Stock Units (Cash Payout)|409.73|82.37|D,2026-07-23 03:38:23+0000,EL,ESTEE LAUDER COMPANIES INC,0001001250,4,2026-07-22,2026-07-21,0001070938-26-000016,https://www.sec.gov/Archives/edgar/data/1001250/000107093826000016/wk-form4_1784751792.xml,derivative,2026-07-21,A,Stock Units (Cash Payout),409.73,82.37,33749.460100000004,42060.13,D,FRIBOURG PAUL J,Director,1,0,0,,SEC EDGAR
DDOG|0001561550-26-000248|nonDerivative|2026-07-20|Le-Quoc Alexis|C|Class A Common Stock|43224|0|D,2026-07-23 03:38:23+0000,DDOG,"Datadog, Inc.",0001561550,4,2026-07-22,2026-07-20,0001561550-26-000248,https://www.sec.gov/Archives/edgar/data/1561550/000156155026000248/wk-form4_1784752364.xml,nonDerivative,2026-07-20,C,Class A Common Stock,43224,0,0.0,553029,D,Le-Quoc Alexis,"Director, Officer, Chief Technology Officer",1,1,0,Chief Technology Officer,SEC EDGAR
DDOG|0001561550-26-000248|nonDerivative|2026-07-20|Le-Quoc Alexis|S|Class A Common Stock|400|258.8646|D,2026-07-23 03:38:23+0000,DDOG,"Datadog, Inc.",0001561550,4,2026-07-22,2026-07-20,0001561550-26-000248,https://www.sec.gov/Archives/edgar/data/1561550/000156155026000248/wk-form4_1784752364.xml,nonDerivative,2026-07-20,S,Class A Common Stock,400,258.8646,103545.84,552629,D,Le-Quoc Alexis,"Director, Officer, Chief Technology Officer",1,1,0,Chief Technology Officer,SEC EDGAR
DDOG|0001561550-26-000248|nonDerivative|2026-07-20|Le-Quoc Alexis|S|Class A Common Stock|200|259.875|D,2026-07-23 03:38:23+0000,DDOG,"Datadog, Inc.",0001561550,4,2026-07-22,2026-07-20,0001561550-26-000248,https://www.sec.gov/Archives/edgar/data/1561550/000156155026000248/wk-form4_1784752364.xml,nonDerivative,2026-07-20,S,Class A Common Stock,200,259.875,51975.0,552429,D,Le-Quoc Alexis,"Director, Officer, Chief Technology Officer",1,1,0,Chief Technology Officer,SEC EDGAR
DDOG|0001561550-26-000248|nonDerivative|2026-07-20|Le-Quoc Alexis|S|Class A Common Stock|8062|263.3545|D,2026-07-23 03:38:23+0000,DDOG,"Datadog, Inc.",0001561550,4,2026-07-22,2026-07-20,0001561550-26-000248,https://www.sec.gov/Archives/edgar/data/1561550/000156155026000248/wk-form4_1784752364.xml,nonDerivative,2026-07-20,S,Class A Common Stock,8062,263.3545,2123163.979,544367,D,Le-Quoc Alexis,"Director, Officer, Chief Technology Officer",1,1,0,Chief Technology Officer,SEC EDGAR
DDOG|0001561550-26-000248|nonDerivative|2026-07-20|Le-Quoc Alexis|S|Class A Common Stock|10168|264.1328|D,2026-07-23 03:38:23+0000,DDOG,"Datadog, Inc.",0001561550,4,2026-07-22,2026-07-20,0001561550-26-000248,https://www.sec.gov/Archives/edgar/data/1561550/000156155026000248/wk-form4_1784752364.xml,nonDerivative,2026-07-20,S,Class A Common Stock,10168,264.1328,2685702.3104,534199,D,Le-Quoc Alexis,"Director, Officer, Chief Technology Officer",1,1,0,Chief Technology Officer,SEC EDGAR
DDOG|0001561550-26-000248|nonDerivative|2026-07-20|Le-Quoc Alexis|S|Class A Common Stock|6580|265.0709|D,2026-07-23 03:38:23+0000,DDOG,"Datadog, Inc.",0001561550,4,2026-07-22,2026-07-20,0001561550-26-000248,https://www.sec.gov/Archives/edgar/data/1561550/000156155026000248/wk-form4_1784752364.xml,nonDerivative,2026-07-20,S,Class A Common Stock,6580,265.0709,1744166.5219999999,527619,D,Le-Quoc Alexis,"Director, Officer, Chief Technology Officer",1,1,0,Chief Technology Officer,SEC EDGAR
DDOG|0001561550-26-000248|nonDerivative|2026-07-20|Le-Quoc Alexis|S|Class A Common Stock|7310|266.3098|D,2026-07-23 03:38:23+0000,DDOG,"Datadog, Inc.",0001561550,4,2026-07-22,2026-07-20,0001561550-26-000248,https://www.sec.gov/Archives/edgar/data/1561550/000156155026000248/wk-form4_1784752364.xml,nonDerivative,2026-07-20,S,Class A Common Stock,7310,266.3098,1946724.638,520309,D,Le-Quoc Alexis,"Director, Officer, Chief Technology Officer",1,1,0,Chief Technology Officer,SEC EDGAR
DDOG|0001561550-26-000248|nonDerivative|2026-07-20|Le-Quoc Alexis|S|Class A Common Stock|8391|267.2687|D,2026-07-23 03:38:23+0000,DDOG,"Datadog, Inc.",0001561550,4,2026-07-22,2026-07-20,0001561550-26-000248,https://www.sec.gov/Archives/edgar/data/1561550/000156155026000248/wk-form4_1784752364.xml,nonDerivative,2026-07-20,S,Class A Common Stock,8391,267.2687,2242651.6617,511918,D,Le-Quoc Alexis,"Director, Officer, Chief Technology Officer",1,1,0,Chief Technology Officer,SEC EDGAR
DDOG|0001561550-26-000248|nonDerivative|2026-07-20|Le-Quoc Alexis|S|Class A Common Stock|2113|267.9511|D,2026-07-23 03:38:23+0000,DDOG,"Datadog, Inc.",0001561550,4,2026-07-22,2026-07-20,0001561550-26-000248,https://www.sec.gov/Archives/edgar/data/1561550/000156155026000248/wk-form4_1784752364.xml,nonDerivative,2026-07-20,S,Class A Common Stock,2113,267.9511,566180.6743,509805,D,Le-Quoc Alexis,"Director, Officer, Chief Technology Officer",1,1,0,Chief Technology Officer,SEC EDGAR
DDOG|0001561550-26-000248|derivative|2026-07-20|Le-Quoc Alexis|C|Class B Common Stock|43224|0|D,2026-07-23 03:38:23+0000,DDOG,"Datadog, Inc.",0001561550,4,2026-07-22,2026-07-20,0001561550-26-000248,https://www.sec.gov/Archives/edgar/data/1561550/000156155026000248/wk-form4_1784752364.xml,derivative,2026-07-20,C,Class B Common Stock,43224,0,0.0,2316802,D,Le-Quoc Alexis,"Director, Officer, Chief Technology Officer",1,1,0,Chief Technology Officer,SEC EDGAR
CRWD|0001778564-26-000125|nonDerivative|2026-07-21|Kurtz George|S|Class A common stock|1608|190.54|D,2026-07-23 03:38:23+0000,CRWD,"CrowdStrike Holdings, Inc.",0001535527,4,2026-07-22,2026-07-21,0001778564-26-000125,https://www.sec.gov/Archives/edgar/data/1535527/000177856426000125/form4-07222026_080701.xml,nonDerivative,2026-07-21,S,Class A common stock,1608,190.54,306388.32,8171936,D,Kurtz George,PRESIDENT AND CEO,true,true,false,PRESIDENT AND CEO,SEC EDGAR
CRWD|0001778564-26-000125|nonDerivative|2026-07-21|Kurtz George|S|Class A common stock|3249|191.44|D,2026-07-23 03:38:23+0000,CRWD,"CrowdStrike Holdings, Inc.",0001535527,4,2026-07-22,2026-07-21,0001778564-26-000125,https://www.sec.gov/Archives/edgar/data/1535527/000177856426000125/form4-07222026_080701.xml,nonDerivative,2026-07-21,S,Class A common stock,3249,191.44,621988.5599999999,8168687,D,Kurtz George,PRESIDENT AND CEO,true,true,false,PRESIDENT AND CEO,SEC EDGAR
CRWD|0001778564-26-000125|nonDerivative|2026-07-21|Kurtz George|S|Class A common stock|2775|192.46|D,2026-07-23 03:38:23+0000,CRWD,"CrowdStrike Holdings, Inc.",0001535527,4,2026-07-22,2026-07-21,0001778564-26-000125,https://www.sec.gov/Archives/edgar/data/1535527/000177856426000125/form4-07222026_080701.xml,nonDerivative,2026-07-21,S,Class A common stock,2775,192.46,534076.5,8165912,D,Kurtz George,PRESIDENT AND CEO,true,true,false,PRESIDENT AND CEO,SEC EDGAR
CRWD|0001778564-26-000125|nonDerivative|2026-07-21|Kurtz George|S|Class A common stock|472|193.27|D,2026-07-23 03:38:23+0000,CRWD,"CrowdStrike Holdings, Inc.",0001535527,4,2026-07-22,2026-07-21,0001778564-26-000125,https://www.sec.gov/Archives/edgar/data/1535527/000177856426000125/form4-07222026_080701.xml,nonDerivative,2026-07-21,S,Class A common stock,472,193.27,91223.44,8165440,D,Kurtz George,PRESIDENT AND CEO,true,true,false,PRESIDENT AND CEO,SEC EDGAR
CRWD|0001778564-26-000125|nonDerivative|2026-07-21|Kurtz George|S|Class A common stock|524|194.49|D,2026-07-23 03:38:23+0000,CRWD,"CrowdStrike Holdings, Inc.",0001535527,4,2026-07-22,2026-07-21,0001778564-26-000125,https://www.sec.gov/Archives/edgar/data/1535527/000177856426000125/form4-07222026_080701.xml,nonDerivative,2026-07-21,S,Class A common stock,524,194.49,101912.76000000001,8164916,D,Kurtz George,PRESIDENT AND CEO,true,true,false,PRESIDENT AND CEO,SEC EDGAR
CRWD|0001778564-26-000125|nonDerivative|2026-07-21|Kurtz George|S|Class A common stock|276|195.72|D,2026-07-23 03:38:23+0000,CRWD,"CrowdStrike Holdings, Inc.",0001535527,4,2026-07-22,2026-07-21,0001778564-26-000125,https://www.sec.gov/Archives/edgar/data/1535527/000177856426000125/form4-07222026_080701.xml,nonDerivative,2026-07-21,S,Class A common stock,276,195.72,54018.72,8164640,D,Kurtz George,PRESIDENT AND CEO,true,true,false,PRESIDENT AND CEO,SEC EDGAR
CRWD|0001778564-26-000125|nonDerivative|2026-07-21|Kurtz George|S|Class A common stock|152|196.41|D,2026-07-23 03:38:23+0000,CRWD,"CrowdStrike Holdings, Inc.",0001535527,4,2026-07-22,2026-07-21,0001778564-26-000125,https://www.sec.gov/Archives/edgar/data/1535527/000177856426000125/form4-07222026_080701.xml,nonDerivative,2026-07-21,S,Class A common stock,152,196.41,29854.32,8164488,D,Kurtz George,PRESIDENT AND CEO,true,true,false,PRESIDENT AND CEO,SEC EDGAR
CRWD|0001778564-26-000125|nonDerivative|2026-07-21|Kurtz George|S|Class A common stock|384|197.59|D,2026-07-23 03:38:23+0000,CRWD,"CrowdStrike Holdings, Inc.",0001535527,4,2026-07-22,2026-07-21,0001778564-26-000125,https://www.sec.gov/Archives/edgar/data/1535527/000177856426000125/form4-07222026_080701.xml,nonDerivative,2026-07-21,S,Class A common stock,384,197.59,75874.56,8164104,D,Kurtz George,PRESIDENT AND CEO,true,true,false,PRESIDENT AND CEO,SEC EDGAR
CRWD|0001778564-26-000125|nonDerivative|2026-07-21|Kurtz George|S|Class A common stock|492|198.77|D,2026-07-23 03:38:23+0000,CRWD,"CrowdStrike Holdings, Inc.",0001535527,4,2026-07-22,2026-07-21,0001778564-26-000125,https://www.sec.gov/Archives/edgar/data/1535527/000177856426000125/form4-07222026_080701.xml,nonDerivative,2026-07-21,S,Class A common stock,492,198.77,97794.84000000001,8163612,D,Kurtz George,PRESIDENT AND CEO,true,true,false,PRESIDENT AND CEO,SEC EDGAR
CRWD|0001778564-26-000125|nonDerivative|2026-07-21|Kurtz George|S|Class A common stock|68|199.93|D,2026-07-23 03:38:23+0000,CRWD,"CrowdStrike Holdings, Inc.",0001535527,4,2026-07-22,2026-07-21,0001778564-26-000125,https://www.sec.gov/Archives/edgar/data/1535527/000177856426000125/form4-07222026_080701.xml,nonDerivative,2026-07-21,S,Class A common stock,68,199.93,13595.24,8163544,D,Kurtz George,PRESIDENT AND CEO,true,true,false,PRESIDENT AND CEO,SEC EDGAR
BLK|0002012383-26-001978|nonDerivative|2026-07-21|FINK LAURENCE|G|Shares Of Common Stock (par Value $0.01 Per Share)|7852|0|D,2026-07-23 03:38:23+0000,BLK,"BlackRock, Inc.",0002012383,4,2026-07-22,2026-07-21,0002012383-26-001978,https://www.sec.gov/Archives/edgar/data/2012383/000201238326001978/form4.xml,nonDerivative,2026-07-21,G,Shares Of Common Stock (par Value $0.01 Per Share),7852,0,0.0,215979,D,FINK LAURENCE,"Director, Officer, Chairman and CEO",1,1,,Chairman and CEO,SEC EDGAR
BEN|0000038777-26-000191|nonDerivative|2026-07-20|FRANKLIN RESOURCES INC|S|Common Stock|1682905.226|11.29|D,2026-07-23 03:38:23+0000,BEN,FRANKLIN RESOURCES INC,0000038777,4,2026-07-22,2026-07-20,0000038777-26-000191,https://www.sec.gov/Archives/edgar/data/38777/000003877726000191/wk-form4_1784745052.xml,nonDerivative,2026-07-20,S,Common Stock,1682905.226,11.29,19000000.001539998,5103657.501,D,FRANKLIN RESOURCES INC,,0,0,0,,SEC EDGAR
BBY|0001225208-26-006707|nonDerivative|2026-07-20|Watson Mathew|A|Common Stock|5874.0000|0.0000|D,2026-07-23 03:38:23+0000,BBY,BEST BUY CO INC,0000764478,4,2026-07-22,2026-07-20,0001225208-26-006707,https://www.sec.gov/Archives/edgar/data/764478/000122520826006707/doc4.xml,nonDerivative,2026-07-20,A,Common Stock,5874.0000,0.0000,0.0,27678.0000,D,Watson Mathew,"Officer, SVP, Controller & CAO",,1,,"SVP, Controller & CAO",SEC EDGAR
ANET|0001596532-26-000166|nonDerivative|2026-07-20|Duda Kenneth|M|Common Stock|17333|15.2769|D,2026-07-23 03:38:23+0000,ANET,"Arista Networks, Inc.",0001596532,4,2026-07-22,2026-07-20,0001596532-26-000166,https://www.sec.gov/Archives/edgar/data/1596532/000159653226000166/edgardoc.xml,nonDerivative,2026-07-20,M,Common Stock,17333,15.2769,264794.5077,30309,D,Duda Kenneth,"Director, Officer, President and CTO",1,1,0,President and CTO,SEC EDGAR
ANET|0001596532-26-000166|nonDerivative|2026-07-20|Duda Kenneth|S|Common Stock|6567|169.8977|D,2026-07-23 03:38:23+0000,ANET,"Arista Networks, Inc.",0001596532,4,2026-07-22,2026-07-20,0001596532-26-000166,https://www.sec.gov/Archives/edgar/data/1596532/000159653226000166/edgardoc.xml,nonDerivative,2026-07-20,S,Common Stock,6567,169.8977,1115718.1959,23742,D,Duda Kenneth,"Director, Officer, President and CTO",1,1,0,President and CTO,SEC EDGAR
ANET|0001596532-26-000166|nonDerivative|2026-07-20|Duda Kenneth|S|Common Stock|9028|170.7267|D,2026-07-23 03:38:23+0000,ANET,"Arista Networks, Inc.",0001596532,4,2026-07-22,2026-07-20,0001596532-26-000166,https://www.sec.gov/Archives/edgar/data/1596532/000159653226000166/edgardoc.xml,nonDerivative,2026-07-20,S,Common Stock,9028,170.7267,1541320.6476,14714,D,Duda Kenneth,"Director, Officer, President and CTO",1,1,0,President and CTO,SEC EDGAR
ANET|0001596532-26-000166|nonDerivative|2026-07-20|Duda Kenneth|S|Common Stock|1698|171.7198|D,2026-07-23 03:38:23+0000,ANET,"Arista Networks, Inc.",0001596532,4,2026-07-22,2026-07-20,0001596532-26-000166,https://www.sec.gov/Archives/edgar/data/1596532/000159653226000166/edgardoc.xml,nonDerivative,2026-07-20,S,Common Stock,1698,171.7198,291580.2204,13016,D,Duda Kenneth,"Director, Officer, President and CTO",1,1,0,President and CTO,SEC EDGAR
ANET|0001596532-26-000166|nonDerivative|2026-07-20|Duda Kenneth|S|Common Stock|40|172.4|D,2026-07-23 03:38:23+0000,ANET,"Arista Networks, Inc.",0001596532,4,2026-07-22,2026-07-20,0001596532-26-000166,https://www.sec.gov/Archives/edgar/data/1596532/000159653226000166/edgardoc.xml,nonDerivative,2026-07-20,S,Common Stock,40,172.4,6896.0,12976,D,Duda Kenneth,"Director, Officer, President and CTO",1,1,0,President and CTO,SEC EDGAR
ANET|0001596532-26-000166|nonDerivative|2026-07-20|Duda Kenneth|S|Common Stock|6062|169.8977|I,2026-07-23 03:38:23+0000,ANET,"Arista Networks, Inc.",0001596532,4,2026-07-22,2026-07-20,0001596532-26-000166,https://www.sec.gov/Archives/edgar/data/1596532/000159653226000166/edgardoc.xml,nonDerivative,2026-07-20,S,Common Stock,6062,169.8977,1029919.8573999999,1041106,I,Duda Kenneth,"Director, Officer, President and CTO",1,1,0,President and CTO,SEC EDGAR
ANET|0001596532-26-000166|nonDerivative|2026-07-20|Duda Kenneth|S|Common Stock|8334|170.7267|I,2026-07-23 03:38:23+0000,ANET,"Arista Networks, Inc.",0001596532,4,2026-07-22,2026-07-20,0001596532-26-000166,https://www.sec.gov/Archives/edgar/data/1596532/000159653226000166/edgardoc.xml,nonDerivative,2026-07-20,S,Common Stock,8334,170.7267,1422836.3177999998,1032772,I,Duda Kenneth,"Director, Officer, President and CTO",1,1,0,President and CTO,SEC EDGAR
ANET|0001596532-26-000166|nonDerivative|2026-07-20|Duda Kenneth|S|Common Stock|1567|171.7198|I,2026-07-23 03:38:23+0000,ANET,"Arista Networks, Inc.",0001596532,4,2026-07-22,2026-07-20,0001596532-26-000166,https://www.sec.gov/Archives/edgar/data/1596532/000159653226000166/edgardoc.xml,nonDerivative,2026-07-20,S,Common Stock,1567,171.7198,269084.9266,1031205,I,Duda Kenneth,"Director, Officer, President and CTO",1,1,0,President and CTO,SEC EDGAR
ANET|0001596532-26-000166|nonDerivative|2026-07-20|Duda Kenneth|S|Common Stock|37|172.4|I,2026-07-23 03:38:23+0000,ANET,"Arista Networks, Inc.",0001596532,4,2026-07-22,2026-07-20,0001596532-26-000166,https://www.sec.gov/Archives/edgar/data/1596532/000159653226000166/edgardoc.xml,nonDerivative,2026-07-20,S,Common Stock,37,172.4,6378.8,1031168,I,Duda Kenneth,"Director, Officer, President and CTO",1,1,0,President and CTO,SEC EDGAR
ANET|0001596532-26-000166|nonDerivative|2026-07-20|Duda Kenneth|S|Common Stock|3789|169.8977|I,2026-07-23 03:38:23+0000,ANET,"Arista Networks, Inc.",0001596532,4,2026-07-22,2026-07-20,0001596532-26-000166,https://www.sec.gov/Archives/edgar/data/1596532/000159653226000166/edgardoc.xml,nonDerivative,2026-07-20,S,Common Stock,3789,169.8977,643742.3853,468611,I,Duda Kenneth,"Director, Officer, President and CTO",1,1,0,President and CTO,SEC EDGAR
ANET|0001596532-26-000166|nonDerivative|2026-07-20|Duda Kenneth|S|Common Stock|5209|170.7267|I,2026-07-23 03:38:23+0000,ANET,"Arista Networks, Inc.",0001596532,4,2026-07-22,2026-07-20,0001596532-26-000166,https://www.sec.gov/Archives/edgar/data/1596532/000159653226000166/edgardoc.xml,nonDerivative,2026-07-20,S,Common Stock,5209,170.7267,889315.3803,463402,I,Duda Kenneth,"Director, Officer, President and CTO",1,1,0,President and CTO,SEC EDGAR
ANET|0001596532-26-000166|nonDerivative|2026-07-20|Duda Kenneth|S|Common Stock|979|171.7198|I,2026-07-23 03:38:23+0000,ANET,"Arista Networks, Inc.",0001596532,4,2026-07-22,2026-07-20,0001596532-26-000166,https://www.sec.gov/Archives/edgar/data/1596532/000159653226000166/edgardoc.xml,nonDerivative,2026-07-20,S,Common Stock,979,171.7198,168113.6842,462423,I,Duda Kenneth,"Director, Officer, President and CTO",1,1,0,President and CTO,SEC EDGAR
ANET|0001596532-26-000166|nonDerivative|2026-07-20|Duda Kenneth|S|Common Stock|23|172.4|I,2026-07-23 03:38:23+0000,ANET,"Arista Networks, Inc.",0001596532,4,2026-07-22,2026-07-20,0001596532-26-000166,https://www.sec.gov/Archives/edgar/data/1596532/000159653226000166/edgardoc.xml,nonDerivative,2026-07-20,S,Common Stock,23,172.4,3965.2000000000003,462400,I,Duda Kenneth,"Director, Officer, President and CTO",1,1,0,President and CTO,SEC EDGAR
ANET|0001596532-26-000166|derivative|2026-07-20|Duda Kenneth|M|Non-Qualified Stock Option (right to buy)|17333|0.0|D,2026-07-23 03:38:23+0000,ANET,"Arista Networks, Inc.",0001596532,4,2026-07-22,2026-07-20,0001596532-26-000166,https://www.sec.gov/Archives/edgar/data/1596532/000159653226000166/edgardoc.xml,derivative,2026-07-20,M,Non-Qualified Stock Option (right to buy),17333,0.0,0.0,13334,D,Duda Kenneth,"Director, Officer, President and CTO",1,1,0,President and CTO,SEC EDGAR
ABNB|0001193125-26-312447|nonDerivative|2026-07-20|Blecharczyk Nathan|C|Class A Common Stock|13615||I,2026-07-23 03:38:23+0000,ABNB,"Airbnb, Inc.",0001559720,4,2026-07-22,2026-07-20,0001193125-26-312447,https://www.sec.gov/Archives/edgar/data/1559720/000119312526312447/ownership.xml,nonDerivative,2026-07-20,C,Class A Common Stock,13615,,,30062,I,Blecharczyk Nathan,Chief Strategy Officer,true,true,true,Chief Strategy Officer,SEC EDGAR
ABNB|0001193125-26-312447|nonDerivative|2026-07-20|Blecharczyk Nathan|G|Class A Common Stock|4077|0|I,2026-07-23 03:38:23+0000,ABNB,"Airbnb, Inc.",0001559720,4,2026-07-22,2026-07-20,0001193125-26-312447,https://www.sec.gov/Archives/edgar/data/1559720/000119312526312447/ownership.xml,nonDerivative,2026-07-20,G,Class A Common Stock,4077,0,0.0,25985,I,Blecharczyk Nathan,Chief Strategy Officer,true,true,true,Chief Strategy Officer,SEC EDGAR
ABNB|0001193125-26-312447|nonDerivative|2026-07-20|Blecharczyk Nathan|S|Class A Common Stock|11967|145.3233|I,2026-07-23 03:38:23+0000,ABNB,"Airbnb, Inc.",0001559720,4,2026-07-22,2026-07-20,0001193125-26-312447,https://www.sec.gov/Archives/edgar/data/1559720/000119312526312447/ownership.xml,nonDerivative,2026-07-20,S,Class A Common Stock,11967,145.3233,1739083.9311,14018,I,Blecharczyk Nathan,Chief Strategy Officer,true,true,true,Chief Strategy Officer,SEC EDGAR
ABNB|0001193125-26-312447|nonDerivative|2026-07-20|Blecharczyk Nathan|S|Class A Common Stock|1648|146.2323|I,2026-07-23 03:38:23+0000,ABNB,"Airbnb, Inc.",0001559720,4,2026-07-22,2026-07-20,0001193125-26-312447,https://www.sec.gov/Archives/edgar/data/1559720/000119312526312447/ownership.xml,nonDerivative,2026-07-20,S,Class A Common Stock,1648,146.2323,240990.8304,12370,I,Blecharczyk Nathan,Chief Strategy Officer,true,true,true,Chief Strategy Officer,SEC EDGAR
ABNB|0001193125-26-312447|derivative|2026-07-20|Blecharczyk Nathan|C|Class B Common Stock|13615|0|I,2026-07-23 03:38:23+0000,ABNB,"Airbnb, Inc.",0001559720,4,2026-07-22,2026-07-20,0001193125-26-312447,https://www.sec.gov/Archives/edgar/data/1559720/000119312526312447/ownership.xml,derivative,2026-07-20,C,Class B Common Stock,13615,0,0.0,45738970,I,Blecharczyk Nathan,Chief Strategy Officer,true,true,true,Chief Strategy Officer,SEC EDGAR
XYZ|0001628280-26-049078|nonDerivative|2026-07-17|Eisen Anthony Mathew|S|Class A  Common Stock|6000|79.13|D,2026-07-23 03:38:23+0000,XYZ,"Block, Inc.",0001512673,4,2026-07-21,2026-07-17,0001628280-26-049078,https://www.sec.gov/Archives/edgar/data/1512673/000162828026049078/wk-form4_1784670214.xml,nonDerivative,2026-07-17,S,Class A  Common Stock,6000,79.13,474780.0,1679672,D,Eisen Anthony Mathew,Director,1,0,0,,SEC EDGAR
XYZ|0001628280-26-049078|nonDerivative|2026-07-20|Eisen Anthony Mathew|S|Class A  Common Stock|6000|78.90|D,2026-07-23 03:38:23+0000,XYZ,"Block, Inc.",0001512673,4,2026-07-21,2026-07-17,0001628280-26-049078,https://www.sec.gov/Archives/edgar/data/1512673/000162828026049078/wk-form4_1784670214.xml,nonDerivative,2026-07-20,S,Class A  Common Stock,6000,78.90,473400.00000000006,1673672,D,Eisen Anthony Mathew,Director,1,0,0,,SEC EDGAR
XYZ|0001628280-26-049078|nonDerivative|2026-07-21|Eisen Anthony Mathew|S|Class A  Common Stock|6000|79.31|D,2026-07-23 03:38:23+0000,XYZ,"Block, Inc.",0001512673,4,2026-07-21,2026-07-17,0001628280-26-049078,https://www.sec.gov/Archives/edgar/data/1512673/000162828026049078/wk-form4_1784670214.xml,nonDerivative,2026-07-21,S,Class A  Common Stock,6000,79.31,475860.0,1667672,D,Eisen Anthony Mathew,Director,1,0,0,,SEC EDGAR
WDC|0001266824-26-000160|nonDerivative|2026-07-20|Tregillis Cynthia L|M|Common Stock|13|0.0|D,2026-07-23 03:38:23+0000,WDC,WESTERN DIGITAL CORP,0000106040,4,2026-07-21,2026-07-20,0001266824-26-000160,https://www.sec.gov/Archives/edgar/data/106040/000126682426000160/edgardoc.xml,nonDerivative,2026-07-20,M,Common Stock,13,0.0,0.0,116656,D,Tregillis Cynthia L,"Officer, Chief Legal Officer & Corp Sec",0,1,0,Chief Legal Officer & Corp Sec,SEC EDGAR
WDC|0001266824-26-000160|nonDerivative|2026-07-20|Tregillis Cynthia L|F|Common Stock|1309|487.42|D,2026-07-23 03:38:23+0000,WDC,WESTERN DIGITAL CORP,0000106040,4,2026-07-21,2026-07-20,0001266824-26-000160,https://www.sec.gov/Archives/edgar/data/106040/000126682426000160/edgardoc.xml,nonDerivative,2026-07-20,F,Common Stock,1309,487.42,638032.78,115347,D,Tregillis Cynthia L,"Officer, Chief Legal Officer & Corp Sec",0,1,0,Chief Legal Officer & Corp Sec,SEC EDGAR
WDC|0001266824-26-000160|nonDerivative|2026-07-21|Tregillis Cynthia L|S|Common Stock|808|529.63|D,2026-07-23 03:38:23+0000,WDC,WESTERN DIGITAL CORP,0000106040,4,2026-07-21,2026-07-20,0001266824-26-000160,https://www.sec.gov/Archives/edgar/data/106040/000126682426000160/edgardoc.xml,nonDerivative,2026-07-21,S,Common Stock,808,529.63,427941.04,114539,D,Tregillis Cynthia L,"Officer, Chief Legal Officer & Corp Sec",0,1,0,Chief Legal Officer & Corp Sec,SEC EDGAR
WDC|0001266824-26-000160|derivative|2026-07-20|Tregillis Cynthia L|M|Dividend Equivalent Rights|13.1971|0.0|D,2026-07-23 03:38:23+0000,WDC,WESTERN DIGITAL CORP,0000106040,4,2026-07-21,2026-07-20,0001266824-26-000160,https://www.sec.gov/Archives/edgar/data/106040/000126682426000160/edgardoc.xml,derivative,2026-07-20,M,Dividend Equivalent Rights,13.1971,0.0,0.0,309.804,D,Tregillis Cynthia L,"Officer, Chief Legal Officer & Corp Sec",0,1,0,Chief Legal Officer & Corp Sec,SEC EDGAR
VLTO|0001834046-26-000006|nonDerivative|2026-07-17|Honeycutt Jennifer|M|Common Stock|7097|28.76|D,2026-07-23 03:38:23+0000,VLTO,Veralto Corp,0001967680,4,2026-07-21,2026-07-17,0001834046-26-000006,https://www.sec.gov/Archives/edgar/data/1967680/000183404626000006/wk-form4_1784667744.xml,nonDerivative,2026-07-17,M,Common Stock,7097,28.76,204109.72,131182,D,Honeycutt Jennifer,"Director, Officer, President and CEO",1,1,0,President and CEO,SEC EDGAR
VLTO|0001834046-26-000006|nonDerivative|2026-07-17|Honeycutt Jennifer|S|Common Stock|7097|95|D,2026-07-23 03:38:23+0000,VLTO,Veralto Corp,0001967680,4,2026-07-21,2026-07-17,0001834046-26-000006,https://www.sec.gov/Archives/edgar/data/1967680/000183404626000006/wk-form4_1784667744.xml,nonDerivative,2026-07-17,S,Common Stock,7097,95,674215.0,124085,D,Honeycutt Jennifer,"Director, Officer, President and CEO",1,1,0,President and CEO,SEC EDGAR
VLTO|0001834046-26-000006|derivative|2026-07-17|Honeycutt Jennifer|M|Employee Stock Option (Right to Buy)|7097|0|D,2026-07-23 03:38:23+0000,VLTO,Veralto Corp,0001967680,4,2026-07-21,2026-07-17,0001834046-26-000006,https://www.sec.gov/Archives/edgar/data/1967680/000183404626000006/wk-form4_1784667744.xml,derivative,2026-07-17,M,Employee Stock Option (Right to Buy),7097,0,0.0,14195,D,Honeycutt Jennifer,"Director, Officer, President and CEO",1,1,0,President and CEO,SEC EDGAR
UAL|0000100517-26-000142|nonDerivative|2026-07-21|KIRBY J SCOTT|M|Common Stock|159321|58.69|D,2026-07-23 03:38:23+0000,UAL,"United Airlines Holdings, Inc.",0000100517,4,2026-07-21,2026-07-21,0000100517-26-000142,https://www.sec.gov/Archives/edgar/data/100517/000010051726000142/wk-form4_1784682988.xml,nonDerivative,2026-07-21,M,Common Stock,159321,58.69,9350549.49,957172,D,KIRBY J SCOTT,"Director, Officer, Chief Executive Officer",1,1,0,Chief Executive Officer,SEC EDGAR
UAL|0000100517-26-000142|nonDerivative|2026-07-21|KIRBY J SCOTT|S|Common Stock|159321|118.045|D,2026-07-23 03:38:23+0000,UAL,"United Airlines Holdings, Inc.",0000100517,4,2026-07-21,2026-07-21,0000100517-26-000142,https://www.sec.gov/Archives/edgar/data/100517/000010051726000142/wk-form4_1784682988.xml,nonDerivative,2026-07-21,S,Common Stock,159321,118.045,18807047.445,797851,D,KIRBY J SCOTT,"Director, Officer, Chief Executive Officer",1,1,0,Chief Executive Officer,SEC EDGAR
UAL|0000100517-26-000142|derivative|2026-07-21|KIRBY J SCOTT|M|Stock Option (Right to Buy)|159321|0|D,2026-07-23 03:38:23+0000,UAL,"United Airlines Holdings, Inc.",0000100517,4,2026-07-21,2026-07-21,0000100517-26-000142,https://www.sec.gov/Archives/edgar/data/100517/000010051726000142/wk-form4_1784682988.xml,derivative,2026-07-21,M,Stock Option (Right to Buy),159321,0,0.0,0,D,KIRBY J SCOTT,"Director, Officer, Chief Executive Officer",1,1,0,Chief Executive Officer,SEC EDGAR
TPL|0001437749-26-023922|nonDerivative|2026-07-20|HORIZON KINETICS ASSET MANAGEMENT LLC|P|Common Stock|1|416.47|D,2026-07-23 03:38:23+0000,TPL,Texas Pacific Land Corp,0001811074,4,2026-07-21,2026-07-20,0001437749-26-023922,https://www.sec.gov/Archives/edgar/data/1811074/000143774926023922/rdgdoc.xml,nonDerivative,2026-07-20,P,Common Stock,1,416.47,416.47,3263679,D,HORIZON KINETICS ASSET MANAGEMENT LLC,10% Owner,,,1,,SEC EDGAR
TDG|0001656109-26-000006|derivative|2026-07-15|Reiss Joel|M|Stock Option|3900.00|0.00|D,2026-07-23 03:38:23+0000,TDG,TransDigm Group INC,0001260221,4/A,2026-07-21,2026-07-15,0001656109-26-000006,https://www.sec.gov/Archives/edgar/data/1260221/000165610926000006/primarydocument.xml,derivative,2026-07-15,M,Stock Option,3900.00,0.00,0.0,11900.00,D,Reiss Joel,Co-Chief Operating Officer,false,true,false,Co-Chief Operating Officer,SEC EDGAR
TDG|0001352573-26-000012|nonDerivative|2026-07-20|Howley W Nicholas|M|Common Stock|10132.00|66.47|I,2026-07-23 03:38:23+0000,TDG,TransDigm Group INC,0001260221,4,2026-07-21,2026-07-20,0001352573-26-000012,https://www.sec.gov/Archives/edgar/data/1260221/000135257326000012/primarydocument.xml,nonDerivative,2026-07-20,M,Common Stock,10132.00,66.47,673474.04,31679.513,I,Howley W Nicholas,,true,false,false,,SEC EDGAR
TDG|0001352573-26-000012|nonDerivative|2026-07-20|Howley W Nicholas|S|Common Stock|570.00|1210.3242|I,2026-07-23 03:38:23+0000,TDG,TransDigm Group INC,0001260221,4,2026-07-21,2026-07-20,0001352573-26-000012,https://www.sec.gov/Archives/edgar/data/1260221/000135257326000012/primarydocument.xml,nonDerivative,2026-07-20,S,Common Stock,570.00,1210.3242,689884.794,31109.513,I,Howley W Nicholas,,true,false,false,,SEC EDGAR
TDG|0001352573-26-000012|nonDerivative|2026-07-20|Howley W Nicholas|S|Common Stock|240.00|1211.4575|I,2026-07-23 03:38:23+0000,TDG,TransDigm Group INC,0001260221,4,2026-07-21,2026-07-20,0001352573-26-000012,https://www.sec.gov/Archives/edgar/data/1260221/000135257326000012/primarydocument.xml,nonDerivative,2026-07-20,S,Common Stock,240.00,1211.4575,290749.8,30869.513,I,Howley W Nicholas,,true,false,false,,SEC EDGAR
TDG|0001352573-26-000012|nonDerivative|2026-07-20|Howley W Nicholas|S|Common Stock|1720.00|1212.7312|I,2026-07-23 03:38:23+0000,TDG,TransDigm Group INC,0001260221,4,2026-07-21,2026-07-20,0001352573-26-000012,https://www.sec.gov/Archives/edgar/data/1260221/000135257326000012/primarydocument.xml,nonDerivative,2026-07-20,S,Common Stock,1720.00,1212.7312,2085897.6639999999,29149.513,I,Howley W Nicholas,,true,false,false,,SEC EDGAR
TDG|0001352573-26-000012|nonDerivative|2026-07-20|Howley W Nicholas|S|Common Stock|1437.00|1213.8797|I,2026-07-23 03:38:23+0000,TDG,TransDigm Group INC,0001260221,4,2026-07-21,2026-07-20,0001352573-26-000012,https://www.sec.gov/Archives/edgar/data/1260221/000135257326000012/primarydocument.xml,nonDerivative,2026-07-20,S,Common Stock,1437.00,1213.8797,1744345.1289,27712.513,I,Howley W Nicholas,,true,false,false,,SEC EDGAR
TDG|0001352573-26-000012|nonDerivative|2026-07-20|Howley W Nicholas|S|Common Stock|1561.00|1214.7437|I,2026-07-23 03:38:23+0000,TDG,TransDigm Group INC,0001260221,4,2026-07-21,2026-07-20,0001352573-26-000012,https://www.sec.gov/Archives/edgar/data/1260221/000135257326000012/primarydocument.xml,nonDerivative,2026-07-20,S,Common Stock,1561.00,1214.7437,1896214.9157,26151.513,I,Howley W Nicholas,,true,false,false,,SEC EDGAR
TDG|0001352573-26-000012|nonDerivative|2026-07-20|Howley W Nicholas|S|Common Stock|260.00|1215.6154|I,2026-07-23 03:38:23+0000,TDG,TransDigm Group INC,0001260221,4,2026-07-21,2026-07-20,0001352573-26-000012,https://www.sec.gov/Archives/edgar/data/1260221/000135257326000012/primarydocument.xml,nonDerivative,2026-07-20,S,Common Stock,260.00,1215.6154,316060.00399999996,25891.513,I,Howley W Nicholas,,true,false,false,,SEC EDGAR
TDG|0001352573-26-000012|nonDerivative|2026-07-20|Howley W Nicholas|S|Common Stock|603.00|1217.0088|I,2026-07-23 03:38:23+0000,TDG,TransDigm Group INC,0001260221,4,2026-07-21,2026-07-20,0001352573-26-000012,https://www.sec.gov/Archives/edgar/data/1260221/000135257326000012/primarydocument.xml,nonDerivative,2026-07-20,S,Common Stock,603.00,1217.0088,733856.3064,25288.513,I,Howley W Nicholas,,true,false,false,,SEC EDGAR
TDG|0001352573-26-000012|nonDerivative|2026-07-20|Howley W Nicholas|S|Common Stock|1463.00|1218.5833|I,2026-07-23 03:38:23+0000,TDG,TransDigm Group INC,0001260221,4,2026-07-21,2026-07-20,0001352573-26-000012,https://www.sec.gov/Archives/edgar/data/1260221/000135257326000012/primarydocument.xml,nonDerivative,2026-07-20,S,Common Stock,1463.00,1218.5833,1782787.3679,23825.513,I,Howley W Nicholas,,true,false,false,,SEC EDGAR
TDG|0001352573-26-000012|nonDerivative|2026-07-20|Howley W Nicholas|S|Common Stock|1243.00|1219.4848|I,2026-07-23 03:38:23+0000,TDG,TransDigm Group INC,0001260221,4,2026-07-21,2026-07-20,0001352573-26-000012,https://www.sec.gov/Archives/edgar/data/1260221/000135257326000012/primarydocument.xml,nonDerivative,2026-07-20,S,Common Stock,1243.00,1219.4848,1515819.6064,22582.513,I,Howley W Nicholas,,true,false,false,,SEC EDGAR
TDG|0001352573-26-000012|nonDerivative|2026-07-20|Howley W Nicholas|S|Common Stock|130.00|1220.5662|I,2026-07-23 03:38:23+0000,TDG,TransDigm Group INC,0001260221,4,2026-07-21,2026-07-20,0001352573-26-000012,https://www.sec.gov/Archives/edgar/data/1260221/000135257326000012/primarydocument.xml,nonDerivative,2026-07-20,S,Common Stock,130.00,1220.5662,158673.606,22452.513,I,Howley W Nicholas,,true,false,false,,SEC EDGAR
TDG|0001352573-26-000012|nonDerivative|2026-07-20|Howley W Nicholas|S|Common Stock|465.00|1222.3182|I,2026-07-23 03:38:23+0000,TDG,TransDigm Group INC,0001260221,4,2026-07-21,2026-07-20,0001352573-26-000012,https://www.sec.gov/Archives/edgar/data/1260221/000135257326000012/primarydocument.xml,nonDerivative,2026-07-20,S,Common Stock,465.00,1222.3182,568377.963,21987.513,I,Howley W Nicholas,,true,false,false,,SEC EDGAR
TDG|0001352573-26-000012|nonDerivative|2026-07-20|Howley W Nicholas|S|Common Stock|440.00|1224.1377|I,2026-07-23 03:38:23+0000,TDG,TransDigm Group INC,0001260221,4,2026-07-21,2026-07-20,0001352573-26-000012,https://www.sec.gov/Archives/edgar/data/1260221/000135257326000012/primarydocument.xml,nonDerivative,2026-07-20,S,Common Stock,440.00,1224.1377,538620.588,21547.513,I,Howley W Nicholas,,true,false,false,,SEC EDGAR
TDG|0001352573-26-000012|derivative|2026-07-20|Howley W Nicholas|M|Stock Option|10132.00|0.00|I,2026-07-23 03:38:23+0000,TDG,TransDigm Group INC,0001260221,4,2026-07-21,2026-07-20,0001352573-26-000012,https://www.sec.gov/Archives/edgar/data/1260221/000135257326000012/primarydocument.xml,derivative,2026-07-20,M,Stock Option,10132.00,0.00,0.0,11832.00,I,Howley W Nicholas,,true,false,false,,SEC EDGAR
SNA|0000091440-26-000137|nonDerivative|2026-07-17|Chambers Timothy L|M|Common Stock|389|168.70|D,2026-07-23 03:38:23+0000,SNA,Snap-on Inc,0000091440,4,2026-07-21,2026-07-17,0000091440-26-000137,https://www.sec.gov/Archives/edgar/data/91440/000009144026000137/form4.xml,nonDerivative,2026-07-17,M,Common Stock,389,168.70,65624.29999999999,21612.0001,D,Chambers Timothy L,"Officer, Sr VP & Pres - Tools",,1,,Sr VP & Pres - Tools,SEC EDGAR
SNA|0000091440-26-000137|nonDerivative|2026-07-17|Chambers Timothy L|S|Common Stock|389|419.4264|D,2026-07-23 03:38:23+0000,SNA,Snap-on Inc,0000091440,4,2026-07-21,2026-07-17,0000091440-26-000137,https://www.sec.gov/Archives/edgar/data/91440/000009144026000137/form4.xml,nonDerivative,2026-07-17,S,Common Stock,389,419.4264,163156.8696,21223.0001,D,Chambers Timothy L,"Officer, Sr VP & Pres - Tools",,1,,Sr VP & Pres - Tools,SEC EDGAR
SNA|0000091440-26-000137|derivative|2026-07-17|Chambers Timothy L|M|Stock Option (Right to Buy)|389||D,2026-07-23 03:38:23+0000,SNA,Snap-on Inc,0000091440,4,2026-07-21,2026-07-17,0000091440-26-000137,https://www.sec.gov/Archives/edgar/data/91440/000009144026000137/form4.xml,derivative,2026-07-17,M,Stock Option (Right to Buy),389,,,9111,D,Chambers Timothy L,"Officer, Sr VP & Pres - Tools",,1,,Sr VP & Pres - Tools,SEC EDGAR
SCHW|0002028977-26-000015|nonDerivative|2026-07-21|Beatty Jonathan S|S|Common Stock|2000|104.2055|I,2026-07-23 03:38:23+0000,SCHW,SCHWAB CHARLES CORP,0000316709,4,2026-07-21,2026-07-21,0002028977-26-000015,https://www.sec.gov/Archives/edgar/data/316709/000202897726000015/wk-form4_1784674470.xml,nonDerivative,2026-07-21,S,Common Stock,2000,104.2055,208411.0,11738,I,Beatty Jonathan S,"Officer, MD, Head of Advisor Services",0,1,0,"MD, Head of Advisor Services",SEC EDGAR
PSX|0001772603-26-000012|nonDerivative|2026-07-21|Sutherland Vanessa Allen|S|Common Stock|3523|211.0482|D,2026-07-23 03:38:23+0000,PSX,Phillips 66,0001534701,4/A,2026-07-21,2026-07-21,0001772603-26-000012,https://www.sec.gov/Archives/edgar/data/1534701/000177260326000012/wk-form4a_1784679684.xml,nonDerivative,2026-07-21,S,Common Stock,3523,211.0482,743522.8086,27537,D,Sutherland Vanessa Allen,"Officer, EVP, GC and Secretary",0,1,0,"EVP, GC and Secretary",SEC EDGAR
PSX|0001534701-26-000026|nonDerivative|2026-07-20|Sutherland Vanessa Allen|S|Common Stock|563|211.0082|D,2026-07-23 03:38:23+0000,PSX,Phillips 66,0001534701,4,2026-07-21,2026-07-20,0001534701-26-000026,https://www.sec.gov/Archives/edgar/data/1534701/000153470126000026/wk-form4_1784672731.xml,nonDerivative,2026-07-20,S,Common Stock,563,211.0082,118797.6166,31060,D,Sutherland Vanessa Allen,"Officer, EVP, GC and Secretary",0,1,0,"EVP, GC and Secretary",SEC EDGAR
PSX|0001534701-26-000026|nonDerivative|2026-07-21|Sutherland Vanessa Allen|S|Common Stock|3523|2110482|D,2026-07-23 03:38:23+0000,PSX,Phillips 66,0001534701,4,2026-07-21,2026-07-20,0001534701-26-000026,https://www.sec.gov/Archives/edgar/data/1534701/000153470126000026/wk-form4_1784672731.xml,nonDerivative,2026-07-21,S,Common Stock,3523,2110482,7435228086.0,27537,D,Sutherland Vanessa Allen,"Officer, EVP, GC and Secretary",0,1,0,"EVP, GC and Secretary",SEC EDGAR
PAYX|0001193125-26-310268|nonDerivative|2026-07-20|Schrader Robert L.|S|Common Stock|2600|115.09|D,2026-07-23 03:38:23+0000,PAYX,PAYCHEX INC,0000723531,4,2026-07-21,2026-07-20,0001193125-26-310268,https://www.sec.gov/Archives/edgar/data/723531/000119312526310268/ownership.xml,nonDerivative,2026-07-20,S,Common Stock,2600,115.09,299234.0,18547,D,Schrader Robert L.,"Sr. VP, CFO",false,true,false,"Sr. VP, CFO",SEC EDGAR
PAYX|0001193125-26-310270|nonDerivative|2026-07-17|MUCCI MARTIN|G|Common Stock|9309|113.9819|D,2026-07-23 03:38:23+0000,PAYX,PAYCHEX INC,0000723531,4,2026-07-21,2026-07-17,0001193125-26-310270,https://www.sec.gov/Archives/edgar/data/723531/000119312526310270/ownership.xml,nonDerivative,2026-07-17,G,Common Stock,9309,113.9819,1061057.5071,434891.3318,D,MUCCI MARTIN,,true,false,false,,SEC EDGAR
PAYX|0001193125-26-310269|nonDerivative|2026-07-20|DOODY JOSEPH|J|Common Stock|164|0|D,2026-07-23 03:38:23+0000,PAYX,PAYCHEX INC,0000723531,4,2026-07-21,2026-07-20,0001193125-26-310269,https://www.sec.gov/Archives/edgar/data/723531/000119312526310269/ownership.xml,nonDerivative,2026-07-20,J,Common Stock,164,0,0.0,725,D,DOODY JOSEPH,,true,false,false,,SEC EDGAR
PAYX|0001193125-26-310269|nonDerivative|2026-07-20|DOODY JOSEPH|J|Common Stock - Family Trust|164|0|I,2026-07-23 03:38:23+0000,PAYX,PAYCHEX INC,0000723531,4,2026-07-21,2026-07-20,0001193125-26-310269,https://www.sec.gov/Archives/edgar/data/723531/000119312526310269/ownership.xml,nonDerivative,2026-07-20,J,Common Stock - Family Trust,164,0,0.0,23922,I,DOODY JOSEPH,,true,false,false,,SEC EDGAR
LLY|0001262388-26-000014|nonDerivative|2026-07-20|Sulzberger Gabrielle|A|Common Stock|4.3232|1146.90|D,2026-07-23 03:38:23+0000,LLY,ELI LILLY & Co,0000059478,4,2026-07-21,2026-07-20,0001262388-26-000014,https://www.sec.gov/Archives/edgar/data/59478/000126238826000014/wk-form4_1784666431.xml,nonDerivative,2026-07-20,A,Common Stock,4.3232,1146.90,4958.27808,2999.7188,D,Sulzberger Gabrielle,Director,1,0,0,,SEC EDGAR
LLY|0000059478-26-000068|nonDerivative|2026-07-20|LUCIANO JUAN R|A|Common Stock|13.878|1146.90|D,2026-07-23 03:38:23+0000,LLY,ELI LILLY & Co,0000059478,4,2026-07-21,2026-07-20,0000059478-26-000068,https://www.sec.gov/Archives/edgar/data/59478/000005947826000068/wk-form4_1784666385.xml,nonDerivative,2026-07-20,A,Common Stock,13.878,1146.90,15916.678200000002,16904.5921,D,LUCIANO JUAN R,Director,1,0,0,,SEC EDGAR
LLY|0000059478-26-000066|nonDerivative|2026-07-20|Fyrwald J Erik|A|Common Stock|8.6465|1146.90|D,2026-07-23 03:38:23+0000,LLY,ELI LILLY & Co,0000059478,4,2026-07-21,2026-07-20,0000059478-26-000066,https://www.sec.gov/Archives/edgar/data/59478/000005947826000066/wk-form4_1784666337.xml,nonDerivative,2026-07-20,A,Common Stock,8.6465,1146.90,9916.67085,75409.7433,D,Fyrwald J Erik,Director,1,0,0,,SEC EDGAR
LLY|0001310215-26-000013|nonDerivative|2026-07-20|Alvarez Ralph|A|Common Stock|10.8263|1146.90|D,2026-07-23 03:38:23+0000,LLY,ELI LILLY & Co,0000059478,4,2026-07-21,2026-07-20,0001310215-26-000013,https://www.sec.gov/Archives/edgar/data/59478/000131021526000013/wk-form4_1784666268.xml,nonDerivative,2026-07-20,A,Common Stock,10.8263,1146.90,12416.68347,55734.2935,D,Alvarez Ralph,Director,1,0,0,,SEC EDGAR
JNJ|0000200406-26-000148|nonDerivative|2026-07-20|Broadhurst Vanessa|M|Common Stock|11129|129.51|D,2026-07-23 03:38:23+0000,JNJ,JOHNSON & JOHNSON,0000200406,4,2026-07-21,2026-07-20,0000200406-26-000148,https://www.sec.gov/Archives/edgar/data/200406/000020040626000148/wk-form4_1784669273.xml,nonDerivative,2026-07-20,M,Common Stock,11129,129.51,1441316.7899999998,34132,D,Broadhurst Vanessa,"Officer, EVP, Global Corp Affairs",0,1,0,"EVP, Global Corp Affairs",SEC EDGAR
JNJ|0000200406-26-000148|nonDerivative|2026-07-20|Broadhurst Vanessa|M|Common Stock|11925|131.94|D,2026-07-23 03:38:23+0000,JNJ,JOHNSON & JOHNSON,0000200406,4,2026-07-21,2026-07-20,0000200406-26-000148,https://www.sec.gov/Archives/edgar/data/200406/000020040626000148/wk-form4_1784669273.xml,nonDerivative,2026-07-20,M,Common Stock,11925,131.94,1573384.5,46057,D,Broadhurst Vanessa,"Officer, EVP, Global Corp Affairs",0,1,0,"EVP, Global Corp Affairs",SEC EDGAR
JNJ|0000200406-26-000148|nonDerivative|2026-07-20|Broadhurst Vanessa|S|Common Stock|23054|251.266|D,2026-07-23 03:38:23+0000,JNJ,JOHNSON & JOHNSON,0000200406,4,2026-07-21,2026-07-20,0000200406-26-000148,https://www.sec.gov/Archives/edgar/data/200406/000020040626000148/wk-form4_1784669273.xml,nonDerivative,2026-07-20,S,Common Stock,23054,251.266,5792686.364,23003,D,Broadhurst Vanessa,"Officer, EVP, Global Corp Affairs",0,1,0,"EVP, Global Corp Affairs",SEC EDGAR
JNJ|0000200406-26-000148|derivative|2026-07-20|Broadhurst Vanessa|M|Employee Stock Options (Right to Buy)|11129|0|D,2026-07-23 03:38:23+0000,JNJ,JOHNSON & JOHNSON,0000200406,4,2026-07-21,2026-07-20,0000200406-26-000148,https://www.sec.gov/Archives/edgar/data/200406/000020040626000148/wk-form4_1784669273.xml,derivative,2026-07-20,M,Employee Stock Options (Right to Buy),11129,0,0.0,0,D,Broadhurst Vanessa,"Officer, EVP, Global Corp Affairs",0,1,0,"EVP, Global Corp Affairs",SEC EDGAR
JNJ|0000200406-26-000148|derivative|2026-07-20|Broadhurst Vanessa|M|Employee Stock Options (Right to Buy)|11925|0|D,2026-07-23 03:38:23+0000,JNJ,JOHNSON & JOHNSON,0000200406,4,2026-07-21,2026-07-20,0000200406-26-000148,https://www.sec.gov/Archives/edgar/data/200406/000020040626000148/wk-form4_1784669273.xml,derivative,2026-07-20,M,Employee Stock Options (Right to Buy),11925,0,0.0,0,D,Broadhurst Vanessa,"Officer, EVP, Global Corp Affairs",0,1,0,"EVP, Global Corp Affairs",SEC EDGAR
JBL|0001225208-26-006697|nonDerivative|2026-07-18|Renno Rafael|F|Common Stock|272.0000|301.0100|D,2026-07-23 03:38:23+0000,JBL,JABIL INC,0000898293,4,2026-07-21,2026-07-18,0001225208-26-006697,https://www.sec.gov/Archives/edgar/data/898293/000122520826006697/doc4.xml,nonDerivative,2026-07-18,F,Common Stock,272.0000,301.0100,81874.72,16987.0000,D,Renno Rafael,"Officer, SVP, Global Business Units",,1,,"SVP, Global Business Units",SEC EDGAR
HSY|0000047111-26-000226|nonDerivative|2026-07-20|Voskuil Steven E|S|Common Stock|1500|170.00|D,2026-07-23 03:38:23+0000,HSY,HERSHEY CO,0000047111,4,2026-07-21,2026-07-20,0000047111-26-000226,https://www.sec.gov/Archives/edgar/data/47111/000004711126000226/form4.xml,nonDerivative,2026-07-20,S,Common Stock,1500,170.00,255000.0,53195,D,Voskuil Steven E,"Officer, SVP, Chief Financial Officer",,1,,"SVP, Chief Financial Officer",SEC EDGAR
"GOOGL|0001168404-26-000031|nonDerivative|2026-07-17|GV 2019 GP, L.L.C.|J|Class A Common Stock|20534|0|I",2026-07-23 03:38:23+0000,GOOGL,Alphabet Inc.,0001652044,4,2026-07-21,2026-07-17,0001168404-26-000031,https://www.sec.gov/Archives/edgar/data/1652044/000116840426000031/form4-07212026_090748.xml,nonDerivative,2026-07-17,J,Class A Common Stock,20534,0,0.0,2936076,I,"GV 2019 GP, L.L.C.",,false,false,true,,SEC EDGAR
"GOOGL|0001168404-26-000031|nonDerivative|2026-07-17|GV 2019 GP, L.L.C.|S|Class A Common Stock|20534|18.6819|I",2026-07-23 03:38:23+0000,GOOGL,Alphabet Inc.,0001652044,4,2026-07-21,2026-07-17,0001168404-26-000031,https://www.sec.gov/Archives/edgar/data/1652044/000116840426000031/form4-07212026_090748.xml,nonDerivative,2026-07-17,S,Class A Common Stock,20534,18.6819,383614.1346,0,I,"GV 2019 GP, L.L.C.",,false,false,true,,SEC EDGAR
"GOOGL|0001168404-26-000031|nonDerivative|2026-07-20|GV 2019 GP, L.L.C.|J|Class A Common Stock|18386|0|I",2026-07-23 03:38:23+0000,GOOGL,Alphabet Inc.,0001652044,4,2026-07-21,2026-07-17,0001168404-26-000031,https://www.sec.gov/Archives/edgar/data/1652044/000116840426000031/form4-07212026_090748.xml,nonDerivative,2026-07-20,J,Class A Common Stock,18386,0,0.0,2917690,I,"GV 2019 GP, L.L.C.",,false,false,true,,SEC EDGAR
"GOOGL|0001168404-26-000031|nonDerivative|2026-07-20|GV 2019 GP, L.L.C.|S|Class A Common Stock|18386|18.8654|I",2026-07-23 03:38:23+0000,GOOGL,Alphabet Inc.,0001652044,4,2026-07-21,2026-07-17,0001168404-26-000031,https://www.sec.gov/Archives/edgar/data/1652044/000116840426000031/form4-07212026_090748.xml,nonDerivative,2026-07-20,S,Class A Common Stock,18386,18.8654,346859.2444,0,I,"GV 2019 GP, L.L.C.",,false,false,true,,SEC EDGAR
"GOOG|0001168404-26-000031|nonDerivative|2026-07-17|GV 2019 GP, L.L.C.|J|Class A Common Stock|20534|0|I",2026-07-23 03:38:23+0000,GOOG,Alphabet Inc.,0001652044,4,2026-07-21,2026-07-17,0001168404-26-000031,https://www.sec.gov/Archives/edgar/data/1652044/000116840426000031/form4-07212026_090748.xml,nonDerivative,2026-07-17,J,Class A Common Stock,20534,0,0.0,2936076,I,"GV 2019 GP, L.L.C.",,false,false,true,,SEC EDGAR
"GOOG|0001168404-26-000031|nonDerivative|2026-07-17|GV 2019 GP, L.L.C.|S|Class A Common Stock|20534|18.6819|I",2026-07-23 03:38:23+0000,GOOG,Alphabet Inc.,0001652044,4,2026-07-21,2026-07-17,0001168404-26-000031,https://www.sec.gov/Archives/edgar/data/1652044/000116840426000031/form4-07212026_090748.xml,nonDerivative,2026-07-17,S,Class A Common Stock,20534,18.6819,383614.1346,0,I,"GV 2019 GP, L.L.C.",,false,false,true,,SEC EDGAR
"GOOG|0001168404-26-000031|nonDerivative|2026-07-20|GV 2019 GP, L.L.C.|J|Class A Common Stock|18386|0|I",2026-07-23 03:38:23+0000,GOOG,Alphabet Inc.,0001652044,4,2026-07-21,2026-07-17,0001168404-26-000031,https://www.sec.gov/Archives/edgar/data/1652044/000116840426000031/form4-07212026_090748.xml,nonDerivative,2026-07-20,J,Class A Common Stock,18386,0,0.0,2917690,I,"GV 2019 GP, L.L.C.",,false,false,true,,SEC EDGAR
"GOOG|0001168404-26-000031|nonDerivative|2026-07-20|GV 2019 GP, L.L.C.|S|Class A Common Stock|18386|18.8654|I",2026-07-23 03:38:23+0000,GOOG,Alphabet Inc.,0001652044,4,2026-07-21,2026-07-17,0001168404-26-000031,https://www.sec.gov/Archives/edgar/data/1652044/000116840426000031/form4-07212026_090748.xml,nonDerivative,2026-07-20,S,Class A Common Stock,18386,18.8654,346859.2444,0,I,"GV 2019 GP, L.L.C.",,false,false,true,,SEC EDGAR
FITB|0000035527-26-000195|nonDerivative|2026-07-20|Leonard James C.|M|Common Stock|8772|26.52|D,2026-07-23 03:38:23+0000,FITB,FIFTH THIRD BANCORP,0000035527,4,2026-07-21,2026-07-20,0000035527-26-000195,https://www.sec.gov/Archives/edgar/data/35527/000003552726000195/wk-form4_1784668602.xml,nonDerivative,2026-07-20,M,Common Stock,8772,26.52,232633.44,296789,D,Leonard James C.,"Officer, EVP & Chief Operating Officer",0,1,0,EVP & Chief Operating Officer,SEC EDGAR
FITB|0000035527-26-000195|nonDerivative|2026-07-20|Leonard James C.|F|Common Stock|6041|57.40|D,2026-07-23 03:38:23+0000,FITB,FIFTH THIRD BANCORP,0000035527,4,2026-07-21,2026-07-20,0000035527-26-000195,https://www.sec.gov/Archives/edgar/data/35527/000003552726000195/wk-form4_1784668602.xml,nonDerivative,2026-07-20,F,Common Stock,6041,57.40,346753.39999999997,290748,D,Leonard James C.,"Officer, EVP & Chief Operating Officer",0,1,0,EVP & Chief Operating Officer,SEC EDGAR
FITB|0000035527-26-000195|nonDerivative|2026-07-20|Leonard James C.|M|Common Stock|4965|33.17|D,2026-07-23 03:38:23+0000,FITB,FIFTH THIRD BANCORP,0000035527,4,2026-07-21,2026-07-20,0000035527-26-000195,https://www.sec.gov/Archives/edgar/data/35527/000003552726000195/wk-form4_1784668602.xml,nonDerivative,2026-07-20,M,Common Stock,4965,33.17,164689.05000000002,295713,D,Leonard James C.,"Officer, EVP & Chief Operating Officer",0,1,0,EVP & Chief Operating Officer,SEC EDGAR
FITB|0000035527-26-000195|nonDerivative|2026-07-20|Leonard James C.|F|Common Stock|3753|57.40|D,2026-07-23 03:38:23+0000,FITB,FIFTH THIRD BANCORP,0000035527,4,2026-07-21,2026-07-20,0000035527-26-000195,https://www.sec.gov/Archives/edgar/data/35527/000003552726000195/wk-form4_1784668602.xml,nonDerivative,2026-07-20,F,Common Stock,3753,57.40,215422.19999999998,291960,D,Leonard James C.,"Officer, EVP & Chief Operating Officer",0,1,0,EVP & Chief Operating Officer,SEC EDGAR
FITB|0000035527-26-000195|nonDerivative|2026-07-20|Leonard James C.|M|Common Stock|9654|26.72|D,2026-07-23 03:38:23+0000,FITB,FIFTH THIRD BANCORP,0000035527,4,2026-07-21,2026-07-20,0000035527-26-000195,https://www.sec.gov/Archives/edgar/data/35527/000003552726000195/wk-form4_1784668602.xml,nonDerivative,2026-07-20,M,Common Stock,9654,26.72,257954.87999999998,301614,D,Leonard James C.,"Officer, EVP & Chief Operating Officer",0,1,0,EVP & Chief Operating Officer,SEC EDGAR
FITB|0000035527-26-000195|nonDerivative|2026-07-20|Leonard James C.|F|Common Stock|6667|57.40|D,2026-07-23 03:38:23+0000,FITB,FIFTH THIRD BANCORP,0000035527,4,2026-07-21,2026-07-20,0000035527-26-000195,https://www.sec.gov/Archives/edgar/data/35527/000003552726000195/wk-form4_1784668602.xml,nonDerivative,2026-07-20,F,Common Stock,6667,57.40,382685.8,294947,D,Leonard James C.,"Officer, EVP & Chief Operating Officer",0,1,0,EVP & Chief Operating Officer,SEC EDGAR
FITB|0000035527-26-000195|nonDerivative|2026-07-20|Leonard James C.|M|Common Stock|8248|29.64|D,2026-07-23 03:38:23+0000,FITB,FIFTH THIRD BANCORP,0000035527,4,2026-07-21,2026-07-20,0000035527-26-000195,https://www.sec.gov/Archives/edgar/data/35527/000003552726000195/wk-form4_1784668602.xml,nonDerivative,2026-07-20,M,Common Stock,8248,29.64,244470.72,303195,D,Leonard James C.,"Officer, EVP & Chief Operating Officer",0,1,0,EVP & Chief Operating Officer,SEC EDGAR
FITB|0000035527-26-000195|nonDerivative|2026-07-20|Leonard James C.|F|Common Stock|5939|57.40|D,2026-07-23 03:38:23+0000,FITB,FIFTH THIRD BANCORP,0000035527,4,2026-07-21,2026-07-20,0000035527-26-000195,https://www.sec.gov/Archives/edgar/data/35527/000003552726000195/wk-form4_1784668602.xml,nonDerivative,2026-07-20,F,Common Stock,5939,57.40,340898.6,297256,D,Leonard James C.,"Officer, EVP & Chief Operating Officer",0,1,0,EVP & Chief Operating Officer,SEC EDGAR
FITB|0000035527-26-000195|derivative|2026-07-20|Leonard James C.|M|Stock Appreciation Rights|8772|0|D,2026-07-23 03:38:23+0000,FITB,FIFTH THIRD BANCORP,0000035527,4,2026-07-21,2026-07-20,0000035527-26-000195,https://www.sec.gov/Archives/edgar/data/35527/000003552726000195/wk-form4_1784668602.xml,derivative,2026-07-20,M,Stock Appreciation Rights,8772,0,0.0,0,D,Leonard James C.,"Officer, EVP & Chief Operating Officer",0,1,0,EVP & Chief Operating Officer,SEC EDGAR
FITB|0000035527-26-000195|derivative|2026-07-20|Leonard James C.|M|Stock Appreciation Rights|4965|0|D,2026-07-23 03:38:23+0000,FITB,FIFTH THIRD BANCORP,0000035527,4,2026-07-21,2026-07-20,0000035527-26-000195,https://www.sec.gov/Archives/edgar/data/35527/000003552726000195/wk-form4_1784668602.xml,derivative,2026-07-20,M,Stock Appreciation Rights,4965,0,0.0,0,D,Leonard James C.,"Officer, EVP & Chief Operating Officer",0,1,0,EVP & Chief Operating Officer,SEC EDGAR
FITB|0000035527-26-000195|derivative|2026-07-20|Leonard James C.|M|Stock Appreciation Rights|9654|0|D,2026-07-23 03:38:23+0000,FITB,FIFTH THIRD BANCORP,0000035527,4,2026-07-21,2026-07-20,0000035527-26-000195,https://www.sec.gov/Archives/edgar/data/35527/000003552726000195/wk-form4_1784668602.xml,derivative,2026-07-20,M,Stock Appreciation Rights,9654,0,0.0,0,D,Leonard James C.,"Officer, EVP & Chief Operating Officer",0,1,0,EVP & Chief Operating Officer,SEC EDGAR
FITB|0000035527-26-000195|derivative|2026-07-20|Leonard James C.|M|Stock Appreciation Right|8248|0|D,2026-07-23 03:38:23+0000,FITB,FIFTH THIRD BANCORP,0000035527,4,2026-07-21,2026-07-20,0000035527-26-000195,https://www.sec.gov/Archives/edgar/data/35527/000003552726000195/wk-form4_1784668602.xml,derivative,2026-07-20,M,Stock Appreciation Right,8248,0,0.0,0,D,Leonard James C.,"Officer, EVP & Chief Operating Officer",0,1,0,EVP & Chief Operating Officer,SEC EDGAR
DXCM|0001093557-26-000137|nonDerivative|2026-07-20|SAYER KEVIN R|S|Common Stock|26756|76.3193|D,2026-07-23 03:38:23+0000,DXCM,DEXCOM INC,0001093557,4,2026-07-21,2026-07-20,0001093557-26-000137,https://www.sec.gov/Archives/edgar/data/1093557/000109355726000137/wk-form4_1784667520.xml,nonDerivative,2026-07-20,S,Common Stock,26756,76.3193,2041999.1908,328970,D,SAYER KEVIN R,"Director, Officer, Executive Chair",1,1,0,Executive Chair,SEC EDGAR
"DPZ|0001622458-26-000009|nonDerivative|2026-07-17|WEINER RUSSELL J|M|Common Stock, $0.01 par value|10850|136.89|D",2026-07-23 03:38:23+0000,DPZ,DOMINOS PIZZA INC,0001286681,4,2026-07-21,2026-07-17,0001622458-26-000009,https://www.sec.gov/Archives/edgar/data/1286681/000162245826000009/ownership.xml,nonDerivative,2026-07-17,M,"Common Stock, $0.01 par value",10850,136.89,1485256.4999999998,54678.742,D,WEINER RUSSELL J,Chief Executive Officer,true,true,false,Chief Executive Officer,SEC EDGAR
"DPZ|0001622458-26-000009|nonDerivative|2026-07-17|WEINER RUSSELL J|S|Common Stock, $0.01 par value|10850|330.83|D",2026-07-23 03:38:23+0000,DPZ,DOMINOS PIZZA INC,0001286681,4,2026-07-21,2026-07-17,0001622458-26-000009,https://www.sec.gov/Archives/edgar/data/1286681/000162245826000009/ownership.xml,nonDerivative,2026-07-17,S,"Common Stock, $0.01 par value",10850,330.83,3589505.5,43828.742,D,WEINER RUSSELL J,Chief Executive Officer,true,true,false,Chief Executive Officer,SEC EDGAR
DPZ|0001622458-26-000009|derivative|2026-07-17|WEINER RUSSELL J|M|Option to Purchase Common Stock|10850|0|D,2026-07-23 03:38:23+0000,DPZ,DOMINOS PIZZA INC,0001286681,4,2026-07-21,2026-07-17,0001622458-26-000009,https://www.sec.gov/Archives/edgar/data/1286681/000162245826000009/ownership.xml,derivative,2026-07-17,M,Option to Purchase Common Stock,10850,0,0.0,0,D,WEINER RUSSELL J,Chief Executive Officer,true,true,false,Chief Executive Officer,SEC EDGAR
CRWD|0001778564-26-000123|nonDerivative|2026-07-17|Kurtz George|S|Class A common stock|80|199.99|D,2026-07-23 03:38:23+0000,CRWD,"CrowdStrike Holdings, Inc.",0001535527,4,2026-07-21,2026-07-17,0001778564-26-000123,https://www.sec.gov/Archives/edgar/data/1535527/000177856426000123/form4-07212026_080701.xml,nonDerivative,2026-07-17,S,Class A common stock,80,199.99,15999.2,8193464,D,Kurtz George,PRESIDENT AND CEO,true,true,false,PRESIDENT AND CEO,SEC EDGAR
CRWD|0001778564-26-000123|nonDerivative|2026-07-17|Kurtz George|S|Class A common stock|920|201.99|D,2026-07-23 03:38:23+0000,CRWD,"CrowdStrike Holdings, Inc.",0001535527,4,2026-07-21,2026-07-17,0001778564-26-000123,https://www.sec.gov/Archives/edgar/data/1535527/000177856426000123/form4-07212026_080701.xml,nonDerivative,2026-07-17,S,Class A common stock,920,201.99,185830.80000000002,8192544,D,Kurtz George,PRESIDENT AND CEO,true,true,false,PRESIDENT AND CEO,SEC EDGAR
CRWD|0001778564-26-000123|nonDerivative|2026-07-17|Kurtz George|S|Class A common stock|1360|203.18|D,2026-07-23 03:38:23+0000,CRWD,"CrowdStrike Holdings, Inc.",0001535527,4,2026-07-21,2026-07-17,0001778564-26-000123,https://www.sec.gov/Archives/edgar/data/1535527/000177856426000123/form4-07212026_080701.xml,nonDerivative,2026-07-17,S,Class A common stock,1360,203.18,276324.8,8191184,D,Kurtz George,PRESIDENT AND CEO,true,true,false,PRESIDENT AND CEO,SEC EDGAR
CRWD|0001778564-26-000123|nonDerivative|2026-07-17|Kurtz George|S|Class A common stock|1000|204.07|D,2026-07-23 03:38:23+0000,CRWD,"CrowdStrike Holdings, Inc.",0001535527,4,2026-07-21,2026-07-17,0001778564-26-000123,https://www.sec.gov/Archives/edgar/data/1535527/000177856426000123/form4-07212026_080701.xml,nonDerivative,2026-07-17,S,Class A common stock,1000,204.07,204070.0,8190184,D,Kurtz George,PRESIDENT AND CEO,true,true,false,PRESIDENT AND CEO,SEC EDGAR
CRWD|0001778564-26-000123|nonDerivative|2026-07-17|Kurtz George|S|Class A common stock|1999|205.07|D,2026-07-23 03:38:23+0000,CRWD,"CrowdStrike Holdings, Inc.",0001535527,4,2026-07-21,2026-07-17,0001778564-26-000123,https://www.sec.gov/Archives/edgar/data/1535527/000177856426000123/form4-07212026_080701.xml,nonDerivative,2026-07-17,S,Class A common stock,1999,205.07,409934.93,8188185,D,Kurtz George,PRESIDENT AND CEO,true,true,false,PRESIDENT AND CEO,SEC EDGAR
CRWD|0001778564-26-000123|nonDerivative|2026-07-17|Kurtz George|S|Class A common stock|2321|205.98|D,2026-07-23 03:38:23+0000,CRWD,"CrowdStrike Holdings, Inc.",0001535527,4,2026-07-21,2026-07-17,0001778564-26-000123,https://www.sec.gov/Archives/edgar/data/1535527/000177856426000123/form4-07212026_080701.xml,nonDerivative,2026-07-17,S,Class A common stock,2321,205.98,478079.57999999996,8185864,D,Kurtz George,PRESIDENT AND CEO,true,true,false,PRESIDENT AND CEO,SEC EDGAR
CRWD|0001778564-26-000123|nonDerivative|2026-07-17|Kurtz George|S|Class A common stock|1242|207.05|D,2026-07-23 03:38:23+0000,CRWD,"CrowdStrike Holdings, Inc.",0001535527,4,2026-07-21,2026-07-17,0001778564-26-000123,https://www.sec.gov/Archives/edgar/data/1535527/000177856426000123/form4-07212026_080701.xml,nonDerivative,2026-07-17,S,Class A common stock,1242,207.05,257156.1,8184622,D,Kurtz George,PRESIDENT AND CEO,true,true,false,PRESIDENT AND CEO,SEC EDGAR
CRWD|0001778564-26-000123|nonDerivative|2026-07-17|Kurtz George|S|Class A common stock|798|207.85|D,2026-07-23 03:38:23+0000,CRWD,"CrowdStrike Holdings, Inc.",0001535527,4,2026-07-21,2026-07-17,0001778564-26-000123,https://www.sec.gov/Archives/edgar/data/1535527/000177856426000123/form4-07212026_080701.xml,nonDerivative,2026-07-17,S,Class A common stock,798,207.85,165864.3,8183824,D,Kurtz George,PRESIDENT AND CEO,true,true,false,PRESIDENT AND CEO,SEC EDGAR
CRWD|0001778564-26-000123|nonDerivative|2026-07-17|Kurtz George|S|Class A common stock|280|208.83|D,2026-07-23 03:38:23+0000,CRWD,"CrowdStrike Holdings, Inc.",0001535527,4,2026-07-21,2026-07-17,0001778564-26-000123,https://www.sec.gov/Archives/edgar/data/1535527/000177856426000123/form4-07212026_080701.xml,nonDerivative,2026-07-17,S,Class A common stock,280,208.83,58472.4,8183544,D,Kurtz George,PRESIDENT AND CEO,true,true,false,PRESIDENT AND CEO,SEC EDGAR
CRWD|0001778564-26-000123|nonDerivative|2026-07-20|Kurtz George|S|Class A common stock|960|198.18|D,2026-07-23 03:38:23+0000,CRWD,"CrowdStrike Holdings, Inc.",0001535527,4,2026-07-21,2026-07-17,0001778564-26-000123,https://www.sec.gov/Archives/edgar/data/1535527/000177856426000123/form4-07212026_080701.xml,nonDerivative,2026-07-20,S,Class A common stock,960,198.18,190252.80000000002,8182584,D,Kurtz George,PRESIDENT AND CEO,true,true,false,PRESIDENT AND CEO,SEC EDGAR
CRWD|0001778564-26-000123|nonDerivative|2026-07-20|Kurtz George|S|Class A common stock|120|199.80|D,2026-07-23 03:38:23+0000,CRWD,"CrowdStrike Holdings, Inc.",0001535527,4,2026-07-21,2026-07-17,0001778564-26-000123,https://www.sec.gov/Archives/edgar/data/1535527/000177856426000123/form4-07212026_080701.xml,nonDerivative,2026-07-20,S,Class A common stock,120,199.80,23976.0,8182464,D,Kurtz George,PRESIDENT AND CEO,true,true,false,PRESIDENT AND CEO,SEC EDGAR
CRWD|0001778564-26-000123|nonDerivative|2026-07-20|Kurtz George|S|Class A common stock|280|200.69|D,2026-07-23 03:38:23+0000,CRWD,"CrowdStrike Holdings, Inc.",0001535527,4,2026-07-21,2026-07-17,0001778564-26-000123,https://www.sec.gov/Archives/edgar/data/1535527/000177856426000123/form4-07212026_080701.xml,nonDerivative,2026-07-20,S,Class A common stock,280,200.69,56193.2,8182184,D,Kurtz George,PRESIDENT AND CEO,true,true,false,PRESIDENT AND CEO,SEC EDGAR
CRWD|0001778564-26-000123|nonDerivative|2026-07-20|Kurtz George|S|Class A common stock|800|201.94|D,2026-07-23 03:38:23+0000,CRWD,"CrowdStrike Holdings, Inc.",0001535527,4,2026-07-21,2026-07-17,0001778564-26-000123,https://www.sec.gov/Archives/edgar/data/1535527/000177856426000123/form4-07212026_080701.xml,nonDerivative,2026-07-20,S,Class A common stock,800,201.94,161552.0,8181384,D,Kurtz George,PRESIDENT AND CEO,true,true,false,PRESIDENT AND CEO,SEC EDGAR
CRWD|0001778564-26-000123|nonDerivative|2026-07-20|Kurtz George|S|Class A common stock|1825|202.75|D,2026-07-23 03:38:23+0000,CRWD,"CrowdStrike Holdings, Inc.",0001535527,4,2026-07-21,2026-07-17,0001778564-26-000123,https://www.sec.gov/Archives/edgar/data/1535527/000177856426000123/form4-07212026_080701.xml,nonDerivative,2026-07-20,S,Class A common stock,1825,202.75,370018.75,8179559,D,Kurtz George,PRESIDENT AND CEO,true,true,false,PRESIDENT AND CEO,SEC EDGAR
CRWD|0001778564-26-000123|nonDerivative|2026-07-20|Kurtz George|S|Class A common stock|2499|203.79|D,2026-07-23 03:38:23+0000,CRWD,"CrowdStrike Holdings, Inc.",0001535527,4,2026-07-21,2026-07-17,0001778564-26-000123,https://www.sec.gov/Archives/edgar/data/1535527/000177856426000123/form4-07212026_080701.xml,nonDerivative,2026-07-20,S,Class A common stock,2499,203.79,509271.20999999996,8177060,D,Kurtz George,PRESIDENT AND CEO,true,true,false,PRESIDENT AND CEO,SEC EDGAR
CRWD|0001778564-26-000123|nonDerivative|2026-07-20|Kurtz George|S|Class A common stock|1916|204.60|D,2026-07-23 03:38:23+0000,CRWD,"CrowdStrike Holdings, Inc.",0001535527,4,2026-07-21,2026-07-17,0001778564-26-000123,https://www.sec.gov/Archives/edgar/data/1535527/000177856426000123/form4-07212026_080701.xml,nonDerivative,2026-07-20,S,Class A common stock,1916,204.60,392013.6,8175144,D,Kurtz George,PRESIDENT AND CEO,true,true,false,PRESIDENT AND CEO,SEC EDGAR
CRWD|0001778564-26-000123|nonDerivative|2026-07-20|Kurtz George|S|Class A common stock|800|205.78|D,2026-07-23 03:38:23+0000,CRWD,"CrowdStrike Holdings, Inc.",0001535527,4,2026-07-21,2026-07-17,0001778564-26-000123,https://www.sec.gov/Archives/edgar/data/1535527/000177856426000123/form4-07212026_080701.xml,nonDerivative,2026-07-20,S,Class A common stock,800,205.78,164624.0,8174344,D,Kurtz George,PRESIDENT AND CEO,true,true,false,PRESIDENT AND CEO,SEC EDGAR
CRWD|0001778564-26-000123|nonDerivative|2026-07-20|Kurtz George|S|Class A common stock|680|206.87|D,2026-07-23 03:38:23+0000,CRWD,"CrowdStrike Holdings, Inc.",0001535527,4,2026-07-21,2026-07-17,0001778564-26-000123,https://www.sec.gov/Archives/edgar/data/1535527/000177856426000123/form4-07212026_080701.xml,nonDerivative,2026-07-20,S,Class A common stock,680,206.87,140671.6,8173664,D,Kurtz George,PRESIDENT AND CEO,true,true,false,PRESIDENT AND CEO,SEC EDGAR
CRWD|0001778564-26-000123|nonDerivative|2026-07-20|Kurtz George|S|Class A common stock|120|207.77|D,2026-07-23 03:38:23+0000,CRWD,"CrowdStrike Holdings, Inc.",0001535527,4,2026-07-21,2026-07-17,0001778564-26-000123,https://www.sec.gov/Archives/edgar/data/1535527/000177856426000123/form4-07212026_080701.xml,nonDerivative,2026-07-20,S,Class A common stock,120,207.77,24932.4,8173544,D,Kurtz George,PRESIDENT AND CEO,true,true,false,PRESIDENT AND CEO,SEC EDGAR
CAG|0001785802-26-000002|nonDerivative|2026-07-17|O'Mara Noelle|M|Common Stock|12007|0|D,2026-07-23 03:38:23+0000,CAG,CONAGRA BRANDS INC.,0000023217,4,2026-07-21,2026-07-17,0001785802-26-000002,https://www.sec.gov/Archives/edgar/data/23217/000178580226000002/form4-07212026_100757.xml,nonDerivative,2026-07-17,M,Common Stock,12007,0,0.0,37727,D,O'Mara Noelle,"EVP & President, R & F",false,true,false,"EVP & President, R & F",SEC EDGAR
CAG|0001785802-26-000002|nonDerivative|2026-07-17|O'Mara Noelle|F|Common Stock|5320|14.28|D,2026-07-23 03:38:23+0000,CAG,CONAGRA BRANDS INC.,0000023217,4,2026-07-21,2026-07-17,0001785802-26-000002,https://www.sec.gov/Archives/edgar/data/23217/000178580226000002/form4-07212026_100757.xml,nonDerivative,2026-07-17,F,Common Stock,5320,14.28,75969.59999999999,32407,D,O'Mara Noelle,"EVP & President, R & F",false,true,false,"EVP & President, R & F",SEC EDGAR
CAG|0001785802-26-000002|derivative|2026-07-17|O'Mara Noelle|M|Restricted Stock Units|12007|0|D,2026-07-23 03:38:23+0000,CAG,CONAGRA BRANDS INC.,0000023217,4,2026-07-21,2026-07-17,0001785802-26-000002,https://www.sec.gov/Archives/edgar/data/23217/000178580226000002/form4-07212026_100757.xml,derivative,2026-07-17,M,Restricted Stock Units,12007,0,0.0,24015,D,O'Mara Noelle,"EVP & President, R & F",false,true,false,"EVP & President, R & F",SEC EDGAR
CAG|0002093210-26-000002|nonDerivative|2026-07-17|Napier Melissa C.|M|Common Stock|3940|0|D,2026-07-23 03:38:23+0000,CAG,CONAGRA BRANDS INC.,0000023217,4,2026-07-21,2026-07-17,0002093210-26-000002,https://www.sec.gov/Archives/edgar/data/23217/000209321026000002/form4-07212026_100752.xml,nonDerivative,2026-07-17,M,Common Stock,3940,0,0.0,3940,D,Napier Melissa C.,"SVP, Corporate Controller",false,true,false,"SVP, Corporate Controller",SEC EDGAR
CAG|0002093210-26-000002|nonDerivative|2026-07-17|Napier Melissa C.|F|Common Stock|1746|14.28|D,2026-07-23 03:38:23+0000,CAG,CONAGRA BRANDS INC.,0000023217,4,2026-07-21,2026-07-17,0002093210-26-000002,https://www.sec.gov/Archives/edgar/data/23217/000209321026000002/form4-07212026_100752.xml,nonDerivative,2026-07-17,F,Common Stock,1746,14.28,24932.879999999997,2194,D,Napier Melissa C.,"SVP, Corporate Controller",false,true,false,"SVP, Corporate Controller",SEC EDGAR
CAG|0002093210-26-000002|nonDerivative|2026-07-19|Napier Melissa C.|M|Common Stock|2388|0|D,2026-07-23 03:38:23+0000,CAG,CONAGRA BRANDS INC.,0000023217,4,2026-07-21,2026-07-17,0002093210-26-000002,https://www.sec.gov/Archives/edgar/data/23217/000209321026000002/form4-07212026_100752.xml,nonDerivative,2026-07-19,M,Common Stock,2388,0,0.0,4582,D,Napier Melissa C.,"SVP, Corporate Controller",false,true,false,"SVP, Corporate Controller",SEC EDGAR
CAG|0002093210-26-000002|nonDerivative|2026-07-19|Napier Melissa C.|F|Common Stock|1185|14.28|D,2026-07-23 03:38:23+0000,CAG,CONAGRA BRANDS INC.,0000023217,4,2026-07-21,2026-07-17,0002093210-26-000002,https://www.sec.gov/Archives/edgar/data/23217/000209321026000002/form4-07212026_100752.xml,nonDerivative,2026-07-19,F,Common Stock,1185,14.28,16921.8,3397,D,Napier Melissa C.,"SVP, Corporate Controller",false,true,false,"SVP, Corporate Controller",SEC EDGAR
CAG|0002093210-26-000002|derivative|2026-07-17|Napier Melissa C.|M|Restricted Stock Units|3940|0|D,2026-07-23 03:38:23+0000,CAG,CONAGRA BRANDS INC.,0000023217,4,2026-07-21,2026-07-17,0002093210-26-000002,https://www.sec.gov/Archives/edgar/data/23217/000209321026000002/form4-07212026_100752.xml,derivative,2026-07-17,M,Restricted Stock Units,3940,0,0.0,7880,D,Napier Melissa C.,"SVP, Corporate Controller",false,true,false,"SVP, Corporate Controller",SEC EDGAR
CAG|0002093210-26-000002|derivative|2026-07-19|Napier Melissa C.|M|Restricted Stock Units|2388|0|D,2026-07-23 03:38:23+0000,CAG,CONAGRA BRANDS INC.,0000023217,4,2026-07-21,2026-07-17,0002093210-26-000002,https://www.sec.gov/Archives/edgar/data/23217/000209321026000002/form4-07212026_100752.xml,derivative,2026-07-19,M,Restricted Stock Units,2388,0,0.0,0,D,Napier Melissa C.,"SVP, Corporate Controller",false,true,false,"SVP, Corporate Controller",SEC EDGAR
CAG|0001576059-26-000002|nonDerivative|2026-07-17|McGough Thomas M|M|Common Stock|16676|0|D,2026-07-23 03:38:23+0000,CAG,CONAGRA BRANDS INC.,0000023217,4,2026-07-21,2026-07-17,0001576059-26-000002,https://www.sec.gov/Archives/edgar/data/23217/000157605926000002/form4-07212026_100708.xml,nonDerivative,2026-07-17,M,Common Stock,16676,0,0.0,247827.67,D,McGough Thomas M,EVP & COO,false,true,false,EVP & COO,SEC EDGAR
CAG|0001576059-26-000002|nonDerivative|2026-07-17|McGough Thomas M|F|Common Stock|4887|14.28|D,2026-07-23 03:38:23+0000,CAG,CONAGRA BRANDS INC.,0000023217,4,2026-07-21,2026-07-17,0001576059-26-000002,https://www.sec.gov/Archives/edgar/data/23217/000157605926000002/form4-07212026_100708.xml,nonDerivative,2026-07-17,F,Common Stock,4887,14.28,69786.36,242940.67,D,McGough Thomas M,EVP & COO,false,true,false,EVP & COO,SEC EDGAR
CAG|0001576059-26-000002|nonDerivative|2026-07-19|McGough Thomas M|M|Common Stock|10106|0|D,2026-07-23 03:38:23+0000,CAG,CONAGRA BRANDS INC.,0000023217,4,2026-07-21,2026-07-17,0001576059-26-000002,https://www.sec.gov/Archives/edgar/data/23217/000157605926000002/form4-07212026_100708.xml,nonDerivative,2026-07-19,M,Common Stock,10106,0,0.0,253046.67,D,McGough Thomas M,EVP & COO,false,true,false,EVP & COO,SEC EDGAR
CAG|0001576059-26-000002|nonDerivative|2026-07-19|McGough Thomas M|F|Common Stock|2962|14.28|D,2026-07-23 03:38:23+0000,CAG,CONAGRA BRANDS INC.,0000023217,4,2026-07-21,2026-07-17,0001576059-26-000002,https://www.sec.gov/Archives/edgar/data/23217/000157605926000002/form4-07212026_100708.xml,nonDerivative,2026-07-19,F,Common Stock,2962,14.28,42297.36,250084.67,D,McGough Thomas M,EVP & COO,false,true,false,EVP & COO,SEC EDGAR
CAG|0001576059-26-000002|derivative|2026-07-17|McGough Thomas M|M|Restricted Stock Units|16676|0|D,2026-07-23 03:38:23+0000,CAG,CONAGRA BRANDS INC.,0000023217,4,2026-07-21,2026-07-17,0001576059-26-000002,https://www.sec.gov/Archives/edgar/data/23217/000157605926000002/form4-07212026_100708.xml,derivative,2026-07-17,M,Restricted Stock Units,16676,0,0.0,33354,D,McGough Thomas M,EVP & COO,false,true,false,EVP & COO,SEC EDGAR
CAG|0001576059-26-000002|derivative|2026-07-19|McGough Thomas M|M|Restricted Stock Units|10106|0|D,2026-07-23 03:38:23+0000,CAG,CONAGRA BRANDS INC.,0000023217,4,2026-07-21,2026-07-17,0001576059-26-000002,https://www.sec.gov/Archives/edgar/data/23217/000157605926000002/form4-07212026_100708.xml,derivative,2026-07-19,M,Restricted Stock Units,10106,0,0.0,0,D,McGough Thomas M,EVP & COO,false,true,false,EVP & COO,SEC EDGAR
CAG|0001235321-26-000002|nonDerivative|2026-07-17|MARBERGER DAVID S|M|Common Stock|16676|0|D,2026-07-23 03:38:23+0000,CAG,CONAGRA BRANDS INC.,0000023217,4,2026-07-21,2026-07-17,0001235321-26-000002,https://www.sec.gov/Archives/edgar/data/23217/000123532126000002/form4-07212026_100728.xml,nonDerivative,2026-07-17,M,Common Stock,16676,0,0.0,316077,D,MARBERGER DAVID S,EVP and CFO,false,true,false,EVP and CFO,SEC EDGAR
CAG|0001235321-26-000002|nonDerivative|2026-07-17|MARBERGER DAVID S|F|Common Stock|7388|14.28|D,2026-07-23 03:38:23+0000,CAG,CONAGRA BRANDS INC.,0000023217,4,2026-07-21,2026-07-17,0001235321-26-000002,https://www.sec.gov/Archives/edgar/data/23217/000123532126000002/form4-07212026_100728.xml,nonDerivative,2026-07-17,F,Common Stock,7388,14.28,105500.64,308689,D,MARBERGER DAVID S,EVP and CFO,false,true,false,EVP and CFO,SEC EDGAR
CAG|0001235321-26-000002|nonDerivative|2026-07-19|MARBERGER DAVID S|M|Common Stock|10106|0|D,2026-07-23 03:38:23+0000,CAG,CONAGRA BRANDS INC.,0000023217,4,2026-07-21,2026-07-17,0001235321-26-000002,https://www.sec.gov/Archives/edgar/data/23217/000123532126000002/form4-07212026_100728.xml,nonDerivative,2026-07-19,M,Common Stock,10106,0,0.0,318795,D,MARBERGER DAVID S,EVP and CFO,false,true,false,EVP and CFO,SEC EDGAR
CAG|0001235321-26-000002|nonDerivative|2026-07-19|MARBERGER DAVID S|M|Common Stock|30316|0|D,2026-07-23 03:38:23+0000,CAG,CONAGRA BRANDS INC.,0000023217,4,2026-07-21,2026-07-17,0001235321-26-000002,https://www.sec.gov/Archives/edgar/data/23217/000123532126000002/form4-07212026_100728.xml,nonDerivative,2026-07-19,M,Common Stock,30316,0,0.0,349111,D,MARBERGER DAVID S,EVP and CFO,false,true,false,EVP and CFO,SEC EDGAR
CAG|0001235321-26-000002|nonDerivative|2026-07-19|MARBERGER DAVID S|F|Common Stock|17907|14.28|D,2026-07-23 03:38:23+0000,CAG,CONAGRA BRANDS INC.,0000023217,4,2026-07-21,2026-07-17,0001235321-26-000002,https://www.sec.gov/Archives/edgar/data/23217/000123532126000002/form4-07212026_100728.xml,nonDerivative,2026-07-19,F,Common Stock,17907,14.28,255711.96,331204,D,MARBERGER DAVID S,EVP and CFO,false,true,false,EVP and CFO,SEC EDGAR
CAG|0001235321-26-000002|derivative|2026-07-17|MARBERGER DAVID S|M|Restricted Stock Units|16676|0|D,2026-07-23 03:38:23+0000,CAG,CONAGRA BRANDS INC.,0000023217,4,2026-07-21,2026-07-17,0001235321-26-000002,https://www.sec.gov/Archives/edgar/data/23217/000123532126000002/form4-07212026_100728.xml,derivative,2026-07-17,M,Restricted Stock Units,16676,0,0.0,33354,D,MARBERGER DAVID S,EVP and CFO,false,true,false,EVP and CFO,SEC EDGAR
CAG|0001235321-26-000002|derivative|2026-07-19|MARBERGER DAVID S|M|Restricted Stock Units|10106|0|D,2026-07-23 03:38:23+0000,CAG,CONAGRA BRANDS INC.,0000023217,4,2026-07-21,2026-07-17,0001235321-26-000002,https://www.sec.gov/Archives/edgar/data/23217/000123532126000002/form4-07212026_100728.xml,derivative,2026-07-19,M,Restricted Stock Units,10106,0,0.0,0,D,MARBERGER DAVID S,EVP and CFO,false,true,false,EVP and CFO,SEC EDGAR
CAG|0001235321-26-000002|derivative|2026-07-19|MARBERGER DAVID S|M|Restricted Stock Units|30316|0|D,2026-07-23 03:38:23+0000,CAG,CONAGRA BRANDS INC.,0000023217,4,2026-07-21,2026-07-17,0001235321-26-000002,https://www.sec.gov/Archives/edgar/data/23217/000123532126000002/form4-07212026_100728.xml,derivative,2026-07-19,M,Restricted Stock Units,30316,0,0.0,0,D,MARBERGER DAVID S,EVP and CFO,false,true,false,EVP and CFO,SEC EDGAR
CAG|0001872274-26-000002|nonDerivative|2026-07-17|Eboli Alexandre|M|Common Stock|12007|0|D,2026-07-23 03:38:23+0000,CAG,CONAGRA BRANDS INC.,0000023217,4,2026-07-21,2026-07-17,0001872274-26-000002,https://www.sec.gov/Archives/edgar/data/23217/000187227426000002/form4-07212026_100748.xml,nonDerivative,2026-07-17,M,Common Stock,12007,0,0.0,68827,D,Eboli Alexandre,"EVP, Chief SC & Transformation",false,true,false,"EVP, Chief SC & Transformation",SEC EDGAR
CAG|0001872274-26-000002|nonDerivative|2026-07-17|Eboli Alexandre|F|Common Stock|5320|14.28|D,2026-07-23 03:38:23+0000,CAG,CONAGRA BRANDS INC.,0000023217,4,2026-07-21,2026-07-17,0001872274-26-000002,https://www.sec.gov/Archives/edgar/data/23217/000187227426000002/form4-07212026_100748.xml,nonDerivative,2026-07-17,F,Common Stock,5320,14.28,75969.59999999999,63507,D,Eboli Alexandre,"EVP, Chief SC & Transformation",false,true,false,"EVP, Chief SC & Transformation",SEC EDGAR
CAG|0001872274-26-000002|nonDerivative|2026-07-19|Eboli Alexandre|M|Common Stock|6468|0|D,2026-07-23 03:38:23+0000,CAG,CONAGRA BRANDS INC.,0000023217,4,2026-07-21,2026-07-17,0001872274-26-000002,https://www.sec.gov/Archives/edgar/data/23217/000187227426000002/form4-07212026_100748.xml,nonDerivative,2026-07-19,M,Common Stock,6468,0,0.0,69975,D,Eboli Alexandre,"EVP, Chief SC & Transformation",false,true,false,"EVP, Chief SC & Transformation",SEC EDGAR
CAG|0001872274-26-000002|nonDerivative|2026-07-19|Eboli Alexandre|F|Common Stock|2866|14.28|D,2026-07-23 03:38:23+0000,CAG,CONAGRA BRANDS INC.,0000023217,4,2026-07-21,2026-07-17,0001872274-26-000002,https://www.sec.gov/Archives/edgar/data/23217/000187227426000002/form4-07212026_100748.xml,nonDerivative,2026-07-19,F,Common Stock,2866,14.28,40926.479999999996,67109,D,Eboli Alexandre,"EVP, Chief SC & Transformation",false,true,false,"EVP, Chief SC & Transformation",SEC EDGAR
CAG|0001872274-26-000002|derivative|2026-07-17|Eboli Alexandre|M|Restricted Stock Units|12007|0|D,2026-07-23 03:38:23+0000,CAG,CONAGRA BRANDS INC.,0000023217,4,2026-07-21,2026-07-17,0001872274-26-000002,https://www.sec.gov/Archives/edgar/data/23217/000187227426000002/form4-07212026_100748.xml,derivative,2026-07-17,M,Restricted Stock Units,12007,0,0.0,24015,D,Eboli Alexandre,"EVP, Chief SC & Transformation",false,true,false,"EVP, Chief SC & Transformation",SEC EDGAR
CAG|0001872274-26-000002|derivative|2026-07-19|Eboli Alexandre|M|Restricted Stock Units|6468|0|D,2026-07-23 03:38:23+0000,CAG,CONAGRA BRANDS INC.,0000023217,4,2026-07-21,2026-07-17,0001872274-26-000002,https://www.sec.gov/Archives/edgar/data/23217/000187227426000002/form4-07212026_100748.xml,derivative,2026-07-19,M,Restricted Stock Units,6468,0,0.0,0,D,Eboli Alexandre,"EVP, Chief SC & Transformation",false,true,false,"EVP, Chief SC & Transformation",SEC EDGAR
CAG|0001657787-26-000002|nonDerivative|2026-07-17|Brock Charisse|M|Common Stock|8004|0|D,2026-07-23 03:38:23+0000,CAG,CONAGRA BRANDS INC.,0000023217,4,2026-07-21,2026-07-17,0001657787-26-000002,https://www.sec.gov/Archives/edgar/data/23217/000165778726000002/form4-07212026_100702.xml,nonDerivative,2026-07-17,M,Common Stock,8004,0,0.0,174299,D,Brock Charisse,"EVP, Chief HR Officer",false,true,false,"EVP, Chief HR Officer",SEC EDGAR
CAG|0001657787-26-000002|nonDerivative|2026-07-17|Brock Charisse|F|Common Stock|3546|14.28|D,2026-07-23 03:38:23+0000,CAG,CONAGRA BRANDS INC.,0000023217,4,2026-07-21,2026-07-17,0001657787-26-000002,https://www.sec.gov/Archives/edgar/data/23217/000165778726000002/form4-07212026_100702.xml,nonDerivative,2026-07-17,F,Common Stock,3546,14.28,50636.88,170753,D,Brock Charisse,"EVP, Chief HR Officer",false,true,false,"EVP, Chief HR Officer",SEC EDGAR
CAG|0001657787-26-000002|nonDerivative|2026-07-19|Brock Charisse|M|Common Stock|4851|0|D,2026-07-23 03:38:23+0000,CAG,CONAGRA BRANDS INC.,0000023217,4,2026-07-21,2026-07-17,0001657787-26-000002,https://www.sec.gov/Archives/edgar/data/23217/000165778726000002/form4-07212026_100702.xml,nonDerivative,2026-07-19,M,Common Stock,4851,0,0.0,175604,D,Brock Charisse,"EVP, Chief HR Officer",false,true,false,"EVP, Chief HR Officer",SEC EDGAR
CAG|0001657787-26-000002|nonDerivative|2026-07-19|Brock Charisse|M|Common Stock|7882|0|D,2026-07-23 03:38:23+0000,CAG,CONAGRA BRANDS INC.,0000023217,4,2026-07-21,2026-07-17,0001657787-26-000002,https://www.sec.gov/Archives/edgar/data/23217/000165778726000002/form4-07212026_100702.xml,nonDerivative,2026-07-19,M,Common Stock,7882,0,0.0,183486,D,Brock Charisse,"EVP, Chief HR Officer",false,true,false,"EVP, Chief HR Officer",SEC EDGAR
CAG|0001657787-26-000002|nonDerivative|2026-07-19|Brock Charisse|F|Common Stock|5527|14.28|D,2026-07-23 03:38:23+0000,CAG,CONAGRA BRANDS INC.,0000023217,4,2026-07-21,2026-07-17,0001657787-26-000002,https://www.sec.gov/Archives/edgar/data/23217/000165778726000002/form4-07212026_100702.xml,nonDerivative,2026-07-19,F,Common Stock,5527,14.28,78925.56,177959,D,Brock Charisse,"EVP, Chief HR Officer",false,true,false,"EVP, Chief HR Officer",SEC EDGAR
CAG|0001657787-26-000002|derivative|2026-07-17|Brock Charisse|M|Restricted Stock Units|8004|0|D,2026-07-23 03:38:23+0000,CAG,CONAGRA BRANDS INC.,0000023217,4,2026-07-21,2026-07-17,0001657787-26-000002,https://www.sec.gov/Archives/edgar/data/23217/000165778726000002/form4-07212026_100702.xml,derivative,2026-07-17,M,Restricted Stock Units,8004,0,0.0,16010,D,Brock Charisse,"EVP, Chief HR Officer",false,true,false,"EVP, Chief HR Officer",SEC EDGAR
CAG|0001657787-26-000002|derivative|2026-07-19|Brock Charisse|M|Restricted Stock Units|4851|0|D,2026-07-23 03:38:23+0000,CAG,CONAGRA BRANDS INC.,0000023217,4,2026-07-21,2026-07-17,0001657787-26-000002,https://www.sec.gov/Archives/edgar/data/23217/000165778726000002/form4-07212026_100702.xml,derivative,2026-07-19,M,Restricted Stock Units,4851,0,0.0,0,D,Brock Charisse,"EVP, Chief HR Officer",false,true,false,"EVP, Chief HR Officer",SEC EDGAR
CAG|0001657787-26-000002|derivative|2026-07-19|Brock Charisse|M|Restricted Stock Units|7882|0|D,2026-07-23 03:38:23+0000,CAG,CONAGRA BRANDS INC.,0000023217,4,2026-07-21,2026-07-17,0001657787-26-000002,https://www.sec.gov/Archives/edgar/data/23217/000165778726000002/form4-07212026_100702.xml,derivative,2026-07-19,M,Restricted Stock Units,7882,0,0.0,0,D,Brock Charisse,"EVP, Chief HR Officer",false,true,false,"EVP, Chief HR Officer",SEC EDGAR
CAG|0001807641-26-000007|nonDerivative|2026-07-17|Brase John P|P|Common Stock|35000|14.5895|D,2026-07-23 03:38:23+0000,CAG,CONAGRA BRANDS INC.,0000023217,4,2026-07-21,2026-07-17,0001807641-26-000007,https://www.sec.gov/Archives/edgar/data/23217/000180764126000007/form4-07212026_100739.xml,nonDerivative,2026-07-17,P,Common Stock,35000,14.5895,510632.5,35000,D,Brase John P,President and CEO,true,true,false,President and CEO,SEC EDGAR
CAG|0001932635-26-000003|nonDerivative|2026-07-17|Bartell Carey|M|Common Stock|10006|0|D,2026-07-23 03:38:23+0000,CAG,CONAGRA BRANDS INC.,0000023217,4,2026-07-21,2026-07-17,0001932635-26-000003,https://www.sec.gov/Archives/edgar/data/23217/000193263526000003/form4-07212026_100716.xml,nonDerivative,2026-07-17,M,Common Stock,10006,0,0.0,55660,D,Bartell Carey,"EVP, GC and Corp. Secretary",false,true,false,"EVP, GC and Corp. Secretary",SEC EDGAR
CAG|0001932635-26-000003|nonDerivative|2026-07-17|Bartell Carey|F|Common Stock|4433|14.28|D,2026-07-23 03:38:23+0000,CAG,CONAGRA BRANDS INC.,0000023217,4,2026-07-21,2026-07-17,0001932635-26-000003,https://www.sec.gov/Archives/edgar/data/23217/000193263526000003/form4-07212026_100716.xml,nonDerivative,2026-07-17,F,Common Stock,4433,14.28,63303.24,51227,D,Bartell Carey,"EVP, GC and Corp. Secretary",false,true,false,"EVP, GC and Corp. Secretary",SEC EDGAR
CAG|0001932635-26-000003|nonDerivative|2026-07-19|Bartell Carey|M|Common Stock|3638|0|D,2026-07-23 03:38:23+0000,CAG,CONAGRA BRANDS INC.,0000023217,4,2026-07-21,2026-07-17,0001932635-26-000003,https://www.sec.gov/Archives/edgar/data/23217/000193263526000003/form4-07212026_100716.xml,nonDerivative,2026-07-19,M,Common Stock,3638,0,0.0,54865,D,Bartell Carey,"EVP, GC and Corp. Secretary",false,true,false,"EVP, GC and Corp. Secretary",SEC EDGAR
CAG|0001932635-26-000003|nonDerivative|2026-07-19|Bartell Carey|F|Common Stock|1612|14.28|D,2026-07-23 03:38:23+0000,CAG,CONAGRA BRANDS INC.,0000023217,4,2026-07-21,2026-07-17,0001932635-26-000003,https://www.sec.gov/Archives/edgar/data/23217/000193263526000003/form4-07212026_100716.xml,nonDerivative,2026-07-19,F,Common Stock,1612,14.28,23019.36,53253,D,Bartell Carey,"EVP, GC and Corp. Secretary",false,true,false,"EVP, GC and Corp. Secretary",SEC EDGAR
CAG|0001932635-26-000003|derivative|2026-07-17|Bartell Carey|M|Restricted Stock Units|10006|0|D,2026-07-23 03:38:23+0000,CAG,CONAGRA BRANDS INC.,0000023217,4,2026-07-21,2026-07-17,0001932635-26-000003,https://www.sec.gov/Archives/edgar/data/23217/000193263526000003/form4-07212026_100716.xml,derivative,2026-07-17,M,Restricted Stock Units,10006,0,0.0,20012,D,Bartell Carey,"EVP, GC and Corp. Secretary",false,true,false,"EVP, GC and Corp. Secretary",SEC EDGAR
CAG|0001932635-26-000003|derivative|2025-07-19|Bartell Carey|M|Restricted Stock Units|3638|0|D,2026-07-23 03:38:23+0000,CAG,CONAGRA BRANDS INC.,0000023217,4,2026-07-21,2026-07-17,0001932635-26-000003,https://www.sec.gov/Archives/edgar/data/23217/000193263526000003/form4-07212026_100716.xml,derivative,2025-07-19,M,Restricted Stock Units,3638,0,0.0,0,D,Bartell Carey,"EVP, GC and Corp. Secretary",false,true,false,"EVP, GC and Corp. Secretary",SEC EDGAR
"BLDR|0001193125-26-310383|nonDerivative|2026-07-18|Vaughn Paul|A|Common Stock, par value $0.01 per share|3366|0.00|D",2026-07-23 03:38:23+0000,BLDR,"Builders FirstSource, Inc.",0001316835,4,2026-07-21,2026-07-18,0001193125-26-310383,https://www.sec.gov/Archives/edgar/data/1316835/000119312526310383/ownership.xml,nonDerivative,2026-07-18,A,"Common Stock, par value $0.01 per share",3366,0.00,0.0,40724,D,Vaughn Paul,President - West Division,false,true,false,President - West Division,SEC EDGAR
"BLDR|0001193125-26-310380|nonDerivative|2026-07-18|Vance Todd|A|Common Stock, par value $0.01 per share|3366|0.00|D",2026-07-23 03:38:23+0000,BLDR,"Builders FirstSource, Inc.",0001316835,4,2026-07-21,2026-07-18,0001193125-26-310380,https://www.sec.gov/Archives/edgar/data/1316835/000119312526310380/ownership.xml,nonDerivative,2026-07-18,A,"Common Stock, par value $0.01 per share",3366,0.00,0.0,42684,D,Vance Todd,President - East Division,false,true,false,President - East Division,SEC EDGAR
"BLDR|0001193125-26-310384|nonDerivative|2026-07-18|O'Brien Matthew Coley|A|Common Stock, par value $0.01 per share|7406|0.00|D",2026-07-23 03:38:23+0000,BLDR,"Builders FirstSource, Inc.",0001316835,4,2026-07-21,2026-07-18,0001193125-26-310384,https://www.sec.gov/Archives/edgar/data/1316835/000119312526310384/ownership.xml,nonDerivative,2026-07-18,A,"Common Stock, par value $0.01 per share",7406,0.00,0.0,7406,D,O'Brien Matthew Coley,Chief Human Resources Officer,false,true,false,Chief Human Resources Officer,SEC EDGAR
AON|0001193125-26-310325|nonDerivative|2026-07-17|Zeidel Darren|S|Class A Ordinary Stock|625|370|D,2026-07-23 03:38:23+0000,AON,Aon plc,0000315293,4,2026-07-21,2026-07-17,0001193125-26-310325,https://www.sec.gov/Archives/edgar/data/315293/000119312526310325/ownership.xml,nonDerivative,2026-07-17,S,Class A Ordinary Stock,625,370,231250.0,14729.099,D,Zeidel Darren,General Counsel,false,true,false,General Counsel,SEC EDGAR
AON|0001193125-26-310325|nonDerivative|2026-07-17|Zeidel Darren|S|Class A Ordinary Stock|650|372|D,2026-07-23 03:38:23+0000,AON,Aon plc,0000315293,4,2026-07-21,2026-07-17,0001193125-26-310325,https://www.sec.gov/Archives/edgar/data/315293/000119312526310325/ownership.xml,nonDerivative,2026-07-17,S,Class A Ordinary Stock,650,372,241800.0,14079.099,D,Zeidel Darren,General Counsel,false,true,false,General Counsel,SEC EDGAR
AON|0001193125-26-310325|nonDerivative|2026-07-17|Zeidel Darren|S|Class A Ordinary Stock|675|374|D,2026-07-23 03:38:23+0000,AON,Aon plc,0000315293,4,2026-07-21,2026-07-17,0001193125-26-310325,https://www.sec.gov/Archives/edgar/data/315293/000119312526310325/ownership.xml,nonDerivative,2026-07-17,S,Class A Ordinary Stock,675,374,252450.0,13404.099,D,Zeidel Darren,General Counsel,false,true,false,General Counsel,SEC EDGAR
UBER|0001626201-26-000018|nonDerivative|2026-07-16|West Tony|M|Common Stock|1511.00||D,2026-07-23 03:38:23+0000,UBER,"Uber Technologies, Inc",0001543151,4,2026-07-20,2026-07-16,0001626201-26-000018,https://www.sec.gov/Archives/edgar/data/1543151/000162620126000018/primarydocument.xml,nonDerivative,2026-07-16,M,Common Stock,1511.00,,,249131.00,D,West Tony,See Remarks,false,true,false,See Remarks,SEC EDGAR
UBER|0001626201-26-000018|nonDerivative|2026-07-16|West Tony|M|Common Stock|1282.00||D,2026-07-23 03:38:23+0000,UBER,"Uber Technologies, Inc",0001543151,4,2026-07-20,2026-07-16,0001626201-26-000018,https://www.sec.gov/Archives/edgar/data/1543151/000162620126000018/primarydocument.xml,nonDerivative,2026-07-16,M,Common Stock,1282.00,,,250413.00,D,West Tony,See Remarks,false,true,false,See Remarks,SEC EDGAR
UBER|0001626201-26-000018|nonDerivative|2026-07-16|West Tony|M|Common Stock|1493.00||D,2026-07-23 03:38:23+0000,UBER,"Uber Technologies, Inc",0001543151,4,2026-07-20,2026-07-16,0001626201-26-000018,https://www.sec.gov/Archives/edgar/data/1543151/000162620126000018/primarydocument.xml,nonDerivative,2026-07-16,M,Common Stock,1493.00,,,251906.00,D,West Tony,See Remarks,false,true,false,See Remarks,SEC EDGAR
UBER|0001626201-26-000018|nonDerivative|2026-07-16|West Tony|M|Common Stock|2910.00||D,2026-07-23 03:38:23+0000,UBER,"Uber Technologies, Inc",0001543151,4,2026-07-20,2026-07-16,0001626201-26-000018,https://www.sec.gov/Archives/edgar/data/1543151/000162620126000018/primarydocument.xml,nonDerivative,2026-07-16,M,Common Stock,2910.00,,,254816.00,D,West Tony,See Remarks,false,true,false,See Remarks,SEC EDGAR
UBER|0001626201-26-000018|nonDerivative|2026-07-16|West Tony|F|Common Stock|750.00|74.04|D,2026-07-23 03:38:23+0000,UBER,"Uber Technologies, Inc",0001543151,4,2026-07-20,2026-07-16,0001626201-26-000018,https://www.sec.gov/Archives/edgar/data/1543151/000162620126000018/primarydocument.xml,nonDerivative,2026-07-16,F,Common Stock,750.00,74.04,55530.00000000001,254066.00,D,West Tony,See Remarks,false,true,false,See Remarks,SEC EDGAR
UBER|0001626201-26-000018|nonDerivative|2026-07-16|West Tony|F|Common Stock|636.00|74.04|D,2026-07-23 03:38:23+0000,UBER,"Uber Technologies, Inc",0001543151,4,2026-07-20,2026-07-16,0001626201-26-000018,https://www.sec.gov/Archives/edgar/data/1543151/000162620126000018/primarydocument.xml,nonDerivative,2026-07-16,F,Common Stock,636.00,74.04,47089.44,253430.00,D,West Tony,See Remarks,false,true,false,See Remarks,SEC EDGAR
UBER|0001626201-26-000018|nonDerivative|2026-07-16|West Tony|F|Common Stock|741.00|74.04|D,2026-07-23 03:38:23+0000,UBER,"Uber Technologies, Inc",0001543151,4,2026-07-20,2026-07-16,0001626201-26-000018,https://www.sec.gov/Archives/edgar/data/1543151/000162620126000018/primarydocument.xml,nonDerivative,2026-07-16,F,Common Stock,741.00,74.04,54863.64000000001,252689.00,D,West Tony,See Remarks,false,true,false,See Remarks,SEC EDGAR
UBER|0001626201-26-000018|nonDerivative|2026-07-16|West Tony|F|Common Stock|1443.00|74.04|D,2026-07-23 03:38:23+0000,UBER,"Uber Technologies, Inc",0001543151,4,2026-07-20,2026-07-16,0001626201-26-000018,https://www.sec.gov/Archives/edgar/data/1543151/000162620126000018/primarydocument.xml,nonDerivative,2026-07-16,F,Common Stock,1443.00,74.04,106839.72000000002,251246.00,D,West Tony,See Remarks,false,true,false,See Remarks,SEC EDGAR
UBER|0001626201-26-000018|derivative|2026-07-16|West Tony|M|Restricted Stock Units|1511.00|0.00|D,2026-07-23 03:38:23+0000,UBER,"Uber Technologies, Inc",0001543151,4,2026-07-20,2026-07-16,0001626201-26-000018,https://www.sec.gov/Archives/edgar/data/1543151/000162620126000018/primarydocument.xml,derivative,2026-07-16,M,Restricted Stock Units,1511.00,0.00,0.0,66461.00,D,West Tony,See Remarks,false,true,false,See Remarks,SEC EDGAR
UBER|0001626201-26-000018|derivative|2026-07-16|West Tony|M|Restricted Stock Units|1282.00|0.00|D,2026-07-23 03:38:23+0000,UBER,"Uber Technologies, Inc",0001543151,4,2026-07-20,2026-07-16,0001626201-26-000018,https://www.sec.gov/Archives/edgar/data/1543151/000162620126000018/primarydocument.xml,derivative,2026-07-16,M,Restricted Stock Units,1282.00,0.00,0.0,41022.00,D,West Tony,See Remarks,false,true,false,See Remarks,SEC EDGAR
UBER|0001626201-26-000018|derivative|2026-07-16|West Tony|M|Restricted Stock Units|1493.00|0.00|D,2026-07-23 03:38:23+0000,UBER,"Uber Technologies, Inc",0001543151,4,2026-07-20,2026-07-16,0001626201-26-000018,https://www.sec.gov/Archives/edgar/data/1543151/000162620126000018/primarydocument.xml,derivative,2026-07-16,M,Restricted Stock Units,1493.00,0.00,0.0,29864.00,D,West Tony,See Remarks,false,true,false,See Remarks,SEC EDGAR
UBER|0001626201-26-000018|derivative|2026-07-16|West Tony|M|Restricted Stock Units|2910.00|0.00|D,2026-07-23 03:38:23+0000,UBER,"Uber Technologies, Inc",0001543151,4,2026-07-20,2026-07-16,0001626201-26-000018,https://www.sec.gov/Archives/edgar/data/1543151/000162620126000018/primarydocument.xml,derivative,2026-07-16,M,Restricted Stock Units,2910.00,0.00,0.0,23283.00,D,West Tony,See Remarks,false,true,false,See Remarks,SEC EDGAR
UBER|0001090355-26-000007|nonDerivative|2026-07-16|THAIN JOHN A|M|Common Stock|349.00||D,2026-07-23 03:38:23+0000,UBER,"Uber Technologies, Inc",0001543151,4,2026-07-20,2026-07-16,0001090355-26-000007,https://www.sec.gov/Archives/edgar/data/1543151/000109035526000007/primarydocument.xml,nonDerivative,2026-07-16,M,Common Stock,349.00,,,187225.00,D,THAIN JOHN A,,true,false,false,,SEC EDGAR
UBER|0001090355-26-000007|derivative|2026-07-16|THAIN JOHN A|M|Restricted Stock Units|349.00|0.00|D,2026-07-23 03:38:23+0000,UBER,"Uber Technologies, Inc",0001543151,4,2026-07-20,2026-07-16,0001090355-26-000007,https://www.sec.gov/Archives/edgar/data/1543151/000109035526000007/primarydocument.xml,derivative,2026-07-16,M,Restricted Stock Units,349.00,0.00,0.0,0.00,D,THAIN JOHN A,,true,false,false,,SEC EDGAR
UBER|0002071761-26-000009|nonDerivative|2026-07-16|Macdonald Andrew|M|Common Stock|1132.00||D,2026-07-23 03:38:23+0000,UBER,"Uber Technologies, Inc",0001543151,4,2026-07-20,2026-07-16,0002071761-26-000009,https://www.sec.gov/Archives/edgar/data/1543151/000207176126000009/primarydocument.xml,nonDerivative,2026-07-16,M,Common Stock,1132.00,,,348485.00,D,Macdonald Andrew,See Remarks,false,true,false,See Remarks,SEC EDGAR
UBER|0002071761-26-000009|nonDerivative|2026-07-16|Macdonald Andrew|M|Common Stock|2473.00||D,2026-07-23 03:38:23+0000,UBER,"Uber Technologies, Inc",0001543151,4,2026-07-20,2026-07-16,0002071761-26-000009,https://www.sec.gov/Archives/edgar/data/1543151/000207176126000009/primarydocument.xml,nonDerivative,2026-07-16,M,Common Stock,2473.00,,,350958.00,D,Macdonald Andrew,See Remarks,false,true,false,See Remarks,SEC EDGAR
UBER|0002071761-26-000009|nonDerivative|2026-07-16|Macdonald Andrew|M|Common Stock|2520.00||D,2026-07-23 03:38:23+0000,UBER,"Uber Technologies, Inc",0001543151,4,2026-07-20,2026-07-16,0002071761-26-000009,https://www.sec.gov/Archives/edgar/data/1543151/000207176126000009/primarydocument.xml,nonDerivative,2026-07-16,M,Common Stock,2520.00,,,353478.00,D,Macdonald Andrew,See Remarks,false,true,false,See Remarks,SEC EDGAR
UBER|0002071761-26-000009|nonDerivative|2026-07-16|Macdonald Andrew|M|Common Stock|4042.00||D,2026-07-23 03:38:23+0000,UBER,"Uber Technologies, Inc",0001543151,4,2026-07-20,2026-07-16,0002071761-26-000009,https://www.sec.gov/Archives/edgar/data/1543151/000207176126000009/primarydocument.xml,nonDerivative,2026-07-16,M,Common Stock,4042.00,,,357520.00,D,Macdonald Andrew,See Remarks,false,true,false,See Remarks,SEC EDGAR
UBER|0002071761-26-000009|nonDerivative|2026-07-16|Macdonald Andrew|F|Common Stock|633.00|74.04|D,2026-07-23 03:38:23+0000,UBER,"Uber Technologies, Inc",0001543151,4,2026-07-20,2026-07-16,0002071761-26-000009,https://www.sec.gov/Archives/edgar/data/1543151/000207176126000009/primarydocument.xml,nonDerivative,2026-07-16,F,Common Stock,633.00,74.04,46867.32000000001,356887.00,D,Macdonald Andrew,See Remarks,false,true,false,See Remarks,SEC EDGAR
UBER|0002071761-26-000009|nonDerivative|2026-07-16|Macdonald Andrew|F|Common Stock|1382.00|74.04|D,2026-07-23 03:38:23+0000,UBER,"Uber Technologies, Inc",0001543151,4,2026-07-20,2026-07-16,0002071761-26-000009,https://www.sec.gov/Archives/edgar/data/1543151/000207176126000009/primarydocument.xml,nonDerivative,2026-07-16,F,Common Stock,1382.00,74.04,102323.28000000001,355505.00,D,Macdonald Andrew,See Remarks,false,true,false,See Remarks,SEC EDGAR
UBER|0002071761-26-000009|nonDerivative|2026-07-16|Macdonald Andrew|F|Common Stock|1409.00|74.04|D,2026-07-23 03:38:23+0000,UBER,"Uber Technologies, Inc",0001543151,4,2026-07-20,2026-07-16,0002071761-26-000009,https://www.sec.gov/Archives/edgar/data/1543151/000207176126000009/primarydocument.xml,nonDerivative,2026-07-16,F,Common Stock,1409.00,74.04,104322.36000000002,354096.00,D,Macdonald Andrew,See Remarks,false,true,false,See Remarks,SEC EDGAR
UBER|0002071761-26-000009|nonDerivative|2026-07-16|Macdonald Andrew|F|Common Stock|2259.00|74.04|D,2026-07-23 03:38:23+0000,UBER,"Uber Technologies, Inc",0001543151,4,2026-07-20,2026-07-16,0002071761-26-000009,https://www.sec.gov/Archives/edgar/data/1543151/000207176126000009/primarydocument.xml,nonDerivative,2026-07-16,F,Common Stock,2259.00,74.04,167256.36000000002,351837.00,D,Macdonald Andrew,See Remarks,false,true,false,See Remarks,SEC EDGAR
UBER|0002071761-26-000009|derivative|2026-07-16|Macdonald Andrew|M|Restricted Stock Units|1132.00|0.00|D,2026-07-23 03:38:23+0000,UBER,"Uber Technologies, Inc",0001543151,4,2026-07-20,2026-07-16,0002071761-26-000009,https://www.sec.gov/Archives/edgar/data/1543151/000207176126000009/primarydocument.xml,derivative,2026-07-16,M,Restricted Stock Units,1132.00,0.00,0.0,49846.00,D,Macdonald Andrew,See Remarks,false,true,false,See Remarks,SEC EDGAR
UBER|0002071761-26-000009|derivative|2026-07-16|Macdonald Andrew|M|Restricted Stock Units|2473.00|0.00|D,2026-07-23 03:38:23+0000,UBER,"Uber Technologies, Inc",0001543151,4,2026-07-20,2026-07-16,0002071761-26-000009,https://www.sec.gov/Archives/edgar/data/1543151/000207176126000009/primarydocument.xml,derivative,2026-07-16,M,Restricted Stock Units,2473.00,0.00,0.0,79113.00,D,Macdonald Andrew,See Remarks,false,true,false,See Remarks,SEC EDGAR
UBER|0002071761-26-000009|derivative|2026-07-16|Macdonald Andrew|M|Restricted Stock Units|2520.00|0.00|D,2026-07-23 03:38:23+0000,UBER,"Uber Technologies, Inc",0001543151,4,2026-07-20,2026-07-16,0002071761-26-000009,https://www.sec.gov/Archives/edgar/data/1543151/000207176126000009/primarydocument.xml,derivative,2026-07-16,M,Restricted Stock Units,2520.00,0.00,0.0,50396.00,D,Macdonald Andrew,See Remarks,false,true,false,See Remarks,SEC EDGAR
UBER|0002071761-26-000009|derivative|2026-07-16|Macdonald Andrew|M|Restricted Stock Units|4042.00|0.00|D,2026-07-23 03:38:23+0000,UBER,"Uber Technologies, Inc",0001543151,4,2026-07-20,2026-07-16,0002071761-26-000009,https://www.sec.gov/Archives/edgar/data/1543151/000207176126000009/primarydocument.xml,derivative,2026-07-16,M,Restricted Stock Units,4042.00,0.00,0.0,32337.00,D,Macdonald Andrew,See Remarks,false,true,false,See Remarks,SEC EDGAR
UBER|0002111867-26-000011|nonDerivative|2026-07-16|Krishnamurthy Balaji (A)|M|Common Stock|567.00||D,2026-07-23 03:38:23+0000,UBER,"Uber Technologies, Inc",0001543151,4,2026-07-20,2026-07-16,0002111867-26-000011,https://www.sec.gov/Archives/edgar/data/1543151/000211186726000011/primarydocument.xml,nonDerivative,2026-07-16,M,Common Stock,567.00,,,37683.00,D,Krishnamurthy Balaji (A),Chief Financial Officer,false,true,false,Chief Financial Officer,SEC EDGAR
UBER|0002111867-26-000011|nonDerivative|2026-07-16|Krishnamurthy Balaji (A)|M|Common Stock|885.00||D,2026-07-23 03:38:23+0000,UBER,"Uber Technologies, Inc",0001543151,4,2026-07-20,2026-07-16,0002111867-26-000011,https://www.sec.gov/Archives/edgar/data/1543151/000211186726000011/primarydocument.xml,nonDerivative,2026-07-16,M,Common Stock,885.00,,,38568.00,D,Krishnamurthy Balaji (A),Chief Financial Officer,false,true,false,Chief Financial Officer,SEC EDGAR
UBER|0002111867-26-000011|nonDerivative|2026-07-16|Krishnamurthy Balaji (A)|M|Common Stock|686.00||D,2026-07-23 03:38:23+0000,UBER,"Uber Technologies, Inc",0001543151,4,2026-07-20,2026-07-16,0002111867-26-000011,https://www.sec.gov/Archives/edgar/data/1543151/000211186726000011/primarydocument.xml,nonDerivative,2026-07-16,M,Common Stock,686.00,,,39254.00,D,Krishnamurthy Balaji (A),Chief Financial Officer,false,true,false,Chief Financial Officer,SEC EDGAR
UBER|0002111867-26-000011|nonDerivative|2026-07-16|Krishnamurthy Balaji (A)|M|Common Stock|490.00||D,2026-07-23 03:38:23+0000,UBER,"Uber Technologies, Inc",0001543151,4,2026-07-20,2026-07-16,0002111867-26-000011,https://www.sec.gov/Archives/edgar/data/1543151/000211186726000011/primarydocument.xml,nonDerivative,2026-07-16,M,Common Stock,490.00,,,39744.00,D,Krishnamurthy Balaji (A),Chief Financial Officer,false,true,false,Chief Financial Officer,SEC EDGAR
UBER|0002111867-26-000011|nonDerivative|2026-07-16|Krishnamurthy Balaji (A)|M|Common Stock|1158.00||D,2026-07-23 03:38:23+0000,UBER,"Uber Technologies, Inc",0001543151,4,2026-07-20,2026-07-16,0002111867-26-000011,https://www.sec.gov/Archives/edgar/data/1543151/000211186726000011/primarydocument.xml,nonDerivative,2026-07-16,M,Common Stock,1158.00,,,40902.00,D,Krishnamurthy Balaji (A),Chief Financial Officer,false,true,false,Chief Financial Officer,SEC EDGAR
UBER|0002111867-26-000011|nonDerivative|2026-07-16|Krishnamurthy Balaji (A)|M|Common Stock|606.00||D,2026-07-23 03:38:23+0000,UBER,"Uber Technologies, Inc",0001543151,4,2026-07-20,2026-07-16,0002111867-26-000011,https://www.sec.gov/Archives/edgar/data/1543151/000211186726000011/primarydocument.xml,nonDerivative,2026-07-16,M,Common Stock,606.00,,,41508.00,D,Krishnamurthy Balaji (A),Chief Financial Officer,false,true,false,Chief Financial Officer,SEC EDGAR
UBER|0002111867-26-000011|nonDerivative|2026-07-16|Krishnamurthy Balaji (A)|F|Common Stock|282.00|74.04|D,2026-07-23 03:38:23+0000,UBER,"Uber Technologies, Inc",0001543151,4,2026-07-20,2026-07-16,0002111867-26-000011,https://www.sec.gov/Archives/edgar/data/1543151/000211186726000011/primarydocument.xml,nonDerivative,2026-07-16,F,Common Stock,282.00,74.04,20879.280000000002,41226.00,D,Krishnamurthy Balaji (A),Chief Financial Officer,false,true,false,Chief Financial Officer,SEC EDGAR
UBER|0002111867-26-000011|nonDerivative|2026-07-16|Krishnamurthy Balaji (A)|F|Common Stock|439.00|74.04|D,2026-07-23 03:38:23+0000,UBER,"Uber Technologies, Inc",0001543151,4,2026-07-20,2026-07-16,0002111867-26-000011,https://www.sec.gov/Archives/edgar/data/1543151/000211186726000011/primarydocument.xml,nonDerivative,2026-07-16,F,Common Stock,439.00,74.04,32503.56,40787.00,D,Krishnamurthy Balaji (A),Chief Financial Officer,false,true,false,Chief Financial Officer,SEC EDGAR
UBER|0002111867-26-000011|nonDerivative|2026-07-16|Krishnamurthy Balaji (A)|F|Common Stock|341.00|74.04|D,2026-07-23 03:38:23+0000,UBER,"Uber Technologies, Inc",0001543151,4,2026-07-20,2026-07-16,0002111867-26-000011,https://www.sec.gov/Archives/edgar/data/1543151/000211186726000011/primarydocument.xml,nonDerivative,2026-07-16,F,Common Stock,341.00,74.04,25247.640000000003,40446.00,D,Krishnamurthy Balaji (A),Chief Financial Officer,false,true,false,Chief Financial Officer,SEC EDGAR
UBER|0002111867-26-000011|nonDerivative|2026-07-16|Krishnamurthy Balaji (A)|F|Common Stock|245.00|74.04|D,2026-07-23 03:38:23+0000,UBER,"Uber Technologies, Inc",0001543151,4,2026-07-20,2026-07-16,0002111867-26-000011,https://www.sec.gov/Archives/edgar/data/1543151/000211186726000011/primarydocument.xml,nonDerivative,2026-07-16,F,Common Stock,245.00,74.04,18139.800000000003,40201.00,D,Krishnamurthy Balaji (A),Chief Financial Officer,false,true,false,Chief Financial Officer,SEC EDGAR
UBER|0002111867-26-000011|nonDerivative|2026-07-16|Krishnamurthy Balaji (A)|F|Common Stock|610.00|74.04|D,2026-07-23 03:38:23+0000,UBER,"Uber Technologies, Inc",0001543151,4,2026-07-20,2026-07-16,0002111867-26-000011,https://www.sec.gov/Archives/edgar/data/1543151/000211186726000011/primarydocument.xml,nonDerivative,2026-07-16,F,Common Stock,610.00,74.04,45164.4,39591.00,D,Krishnamurthy Balaji (A),Chief Financial Officer,false,true,false,Chief Financial Officer,SEC EDGAR
UBER|0002111867-26-000011|nonDerivative|2026-07-16|Krishnamurthy Balaji (A)|F|Common Stock|332.00|74.04|D,2026-07-23 03:38:23+0000,UBER,"Uber Technologies, Inc",0001543151,4,2026-07-20,2026-07-16,0002111867-26-000011,https://www.sec.gov/Archives/edgar/data/1543151/000211186726000011/primarydocument.xml,nonDerivative,2026-07-16,F,Common Stock,332.00,74.04,24581.280000000002,39259.00,D,Krishnamurthy Balaji (A),Chief Financial Officer,false,true,false,Chief Financial Officer,SEC EDGAR
UBER|0002111867-26-000011|derivative|2026-07-16|Krishnamurthy Balaji (A)|M|Restricted Stock Units|567.00|0.00|D,2026-07-23 03:38:23+0000,UBER,"Uber Technologies, Inc",0001543151,4,2026-07-20,2026-07-16,0002111867-26-000011,https://www.sec.gov/Archives/edgar/data/1543151/000211186726000011/primarydocument.xml,derivative,2026-07-16,M,Restricted Stock Units,567.00,0.00,0.0,65705.00,D,Krishnamurthy Balaji (A),Chief Financial Officer,false,true,false,Chief Financial Officer,SEC EDGAR
UBER|0002111867-26-000011|derivative|2026-07-16|Krishnamurthy Balaji (A)|M|Restricted Stock Units|885.00|0.00|D,2026-07-23 03:38:23+0000,UBER,"Uber Technologies, Inc",0001543151,4,2026-07-20,2026-07-16,0002111867-26-000011,https://www.sec.gov/Archives/edgar/data/1543151/000211186726000011/primarydocument.xml,derivative,2026-07-16,M,Restricted Stock Units,885.00,0.00,0.0,38492.00,D,Krishnamurthy Balaji (A),Chief Financial Officer,false,true,false,Chief Financial Officer,SEC EDGAR
UBER|0002111867-26-000011|derivative|2026-07-16|Krishnamurthy Balaji (A)|M|Restricted Stock Units|686.00|0.00|D,2026-07-23 03:38:23+0000,UBER,"Uber Technologies, Inc",0001543151,4,2026-07-20,2026-07-16,0002111867-26-000011,https://www.sec.gov/Archives/edgar/data/1543151/000211186726000011/primarydocument.xml,derivative,2026-07-16,M,Restricted Stock Units,686.00,0.00,0.0,21977.00,D,Krishnamurthy Balaji (A),Chief Financial Officer,false,true,false,Chief Financial Officer,SEC EDGAR
UBER|0002111867-26-000011|derivative|2026-07-16|Krishnamurthy Balaji (A)|M|Restricted Stock Units|490.00|0.00|D,2026-07-23 03:38:23+0000,UBER,"Uber Technologies, Inc",0001543151,4,2026-07-20,2026-07-16,0002111867-26-000011,https://www.sec.gov/Archives/edgar/data/1543151/000211186726000011/primarydocument.xml,derivative,2026-07-16,M,Restricted Stock Units,490.00,0.00,0.0,9800.00,D,Krishnamurthy Balaji (A),Chief Financial Officer,false,true,false,Chief Financial Officer,SEC EDGAR
UBER|0002111867-26-000011|derivative|2026-07-16|Krishnamurthy Balaji (A)|M|Restricted Stock Units|1158.00|0.00|D,2026-07-23 03:38:23+0000,UBER,"Uber Technologies, Inc",0001543151,4,2026-07-20,2026-07-16,0002111867-26-000011,https://www.sec.gov/Archives/edgar/data/1543151/000211186726000011/primarydocument.xml,derivative,2026-07-16,M,Restricted Stock Units,1158.00,0.00,0.0,16211.00,D,Krishnamurthy Balaji (A),Chief Financial Officer,false,true,false,Chief Financial Officer,SEC EDGAR
UBER|0002111867-26-000011|derivative|2026-07-16|Krishnamurthy Balaji (A)|M|Restricted Stock Units|606.00|0.00|D,2026-07-23 03:38:23+0000,UBER,"Uber Technologies, Inc",0001543151,4,2026-07-20,2026-07-16,0002111867-26-000011,https://www.sec.gov/Archives/edgar/data/1543151/000211186726000011/primarydocument.xml,derivative,2026-07-16,M,Restricted Stock Units,606.00,0.00,0.0,4851.00,D,Krishnamurthy Balaji (A),Chief Financial Officer,false,true,false,Chief Financial Officer,SEC EDGAR
UBER|0001775297-26-000010|nonDerivative|2026-07-16|Hazelbaker Jill|M|Common Stock|351.00||D,2026-07-23 03:38:23+0000,UBER,"Uber Technologies, Inc",0001543151,4,2026-07-20,2026-07-16,0001775297-26-000010,https://www.sec.gov/Archives/edgar/data/1543151/000177529726000010/primarydocument.xml,nonDerivative,2026-07-16,M,Common Stock,351.00,,,168981.00,D,Hazelbaker Jill,See Remarks,false,true,false,See Remarks,SEC EDGAR
UBER|0001775297-26-000010|nonDerivative|2026-07-16|Hazelbaker Jill|M|Common Stock|1416.00||D,2026-07-23 03:38:23+0000,UBER,"Uber Technologies, Inc",0001543151,4,2026-07-20,2026-07-16,0001775297-26-000010,https://www.sec.gov/Archives/edgar/data/1543151/000177529726000010/primarydocument.xml,nonDerivative,2026-07-16,M,Common Stock,1416.00,,,170397.00,D,Hazelbaker Jill,See Remarks,false,true,false,See Remarks,SEC EDGAR
UBER|0001775297-26-000010|nonDerivative|2026-07-16|Hazelbaker Jill|M|Common Stock|1888.00||D,2026-07-23 03:38:23+0000,UBER,"Uber Technologies, Inc",0001543151,4,2026-07-20,2026-07-16,0001775297-26-000010,https://www.sec.gov/Archives/edgar/data/1543151/000177529726000010/primarydocument.xml,nonDerivative,2026-07-16,M,Common Stock,1888.00,,,172285.00,D,Hazelbaker Jill,See Remarks,false,true,false,See Remarks,SEC EDGAR
UBER|0001775297-26-000010|nonDerivative|2026-07-16|Hazelbaker Jill|M|Common Stock|1465.00||D,2026-07-23 03:38:23+0000,UBER,"Uber Technologies, Inc",0001543151,4,2026-07-20,2026-07-16,0001775297-26-000010,https://www.sec.gov/Archives/edgar/data/1543151/000177529726000010/primarydocument.xml,nonDerivative,2026-07-16,M,Common Stock,1465.00,,,173750.00,D,Hazelbaker Jill,See Remarks,false,true,false,See Remarks,SEC EDGAR
UBER|0001775297-26-000010|nonDerivative|2026-07-16|Hazelbaker Jill|M|Common Stock|1493.00||D,2026-07-23 03:38:23+0000,UBER,"Uber Technologies, Inc",0001543151,4,2026-07-20,2026-07-16,0001775297-26-000010,https://www.sec.gov/Archives/edgar/data/1543151/000177529726000010/primarydocument.xml,nonDerivative,2026-07-16,M,Common Stock,1493.00,,,175243.00,D,Hazelbaker Jill,See Remarks,false,true,false,See Remarks,SEC EDGAR
UBER|0001775297-26-000010|nonDerivative|2026-07-16|Hazelbaker Jill|M|Common Stock|2547.00||D,2026-07-23 03:38:23+0000,UBER,"Uber Technologies, Inc",0001543151,4,2026-07-20,2026-07-16,0001775297-26-000010,https://www.sec.gov/Archives/edgar/data/1543151/000177529726000010/primarydocument.xml,nonDerivative,2026-07-16,M,Common Stock,2547.00,,,177790.00,D,Hazelbaker Jill,See Remarks,false,true,false,See Remarks,SEC EDGAR
UBER|0001775297-26-000010|nonDerivative|2026-07-16|Hazelbaker Jill|F|Common Stock|176.00|74.04|D,2026-07-23 03:38:23+0000,UBER,"Uber Technologies, Inc",0001543151,4,2026-07-20,2026-07-16,0001775297-26-000010,https://www.sec.gov/Archives/edgar/data/1543151/000177529726000010/primarydocument.xml,nonDerivative,2026-07-16,F,Common Stock,176.00,74.04,13031.04,177614.00,D,Hazelbaker Jill,See Remarks,false,true,false,See Remarks,SEC EDGAR
UBER|0001775297-26-000010|nonDerivative|2026-07-16|Hazelbaker Jill|F|Common Stock|710.00|74.04|D,2026-07-23 03:38:23+0000,UBER,"Uber Technologies, Inc",0001543151,4,2026-07-20,2026-07-16,0001775297-26-000010,https://www.sec.gov/Archives/edgar/data/1543151/000177529726000010/primarydocument.xml,nonDerivative,2026-07-16,F,Common Stock,710.00,74.04,52568.4,176904.00,D,Hazelbaker Jill,See Remarks,false,true,false,See Remarks,SEC EDGAR
UBER|0001775297-26-000010|nonDerivative|2026-07-16|Hazelbaker Jill|F|Common Stock|946.00|74.04|D,2026-07-23 03:38:23+0000,UBER,"Uber Technologies, Inc",0001543151,4,2026-07-20,2026-07-16,0001775297-26-000010,https://www.sec.gov/Archives/edgar/data/1543151/000177529726000010/primarydocument.xml,nonDerivative,2026-07-16,F,Common Stock,946.00,74.04,70041.84000000001,175958.00,D,Hazelbaker Jill,See Remarks,false,true,false,See Remarks,SEC EDGAR
UBER|0001775297-26-000010|nonDerivative|2026-07-16|Hazelbaker Jill|F|Common Stock|734.00|74.04|D,2026-07-23 03:38:23+0000,UBER,"Uber Technologies, Inc",0001543151,4,2026-07-20,2026-07-16,0001775297-26-000010,https://www.sec.gov/Archives/edgar/data/1543151/000177529726000010/primarydocument.xml,nonDerivative,2026-07-16,F,Common Stock,734.00,74.04,54345.36000000001,175224.00,D,Hazelbaker Jill,See Remarks,false,true,false,See Remarks,SEC EDGAR
UBER|0001775297-26-000010|nonDerivative|2026-07-16|Hazelbaker Jill|F|Common Stock|748.00|74.04|D,2026-07-23 03:38:23+0000,UBER,"Uber Technologies, Inc",0001543151,4,2026-07-20,2026-07-16,0001775297-26-000010,https://www.sec.gov/Archives/edgar/data/1543151/000177529726000010/primarydocument.xml,nonDerivative,2026-07-16,F,Common Stock,748.00,74.04,55381.920000000006,174476.00,D,Hazelbaker Jill,See Remarks,false,true,false,See Remarks,SEC EDGAR
UBER|0001775297-26-000010|nonDerivative|2026-07-16|Hazelbaker Jill|F|Common Stock|1314.00|74.04|D,2026-07-23 03:38:23+0000,UBER,"Uber Technologies, Inc",0001543151,4,2026-07-20,2026-07-16,0001775297-26-000010,https://www.sec.gov/Archives/edgar/data/1543151/000177529726000010/primarydocument.xml,nonDerivative,2026-07-16,F,Common Stock,1314.00,74.04,97288.56000000001,173162.00,D,Hazelbaker Jill,See Remarks,false,true,false,See Remarks,SEC EDGAR
UBER|0001775297-26-000010|derivative|2026-07-16|Hazelbaker Jill|M|Restricted Stock Units|351.00|0.00|D,2026-07-23 03:38:23+0000,UBER,"Uber Technologies, Inc",0001543151,4,2026-07-20,2026-07-16,0001775297-26-000010,https://www.sec.gov/Archives/edgar/data/1543151/000177529726000010/primarydocument.xml,derivative,2026-07-16,M,Restricted Stock Units,351.00,0.00,0.0,16153.00,D,Hazelbaker Jill,See Remarks,false,true,false,See Remarks,SEC EDGAR
UBER|0001775297-26-000010|derivative|2026-07-16|Hazelbaker Jill|M|Restricted Stock Units|1416.00|0.00|D,2026-07-23 03:38:23+0000,UBER,"Uber Technologies, Inc",0001543151,4,2026-07-20,2026-07-16,0001775297-26-000010,https://www.sec.gov/Archives/edgar/data/1543151/000177529726000010/primarydocument.xml,derivative,2026-07-16,M,Restricted Stock Units,1416.00,0.00,0.0,62307.00,D,Hazelbaker Jill,See Remarks,false,true,false,See Remarks,SEC EDGAR
UBER|0001775297-26-000010|derivative|2026-07-16|Hazelbaker Jill|M|Restricted Stock Units|1888.00|0.00|D,2026-07-23 03:38:23+0000,UBER,"Uber Technologies, Inc",0001543151,4,2026-07-20,2026-07-16,0001775297-26-000010,https://www.sec.gov/Archives/edgar/data/1543151/000177529726000010/primarydocument.xml,derivative,2026-07-16,M,Restricted Stock Units,1888.00,0.00,0.0,83076.00,D,Hazelbaker Jill,See Remarks,false,true,false,See Remarks,SEC EDGAR
UBER|0001775297-26-000010|derivative|2026-07-16|Hazelbaker Jill|M|Restricted Stock Units|1465.00|0.00|D,2026-07-23 03:38:23+0000,UBER,"Uber Technologies, Inc",0001543151,4,2026-07-20,2026-07-16,0001775297-26-000010,https://www.sec.gov/Archives/edgar/data/1543151/000177529726000010/primarydocument.xml,derivative,2026-07-16,M,Restricted Stock Units,1465.00,0.00,0.0,46882.00,D,Hazelbaker Jill,See Remarks,false,true,false,See Remarks,SEC EDGAR
UBER|0001775297-26-000010|derivative|2026-07-16|Hazelbaker Jill|M|Restricted Stock Units|1493.00|0.00|D,2026-07-23 03:38:23+0000,UBER,"Uber Technologies, Inc",0001543151,4,2026-07-20,2026-07-16,0001775297-26-000010,https://www.sec.gov/Archives/edgar/data/1543151/000177529726000010/primarydocument.xml,derivative,2026-07-16,M,Restricted Stock Units,1493.00,0.00,0.0,29864.00,D,Hazelbaker Jill,See Remarks,false,true,false,See Remarks,SEC EDGAR
UBER|0001775297-26-000010|derivative|2026-07-16|Hazelbaker Jill|M|Restricted Stock Units|2547.00|0.00|D,2026-07-23 03:38:23+0000,UBER,"Uber Technologies, Inc",0001543151,4,2026-07-20,2026-07-16,0001775297-26-000010,https://www.sec.gov/Archives/edgar/data/1543151/000177529726000010/primarydocument.xml,derivative,2026-07-16,M,Restricted Stock Units,2547.00,0.00,0.0,20372.00,D,Hazelbaker Jill,See Remarks,false,true,false,See Remarks,SEC EDGAR
UBER|0001525321-26-000008|nonDerivative|2026-07-16|Ceremony Glen|M|Common Stock|708.00||D,2026-07-23 03:38:23+0000,UBER,"Uber Technologies, Inc",0001543151,4,2026-07-20,2026-07-16,0001525321-26-000008,https://www.sec.gov/Archives/edgar/data/1543151/000152532126000008/primarydocument.xml,nonDerivative,2026-07-16,M,Common Stock,708.00,,,261884.00,D,Ceremony Glen,See Remarks,false,true,false,See Remarks,SEC EDGAR
UBER|0001525321-26-000008|nonDerivative|2026-07-16|Ceremony Glen|M|Common Stock|687.00||D,2026-07-23 03:38:23+0000,UBER,"Uber Technologies, Inc",0001543151,4,2026-07-20,2026-07-16,0001525321-26-000008,https://www.sec.gov/Archives/edgar/data/1543151/000152532126000008/primarydocument.xml,nonDerivative,2026-07-16,M,Common Stock,687.00,,,262571.00,D,Ceremony Glen,See Remarks,false,true,false,See Remarks,SEC EDGAR
UBER|0001525321-26-000008|nonDerivative|2026-07-16|Ceremony Glen|M|Common Stock|700.00||D,2026-07-23 03:38:23+0000,UBER,"Uber Technologies, Inc",0001543151,4,2026-07-20,2026-07-16,0001525321-26-000008,https://www.sec.gov/Archives/edgar/data/1543151/000152532126000008/primarydocument.xml,nonDerivative,2026-07-16,M,Common Stock,700.00,,,263271.00,D,Ceremony Glen,See Remarks,false,true,false,See Remarks,SEC EDGAR
UBER|0001525321-26-000008|nonDerivative|2026-07-16|Ceremony Glen|M|Common Stock|1516.00||D,2026-07-23 03:38:23+0000,UBER,"Uber Technologies, Inc",0001543151,4,2026-07-20,2026-07-16,0001525321-26-000008,https://www.sec.gov/Archives/edgar/data/1543151/000152532126000008/primarydocument.xml,nonDerivative,2026-07-16,M,Common Stock,1516.00,,,264787.00,D,Ceremony Glen,See Remarks,false,true,false,See Remarks,SEC EDGAR
UBER|0001525321-26-000008|nonDerivative|2026-07-16|Ceremony Glen|F|Common Stock|352.00|74.04|D,2026-07-23 03:38:23+0000,UBER,"Uber Technologies, Inc",0001543151,4,2026-07-20,2026-07-16,0001525321-26-000008,https://www.sec.gov/Archives/edgar/data/1543151/000152532126000008/primarydocument.xml,nonDerivative,2026-07-16,F,Common Stock,352.00,74.04,26062.08,264435.00,D,Ceremony Glen,See Remarks,false,true,false,See Remarks,SEC EDGAR
UBER|0001525321-26-000008|nonDerivative|2026-07-16|Ceremony Glen|F|Common Stock|341.00|74.04|D,2026-07-23 03:38:23+0000,UBER,"Uber Technologies, Inc",0001543151,4,2026-07-20,2026-07-16,0001525321-26-000008,https://www.sec.gov/Archives/edgar/data/1543151/000152532126000008/primarydocument.xml,nonDerivative,2026-07-16,F,Common Stock,341.00,74.04,25247.640000000003,264094.00,D,Ceremony Glen,See Remarks,false,true,false,See Remarks,SEC EDGAR
UBER|0001525321-26-000008|nonDerivative|2026-07-16|Ceremony Glen|F|Common Stock|348.00|74.04|D,2026-07-23 03:38:23+0000,UBER,"Uber Technologies, Inc",0001543151,4,2026-07-20,2026-07-16,0001525321-26-000008,https://www.sec.gov/Archives/edgar/data/1543151/000152532126000008/primarydocument.xml,nonDerivative,2026-07-16,F,Common Stock,348.00,74.04,25765.920000000002,263746.00,D,Ceremony Glen,See Remarks,false,true,false,See Remarks,SEC EDGAR
UBER|0001525321-26-000008|nonDerivative|2026-07-16|Ceremony Glen|F|Common Stock|752.00|74.04|D,2026-07-23 03:38:23+0000,UBER,"Uber Technologies, Inc",0001543151,4,2026-07-20,2026-07-16,0001525321-26-000008,https://www.sec.gov/Archives/edgar/data/1543151/000152532126000008/primarydocument.xml,nonDerivative,2026-07-16,F,Common Stock,752.00,74.04,55678.08,262994.00,D,Ceremony Glen,See Remarks,false,true,false,See Remarks,SEC EDGAR
UBER|0001525321-26-000008|derivative|2026-07-16|Ceremony Glen|M|Restricted Stock Units|708.00|0.00|D,2026-07-23 03:38:23+0000,UBER,"Uber Technologies, Inc",0001543151,4,2026-07-20,2026-07-16,0001525321-26-000008,https://www.sec.gov/Archives/edgar/data/1543151/000152532126000008/primarydocument.xml,derivative,2026-07-16,M,Restricted Stock Units,708.00,0.00,0.0,31153.00,D,Ceremony Glen,See Remarks,false,true,false,See Remarks,SEC EDGAR
UBER|0001525321-26-000008|derivative|2026-07-16|Ceremony Glen|M|Restricted Stock Units|687.00|0.00|D,2026-07-23 03:38:23+0000,UBER,"Uber Technologies, Inc",0001543151,4,2026-07-20,2026-07-16,0001525321-26-000008,https://www.sec.gov/Archives/edgar/data/1543151/000152532126000008/primarydocument.xml,derivative,2026-07-16,M,Restricted Stock Units,687.00,0.00,0.0,21976.00,D,Ceremony Glen,See Remarks,false,true,false,See Remarks,SEC EDGAR
UBER|0001525321-26-000008|derivative|2026-07-16|Ceremony Glen|M|Restricted Stock Units|700.00|0.00|D,2026-07-23 03:38:23+0000,UBER,"Uber Technologies, Inc",0001543151,4,2026-07-20,2026-07-16,0001525321-26-000008,https://www.sec.gov/Archives/edgar/data/1543151/000152532126000008/primarydocument.xml,derivative,2026-07-16,M,Restricted Stock Units,700.00,0.00,0.0,13999.00,D,Ceremony Glen,See Remarks,false,true,false,See Remarks,SEC EDGAR
UBER|0001525321-26-000008|derivative|2026-07-16|Ceremony Glen|M|Restricted Stock Units|1516.00|0.00|D,2026-07-23 03:38:23+0000,UBER,"Uber Technologies, Inc",0001543151,4,2026-07-20,2026-07-16,0001525321-26-000008,https://www.sec.gov/Archives/edgar/data/1543151/000152532126000008/primarydocument.xml,derivative,2026-07-16,M,Restricted Stock Units,1516.00,0.00,0.0,12126.00,D,Ceremony Glen,See Remarks,false,true,false,See Remarks,SEC EDGAR
TPL|0001437749-26-023833|nonDerivative|2026-07-17|HORIZON KINETICS ASSET MANAGEMENT LLC|P|Common Stock|1|420.15|D,2026-07-23 03:38:23+0000,TPL,Texas Pacific Land Corp,0001811074,4,2026-07-20,2026-07-17,0001437749-26-023833,https://www.sec.gov/Archives/edgar/data/1811074/000143774926023833/rdgdoc.xml,nonDerivative,2026-07-17,P,Common Stock,1,420.15,420.15,3263678,D,HORIZON KINETICS ASSET MANAGEMENT LLC,10% Owner,,,1,,SEC EDGAR
PLD|0001193125-26-309058|nonDerivative|2026-07-16|Moghadam Hamid|S|Common Stock|50000|149.91|I,2026-07-23 03:38:23+0000,PLD,"Prologis, Inc.",0001045609,4,2026-07-20,2026-07-16,0001193125-26-309058,https://www.sec.gov/Archives/edgar/data/1045609/000119312526309058/ownership.xml,nonDerivative,2026-07-16,S,Common Stock,50000,149.91,7495500.0,969089,I,Moghadam Hamid,,true,false,false,,SEC EDGAR
"OMC|0001213900-26-079641|nonDerivative|2026-07-16|Januzzi Louis F|A|Common Stock, par value $0.15 per share|7720|0|D",2026-07-23 03:38:23+0000,OMC,OMNICOM GROUP INC.,0000029989,4,2026-07-20,2026-07-16,0001213900-26-079641,https://www.sec.gov/Archives/edgar/data/29989/000121390026079641/ownership.xml,nonDerivative,2026-07-16,A,"Common Stock, par value $0.15 per share",7720,0,0.0,40866.453,D,Januzzi Louis F,"Officer, Senior VP, Gen. Counsel & Sec.",0,1,0,"Senior VP, Gen. Counsel & Sec.",SEC EDGAR
KMI|0001506307-26-000061|nonDerivative|2026-07-18|Pitta Michael J|M|Class P Common Stock|14468|0|D,2026-07-23 03:38:23+0000,KMI,"KINDER MORGAN, INC.",0001506307,4,2026-07-20,2026-07-18,0001506307-26-000061,https://www.sec.gov/Archives/edgar/data/1506307/000150630726000061/wk-form4_1784587340.xml,nonDerivative,2026-07-18,M,Class P Common Stock,14468,0,0.0,80759,D,Pitta Michael J,"Officer, VP and Chief Admin. Officer",0,1,0,VP and Chief Admin. Officer,SEC EDGAR
KMI|0001506307-26-000061|nonDerivative|2026-07-18|Pitta Michael J|F|Class P Common Stock|3523|32.30|D,2026-07-23 03:38:23+0000,KMI,"KINDER MORGAN, INC.",0001506307,4,2026-07-20,2026-07-18,0001506307-26-000061,https://www.sec.gov/Archives/edgar/data/1506307/000150630726000061/wk-form4_1784587340.xml,nonDerivative,2026-07-18,F,Class P Common Stock,3523,32.30,113792.9,77236,D,Pitta Michael J,"Officer, VP and Chief Admin. Officer",0,1,0,VP and Chief Admin. Officer,SEC EDGAR
KMI|0001506307-26-000061|derivative|2026-07-18|Pitta Michael J|M|Restricted Stock Unit|14468|0|D,2026-07-23 03:38:23+0000,KMI,"KINDER MORGAN, INC.",0001506307,4,2026-07-20,2026-07-18,0001506307-26-000061,https://www.sec.gov/Archives/edgar/data/1506307/000150630726000061/wk-form4_1784587340.xml,derivative,2026-07-18,M,Restricted Stock Unit,14468,0,0.0,0,D,Pitta Michael J,"Officer, VP and Chief Admin. Officer",0,1,0,VP and Chief Admin. Officer,SEC EDGAR
KMI|0001506307-26-000059|nonDerivative|2026-07-16|Garthwaite Michael P.|S|Class P Common Stock|1550|32.516|D,2026-07-23 03:38:23+0000,KMI,"KINDER MORGAN, INC.",0001506307,4,2026-07-20,2026-07-16,0001506307-26-000059,https://www.sec.gov/Archives/edgar/data/1506307/000150630726000059/wk-form4_1784587264.xml,nonDerivative,2026-07-16,S,Class P Common Stock,1550,32.516,50399.799999999996,40193,D,Garthwaite Michael P.,"Officer, VP (Pres., Products Pipelines)",0,1,0,"VP (Pres., Products Pipelines)",SEC EDGAR
KMI|0001506307-26-000059|nonDerivative|2026-07-18|Garthwaite Michael P.|M|Class P Common Stock|15915|0|D,2026-07-23 03:38:23+0000,KMI,"KINDER MORGAN, INC.",0001506307,4,2026-07-20,2026-07-16,0001506307-26-000059,https://www.sec.gov/Archives/edgar/data/1506307/000150630726000059/wk-form4_1784587264.xml,nonDerivative,2026-07-18,M,Class P Common Stock,15915,0,0.0,56108,D,Garthwaite Michael P.,"Officer, VP (Pres., Products Pipelines)",0,1,0,"VP (Pres., Products Pipelines)",SEC EDGAR
KMI|0001506307-26-000059|nonDerivative|2026-07-18|Garthwaite Michael P.|F|Class P Common Stock|4145|32.30|D,2026-07-23 03:38:23+0000,KMI,"KINDER MORGAN, INC.",0001506307,4,2026-07-20,2026-07-16,0001506307-26-000059,https://www.sec.gov/Archives/edgar/data/1506307/000150630726000059/wk-form4_1784587264.xml,nonDerivative,2026-07-18,F,Class P Common Stock,4145,32.30,133883.5,51963,D,Garthwaite Michael P.,"Officer, VP (Pres., Products Pipelines)",0,1,0,"VP (Pres., Products Pipelines)",SEC EDGAR
KMI|0001506307-26-000059|derivative|2026-07-18|Garthwaite Michael P.|M|Restricted Stock Unit|15915|0|D,2026-07-23 03:38:23+0000,KMI,"KINDER MORGAN, INC.",0001506307,4,2026-07-20,2026-07-16,0001506307-26-000059,https://www.sec.gov/Archives/edgar/data/1506307/000150630726000059/wk-form4_1784587264.xml,derivative,2026-07-18,M,Restricted Stock Unit,15915,0,0.0,0,D,Garthwaite Michael P.,"Officer, VP (Pres., Products Pipelines)",0,1,0,"VP (Pres., Products Pipelines)",SEC EDGAR
INCY|0001912317-26-000015|nonDerivative|2026-07-16|Tray Thomas|A|Common Stock|2834|0|D,2026-07-23 03:38:23+0000,INCY,INCYTE CORP,0000879169,4,2026-07-20,2026-07-16,0001912317-26-000015,https://www.sec.gov/Archives/edgar/data/879169/000191231726000015/wk-form4_1784578233.xml,nonDerivative,2026-07-16,A,Common Stock,2834,0,0.0,21699,D,Tray Thomas,"Officer, Principal Accounting Officer",0,1,0,Principal Accounting Officer,SEC EDGAR
INCY|0001912317-26-000015|derivative|2026-07-16|Tray Thomas|A|Employee Stock Option (right to buy)|4079|0|D,2026-07-23 03:38:23+0000,INCY,INCYTE CORP,0000879169,4,2026-07-20,2026-07-16,0001912317-26-000015,https://www.sec.gov/Archives/edgar/data/879169/000191231726000015/wk-form4_1784578233.xml,derivative,2026-07-16,A,Employee Stock Option (right to buy),4079,0,0.0,4079,D,Tray Thomas,"Officer, Principal Accounting Officer",0,1,0,Principal Accounting Officer,SEC EDGAR
INCY|0001673776-26-000019|nonDerivative|2026-07-16|Stein Steven H|S|Common Stock|1877|114.73|D,2026-07-23 03:38:23+0000,INCY,INCYTE CORP,0000879169,4,2026-07-20,2026-07-16,0001673776-26-000019,https://www.sec.gov/Archives/edgar/data/879169/000167377626000019/wk-form4_1784578217.xml,nonDerivative,2026-07-16,S,Common Stock,1877,114.73,215348.21000000002,21118,D,Stein Steven H,"Officer, CMO & Head of Late-Stage Dev.",0,1,0,CMO & Head of Late-Stage Dev.,SEC EDGAR
INCY|0001673776-26-000019|nonDerivative|2026-07-16|Stein Steven H|A|Common Stock|9798|0|D,2026-07-23 03:38:23+0000,INCY,INCYTE CORP,0000879169,4,2026-07-20,2026-07-16,0001673776-26-000019,https://www.sec.gov/Archives/edgar/data/879169/000167377626000019/wk-form4_1784578217.xml,nonDerivative,2026-07-16,A,Common Stock,9798,0,0.0,30916,D,Stein Steven H,"Officer, CMO & Head of Late-Stage Dev.",0,1,0,CMO & Head of Late-Stage Dev.,SEC EDGAR
INCY|0001673776-26-000019|derivative|2026-07-16|Stein Steven H|A|Performance Shares|24496|0|D,2026-07-23 03:38:23+0000,INCY,INCYTE CORP,0000879169,4,2026-07-20,2026-07-16,0001673776-26-000019,https://www.sec.gov/Archives/edgar/data/879169/000167377626000019/wk-form4_1784578217.xml,derivative,2026-07-16,A,Performance Shares,24496,0,0.0,24496,D,Stein Steven H,"Officer, CMO & Head of Late-Stage Dev.",0,1,0,CMO & Head of Late-Stage Dev.,SEC EDGAR
INCY|0001673776-26-000019|derivative|2026-07-16|Stein Steven H|A|Employee Stock Option (right to buy)|42298|0|D,2026-07-23 03:38:23+0000,INCY,INCYTE CORP,0000879169,4,2026-07-20,2026-07-16,0001673776-26-000019,https://www.sec.gov/Archives/edgar/data/879169/000167377626000019/wk-form4_1784578217.xml,derivative,2026-07-16,A,Employee Stock Option (right to buy),42298,0,0.0,42298,D,Stein Steven H,"Officer, CMO & Head of Late-Stage Dev.",0,1,0,CMO & Head of Late-Stage Dev.,SEC EDGAR
INCY|0001536778-26-000009|nonDerivative|2026-07-16|Meury William|A|Common Stock|26807|0|D,2026-07-23 03:38:23+0000,INCY,INCYTE CORP,0000879169,4,2026-07-20,2026-07-16,0001536778-26-000009,https://www.sec.gov/Archives/edgar/data/879169/000153677826000009/wk-form4_1784578056.xml,nonDerivative,2026-07-16,A,Common Stock,26807,0,0.0,183129,D,Meury William,"Director, Officer, Chief Executive Officer",1,1,0,Chief Executive Officer,SEC EDGAR
INCY|0001536778-26-000009|derivative|2026-07-16|Meury William|A|Performance Shares|80421|0|D,2026-07-23 03:38:23+0000,INCY,INCYTE CORP,0000879169,4,2026-07-20,2026-07-16,0001536778-26-000009,https://www.sec.gov/Archives/edgar/data/879169/000153677826000009/wk-form4_1784578056.xml,derivative,2026-07-16,A,Performance Shares,80421,0,0.0,80421,D,Meury William,"Director, Officer, Chief Executive Officer",1,1,0,Chief Executive Officer,SEC EDGAR
INCY|0001536778-26-000009|derivative|2026-07-16|Meury William|A|Employee Stock Option (right to buy)|77148|0|D,2026-07-23 03:38:23+0000,INCY,INCYTE CORP,0000879169,4,2026-07-20,2026-07-16,0001536778-26-000009,https://www.sec.gov/Archives/edgar/data/879169/000153677826000009/wk-form4_1784578056.xml,derivative,2026-07-16,A,Employee Stock Option (right to buy),77148,0,0.0,77148,D,Meury William,"Director, Officer, Chief Executive Officer",1,1,0,Chief Executive Officer,SEC EDGAR
INCY|0002079962-26-000011|nonDerivative|2026-07-16|Mayes Patrick A|A|Common Stock|5916|0|D,2026-07-23 03:38:23+0000,INCY,INCYTE CORP,0000879169,4,2026-07-20,2026-07-16,0002079962-26-000011,https://www.sec.gov/Archives/edgar/data/879169/000207996226000011/wk-form4_1784578199.xml,nonDerivative,2026-07-16,A,Common Stock,5916,0,0.0,63628,D,Mayes Patrick A,"Officer, EVP & Chief Scientific Officer",0,1,0,EVP & Chief Scientific Officer,SEC EDGAR
INCY|0002079962-26-000011|derivative|2026-07-16|Mayes Patrick A|A|Performance Shares|14790|0|D,2026-07-23 03:38:23+0000,INCY,INCYTE CORP,0000879169,4,2026-07-20,2026-07-16,0002079962-26-000011,https://www.sec.gov/Archives/edgar/data/879169/000207996226000011/wk-form4_1784578199.xml,derivative,2026-07-16,A,Performance Shares,14790,0,0.0,14790,D,Mayes Patrick A,"Officer, EVP & Chief Scientific Officer",0,1,0,EVP & Chief Scientific Officer,SEC EDGAR
INCY|0002079962-26-000011|derivative|2026-07-16|Mayes Patrick A|A|Employee Stock Option (right to buy)|25538|0|D,2026-07-23 03:38:23+0000,INCY,INCYTE CORP,0000879169,4,2026-07-20,2026-07-16,0002079962-26-000011,https://www.sec.gov/Archives/edgar/data/879169/000207996226000011/wk-form4_1784578199.xml,derivative,2026-07-16,A,Employee Stock Option (right to buy),25538,0,0.0,25538,D,Mayes Patrick A,"Officer, EVP & Chief Scientific Officer",0,1,0,EVP & Chief Scientific Officer,SEC EDGAR
INCY|0002050035-26-000011|nonDerivative|2026-07-16|Issa Mohamed Khairie|S|Common Stock|1093|115.01|D,2026-07-23 03:38:23+0000,INCY,INCYTE CORP,0000879169,4,2026-07-20,2026-07-16,0002050035-26-000011,https://www.sec.gov/Archives/edgar/data/879169/000205003526000011/wk-form4_1784578149.xml,nonDerivative,2026-07-16,S,Common Stock,1093,115.01,125705.93000000001,63940,D,Issa Mohamed Khairie,"Officer, EVP, Head of U.S. Commercial",0,1,0,"EVP, Head of U.S. Commercial",SEC EDGAR
INCY|0002050035-26-000011|nonDerivative|2026-07-16|Issa Mohamed Khairie|A|Common Stock|7857|0|D,2026-07-23 03:38:23+0000,INCY,INCYTE CORP,0000879169,4,2026-07-20,2026-07-16,0002050035-26-000011,https://www.sec.gov/Archives/edgar/data/879169/000205003526000011/wk-form4_1784578149.xml,nonDerivative,2026-07-16,A,Common Stock,7857,0,0.0,71797,D,Issa Mohamed Khairie,"Officer, EVP, Head of U.S. Commercial",0,1,0,"EVP, Head of U.S. Commercial",SEC EDGAR
INCY|0002050035-26-000011|derivative|2026-07-16|Issa Mohamed Khairie|A|Performance Shares|19643|0|D,2026-07-23 03:38:23+0000,INCY,INCYTE CORP,0000879169,4,2026-07-20,2026-07-16,0002050035-26-000011,https://www.sec.gov/Archives/edgar/data/879169/000205003526000011/wk-form4_1784578149.xml,derivative,2026-07-16,A,Performance Shares,19643,0,0.0,19643,D,Issa Mohamed Khairie,"Officer, EVP, Head of U.S. Commercial",0,1,0,"EVP, Head of U.S. Commercial",SEC EDGAR
INCY|0002050035-26-000011|derivative|2026-07-16|Issa Mohamed Khairie|A|Employee Stock Option (right to buy)|33918|0|D,2026-07-23 03:38:23+0000,INCY,INCYTE CORP,0000879169,4,2026-07-20,2026-07-16,0002050035-26-000011,https://www.sec.gov/Archives/edgar/data/879169/000205003526000011/wk-form4_1784578149.xml,derivative,2026-07-16,A,Employee Stock Option (right to buy),33918,0,0.0,33918,D,Issa Mohamed Khairie,"Officer, EVP, Head of U.S. Commercial",0,1,0,"EVP, Head of U.S. Commercial",SEC EDGAR
INCY|0002098091-26-000005|nonDerivative|2026-07-16|Hoffman Richard A.|A|Common Stock|7395|0|D,2026-07-23 03:38:23+0000,INCY,INCYTE CORP,0000879169,4,2026-07-20,2026-07-16,0002098091-26-000005,https://www.sec.gov/Archives/edgar/data/879169/000209809126000005/wk-form4_1784578078.xml,nonDerivative,2026-07-16,A,Common Stock,7395,0,0.0,16861,D,Hoffman Richard A.,"Officer, EVP & General Counsel",0,1,0,EVP & General Counsel,SEC EDGAR
INCY|0002098091-26-000005|derivative|2026-07-16|Hoffman Richard A.|A|Performance Shares|18487|0|D,2026-07-23 03:38:23+0000,INCY,INCYTE CORP,0000879169,4,2026-07-20,2026-07-16,0002098091-26-000005,https://www.sec.gov/Archives/edgar/data/879169/000209809126000005/wk-form4_1784578078.xml,derivative,2026-07-16,A,Performance Shares,18487,0,0.0,18487,D,Hoffman Richard A.,"Officer, EVP & General Counsel",0,1,0,EVP & General Counsel,SEC EDGAR
INCY|0002098091-26-000005|derivative|2026-07-16|Hoffman Richard A.|A|Employee Stock Option (right to buy)|31923|0|D,2026-07-23 03:38:23+0000,INCY,INCYTE CORP,0000879169,4,2026-07-20,2026-07-16,0002098091-26-000005,https://www.sec.gov/Archives/edgar/data/879169/000209809126000005/wk-form4_1784578078.xml,derivative,2026-07-16,A,Employee Stock Option (right to buy),31923,0,0.0,31923,D,Hoffman Richard A.,"Officer, EVP & General Counsel",0,1,0,EVP & General Counsel,SEC EDGAR
INCY|0002085970-26-000005|nonDerivative|2026-07-16|Gardner David H|A|Common Stock|7395|0|D,2026-07-23 03:38:23+0000,INCY,INCYTE CORP,0000879169,4,2026-07-20,2026-07-16,0002085970-26-000005,https://www.sec.gov/Archives/edgar/data/879169/000208597026000005/wk-form4_1784578107.xml,nonDerivative,2026-07-16,A,Common Stock,7395,0,0.0,16824,D,Gardner David H,"Officer, EVP, Chief Strategy Officer",0,1,0,"EVP, Chief Strategy Officer",SEC EDGAR
INCY|0002085970-26-000005|derivative|2026-07-16|Gardner David H|A|Performance Shares|18487|0|D,2026-07-23 03:38:23+0000,INCY,INCYTE CORP,0000879169,4,2026-07-20,2026-07-16,0002085970-26-000005,https://www.sec.gov/Archives/edgar/data/879169/000208597026000005/wk-form4_1784578107.xml,derivative,2026-07-16,A,Performance Shares,18487,0,0.0,18487,D,Gardner David H,"Officer, EVP, Chief Strategy Officer",0,1,0,"EVP, Chief Strategy Officer",SEC EDGAR
INCY|0002085970-26-000005|derivative|2026-07-16|Gardner David H|A|Employee Stock Option (right to buy)|31923|0|D,2026-07-23 03:38:23+0000,INCY,INCYTE CORP,0000879169,4,2026-07-20,2026-07-16,0002085970-26-000005,https://www.sec.gov/Archives/edgar/data/879169/000208597026000005/wk-form4_1784578107.xml,derivative,2026-07-16,A,Employee Stock Option (right to buy),31923,0,0.0,31923,D,Gardner David H,"Officer, EVP, Chief Strategy Officer",0,1,0,"EVP, Chief Strategy Officer",SEC EDGAR
INCY|0001205703-26-000021|nonDerivative|2026-07-16|CAGNONI PABLO J|A|Common Stock|13403|0|D,2026-07-23 03:38:23+0000,INCY,INCYTE CORP,0000879169,4,2026-07-20,2026-07-16,0001205703-26-000021,https://www.sec.gov/Archives/edgar/data/879169/000120570326000021/wk-form4_1784578174.xml,nonDerivative,2026-07-16,A,Common Stock,13403,0,0.0,231332,D,CAGNONI PABLO J,"Officer, President, Global Head of R&D",0,1,0,"President, Global Head of R&D",SEC EDGAR
INCY|0001205703-26-000021|derivative|2026-07-16|CAGNONI PABLO J|A|Performance Shares|33508|0|D,2026-07-23 03:38:23+0000,INCY,INCYTE CORP,0000879169,4,2026-07-20,2026-07-16,0001205703-26-000021,https://www.sec.gov/Archives/edgar/data/879169/000120570326000021/wk-form4_1784578174.xml,derivative,2026-07-16,A,Performance Shares,33508,0,0.0,33508,D,CAGNONI PABLO J,"Officer, President, Global Head of R&D",0,1,0,"President, Global Head of R&D",SEC EDGAR
INCY|0001205703-26-000021|derivative|2026-07-16|CAGNONI PABLO J|A|Employee Stock Option (right to buy)|57861|0|D,2026-07-23 03:38:23+0000,INCY,INCYTE CORP,0000879169,4,2026-07-20,2026-07-16,0001205703-26-000021,https://www.sec.gov/Archives/edgar/data/879169/000120570326000021/wk-form4_1784578174.xml,derivative,2026-07-16,A,Employee Stock Option (right to buy),57861,0,0.0,57861,D,CAGNONI PABLO J,"Officer, President, Global Head of R&D",0,1,0,"President, Global Head of R&D",SEC EDGAR
INCY|0002083591-26-000005|nonDerivative|2026-07-16|Basi Ramitpal K|A|Common Stock|4991|0|D,2026-07-23 03:38:23+0000,INCY,INCYTE CORP,0000879169,4,2026-07-20,2026-07-16,0002083591-26-000005,https://www.sec.gov/Archives/edgar/data/879169/000208359126000005/wk-form4_1784578131.xml,nonDerivative,2026-07-16,A,Common Stock,4991,0,0.0,11497,D,Basi Ramitpal K,"Officer, EVP, Human Resources",0,1,0,"EVP, Human Resources",SEC EDGAR
INCY|0002083591-26-000005|derivative|2026-07-16|Basi Ramitpal K|A|Performance Shares|12479|0|D,2026-07-23 03:38:23+0000,INCY,INCYTE CORP,0000879169,4,2026-07-20,2026-07-16,0002083591-26-000005,https://www.sec.gov/Archives/edgar/data/879169/000208359126000005/wk-form4_1784578131.xml,derivative,2026-07-16,A,Performance Shares,12479,0,0.0,12479,D,Basi Ramitpal K,"Officer, EVP, Human Resources",0,1,0,"EVP, Human Resources",SEC EDGAR
INCY|0002083591-26-000005|derivative|2026-07-16|Basi Ramitpal K|A|Employee Stock Option (right to buy)|21548|0|D,2026-07-23 03:38:23+0000,INCY,INCYTE CORP,0000879169,4,2026-07-20,2026-07-16,0002083591-26-000005,https://www.sec.gov/Archives/edgar/data/879169/000208359126000005/wk-form4_1784578131.xml,derivative,2026-07-16,A,Employee Stock Option (right to buy),21548,0,0.0,21548,D,Basi Ramitpal K,"Officer, EVP, Human Resources",0,1,0,"EVP, Human Resources",SEC EDGAR
ICE|0001193125-26-308983|nonDerivative|2026-07-16|Martin Lynn C|M|Common Stock|15882|57.31|D,2026-07-23 03:38:23+0000,ICE,"Intercontinental Exchange, Inc.",0001571949,4,2026-07-20,2026-07-16,0001193125-26-308983,https://www.sec.gov/Archives/edgar/data/1571949/000119312526308983/ownership.xml,nonDerivative,2026-07-16,M,Common Stock,15882,57.31,910197.42,70302,D,Martin Lynn C,"President, NYSE Group",false,true,false,"President, NYSE Group",SEC EDGAR
ICE|0001193125-26-308983|nonDerivative|2026-07-16|Martin Lynn C|S|Common Stock|3000|139.7455|D,2026-07-23 03:38:23+0000,ICE,"Intercontinental Exchange, Inc.",0001571949,4,2026-07-20,2026-07-16,0001193125-26-308983,https://www.sec.gov/Archives/edgar/data/1571949/000119312526308983/ownership.xml,nonDerivative,2026-07-16,S,Common Stock,3000,139.7455,419236.5,67302,D,Martin Lynn C,"President, NYSE Group",false,true,false,"President, NYSE Group",SEC EDGAR
ICE|0001193125-26-308983|nonDerivative|2026-07-16|Martin Lynn C|S|Common Stock|3200|140.9036|D,2026-07-23 03:38:23+0000,ICE,"Intercontinental Exchange, Inc.",0001571949,4,2026-07-20,2026-07-16,0001193125-26-308983,https://www.sec.gov/Archives/edgar/data/1571949/000119312526308983/ownership.xml,nonDerivative,2026-07-16,S,Common Stock,3200,140.9036,450891.52,64102,D,Martin Lynn C,"President, NYSE Group",false,true,false,"President, NYSE Group",SEC EDGAR
ICE|0001193125-26-308983|nonDerivative|2026-07-16|Martin Lynn C|S|Common Stock|9482|141.65|D,2026-07-23 03:38:23+0000,ICE,"Intercontinental Exchange, Inc.",0001571949,4,2026-07-20,2026-07-16,0001193125-26-308983,https://www.sec.gov/Archives/edgar/data/1571949/000119312526308983/ownership.xml,nonDerivative,2026-07-16,S,Common Stock,9482,141.65,1343125.3,54620,D,Martin Lynn C,"President, NYSE Group",false,true,false,"President, NYSE Group",SEC EDGAR
ICE|0001193125-26-308983|nonDerivative|2026-07-16|Martin Lynn C|S|Common Stock|200|142.3002|D,2026-07-23 03:38:23+0000,ICE,"Intercontinental Exchange, Inc.",0001571949,4,2026-07-20,2026-07-16,0001193125-26-308983,https://www.sec.gov/Archives/edgar/data/1571949/000119312526308983/ownership.xml,nonDerivative,2026-07-16,S,Common Stock,200,142.3002,28460.039999999997,54420,D,Martin Lynn C,"President, NYSE Group",false,true,false,"President, NYSE Group",SEC EDGAR
ICE|0001193125-26-308983|derivative|2026-07-16|Martin Lynn C|M|Employee Stock Option (right to buy) Holding|15882|0|D,2026-07-23 03:38:23+0000,ICE,"Intercontinental Exchange, Inc.",0001571949,4,2026-07-20,2026-07-16,0001193125-26-308983,https://www.sec.gov/Archives/edgar/data/1571949/000119312526308983/ownership.xml,derivative,2026-07-16,M,Employee Stock Option (right to buy) Holding,15882,0,0.0,0,D,Martin Lynn C,"President, NYSE Group",false,true,false,"President, NYSE Group",SEC EDGAR
"HSY|0000950142-26-002130|nonDerivative|2026-07-16|HERSHEY TRUST CO TRUSTEE IN TRUST FOR MILTON HERSHEY SCHOOL|S|Common Stock, $1.00 par value|633|171.5830|D",2026-07-23 03:38:23+0000,HSY,HERSHEY CO,0000047111,4,2026-07-20,2026-07-16,0000950142-26-002130,https://www.sec.gov/Archives/edgar/data/47111/000095014226002130/es260808162_4-hsy.xml,nonDerivative,2026-07-16,S,"Common Stock, $1.00 par value",633,171.5830,108612.039,1225486,D,HERSHEY TRUST CO TRUSTEE IN TRUST FOR MILTON HERSHEY SCHOOL,10% Owner,0,0,1,,SEC EDGAR
"HSY|0000950142-26-002130|nonDerivative|2026-07-16|HERSHEY TRUST CO TRUSTEE IN TRUST FOR MILTON HERSHEY SCHOOL|S|Common Stock, $1.00 par value|969|172.4443|D",2026-07-23 03:38:23+0000,HSY,HERSHEY CO,0000047111,4,2026-07-20,2026-07-16,0000950142-26-002130,https://www.sec.gov/Archives/edgar/data/47111/000095014226002130/es260808162_4-hsy.xml,nonDerivative,2026-07-16,S,"Common Stock, $1.00 par value",969,172.4443,167098.5267,1224517,D,HERSHEY TRUST CO TRUSTEE IN TRUST FOR MILTON HERSHEY SCHOOL,10% Owner,0,0,1,,SEC EDGAR
"HSY|0000950142-26-002130|nonDerivative|2026-07-16|HERSHEY TRUST CO TRUSTEE IN TRUST FOR MILTON HERSHEY SCHOOL|S|Common Stock, $1.00 par value|1825|173.4711|D",2026-07-23 03:38:23+0000,HSY,HERSHEY CO,0000047111,4,2026-07-20,2026-07-16,0000950142-26-002130,https://www.sec.gov/Archives/edgar/data/47111/000095014226002130/es260808162_4-hsy.xml,nonDerivative,2026-07-16,S,"Common Stock, $1.00 par value",1825,173.4711,316584.7575,1222692,D,HERSHEY TRUST CO TRUSTEE IN TRUST FOR MILTON HERSHEY SCHOOL,10% Owner,0,0,1,,SEC EDGAR
"HSY|0000950142-26-002130|nonDerivative|2026-07-16|HERSHEY TRUST CO TRUSTEE IN TRUST FOR MILTON HERSHEY SCHOOL|S|Common Stock, $1.00 par value|5428|174.6114|D",2026-07-23 03:38:23+0000,HSY,HERSHEY CO,0000047111,4,2026-07-20,2026-07-16,0000950142-26-002130,https://www.sec.gov/Archives/edgar/data/47111/000095014226002130/es260808162_4-hsy.xml,nonDerivative,2026-07-16,S,"Common Stock, $1.00 par value",5428,174.6114,947790.6792,1217264,D,HERSHEY TRUST CO TRUSTEE IN TRUST FOR MILTON HERSHEY SCHOOL,10% Owner,0,0,1,,SEC EDGAR
"HSY|0000950142-26-002130|nonDerivative|2026-07-16|HERSHEY TRUST CO TRUSTEE IN TRUST FOR MILTON HERSHEY SCHOOL|S|Common Stock, $1.00 par value|979|175.4703|D",2026-07-23 03:38:23+0000,HSY,HERSHEY CO,0000047111,4,2026-07-20,2026-07-16,0000950142-26-002130,https://www.sec.gov/Archives/edgar/data/47111/000095014226002130/es260808162_4-hsy.xml,nonDerivative,2026-07-16,S,"Common Stock, $1.00 par value",979,175.4703,171785.4237,1216285,D,HERSHEY TRUST CO TRUSTEE IN TRUST FOR MILTON HERSHEY SCHOOL,10% Owner,0,0,1,,SEC EDGAR
"HSY|0000950142-26-002130|nonDerivative|2026-07-16|HERSHEY TRUST CO TRUSTEE IN TRUST FOR MILTON HERSHEY SCHOOL|S|Common Stock, $1.00 par value|166|176.1923|D",2026-07-23 03:38:23+0000,HSY,HERSHEY CO,0000047111,4,2026-07-20,2026-07-16,0000950142-26-002130,https://www.sec.gov/Archives/edgar/data/47111/000095014226002130/es260808162_4-hsy.xml,nonDerivative,2026-07-16,S,"Common Stock, $1.00 par value",166,176.1923,29247.921799999996,1216119,D,HERSHEY TRUST CO TRUSTEE IN TRUST FOR MILTON HERSHEY SCHOOL,10% Owner,0,0,1,,SEC EDGAR
"HSY|0000950142-26-002130|nonDerivative|2026-07-17|HERSHEY TRUST CO TRUSTEE IN TRUST FOR MILTON HERSHEY SCHOOL|S|Common Stock, $1.00 par value|181|170.9379|D",2026-07-23 03:38:23+0000,HSY,HERSHEY CO,0000047111,4,2026-07-20,2026-07-16,0000950142-26-002130,https://www.sec.gov/Archives/edgar/data/47111/000095014226002130/es260808162_4-hsy.xml,nonDerivative,2026-07-17,S,"Common Stock, $1.00 par value",181,170.9379,30939.7599,1215938,D,HERSHEY TRUST CO TRUSTEE IN TRUST FOR MILTON HERSHEY SCHOOL,10% Owner,0,0,1,,SEC EDGAR
"HSY|0000950142-26-002130|nonDerivative|2026-07-17|HERSHEY TRUST CO TRUSTEE IN TRUST FOR MILTON HERSHEY SCHOOL|S|Common Stock, $1.00 par value|6807|171.3885|D",2026-07-23 03:38:23+0000,HSY,HERSHEY CO,0000047111,4,2026-07-20,2026-07-16,0000950142-26-002130,https://www.sec.gov/Archives/edgar/data/47111/000095014226002130/es260808162_4-hsy.xml,nonDerivative,2026-07-17,S,"Common Stock, $1.00 par value",6807,171.3885,1166641.5195,1209131,D,HERSHEY TRUST CO TRUSTEE IN TRUST FOR MILTON HERSHEY SCHOOL,10% Owner,0,0,1,,SEC EDGAR
"HSY|0000950142-26-002130|nonDerivative|2026-07-17|HERSHEY TRUST CO TRUSTEE IN TRUST FOR MILTON HERSHEY SCHOOL|S|Common Stock, $1.00 par value|667|172.5457|D",2026-07-23 03:38:23+0000,HSY,HERSHEY CO,0000047111,4,2026-07-20,2026-07-16,0000950142-26-002130,https://www.sec.gov/Archives/edgar/data/47111/000095014226002130/es260808162_4-hsy.xml,nonDerivative,2026-07-17,S,"Common Stock, $1.00 par value",667,172.5457,115087.98190000001,1208464,D,HERSHEY TRUST CO TRUSTEE IN TRUST FOR MILTON HERSHEY SCHOOL,10% Owner,0,0,1,,SEC EDGAR
"HSY|0000950142-26-002130|nonDerivative|2026-07-17|HERSHEY TRUST CO TRUSTEE IN TRUST FOR MILTON HERSHEY SCHOOL|S|Common Stock, $1.00 par value|53|173.4077|D",2026-07-23 03:38:23+0000,HSY,HERSHEY CO,0000047111,4,2026-07-20,2026-07-16,0000950142-26-002130,https://www.sec.gov/Archives/edgar/data/47111/000095014226002130/es260808162_4-hsy.xml,nonDerivative,2026-07-17,S,"Common Stock, $1.00 par value",53,173.4077,9190.6081,1208411,D,HERSHEY TRUST CO TRUSTEE IN TRUST FOR MILTON HERSHEY SCHOOL,10% Owner,0,0,1,,SEC EDGAR
"HSY|0000950142-26-002130|nonDerivative|2026-07-17|HERSHEY TRUST CO TRUSTEE IN TRUST FOR MILTON HERSHEY SCHOOL|S|Common Stock, $1.00 par value|1514|174.3531|D",2026-07-23 03:38:23+0000,HSY,HERSHEY CO,0000047111,4,2026-07-20,2026-07-16,0000950142-26-002130,https://www.sec.gov/Archives/edgar/data/47111/000095014226002130/es260808162_4-hsy.xml,nonDerivative,2026-07-17,S,"Common Stock, $1.00 par value",1514,174.3531,263970.5934,1206897,D,HERSHEY TRUST CO TRUSTEE IN TRUST FOR MILTON HERSHEY SCHOOL,10% Owner,0,0,1,,SEC EDGAR
"HSY|0000950142-26-002130|nonDerivative|2026-07-17|HERSHEY TRUST CO TRUSTEE IN TRUST FOR MILTON HERSHEY SCHOOL|S|Common Stock, $1.00 par value|36|175.5250|D",2026-07-23 03:38:23+0000,HSY,HERSHEY CO,0000047111,4,2026-07-20,2026-07-16,0000950142-26-002130,https://www.sec.gov/Archives/edgar/data/47111/000095014226002130/es260808162_4-hsy.xml,nonDerivative,2026-07-17,S,"Common Stock, $1.00 par value",36,175.5250,6318.900000000001,1206861,D,HERSHEY TRUST CO TRUSTEE IN TRUST FOR MILTON HERSHEY SCHOOL,10% Owner,0,0,1,,SEC EDGAR
"HSY|0000950142-26-002130|nonDerivative|2026-07-17|HERSHEY TRUST CO TRUSTEE IN TRUST FOR MILTON HERSHEY SCHOOL|S|Common Stock, $1.00 par value|341|176.4161|D",2026-07-23 03:38:23+0000,HSY,HERSHEY CO,0000047111,4,2026-07-20,2026-07-16,0000950142-26-002130,https://www.sec.gov/Archives/edgar/data/47111/000095014226002130/es260808162_4-hsy.xml,nonDerivative,2026-07-17,S,"Common Stock, $1.00 par value",341,176.4161,60157.8901,1206520,D,HERSHEY TRUST CO TRUSTEE IN TRUST FOR MILTON HERSHEY SCHOOL,10% Owner,0,0,1,,SEC EDGAR
"HSY|0000950142-26-002130|nonDerivative|2026-07-17|HERSHEY TRUST CO TRUSTEE IN TRUST FOR MILTON HERSHEY SCHOOL|S|Common Stock, $1.00 par value|401|177.2355|D",2026-07-23 03:38:23+0000,HSY,HERSHEY CO,0000047111,4,2026-07-20,2026-07-16,0000950142-26-002130,https://www.sec.gov/Archives/edgar/data/47111/000095014226002130/es260808162_4-hsy.xml,nonDerivative,2026-07-17,S,"Common Stock, $1.00 par value",401,177.2355,71071.4355,1206119,D,HERSHEY TRUST CO TRUSTEE IN TRUST FOR MILTON HERSHEY SCHOOL,10% Owner,0,0,1,,SEC EDGAR
"HOOD|0001783879-26-000097|nonDerivative|2026-07-16|Robinhood Markets, Inc.|S|Common Shares of Beneficial Interest|6597|26.19|D",2026-07-23 03:38:23+0000,HOOD,"Robinhood Markets, Inc.",0001783879,4,2026-07-20,2026-07-16,0001783879-26-000097,https://www.sec.gov/Archives/edgar/data/1783879/000178387926000097/wk-form4_1784580144.xml,nonDerivative,2026-07-16,S,Common Shares of Beneficial Interest,6597,26.19,172775.43000000002,13258944,D,"Robinhood Markets, Inc.",10% Owner,0,0,1,,SEC EDGAR
"HOOD|0001783879-26-000097|nonDerivative|2026-07-16|Robinhood Markets, Inc.|S|Common Shares of Beneficial Interest|478|26.96|D",2026-07-23 03:38:23+0000,HOOD,"Robinhood Markets, Inc.",0001783879,4,2026-07-20,2026-07-16,0001783879-26-000097,https://www.sec.gov/Archives/edgar/data/1783879/000178387926000097/wk-form4_1784580144.xml,nonDerivative,2026-07-16,S,Common Shares of Beneficial Interest,478,26.96,12886.880000000001,13258466,D,"Robinhood Markets, Inc.",10% Owner,0,0,1,,SEC EDGAR
"HOOD|0001783879-26-000097|nonDerivative|2026-07-17|Robinhood Markets, Inc.|S|Common Shares of Beneficial Interest|13461|25.45|D",2026-07-23 03:38:23+0000,HOOD,"Robinhood Markets, Inc.",0001783879,4,2026-07-20,2026-07-16,0001783879-26-000097,https://www.sec.gov/Archives/edgar/data/1783879/000178387926000097/wk-form4_1784580144.xml,nonDerivative,2026-07-17,S,Common Shares of Beneficial Interest,13461,25.45,342582.45,13245005,D,"Robinhood Markets, Inc.",10% Owner,0,0,1,,SEC EDGAR
"HOOD|0001783879-26-000097|nonDerivative|2026-07-17|Robinhood Markets, Inc.|S|Common Shares of Beneficial Interest|10505|26.42|D",2026-07-23 03:38:23+0000,HOOD,"Robinhood Markets, Inc.",0001783879,4,2026-07-20,2026-07-16,0001783879-26-000097,https://www.sec.gov/Archives/edgar/data/1783879/000178387926000097/wk-form4_1784580144.xml,nonDerivative,2026-07-17,S,Common Shares of Beneficial Interest,10505,26.42,277542.10000000003,13234500,D,"Robinhood Markets, Inc.",10% Owner,0,0,1,,SEC EDGAR
"HOOD|0001783879-26-000097|nonDerivative|2026-07-17|Robinhood Markets, Inc.|S|Common Shares of Beneficial Interest|2248|27.32|D",2026-07-23 03:38:23+0000,HOOD,"Robinhood Markets, Inc.",0001783879,4,2026-07-20,2026-07-16,0001783879-26-000097,https://www.sec.gov/Archives/edgar/data/1783879/000178387926000097/wk-form4_1784580144.xml,nonDerivative,2026-07-17,S,Common Shares of Beneficial Interest,2248,27.32,61415.36,13232252,D,"Robinhood Markets, Inc.",10% Owner,0,0,1,,SEC EDGAR
HON|0002004222-26-000006|nonDerivative|2026-07-16|West Kenneth J|M|Common Stock|1030||D,2026-07-23 03:38:23+0000,HON,HONEYWELL INTERNATIONAL INC,0000773840,4,2026-07-20,2026-07-16,0002004222-26-000006,https://www.sec.gov/Archives/edgar/data/773840/000200422226000006/wk-form4_1784584070.xml,nonDerivative,2026-07-16,M,Common Stock,1030,,,2681,D,West Kenneth J,"Officer, Pres/CEO Process Technologies",0,1,0,Pres/CEO Process Technologies,SEC EDGAR
HON|0002004222-26-000006|nonDerivative|2026-07-16|West Kenneth J|F|Common Stock|549|239.58|D,2026-07-23 03:38:23+0000,HON,HONEYWELL INTERNATIONAL INC,0000773840,4,2026-07-20,2026-07-16,0002004222-26-000006,https://www.sec.gov/Archives/edgar/data/773840/000200422226000006/wk-form4_1784584070.xml,nonDerivative,2026-07-16,F,Common Stock,549,239.58,131529.42,2132,D,West Kenneth J,"Officer, Pres/CEO Process Technologies",0,1,0,Pres/CEO Process Technologies,SEC EDGAR
HON|0002004222-26-000006|derivative|2026-07-16|West Kenneth J|M|Restricted Stock Units|1030|0|D,2026-07-23 03:38:23+0000,HON,HONEYWELL INTERNATIONAL INC,0000773840,4,2026-07-20,2026-07-16,0002004222-26-000006,https://www.sec.gov/Archives/edgar/data/773840/000200422226000006/wk-form4_1784584070.xml,derivative,2026-07-16,M,Restricted Stock Units,1030,0,0.0,0,D,West Kenneth J,"Officer, Pres/CEO Process Technologies",0,1,0,Pres/CEO Process Technologies,SEC EDGAR
HON|0002056381-26-000004|nonDerivative|2026-07-16|Stepniak Michal|M|Common Stock|2575||D,2026-07-23 03:38:23+0000,HON,HONEYWELL INTERNATIONAL INC,0000773840,4,2026-07-20,2026-07-16,0002056381-26-000004,https://www.sec.gov/Archives/edgar/data/773840/000205638126000004/wk-form4_1784583903.xml,nonDerivative,2026-07-16,M,Common Stock,2575,,,3488,D,Stepniak Michal,"Officer, SrVP & Chief Financial Officer",0,1,0,SrVP & Chief Financial Officer,SEC EDGAR
HON|0002056381-26-000004|nonDerivative|2026-07-16|Stepniak Michal|F|Common Stock|1124|239.58|D,2026-07-23 03:38:23+0000,HON,HONEYWELL INTERNATIONAL INC,0000773840,4,2026-07-20,2026-07-16,0002056381-26-000004,https://www.sec.gov/Archives/edgar/data/773840/000205638126000004/wk-form4_1784583903.xml,nonDerivative,2026-07-16,F,Common Stock,1124,239.58,269287.92000000004,2364,D,Stepniak Michal,"Officer, SrVP & Chief Financial Officer",0,1,0,SrVP & Chief Financial Officer,SEC EDGAR
HON|0002056381-26-000004|derivative|2026-07-16|Stepniak Michal|M|Restricted Stock Units|2575|0|D,2026-07-23 03:38:23+0000,HON,HONEYWELL INTERNATIONAL INC,0000773840,4,2026-07-20,2026-07-16,0002056381-26-000004,https://www.sec.gov/Archives/edgar/data/773840/000205638126000004/wk-form4_1784583903.xml,derivative,2026-07-16,M,Restricted Stock Units,2575,0,0.0,0,D,Stepniak Michal,"Officer, SrVP & Chief Financial Officer",0,1,0,SrVP & Chief Financial Officer,SEC EDGAR
HON|0002077291-26-000002|nonDerivative|2026-07-16|Masso James|M|Common Stock|1879||D,2026-07-23 03:38:23+0000,HON,HONEYWELL INTERNATIONAL INC,0000773840,4,2026-07-20,2026-07-16,0002077291-26-000002,https://www.sec.gov/Archives/edgar/data/773840/000207729126000002/wk-form4_1784583519.xml,nonDerivative,2026-07-16,M,Common Stock,1879,,,1879,D,Masso James,"Officer, Pres/CEO, Process Automation",0,1,0,"Pres/CEO, Process Automation",SEC EDGAR
HON|0002077291-26-000002|nonDerivative|2026-07-16|Masso James|F|Common Stock|620|224|D,2026-07-23 03:38:23+0000,HON,HONEYWELL INTERNATIONAL INC,0000773840,4,2026-07-20,2026-07-16,0002077291-26-000002,https://www.sec.gov/Archives/edgar/data/773840/000207729126000002/wk-form4_1784583519.xml,nonDerivative,2026-07-16,F,Common Stock,620,224,138880.0,1259,D,Masso James,"Officer, Pres/CEO, Process Automation",0,1,0,"Pres/CEO, Process Automation",SEC EDGAR
HON|0002077291-26-000002|derivative|2026-07-16|Masso James|M|Restricted Stock Units|1879|0|D,2026-07-23 03:38:23+0000,HON,HONEYWELL INTERNATIONAL INC,0000773840,4,2026-07-20,2026-07-16,0002077291-26-000002,https://www.sec.gov/Archives/edgar/data/773840/000207729126000002/wk-form4_1784583519.xml,derivative,2026-07-16,M,Restricted Stock Units,1879,0,0.0,3733,D,Masso James,"Officer, Pres/CEO, Process Automation",0,1,0,"Pres/CEO, Process Automation",SEC EDGAR
HON|0001748614-26-000007|nonDerivative|2026-07-16|Lu Su Ping|M|Common Stock|1958||D,2026-07-23 03:38:23+0000,HON,HONEYWELL INTERNATIONAL INC,0000773840,4,2026-07-20,2026-07-16,0001748614-26-000007,https://www.sec.gov/Archives/edgar/data/773840/000174861426000007/wk-form4_1784583714.xml,nonDerivative,2026-07-16,M,Common Stock,1958,,,5914,D,Lu Su Ping,"Officer, SrVP, General Counsel, CorpSec",0,1,0,"SrVP, General Counsel, CorpSec",SEC EDGAR
HON|0001748614-26-000007|nonDerivative|2026-07-16|Lu Su Ping|F|Common Stock|854|239.58|D,2026-07-23 03:38:23+0000,HON,HONEYWELL INTERNATIONAL INC,0000773840,4,2026-07-20,2026-07-16,0001748614-26-000007,https://www.sec.gov/Archives/edgar/data/773840/000174861426000007/wk-form4_1784583714.xml,nonDerivative,2026-07-16,F,Common Stock,854,239.58,204601.32,5060,D,Lu Su Ping,"Officer, SrVP, General Counsel, CorpSec",0,1,0,"SrVP, General Counsel, CorpSec",SEC EDGAR
HON|0001748614-26-000007|derivative|2026-07-16|Lu Su Ping|M|Restricted Stock Units|1958|0|D,2026-07-23 03:38:23+0000,HON,HONEYWELL INTERNATIONAL INC,0000773840,4,2026-07-20,2026-07-16,0001748614-26-000007,https://www.sec.gov/Archives/edgar/data/773840/000174861426000007/wk-form4_1784583714.xml,derivative,2026-07-16,M,Restricted Stock Units,1958,0,0.0,0,D,Lu Su Ping,"Officer, SrVP, General Counsel, CorpSec",0,1,0,"SrVP, General Counsel, CorpSec",SEC EDGAR
HON|0001742938-26-000007|nonDerivative|2026-07-16|Kapur Vimal|M|Common Stock|3090||D,2026-07-23 03:38:23+0000,HON,HONEYWELL INTERNATIONAL INC,0000773840,4,2026-07-20,2026-07-16,0001742938-26-000007,https://www.sec.gov/Archives/edgar/data/773840/000174293826000007/wk-form4_1784584340.xml,nonDerivative,2026-07-16,M,Common Stock,3090,,,3380,D,Kapur Vimal,"Director, Officer, Chief Executive Officer",1,1,0,Chief Executive Officer,SEC EDGAR
HON|0001742938-26-000007|nonDerivative|2026-07-16|Kapur Vimal|F|Common Stock|1343|239.58|D,2026-07-23 03:38:23+0000,HON,HONEYWELL INTERNATIONAL INC,0000773840,4,2026-07-20,2026-07-16,0001742938-26-000007,https://www.sec.gov/Archives/edgar/data/773840/000174293826000007/wk-form4_1784584340.xml,nonDerivative,2026-07-16,F,Common Stock,1343,239.58,321755.94,2037,D,Kapur Vimal,"Director, Officer, Chief Executive Officer",1,1,0,Chief Executive Officer,SEC EDGAR
HON|0001742938-26-000007|derivative|2026-07-16|Kapur Vimal|M|Restricted Stock Units|3090|0|D,2026-07-23 03:38:23+0000,HON,HONEYWELL INTERNATIONAL INC,0000773840,4,2026-07-20,2026-07-16,0001742938-26-000007,https://www.sec.gov/Archives/edgar/data/773840/000174293826000007/wk-form4_1784584340.xml,derivative,2026-07-16,M,Restricted Stock Units,3090,0,0.0,0,D,Kapur Vimal,"Director, Officer, Chief Executive Officer",1,1,0,Chief Executive Officer,SEC EDGAR
HON|0001973103-26-000007|nonDerivative|2026-07-16|Hammoud Billal|M|Common Stock|1030||D,2026-07-23 03:38:23+0000,HON,HONEYWELL INTERNATIONAL INC,0000773840,4,2026-07-20,2026-07-16,0001973103-26-000007,https://www.sec.gov/Archives/edgar/data/773840/000197310326000007/wk-form4_1784584177.xml,nonDerivative,2026-07-16,M,Common Stock,1030,,,3848,D,Hammoud Billal,"Officer, Pres/CEO Building Automation",0,1,0,Pres/CEO Building Automation,SEC EDGAR
HON|0001973103-26-000007|nonDerivative|2026-07-16|Hammoud Billal|F|Common Stock|465|239.58|D,2026-07-23 03:38:23+0000,HON,HONEYWELL INTERNATIONAL INC,0000773840,4,2026-07-20,2026-07-16,0001973103-26-000007,https://www.sec.gov/Archives/edgar/data/773840/000197310326000007/wk-form4_1784584177.xml,nonDerivative,2026-07-16,F,Common Stock,465,239.58,111404.70000000001,3383,D,Hammoud Billal,"Officer, Pres/CEO Building Automation",0,1,0,Pres/CEO Building Automation,SEC EDGAR
HON|0001973103-26-000007|derivative|2026-07-16|Hammoud Billal|M|Restricted Stock Units|1030|0|D,2026-07-23 03:38:23+0000,HON,HONEYWELL INTERNATIONAL INC,0000773840,4,2026-07-20,2026-07-16,0001973103-26-000007,https://www.sec.gov/Archives/edgar/data/773840/000197310326000007/wk-form4_1784584177.xml,derivative,2026-07-16,M,Restricted Stock Units,1030,0,0.0,0,D,Hammoud Billal,"Officer, Pres/CEO Building Automation",0,1,0,Pres/CEO Building Automation,SEC EDGAR
"DPZ|0001804695-26-000010|nonDerivative|2026-07-16|JORDAN JOSEPH HUGH|M|Common Stock, $0.01 par value|2350|136.89|D",2026-07-23 03:38:23+0000,DPZ,DOMINOS PIZZA INC,0001286681,4,2026-07-20,2026-07-16,0001804695-26-000010,https://www.sec.gov/Archives/edgar/data/1286681/000180469526000010/ownership.xml,nonDerivative,2026-07-16,M,"Common Stock, $0.01 par value",2350,136.89,321691.49999999994,13255.268,D,JORDAN JOSEPH HUGH,COO and President-Domino's US,false,true,false,COO and President-Domino's US,SEC EDGAR
"DPZ|0001804695-26-000010|nonDerivative|2026-07-16|JORDAN JOSEPH HUGH|S|Common Stock, $0.01 par value|2350|311.29|D",2026-07-23 03:38:23+0000,DPZ,DOMINOS PIZZA INC,0001286681,4,2026-07-20,2026-07-16,0001804695-26-000010,https://www.sec.gov/Archives/edgar/data/1286681/000180469526000010/ownership.xml,nonDerivative,2026-07-16,S,"Common Stock, $0.01 par value",2350,311.29,731531.5,10905.268,D,JORDAN JOSEPH HUGH,COO and President-Domino's US,false,true,false,COO and President-Domino's US,SEC EDGAR
"DPZ|0001804695-26-000010|nonDerivative|2026-07-16|JORDAN JOSEPH HUGH|M|Common Stock, $0.01 par value|3100|136.89|D",2026-07-23 03:38:23+0000,DPZ,DOMINOS PIZZA INC,0001286681,4,2026-07-20,2026-07-16,0001804695-26-000010,https://www.sec.gov/Archives/edgar/data/1286681/000180469526000010/ownership.xml,nonDerivative,2026-07-16,M,"Common Stock, $0.01 par value",3100,136.89,424358.99999999994,14005.268,D,JORDAN JOSEPH HUGH,COO and President-Domino's US,false,true,false,COO and President-Domino's US,SEC EDGAR
"DPZ|0001804695-26-000010|nonDerivative|2026-07-16|JORDAN JOSEPH HUGH|S|Common Stock, $0.01 par value|3100|311.29|D",2026-07-23 03:38:23+0000,DPZ,DOMINOS PIZZA INC,0001286681,4,2026-07-20,2026-07-16,0001804695-26-000010,https://www.sec.gov/Archives/edgar/data/1286681/000180469526000010/ownership.xml,nonDerivative,2026-07-16,S,"Common Stock, $0.01 par value",3100,311.29,964999.0000000001,10905.268,D,JORDAN JOSEPH HUGH,COO and President-Domino's US,false,true,false,COO and President-Domino's US,SEC EDGAR
DPZ|0001804695-26-000010|derivative|2026-07-16|JORDAN JOSEPH HUGH|M|Option to Purchase Common Stock|3100|0|D,2026-07-23 03:38:23+0000,DPZ,DOMINOS PIZZA INC,0001286681,4,2026-07-20,2026-07-16,0001804695-26-000010,https://www.sec.gov/Archives/edgar/data/1286681/000180469526000010/ownership.xml,derivative,2026-07-16,M,Option to Purchase Common Stock,3100,0,0.0,0,D,JORDAN JOSEPH HUGH,COO and President-Domino's US,false,true,false,COO and President-Domino's US,SEC EDGAR
DPZ|0001804695-26-000010|derivative|2026-07-16|JORDAN JOSEPH HUGH|M|Option to Purchase Common Stock|2350|0|D,2026-07-23 03:38:23+0000,DPZ,DOMINOS PIZZA INC,0001286681,4,2026-07-20,2026-07-16,0001804695-26-000010,https://www.sec.gov/Archives/edgar/data/1286681/000180469526000010/ownership.xml,derivative,2026-07-16,M,Option to Purchase Common Stock,2350,0,0.0,0,D,JORDAN JOSEPH HUGH,COO and President-Domino's US,false,true,false,COO and President-Domino's US,SEC EDGAR
DIS|0001628280-26-048869|nonDerivative|2026-07-17|WOODFORD BRENT|M|Disney Common Stock|1162||D,2026-07-23 03:38:23+0000,DIS,Walt Disney Co,0001744489,4,2026-07-20,2026-07-17,0001628280-26-048869,https://www.sec.gov/Archives/edgar/data/1744489/000162828026048869/wk-form4_1784584973.xml,nonDerivative,2026-07-17,M,Disney Common Stock,1162,,,62685,D,WOODFORD BRENT,"Officer, EVP, Control, Fin Plan & Tax",0,1,0,"EVP, Control, Fin Plan & Tax",SEC EDGAR
DIS|0001628280-26-048869|nonDerivative|2026-07-17|WOODFORD BRENT|F|Disney Common Stock|362|98.42|D,2026-07-23 03:38:23+0000,DIS,Walt Disney Co,0001744489,4,2026-07-20,2026-07-17,0001628280-26-048869,https://www.sec.gov/Archives/edgar/data/1744489/000162828026048869/wk-form4_1784584973.xml,nonDerivative,2026-07-17,F,Disney Common Stock,362,98.42,35628.04,62323,D,WOODFORD BRENT,"Officer, EVP, Control, Fin Plan & Tax",0,1,0,"EVP, Control, Fin Plan & Tax",SEC EDGAR
DIS|0001628280-26-048869|derivative|2026-07-17|WOODFORD BRENT|M|Restricted Stock Unit|1162|0|D,2026-07-23 03:38:23+0000,DIS,Walt Disney Co,0001744489,4,2026-07-20,2026-07-17,0001628280-26-048869,https://www.sec.gov/Archives/edgar/data/1744489/000162828026048869/wk-form4_1784584973.xml,derivative,2026-07-17,M,Restricted Stock Unit,1162,0,0.0,0,D,WOODFORD BRENT,"Officer, EVP, Control, Fin Plan & Tax",0,1,0,"EVP, Control, Fin Plan & Tax",SEC EDGAR
DIS|0001628280-26-048868|nonDerivative|2026-07-17|Roeder Paul M|M|Disney Common Stock|955||D,2026-07-23 03:38:23+0000,DIS,Walt Disney Co,0001744489,4,2026-07-20,2026-07-17,0001628280-26-048868,https://www.sec.gov/Archives/edgar/data/1744489/000162828026048868/wk-form4_1784584968.xml,nonDerivative,2026-07-17,M,Disney Common Stock,955,,,3936,D,Roeder Paul M,"Officer, Sr EVP and Chief Comm Officer",0,1,0,Sr EVP and Chief Comm Officer,SEC EDGAR
DIS|0001628280-26-048868|nonDerivative|2026-07-17|Roeder Paul M|F|Disney Common Stock|343|98.42|D,2026-07-23 03:38:23+0000,DIS,Walt Disney Co,0001744489,4,2026-07-20,2026-07-17,0001628280-26-048868,https://www.sec.gov/Archives/edgar/data/1744489/000162828026048868/wk-form4_1784584968.xml,nonDerivative,2026-07-17,F,Disney Common Stock,343,98.42,33758.06,3593,D,Roeder Paul M,"Officer, Sr EVP and Chief Comm Officer",0,1,0,Sr EVP and Chief Comm Officer,SEC EDGAR
DIS|0001628280-26-048868|derivative|2026-07-17|Roeder Paul M|M|Restricted Stock Unit|955|0|D,2026-07-23 03:38:23+0000,DIS,Walt Disney Co,0001744489,4,2026-07-20,2026-07-17,0001628280-26-048868,https://www.sec.gov/Archives/edgar/data/1744489/000162828026048868/wk-form4_1784584968.xml,derivative,2026-07-17,M,Restricted Stock Unit,955,0,0.0,0,D,Roeder Paul M,"Officer, Sr EVP and Chief Comm Officer",0,1,0,Sr EVP and Chief Comm Officer,SEC EDGAR
DIS|0001628280-26-048866|nonDerivative|2026-07-17|Coleman Sonia L|M|Disney Common Stock|1181||D,2026-07-23 03:38:23+0000,DIS,Walt Disney Co,0001744489,4,2026-07-20,2026-07-17,0001628280-26-048866,https://www.sec.gov/Archives/edgar/data/1744489/000162828026048866/wk-form4_1784584962.xml,nonDerivative,2026-07-17,M,Disney Common Stock,1181,,,4316,D,Coleman Sonia L,"Officer, Sr. EVP & Chief People Officer",0,1,0,Sr. EVP & Chief People Officer,SEC EDGAR
DIS|0001628280-26-048866|nonDerivative|2026-07-17|Coleman Sonia L|F|Disney Common Stock|559|98.42|D,2026-07-23 03:38:23+0000,DIS,Walt Disney Co,0001744489,4,2026-07-20,2026-07-17,0001628280-26-048866,https://www.sec.gov/Archives/edgar/data/1744489/000162828026048866/wk-form4_1784584962.xml,nonDerivative,2026-07-17,F,Disney Common Stock,559,98.42,55016.78,3757,D,Coleman Sonia L,"Officer, Sr. EVP & Chief People Officer",0,1,0,Sr. EVP & Chief People Officer,SEC EDGAR
DIS|0001628280-26-048866|derivative|2026-07-17|Coleman Sonia L|M|Restricted Stock Unit|1181|0|D,2026-07-23 03:38:23+0000,DIS,Walt Disney Co,0001744489,4,2026-07-20,2026-07-17,0001628280-26-048866,https://www.sec.gov/Archives/edgar/data/1744489/000162828026048866/wk-form4_1784584962.xml,derivative,2026-07-17,M,Restricted Stock Unit,1181,0,0.0,0,D,Coleman Sonia L,"Officer, Sr. EVP & Chief People Officer",0,1,0,Sr. EVP & Chief People Officer,SEC EDGAR
DDOG|0001561550-26-000246|nonDerivative|2026-07-16|Agarwal Amit|C|Class A Common Stock|20000|0|I,2026-07-23 03:38:23+0000,DDOG,"Datadog, Inc.",0001561550,4,2026-07-20,2026-07-16,0001561550-26-000246,https://www.sec.gov/Archives/edgar/data/1561550/000156155026000246/wk-form4_1784579957.xml,nonDerivative,2026-07-16,C,Class A Common Stock,20000,0,0.0,21640,I,Agarwal Amit,Director,1,0,0,,SEC EDGAR
DDOG|0001561550-26-000246|nonDerivative|2026-07-16|Agarwal Amit|S|Class A Common Stock|100|254.79|I,2026-07-23 03:38:23+0000,DDOG,"Datadog, Inc.",0001561550,4,2026-07-20,2026-07-16,0001561550-26-000246,https://www.sec.gov/Archives/edgar/data/1561550/000156155026000246/wk-form4_1784579957.xml,nonDerivative,2026-07-16,S,Class A Common Stock,100,254.79,25479.0,21540,I,Agarwal Amit,Director,1,0,0,,SEC EDGAR
DDOG|0001561550-26-000246|nonDerivative|2026-07-16|Agarwal Amit|S|Class A Common Stock|300|256.19|I,2026-07-23 03:38:23+0000,DDOG,"Datadog, Inc.",0001561550,4,2026-07-20,2026-07-16,0001561550-26-000246,https://www.sec.gov/Archives/edgar/data/1561550/000156155026000246/wk-form4_1784579957.xml,nonDerivative,2026-07-16,S,Class A Common Stock,300,256.19,76857.0,21240,I,Agarwal Amit,Director,1,0,0,,SEC EDGAR
DDOG|0001561550-26-000246|nonDerivative|2026-07-16|Agarwal Amit|S|Class A Common Stock|460|257.9405|I,2026-07-23 03:38:23+0000,DDOG,"Datadog, Inc.",0001561550,4,2026-07-20,2026-07-16,0001561550-26-000246,https://www.sec.gov/Archives/edgar/data/1561550/000156155026000246/wk-form4_1784579957.xml,nonDerivative,2026-07-16,S,Class A Common Stock,460,257.9405,118652.62999999999,20780,I,Agarwal Amit,Director,1,0,0,,SEC EDGAR
DDOG|0001561550-26-000246|nonDerivative|2026-07-16|Agarwal Amit|S|Class A Common Stock|1040|258.8897|I,2026-07-23 03:38:23+0000,DDOG,"Datadog, Inc.",0001561550,4,2026-07-20,2026-07-16,0001561550-26-000246,https://www.sec.gov/Archives/edgar/data/1561550/000156155026000246/wk-form4_1784579957.xml,nonDerivative,2026-07-16,S,Class A Common Stock,1040,258.8897,269245.288,19740,I,Agarwal Amit,Director,1,0,0,,SEC EDGAR
DDOG|0001561550-26-000246|nonDerivative|2026-07-16|Agarwal Amit|S|Class A Common Stock|1200|259.7863|I,2026-07-23 03:38:23+0000,DDOG,"Datadog, Inc.",0001561550,4,2026-07-20,2026-07-16,0001561550-26-000246,https://www.sec.gov/Archives/edgar/data/1561550/000156155026000246/wk-form4_1784579957.xml,nonDerivative,2026-07-16,S,Class A Common Stock,1200,259.7863,311743.56,18540,I,Agarwal Amit,Director,1,0,0,,SEC EDGAR
DDOG|0001561550-26-000246|nonDerivative|2026-07-16|Agarwal Amit|S|Class A Common Stock|5312|261.122|I,2026-07-23 03:38:23+0000,DDOG,"Datadog, Inc.",0001561550,4,2026-07-20,2026-07-16,0001561550-26-000246,https://www.sec.gov/Archives/edgar/data/1561550/000156155026000246/wk-form4_1784579957.xml,nonDerivative,2026-07-16,S,Class A Common Stock,5312,261.122,1387080.064,13228,I,Agarwal Amit,Director,1,0,0,,SEC EDGAR
DDOG|0001561550-26-000246|nonDerivative|2026-07-16|Agarwal Amit|S|Class A Common Stock|6869|262.0882|I,2026-07-23 03:38:23+0000,DDOG,"Datadog, Inc.",0001561550,4,2026-07-20,2026-07-16,0001561550-26-000246,https://www.sec.gov/Archives/edgar/data/1561550/000156155026000246/wk-form4_1784579957.xml,nonDerivative,2026-07-16,S,Class A Common Stock,6869,262.0882,1800283.8457999998,6359,I,Agarwal Amit,Director,1,0,0,,SEC EDGAR
DDOG|0001561550-26-000246|nonDerivative|2026-07-16|Agarwal Amit|S|Class A Common Stock|4419|262.9527|I,2026-07-23 03:38:23+0000,DDOG,"Datadog, Inc.",0001561550,4,2026-07-20,2026-07-16,0001561550-26-000246,https://www.sec.gov/Archives/edgar/data/1561550/000156155026000246/wk-form4_1784579957.xml,nonDerivative,2026-07-16,S,Class A Common Stock,4419,262.9527,1161987.9812999999,1940,I,Agarwal Amit,Director,1,0,0,,SEC EDGAR
DDOG|0001561550-26-000246|nonDerivative|2026-07-16|Agarwal Amit|S|Class A Common Stock|200|263.97|I,2026-07-23 03:38:23+0000,DDOG,"Datadog, Inc.",0001561550,4,2026-07-20,2026-07-16,0001561550-26-000246,https://www.sec.gov/Archives/edgar/data/1561550/000156155026000246/wk-form4_1784579957.xml,nonDerivative,2026-07-16,S,Class A Common Stock,200,263.97,52794.00000000001,1740,I,Agarwal Amit,Director,1,0,0,,SEC EDGAR
DDOG|0001561550-26-000246|nonDerivative|2026-07-16|Agarwal Amit|S|Class A Common Stock|100|265.53|I,2026-07-23 03:38:23+0000,DDOG,"Datadog, Inc.",0001561550,4,2026-07-20,2026-07-16,0001561550-26-000246,https://www.sec.gov/Archives/edgar/data/1561550/000156155026000246/wk-form4_1784579957.xml,nonDerivative,2026-07-16,S,Class A Common Stock,100,265.53,26552.999999999996,1640,I,Agarwal Amit,Director,1,0,0,,SEC EDGAR
DDOG|0001561550-26-000246|derivative|2026-07-16|Agarwal Amit|C|Class B Common Stock|20000|0|I,2026-07-23 03:38:23+0000,DDOG,"Datadog, Inc.",0001561550,4,2026-07-20,2026-07-16,0001561550-26-000246,https://www.sec.gov/Archives/edgar/data/1561550/000156155026000246/wk-form4_1784579957.xml,derivative,2026-07-16,C,Class B Common Stock,20000,0,0.0,270059,I,Agarwal Amit,Director,1,0,0,,SEC EDGAR
CTAS|0000950103-26-010838|nonDerivative|2026-07-16|Barstad Melanie W.|M|Common Stock|10548|27.10|D,2026-07-23 03:38:23+0000,CTAS,CINTAS CORP,0000723254,4,2026-07-20,2026-07-16,0000950103-26-010838,https://www.sec.gov/Archives/edgar/data/723254/000095010326010838/ownership.xml,nonDerivative,2026-07-16,M,Common Stock,10548,27.10,285850.8,37140,D,Barstad Melanie W.,Director,1,0,0,,SEC EDGAR
CTAS|0000950103-26-010838|nonDerivative|2026-07-16|Barstad Melanie W.|F|Common Stock|1406|203.44|D,2026-07-23 03:38:23+0000,CTAS,CINTAS CORP,0000723254,4,2026-07-20,2026-07-16,0000950103-26-010838,https://www.sec.gov/Archives/edgar/data/723254/000095010326010838/ownership.xml,nonDerivative,2026-07-16,F,Common Stock,1406,203.44,286036.64,35734,D,Barstad Melanie W.,Director,1,0,0,,SEC EDGAR
CTAS|0000950103-26-010838|nonDerivative|2026-07-16|Barstad Melanie W.|S|Common Stock|9142|202.94|D,2026-07-23 03:38:23+0000,CTAS,CINTAS CORP,0000723254,4,2026-07-20,2026-07-16,0000950103-26-010838,https://www.sec.gov/Archives/edgar/data/723254/000095010326010838/ownership.xml,nonDerivative,2026-07-16,S,Common Stock,9142,202.94,1855277.48,26592,D,Barstad Melanie W.,Director,1,0,0,,SEC EDGAR
CTAS|0000950103-26-010838|derivative|2026-07-16|Barstad Melanie W.|M|Stock Option (right to buy)|10548|0|D,2026-07-23 03:38:23+0000,CTAS,CINTAS CORP,0000723254,4,2026-07-20,2026-07-16,0000950103-26-010838,https://www.sec.gov/Archives/edgar/data/723254/000095010326010838/ownership.xml,derivative,2026-07-16,M,Stock Option (right to buy),10548,0,0.0,0,D,Barstad Melanie W.,Director,1,0,0,,SEC EDGAR
CNC|0001071739-26-000146|nonDerivative|2026-07-17|Tyler Lauren M|A|Common Stock|3155|0|D,2026-07-23 03:38:23+0000,CNC,CENTENE CORP,0001071739,4,2026-07-20,2026-07-17,0001071739-26-000146,https://www.sec.gov/Archives/edgar/data/1071739/000107173926000146/wk-form4_1784580356.xml,nonDerivative,2026-07-17,A,Common Stock,3155,0,0.0,3216,D,Tyler Lauren M,Director,1,0,0,,SEC EDGAR
BAC|0000070858-26-000357|nonDerivative|2026-07-17|BANK OF AMERICA CORP /DE/|P|COMMON STOCK|437|6.54|I,2026-07-23 03:38:23+0000,BAC,BANK OF AMERICA CORP /DE/,0000070858,4,2026-07-20,2026-07-16,0000070858-26-000357,https://www.sec.gov/Archives/edgar/data/70858/000007085826000357/primary_doc.xml,nonDerivative,2026-07-17,P,COMMON STOCK,437,6.54,2857.98,437,I,BANK OF AMERICA CORP /DE/,10% Owner,0,0,1,,SEC EDGAR
BAC|0000070858-26-000357|nonDerivative|2026-07-16|BANK OF AMERICA CORP /DE/|S|COMMON STOCK|437|6.5359|I,2026-07-23 03:38:23+0000,BAC,BANK OF AMERICA CORP /DE/,0000070858,4,2026-07-20,2026-07-16,0000070858-26-000357,https://www.sec.gov/Archives/edgar/data/70858/000007085826000357/primary_doc.xml,nonDerivative,2026-07-16,S,COMMON STOCK,437,6.5359,2856.1883,0,I,BANK OF AMERICA CORP /DE/,10% Owner,0,0,1,,SEC EDGAR
"WTW|0001140536-26-000212|nonDerivative|2026-07-15|Qureshi Imran Ahmed|A|Ordinary Shares, nominal value $0.000304635 per share|6.354|0|D",2026-07-23 03:38:23+0000,WTW,WILLIS TOWERS WATSON PLC,0001140536,4,2026-07-17,2026-07-15,0001140536-26-000212,https://www.sec.gov/Archives/edgar/data/1140536/000114053626000212/form4.xml,nonDerivative,2026-07-15,A,"Ordinary Shares, nominal value $0.000304635 per share",6.354,0,0.0,2359.01,D,Qureshi Imran Ahmed,"Officer, Global Head of Geographies",,1,,Global Head of Geographies,SEC EDGAR
WTW|0001140536-26-000212|derivative|2026-07-15|Qureshi Imran Ahmed|A|Restricted Share Unit|10.3745|0|D,2026-07-23 03:38:23+0000,WTW,WILLIS TOWERS WATSON PLC,0001140536,4,2026-07-17,2026-07-15,0001140536-26-000212,https://www.sec.gov/Archives/edgar/data/1140536/000114053626000212/form4.xml,derivative,2026-07-15,A,Restricted Share Unit,10.3745,0,0.0,3143.4147,D,Qureshi Imran Ahmed,"Officer, Global Head of Geographies",,1,,Global Head of Geographies,SEC EDGAR
WTW|0001140536-26-000212|derivative|2026-07-15|Qureshi Imran Ahmed|A|Restricted Share Unit|5.6843|0|D,2026-07-23 03:38:23+0000,WTW,WILLIS TOWERS WATSON PLC,0001140536,4,2026-07-17,2026-07-15,0001140536-26-000212,https://www.sec.gov/Archives/edgar/data/1140536/000114053626000212/form4.xml,derivative,2026-07-15,A,Restricted Share Unit,5.6843,0,0.0,1693.9599,D,Qureshi Imran Ahmed,"Officer, Global Head of Geographies",,1,,Global Head of Geographies,SEC EDGAR
"WTW|0001140536-26-000211|nonDerivative|2026-07-15|Pullum Anne|A|Ordinary Shares, nominal value $0.000304635 per share|6.631|0|D",2026-07-23 03:38:23+0000,WTW,WILLIS TOWERS WATSON PLC,0001140536,4,2026-07-17,2026-07-15,0001140536-26-000211,https://www.sec.gov/Archives/edgar/data/1140536/000114053626000211/form4.xml,nonDerivative,2026-07-15,A,"Ordinary Shares, nominal value $0.000304635 per share",6.631,0,0.0,22448.2439,D,Pullum Anne,"Officer, Co-Head of Corporate Dev.",,1,,Co-Head of Corporate Dev.,SEC EDGAR
WTW|0001140536-26-000211|derivative|2026-07-15|Pullum Anne|A|Restricted Share Unit|8.648|0|D,2026-07-23 03:38:23+0000,WTW,WILLIS TOWERS WATSON PLC,0001140536,4,2026-07-17,2026-07-15,0001140536-26-000211,https://www.sec.gov/Archives/edgar/data/1140536/000114053626000211/form4.xml,derivative,2026-07-15,A,Restricted Share Unit,8.648,0,0.0,2628.9323,D,Pullum Anne,"Officer, Co-Head of Corporate Dev.",,1,,Co-Head of Corporate Dev.,SEC EDGAR
WTW|0001140536-26-000211|derivative|2026-07-15|Pullum Anne|A|Restricted Share Unit|3.1008|0|D,2026-07-23 03:38:23+0000,WTW,WILLIS TOWERS WATSON PLC,0001140536,4,2026-07-17,2026-07-15,0001140536-26-000211,https://www.sec.gov/Archives/edgar/data/1140536/000114053626000211/form4.xml,derivative,2026-07-15,A,Restricted Share Unit,3.1008,0,0.0,924.0208,D,Pullum Anne,"Officer, Co-Head of Corporate Dev.",,1,,Co-Head of Corporate Dev.,SEC EDGAR
"WTW|0001140536-26-000210|nonDerivative|2026-07-15|Kurpis Joseph Stephen|A|Ordinary Shares, nominal value $0.000304635 per share|0.614|0|D",2026-07-23 03:38:23+0000,WTW,WILLIS TOWERS WATSON PLC,0001140536,4,2026-07-17,2026-07-15,0001140536-26-000210,https://www.sec.gov/Archives/edgar/data/1140536/000114053626000210/form4.xml,nonDerivative,2026-07-15,A,"Ordinary Shares, nominal value $0.000304635 per share",0.614,0,0.0,1693.03,D,Kurpis Joseph Stephen,"Officer, PAO and Controller",,1,,PAO and Controller,SEC EDGAR
WTW|0001140536-26-000210|derivative|2026-07-15|Kurpis Joseph Stephen|A|Restricted Share Unit|1.3844|0|D,2026-07-23 03:38:23+0000,WTW,WILLIS TOWERS WATSON PLC,0001140536,4,2026-07-17,2026-07-15,0001140536-26-000210,https://www.sec.gov/Archives/edgar/data/1140536/000114053626000210/form4.xml,derivative,2026-07-15,A,Restricted Share Unit,1.3844,0,0.0,421.1378,D,Kurpis Joseph Stephen,"Officer, PAO and Controller",,1,,PAO and Controller,SEC EDGAR
WTW|0001140536-26-000210|derivative|2026-07-15|Kurpis Joseph Stephen|A|Restricted Share Unit|1.5099|0|D,2026-07-23 03:38:23+0000,WTW,WILLIS TOWERS WATSON PLC,0001140536,4,2026-07-17,2026-07-15,0001140536-26-000210,https://www.sec.gov/Archives/edgar/data/1140536/000114053626000210/form4.xml,derivative,2026-07-15,A,Restricted Share Unit,1.5099,0,0.0,449.935,D,Kurpis Joseph Stephen,"Officer, PAO and Controller",,1,,PAO and Controller,SEC EDGAR
"WTW|0001140536-26-000213|nonDerivative|2026-07-15|Krasner Andrew Jay|A|Ordinary Shares, nominal value $0.000304635 per share|15.003|0|D",2026-07-23 03:38:23+0000,WTW,WILLIS TOWERS WATSON PLC,0001140536,4,2026-07-17,2026-07-15,0001140536-26-000213,https://www.sec.gov/Archives/edgar/data/1140536/000114053626000213/form4.xml,nonDerivative,2026-07-15,A,"Ordinary Shares, nominal value $0.000304635 per share",15.003,0,0.0,4475.127,D,Krasner Andrew Jay,"Officer, Chief Financial Officer",,1,,Chief Financial Officer,SEC EDGAR
WTW|0001140536-26-000213|derivative|2026-07-15|Krasner Andrew Jay|A|Restricted Share Unit|8.6361|0|D,2026-07-23 03:38:23+0000,WTW,WILLIS TOWERS WATSON PLC,0001140536,4,2026-07-17,2026-07-15,0001140536-26-000213,https://www.sec.gov/Archives/edgar/data/1140536/000114053626000213/form4.xml,derivative,2026-07-15,A,Restricted Share Unit,8.6361,0,0.0,2640.391,D,Krasner Andrew Jay,"Officer, Chief Financial Officer",,1,,Chief Financial Officer,SEC EDGAR
WTW|0001140536-26-000213|derivative|2026-07-15|Krasner Andrew Jay|A|Restricted Share Unit|2.5214|0|D,2026-07-23 03:38:23+0000,WTW,WILLIS TOWERS WATSON PLC,0001140536,4,2026-07-17,2026-07-15,0001140536-26-000213,https://www.sec.gov/Archives/edgar/data/1140536/000114053626000213/form4.xml,derivative,2026-07-15,A,Restricted Share Unit,2.5214,0,0.0,754.1638,D,Krasner Andrew Jay,"Officer, Chief Financial Officer",,1,,Chief Financial Officer,SEC EDGAR
"WTW|0001140536-26-000209|nonDerivative|2026-07-15|Hess Carl Aaron|A|Ordinary Shares, nominal value $0.000304635 per share|51.905|0|D",2026-07-23 03:38:23+0000,WTW,WILLIS TOWERS WATSON PLC,0001140536,4,2026-07-17,2026-07-15,0001140536-26-000209,https://www.sec.gov/Archives/edgar/data/1140536/000114053626000209/form4.xml,nonDerivative,2026-07-15,A,"Ordinary Shares, nominal value $0.000304635 per share",51.905,0,0.0,117547.8266,D,Hess Carl Aaron,"Director, Officer, Chief Executive Officer",1,1,,Chief Executive Officer,SEC EDGAR
WTW|0001140536-26-000209|derivative|2026-07-15|Hess Carl Aaron|A|Restricted Share Unit|35.1458|0|D,2026-07-23 03:38:23+0000,WTW,WILLIS TOWERS WATSON PLC,0001140536,4,2026-07-17,2026-07-15,0001140536-26-000209,https://www.sec.gov/Archives/edgar/data/1140536/000114053626000209/form4.xml,derivative,2026-07-15,A,Restricted Share Unit,35.1458,0,0.0,10557.2873,D,Hess Carl Aaron,"Director, Officer, Chief Executive Officer",1,1,,Chief Executive Officer,SEC EDGAR
WTW|0001140536-26-000209|derivative|2026-07-15|Hess Carl Aaron|A|Restricted Share Unit|28.3525|0|D,2026-07-23 03:38:23+0000,WTW,WILLIS TOWERS WATSON PLC,0001140536,4,2026-07-17,2026-07-15,0001140536-26-000209,https://www.sec.gov/Archives/edgar/data/1140536/000114053626000209/form4.xml,derivative,2026-07-15,A,Restricted Share Unit,28.3525,0,0.0,8458.6896,D,Hess Carl Aaron,"Director, Officer, Chief Executive Officer",1,1,,Chief Executive Officer,SEC EDGAR
"WTW|0001140536-26-000208|nonDerivative|2026-07-15|Gebauer Julie Jarecke|A|Ordinary Shares, nominal value $0.000304635 per share|11.669|0|D",2026-07-23 03:38:23+0000,WTW,WILLIS TOWERS WATSON PLC,0001140536,4,2026-07-17,2026-07-15,0001140536-26-000208,https://www.sec.gov/Archives/edgar/data/1140536/000114053626000208/form4.xml,nonDerivative,2026-07-15,A,"Ordinary Shares, nominal value $0.000304635 per share",11.669,0,0.0,78033.9245,D,Gebauer Julie Jarecke,"Officer, Pres.-Health, Wealth & Career",,1,,"Pres.-Health, Wealth & Career",SEC EDGAR
WTW|0001140536-26-000208|derivative|2026-07-15|Gebauer Julie Jarecke|A|Restricted Share Unit|82.2257|0|D,2026-07-23 03:38:23+0000,WTW,WILLIS TOWERS WATSON PLC,0001140536,4,2026-07-17,2026-07-15,0001140536-26-000208,https://www.sec.gov/Archives/edgar/data/1140536/000114053626000208/form4.xml,derivative,2026-07-15,A,Restricted Share Unit,82.2257,0,0.0,24568.6489,D,Gebauer Julie Jarecke,"Officer, Pres.-Health, Wealth & Career",,1,,"Pres.-Health, Wealth & Career",SEC EDGAR
WTW|0001140536-26-000208|derivative|2026-07-15|Gebauer Julie Jarecke|A|Restricted Share Unit|18.8305|0|D,2026-07-23 03:38:23+0000,WTW,WILLIS TOWERS WATSON PLC,0001140536,4,2026-07-17,2026-07-15,0001140536-26-000208,https://www.sec.gov/Archives/edgar/data/1140536/000114053626000208/form4.xml,derivative,2026-07-15,A,Restricted Share Unit,18.8305,0,0.0,5613.7107,D,Gebauer Julie Jarecke,"Officer, Pres.-Health, Wealth & Career",,1,,"Pres.-Health, Wealth & Career",SEC EDGAR
"WTW|0001140536-26-000207|nonDerivative|2026-07-15|Furman Matthew|A|Ordinary Shares, nominal value $0.000304635 per share|6.077|0|D",2026-07-23 03:38:23+0000,WTW,WILLIS TOWERS WATSON PLC,0001140536,4,2026-07-17,2026-07-15,0001140536-26-000207,https://www.sec.gov/Archives/edgar/data/1140536/000114053626000207/form4.xml,nonDerivative,2026-07-15,A,"Ordinary Shares, nominal value $0.000304635 per share",6.077,0,0.0,35561.3529,D,Furman Matthew,"Officer, General Counsel",,1,,General Counsel,SEC EDGAR
WTW|0001140536-26-000207|derivative|2026-07-15|Furman Matthew|A|Restricted Share Unit|12.1846|0|D,2026-07-23 03:38:23+0000,WTW,WILLIS TOWERS WATSON PLC,0001140536,4,2026-07-17,2026-07-15,0001140536-26-000207,https://www.sec.gov/Archives/edgar/data/1140536/000114053626000207/form4.xml,derivative,2026-07-15,A,Restricted Share Unit,12.1846,0,0.0,3682.5396,D,Furman Matthew,"Officer, General Counsel",,1,,General Counsel,SEC EDGAR
WTW|0001140536-26-000207|derivative|2026-07-15|Furman Matthew|A|Restricted Share Unit|8.7424|0|D,2026-07-23 03:38:23+0000,WTW,WILLIS TOWERS WATSON PLC,0001140536,4,2026-07-17,2026-07-15,0001140536-26-000207,https://www.sec.gov/Archives/edgar/data/1140536/000114053626000207/form4.xml,derivative,2026-07-15,A,Restricted Share Unit,8.7424,0,0.0,2605.2072,D,Furman Matthew,"Officer, General Counsel",,1,,General Counsel,SEC EDGAR
"WTW|0001140536-26-000206|nonDerivative|2026-07-15|Faber Alexis|A|Ordinary Shares, nominal value $0.000304635 per share|5.695|0|D",2026-07-23 03:38:23+0000,WTW,WILLIS TOWERS WATSON PLC,0001140536,4,2026-07-17,2026-07-15,0001140536-26-000206,https://www.sec.gov/Archives/edgar/data/1140536/000114053626000206/form4.xml,nonDerivative,2026-07-15,A,"Ordinary Shares, nominal value $0.000304635 per share",5.695,0,0.0,11481.542,D,Faber Alexis,"Officer, Chief Operating Officer",,1,,Chief Operating Officer,SEC EDGAR
WTW|0001140536-26-000206|derivative|2026-07-15|Faber Alexis|A|Restricted Share Unit|8.5812|0|D,2026-07-23 03:38:23+0000,WTW,WILLIS TOWERS WATSON PLC,0001140536,4,2026-07-17,2026-07-15,0001140536-26-000206,https://www.sec.gov/Archives/edgar/data/1140536/000114053626000206/form4.xml,derivative,2026-07-15,A,Restricted Share Unit,8.5812,0,0.0,2604.861,D,Faber Alexis,"Officer, Chief Operating Officer",,1,,Chief Operating Officer,SEC EDGAR
WTW|0001140536-26-000206|derivative|2026-07-15|Faber Alexis|A|Restricted Share Unit|3.5839|0|D,2026-07-23 03:38:23+0000,WTW,WILLIS TOWERS WATSON PLC,0001140536,4,2026-07-17,2026-07-15,0001140536-26-000206,https://www.sec.gov/Archives/edgar/data/1140536/000114053626000206/form4.xml,derivative,2026-07-15,A,Restricted Share Unit,3.5839,0,0.0,1068.0431,D,Faber Alexis,"Officer, Chief Operating Officer",,1,,Chief Operating Officer,SEC EDGAR
"WTW|0001140536-26-000205|nonDerivative|2026-07-15|Clarke Lucy|A|Ordinary Shares, nominal value $0.000304635 per share|41.075|0|D",2026-07-23 03:38:23+0000,WTW,WILLIS TOWERS WATSON PLC,0001140536,4,2026-07-17,2026-07-15,0001140536-26-000205,https://www.sec.gov/Archives/edgar/data/1140536/000114053626000205/form4.xml,nonDerivative,2026-07-15,A,"Ordinary Shares, nominal value $0.000304635 per share",41.075,0,0.0,22758.528,D,Clarke Lucy,"Officer, President of Risk & Broking",,1,,President of Risk & Broking,SEC EDGAR
"WTW|0001140536-26-000204|nonDerivative|2026-07-15|Banas Kristy D|A|Ordinary Shares, nominal value $0.000304635 per share|5.174|0|D",2026-07-23 03:38:23+0000,WTW,WILLIS TOWERS WATSON PLC,0001140536,4,2026-07-17,2026-07-15,0001140536-26-000204,https://www.sec.gov/Archives/edgar/data/1140536/000114053626000204/form4.xml,nonDerivative,2026-07-15,A,"Ordinary Shares, nominal value $0.000304635 per share",5.174,0,0.0,11365.7038,D,Banas Kristy D,"Officer, Chief Human Resources Officer",,1,,Chief Human Resources Officer,SEC EDGAR
WTW|0001140536-26-000204|derivative|2026-07-15|Banas Kristy D|A|Restricted Share Unit|4.3451|0|D,2026-07-23 03:38:23+0000,WTW,WILLIS TOWERS WATSON PLC,0001140536,4,2026-07-17,2026-07-15,0001140536-26-000204,https://www.sec.gov/Archives/edgar/data/1140536/000114053626000204/form4.xml,derivative,2026-07-15,A,Restricted Share Unit,4.3451,0,0.0,1338.1591,D,Banas Kristy D,"Officer, Chief Human Resources Officer",,1,,Chief Human Resources Officer,SEC EDGAR
WTW|0001140536-26-000204|derivative|2026-07-15|Banas Kristy D|A|Restricted Share Unit|1.8667|0|D,2026-07-23 03:38:23+0000,WTW,WILLIS TOWERS WATSON PLC,0001140536,4,2026-07-17,2026-07-15,0001140536-26-000204,https://www.sec.gov/Archives/edgar/data/1140536/000114053626000204/form4.xml,derivative,2026-07-15,A,Restricted Share Unit,1.8667,0,0.0,556.2179,D,Banas Kristy D,"Officer, Chief Human Resources Officer",,1,,Chief Human Resources Officer,SEC EDGAR
WSM|0000719955-26-000184|nonDerivative|2026-07-15|ALBER LAURA|S|Common Stock|1000|219.10|D,2026-07-23 03:38:23+0000,WSM,WILLIAMS SONOMA INC,0000719955,4,2026-07-17,2026-07-15,0000719955-26-000184,https://www.sec.gov/Archives/edgar/data/719955/000071995526000184/form4.xml,nonDerivative,2026-07-15,S,Common Stock,1000,219.10,219100.0,922524,D,ALBER LAURA,"Director, Officer, PRESIDENT & CEO",1,1,,PRESIDENT & CEO,SEC EDGAR
WSM|0000719955-26-000184|nonDerivative|2026-07-15|ALBER LAURA|S|Common Stock|8553|220.02|D,2026-07-23 03:38:23+0000,WSM,WILLIAMS SONOMA INC,0000719955,4,2026-07-17,2026-07-15,0000719955-26-000184,https://www.sec.gov/Archives/edgar/data/719955/000071995526000184/form4.xml,nonDerivative,2026-07-15,S,Common Stock,8553,220.02,1881831.06,913971,D,ALBER LAURA,"Director, Officer, PRESIDENT & CEO",1,1,,PRESIDENT & CEO,SEC EDGAR
WSM|0000719955-26-000184|nonDerivative|2026-07-15|ALBER LAURA|S|Common Stock|5190|220.92|D,2026-07-23 03:38:23+0000,WSM,WILLIAMS SONOMA INC,0000719955,4,2026-07-17,2026-07-15,0000719955-26-000184,https://www.sec.gov/Archives/edgar/data/719955/000071995526000184/form4.xml,nonDerivative,2026-07-15,S,Common Stock,5190,220.92,1146574.8,908781,D,ALBER LAURA,"Director, Officer, PRESIDENT & CEO",1,1,,PRESIDENT & CEO,SEC EDGAR
WSM|0000719955-26-000184|nonDerivative|2026-07-15|ALBER LAURA|S|Common Stock|16894|222.05|D,2026-07-23 03:38:23+0000,WSM,WILLIAMS SONOMA INC,0000719955,4,2026-07-17,2026-07-15,0000719955-26-000184,https://www.sec.gov/Archives/edgar/data/719955/000071995526000184/form4.xml,nonDerivative,2026-07-15,S,Common Stock,16894,222.05,3751312.7,891887,D,ALBER LAURA,"Director, Officer, PRESIDENT & CEO",1,1,,PRESIDENT & CEO,SEC EDGAR
WSM|0000719955-26-000184|nonDerivative|2026-07-15|ALBER LAURA|S|Common Stock|3363|222.74|D,2026-07-23 03:38:23+0000,WSM,WILLIAMS SONOMA INC,0000719955,4,2026-07-17,2026-07-15,0000719955-26-000184,https://www.sec.gov/Archives/edgar/data/719955/000071995526000184/form4.xml,nonDerivative,2026-07-15,S,Common Stock,3363,222.74,749074.62,888524,D,ALBER LAURA,"Director, Officer, PRESIDENT & CEO",1,1,,PRESIDENT & CEO,SEC EDGAR
WMT|0001992808-26-000022|nonDerivative|2026-07-16|Nicholas Christopher James|S|Common|1639|113.8743|D,2026-07-23 03:38:23+0000,WMT,Walmart Inc.,0000104169,4,2026-07-17,2026-07-16,0001992808-26-000022,https://www.sec.gov/Archives/edgar/data/104169/000199280826000022/wk-form4_1784325425.xml,nonDerivative,2026-07-16,S,Common,1639,113.8743,186639.97770000002,573314.269,D,Nicholas Christopher James,"Officer, Executive Vice President",0,1,0,Executive Vice President,SEC EDGAR
WMT|0001992808-26-000022|nonDerivative|2026-07-16|Nicholas Christopher James|S|Common|1261|114.4787|D,2026-07-23 03:38:23+0000,WMT,Walmart Inc.,0000104169,4,2026-07-17,2026-07-16,0001992808-26-000022,https://www.sec.gov/Archives/edgar/data/104169/000199280826000022/wk-form4_1784325425.xml,nonDerivative,2026-07-16,S,Common,1261,114.4787,144357.64070000002,572053.269,D,Nicholas Christopher James,"Officer, Executive Vice President",0,1,0,Executive Vice President,SEC EDGAR
"WFC|0000072971-26-000290|nonDerivative|2026-07-15|Flowers Derek A.|G|Common Stock, $1 2/3 Par Value|67966|0|D",2026-07-23 03:38:23+0000,WFC,WELLS FARGO & COMPANY/MN,0000072971,4,2026-07-17,2026-07-15,0000072971-26-000290,https://www.sec.gov/Archives/edgar/data/72971/000007297126000290/form4.xml,nonDerivative,2026-07-15,G,"Common Stock, $1 2/3 Par Value",67966,0,0.0,0,D,Flowers Derek A.,"Officer, Sr. EVP and Chief Risk Officer",,1,,Sr. EVP and Chief Risk Officer,SEC EDGAR
"WFC|0000072971-26-000290|nonDerivative|2026-07-15|Flowers Derek A.|G|Common Stock, $1 2/3 Par Value|67966|0|I",2026-07-23 03:38:23+0000,WFC,WELLS FARGO & COMPANY/MN,0000072971,4,2026-07-17,2026-07-15,0000072971-26-000290,https://www.sec.gov/Archives/edgar/data/72971/000007297126000290/form4.xml,nonDerivative,2026-07-15,G,"Common Stock, $1 2/3 Par Value",67966,0,0.0,341739.566,I,Flowers Derek A.,"Officer, Sr. EVP and Chief Risk Officer",,1,,Sr. EVP and Chief Risk Officer,SEC EDGAR
VZ|0002111103-26-000029|derivative|2026-07-16|Villanueva Rodriguez Alfonso|A|Phantom Stock (unitized)|83.489|12.53|I,2026-07-23 03:38:23+0000,VZ,VERIZON COMMUNICATIONS INC,0000732712,4,2026-07-17,2026-07-16,0002111103-26-000029,https://www.sec.gov/Archives/edgar/data/732712/000211110326000029/wk-form4_1784316814.xml,derivative,2026-07-16,A,Phantom Stock (unitized),83.489,12.53,1046.11717,6659.715,I,Villanueva Rodriguez Alfonso,"Officer, Executive Vice President",0,1,0,Executive Vice President,SEC EDGAR
VZ|0001950027-26-000038|derivative|2026-07-16|Venkatesh Vandana|A|Phantom Stock (unitized)|101.906|12.53|I,2026-07-23 03:38:23+0000,VZ,VERIZON COMMUNICATIONS INC,0000732712,4,2026-07-17,2026-07-16,0001950027-26-000038,https://www.sec.gov/Archives/edgar/data/732712/000195002726000038/wk-form4_1784316774.xml,derivative,2026-07-16,A,Phantom Stock (unitized),101.906,12.53,1276.88218,56809.596,I,Venkatesh Vandana,"Officer, EVP and Chief Legal Officer",0,1,0,EVP and Chief Legal Officer,SEC EDGAR
VZ|0001750052-26-000038|derivative|2026-07-16|Stillwell Mary-Lee|A|Phantom Stock (unitized)|46.656|12.53|I,2026-07-23 03:38:23+0000,VZ,VERIZON COMMUNICATIONS INC,0000732712,4,2026-07-17,2026-07-16,0001750052-26-000038,https://www.sec.gov/Archives/edgar/data/732712/000175005226000038/wk-form4_1784315216.xml,derivative,2026-07-16,A,Phantom Stock (unitized),46.656,12.53,584.5996799999999,16727.45,I,Stillwell Mary-Lee,"Officer, SVP and Controller",0,1,0,SVP and Controller,SEC EDGAR
VZ|0001578926-26-000036|derivative|2026-07-16|Skiadas Anthony T|A|Phantom Stock (unitized)|138.74|12.53|I,2026-07-23 03:38:23+0000,VZ,VERIZON COMMUNICATIONS INC,0000732712,4,2026-07-17,2026-07-16,0001578926-26-000036,https://www.sec.gov/Archives/edgar/data/732712/000157892626000036/wk-form4_1784314977.xml,derivative,2026-07-16,A,Phantom Stock (unitized),138.74,12.53,1738.4122,144469.981,I,Skiadas Anthony T,"Officer, EVP and CFO",0,1,0,EVP and CFO,SEC EDGAR
VZ|0001215315-26-000032|derivative|2026-07-16|SCHULMAN DANIEL H|A|Phantom Stock (unitized)|212.408|12.53|I,2026-07-23 03:38:23+0000,VZ,VERIZON COMMUNICATIONS INC,0000732712,4,2026-07-17,2026-07-16,0001215315-26-000032,https://www.sec.gov/Archives/edgar/data/732712/000121531526000032/wk-form4_1784314366.xml,derivative,2026-07-16,A,Phantom Stock (unitized),212.408,12.53,2661.4722399999996,8515.073,I,SCHULMAN DANIEL H,"Director, Officer, CEO",1,1,0,CEO,SEC EDGAR
VZ|0001968243-26-000040|derivative|2026-07-16|Russo Joseph J.|A|Phantom Stock (unitized)|88.094|12.53|I,2026-07-23 03:38:23+0000,VZ,VERIZON COMMUNICATIONS INC,0000732712,4,2026-07-17,2026-07-16,0001968243-26-000040,https://www.sec.gov/Archives/edgar/data/732712/000196824326000040/wk-form4_1784314411.xml,derivative,2026-07-16,A,Phantom Stock (unitized),88.094,12.53,1103.8178199999998,83397.208,I,Russo Joseph J.,"Officer, EVP&Pres-Global Networks&Tech",0,1,0,EVP&Pres-Global Networks&Tech,SEC EDGAR
VZ|0001760581-26-000038|derivative|2026-07-16|Malady Kyle|A|Phantom Stock (unitized)|138.74|12.53|I,2026-07-23 03:38:23+0000,VZ,VERIZON COMMUNICATIONS INC,0000732712,4,2026-07-17,2026-07-16,0001760581-26-000038,https://www.sec.gov/Archives/edgar/data/732712/000176058126000038/wk-form4_1784315104.xml,derivative,2026-07-16,A,Phantom Stock (unitized),138.74,12.53,1738.4122,417694.488,I,Malady Kyle,"Officer, EVP and Group CEO-VZ Business",0,1,0,EVP and Group CEO-VZ Business,SEC EDGAR
VTR|0001841752-26-000019|nonDerivative|2026-07-16|Smith Maurice S|A|Common Stock|56.195|95.04|D,2026-07-23 03:38:23+0000,VTR,"Ventas, Inc.",0000740260,4,2026-07-17,2026-07-16,0001841752-26-000019,https://www.sec.gov/Archives/edgar/data/740260/000184175226000019/wk-form4_1784319376.xml,nonDerivative,2026-07-16,A,Common Stock,56.195,95.04,5340.772800000001,31239.755,D,Smith Maurice S,Director,1,0,0,,SEC EDGAR
VTR|0001841752-26-000019|nonDerivative|2026-07-16|Smith Maurice S|A|Common Stock|71.615|95.04|D,2026-07-23 03:38:23+0000,VTR,"Ventas, Inc.",0000740260,4,2026-07-17,2026-07-16,0001841752-26-000019,https://www.sec.gov/Archives/edgar/data/740260/000184175226000019/wk-form4_1784319376.xml,nonDerivative,2026-07-16,A,Common Stock,71.615,95.04,6806.2896,31311.37,D,Smith Maurice S,Director,1,0,0,,SEC EDGAR
VTR|0001529329-26-000020|nonDerivative|2026-07-16|Roy Sumit|A|Common Stock|47.088|95.04|D,2026-07-23 03:38:23+0000,VTR,"Ventas, Inc.",0000740260,4,2026-07-17,2026-07-16,0001529329-26-000020,https://www.sec.gov/Archives/edgar/data/740260/000152932926000020/wk-form4_1784319368.xml,nonDerivative,2026-07-16,A,Common Stock,47.088,95.04,4475.24352,24799.89,D,Roy Sumit,Director,1,0,0,,SEC EDGAR
VTR|0001529329-26-000020|nonDerivative|2026-07-16|Roy Sumit|A|Common Stock|71.615|95.04|D,2026-07-23 03:38:23+0000,VTR,"Ventas, Inc.",0000740260,4,2026-07-17,2026-07-16,0001529329-26-000020,https://www.sec.gov/Archives/edgar/data/740260/000152932926000020/wk-form4_1784319368.xml,nonDerivative,2026-07-16,A,Common Stock,71.615,95.04,6806.2896,24871.505,D,Roy Sumit,Director,1,0,0,,SEC EDGAR
VTR|0002014328-26-000008|nonDerivative|2026-07-16|Rodriguez Joe Vasquez Jr.|A|Common Stock|48.513|95.04|D,2026-07-23 03:38:23+0000,VTR,"Ventas, Inc.",0000740260,4,2026-07-17,2026-07-16,0002014328-26-000008,https://www.sec.gov/Archives/edgar/data/740260/000201432826000008/wk-form4_1784319361.xml,nonDerivative,2026-07-16,A,Common Stock,48.513,95.04,4610.67552,9943.232,D,Rodriguez Joe Vasquez Jr.,Director,1,0,0,,SEC EDGAR
VTR|0001356681-26-000010|nonDerivative|2026-07-16|NADER MARGUERITE M|A|Common Stock|71.615|95.04|D,2026-07-23 03:38:23+0000,VTR,"Ventas, Inc.",0000740260,4,2026-07-17,2026-07-16,0001356681-26-000010,https://www.sec.gov/Archives/edgar/data/740260/000135668126000010/wk-form4_1784319355.xml,nonDerivative,2026-07-16,A,Common Stock,71.615,95.04,6806.2896,23543.573,D,NADER MARGUERITE M,Director,1,0,0,,SEC EDGAR
VTR|0001676558-26-000014|nonDerivative|2026-07-16|Martino Roxanne M|A|Common Stock|173.886|95.04|D,2026-07-23 03:38:23+0000,VTR,"Ventas, Inc.",0000740260,4,2026-07-17,2026-07-16,0001676558-26-000014,https://www.sec.gov/Archives/edgar/data/740260/000167655826000014/wk-form4_1784319349.xml,nonDerivative,2026-07-16,A,Common Stock,173.886,95.04,16526.12544,66845.688,D,Martino Roxanne M,Director,1,0,0,,SEC EDGAR
VTR|0001203367-26-000024|nonDerivative|2026-07-16|LUSTIG MATTHEW J|A|Common Stock|209.667|95.04|D,2026-07-23 03:38:23+0000,VTR,"Ventas, Inc.",0000740260,4,2026-07-17,2026-07-16,0001203367-26-000024,https://www.sec.gov/Archives/edgar/data/740260/000120336726000024/wk-form4_1784319341.xml,nonDerivative,2026-07-16,A,Common Stock,209.667,95.04,19926.75168,95663.091,D,LUSTIG MATTHEW J,Director,1,0,0,,SEC EDGAR
VTR|0001203367-26-000024|nonDerivative|2026-07-16|LUSTIG MATTHEW J|A|Common Stock|71.615|95.04|D,2026-07-23 03:38:23+0000,VTR,"Ventas, Inc.",0000740260,4,2026-07-17,2026-07-16,0001203367-26-000024,https://www.sec.gov/Archives/edgar/data/740260/000120336726000024/wk-form4_1784319341.xml,nonDerivative,2026-07-16,A,Common Stock,71.615,95.04,6806.2896,95734.706,D,LUSTIG MATTHEW J,Director,1,0,0,,SEC EDGAR
VTR|0001209170-26-000014|nonDerivative|2026-07-16|EMBLER MICHAEL J|A|Common Stock|71.615|95.04|D,2026-07-23 03:38:23+0000,VTR,"Ventas, Inc.",0000740260,4,2026-07-17,2026-07-16,0001209170-26-000014,https://www.sec.gov/Archives/edgar/data/740260/000120917026000014/wk-form4_1784319336.xml,nonDerivative,2026-07-16,A,Common Stock,71.615,95.04,6806.2896,19273.573,D,EMBLER MICHAEL J,Director,1,0,0,,SEC EDGAR
VTR|0001619369-26-000008|nonDerivative|2026-07-16|Barnes Melody C|A|Common Stock|71.615|95.04|D,2026-07-23 03:38:23+0000,VTR,"Ventas, Inc.",0000740260,4,2026-07-17,2026-07-16,0001619369-26-000008,https://www.sec.gov/Archives/edgar/data/740260/000161936926000008/wk-form4_1784319328.xml,nonDerivative,2026-07-16,A,Common Stock,71.615,95.04,6806.2896,35378.573,D,Barnes Melody C,Director,1,0,0,,SEC EDGAR
VRTX|0000875320-26-000249|derivative|2026-07-15|SACHS BRUCE I|A|Deferred Stock Units|99.941|475.28|D,2026-07-23 03:38:23+0000,VRTX,VERTEX PHARMACEUTICALS INC / MA,0000875320,4,2026-07-17,2026-07-15,0000875320-26-000249,https://www.sec.gov/Archives/edgar/data/875320/000087532026000249/wk-form4_1784318797.xml,derivative,2026-07-15,A,Deferred Stock Units,99.941,475.28,47499.95848,15771.807,D,SACHS BRUCE I,Director,1,0,0,,SEC EDGAR
VRTX|0000875320-26-000247|derivative|2026-07-15|Garber Alan M|A|Deferred Stock Units|31.56|475.28|D,2026-07-23 03:38:23+0000,VRTX,VERTEX PHARMACEUTICALS INC / MA,0000875320,4,2026-07-17,2026-07-15,0000875320-26-000247,https://www.sec.gov/Archives/edgar/data/875320/000087532026000247/wk-form4_1784318742.xml,derivative,2026-07-15,A,Deferred Stock Units,31.56,475.28,14999.8368,65.458,D,Garber Alan M,Director,1,0,0,,SEC EDGAR
VLTO|0001967680-26-000038|nonDerivative|2026-07-15|Williams Thomas|A|Common Stock|1009|0|D,2026-07-23 03:38:23+0000,VLTO,Veralto Corp,0001967680,4,2026-07-17,2026-07-15,0001967680-26-000038,https://www.sec.gov/Archives/edgar/data/1967680/000196768026000038/wk-form4_1784324824.xml,nonDerivative,2026-07-15,A,Common Stock,1009,0,0.0,3380,D,Williams Thomas,Director,1,0,0,,SEC EDGAR
VLTO|0001967680-26-000038|derivative|2026-07-15|Williams Thomas|A|Director Stock Option (Right to Buy)|3553|0|D,2026-07-23 03:38:23+0000,VLTO,Veralto Corp,0001967680,4,2026-07-17,2026-07-15,0001967680-26-000038,https://www.sec.gov/Archives/edgar/data/1967680/000196768026000038/wk-form4_1784324824.xml,derivative,2026-07-15,A,Director Stock Option (Right to Buy),3553,0,0.0,9413,D,Williams Thomas,Director,1,0,0,,SEC EDGAR
VLTO|0001967680-26-000036|nonDerivative|2026-07-15|Wallis-Lage Cindy L.|A|Common Stock|1009|0|D,2026-07-23 03:38:23+0000,VLTO,Veralto Corp,0001967680,4,2026-07-17,2026-07-15,0001967680-26-000036,https://www.sec.gov/Archives/edgar/data/1967680/000196768026000036/wk-form4_1784324670.xml,nonDerivative,2026-07-15,A,Common Stock,1009,0,0.0,3380,D,Wallis-Lage Cindy L.,Director,1,0,0,,SEC EDGAR
VLTO|0001967680-26-000036|derivative|2026-07-15|Wallis-Lage Cindy L.|A|Director Stock Option (Right to Buy)|3553|0|D,2026-07-23 03:38:23+0000,VLTO,Veralto Corp,0001967680,4,2026-07-17,2026-07-15,0001967680-26-000036,https://www.sec.gov/Archives/edgar/data/1967680/000196768026000036/wk-form4_1784324670.xml,derivative,2026-07-15,A,Director Stock Option (Right to Buy),3553,0,0.0,9413,D,Wallis-Lage Cindy L.,Director,1,0,0,,SEC EDGAR
VLTO|0001831647-26-000002|nonDerivative|2026-07-15|Sankaran Vijay P.|A|Common Stock|1009|0|D,2026-07-23 03:38:23+0000,VLTO,Veralto Corp,0001967680,4,2026-07-17,2026-07-15,0001831647-26-000002,https://www.sec.gov/Archives/edgar/data/1967680/000183164726000002/wk-form4_1784324202.xml,nonDerivative,2026-07-15,A,Common Stock,1009,0,0.0,2669,D,Sankaran Vijay P.,Director,1,0,0,,SEC EDGAR
VLTO|0001831647-26-000002|derivative|2026-07-15|Sankaran Vijay P.|A|Director Stock Option (Right to Buy)|3553|0|D,2026-07-23 03:38:23+0000,VLTO,Veralto Corp,0001967680,4,2026-07-17,2026-07-15,0001831647-26-000002,https://www.sec.gov/Archives/edgar/data/1967680/000183164726000002/wk-form4_1784324202.xml,derivative,2026-07-15,A,Director Stock Option (Right to Buy),3553,0,0.0,7823,D,Sankaran Vijay P.,Director,1,0,0,,SEC EDGAR
VLTO|0001967680-26-000040|nonDerivative|2026-07-15|SCHWIETERS JOHN T|A|Common Stock|1009|0|D,2026-07-23 03:38:23+0000,VLTO,Veralto Corp,0001967680,4,2026-07-17,2026-07-15,0001967680-26-000040,https://www.sec.gov/Archives/edgar/data/1967680/000196768026000040/wk-form4_1784324887.xml,nonDerivative,2026-07-15,A,Common Stock,1009,0,0.0,6498,D,SCHWIETERS JOHN T,Director,1,0,0,,SEC EDGAR
VLTO|0001967680-26-000040|derivative|2026-07-15|SCHWIETERS JOHN T|A|Director Stock Option (Right to Buy)|3553|0|D,2026-07-23 03:38:23+0000,VLTO,Veralto Corp,0001967680,4,2026-07-17,2026-07-15,0001967680-26-000040,https://www.sec.gov/Archives/edgar/data/1967680/000196768026000040/wk-form4_1784324887.xml,derivative,2026-07-15,A,Director Stock Option (Right to Buy),3553,0,0.0,9413,D,SCHWIETERS JOHN T,Director,1,0,0,,SEC EDGAR
VLTO|0001778813-26-000005|nonDerivative|2026-07-15|Ralhan Sameer|F|Common Stock|3305|91|D,2026-07-23 03:38:23+0000,VLTO,Veralto Corp,0001967680,4,2026-07-17,2026-07-15,0001778813-26-000005,https://www.sec.gov/Archives/edgar/data/1967680/000177881326000005/wk-form4_1784322667.xml,nonDerivative,2026-07-15,F,Common Stock,3305,91,300755.0,53694,D,Ralhan Sameer,"Officer, SVP, Chief Financial Officer",0,1,0,"SVP, Chief Financial Officer",SEC EDGAR
VLTO|0001339142-26-000003|nonDerivative|2026-07-15|MITTS HEATH A|A|Common Stock|1009|0|D,2026-07-23 03:38:23+0000,VLTO,Veralto Corp,0001967680,4,2026-07-17,2026-07-15,0001339142-26-000003,https://www.sec.gov/Archives/edgar/data/1967680/000133914226000003/wk-form4_1784323987.xml,nonDerivative,2026-07-15,A,Common Stock,1009,0,0.0,3500,D,MITTS HEATH A,Director,1,0,0,,SEC EDGAR
VLTO|0001339142-26-000003|derivative|2026-07-15|MITTS HEATH A|A|Director Stock Option (Right to Buy)|3553|0|D,2026-07-23 03:38:23+0000,VLTO,Veralto Corp,0001967680,4,2026-07-17,2026-07-15,0001339142-26-000003,https://www.sec.gov/Archives/edgar/data/1967680/000133914226000003/wk-form4_1784323987.xml,derivative,2026-07-15,A,Director Stock Option (Right to Buy),3553,0,0.0,9413,D,MITTS HEATH A,Director,1,0,0,,SEC EDGAR
VLTO|0001205265-26-000002|nonDerivative|2026-07-15|LOHR WALTER G|A|Common Stock|1009|0|D,2026-07-23 03:38:23+0000,VLTO,Veralto Corp,0001967680,4,2026-07-17,2026-07-15,0001205265-26-000002,https://www.sec.gov/Archives/edgar/data/1967680/000120526526000002/wk-form4_1784323766.xml,nonDerivative,2026-07-15,A,Common Stock,1009,0,0.0,3380,D,LOHR WALTER G,Director,1,0,0,,SEC EDGAR
VLTO|0001205265-26-000002|derivative|2026-07-15|LOHR WALTER G|A|Director Stock Option (Right to Buy)|3553|0|D,2026-07-23 03:38:23+0000,VLTO,Veralto Corp,0001967680,4,2026-07-17,2026-07-15,0001205265-26-000002,https://www.sec.gov/Archives/edgar/data/1967680/000120526526000002/wk-form4_1784323766.xml,derivative,2026-07-15,A,Director Stock Option (Right to Buy),3553,0,0.0,9413,D,LOHR WALTER G,Director,1,0,0,,SEC EDGAR
VLTO|0001673243-26-000016|nonDerivative|2026-07-15|Kambeyanda Shyam|A|Common Stock|1099|0|D,2026-07-23 03:38:23+0000,VLTO,Veralto Corp,0001967680,4,2026-07-17,2026-07-15,0001673243-26-000016,https://www.sec.gov/Archives/edgar/data/1967680/000167324326000016/wk-form4_1784323414.xml,nonDerivative,2026-07-15,A,Common Stock,1099,0,0.0,3470,D,Kambeyanda Shyam,Director,1,0,0,,SEC EDGAR
VLTO|0001673243-26-000016|derivative|2026-07-15|Kambeyanda Shyam|A|Director Stock Option (Right to Buy)|3553|0|D,2026-07-23 03:38:23+0000,VLTO,Veralto Corp,0001967680,4,2026-07-17,2026-07-15,0001673243-26-000016,https://www.sec.gov/Archives/edgar/data/1967680/000167324326000016/wk-form4_1784323414.xml,derivative,2026-07-15,A,Director Stock Option (Right to Buy),3553,0,0.0,9413,D,Kambeyanda Shyam,Director,1,0,0,,SEC EDGAR
VLTO|0001608367-26-000002|nonDerivative|2026-07-15|KING WILLIAM|A|Common Stock|1009|0|D,2026-07-23 03:38:23+0000,VLTO,Veralto Corp,0001967680,4,2026-07-17,2026-07-15,0001608367-26-000002,https://www.sec.gov/Archives/edgar/data/1967680/000160836726000002/wk-form4_1784323594.xml,nonDerivative,2026-07-15,A,Common Stock,1009,0,0.0,9557,D,KING WILLIAM,Director,1,0,0,,SEC EDGAR
VLTO|0001608367-26-000002|derivative|2026-07-15|KING WILLIAM|A|Director Stock Option (Right to Buy)|3553|0|D,2026-07-23 03:38:23+0000,VLTO,Veralto Corp,0001967680,4,2026-07-17,2026-07-15,0001608367-26-000002,https://www.sec.gov/Archives/edgar/data/1967680/000160836726000002/wk-form4_1784323594.xml,derivative,2026-07-15,A,Director Stock Option (Right to Buy),3553,0,0.0,9413,D,KING WILLIAM,Director,1,0,0,,SEC EDGAR
VLTO|0001292810-26-000002|nonDerivative|2026-07-15|FILLER LINDA|A|Common Stock|1009|0|D,2026-07-23 03:38:23+0000,VLTO,Veralto Corp,0001967680,4,2026-07-17,2026-07-15,0001292810-26-000002,https://www.sec.gov/Archives/edgar/data/1967680/000129281026000002/wk-form4_1784322793.xml,nonDerivative,2026-07-15,A,Common Stock,1009,0,0.0,12719,D,FILLER LINDA,Director,1,0,0,,SEC EDGAR
VLTO|0001292810-26-000002|nonDerivative|2026-07-15|FILLER LINDA|A|Common Stock|825|0|D,2026-07-23 03:38:23+0000,VLTO,Veralto Corp,0001967680,4,2026-07-17,2026-07-15,0001292810-26-000002,https://www.sec.gov/Archives/edgar/data/1967680/000129281026000002/wk-form4_1784322793.xml,nonDerivative,2026-07-15,A,Common Stock,825,0,0.0,13544,D,FILLER LINDA,Director,1,0,0,,SEC EDGAR
VLTO|0001292810-26-000002|derivative|2026-07-15|FILLER LINDA|A|Director Stock Option (Right to Buy)|3553|0|D,2026-07-23 03:38:23+0000,VLTO,Veralto Corp,0001967680,4,2026-07-17,2026-07-15,0001292810-26-000002,https://www.sec.gov/Archives/edgar/data/1967680/000129281026000002/wk-form4_1784322793.xml,derivative,2026-07-15,A,Director Stock Option (Right to Buy),3553,0,0.0,14905,D,FILLER LINDA,Director,1,0,0,,SEC EDGAR
VLTO|0001292810-26-000002|derivative|2026-07-15|FILLER LINDA|A|Director Stock Option (Right to Buy)|2665|0|D,2026-07-23 03:38:23+0000,VLTO,Veralto Corp,0001967680,4,2026-07-17,2026-07-15,0001292810-26-000002,https://www.sec.gov/Archives/edgar/data/1967680/000129281026000002/wk-form4_1784322793.xml,derivative,2026-07-15,A,Director Stock Option (Right to Buy),2665,0,0.0,17570,D,FILLER LINDA,Director,1,0,0,,SEC EDGAR
VLTO|0001772742-26-000002|nonDerivative|2026-07-15|Colpron Francoise|A|Common Stock|1099|0|D,2026-07-23 03:38:23+0000,VLTO,Veralto Corp,0001967680,4,2026-07-17,2026-07-15,0001772742-26-000002,https://www.sec.gov/Archives/edgar/data/1967680/000177274226000002/wk-form4_1784323066.xml,nonDerivative,2026-07-15,A,Common Stock,1099,0,0.0,3470,D,Colpron Francoise,Director,1,0,0,,SEC EDGAR
VLTO|0001772742-26-000002|derivative|2026-07-15|Colpron Francoise|A|Director Stock Option (Right to Buy)|3553|0|D,2026-07-23 03:38:23+0000,VLTO,Veralto Corp,0001967680,4,2026-07-17,2026-07-15,0001772742-26-000002,https://www.sec.gov/Archives/edgar/data/1967680/000177274226000002/wk-form4_1784323066.xml,derivative,2026-07-15,A,Director Stock Option (Right to Buy),3553,0,0.0,9413,D,Colpron Francoise,Director,1,0,0,,SEC EDGAR
VLTO|0001205260-26-000005|nonDerivative|2026-07-15|COMAS DANIEL L|A|Common Stock|1099|0|D,2026-07-23 03:38:23+0000,VLTO,Veralto Corp,0001967680,4,2026-07-17,2026-07-15,0001205260-26-000005,https://www.sec.gov/Archives/edgar/data/1967680/000120526026000005/wk-form4_1784323263.xml,nonDerivative,2026-07-15,A,Common Stock,1099,0,0.0,18509,D,COMAS DANIEL L,Director,1,0,0,,SEC EDGAR
VLTO|0001205260-26-000005|derivative|2026-07-15|COMAS DANIEL L|A|Director Stock Option (Right to Buy)|3553|0|D,2026-07-23 03:38:23+0000,VLTO,Veralto Corp,0001967680,4,2026-07-17,2026-07-15,0001205260-26-000005,https://www.sec.gov/Archives/edgar/data/1967680/000120526026000005/wk-form4_1784323263.xml,derivative,2026-07-15,A,Director Stock Option (Right to Buy),3553,0,0.0,9413,D,COMAS DANIEL L,Director,1,0,0,,SEC EDGAR
TPL|0001437749-26-023751|nonDerivative|2026-07-16|HORIZON KINETICS ASSET MANAGEMENT LLC|P|Common Stock|1|416.05|D,2026-07-23 03:38:23+0000,TPL,Texas Pacific Land Corp,0001811074,4,2026-07-17,2026-07-16,0001437749-26-023751,https://www.sec.gov/Archives/edgar/data/1811074/000143774926023751/rdgdoc.xml,nonDerivative,2026-07-16,P,Common Stock,1,416.05,416.05,3263677,D,HORIZON KINETICS ASSET MANAGEMENT LLC,10% Owner,,,1,,SEC EDGAR
TDG|0001656109-26-000005|nonDerivative|2026-07-15|Reiss Joel|S|Common Stock|190.00|1230.0563|D,2026-07-23 03:38:23+0000,TDG,TransDigm Group INC,0001260221,4,2026-07-17,2026-07-15,0001656109-26-000005,https://www.sec.gov/Archives/edgar/data/1260221/000165610926000005/primarydocument.xml,nonDerivative,2026-07-15,S,Common Stock,190.00,1230.0563,233710.697,3824.00,D,Reiss Joel,Co-Chief Operating Officer,false,true,false,Co-Chief Operating Officer,SEC EDGAR
TDG|0001656109-26-000005|nonDerivative|2026-07-15|Reiss Joel|S|Common Stock|70.00|1231.0943|D,2026-07-23 03:38:23+0000,TDG,TransDigm Group INC,0001260221,4,2026-07-17,2026-07-15,0001656109-26-000005,https://www.sec.gov/Archives/edgar/data/1260221/000165610926000005/primarydocument.xml,nonDerivative,2026-07-15,S,Common Stock,70.00,1231.0943,86176.601,3754.00,D,Reiss Joel,Co-Chief Operating Officer,false,true,false,Co-Chief Operating Officer,SEC EDGAR
TDG|0001656109-26-000005|nonDerivative|2026-07-15|Reiss Joel|S|Common Stock|144.00|1232.3369|D,2026-07-23 03:38:23+0000,TDG,TransDigm Group INC,0001260221,4,2026-07-17,2026-07-15,0001656109-26-000005,https://www.sec.gov/Archives/edgar/data/1260221/000165610926000005/primarydocument.xml,nonDerivative,2026-07-15,S,Common Stock,144.00,1232.3369,177456.5136,3610.00,D,Reiss Joel,Co-Chief Operating Officer,false,true,false,Co-Chief Operating Officer,SEC EDGAR
TDG|0001656109-26-000005|nonDerivative|2026-07-15|Reiss Joel|S|Common Stock|10.00|1233.38|D,2026-07-23 03:38:23+0000,TDG,TransDigm Group INC,0001260221,4,2026-07-17,2026-07-15,0001656109-26-000005,https://www.sec.gov/Archives/edgar/data/1260221/000165610926000005/primarydocument.xml,nonDerivative,2026-07-15,S,Common Stock,10.00,1233.38,12333.800000000001,3600.00,D,Reiss Joel,Co-Chief Operating Officer,false,true,false,Co-Chief Operating Officer,SEC EDGAR
TDG|0001656109-26-000004|nonDerivative|2026-07-15|Reiss Joel|M|Common Stock|3900.00|284.97|D,2026-07-23 03:38:23+0000,TDG,TransDigm Group INC,0001260221,4,2026-07-17,2026-07-15,0001656109-26-000004,https://www.sec.gov/Archives/edgar/data/1260221/000165610926000004/primarydocument.xml,nonDerivative,2026-07-15,M,Common Stock,3900.00,284.97,1111383.0,7500.00,D,Reiss Joel,Co-Chief Operating Officer,false,true,false,Co-Chief Operating Officer,SEC EDGAR
TDG|0001656109-26-000004|nonDerivative|2026-07-15|Reiss Joel|S|Common Stock|10.00|1195.204|D,2026-07-23 03:38:23+0000,TDG,TransDigm Group INC,0001260221,4,2026-07-17,2026-07-15,0001656109-26-000004,https://www.sec.gov/Archives/edgar/data/1260221/000165610926000004/primarydocument.xml,nonDerivative,2026-07-15,S,Common Stock,10.00,1195.204,11952.039999999999,7490.00,D,Reiss Joel,Co-Chief Operating Officer,false,true,false,Co-Chief Operating Officer,SEC EDGAR
TDG|0001656109-26-000004|nonDerivative|2026-07-15|Reiss Joel|S|Common Stock|70.00|1197.851|D,2026-07-23 03:38:23+0000,TDG,TransDigm Group INC,0001260221,4,2026-07-17,2026-07-15,0001656109-26-000004,https://www.sec.gov/Archives/edgar/data/1260221/000165610926000004/primarydocument.xml,nonDerivative,2026-07-15,S,Common Stock,70.00,1197.851,83849.57,7420.00,D,Reiss Joel,Co-Chief Operating Officer,false,true,false,Co-Chief Operating Officer,SEC EDGAR
TDG|0001656109-26-000004|nonDerivative|2026-07-15|Reiss Joel|S|Common Stock|80.00|1198.795|D,2026-07-23 03:38:23+0000,TDG,TransDigm Group INC,0001260221,4,2026-07-17,2026-07-15,0001656109-26-000004,https://www.sec.gov/Archives/edgar/data/1260221/000165610926000004/primarydocument.xml,nonDerivative,2026-07-15,S,Common Stock,80.00,1198.795,95903.6,7340.00,D,Reiss Joel,Co-Chief Operating Officer,false,true,false,Co-Chief Operating Officer,SEC EDGAR
TDG|0001656109-26-000004|nonDerivative|2026-07-15|Reiss Joel|S|Common Stock|156.00|1200.1437|D,2026-07-23 03:38:23+0000,TDG,TransDigm Group INC,0001260221,4,2026-07-17,2026-07-15,0001656109-26-000004,https://www.sec.gov/Archives/edgar/data/1260221/000165610926000004/primarydocument.xml,nonDerivative,2026-07-15,S,Common Stock,156.00,1200.1437,187222.41720000003,7184.00,D,Reiss Joel,Co-Chief Operating Officer,false,true,false,Co-Chief Operating Officer,SEC EDGAR
TDG|0001656109-26-000004|nonDerivative|2026-07-15|Reiss Joel|S|Common Stock|160.00|1201.3181|D,2026-07-23 03:38:23+0000,TDG,TransDigm Group INC,0001260221,4,2026-07-17,2026-07-15,0001656109-26-000004,https://www.sec.gov/Archives/edgar/data/1260221/000165610926000004/primarydocument.xml,nonDerivative,2026-07-15,S,Common Stock,160.00,1201.3181,192210.896,7024.00,D,Reiss Joel,Co-Chief Operating Officer,false,true,false,Co-Chief Operating Officer,SEC EDGAR
TDG|0001656109-26-000004|nonDerivative|2026-07-15|Reiss Joel|S|Common Stock|116.00|1202.4405|D,2026-07-23 03:38:23+0000,TDG,TransDigm Group INC,0001260221,4,2026-07-17,2026-07-15,0001656109-26-000004,https://www.sec.gov/Archives/edgar/data/1260221/000165610926000004/primarydocument.xml,nonDerivative,2026-07-15,S,Common Stock,116.00,1202.4405,139483.098,6908.00,D,Reiss Joel,Co-Chief Operating Officer,false,true,false,Co-Chief Operating Officer,SEC EDGAR
TDG|0001656109-26-000004|nonDerivative|2026-07-15|Reiss Joel|S|Common Stock|74.00|1203.8026|D,2026-07-23 03:38:23+0000,TDG,TransDigm Group INC,0001260221,4,2026-07-17,2026-07-15,0001656109-26-000004,https://www.sec.gov/Archives/edgar/data/1260221/000165610926000004/primarydocument.xml,nonDerivative,2026-07-15,S,Common Stock,74.00,1203.8026,89081.3924,6834.00,D,Reiss Joel,Co-Chief Operating Officer,false,true,false,Co-Chief Operating Officer,SEC EDGAR
TDG|0001656109-26-000004|nonDerivative|2026-07-15|Reiss Joel|S|Common Stock|10.00|1204.60|D,2026-07-23 03:38:23+0000,TDG,TransDigm Group INC,0001260221,4,2026-07-17,2026-07-15,0001656109-26-000004,https://www.sec.gov/Archives/edgar/data/1260221/000165610926000004/primarydocument.xml,nonDerivative,2026-07-15,S,Common Stock,10.00,1204.60,12046.0,6824.00,D,Reiss Joel,Co-Chief Operating Officer,false,true,false,Co-Chief Operating Officer,SEC EDGAR
TDG|0001656109-26-000004|nonDerivative|2026-07-15|Reiss Joel|S|Common Stock|30.00|1206.69|D,2026-07-23 03:38:23+0000,TDG,TransDigm Group INC,0001260221,4,2026-07-17,2026-07-15,0001656109-26-000004,https://www.sec.gov/Archives/edgar/data/1260221/000165610926000004/primarydocument.xml,nonDerivative,2026-07-15,S,Common Stock,30.00,1206.69,36200.700000000004,6794.00,D,Reiss Joel,Co-Chief Operating Officer,false,true,false,Co-Chief Operating Officer,SEC EDGAR
TDG|0001656109-26-000004|nonDerivative|2026-07-15|Reiss Joel|S|Common Stock|60.00|1208.5072|D,2026-07-23 03:38:23+0000,TDG,TransDigm Group INC,0001260221,4,2026-07-17,2026-07-15,0001656109-26-000004,https://www.sec.gov/Archives/edgar/data/1260221/000165610926000004/primarydocument.xml,nonDerivative,2026-07-15,S,Common Stock,60.00,1208.5072,72510.432,6734.00,D,Reiss Joel,Co-Chief Operating Officer,false,true,false,Co-Chief Operating Officer,SEC EDGAR
TDG|0001656109-26-000004|nonDerivative|2026-07-15|Reiss Joel|S|Common Stock|80.00|1209.1975|D,2026-07-23 03:38:23+0000,TDG,TransDigm Group INC,0001260221,4,2026-07-17,2026-07-15,0001656109-26-000004,https://www.sec.gov/Archives/edgar/data/1260221/000165610926000004/primarydocument.xml,nonDerivative,2026-07-15,S,Common Stock,80.00,1209.1975,96735.8,6654.00,D,Reiss Joel,Co-Chief Operating Officer,false,true,false,Co-Chief Operating Officer,SEC EDGAR
TDG|0001656109-26-000004|nonDerivative|2026-07-15|Reiss Joel|S|Common Stock|30.00|1210.3053|D,2026-07-23 03:38:23+0000,TDG,TransDigm Group INC,0001260221,4,2026-07-17,2026-07-15,0001656109-26-000004,https://www.sec.gov/Archives/edgar/data/1260221/000165610926000004/primarydocument.xml,nonDerivative,2026-07-15,S,Common Stock,30.00,1210.3053,36309.159,6624.00,D,Reiss Joel,Co-Chief Operating Officer,false,true,false,Co-Chief Operating Officer,SEC EDGAR
TDG|0001656109-26-000004|nonDerivative|2026-07-15|Reiss Joel|S|Common Stock|90.00|1211.5011|D,2026-07-23 03:38:23+0000,TDG,TransDigm Group INC,0001260221,4,2026-07-17,2026-07-15,0001656109-26-000004,https://www.sec.gov/Archives/edgar/data/1260221/000165610926000004/primarydocument.xml,nonDerivative,2026-07-15,S,Common Stock,90.00,1211.5011,109035.099,6534.00,D,Reiss Joel,Co-Chief Operating Officer,false,true,false,Co-Chief Operating Officer,SEC EDGAR
TDG|0001656109-26-000004|nonDerivative|2026-07-15|Reiss Joel|S|Common Stock|110.00|1212.5936|D,2026-07-23 03:38:23+0000,TDG,TransDigm Group INC,0001260221,4,2026-07-17,2026-07-15,0001656109-26-000004,https://www.sec.gov/Archives/edgar/data/1260221/000165610926000004/primarydocument.xml,nonDerivative,2026-07-15,S,Common Stock,110.00,1212.5936,133385.296,6424.00,D,Reiss Joel,Co-Chief Operating Officer,false,true,false,Co-Chief Operating Officer,SEC EDGAR
TDG|0001656109-26-000004|nonDerivative|2026-07-15|Reiss Joel|S|Common Stock|170.00|1213.7275|D,2026-07-23 03:38:23+0000,TDG,TransDigm Group INC,0001260221,4,2026-07-17,2026-07-15,0001656109-26-000004,https://www.sec.gov/Archives/edgar/data/1260221/000165610926000004/primarydocument.xml,nonDerivative,2026-07-15,S,Common Stock,170.00,1213.7275,206333.675,6254.00,D,Reiss Joel,Co-Chief Operating Officer,false,true,false,Co-Chief Operating Officer,SEC EDGAR
TDG|0001656109-26-000004|nonDerivative|2026-07-15|Reiss Joel|S|Common Stock|211.00|1215.1264|D,2026-07-23 03:38:23+0000,TDG,TransDigm Group INC,0001260221,4,2026-07-17,2026-07-15,0001656109-26-000004,https://www.sec.gov/Archives/edgar/data/1260221/000165610926000004/primarydocument.xml,nonDerivative,2026-07-15,S,Common Stock,211.00,1215.1264,256391.67040000003,6043.00,D,Reiss Joel,Co-Chief Operating Officer,false,true,false,Co-Chief Operating Officer,SEC EDGAR
TDG|0001656109-26-000004|nonDerivative|2026-07-15|Reiss Joel|S|Common Stock|239.00|1216.2243|D,2026-07-23 03:38:23+0000,TDG,TransDigm Group INC,0001260221,4,2026-07-17,2026-07-15,0001656109-26-000004,https://www.sec.gov/Archives/edgar/data/1260221/000165610926000004/primarydocument.xml,nonDerivative,2026-07-15,S,Common Stock,239.00,1216.2243,290677.6077,5804.00,D,Reiss Joel,Co-Chief Operating Officer,false,true,false,Co-Chief Operating Officer,SEC EDGAR
TDG|0001656109-26-000004|nonDerivative|2026-07-15|Reiss Joel|S|Common Stock|60.00|1217.2467|D,2026-07-23 03:38:23+0000,TDG,TransDigm Group INC,0001260221,4,2026-07-17,2026-07-15,0001656109-26-000004,https://www.sec.gov/Archives/edgar/data/1260221/000165610926000004/primarydocument.xml,nonDerivative,2026-07-15,S,Common Stock,60.00,1217.2467,73034.802,5744.00,D,Reiss Joel,Co-Chief Operating Officer,false,true,false,Co-Chief Operating Officer,SEC EDGAR
TDG|0001656109-26-000004|nonDerivative|2026-07-15|Reiss Joel|S|Common Stock|90.00|1218.22|D,2026-07-23 03:38:23+0000,TDG,TransDigm Group INC,0001260221,4,2026-07-17,2026-07-15,0001656109-26-000004,https://www.sec.gov/Archives/edgar/data/1260221/000165610926000004/primarydocument.xml,nonDerivative,2026-07-15,S,Common Stock,90.00,1218.22,109639.8,5654.00,D,Reiss Joel,Co-Chief Operating Officer,false,true,false,Co-Chief Operating Officer,SEC EDGAR
TDG|0001656109-26-000004|nonDerivative|2026-07-15|Reiss Joel|S|Common Stock|90.00|1219.2991|D,2026-07-23 03:38:23+0000,TDG,TransDigm Group INC,0001260221,4,2026-07-17,2026-07-15,0001656109-26-000004,https://www.sec.gov/Archives/edgar/data/1260221/000165610926000004/primarydocument.xml,nonDerivative,2026-07-15,S,Common Stock,90.00,1219.2991,109736.919,5564.00,D,Reiss Joel,Co-Chief Operating Officer,false,true,false,Co-Chief Operating Officer,SEC EDGAR
TDG|0001656109-26-000004|nonDerivative|2026-07-15|Reiss Joel|S|Common Stock|140.00|1220.4962|D,2026-07-23 03:38:23+0000,TDG,TransDigm Group INC,0001260221,4,2026-07-17,2026-07-15,0001656109-26-000004,https://www.sec.gov/Archives/edgar/data/1260221/000165610926000004/primarydocument.xml,nonDerivative,2026-07-15,S,Common Stock,140.00,1220.4962,170869.468,5424.00,D,Reiss Joel,Co-Chief Operating Officer,false,true,false,Co-Chief Operating Officer,SEC EDGAR
TDG|0001656109-26-000004|nonDerivative|2026-07-15|Reiss Joel|S|Common Stock|210.00|1221.5297|D,2026-07-23 03:38:23+0000,TDG,TransDigm Group INC,0001260221,4,2026-07-17,2026-07-15,0001656109-26-000004,https://www.sec.gov/Archives/edgar/data/1260221/000165610926000004/primarydocument.xml,nonDerivative,2026-07-15,S,Common Stock,210.00,1221.5297,256521.23700000002,5214.00,D,Reiss Joel,Co-Chief Operating Officer,false,true,false,Co-Chief Operating Officer,SEC EDGAR
TDG|0001656109-26-000004|nonDerivative|2026-07-15|Reiss Joel|S|Common Stock|60.00|1222.5986|D,2026-07-23 03:38:23+0000,TDG,TransDigm Group INC,0001260221,4,2026-07-17,2026-07-15,0001656109-26-000004,https://www.sec.gov/Archives/edgar/data/1260221/000165610926000004/primarydocument.xml,nonDerivative,2026-07-15,S,Common Stock,60.00,1222.5986,73355.916,5154.00,D,Reiss Joel,Co-Chief Operating Officer,false,true,false,Co-Chief Operating Officer,SEC EDGAR
TDG|0001656109-26-000004|nonDerivative|2026-07-15|Reiss Joel|S|Common Stock|138.00|1223.512|D,2026-07-23 03:38:23+0000,TDG,TransDigm Group INC,0001260221,4,2026-07-17,2026-07-15,0001656109-26-000004,https://www.sec.gov/Archives/edgar/data/1260221/000165610926000004/primarydocument.xml,nonDerivative,2026-07-15,S,Common Stock,138.00,1223.512,168844.656,5016.00,D,Reiss Joel,Co-Chief Operating Officer,false,true,false,Co-Chief Operating Officer,SEC EDGAR
TDG|0001656109-26-000004|nonDerivative|2026-07-15|Reiss Joel|S|Common Stock|509.00|1224.6206|D,2026-07-23 03:38:23+0000,TDG,TransDigm Group INC,0001260221,4,2026-07-17,2026-07-15,0001656109-26-000004,https://www.sec.gov/Archives/edgar/data/1260221/000165610926000004/primarydocument.xml,nonDerivative,2026-07-15,S,Common Stock,509.00,1224.6206,623331.8854,4507.00,D,Reiss Joel,Co-Chief Operating Officer,false,true,false,Co-Chief Operating Officer,SEC EDGAR
TDG|0001656109-26-000004|nonDerivative|2026-07-15|Reiss Joel|S|Common Stock|153.00|1225.6161|D,2026-07-23 03:38:23+0000,TDG,TransDigm Group INC,0001260221,4,2026-07-17,2026-07-15,0001656109-26-000004,https://www.sec.gov/Archives/edgar/data/1260221/000165610926000004/primarydocument.xml,nonDerivative,2026-07-15,S,Common Stock,153.00,1225.6161,187519.2633,4354.00,D,Reiss Joel,Co-Chief Operating Officer,false,true,false,Co-Chief Operating Officer,SEC EDGAR
TDG|0001656109-26-000004|nonDerivative|2026-07-15|Reiss Joel|S|Common Stock|40.00|1226.9825|D,2026-07-23 03:38:23+0000,TDG,TransDigm Group INC,0001260221,4,2026-07-17,2026-07-15,0001656109-26-000004,https://www.sec.gov/Archives/edgar/data/1260221/000165610926000004/primarydocument.xml,nonDerivative,2026-07-15,S,Common Stock,40.00,1226.9825,49079.3,4314.00,D,Reiss Joel,Co-Chief Operating Officer,false,true,false,Co-Chief Operating Officer,SEC EDGAR
TDG|0001656109-26-000004|nonDerivative|2026-07-15|Reiss Joel|S|Common Stock|210.00|1227.8195|D,2026-07-23 03:38:23+0000,TDG,TransDigm Group INC,0001260221,4,2026-07-17,2026-07-15,0001656109-26-000004,https://www.sec.gov/Archives/edgar/data/1260221/000165610926000004/primarydocument.xml,nonDerivative,2026-07-15,S,Common Stock,210.00,1227.8195,257842.095,4104.00,D,Reiss Joel,Co-Chief Operating Officer,false,true,false,Co-Chief Operating Officer,SEC EDGAR
TDG|0001656109-26-000004|nonDerivative|2026-07-15|Reiss Joel|S|Common Stock|90.00|1228.79|D,2026-07-23 03:38:23+0000,TDG,TransDigm Group INC,0001260221,4,2026-07-17,2026-07-15,0001656109-26-000004,https://www.sec.gov/Archives/edgar/data/1260221/000165610926000004/primarydocument.xml,nonDerivative,2026-07-15,S,Common Stock,90.00,1228.79,110591.09999999999,4014.00,D,Reiss Joel,Co-Chief Operating Officer,false,true,false,Co-Chief Operating Officer,SEC EDGAR
TDG|0001656109-26-000004|derivative|2026-07-15|Reiss Joel|M|Stock Option|3900.00|0.00|D,2026-07-23 03:38:23+0000,TDG,TransDigm Group INC,0001260221,4,2026-07-17,2026-07-15,0001656109-26-000004,https://www.sec.gov/Archives/edgar/data/1260221/000165610926000004/primarydocument.xml,derivative,2026-07-15,M,Stock Option,3900.00,0.00,0.0,19700.00,D,Reiss Joel,Co-Chief Operating Officer,false,true,false,Co-Chief Operating Officer,SEC EDGAR
RSG|0001060391-26-000251|derivative|2026-07-15|Weymouth Katharine|A|Restricted Stock Units|10.53|217.34|D,2026-07-23 03:38:23+0000,RSG,"REPUBLIC SERVICES, INC.",0001060391,4,2026-07-17,2026-07-15,0001060391-26-000251,https://www.sec.gov/Archives/edgar/data/1060391/000106039126000251/wk-form4_1784325191.xml,derivative,2026-07-15,A,Restricted Stock Units,10.53,217.34,2288.5902,3714.71,D,Weymouth Katharine,Director,1,0,0,,SEC EDGAR
RSG|0001060391-26-000250|derivative|2026-07-15|Volpe Sandra M|A|Restricted Stock Units|65.98|217.34|D,2026-07-23 03:38:23+0000,RSG,"REPUBLIC SERVICES, INC.",0001060391,4,2026-07-17,2026-07-15,0001060391-26-000250,https://www.sec.gov/Archives/edgar/data/1060391/000106039126000250/wk-form4_1784325136.xml,derivative,2026-07-15,A,Restricted Stock Units,65.98,217.34,14340.093200000001,23051.27,D,Volpe Sandra M,Director,1,0,0,,SEC EDGAR
RSG|0001060391-26-000262|derivative|2026-07-15|Vaughn Kevin G.|A|Restricted Stock Units|16.57|217.34|D,2026-07-23 03:38:23+0000,RSG,"REPUBLIC SERVICES, INC.",0001060391,4,2026-07-17,2026-07-15,0001060391-26-000262,https://www.sec.gov/Archives/edgar/data/1060391/000106039126000262/wk-form4_1784326151.xml,derivative,2026-07-15,A,Restricted Stock Units,16.57,217.34,3601.3238,5778.57,D,Vaughn Kevin G.,"Officer, SVP Operations",0,1,0,SVP Operations,SEC EDGAR
RSG|0001060391-26-000252|derivative|2026-07-15|Vander Ark Jon|A|Restricted Stock Units|129.83|217.34|D,2026-07-23 03:38:23+0000,RSG,"REPUBLIC SERVICES, INC.",0001060391,4,2026-07-17,2026-07-15,0001060391-26-000252,https://www.sec.gov/Archives/edgar/data/1060391/000106039126000252/wk-form4_1784325332.xml,derivative,2026-07-15,A,Restricted Stock Units,129.83,217.34,28217.252200000003,45311.94,D,Vander Ark Jon,"Director, Officer, CEO and President",1,1,0,CEO and President,SEC EDGAR
RSG|0001060391-26-000249|derivative|2026-07-15|TYLER BRIAN S.|A|Restricted Stock Units|10.53|217.34|D,2026-07-23 03:38:23+0000,RSG,"REPUBLIC SERVICES, INC.",0001060391,4,2026-07-17,2026-07-15,0001060391-26-000249,https://www.sec.gov/Archives/edgar/data/1060391/000106039126000249/wk-form4_1784325080.xml,derivative,2026-07-15,A,Restricted Stock Units,10.53,217.34,2288.5902,3714.71,D,TYLER BRIAN S.,Director,1,0,0,,SEC EDGAR
RSG|0001060391-26-000248|derivative|2026-07-15|Snee James P|A|Restricted Stock Units|10.53|217.34|D,2026-07-23 03:38:23+0000,RSG,"REPUBLIC SERVICES, INC.",0001060391,4,2026-07-17,2026-07-15,0001060391-26-000248,https://www.sec.gov/Archives/edgar/data/1060391/000106039126000248/wk-form4_1784325028.xml,derivative,2026-07-15,A,Restricted Stock Units,10.53,217.34,2288.5902,3714.71,D,Snee James P,Director,1,0,0,,SEC EDGAR
RSG|0001060391-26-000259|derivative|2026-07-15|Rodriguez Courtney|A|Restricted Stock Units|13.46|217.34|D,2026-07-23 03:38:23+0000,RSG,"REPUBLIC SERVICES, INC.",0001060391,4,2026-07-17,2026-07-15,0001060391-26-000259,https://www.sec.gov/Archives/edgar/data/1060391/000106039126000259/wk-form4_1784325883.xml,derivative,2026-07-15,A,Restricted Stock Units,13.46,217.34,2925.3964,4322.47,D,Rodriguez Courtney,"Officer, EVP, Chief HR Officer",0,1,0,"EVP, Chief HR Officer",SEC EDGAR
RSG|0001060391-26-000261|derivative|2026-07-15|Richardson Larson|A|Restricted Stock Units|20.5|217.34|D,2026-07-23 03:38:23+0000,RSG,"REPUBLIC SERVICES, INC.",0001060391,4,2026-07-17,2026-07-15,0001060391-26-000261,https://www.sec.gov/Archives/edgar/data/1060391/000106039126000261/wk-form4_1784326064.xml,derivative,2026-07-15,A,Restricted Stock Units,20.5,217.34,4455.47,6972.94,D,Richardson Larson,"Officer, SVP Operations",0,1,0,SVP Operations,SEC EDGAR
RSG|0001060391-26-000261|derivative|2026-07-15|Richardson Larson|A|Performance Shares (PSUs)|5|217.34|D,2026-07-23 03:38:23+0000,RSG,"REPUBLIC SERVICES, INC.",0001060391,4,2026-07-17,2026-07-15,0001060391-26-000261,https://www.sec.gov/Archives/edgar/data/1060391/000106039126000261/wk-form4_1784326064.xml,derivative,2026-07-15,A,Performance Shares (PSUs),5,217.34,1086.7,1886,D,Richardson Larson,"Officer, SVP Operations",0,1,0,SVP Operations,SEC EDGAR
RSG|0001060391-26-000261|derivative|2026-07-15|Richardson Larson|A|Stock Units|2|217.34|D,2026-07-23 03:38:23+0000,RSG,"REPUBLIC SERVICES, INC.",0001060391,4,2026-07-17,2026-07-15,0001060391-26-000261,https://www.sec.gov/Archives/edgar/data/1060391/000106039126000261/wk-form4_1784326064.xml,derivative,2026-07-15,A,Stock Units,2,217.34,434.68,558,D,Richardson Larson,"Officer, SVP Operations",0,1,0,SVP Operations,SEC EDGAR
RSG|0001060391-26-000247|derivative|2026-07-15|Reynolds Margaret|A|Restricted Stock Units|12.53|217.34|D,2026-07-23 03:38:23+0000,RSG,"REPUBLIC SERVICES, INC.",0001060391,4,2026-07-17,2026-07-15,0001060391-26-000247,https://www.sec.gov/Archives/edgar/data/1060391/000106039126000247/wk-form4_1784324963.xml,derivative,2026-07-15,A,Restricted Stock Units,12.53,217.34,2723.2702,4394.71,D,Reynolds Margaret,Director,1,0,0,,SEC EDGAR
RSG|0001060391-26-000246|derivative|2026-07-15|LINEBARGER NORMAN THOMAS|A|Restricted Stock Units|10.53|217.34|D,2026-07-23 03:38:23+0000,RSG,"REPUBLIC SERVICES, INC.",0001060391,4,2026-07-17,2026-07-15,0001060391-26-000246,https://www.sec.gov/Archives/edgar/data/1060391/000106039126000246/wk-form4_1784324906.xml,derivative,2026-07-15,A,Restricted Stock Units,10.53,217.34,2288.5902,3504.71,D,LINEBARGER NORMAN THOMAS,Director,1,0,0,,SEC EDGAR
RSG|0001060391-26-000245|derivative|2026-07-15|LARSON MICHAEL|A|Restricted Stock Units|115.53|217.34|D,2026-07-23 03:38:23+0000,RSG,"REPUBLIC SERVICES, INC.",0001060391,4,2026-07-17,2026-07-15,0001060391-26-000245,https://www.sec.gov/Archives/edgar/data/1060391/000106039126000245/wk-form4_1784324848.xml,derivative,2026-07-15,A,Restricted Stock Units,115.53,217.34,25109.2902,40165.71,D,LARSON MICHAEL,Director,1,0,0,,SEC EDGAR
RSG|0001060391-26-000244|derivative|2026-07-15|Kirk Jennifer M|A|Restricted Stock Units|71.47|217.34|D,2026-07-23 03:38:23+0000,RSG,"REPUBLIC SERVICES, INC.",0001060391,4,2026-07-17,2026-07-15,0001060391-26-000244,https://www.sec.gov/Archives/edgar/data/1060391/000106039126000244/wk-form4_1784324769.xml,derivative,2026-07-15,A,Restricted Stock Units,71.47,217.34,15533.2898,24922.56,D,Kirk Jennifer M,Director,1,0,0,,SEC EDGAR
RSG|0001060391-26-000243|derivative|2026-07-15|Kadre Manuel|A|Restricted Stock Units|115.46|217.34|D,2026-07-23 03:38:23+0000,RSG,"REPUBLIC SERVICES, INC.",0001060391,4,2026-07-17,2026-07-15,0001060391-26-000243,https://www.sec.gov/Archives/edgar/data/1060391/000106039126000243/wk-form4_1784324663.xml,derivative,2026-07-15,A,Restricted Stock Units,115.46,217.34,25094.076399999998,40264.56,D,Kadre Manuel,Director,1,0,0,,SEC EDGAR
RSG|0001060391-26-000258|derivative|2026-07-15|Hodges Amanda|A|Restricted Stock Units|12.84|217.34|D,2026-07-23 03:38:23+0000,RSG,"REPUBLIC SERVICES, INC.",0001060391,4,2026-07-17,2026-07-15,0001060391-26-000258,https://www.sec.gov/Archives/edgar/data/1060391/000106039126000258/wk-form4_1784325830.xml,derivative,2026-07-15,A,Restricted Stock Units,12.84,217.34,2790.6456,4386.63,D,Hodges Amanda,"Officer, EVP, Chief Commercial Officer",0,1,0,"EVP, Chief Commercial Officer",SEC EDGAR
RSG|0001060391-26-000242|derivative|2026-07-15|HANDLEY THOMAS W|A|Restricted Stock Units|71.47|217.34|D,2026-07-23 03:38:23+0000,RSG,"REPUBLIC SERVICES, INC.",0001060391,4,2026-07-17,2026-07-15,0001060391-26-000242,https://www.sec.gov/Archives/edgar/data/1060391/000106039126000242/wk-form4_1784324589.xml,derivative,2026-07-15,A,Restricted Stock Units,71.47,217.34,15533.2898,24922.56,D,HANDLEY THOMAS W,Director,1,0,0,,SEC EDGAR
RSG|0001060391-26-000257|derivative|2026-07-15|Ellingsen Catharine D|A|Restricted Stock Units|23.71|217.34|D,2026-07-23 03:38:23+0000,RSG,"REPUBLIC SERVICES, INC.",0001060391,4,2026-07-17,2026-07-15,0001060391-26-000257,https://www.sec.gov/Archives/edgar/data/1060391/000106039126000257/wk-form4_1784325771.xml,derivative,2026-07-15,A,Restricted Stock Units,23.71,217.34,5153.1314,8127.24,D,Ellingsen Catharine D,"Officer, EVP/Chief Legal Officer/Sec",0,1,0,EVP/Chief Legal Officer/Sec,SEC EDGAR
RSG|0001060391-26-000257|derivative|2026-07-15|Ellingsen Catharine D|A|Stock Units|60|217.34|D,2026-07-23 03:38:23+0000,RSG,"REPUBLIC SERVICES, INC.",0001060391,4,2026-07-17,2026-07-15,0001060391-26-000257,https://www.sec.gov/Archives/edgar/data/1060391/000106039126000257/wk-form4_1784325771.xml,derivative,2026-07-15,A,Stock Units,60,217.34,13040.4,21010,D,Ellingsen Catharine D,"Officer, EVP/Chief Legal Officer/Sec",0,1,0,EVP/Chief Legal Officer/Sec,SEC EDGAR
RSG|0001060391-26-000241|derivative|2026-07-15|Duffy Michael A|A|Restricted Stock Units|28.79|217.34|D,2026-07-23 03:38:23+0000,RSG,"REPUBLIC SERVICES, INC.",0001060391,4,2026-07-17,2026-07-15,0001060391-26-000241,https://www.sec.gov/Archives/edgar/data/1060391/000106039126000241/wk-form4_1784324525.xml,derivative,2026-07-15,A,Restricted Stock Units,28.79,217.34,6257.2186,10040.89,D,Duffy Michael A,Director,1,0,0,,SEC EDGAR
RSG|0001060391-26-000256|derivative|2026-07-15|DelGhiaccio Brian M|A|Restricted Stock Units|91.44|217.34|D,2026-07-23 03:38:23+0000,RSG,"REPUBLIC SERVICES, INC.",0001060391,4,2026-07-17,2026-07-15,0001060391-26-000256,https://www.sec.gov/Archives/edgar/data/1060391/000106039126000256/wk-form4_1784325702.xml,derivative,2026-07-15,A,Restricted Stock Units,91.44,217.34,19873.5696,31839.63,D,DelGhiaccio Brian M,"Officer, EVP Chief Financial Officer",0,1,0,EVP Chief Financial Officer,SEC EDGAR
RSG|0001060391-26-000256|derivative|2026-07-15|DelGhiaccio Brian M|A|Performance Shares (PSUs)|24|217.34|D,2026-07-23 03:38:23+0000,RSG,"REPUBLIC SERVICES, INC.",0001060391,4,2026-07-17,2026-07-15,0001060391-26-000256,https://www.sec.gov/Archives/edgar/data/1060391/000106039126000256/wk-form4_1784325702.xml,derivative,2026-07-15,A,Performance Shares (PSUs),24,217.34,5216.16,8384,D,DelGhiaccio Brian M,"Officer, EVP Chief Financial Officer",0,1,0,EVP Chief Financial Officer,SEC EDGAR
RSG|0001060391-26-000240|derivative|2026-07-15|Craig Ian M.|A|Restricted Stock Units|2.65|217.34|D,2026-07-23 03:38:23+0000,RSG,"REPUBLIC SERVICES, INC.",0001060391,4,2026-07-17,2026-07-15,0001060391-26-000240,https://www.sec.gov/Archives/edgar/data/1060391/000106039126000240/wk-form4_1784324222.xml,derivative,2026-07-15,A,Restricted Stock Units,2.65,217.34,575.951,924.37,D,Craig Ian M.,Director,1,0,0,,SEC EDGAR
RSG|0001060391-26-000263|derivative|2026-07-15|Carlsen Elyse|A|Restricted Stock Units|2.98|217.34|D,2026-07-23 03:38:23+0000,RSG,"REPUBLIC SERVICES, INC.",0001060391,4,2026-07-17,2026-07-15,0001060391-26-000263,https://www.sec.gov/Archives/edgar/data/1060391/000106039126000263/wk-form4_1784326227.xml,derivative,2026-07-15,A,Restricted Stock Units,2.98,217.34,647.6732,1295.88,D,Carlsen Elyse,"Officer, CAO",0,1,0,CAO,SEC EDGAR
RSG|0001060391-26-000263|derivative|2026-07-15|Carlsen Elyse|A|PSU Shares Deferred to DCP|1|217.34|D,2026-07-23 03:38:23+0000,RSG,"REPUBLIC SERVICES, INC.",0001060391,4,2026-07-17,2026-07-15,0001060391-26-000263,https://www.sec.gov/Archives/edgar/data/1060391/000106039126000263/wk-form4_1784326227.xml,derivative,2026-07-15,A,PSU Shares Deferred to DCP,1,217.34,217.34,241,D,Carlsen Elyse,"Officer, CAO",0,1,0,CAO,SEC EDGAR
RSG|0001060391-26-000255|derivative|2026-07-15|Brummer Gregg|A|Restricted Stock Units|51.73|217.34|D,2026-07-23 03:38:23+0000,RSG,"REPUBLIC SERVICES, INC.",0001060391,4,2026-07-17,2026-07-15,0001060391-26-000255,https://www.sec.gov/Archives/edgar/data/1060391/000106039126000255/wk-form4_1784325621.xml,derivative,2026-07-15,A,Restricted Stock Units,51.73,217.34,11242.9982,18267.22,D,Brummer Gregg,"Officer, EVP, COO",0,1,0,"EVP, COO",SEC EDGAR
RSG|0001060391-26-000254|derivative|2026-07-15|Bell Jennifer Lynn|A|Restricted Stock Units|6.46|217.34|D,2026-07-23 03:38:23+0000,RSG,"REPUBLIC SERVICES, INC.",0001060391,4,2026-07-17,2026-07-15,0001060391-26-000254,https://www.sec.gov/Archives/edgar/data/1060391/000106039126000254/wk-form4_1784325554.xml,derivative,2026-07-15,A,Restricted Stock Units,6.46,217.34,1404.0164,2255.97,D,Bell Jennifer Lynn,"Officer, EVP, Chief Marketing Officer",0,1,0,"EVP, Chief Marketing Officer",SEC EDGAR
RSG|0001060391-26-000253|derivative|2026-07-15|Bales Brian A|A|Restricted Stock Units|193.63|217.34|D,2026-07-23 03:38:23+0000,RSG,"REPUBLIC SERVICES, INC.",0001060391,4,2026-07-17,2026-07-15,0001060391-26-000253,https://www.sec.gov/Archives/edgar/data/1060391/000106039126000253/wk-form4_1784325476.xml,derivative,2026-07-15,A,Restricted Stock Units,193.63,217.34,42083.5442,67500.11,D,Bales Brian A,"Officer, EVP, Chief Development Officer",0,1,0,"EVP, Chief Development Officer",SEC EDGAR
RSG|0001060391-26-000253|derivative|2026-07-15|Bales Brian A|A|Stock Units|80|217.34|D,2026-07-23 03:38:23+0000,RSG,"REPUBLIC SERVICES, INC.",0001060391,4,2026-07-17,2026-07-15,0001060391-26-000253,https://www.sec.gov/Archives/edgar/data/1060391/000106039126000253/wk-form4_1784325476.xml,derivative,2026-07-15,A,Stock Units,80,217.34,17387.2,28190,D,Bales Brian A,"Officer, EVP, Chief Development Officer",0,1,0,"EVP, Chief Development Officer",SEC EDGAR
RSG|0001060391-26-000253|derivative|2026-07-15|Bales Brian A|A|Performance Shares (PSUs)|114|217.34|D,2026-07-23 03:38:23+0000,RSG,"REPUBLIC SERVICES, INC.",0001060391,4,2026-07-17,2026-07-15,0001060391-26-000253,https://www.sec.gov/Archives/edgar/data/1060391/000106039126000253/wk-form4_1784325476.xml,derivative,2026-07-15,A,Performance Shares (PSUs),114,217.34,24776.760000000002,39950,D,Bales Brian A,"Officer, EVP, Chief Development Officer",0,1,0,"EVP, Chief Development Officer",SEC EDGAR
RSG|0001060391-26-000260|derivative|2026-07-15|Arambula Julia|A|Restricted Stock Units|21.51|217.34|D,2026-07-23 03:38:23+0000,RSG,"REPUBLIC SERVICES, INC.",0001060391,4,2026-07-17,2026-07-15,0001060391-26-000260,https://www.sec.gov/Archives/edgar/data/1060391/000106039126000260/wk-form4_1784325962.xml,derivative,2026-07-15,A,Restricted Stock Units,21.51,217.34,4674.9834,7440,D,Arambula Julia,"Officer, SVP Operations",0,1,0,SVP Operations,SEC EDGAR
RSG|0001060391-26-000260|derivative|2026-07-15|Arambula Julia|A|Performance Shares (PSUs)|10|217.34|D,2026-07-23 03:38:23+0000,RSG,"REPUBLIC SERVICES, INC.",0001060391,4,2026-07-17,2026-07-15,0001060391-26-000260,https://www.sec.gov/Archives/edgar/data/1060391/000106039126000260/wk-form4_1784325962.xml,derivative,2026-07-15,A,Performance Shares (PSUs),10,217.34,2173.4,3566,D,Arambula Julia,"Officer, SVP Operations",0,1,0,SVP Operations,SEC EDGAR
ROK|0001794668-26-000006|nonDerivative|2026-07-16|Riesterer Terry L.|M|Common Stock|849|0|D,2026-07-23 03:38:23+0000,ROK,"ROCKWELL AUTOMATION, INC",0001024478,4,2026-07-17,2026-07-16,0001794668-26-000006,https://www.sec.gov/Archives/edgar/data/1024478/000179466826000006/wk-form4_1784318836.xml,nonDerivative,2026-07-16,M,Common Stock,849,0,0.0,1883,D,Riesterer Terry L.,"Officer, Vice President and Controller",0,1,0,Vice President and Controller,SEC EDGAR
ROK|0001794668-26-000006|nonDerivative|2026-07-16|Riesterer Terry L.|S|Common Stock|281|453.235|D,2026-07-23 03:38:23+0000,ROK,"ROCKWELL AUTOMATION, INC",0001024478,4,2026-07-17,2026-07-16,0001794668-26-000006,https://www.sec.gov/Archives/edgar/data/1024478/000179466826000006/wk-form4_1784318836.xml,nonDerivative,2026-07-16,S,Common Stock,281,453.235,127359.035,1602,D,Riesterer Terry L.,"Officer, Vice President and Controller",0,1,0,Vice President and Controller,SEC EDGAR
ROK|0001794668-26-000006|derivative|2026-07-16|Riesterer Terry L.|M|Restricted Stock Units|849|0|D,2026-07-23 03:38:23+0000,ROK,"ROCKWELL AUTOMATION, INC",0001024478,4,2026-07-17,2026-07-16,0001794668-26-000006,https://www.sec.gov/Archives/edgar/data/1024478/000179466826000006/wk-form4_1784318836.xml,derivative,2026-07-16,M,Restricted Stock Units,849,0,0.0,850,D,Riesterer Terry L.,"Officer, Vice President and Controller",0,1,0,Vice President and Controller,SEC EDGAR
RF|0001745186-26-000007|derivative|2026-07-15|VINES TIMOTHY|A|Phantom Stock|992.6938|31.48|D,2026-07-23 03:38:23+0000,RF,REGIONS FINANCIAL CORP,0001281761,4,2026-07-17,2026-07-15,0001745186-26-000007,https://www.sec.gov/Archives/edgar/data/1281761/000174518626000007/wk-form4_1784319612.xml,derivative,2026-07-15,A,Phantom Stock,992.6938,31.48,31250.000824000002,55881.6102,D,VINES TIMOTHY,Director,1,0,0,,SEC EDGAR
RF|0001256896-26-000009|derivative|2026-07-15|STYSLINGER LEE J III|A|Phantom Stock|992.6938|31.48|D,2026-07-23 03:38:23+0000,RF,REGIONS FINANCIAL CORP,0001281761,4,2026-07-17,2026-07-15,0001256896-26-000009,https://www.sec.gov/Archives/edgar/data/1281761/000125689626000009/wk-form4_1784319604.xml,derivative,2026-07-15,A,Phantom Stock,992.6938,31.48,31250.000824000002,279409.4446,D,STYSLINGER LEE J III,Director,1,0,0,,SEC EDGAR
RF|0001262116-26-000012|derivative|2026-07-15|MARSHALL RUTH ANN|A|Phantom Stock|1707.4333|31.48|D,2026-07-23 03:38:23+0000,RF,REGIONS FINANCIAL CORP,0001281761,4,2026-07-17,2026-07-15,0001262116-26-000012,https://www.sec.gov/Archives/edgar/data/1281761/000126211626000012/wk-form4_1784319580.xml,derivative,2026-07-15,A,Phantom Stock,1707.4333,31.48,53750.000284,174233.2439,D,MARSHALL RUTH ANN,Director,1,0,0,,SEC EDGAR
RF|0001564533-26-000010|derivative|2026-07-15|Hill J Thomas|A|Phantom Stock|1111.817|31.48|D,2026-07-23 03:38:23+0000,RF,REGIONS FINANCIAL CORP,0001281761,4,2026-07-17,2026-07-15,0001564533-26-000010,https://www.sec.gov/Archives/edgar/data/1281761/000156453326000010/wk-form4_1784319588.xml,derivative,2026-07-15,A,Phantom Stock,1111.817,31.48,34999.99916,22883.3112,D,Hill J Thomas,Director,1,0,0,,SEC EDGAR
RF|0001426400-26-000007|derivative|2026-07-15|Crosswhite Mark A.|A|Phantom Stock|992.6938|31.48|D,2026-07-23 03:38:23+0000,RF,REGIONS FINANCIAL CORP,0001281761,4,2026-07-17,2026-07-15,0001426400-26-000007,https://www.sec.gov/Archives/edgar/data/1281761/000142640026000007/wk-form4_1784319596.xml,derivative,2026-07-15,A,Phantom Stock,992.6938,31.48,31250.000824000002,23280.7344,D,Crosswhite Mark A.,Director,1,0,0,,SEC EDGAR
PSKY|0001225208-26-006651|nonDerivative|2026-07-15|Cinelli Dennis|M|Class B common stock|187500.0000|0|D,2026-07-23 03:38:23+0000,PSKY,Paramount Skydance Corp,0002041610,4,2026-07-17,2026-07-15,0001225208-26-006651,https://www.sec.gov/Archives/edgar/data/2041610/000122520826006651/doc4.xml,nonDerivative,2026-07-15,M,Class B common stock,187500.0000,0,0.0,292633.0000,D,Cinelli Dennis,"Officer, Chief Financial Officer",,1,,Chief Financial Officer,SEC EDGAR
PSKY|0001225208-26-006651|nonDerivative|2026-07-15|Cinelli Dennis|F|Class B common stock|95401.0000|9.2500|D,2026-07-23 03:38:23+0000,PSKY,Paramount Skydance Corp,0002041610,4,2026-07-17,2026-07-15,0001225208-26-006651,https://www.sec.gov/Archives/edgar/data/2041610/000122520826006651/doc4.xml,nonDerivative,2026-07-15,F,Class B common stock,95401.0000,9.2500,882459.25,197232.0000,D,Cinelli Dennis,"Officer, Chief Financial Officer",,1,,Chief Financial Officer,SEC EDGAR
PSKY|0001225208-26-006651|derivative|2026-07-15|Cinelli Dennis|M|Restricted Stock Units|187500.0000|0.0000|D,2026-07-23 03:38:23+0000,PSKY,Paramount Skydance Corp,0002041610,4,2026-07-17,2026-07-15,0001225208-26-006651,https://www.sec.gov/Archives/edgar/data/2041610/000122520826006651/doc4.xml,derivative,2026-07-15,M,Restricted Stock Units,187500.0000,0.0000,0.0,3375000.0000,D,Cinelli Dennis,"Officer, Chief Financial Officer",,1,,Chief Financial Officer,SEC EDGAR
PRU|0001137774-26-000159|nonDerivative|2026-07-15|PRUDENTIAL FINANCIAL INC|P|Series K Mandatory Redeemable Preferred Stock|3000000|10|I,2026-07-23 03:38:23+0000,PRU,PRUDENTIAL FINANCIAL INC,0001137774,4,2026-07-17,2026-07-15,0001137774-26-000159,https://www.sec.gov/Archives/edgar/data/1137774/000113777426000159/primary_doc.xml,nonDerivative,2026-07-15,P,Series K Mandatory Redeemable Preferred Stock,3000000,10,30000000.0,3000000,I,PRUDENTIAL FINANCIAL INC,10% Owner,0,0,1,,SEC EDGAR
PRU|0001137774-26-000159|nonDerivative|2026-07-15|PRUDENTIAL FINANCIAL INC|P|Series L Mandatory Redeemable Preferred Stock|3000000|10|I,2026-07-23 03:38:23+0000,PRU,PRUDENTIAL FINANCIAL INC,0001137774,4,2026-07-17,2026-07-15,0001137774-26-000159,https://www.sec.gov/Archives/edgar/data/1137774/000113777426000159/primary_doc.xml,nonDerivative,2026-07-15,P,Series L Mandatory Redeemable Preferred Stock,3000000,10,30000000.0,3000000,I,PRUDENTIAL FINANCIAL INC,10% Owner,0,0,1,,SEC EDGAR
PLTR|0001823952-26-000018|nonDerivative|2026-07-15|Moore Alexander D.|S|Class A Common Stock|11800|133.7505|D,2026-07-23 03:38:23+0000,PLTR,Palantir Technologies Inc.,0001321655,4,2026-07-17,2026-07-15,0001823952-26-000018,https://www.sec.gov/Archives/edgar/data/1321655/000182395226000018/wk-form4_1784333024.xml,nonDerivative,2026-07-15,S,Class A Common Stock,11800,133.7505,1578255.9,1099295,D,Moore Alexander D.,Director,1,0,0,,SEC EDGAR
PLTR|0001823952-26-000018|nonDerivative|2026-07-15|Moore Alexander D.|S|Class A Common Stock|3100|134.5549|D,2026-07-23 03:38:23+0000,PLTR,Palantir Technologies Inc.,0001321655,4,2026-07-17,2026-07-15,0001823952-26-000018,https://www.sec.gov/Archives/edgar/data/1321655/000182395226000018/wk-form4_1784333024.xml,nonDerivative,2026-07-15,S,Class A Common Stock,3100,134.5549,417120.19,1096195,D,Moore Alexander D.,Director,1,0,0,,SEC EDGAR
PLTR|0001823952-26-000018|nonDerivative|2026-07-15|Moore Alexander D.|S|Class A Common Stock|1000|135.715|D,2026-07-23 03:38:23+0000,PLTR,Palantir Technologies Inc.,0001321655,4,2026-07-17,2026-07-15,0001823952-26-000018,https://www.sec.gov/Archives/edgar/data/1321655/000182395226000018/wk-form4_1784333024.xml,nonDerivative,2026-07-15,S,Class A Common Stock,1000,135.715,135715.0,1095195,D,Moore Alexander D.,Director,1,0,0,,SEC EDGAR
PLTR|0001823952-26-000018|nonDerivative|2026-07-15|Moore Alexander D.|S|Class A Common Stock|100|136.79|D,2026-07-23 03:38:23+0000,PLTR,Palantir Technologies Inc.,0001321655,4,2026-07-17,2026-07-15,0001823952-26-000018,https://www.sec.gov/Archives/edgar/data/1321655/000182395226000018/wk-form4_1784333024.xml,nonDerivative,2026-07-15,S,Class A Common Stock,100,136.79,13679.0,1095095,D,Moore Alexander D.,Director,1,0,0,,SEC EDGAR
PAYX|0001193125-26-307759|nonDerivative|2026-07-15|Simmons Christopher C|F|Common Stock|1172|110|D,2026-07-23 03:38:23+0000,PAYX,PAYCHEX INC,0000723531,4,2026-07-17,2026-07-15,0001193125-26-307759,https://www.sec.gov/Archives/edgar/data/723531/000119312526307759/ownership.xml,nonDerivative,2026-07-15,F,Common Stock,1172,110,128920.0,4217,D,Simmons Christopher C,"VP, Controller & Treasurer",false,true,false,"VP, Controller & Treasurer",SEC EDGAR
PAYX|0001193125-26-307759|nonDerivative|2026-07-15|Simmons Christopher C|A|Common Stock|1818|0|D,2026-07-23 03:38:23+0000,PAYX,PAYCHEX INC,0000723531,4,2026-07-17,2026-07-15,0001193125-26-307759,https://www.sec.gov/Archives/edgar/data/723531/000119312526307759/ownership.xml,nonDerivative,2026-07-15,A,Common Stock,1818,0,0.0,6035,D,Simmons Christopher C,"VP, Controller & Treasurer",false,true,false,"VP, Controller & Treasurer",SEC EDGAR
PAYX|0001193125-26-307759|nonDerivative|2026-07-17|Simmons Christopher C|S|Common Stock|2615|115.92|D,2026-07-23 03:38:23+0000,PAYX,PAYCHEX INC,0000723531,4,2026-07-17,2026-07-15,0001193125-26-307759,https://www.sec.gov/Archives/edgar/data/723531/000119312526307759/ownership.xml,nonDerivative,2026-07-17,S,Common Stock,2615,115.92,303130.8,3420,D,Simmons Christopher C,"VP, Controller & Treasurer",false,true,false,"VP, Controller & Treasurer",SEC EDGAR
PAYX|0001193125-26-307759|derivative|2026-07-15|Simmons Christopher C|A|Stock Option|11082|110|D,2026-07-23 03:38:23+0000,PAYX,PAYCHEX INC,0000723531,4,2026-07-17,2026-07-15,0001193125-26-307759,https://www.sec.gov/Archives/edgar/data/723531/000119312526307759/ownership.xml,derivative,2026-07-15,A,Stock Option,11082,110,1219020.0,11082,D,Simmons Christopher C,"VP, Controller & Treasurer",false,true,false,"VP, Controller & Treasurer",SEC EDGAR
PAYX|0001193125-26-307755|nonDerivative|2026-07-15|Schrader Robert L.|F|Common Stock|2382|110|D,2026-07-23 03:38:23+0000,PAYX,PAYCHEX INC,0000723531,4,2026-07-17,2026-07-15,0001193125-26-307755,https://www.sec.gov/Archives/edgar/data/723531/000119312526307755/ownership.xml,nonDerivative,2026-07-15,F,Common Stock,2382,110,262020.0,16783,D,Schrader Robert L.,"Sr. VP, CFO",false,true,false,"Sr. VP, CFO",SEC EDGAR
PAYX|0001193125-26-307755|nonDerivative|2026-07-15|Schrader Robert L.|A|Common Stock|4364|0|D,2026-07-23 03:38:23+0000,PAYX,PAYCHEX INC,0000723531,4,2026-07-17,2026-07-15,0001193125-26-307755,https://www.sec.gov/Archives/edgar/data/723531/000119312526307755/ownership.xml,nonDerivative,2026-07-15,A,Common Stock,4364,0,0.0,21147,D,Schrader Robert L.,"Sr. VP, CFO",false,true,false,"Sr. VP, CFO",SEC EDGAR
PAYX|0001193125-26-307755|derivative|2026-07-15|Schrader Robert L.|A|Stock Option|29553|110|D,2026-07-23 03:38:23+0000,PAYX,PAYCHEX INC,0000723531,4,2026-07-17,2026-07-15,0001193125-26-307755,https://www.sec.gov/Archives/edgar/data/723531/000119312526307755/ownership.xml,derivative,2026-07-15,A,Stock Option,29553,110,3250830.0,29553,D,Schrader Robert L.,"Sr. VP, CFO",false,true,false,"Sr. VP, CFO",SEC EDGAR
PAYX|0001193125-26-307756|nonDerivative|2026-07-15|Roaldsen Elizabeth|F|Common Stock|2383|110|D,2026-07-23 03:38:23+0000,PAYX,PAYCHEX INC,0000723531,4,2026-07-17,2026-07-15,0001193125-26-307756,https://www.sec.gov/Archives/edgar/data/723531/000119312526307756/ownership.xml,nonDerivative,2026-07-15,F,Common Stock,2383,110,262130.0,6952,D,Roaldsen Elizabeth,Sr. Vice President,false,true,false,Sr. Vice President,SEC EDGAR
PAYX|0001193125-26-307760|nonDerivative|2026-07-15|Parodi Chad C|F|Common Stock|300|110|D,2026-07-23 03:38:23+0000,PAYX,PAYCHEX INC,0000723531,4,2026-07-17,2026-07-15,0001193125-26-307760,https://www.sec.gov/Archives/edgar/data/723531/000119312526307760/ownership.xml,nonDerivative,2026-07-15,F,Common Stock,300,110,33000.0,6036,D,Parodi Chad C,"SVP, HCM, PEO & Insurance",false,true,false,"SVP, HCM, PEO & Insurance",SEC EDGAR
PAYX|0001193125-26-307760|nonDerivative|2026-07-15|Parodi Chad C|A|Common Stock|2727|0|D,2026-07-23 03:38:23+0000,PAYX,PAYCHEX INC,0000723531,4,2026-07-17,2026-07-15,0001193125-26-307760,https://www.sec.gov/Archives/edgar/data/723531/000119312526307760/ownership.xml,nonDerivative,2026-07-15,A,Common Stock,2727,0,0.0,8763,D,Parodi Chad C,"SVP, HCM, PEO & Insurance",false,true,false,"SVP, HCM, PEO & Insurance",SEC EDGAR
PAYX|0001193125-26-307760|derivative|2026-07-15|Parodi Chad C|A|Stock Option|18471|110|D,2026-07-23 03:38:23+0000,PAYX,PAYCHEX INC,0000723531,4,2026-07-17,2026-07-15,0001193125-26-307760,https://www.sec.gov/Archives/edgar/data/723531/000119312526307760/ownership.xml,derivative,2026-07-15,A,Stock Option,18471,110,2031810.0,18471,D,Parodi Chad C,"SVP, HCM, PEO & Insurance",false,true,false,"SVP, HCM, PEO & Insurance",SEC EDGAR
PAYX|0001193125-26-307764|nonDerivative|2026-07-15|Gibson John B|F|Common Stock|14083|110|D,2026-07-23 03:38:23+0000,PAYX,PAYCHEX INC,0000723531,4,2026-07-17,2026-07-15,0001193125-26-307764,https://www.sec.gov/Archives/edgar/data/723531/000119312526307764/ownership.xml,nonDerivative,2026-07-15,F,Common Stock,14083,110,1549130.0,67048,D,Gibson John B,President and CEO,false,true,false,President and CEO,SEC EDGAR
PAYX|0001193125-26-307764|nonDerivative|2026-07-15|Gibson John B|A|Common Stock|14318|0|D,2026-07-23 03:38:23+0000,PAYX,PAYCHEX INC,0000723531,4,2026-07-17,2026-07-15,0001193125-26-307764,https://www.sec.gov/Archives/edgar/data/723531/000119312526307764/ownership.xml,nonDerivative,2026-07-15,A,Common Stock,14318,0,0.0,81366,D,Gibson John B,President and CEO,false,true,false,President and CEO,SEC EDGAR
PAYX|0001193125-26-307764|derivative|2026-07-15|Gibson John B|A|Stock Option|96971|110|D,2026-07-23 03:38:23+0000,PAYX,PAYCHEX INC,0000723531,4,2026-07-17,2026-07-15,0001193125-26-307764,https://www.sec.gov/Archives/edgar/data/723531/000119312526307764/ownership.xml,derivative,2026-07-15,A,Stock Option,96971,110,10666810.0,96971,D,Gibson John B,President and CEO,false,true,false,President and CEO,SEC EDGAR
PAYX|0001193125-26-307757|nonDerivative|2026-07-15|Bhandari Prabha S|F|Common Stock|282|110|D,2026-07-23 03:38:23+0000,PAYX,PAYCHEX INC,0000723531,4,2026-07-17,2026-07-15,0001193125-26-307757,https://www.sec.gov/Archives/edgar/data/723531/000119312526307757/ownership.xml,nonDerivative,2026-07-15,F,Common Stock,282,110,31020.0,1664,D,Bhandari Prabha S,"Chief Legal Officer, Secretary",false,true,false,"Chief Legal Officer, Secretary",SEC EDGAR
PAYX|0001193125-26-307763|nonDerivative|2026-07-15|BERGSTROM RYAN NORMAN|F|Common Stock|303|110|D,2026-07-23 03:38:23+0000,PAYX,PAYCHEX INC,0000723531,4,2026-07-17,2026-07-15,0001193125-26-307763,https://www.sec.gov/Archives/edgar/data/723531/000119312526307763/ownership.xml,nonDerivative,2026-07-15,F,Common Stock,303,110,33330.0,41279,D,BERGSTROM RYAN NORMAN,Chief Product Officer,false,true,false,Chief Product Officer,SEC EDGAR
PAYX|0001193125-26-307763|nonDerivative|2026-07-15|BERGSTROM RYAN NORMAN|A|Common Stock|3409|0|D,2026-07-23 03:38:23+0000,PAYX,PAYCHEX INC,0000723531,4,2026-07-17,2026-07-15,0001193125-26-307763,https://www.sec.gov/Archives/edgar/data/723531/000119312526307763/ownership.xml,nonDerivative,2026-07-15,A,Common Stock,3409,0,0.0,44688,D,BERGSTROM RYAN NORMAN,Chief Product Officer,false,true,false,Chief Product Officer,SEC EDGAR
PAYX|0001193125-26-307763|derivative|2026-07-15|BERGSTROM RYAN NORMAN|A|Stock Option|23088|110|D,2026-07-23 03:38:23+0000,PAYX,PAYCHEX INC,0000723531,4,2026-07-17,2026-07-15,0001193125-26-307763,https://www.sec.gov/Archives/edgar/data/723531/000119312526307763/ownership.xml,derivative,2026-07-15,A,Stock Option,23088,110,2539680.0,23088,D,BERGSTROM RYAN NORMAN,Chief Product Officer,false,true,false,Chief Product Officer,SEC EDGAR
PAYX|0001193125-26-307762|nonDerivative|2026-07-15|Argiropoulos Mason|F|Common Stock|386|110|D,2026-07-23 03:38:23+0000,PAYX,PAYCHEX INC,0000723531,4,2026-07-17,2026-07-15,0001193125-26-307762,https://www.sec.gov/Archives/edgar/data/723531/000119312526307762/ownership.xml,nonDerivative,2026-07-15,F,Common Stock,386,110,42460.0,3037,D,Argiropoulos Mason,"VP, Chief HR Officer",false,true,false,"VP, Chief HR Officer",SEC EDGAR
PAYX|0001193125-26-307762|nonDerivative|2026-07-15|Argiropoulos Mason|A|Common Stock|2182|0|D,2026-07-23 03:38:23+0000,PAYX,PAYCHEX INC,0000723531,4,2026-07-17,2026-07-15,0001193125-26-307762,https://www.sec.gov/Archives/edgar/data/723531/000119312526307762/ownership.xml,nonDerivative,2026-07-15,A,Common Stock,2182,0,0.0,5219,D,Argiropoulos Mason,"VP, Chief HR Officer",false,true,false,"VP, Chief HR Officer",SEC EDGAR
PAYX|0001193125-26-307762|derivative|2026-07-15|Argiropoulos Mason|A|Stock Option|14777|110|D,2026-07-23 03:38:23+0000,PAYX,PAYCHEX INC,0000723531,4,2026-07-17,2026-07-15,0001193125-26-307762,https://www.sec.gov/Archives/edgar/data/723531/000119312526307762/ownership.xml,derivative,2026-07-15,A,Stock Option,14777,110,1625470.0,14777,D,Argiropoulos Mason,"VP, Chief HR Officer",false,true,false,"VP, Chief HR Officer",SEC EDGAR
PAYX|0001193125-26-307758|nonDerivative|2026-07-15|ANTE ADAM BROOKS|F|Common Stock|299|110|D,2026-07-23 03:38:23+0000,PAYX,PAYCHEX INC,0000723531,4,2026-07-17,2026-07-15,0001193125-26-307758,https://www.sec.gov/Archives/edgar/data/723531/000119312526307758/ownership.xml,nonDerivative,2026-07-15,F,Common Stock,299,110,32890.0,52566,D,ANTE ADAM BROOKS,"Sr. Vice President, Paycor",false,true,false,"Sr. Vice President, Paycor",SEC EDGAR
PAYX|0001193125-26-307758|nonDerivative|2026-07-15|ANTE ADAM BROOKS|A|Common Stock|3409|0|D,2026-07-23 03:38:23+0000,PAYX,PAYCHEX INC,0000723531,4,2026-07-17,2026-07-15,0001193125-26-307758,https://www.sec.gov/Archives/edgar/data/723531/000119312526307758/ownership.xml,nonDerivative,2026-07-15,A,Common Stock,3409,0,0.0,55975,D,ANTE ADAM BROOKS,"Sr. Vice President, Paycor",false,true,false,"Sr. Vice President, Paycor",SEC EDGAR
PAYX|0001193125-26-307758|derivative|2026-07-15|ANTE ADAM BROOKS|A|Stock Option|23088|110|D,2026-07-23 03:38:23+0000,PAYX,PAYCHEX INC,0000723531,4,2026-07-17,2026-07-15,0001193125-26-307758,https://www.sec.gov/Archives/edgar/data/723531/000119312526307758/ownership.xml,derivative,2026-07-15,A,Stock Option,23088,110,2539680.0,23088,D,ANTE ADAM BROOKS,"Sr. Vice President, Paycor",false,true,false,"Sr. Vice President, Paycor",SEC EDGAR
"NRG|0001225208-26-006657|nonDerivative|2026-07-15|Kinney Virginia|S|Common Stock, par value $.01 per share|11145.0000|140.6400|D",2026-07-23 03:38:23+0000,NRG,"NRG ENERGY, INC.",0001013871,4,2026-07-17,2026-07-15,0001225208-26-006657,https://www.sec.gov/Archives/edgar/data/1013871/000122520826006657/doc4.xml,nonDerivative,2026-07-15,S,"Common Stock, par value $.01 per share",11145.0000,140.6400,1567432.7999999998,33966.0000,D,Kinney Virginia,"Officer, Exec VP, Chief Admin Officer",,1,,"Exec VP, Chief Admin Officer",SEC EDGAR
MU|0001652149-26-000004|nonDerivative|2026-07-15|ALLEN SCOTT R.|F|Common Stock|663.00|983.12|D,2026-07-23 03:38:23+0000,MU,MICRON TECHNOLOGY INC,0000723125,4,2026-07-17,2026-07-15,0001652149-26-000004,https://www.sec.gov/Archives/edgar/data/723125/000165214926000004/primarydocument.xml,nonDerivative,2026-07-15,F,Common Stock,663.00,983.12,651808.56,36086.00,D,ALLEN SCOTT R.,"CVP, Chief Accounting Officer",false,true,false,"CVP, Chief Accounting Officer",SEC EDGAR
MU|0001652149-26-000004|nonDerivative|2026-07-15|ALLEN SCOTT R.|F|Common Stock|249.00|983.12|D,2026-07-23 03:38:23+0000,MU,MICRON TECHNOLOGY INC,0000723125,4,2026-07-17,2026-07-15,0001652149-26-000004,https://www.sec.gov/Archives/edgar/data/723125/000165214926000004/primarydocument.xml,nonDerivative,2026-07-15,F,Common Stock,249.00,983.12,244796.88,35837.00,D,ALLEN SCOTT R.,"CVP, Chief Accounting Officer",false,true,false,"CVP, Chief Accounting Officer",SEC EDGAR
MS|0001628280-26-048656|nonDerivative|2026-07-16|YESHAYA SHARON|S|Common Stock|6382|222.51|D,2026-07-23 03:38:23+0000,MS,MORGAN STANLEY,0000895421,4,2026-07-17,2026-07-16,0001628280-26-048656,https://www.sec.gov/Archives/edgar/data/895421/000162828026048656/wk-form4_1784318862.xml,nonDerivative,2026-07-16,S,Common Stock,6382,222.51,1420058.8199999998,136809.649,D,YESHAYA SHARON,"Officer, Chief Financial Officer",0,1,0,Chief Financial Officer,SEC EDGAR
MS|0001628280-26-048656|nonDerivative|2026-07-16|YESHAYA SHARON|S|Common Stock|9172|222.51|I,2026-07-23 03:38:23+0000,MS,MORGAN STANLEY,0000895421,4,2026-07-17,2026-07-16,0001628280-26-048656,https://www.sec.gov/Archives/edgar/data/895421/000162828026048656/wk-form4_1784318862.xml,nonDerivative,2026-07-16,S,Common Stock,9172,222.51,2040861.72,0,I,YESHAYA SHARON,"Officer, Chief Financial Officer",0,1,0,Chief Financial Officer,SEC EDGAR
MS|0001628280-26-048651|nonDerivative|2026-07-17|Pizzi Michael A.|S|Common Stock|17064|215|D,2026-07-23 03:38:23+0000,MS,MORGAN STANLEY,0000895421,4,2026-07-17,2026-07-17,0001628280-26-048651,https://www.sec.gov/Archives/edgar/data/895421/000162828026048651/wk-form4_1784318789.xml,nonDerivative,2026-07-17,S,Common Stock,17064,215,3668760.0,128870.605,D,Pizzi Michael A.,"Officer, Head Technology & Operations",0,1,0,Head Technology & Operations,SEC EDGAR
MS|0001628280-26-048651|nonDerivative|2026-07-17|Pizzi Michael A.|S|Common Stock|7101|216.88|D,2026-07-23 03:38:23+0000,MS,MORGAN STANLEY,0000895421,4,2026-07-17,2026-07-17,0001628280-26-048651,https://www.sec.gov/Archives/edgar/data/895421/000162828026048651/wk-form4_1784318789.xml,nonDerivative,2026-07-17,S,Common Stock,7101,216.88,1540064.88,121769.605,D,Pizzi Michael A.,"Officer, Head Technology & Operations",0,1,0,Head Technology & Operations,SEC EDGAR
MPWR|0001214659-26-008703|nonDerivative|2026-07-15|Sciammas Maurice|S|Common Stock|527|1314.03|D,2026-07-23 03:38:23+0000,MPWR,MONOLITHIC POWER SYSTEMS INC,0001280452,4,2026-07-17,2026-07-15,0001214659-26-008703,https://www.sec.gov/Archives/edgar/data/1280452/000121465926008703/marketforms-73614.xml,nonDerivative,2026-07-15,S,Common Stock,527,1314.03,692493.8099999999,166117,D,Sciammas Maurice,"EVP, WW Sales & Marketing",false,true,false,"EVP, WW Sales & Marketing",SEC EDGAR
MPWR|0001214659-26-008703|nonDerivative|2026-07-15|Sciammas Maurice|S|Common Stock|274|1318.42|D,2026-07-23 03:38:23+0000,MPWR,MONOLITHIC POWER SYSTEMS INC,0001280452,4,2026-07-17,2026-07-15,0001214659-26-008703,https://www.sec.gov/Archives/edgar/data/1280452/000121465926008703/marketforms-73614.xml,nonDerivative,2026-07-15,S,Common Stock,274,1318.42,361247.08,165843,D,Sciammas Maurice,"EVP, WW Sales & Marketing",false,true,false,"EVP, WW Sales & Marketing",SEC EDGAR
MPWR|0001214659-26-008703|nonDerivative|2026-07-15|Sciammas Maurice|S|Common Stock|409|1323.93|D,2026-07-23 03:38:23+0000,MPWR,MONOLITHIC POWER SYSTEMS INC,0001280452,4,2026-07-17,2026-07-15,0001214659-26-008703,https://www.sec.gov/Archives/edgar/data/1280452/000121465926008703/marketforms-73614.xml,nonDerivative,2026-07-15,S,Common Stock,409,1323.93,541487.37,165434,D,Sciammas Maurice,"EVP, WW Sales & Marketing",false,true,false,"EVP, WW Sales & Marketing",SEC EDGAR
MPWR|0001214659-26-008703|nonDerivative|2026-07-15|Sciammas Maurice|S|Common Stock|464|1329.30|D,2026-07-23 03:38:23+0000,MPWR,MONOLITHIC POWER SYSTEMS INC,0001280452,4,2026-07-17,2026-07-15,0001214659-26-008703,https://www.sec.gov/Archives/edgar/data/1280452/000121465926008703/marketforms-73614.xml,nonDerivative,2026-07-15,S,Common Stock,464,1329.30,616795.2,164970,D,Sciammas Maurice,"EVP, WW Sales & Marketing",false,true,false,"EVP, WW Sales & Marketing",SEC EDGAR
MPWR|0001214659-26-008703|nonDerivative|2026-07-15|Sciammas Maurice|S|Common Stock|776|1334.59|D,2026-07-23 03:38:23+0000,MPWR,MONOLITHIC POWER SYSTEMS INC,0001280452,4,2026-07-17,2026-07-15,0001214659-26-008703,https://www.sec.gov/Archives/edgar/data/1280452/000121465926008703/marketforms-73614.xml,nonDerivative,2026-07-15,S,Common Stock,776,1334.59,1035641.84,164194,D,Sciammas Maurice,"EVP, WW Sales & Marketing",false,true,false,"EVP, WW Sales & Marketing",SEC EDGAR
MPWR|0001214659-26-008703|nonDerivative|2026-07-15|Sciammas Maurice|S|Common Stock|1460|1339.59|D,2026-07-23 03:38:23+0000,MPWR,MONOLITHIC POWER SYSTEMS INC,0001280452,4,2026-07-17,2026-07-15,0001214659-26-008703,https://www.sec.gov/Archives/edgar/data/1280452/000121465926008703/marketforms-73614.xml,nonDerivative,2026-07-15,S,Common Stock,1460,1339.59,1955801.4,162734,D,Sciammas Maurice,"EVP, WW Sales & Marketing",false,true,false,"EVP, WW Sales & Marketing",SEC EDGAR
MPWR|0001214659-26-008703|nonDerivative|2026-07-15|Sciammas Maurice|S|Common Stock|1864|1344.16|D,2026-07-23 03:38:23+0000,MPWR,MONOLITHIC POWER SYSTEMS INC,0001280452,4,2026-07-17,2026-07-15,0001214659-26-008703,https://www.sec.gov/Archives/edgar/data/1280452/000121465926008703/marketforms-73614.xml,nonDerivative,2026-07-15,S,Common Stock,1864,1344.16,2505514.24,160870,D,Sciammas Maurice,"EVP, WW Sales & Marketing",false,true,false,"EVP, WW Sales & Marketing",SEC EDGAR
MPWR|0001214659-26-008703|nonDerivative|2026-07-15|Sciammas Maurice|S|Common Stock|1506|1348.91|D,2026-07-23 03:38:23+0000,MPWR,MONOLITHIC POWER SYSTEMS INC,0001280452,4,2026-07-17,2026-07-15,0001214659-26-008703,https://www.sec.gov/Archives/edgar/data/1280452/000121465926008703/marketforms-73614.xml,nonDerivative,2026-07-15,S,Common Stock,1506,1348.91,2031458.4600000002,159364,D,Sciammas Maurice,"EVP, WW Sales & Marketing",false,true,false,"EVP, WW Sales & Marketing",SEC EDGAR
MPWR|0001214659-26-008703|nonDerivative|2026-07-15|Sciammas Maurice|S|Common Stock|5640|1352.95|D,2026-07-23 03:38:23+0000,MPWR,MONOLITHIC POWER SYSTEMS INC,0001280452,4,2026-07-17,2026-07-15,0001214659-26-008703,https://www.sec.gov/Archives/edgar/data/1280452/000121465926008703/marketforms-73614.xml,nonDerivative,2026-07-15,S,Common Stock,5640,1352.95,7630638.0,153724,D,Sciammas Maurice,"EVP, WW Sales & Marketing",false,true,false,"EVP, WW Sales & Marketing",SEC EDGAR
MPWR|0001214659-26-008703|nonDerivative|2026-07-15|Sciammas Maurice|S|Common Stock|50|1359.36|D,2026-07-23 03:38:23+0000,MPWR,MONOLITHIC POWER SYSTEMS INC,0001280452,4,2026-07-17,2026-07-15,0001214659-26-008703,https://www.sec.gov/Archives/edgar/data/1280452/000121465926008703/marketforms-73614.xml,nonDerivative,2026-07-15,S,Common Stock,50,1359.36,67968.0,153674,D,Sciammas Maurice,"EVP, WW Sales & Marketing",false,true,false,"EVP, WW Sales & Marketing",SEC EDGAR
MPWR|0001214659-26-008703|nonDerivative|2026-07-15|Sciammas Maurice|S|Common Stock|240|1369.18|D,2026-07-23 03:38:23+0000,MPWR,MONOLITHIC POWER SYSTEMS INC,0001280452,4,2026-07-17,2026-07-15,0001214659-26-008703,https://www.sec.gov/Archives/edgar/data/1280452/000121465926008703/marketforms-73614.xml,nonDerivative,2026-07-15,S,Common Stock,240,1369.18,328603.2,153434,D,Sciammas Maurice,"EVP, WW Sales & Marketing",false,true,false,"EVP, WW Sales & Marketing",SEC EDGAR
MPWR|0001214659-26-008703|nonDerivative|2026-07-15|Sciammas Maurice|S|Common Stock|472|1375.47|D,2026-07-23 03:38:23+0000,MPWR,MONOLITHIC POWER SYSTEMS INC,0001280452,4,2026-07-17,2026-07-15,0001214659-26-008703,https://www.sec.gov/Archives/edgar/data/1280452/000121465926008703/marketforms-73614.xml,nonDerivative,2026-07-15,S,Common Stock,472,1375.47,649221.84,152962,D,Sciammas Maurice,"EVP, WW Sales & Marketing",false,true,false,"EVP, WW Sales & Marketing",SEC EDGAR
MPWR|0001214659-26-008703|nonDerivative|2026-07-15|Sciammas Maurice|S|Common Stock|418|1378.73|D,2026-07-23 03:38:23+0000,MPWR,MONOLITHIC POWER SYSTEMS INC,0001280452,4,2026-07-17,2026-07-15,0001214659-26-008703,https://www.sec.gov/Archives/edgar/data/1280452/000121465926008703/marketforms-73614.xml,nonDerivative,2026-07-15,S,Common Stock,418,1378.73,576309.14,152544,D,Sciammas Maurice,"EVP, WW Sales & Marketing",false,true,false,"EVP, WW Sales & Marketing",SEC EDGAR
MPWR|0001214659-26-008703|nonDerivative|2026-07-15|Sciammas Maurice|S|Common Stock|410|1384.11|D,2026-07-23 03:38:23+0000,MPWR,MONOLITHIC POWER SYSTEMS INC,0001280452,4,2026-07-17,2026-07-15,0001214659-26-008703,https://www.sec.gov/Archives/edgar/data/1280452/000121465926008703/marketforms-73614.xml,nonDerivative,2026-07-15,S,Common Stock,410,1384.11,567485.1,152134,D,Sciammas Maurice,"EVP, WW Sales & Marketing",false,true,false,"EVP, WW Sales & Marketing",SEC EDGAR
MPWR|0001214659-26-008703|nonDerivative|2026-07-15|Sciammas Maurice|S|Common Stock|50|1388.19|D,2026-07-23 03:38:23+0000,MPWR,MONOLITHIC POWER SYSTEMS INC,0001280452,4,2026-07-17,2026-07-15,0001214659-26-008703,https://www.sec.gov/Archives/edgar/data/1280452/000121465926008703/marketforms-73614.xml,nonDerivative,2026-07-15,S,Common Stock,50,1388.19,69409.5,152084,D,Sciammas Maurice,"EVP, WW Sales & Marketing",false,true,false,"EVP, WW Sales & Marketing",SEC EDGAR
MPWR|0001214659-26-008703|nonDerivative|2026-07-15|Sciammas Maurice|S|Common Stock|213|1396.16|D,2026-07-23 03:38:23+0000,MPWR,MONOLITHIC POWER SYSTEMS INC,0001280452,4,2026-07-17,2026-07-15,0001214659-26-008703,https://www.sec.gov/Archives/edgar/data/1280452/000121465926008703/marketforms-73614.xml,nonDerivative,2026-07-15,S,Common Stock,213,1396.16,297382.08,151871,D,Sciammas Maurice,"EVP, WW Sales & Marketing",false,true,false,"EVP, WW Sales & Marketing",SEC EDGAR
MPWR|0001214659-26-008703|nonDerivative|2026-07-15|Sciammas Maurice|S|Common Stock|117|1400.45|D,2026-07-23 03:38:23+0000,MPWR,MONOLITHIC POWER SYSTEMS INC,0001280452,4,2026-07-17,2026-07-15,0001214659-26-008703,https://www.sec.gov/Archives/edgar/data/1280452/000121465926008703/marketforms-73614.xml,nonDerivative,2026-07-15,S,Common Stock,117,1400.45,163852.65,151754,D,Sciammas Maurice,"EVP, WW Sales & Marketing",false,true,false,"EVP, WW Sales & Marketing",SEC EDGAR
MPWR|0001214659-26-008703|nonDerivative|2026-07-15|Sciammas Maurice|S|Common Stock|110|1405.71|D,2026-07-23 03:38:23+0000,MPWR,MONOLITHIC POWER SYSTEMS INC,0001280452,4,2026-07-17,2026-07-15,0001214659-26-008703,https://www.sec.gov/Archives/edgar/data/1280452/000121465926008703/marketforms-73614.xml,nonDerivative,2026-07-15,S,Common Stock,110,1405.71,154628.1,151644,D,Sciammas Maurice,"EVP, WW Sales & Marketing",false,true,false,"EVP, WW Sales & Marketing",SEC EDGAR
JBL|0001225208-26-006639|nonDerivative|2026-07-15|Schick Gary K.|S|Common Stock|2.0000|330.0000|D,2026-07-23 03:38:23+0000,JBL,JABIL INC,0000898293,4,2026-07-17,2026-07-15,0001225208-26-006639,https://www.sec.gov/Archives/edgar/data/898293/000122520826006639/doc4.xml,nonDerivative,2026-07-15,S,Common Stock,2.0000,330.0000,660.0,39892.0000,D,Schick Gary K.,"Officer, SVP, CHRO",,1,,"SVP, CHRO",SEC EDGAR
JBL|0001225208-26-006639|nonDerivative|2026-07-15|Schick Gary K.|S|Common Stock|66.0000|322.0600|D,2026-07-23 03:38:23+0000,JBL,JABIL INC,0000898293,4,2026-07-17,2026-07-15,0001225208-26-006639,https://www.sec.gov/Archives/edgar/data/898293/000122520826006639/doc4.xml,nonDerivative,2026-07-15,S,Common Stock,66.0000,322.0600,21255.96,39826.0000,D,Schick Gary K.,"Officer, SVP, CHRO",,1,,"SVP, CHRO",SEC EDGAR
JBL|0001225208-26-006639|nonDerivative|2026-07-15|Schick Gary K.|S|Common Stock|76.0000|327.5100|D,2026-07-23 03:38:23+0000,JBL,JABIL INC,0000898293,4,2026-07-17,2026-07-15,0001225208-26-006639,https://www.sec.gov/Archives/edgar/data/898293/000122520826006639/doc4.xml,nonDerivative,2026-07-15,S,Common Stock,76.0000,327.5100,24890.76,39750.0000,D,Schick Gary K.,"Officer, SVP, CHRO",,1,,"SVP, CHRO",SEC EDGAR
JBL|0001225208-26-006639|nonDerivative|2026-07-15|Schick Gary K.|S|Common Stock|76.0000|325.8100|D,2026-07-23 03:38:23+0000,JBL,JABIL INC,0000898293,4,2026-07-17,2026-07-15,0001225208-26-006639,https://www.sec.gov/Archives/edgar/data/898293/000122520826006639/doc4.xml,nonDerivative,2026-07-15,S,Common Stock,76.0000,325.8100,24761.56,39674.0000,D,Schick Gary K.,"Officer, SVP, CHRO",,1,,"SVP, CHRO",SEC EDGAR
JBL|0001225208-26-006639|nonDerivative|2026-07-15|Schick Gary K.|S|Common Stock|89.0000|316.4500|D,2026-07-23 03:38:23+0000,JBL,JABIL INC,0000898293,4,2026-07-17,2026-07-15,0001225208-26-006639,https://www.sec.gov/Archives/edgar/data/898293/000122520826006639/doc4.xml,nonDerivative,2026-07-15,S,Common Stock,89.0000,316.4500,28164.05,39585.0000,D,Schick Gary K.,"Officer, SVP, CHRO",,1,,"SVP, CHRO",SEC EDGAR
JBL|0001225208-26-006639|nonDerivative|2026-07-15|Schick Gary K.|S|Common Stock|115.0000|315.0500|D,2026-07-23 03:38:23+0000,JBL,JABIL INC,0000898293,4,2026-07-17,2026-07-15,0001225208-26-006639,https://www.sec.gov/Archives/edgar/data/898293/000122520826006639/doc4.xml,nonDerivative,2026-07-15,S,Common Stock,115.0000,315.0500,36230.75,39470.0000,D,Schick Gary K.,"Officer, SVP, CHRO",,1,,"SVP, CHRO",SEC EDGAR
JBL|0001225208-26-006639|nonDerivative|2026-07-15|Schick Gary K.|S|Common Stock|135.0000|319.1100|D,2026-07-23 03:38:23+0000,JBL,JABIL INC,0000898293,4,2026-07-17,2026-07-15,0001225208-26-006639,https://www.sec.gov/Archives/edgar/data/898293/000122520826006639/doc4.xml,nonDerivative,2026-07-15,S,Common Stock,135.0000,319.1100,43079.85,39335.0000,D,Schick Gary K.,"Officer, SVP, CHRO",,1,,"SVP, CHRO",SEC EDGAR
JBL|0001225208-26-006639|nonDerivative|2026-07-15|Schick Gary K.|S|Common Stock|209.0000|317.8800|D,2026-07-23 03:38:23+0000,JBL,JABIL INC,0000898293,4,2026-07-17,2026-07-15,0001225208-26-006639,https://www.sec.gov/Archives/edgar/data/898293/000122520826006639/doc4.xml,nonDerivative,2026-07-15,S,Common Stock,209.0000,317.8800,66436.92,39126.0000,D,Schick Gary K.,"Officer, SVP, CHRO",,1,,"SVP, CHRO",SEC EDGAR
JBL|0001225208-26-006639|nonDerivative|2026-07-15|Schick Gary K.|S|Common Stock|232.0000|320.5900|D,2026-07-23 03:38:23+0000,JBL,JABIL INC,0000898293,4,2026-07-17,2026-07-15,0001225208-26-006639,https://www.sec.gov/Archives/edgar/data/898293/000122520826006639/doc4.xml,nonDerivative,2026-07-15,S,Common Stock,232.0000,320.5900,74376.87999999999,38894.0000,D,Schick Gary K.,"Officer, SVP, CHRO",,1,,"SVP, CHRO",SEC EDGAR
HOOD|0002108589-26-000018|nonDerivative|2026-07-15|Verma Shiv|S|Class A Common Stock|600|112.975|D,2026-07-23 03:38:23+0000,HOOD,"Robinhood Markets, Inc.",0001783879,4,2026-07-17,2026-07-15,0002108589-26-000018,https://www.sec.gov/Archives/edgar/data/1783879/000210858926000018/wk-form4_1784320925.xml,nonDerivative,2026-07-15,S,Class A Common Stock,600,112.975,67785.0,59327,D,Verma Shiv,"Officer, Chief Financial Officer",0,1,0,Chief Financial Officer,SEC EDGAR
HOOD|0002108589-26-000018|nonDerivative|2026-07-15|Verma Shiv|S|Class A Common Stock|800|113.8713|D,2026-07-23 03:38:23+0000,HOOD,"Robinhood Markets, Inc.",0001783879,4,2026-07-17,2026-07-15,0002108589-26-000018,https://www.sec.gov/Archives/edgar/data/1783879/000210858926000018/wk-form4_1784320925.xml,nonDerivative,2026-07-15,S,Class A Common Stock,800,113.8713,91097.04000000001,58527,D,Verma Shiv,"Officer, Chief Financial Officer",0,1,0,Chief Financial Officer,SEC EDGAR
HOOD|0002108589-26-000018|nonDerivative|2026-07-15|Verma Shiv|S|Class A Common Stock|2282|115.2851|D,2026-07-23 03:38:23+0000,HOOD,"Robinhood Markets, Inc.",0001783879,4,2026-07-17,2026-07-15,0002108589-26-000018,https://www.sec.gov/Archives/edgar/data/1783879/000210858926000018/wk-form4_1784320925.xml,nonDerivative,2026-07-15,S,Class A Common Stock,2282,115.2851,263080.5982,56245,D,Verma Shiv,"Officer, Chief Financial Officer",0,1,0,Chief Financial Officer,SEC EDGAR
HOOD|0002108589-26-000018|nonDerivative|2026-07-15|Verma Shiv|S|Class A Common Stock|300|116.04|D,2026-07-23 03:38:23+0000,HOOD,"Robinhood Markets, Inc.",0001783879,4,2026-07-17,2026-07-15,0002108589-26-000018,https://www.sec.gov/Archives/edgar/data/1783879/000210858926000018/wk-form4_1784320925.xml,nonDerivative,2026-07-15,S,Class A Common Stock,300,116.04,34812.0,55945,D,Verma Shiv,"Officer, Chief Financial Officer",0,1,0,Chief Financial Officer,SEC EDGAR
"GS|0001090352-26-000021|nonDerivative|2026-07-15|VINIAR DAVID A|G|Common Stock, par value $0.01 per share|2000|0|D",2026-07-23 03:38:23+0000,GS,GOLDMAN SACHS GROUP INC,0000886982,4,2026-07-17,2026-07-15,0001090352-26-000021,https://www.sec.gov/Archives/edgar/data/886982/000109035226000021/wk-form4_1784318639.xml,nonDerivative,2026-07-15,G,"Common Stock, par value $0.01 per share",2000,0,0.0,548000,D,VINIAR DAVID A,Director,1,0,0,,SEC EDGAR
GS|0001214107-26-000007|derivative|2026-07-15|OPPENHEIMER PETER|A|Restricted Stock Units|50|0|D,2026-07-23 03:38:23+0000,GS,GOLDMAN SACHS GROUP INC,0000886982,4,2026-07-17,2026-07-15,0001214107-26-000007,https://www.sec.gov/Archives/edgar/data/886982/000121410726000007/wk-form4_1784318648.xml,derivative,2026-07-15,A,Restricted Stock Units,50,0,0.0,7342,D,OPPENHEIMER PETER,Director,1,0,0,,SEC EDGAR
"GS|0001910388-26-000005|nonDerivative|2026-07-15|LESLIE ERICKA T|S|Common Stock, par value $0.01 per share|101|1151.29|D",2026-07-23 03:38:23+0000,GS,GOLDMAN SACHS GROUP INC,0000886982,4,2026-07-17,2026-07-15,0001910388-26-000005,https://www.sec.gov/Archives/edgar/data/886982/000191038826000005/wk-form4_1784318618.xml,nonDerivative,2026-07-15,S,"Common Stock, par value $0.01 per share",101,1151.29,116280.29,11884,D,LESLIE ERICKA T,"Officer, Chief Administrative Officer",0,1,0,Chief Administrative Officer,SEC EDGAR
"GS|0001910388-26-000005|nonDerivative|2026-07-15|LESLIE ERICKA T|S|Common Stock, par value $0.01 per share|149|1152.15|D",2026-07-23 03:38:23+0000,GS,GOLDMAN SACHS GROUP INC,0000886982,4,2026-07-17,2026-07-15,0001910388-26-000005,https://www.sec.gov/Archives/edgar/data/886982/000191038826000005/wk-form4_1784318618.xml,nonDerivative,2026-07-15,S,"Common Stock, par value $0.01 per share",149,1152.15,171670.35,11735,D,LESLIE ERICKA T,"Officer, Chief Administrative Officer",0,1,0,Chief Administrative Officer,SEC EDGAR
GS|0001193107-26-000007|derivative|2026-07-15|JOHNSON KEVIN R|A|Restricted Stock Units|33|0|D,2026-07-23 03:38:23+0000,GS,GOLDMAN SACHS GROUP INC,0000886982,4,2026-07-17,2026-07-15,0001193107-26-000007,https://www.sec.gov/Archives/edgar/data/886982/000119310726000007/wk-form4_1784318656.xml,derivative,2026-07-15,A,Restricted Stock Units,33,0,0.0,3119,D,JOHNSON KEVIN R,Director,1,0,0,,SEC EDGAR
GS|0001087997-26-000008|derivative|2026-07-15|HESS JOHN B|A|Restricted Stock Units|22|0|D,2026-07-23 03:38:23+0000,GS,GOLDMAN SACHS GROUP INC,0000886982,4,2026-07-17,2026-07-15,0001087997-26-000008,https://www.sec.gov/Archives/edgar/data/886982/000108799726000008/wk-form4_1784318664.xml,derivative,2026-07-15,A,Restricted Stock Units,22,0,0.0,892,D,HESS JOHN B,Director,1,0,0,,SEC EDGAR
GS|0001520700-26-000007|derivative|2026-07-15|Flaherty Mark A.|A|Restricted Stock Units|22|0|D,2026-07-23 03:38:23+0000,GS,GOLDMAN SACHS GROUP INC,0000886982,4,2026-07-17,2026-07-15,0001520700-26-000007,https://www.sec.gov/Archives/edgar/data/886982/000152070026000007/wk-form4_1784318671.xml,derivative,2026-07-15,A,Restricted Stock Units,22,0,0.0,5270,D,Flaherty Mark A.,Director,1,0,0,,SEC EDGAR
"GOOGL|0001168404-26-000029|nonDerivative|2026-07-15|GV 2019 GP, L.L.C.|J|Class A Common Stock|74492|0|I",2026-07-23 03:38:23+0000,GOOGL,Alphabet Inc.,0001652044,4,2026-07-17,2026-07-15,0001168404-26-000029,https://www.sec.gov/Archives/edgar/data/1652044/000116840426000029/form4-07182026_120730.xml,nonDerivative,2026-07-15,J,Class A Common Stock,74492,0,0.0,2976205,I,"GV 2019 GP, L.L.C.",,false,false,true,,SEC EDGAR
"GOOGL|0001168404-26-000029|nonDerivative|2026-07-15|GV 2019 GP, L.L.C.|S|Class A Common Stock|12500|18.7930|I",2026-07-23 03:38:23+0000,GOOGL,Alphabet Inc.,0001652044,4,2026-07-17,2026-07-15,0001168404-26-000029,https://www.sec.gov/Archives/edgar/data/1652044/000116840426000029/form4-07182026_120730.xml,nonDerivative,2026-07-15,S,Class A Common Stock,12500,18.7930,234912.5,61992,I,"GV 2019 GP, L.L.C.",,false,false,true,,SEC EDGAR
"GOOGL|0001168404-26-000029|nonDerivative|2026-07-15|GV 2019 GP, L.L.C.|S|Class A Common Stock|61992|19.8376|I",2026-07-23 03:38:23+0000,GOOGL,Alphabet Inc.,0001652044,4,2026-07-17,2026-07-15,0001168404-26-000029,https://www.sec.gov/Archives/edgar/data/1652044/000116840426000029/form4-07182026_120730.xml,nonDerivative,2026-07-15,S,Class A Common Stock,61992,19.8376,1229772.4992,0,I,"GV 2019 GP, L.L.C.",,false,false,true,,SEC EDGAR
"GOOGL|0001168404-26-000029|nonDerivative|2026-07-16|GV 2019 GP, L.L.C.|J|Class A Common Stock|19595|0|I",2026-07-23 03:38:23+0000,GOOGL,Alphabet Inc.,0001652044,4,2026-07-17,2026-07-15,0001168404-26-000029,https://www.sec.gov/Archives/edgar/data/1652044/000116840426000029/form4-07182026_120730.xml,nonDerivative,2026-07-16,J,Class A Common Stock,19595,0,0.0,2956610,I,"GV 2019 GP, L.L.C.",,false,false,true,,SEC EDGAR
"GOOGL|0001168404-26-000029|nonDerivative|2026-07-16|GV 2019 GP, L.L.C.|S|Class A Common Stock|19595|18.7297|I",2026-07-23 03:38:23+0000,GOOGL,Alphabet Inc.,0001652044,4,2026-07-17,2026-07-15,0001168404-26-000029,https://www.sec.gov/Archives/edgar/data/1652044/000116840426000029/form4-07182026_120730.xml,nonDerivative,2026-07-16,S,Class A Common Stock,19595,18.7297,367008.47150000004,0,I,"GV 2019 GP, L.L.C.",,false,false,true,,SEC EDGAR
"GOOG|0001168404-26-000029|nonDerivative|2026-07-15|GV 2019 GP, L.L.C.|J|Class A Common Stock|74492|0|I",2026-07-23 03:38:23+0000,GOOG,Alphabet Inc.,0001652044,4,2026-07-17,2026-07-15,0001168404-26-000029,https://www.sec.gov/Archives/edgar/data/1652044/000116840426000029/form4-07182026_120730.xml,nonDerivative,2026-07-15,J,Class A Common Stock,74492,0,0.0,2976205,I,"GV 2019 GP, L.L.C.",,false,false,true,,SEC EDGAR
"GOOG|0001168404-26-000029|nonDerivative|2026-07-15|GV 2019 GP, L.L.C.|S|Class A Common Stock|12500|18.7930|I",2026-07-23 03:38:23+0000,GOOG,Alphabet Inc.,0001652044,4,2026-07-17,2026-07-15,0001168404-26-000029,https://www.sec.gov/Archives/edgar/data/1652044/000116840426000029/form4-07182026_120730.xml,nonDerivative,2026-07-15,S,Class A Common Stock,12500,18.7930,234912.5,61992,I,"GV 2019 GP, L.L.C.",,false,false,true,,SEC EDGAR
"GOOG|0001168404-26-000029|nonDerivative|2026-07-15|GV 2019 GP, L.L.C.|S|Class A Common Stock|61992|19.8376|I",2026-07-23 03:38:23+0000,GOOG,Alphabet Inc.,0001652044,4,2026-07-17,2026-07-15,0001168404-26-000029,https://www.sec.gov/Archives/edgar/data/1652044/000116840426000029/form4-07182026_120730.xml,nonDerivative,2026-07-15,S,Class A Common Stock,61992,19.8376,1229772.4992,0,I,"GV 2019 GP, L.L.C.",,false,false,true,,SEC EDGAR
"GOOG|0001168404-26-000029|nonDerivative|2026-07-16|GV 2019 GP, L.L.C.|J|Class A Common Stock|19595|0|I",2026-07-23 03:38:23+0000,GOOG,Alphabet Inc.,0001652044,4,2026-07-17,2026-07-15,0001168404-26-000029,https://www.sec.gov/Archives/edgar/data/1652044/000116840426000029/form4-07182026_120730.xml,nonDerivative,2026-07-16,J,Class A Common Stock,19595,0,0.0,2956610,I,"GV 2019 GP, L.L.C.",,false,false,true,,SEC EDGAR
"GOOG|0001168404-26-000029|nonDerivative|2026-07-16|GV 2019 GP, L.L.C.|S|Class A Common Stock|19595|18.7297|I",2026-07-23 03:38:23+0000,GOOG,Alphabet Inc.,0001652044,4,2026-07-17,2026-07-15,0001168404-26-000029,https://www.sec.gov/Archives/edgar/data/1652044/000116840426000029/form4-07182026_120730.xml,nonDerivative,2026-07-16,S,Class A Common Stock,19595,18.7297,367008.47150000004,0,I,"GV 2019 GP, L.L.C.",,false,false,true,,SEC EDGAR
ELV|0001192045-26-000004|nonDerivative|2026-07-17|PERU RAMIRO G|P|Common Stock|1000|366.05|D,2026-07-23 03:38:23+0000,ELV,"Elevance Health, Inc.",0001156039,4,2026-07-17,2026-07-17,0001192045-26-000004,https://www.sec.gov/Archives/edgar/data/1156039/000119204526000004/wk-form4_1784315092.xml,nonDerivative,2026-07-17,P,Common Stock,1000,366.05,366050.0,10908,D,PERU RAMIRO G,Director,1,0,0,,SEC EDGAR
ELV|0001287920-26-000006|nonDerivative|2026-07-17|BOUDREAUX GAIL|P|Common Stock|680|366.41|D,2026-07-23 03:38:23+0000,ELV,"Elevance Health, Inc.",0001156039,4,2026-07-17,2026-07-17,0001287920-26-000006,https://www.sec.gov/Archives/edgar/data/1156039/000128792026000006/wk-form4_1784310641.xml,nonDerivative,2026-07-17,P,Common Stock,680,366.41,249158.80000000002,169931,D,BOUDREAUX GAIL,"Director, Officer, President and CEO",1,1,0,President and CEO,SEC EDGAR
ELV|0001287920-26-000006|nonDerivative|2026-07-17|BOUDREAUX GAIL|P|Common Stock|2045|368.25|D,2026-07-23 03:38:23+0000,ELV,"Elevance Health, Inc.",0001156039,4,2026-07-17,2026-07-17,0001287920-26-000006,https://www.sec.gov/Archives/edgar/data/1156039/000128792026000006/wk-form4_1784310641.xml,nonDerivative,2026-07-17,P,Common Stock,2045,368.25,753071.25,171976,D,BOUDREAUX GAIL,"Director, Officer, President and CEO",1,1,0,President and CEO,SEC EDGAR
"DPZ|0002043764-26-000006|nonDerivative|2026-07-15|Olson Anneliese|A|Common Stock, $0.01 par value|472|0|D",2026-07-23 03:38:23+0000,DPZ,DOMINOS PIZZA INC,0001286681,4,2026-07-17,2026-07-15,0002043764-26-000006,https://www.sec.gov/Archives/edgar/data/1286681/000204376426000006/ownership.xml,nonDerivative,2026-07-15,A,"Common Stock, $0.01 par value",472,0,0.0,472,D,Olson Anneliese,,true,false,false,,SEC EDGAR
"DPZ|0001193125-26-307802|nonDerivative|2026-07-15|Creedon Michael C Jr|A|Common Stock, $0.01 par value|472|0|D",2026-07-23 03:38:23+0000,DPZ,DOMINOS PIZZA INC,0001286681,4,2026-07-17,2026-07-15,0001193125-26-307802,https://www.sec.gov/Archives/edgar/data/1286681/000119312526307802/ownership.xml,nonDerivative,2026-07-15,A,"Common Stock, $0.01 par value",472,0,0.0,472,D,Creedon Michael C Jr,,true,false,false,,SEC EDGAR
CRWD|0001778564-26-000121|nonDerivative|2026-07-15|Kurtz George|S|Class A common stock|877|205.95|D,2026-07-23 03:38:23+0000,CRWD,"CrowdStrike Holdings, Inc.",0001535527,4,2026-07-17,2026-07-15,0001778564-26-000121,https://www.sec.gov/Archives/edgar/data/1535527/000177856426000121/form4-07172026_080701.xml,nonDerivative,2026-07-15,S,Class A common stock,877,205.95,180618.15,8212667,D,Kurtz George,PRESIDENT AND CEO,true,true,false,PRESIDENT AND CEO,SEC EDGAR
CRWD|0001778564-26-000121|nonDerivative|2026-07-15|Kurtz George|S|Class A common stock|3387|206.96|D,2026-07-23 03:38:23+0000,CRWD,"CrowdStrike Holdings, Inc.",0001535527,4,2026-07-17,2026-07-15,0001778564-26-000121,https://www.sec.gov/Archives/edgar/data/1535527/000177856426000121/form4-07172026_080701.xml,nonDerivative,2026-07-15,S,Class A common stock,3387,206.96,700973.52,8209280,D,Kurtz George,PRESIDENT AND CEO,true,true,false,PRESIDENT AND CEO,SEC EDGAR
CRWD|0001778564-26-000121|nonDerivative|2026-07-15|Kurtz George|S|Class A common stock|1856|207.91|D,2026-07-23 03:38:23+0000,CRWD,"CrowdStrike Holdings, Inc.",0001535527,4,2026-07-17,2026-07-15,0001778564-26-000121,https://www.sec.gov/Archives/edgar/data/1535527/000177856426000121/form4-07172026_080701.xml,nonDerivative,2026-07-15,S,Class A common stock,1856,207.91,385880.96,8207424,D,Kurtz George,PRESIDENT AND CEO,true,true,false,PRESIDENT AND CEO,SEC EDGAR
CRWD|0001778564-26-000121|nonDerivative|2026-07-15|Kurtz George|S|Class A common stock|739|208.83|D,2026-07-23 03:38:23+0000,CRWD,"CrowdStrike Holdings, Inc.",0001535527,4,2026-07-17,2026-07-15,0001778564-26-000121,https://www.sec.gov/Archives/edgar/data/1535527/000177856426000121/form4-07172026_080701.xml,nonDerivative,2026-07-15,S,Class A common stock,739,208.83,154325.37,8206685,D,Kurtz George,PRESIDENT AND CEO,true,true,false,PRESIDENT AND CEO,SEC EDGAR
CRWD|0001778564-26-000121|nonDerivative|2026-07-15|Kurtz George|S|Class A common stock|544|210.04|D,2026-07-23 03:38:23+0000,CRWD,"CrowdStrike Holdings, Inc.",0001535527,4,2026-07-17,2026-07-15,0001778564-26-000121,https://www.sec.gov/Archives/edgar/data/1535527/000177856426000121/form4-07172026_080701.xml,nonDerivative,2026-07-15,S,Class A common stock,544,210.04,114261.76,8206141,D,Kurtz George,PRESIDENT AND CEO,true,true,false,PRESIDENT AND CEO,SEC EDGAR
CRWD|0001778564-26-000121|nonDerivative|2026-07-15|Kurtz George|S|Class A common stock|817|211.21|D,2026-07-23 03:38:23+0000,CRWD,"CrowdStrike Holdings, Inc.",0001535527,4,2026-07-17,2026-07-15,0001778564-26-000121,https://www.sec.gov/Archives/edgar/data/1535527/000177856426000121/form4-07172026_080701.xml,nonDerivative,2026-07-15,S,Class A common stock,817,211.21,172558.57,8205324,D,Kurtz George,PRESIDENT AND CEO,true,true,false,PRESIDENT AND CEO,SEC EDGAR
CRWD|0001778564-26-000121|nonDerivative|2026-07-15|Kurtz George|S|Class A common stock|1169|212.17|D,2026-07-23 03:38:23+0000,CRWD,"CrowdStrike Holdings, Inc.",0001535527,4,2026-07-17,2026-07-15,0001778564-26-000121,https://www.sec.gov/Archives/edgar/data/1535527/000177856426000121/form4-07172026_080701.xml,nonDerivative,2026-07-15,S,Class A common stock,1169,212.17,248026.72999999998,8204155,D,Kurtz George,PRESIDENT AND CEO,true,true,false,PRESIDENT AND CEO,SEC EDGAR
CRWD|0001778564-26-000121|nonDerivative|2026-07-15|Kurtz George|S|Class A common stock|201|213.16|D,2026-07-23 03:38:23+0000,CRWD,"CrowdStrike Holdings, Inc.",0001535527,4,2026-07-17,2026-07-15,0001778564-26-000121,https://www.sec.gov/Archives/edgar/data/1535527/000177856426000121/form4-07172026_080701.xml,nonDerivative,2026-07-15,S,Class A common stock,201,213.16,42845.159999999996,8203954,D,Kurtz George,PRESIDENT AND CEO,true,true,false,PRESIDENT AND CEO,SEC EDGAR
CRWD|0001778564-26-000121|nonDerivative|2026-07-15|Kurtz George|S|Class A common stock|200|213.97|D,2026-07-23 03:38:23+0000,CRWD,"CrowdStrike Holdings, Inc.",0001535527,4,2026-07-17,2026-07-15,0001778564-26-000121,https://www.sec.gov/Archives/edgar/data/1535527/000177856426000121/form4-07172026_080701.xml,nonDerivative,2026-07-15,S,Class A common stock,200,213.97,42794.0,8203754,D,Kurtz George,PRESIDENT AND CEO,true,true,false,PRESIDENT AND CEO,SEC EDGAR
CRWD|0001778564-26-000121|nonDerivative|2026-07-15|Kurtz George|S|Class A common stock|106|215.29|D,2026-07-23 03:38:23+0000,CRWD,"CrowdStrike Holdings, Inc.",0001535527,4,2026-07-17,2026-07-15,0001778564-26-000121,https://www.sec.gov/Archives/edgar/data/1535527/000177856426000121/form4-07172026_080701.xml,nonDerivative,2026-07-15,S,Class A common stock,106,215.29,22820.739999999998,8203648,D,Kurtz George,PRESIDENT AND CEO,true,true,false,PRESIDENT AND CEO,SEC EDGAR
CRWD|0001778564-26-000121|nonDerivative|2026-07-15|Kurtz George|S|Class A common stock|104|216.88|D,2026-07-23 03:38:23+0000,CRWD,"CrowdStrike Holdings, Inc.",0001535527,4,2026-07-17,2026-07-15,0001778564-26-000121,https://www.sec.gov/Archives/edgar/data/1535527/000177856426000121/form4-07172026_080701.xml,nonDerivative,2026-07-15,S,Class A common stock,104,216.88,22555.52,8203544,D,Kurtz George,PRESIDENT AND CEO,true,true,false,PRESIDENT AND CEO,SEC EDGAR
CRWD|0001778564-26-000121|nonDerivative|2026-07-16|Kurtz George|S|Class A common stock|320|201.02|D,2026-07-23 03:38:23+0000,CRWD,"CrowdStrike Holdings, Inc.",0001535527,4,2026-07-17,2026-07-15,0001778564-26-000121,https://www.sec.gov/Archives/edgar/data/1535527/000177856426000121/form4-07172026_080701.xml,nonDerivative,2026-07-16,S,Class A common stock,320,201.02,64326.4,8203224,D,Kurtz George,PRESIDENT AND CEO,true,true,false,PRESIDENT AND CEO,SEC EDGAR
CRWD|0001778564-26-000121|nonDerivative|2026-07-16|Kurtz George|S|Class A common stock|2056|202.10|D,2026-07-23 03:38:23+0000,CRWD,"CrowdStrike Holdings, Inc.",0001535527,4,2026-07-17,2026-07-15,0001778564-26-000121,https://www.sec.gov/Archives/edgar/data/1535527/000177856426000121/form4-07172026_080701.xml,nonDerivative,2026-07-16,S,Class A common stock,2056,202.10,415517.6,8201168,D,Kurtz George,PRESIDENT AND CEO,true,true,false,PRESIDENT AND CEO,SEC EDGAR
CRWD|0001778564-26-000121|nonDerivative|2026-07-16|Kurtz George|S|Class A common stock|2120|203.19|D,2026-07-23 03:38:23+0000,CRWD,"CrowdStrike Holdings, Inc.",0001535527,4,2026-07-17,2026-07-15,0001778564-26-000121,https://www.sec.gov/Archives/edgar/data/1535527/000177856426000121/form4-07172026_080701.xml,nonDerivative,2026-07-16,S,Class A common stock,2120,203.19,430762.8,8199048,D,Kurtz George,PRESIDENT AND CEO,true,true,false,PRESIDENT AND CEO,SEC EDGAR
CRWD|0001778564-26-000121|nonDerivative|2026-07-16|Kurtz George|S|Class A common stock|3302|204.06|D,2026-07-23 03:38:23+0000,CRWD,"CrowdStrike Holdings, Inc.",0001535527,4,2026-07-17,2026-07-15,0001778564-26-000121,https://www.sec.gov/Archives/edgar/data/1535527/000177856426000121/form4-07172026_080701.xml,nonDerivative,2026-07-16,S,Class A common stock,3302,204.06,673806.12,8195746,D,Kurtz George,PRESIDENT AND CEO,true,true,false,PRESIDENT AND CEO,SEC EDGAR
CRWD|0001778564-26-000121|nonDerivative|2026-07-16|Kurtz George|S|Class A common stock|1280|205.13|D,2026-07-23 03:38:23+0000,CRWD,"CrowdStrike Holdings, Inc.",0001535527,4,2026-07-17,2026-07-15,0001778564-26-000121,https://www.sec.gov/Archives/edgar/data/1535527/000177856426000121/form4-07172026_080701.xml,nonDerivative,2026-07-16,S,Class A common stock,1280,205.13,262566.4,8194466,D,Kurtz George,PRESIDENT AND CEO,true,true,false,PRESIDENT AND CEO,SEC EDGAR
CRWD|0001778564-26-000121|nonDerivative|2026-07-16|Kurtz George|S|Class A common stock|573|205.98|D,2026-07-23 03:38:23+0000,CRWD,"CrowdStrike Holdings, Inc.",0001535527,4,2026-07-17,2026-07-15,0001778564-26-000121,https://www.sec.gov/Archives/edgar/data/1535527/000177856426000121/form4-07172026_080701.xml,nonDerivative,2026-07-16,S,Class A common stock,573,205.98,118026.54,8193893,D,Kurtz George,PRESIDENT AND CEO,true,true,false,PRESIDENT AND CEO,SEC EDGAR
CRWD|0001778564-26-000121|nonDerivative|2026-07-16|Kurtz George|S|Class A common stock|349|207.06|D,2026-07-23 03:38:23+0000,CRWD,"CrowdStrike Holdings, Inc.",0001535527,4,2026-07-17,2026-07-15,0001778564-26-000121,https://www.sec.gov/Archives/edgar/data/1535527/000177856426000121/form4-07172026_080701.xml,nonDerivative,2026-07-16,S,Class A common stock,349,207.06,72263.94,8193544,D,Kurtz George,PRESIDENT AND CEO,true,true,false,PRESIDENT AND CEO,SEC EDGAR
CPRT|0001193125-26-307951|nonDerivative|2026-07-15|Liaw Jeffrey|M|Common Stock|1277|6.78|D,2026-07-23 03:38:23+0000,CPRT,COPART INC,0000900075,4,2026-07-17,2026-07-15,0001193125-26-307951,https://www.sec.gov/Archives/edgar/data/900075/000119312526307951/ownership.xml,nonDerivative,2026-07-15,M,Common Stock,1277,6.78,8658.06,80809,D,Liaw Jeffrey,Chief Executive Officer,false,true,false,Chief Executive Officer,SEC EDGAR
CPRT|0001193125-26-307951|nonDerivative|2026-07-15|Liaw Jeffrey|M|Common Stock|812|8.7|D,2026-07-23 03:38:23+0000,CPRT,COPART INC,0000900075,4,2026-07-17,2026-07-15,0001193125-26-307951,https://www.sec.gov/Archives/edgar/data/900075/000119312526307951/ownership.xml,nonDerivative,2026-07-15,M,Common Stock,812,8.7,7064.4,81621,D,Liaw Jeffrey,Chief Executive Officer,false,true,false,Chief Executive Officer,SEC EDGAR
CPRT|0001193125-26-307951|derivative|2026-07-15|Liaw Jeffrey|M|Stock Option|1277|0|D,2026-07-23 03:38:23+0000,CPRT,COPART INC,0000900075,4,2026-07-17,2026-07-15,0001193125-26-307951,https://www.sec.gov/Archives/edgar/data/900075/000119312526307951/ownership.xml,derivative,2026-07-15,M,Stock Option,1277,0,0.0,221884,D,Liaw Jeffrey,Chief Executive Officer,false,true,false,Chief Executive Officer,SEC EDGAR
CPRT|0001193125-26-307951|derivative|2026-07-15|Liaw Jeffrey|M|Stock Option|812|0|D,2026-07-23 03:38:23+0000,CPRT,COPART INC,0000900075,4,2026-07-17,2026-07-15,0001193125-26-307951,https://www.sec.gov/Archives/edgar/data/900075/000119312526307951/ownership.xml,derivative,2026-07-15,M,Stock Option,812,0,0.0,182718,D,Liaw Jeffrey,Chief Executive Officer,false,true,false,Chief Executive Officer,SEC EDGAR
CPAY|0001193125-26-307997|nonDerivative|2026-07-15|Walker Peter|F|Common Stock|84|356.16|D,2026-07-23 03:38:23+0000,CPAY,"CORPAY, INC.",0001175454,4,2026-07-17,2026-07-15,0001193125-26-307997,https://www.sec.gov/Archives/edgar/data/1175454/000119312526307997/ownership.xml,nonDerivative,2026-07-15,F,Common Stock,84,356.16,29917.440000000002,6612,D,Walker Peter,Chief Financial Officer,false,true,false,Chief Financial Officer,SEC EDGAR
CPAY|0001193125-26-307997|nonDerivative|2026-07-15|Walker Peter|F|Common Stock|1187|356.16|D,2026-07-23 03:38:23+0000,CPAY,"CORPAY, INC.",0001175454,4,2026-07-17,2026-07-15,0001193125-26-307997,https://www.sec.gov/Archives/edgar/data/1175454/000119312526307997/ownership.xml,nonDerivative,2026-07-15,F,Common Stock,1187,356.16,422761.92000000004,5425,D,Walker Peter,Chief Financial Officer,false,true,false,Chief Financial Officer,SEC EDGAR
CPAY|0001193125-26-307997|nonDerivative|2026-07-15|Walker Peter|A|Common Stock|568|0|D,2026-07-23 03:38:23+0000,CPAY,"CORPAY, INC.",0001175454,4,2026-07-17,2026-07-15,0001193125-26-307997,https://www.sec.gov/Archives/edgar/data/1175454/000119312526307997/ownership.xml,nonDerivative,2026-07-15,A,Common Stock,568,0,0.0,5993,D,Walker Peter,Chief Financial Officer,false,true,false,Chief Financial Officer,SEC EDGAR
CPAY|0001193125-26-307997|nonDerivative|2026-07-15|Walker Peter|F|Common Stock|251|356.16|D,2026-07-23 03:38:23+0000,CPAY,"CORPAY, INC.",0001175454,4,2026-07-17,2026-07-15,0001193125-26-307997,https://www.sec.gov/Archives/edgar/data/1175454/000119312526307997/ownership.xml,nonDerivative,2026-07-15,F,Common Stock,251,356.16,89396.16,5742,D,Walker Peter,Chief Financial Officer,false,true,false,Chief Financial Officer,SEC EDGAR
CPAY|0001193125-26-307997|nonDerivative|2026-07-15|Walker Peter|A|Common Stock|938|0|D,2026-07-23 03:38:23+0000,CPAY,"CORPAY, INC.",0001175454,4,2026-07-17,2026-07-15,0001193125-26-307997,https://www.sec.gov/Archives/edgar/data/1175454/000119312526307997/ownership.xml,nonDerivative,2026-07-15,A,Common Stock,938,0,0.0,6680,D,Walker Peter,Chief Financial Officer,false,true,false,Chief Financial Officer,SEC EDGAR
CPAY|0001193125-26-307997|nonDerivative|2026-07-15|Walker Peter|F|Common Stock|138|356.16|D,2026-07-23 03:38:23+0000,CPAY,"CORPAY, INC.",0001175454,4,2026-07-17,2026-07-15,0001193125-26-307997,https://www.sec.gov/Archives/edgar/data/1175454/000119312526307997/ownership.xml,nonDerivative,2026-07-15,F,Common Stock,138,356.16,49150.08,6542,D,Walker Peter,Chief Financial Officer,false,true,false,Chief Financial Officer,SEC EDGAR
CLX|0001225208-26-006648|nonDerivative|2026-07-15|Hyder Chris T|F|Common Stock|277.0000|94.7500|D,2026-07-23 03:38:23+0000,CLX,CLOROX CO /DE/,0000021076,4,2026-07-17,2026-07-15,0001225208-26-006648,https://www.sec.gov/Archives/edgar/data/21076/000122520826006648/doc4.xml,nonDerivative,2026-07-15,F,Common Stock,277.0000,94.7500,26245.75,76860.0000,D,Hyder Chris T,"Officer, EVP-Chief Operating Officer",,1,,EVP-Chief Operating Officer,SEC EDGAR
CIEN|0001032553-26-000031|nonDerivative|2026-07-15|SMITH GARY B|S|Common Stock|2952|421.1036|D,2026-07-23 03:38:23+0000,CIEN,CIENA CORP,0000936395,4,2026-07-17,2026-07-15,0001032553-26-000031,https://www.sec.gov/Archives/edgar/data/936395/000103255326000031/edgardoc.xml,nonDerivative,2026-07-15,S,Common Stock,2952,421.1036,1243097.8272,251934,D,SMITH GARY B,"Director, Officer, President, CEO",1,1,0,"President, CEO",SEC EDGAR
CIEN|0001444157-26-000020|nonDerivative|2026-07-15|Rothenstein David M|S|Common Stock|2500|420.9137|D,2026-07-23 03:38:23+0000,CIEN,CIENA CORP,0000936395,4,2026-07-17,2026-07-15,0001444157-26-000020,https://www.sec.gov/Archives/edgar/data/936395/000144415726000020/edgardoc.xml,nonDerivative,2026-07-15,S,Common Stock,2500,420.9137,1052284.25,182731,D,Rothenstein David M,"Officer, SVP and Chief Strategy Officer",0,1,0,SVP and Chief Strategy Officer,SEC EDGAR
CIEN|0001998826-26-000014|nonDerivative|2026-07-15|Gage Brodie|S|Common Stock|1200|449.15|D,2026-07-23 03:38:23+0000,CIEN,CIENA CORP,0000936395,4,2026-07-17,2026-07-15,0001998826-26-000014,https://www.sec.gov/Archives/edgar/data/936395/000199882626000014/edgardoc.xml,nonDerivative,2026-07-15,S,Common Stock,1200,449.15,538980.0,39607,D,Gage Brodie,"Officer, SVP Global Products & Supply",0,1,0,SVP Global Products & Supply,SEC EDGAR
CIEN|0001998460-26-000009|nonDerivative|2026-07-15|DiPerna Dino|S|Common Stock|391|449.15|D,2026-07-23 03:38:23+0000,CIEN,CIENA CORP,0000936395,4,2026-07-17,2026-07-15,0001998460-26-000009,https://www.sec.gov/Archives/edgar/data/936395/000199846026000009/edgardoc.xml,nonDerivative,2026-07-15,S,Common Stock,391,449.15,175617.65,39624,D,DiPerna Dino,"Officer, SVP Global R&D",0,1,0,SVP Global R&D,SEC EDGAR
CDNS|0000813672-26-000084|nonDerivative|2026-07-15|Cunningham Paul|M|Common Stock|1000|138.02|D,2026-07-23 03:38:23+0000,CDNS,CADENCE DESIGN SYSTEMS INC,0000813672,4,2026-07-17,2026-07-15,0000813672-26-000084,https://www.sec.gov/Archives/edgar/data/813672/000081367226000084/wk-form4_1784324119.xml,nonDerivative,2026-07-15,M,Common Stock,1000,138.02,138020.0,127586,D,Cunningham Paul,"Officer, Sr. Vice President",0,1,0,Sr. Vice President,SEC EDGAR
CDNS|0000813672-26-000084|nonDerivative|2026-07-15|Cunningham Paul|S|Common Stock|2000|383.36|D,2026-07-23 03:38:23+0000,CDNS,CADENCE DESIGN SYSTEMS INC,0000813672,4,2026-07-17,2026-07-15,0000813672-26-000084,https://www.sec.gov/Archives/edgar/data/813672/000081367226000084/wk-form4_1784324119.xml,nonDerivative,2026-07-15,S,Common Stock,2000,383.36,766720.0,125586,D,Cunningham Paul,"Officer, Sr. Vice President",0,1,0,Sr. Vice President,SEC EDGAR
CDNS|0000813672-26-000084|derivative|2026-07-15|Cunningham Paul|M|Non- Qualified Stock Option (right to buy)|1000|0|D,2026-07-23 03:38:23+0000,CDNS,CADENCE DESIGN SYSTEMS INC,0000813672,4,2026-07-17,2026-07-15,0000813672-26-000084,https://www.sec.gov/Archives/edgar/data/813672/000081367226000084/wk-form4_1784324119.xml,derivative,2026-07-15,M,Non- Qualified Stock Option (right to buy),1000,0,0.0,8328,D,Cunningham Paul,"Officer, Sr. Vice President",0,1,0,Sr. Vice President,SEC EDGAR
BLK|0002012383-26-001976|nonDerivative|2026-07-16|Meade Christopher J.|M|Common Stock|18095|513.50|D,2026-07-23 03:38:23+0000,BLK,"BlackRock, Inc.",0002012383,4,2026-07-17,2026-07-16,0002012383-26-001976,https://www.sec.gov/Archives/edgar/data/2012383/000201238326001976/form4.xml,nonDerivative,2026-07-16,M,Common Stock,18095,513.50,9291782.5,32154,D,Meade Christopher J.,"Officer, General Counsel and CLO",,1,,General Counsel and CLO,SEC EDGAR
BLK|0002012383-26-001976|nonDerivative|2026-07-16|Meade Christopher J.|S|Common Stock|15895|1101.9936|D,2026-07-23 03:38:23+0000,BLK,"BlackRock, Inc.",0002012383,4,2026-07-17,2026-07-16,0002012383-26-001976,https://www.sec.gov/Archives/edgar/data/2012383/000201238326001976/form4.xml,nonDerivative,2026-07-16,S,Common Stock,15895,1101.9936,17516188.272,16259,D,Meade Christopher J.,"Officer, General Counsel and CLO",,1,,General Counsel and CLO,SEC EDGAR
BLK|0002012383-26-001976|nonDerivative|2026-07-16|Meade Christopher J.|S|Common Stock|2200|1102.7963|D,2026-07-23 03:38:23+0000,BLK,"BlackRock, Inc.",0002012383,4,2026-07-17,2026-07-16,0002012383-26-001976,https://www.sec.gov/Archives/edgar/data/2012383/000201238326001976/form4.xml,nonDerivative,2026-07-16,S,Common Stock,2200,1102.7963,2426151.86,14059,D,Meade Christopher J.,"Officer, General Counsel and CLO",,1,,General Counsel and CLO,SEC EDGAR
BLK|0002012383-26-001976|derivative|2026-07-16|Meade Christopher J.|M|Employee Stock Option (Right to Buy)|18095|0|D,2026-07-23 03:38:23+0000,BLK,"BlackRock, Inc.",0002012383,4,2026-07-17,2026-07-16,0002012383-26-001976,https://www.sec.gov/Archives/edgar/data/2012383/000201238326001976/form4.xml,derivative,2026-07-16,M,Employee Stock Option (Right to Buy),18095,0,0.0,0,D,Meade Christopher J.,"Officer, General Counsel and CLO",,1,,General Counsel and CLO,SEC EDGAR
BLK|0002012383-26-001977|nonDerivative|2026-07-16|FINK LAURENCE|S|Shares Of Common Stock (par Value $0.01 Per Share)|1905|1080.57|D,2026-07-23 03:38:23+0000,BLK,"BlackRock, Inc.",0002012383,4,2026-07-17,2026-07-16,0002012383-26-001977,https://www.sec.gov/Archives/edgar/data/2012383/000201238326001977/form4.xml,nonDerivative,2026-07-16,S,Shares Of Common Stock (par Value $0.01 Per Share),1905,1080.57,2058485.8499999999,223831,D,FINK LAURENCE,"Director, Officer, Chairman and CEO",1,1,,Chairman and CEO,SEC EDGAR
BAC|0000070858-26-000356|nonDerivative|2026-07-15|MOYNIHAN BRIAN T|M|Common Stock|18083||D,2026-07-23 03:38:23+0000,BAC,BANK OF AMERICA CORP /DE/,0000070858,4,2026-07-17,2026-07-15,0000070858-26-000356,https://www.sec.gov/Archives/edgar/data/70858/000007085826000356/form4.xml,nonDerivative,2026-07-15,M,Common Stock,18083,,,2717695,D,MOYNIHAN BRIAN T,"Director, Officer, Chair and CEO",1,1,,Chair and CEO,SEC EDGAR
BAC|0000070858-26-000356|nonDerivative|2026-07-15|MOYNIHAN BRIAN T|D|Common Stock|18083|61.59|D,2026-07-23 03:38:23+0000,BAC,BANK OF AMERICA CORP /DE/,0000070858,4,2026-07-17,2026-07-15,0000070858-26-000356,https://www.sec.gov/Archives/edgar/data/70858/000007085826000356/form4.xml,nonDerivative,2026-07-15,D,Common Stock,18083,61.59,1113731.97,2699612,D,MOYNIHAN BRIAN T,"Director, Officer, Chair and CEO",1,1,,Chair and CEO,SEC EDGAR
BAC|0000070858-26-000356|derivative|2026-07-15|MOYNIHAN BRIAN T|M|2026 Cash Settled Restricted Stock Units|18083||D,2026-07-23 03:38:23+0000,BAC,BANK OF AMERICA CORP /DE/,0000070858,4,2026-07-17,2026-07-15,0000070858-26-000356,https://www.sec.gov/Archives/edgar/data/70858/000007085826000356/form4.xml,derivative,2026-07-15,M,2026 Cash Settled Restricted Stock Units,18083,,,126580,D,MOYNIHAN BRIAN T,"Director, Officer, Chair and CEO",1,1,,Chair and CEO,SEC EDGAR
ARE|0001711289-26-000014|nonDerivative|2026-07-15|Woronoff Michael A|A|Common Stock|415|0|D,2026-07-23 03:38:23+0000,ARE,"ALEXANDRIA REAL ESTATE EQUITIES, INC.",0001035443,4,2026-07-17,2026-07-15,0001711289-26-000014,https://www.sec.gov/Archives/edgar/data/1035443/000171128926000014/wk-form4_1784321467.xml,nonDerivative,2026-07-15,A,Common Stock,415,0,0.0,28505,D,Woronoff Michael A,Director,1,0,0,,SEC EDGAR
ARE|0001961416-26-000012|nonDerivative|2026-07-15|McGrath Sheila K.|A|Common Stock|128|0|D,2026-07-23 03:38:23+0000,ARE,"ALEXANDRIA REAL ESTATE EQUITIES, INC.",0001035443,4,2026-07-17,2026-07-15,0001961416-26-000012,https://www.sec.gov/Archives/edgar/data/1035443/000196141626000012/wk-form4_1784321557.xml,nonDerivative,2026-07-15,A,Common Stock,128,0,0.0,12205,D,McGrath Sheila K.,Director,1,0,0,,SEC EDGAR
ARE|0001274646-26-000006|nonDerivative|2026-07-15|KLEIN RICHARD HUNTER|A|Common Stock|111|0|D,2026-07-23 03:38:23+0000,ARE,"ALEXANDRIA REAL ESTATE EQUITIES, INC.",0001035443,4,2026-07-17,2026-07-15,0001274646-26-000006,https://www.sec.gov/Archives/edgar/data/1035443/000127464626000006/wk-form4_1784321694.xml,nonDerivative,2026-07-15,A,Common Stock,111,0,0.0,21866,D,KLEIN RICHARD HUNTER,Director,1,0,0,,SEC EDGAR
ARE|0001594073-26-000012|nonDerivative|2026-07-15|Hash Steve|A|Common Stock|340|0|D,2026-07-23 03:38:23+0000,ARE,"ALEXANDRIA REAL ESTATE EQUITIES, INC.",0001035443,4,2026-07-17,2026-07-15,0001594073-26-000012,https://www.sec.gov/Archives/edgar/data/1035443/000159407326000012/wk-form4_1784321802.xml,nonDerivative,2026-07-15,A,Common Stock,340,0,0.0,30997,D,Hash Steve,Director,1,0,0,,SEC EDGAR
ARE|0001660432-26-000006|nonDerivative|2026-07-15|Cain James P|A|Common Stock|144|0|D,2026-07-23 03:38:23+0000,ARE,"ALEXANDRIA REAL ESTATE EQUITIES, INC.",0001035443,4,2026-07-17,2026-07-15,0001660432-26-000006,https://www.sec.gov/Archives/edgar/data/1035443/000166043226000006/wk-form4_1784321907.xml,nonDerivative,2026-07-15,A,Common Stock,144,0,0.0,13427,D,Cain James P,Director,1,0,0,,SEC EDGAR
APP|0001209189-26-000009|nonDerivative|2026-07-15|WEBB MAYNARD G JR|A|Class A Common Stock|41.00|0.00|D,2026-07-23 03:38:23+0000,APP,AppLovin Corp,0001751008,4,2026-07-17,2026-07-15,0001209189-26-000009,https://www.sec.gov/Archives/edgar/data/1751008/000120918926000009/primarydocument.xml,nonDerivative,2026-07-15,A,Class A Common Stock,41.00,0.00,0.0,3198.00,D,WEBB MAYNARD G JR,,true,false,false,,SEC EDGAR
APP|0001615151-26-000005|nonDerivative|2026-07-15|Messing Barbara|A|Class A Common Stock|40.00|0.00|D,2026-07-23 03:38:23+0000,APP,AppLovin Corp,0001751008,4,2026-07-17,2026-07-15,0001615151-26-000005,https://www.sec.gov/Archives/edgar/data/1751008/000161515126000005/primarydocument.xml,nonDerivative,2026-07-15,A,Class A Common Stock,40.00,0.00,0.0,10190.00,D,Messing Barbara,,true,false,false,,SEC EDGAR
AMD|0000002488-26-000117|nonDerivative|2026-07-15|Papermaster Mark D|M|Common Stock|6000|84.85|D,2026-07-23 03:38:23+0000,AMD,ADVANCED MICRO DEVICES INC,0000002488,4,2026-07-17,2026-07-15,0000002488-26-000117,https://www.sec.gov/Archives/edgar/data/2488/000000248826000117/wk-form4_1784318998.xml,nonDerivative,2026-07-15,M,Common Stock,6000,84.85,509099.99999999994,1239687,D,Papermaster Mark D,"Officer, Chief Technology Officer & EVP",0,1,0,Chief Technology Officer & EVP,SEC EDGAR
AMD|0000002488-26-000117|nonDerivative|2026-07-15|Papermaster Mark D|S|Common Stock|6000|556.43|D,2026-07-23 03:38:23+0000,AMD,ADVANCED MICRO DEVICES INC,0000002488,4,2026-07-17,2026-07-15,0000002488-26-000117,https://www.sec.gov/Archives/edgar/data/2488/000000248826000117/wk-form4_1784318998.xml,nonDerivative,2026-07-15,S,Common Stock,6000,556.43,3338579.9999999995,1233687,D,Papermaster Mark D,"Officer, Chief Technology Officer & EVP",0,1,0,Chief Technology Officer & EVP,SEC EDGAR
AMD|0000002488-26-000117|derivative|2026-07-15|Papermaster Mark D|M|Stock Option Grant|6000|0|D,2026-07-23 03:38:23+0000,AMD,ADVANCED MICRO DEVICES INC,0000002488,4,2026-07-17,2026-07-15,0000002488-26-000117,https://www.sec.gov/Archives/edgar/data/2488/000000248826000117/wk-form4_1784318998.xml,derivative,2026-07-15,M,Stock Option Grant,6000,0,0.0,7369,D,Papermaster Mark D,"Officer, Chief Technology Officer & EVP",0,1,0,Chief Technology Officer & EVP,SEC EDGAR
ADBE|0000796343-26-000131|nonDerivative|2026-07-15|Wadhwani David|M|Common Stock|761|0|D,2026-07-23 03:38:23+0000,ADBE,ADOBE INC.,0000796343,4,2026-07-17,2026-07-15,0000796343-26-000131,https://www.sec.gov/Archives/edgar/data/796343/000079634326000131/wk-form4_1784319822.xml,nonDerivative,2026-07-15,M,Common Stock,761,0,0.0,42096.098,D,Wadhwani David,"Officer, President, C&P",0,1,0,"President, C&P",SEC EDGAR
ADBE|0000796343-26-000131|nonDerivative|2026-07-15|Wadhwani David|F|Common Stock|377|224.56|D,2026-07-23 03:38:23+0000,ADBE,ADOBE INC.,0000796343,4,2026-07-17,2026-07-15,0000796343-26-000131,https://www.sec.gov/Archives/edgar/data/796343/000079634326000131/wk-form4_1784319822.xml,nonDerivative,2026-07-15,F,Common Stock,377,224.56,84659.12,41719.098,D,Wadhwani David,"Officer, President, C&P",0,1,0,"President, C&P",SEC EDGAR
ADBE|0000796343-26-000131|nonDerivative|2026-07-15|Wadhwani David|M|Common Stock|437|0|D,2026-07-23 03:38:23+0000,ADBE,ADOBE INC.,0000796343,4,2026-07-17,2026-07-15,0000796343-26-000131,https://www.sec.gov/Archives/edgar/data/796343/000079634326000131/wk-form4_1784319822.xml,nonDerivative,2026-07-15,M,Common Stock,437,0,0.0,42156.098,D,Wadhwani David,"Officer, President, C&P",0,1,0,"President, C&P",SEC EDGAR
ADBE|0000796343-26-000131|nonDerivative|2026-07-15|Wadhwani David|F|Common Stock|216|224.56|D,2026-07-23 03:38:23+0000,ADBE,ADOBE INC.,0000796343,4,2026-07-17,2026-07-15,0000796343-26-000131,https://www.sec.gov/Archives/edgar/data/796343/000079634326000131/wk-form4_1784319822.xml,nonDerivative,2026-07-15,F,Common Stock,216,224.56,48504.96,41940.098,D,Wadhwani David,"Officer, President, C&P",0,1,0,"President, C&P",SEC EDGAR
ADBE|0000796343-26-000131|nonDerivative|2026-07-15|Wadhwani David|M|Common Stock|696|0|D,2026-07-23 03:38:23+0000,ADBE,ADOBE INC.,0000796343,4,2026-07-17,2026-07-15,0000796343-26-000131,https://www.sec.gov/Archives/edgar/data/796343/000079634326000131/wk-form4_1784319822.xml,nonDerivative,2026-07-15,M,Common Stock,696,0,0.0,42636.098,D,Wadhwani David,"Officer, President, C&P",0,1,0,"President, C&P",SEC EDGAR
ADBE|0000796343-26-000131|nonDerivative|2026-07-15|Wadhwani David|F|Common Stock|345|224.56|D,2026-07-23 03:38:23+0000,ADBE,ADOBE INC.,0000796343,4,2026-07-17,2026-07-15,0000796343-26-000131,https://www.sec.gov/Archives/edgar/data/796343/000079634326000131/wk-form4_1784319822.xml,nonDerivative,2026-07-15,F,Common Stock,345,224.56,77473.2,42291.098,D,Wadhwani David,"Officer, President, C&P",0,1,0,"President, C&P",SEC EDGAR
ADBE|0000796343-26-000131|nonDerivative|2026-07-15|Wadhwani David|M|Common Stock|1130|0|D,2026-07-23 03:38:23+0000,ADBE,ADOBE INC.,0000796343,4,2026-07-17,2026-07-15,0000796343-26-000131,https://www.sec.gov/Archives/edgar/data/796343/000079634326000131/wk-form4_1784319822.xml,nonDerivative,2026-07-15,M,Common Stock,1130,0,0.0,43421.098,D,Wadhwani David,"Officer, President, C&P",0,1,0,"President, C&P",SEC EDGAR
ADBE|0000796343-26-000131|nonDerivative|2026-07-15|Wadhwani David|F|Common Stock|560|224.56|D,2026-07-23 03:38:23+0000,ADBE,ADOBE INC.,0000796343,4,2026-07-17,2026-07-15,0000796343-26-000131,https://www.sec.gov/Archives/edgar/data/796343/000079634326000131/wk-form4_1784319822.xml,nonDerivative,2026-07-15,F,Common Stock,560,224.56,125753.6,42861.098,D,Wadhwani David,"Officer, President, C&P",0,1,0,"President, C&P",SEC EDGAR
ADBE|0000796343-26-000131|derivative|2026-07-15|Wadhwani David|M|Restricted Stock Units|761|0|D,2026-07-23 03:38:23+0000,ADBE,ADOBE INC.,0000796343,4,2026-07-17,2026-07-15,0000796343-26-000131,https://www.sec.gov/Archives/edgar/data/796343/000079634326000131/wk-form4_1784319822.xml,derivative,2026-07-15,M,Restricted Stock Units,761,0,0.0,1521,D,Wadhwani David,"Officer, President, C&P",0,1,0,"President, C&P",SEC EDGAR
ADBE|0000796343-26-000131|derivative|2026-07-15|Wadhwani David|M|Restricted Stock Units|437|0|D,2026-07-23 03:38:23+0000,ADBE,ADOBE INC.,0000796343,4,2026-07-17,2026-07-15,0000796343-26-000131,https://www.sec.gov/Archives/edgar/data/796343/000079634326000131/wk-form4_1784319822.xml,derivative,2026-07-15,M,Restricted Stock Units,437,0,0.0,2623,D,Wadhwani David,"Officer, President, C&P",0,1,0,"President, C&P",SEC EDGAR
ADBE|0000796343-26-000131|derivative|2026-07-15|Wadhwani David|M|Restricted Stock Units|696|0|D,2026-07-23 03:38:23+0000,ADBE,ADOBE INC.,0000796343,4,2026-07-17,2026-07-15,0000796343-26-000131,https://www.sec.gov/Archives/edgar/data/796343/000079634326000131/wk-form4_1784319822.xml,derivative,2026-07-15,M,Restricted Stock Units,696,0,0.0,6955,D,Wadhwani David,"Officer, President, C&P",0,1,0,"President, C&P",SEC EDGAR
ADBE|0000796343-26-000131|derivative|2026-07-15|Wadhwani David|M|Restricted Stock Units|1130|0|D,2026-07-23 03:38:23+0000,ADBE,ADOBE INC.,0000796343,4,2026-07-17,2026-07-15,0000796343-26-000131,https://www.sec.gov/Archives/edgar/data/796343/000079634326000131/wk-form4_1784319822.xml,derivative,2026-07-15,M,Restricted Stock Units,1130,0,0.0,15826,D,Wadhwani David,"Officer, President, C&P",0,1,0,"President, C&P",SEC EDGAR
ADBE|0000796343-26-000133|nonDerivative|2026-07-15|Pentland Adele Louise|M|Common Stock|1308|0|D,2026-07-23 03:38:23+0000,ADBE,ADOBE INC.,0000796343,4,2026-07-17,2026-07-15,0000796343-26-000133,https://www.sec.gov/Archives/edgar/data/796343/000079634326000133/wk-form4_1784319839.xml,nonDerivative,2026-07-15,M,Common Stock,1308,0,0.0,6706.766,D,Pentland Adele Louise,"Officer, Chief Legal Officer & EVP",0,1,0,Chief Legal Officer & EVP,SEC EDGAR
ADBE|0000796343-26-000133|nonDerivative|2026-07-15|Pentland Adele Louise|F|Common Stock|648|224.56|D,2026-07-23 03:38:23+0000,ADBE,ADOBE INC.,0000796343,4,2026-07-17,2026-07-15,0000796343-26-000133,https://www.sec.gov/Archives/edgar/data/796343/000079634326000133/wk-form4_1784319839.xml,nonDerivative,2026-07-15,F,Common Stock,648,224.56,145514.88,6058.766,D,Pentland Adele Louise,"Officer, Chief Legal Officer & EVP",0,1,0,Chief Legal Officer & EVP,SEC EDGAR
ADBE|0000796343-26-000133|derivative|2026-07-15|Pentland Adele Louise|M|Restricted Stock Units|1308|0|D,2026-07-23 03:38:23+0000,ADBE,ADOBE INC.,0000796343,4,2026-07-17,2026-07-15,0000796343-26-000133,https://www.sec.gov/Archives/edgar/data/796343/000079634326000133/wk-form4_1784319839.xml,derivative,2026-07-15,M,Restricted Stock Units,1308,0,0.0,18317,D,Pentland Adele Louise,"Officer, Chief Legal Officer & EVP",0,1,0,Chief Legal Officer & EVP,SEC EDGAR
ADBE|0000796343-26-000133|derivative|2026-07-15|Pentland Adele Louise|A|Restricted Stock Units|31662|0|D,2026-07-23 03:38:23+0000,ADBE,ADOBE INC.,0000796343,4,2026-07-17,2026-07-15,0000796343-26-000133,https://www.sec.gov/Archives/edgar/data/796343/000079634326000133/wk-form4_1784319839.xml,derivative,2026-07-15,A,Restricted Stock Units,31662,0,0.0,31662,D,Pentland Adele Louise,"Officer, Chief Legal Officer & EVP",0,1,0,Chief Legal Officer & EVP,SEC EDGAR
ADBE|0000796343-26-000135|nonDerivative|2026-07-15|NARAYEN SHANTANU|M|Common Stock|2200|0|I,2026-07-23 03:38:23+0000,ADBE,ADOBE INC.,0000796343,4,2026-07-17,2026-07-15,0000796343-26-000135,https://www.sec.gov/Archives/edgar/data/796343/000079634326000135/wk-form4_1784319856.xml,nonDerivative,2026-07-15,M,Common Stock,2200,0,0.0,361738,I,NARAYEN SHANTANU,"Director, Officer, Chair and CEO",1,1,0,Chair and CEO,SEC EDGAR
ADBE|0000796343-26-000135|nonDerivative|2026-07-15|NARAYEN SHANTANU|F|Common Stock|1090|224.56|I,2026-07-23 03:38:23+0000,ADBE,ADOBE INC.,0000796343,4,2026-07-17,2026-07-15,0000796343-26-000135,https://www.sec.gov/Archives/edgar/data/796343/000079634326000135/wk-form4_1784319856.xml,nonDerivative,2026-07-15,F,Common Stock,1090,224.56,244770.4,360648,I,NARAYEN SHANTANU,"Director, Officer, Chair and CEO",1,1,0,Chair and CEO,SEC EDGAR
ADBE|0000796343-26-000135|nonDerivative|2026-07-15|NARAYEN SHANTANU|M|Common Stock|1264|0|I,2026-07-23 03:38:23+0000,ADBE,ADOBE INC.,0000796343,4,2026-07-17,2026-07-15,0000796343-26-000135,https://www.sec.gov/Archives/edgar/data/796343/000079634326000135/wk-form4_1784319856.xml,nonDerivative,2026-07-15,M,Common Stock,1264,0,0.0,361912,I,NARAYEN SHANTANU,"Director, Officer, Chair and CEO",1,1,0,Chair and CEO,SEC EDGAR
ADBE|0000796343-26-000135|nonDerivative|2026-07-15|NARAYEN SHANTANU|F|Common Stock|626|224.56|I,2026-07-23 03:38:23+0000,ADBE,ADOBE INC.,0000796343,4,2026-07-17,2026-07-15,0000796343-26-000135,https://www.sec.gov/Archives/edgar/data/796343/000079634326000135/wk-form4_1784319856.xml,nonDerivative,2026-07-15,F,Common Stock,626,224.56,140574.56,361286,I,NARAYEN SHANTANU,"Director, Officer, Chair and CEO",1,1,0,Chair and CEO,SEC EDGAR
ADBE|0000796343-26-000135|nonDerivative|2026-07-15|NARAYEN SHANTANU|M|Common Stock|1977|0|I,2026-07-23 03:38:23+0000,ADBE,ADOBE INC.,0000796343,4,2026-07-17,2026-07-15,0000796343-26-000135,https://www.sec.gov/Archives/edgar/data/796343/000079634326000135/wk-form4_1784319856.xml,nonDerivative,2026-07-15,M,Common Stock,1977,0,0.0,363263,I,NARAYEN SHANTANU,"Director, Officer, Chair and CEO",1,1,0,Chair and CEO,SEC EDGAR
ADBE|0000796343-26-000135|nonDerivative|2026-07-15|NARAYEN SHANTANU|F|Common Stock|980|224.56|I,2026-07-23 03:38:23+0000,ADBE,ADOBE INC.,0000796343,4,2026-07-17,2026-07-15,0000796343-26-000135,https://www.sec.gov/Archives/edgar/data/796343/000079634326000135/wk-form4_1784319856.xml,nonDerivative,2026-07-15,F,Common Stock,980,224.56,220068.8,362283,I,NARAYEN SHANTANU,"Director, Officer, Chair and CEO",1,1,0,Chair and CEO,SEC EDGAR
ADBE|0000796343-26-000135|nonDerivative|2026-07-15|NARAYEN SHANTANU|M|Common Stock|2857|0|I,2026-07-23 03:38:23+0000,ADBE,ADOBE INC.,0000796343,4,2026-07-17,2026-07-15,0000796343-26-000135,https://www.sec.gov/Archives/edgar/data/796343/000079634326000135/wk-form4_1784319856.xml,nonDerivative,2026-07-15,M,Common Stock,2857,0,0.0,365140,I,NARAYEN SHANTANU,"Director, Officer, Chair and CEO",1,1,0,Chair and CEO,SEC EDGAR
ADBE|0000796343-26-000135|nonDerivative|2026-07-15|NARAYEN SHANTANU|F|Common Stock|1416|224.56|I,2026-07-23 03:38:23+0000,ADBE,ADOBE INC.,0000796343,4,2026-07-17,2026-07-15,0000796343-26-000135,https://www.sec.gov/Archives/edgar/data/796343/000079634326000135/wk-form4_1784319856.xml,nonDerivative,2026-07-15,F,Common Stock,1416,224.56,317976.96,363724,I,NARAYEN SHANTANU,"Director, Officer, Chair and CEO",1,1,0,Chair and CEO,SEC EDGAR
ADBE|0000796343-26-000135|derivative|2026-07-15|NARAYEN SHANTANU|M|Restricted Stock Units|2200|0|D,2026-07-23 03:38:23+0000,ADBE,ADOBE INC.,0000796343,4,2026-07-17,2026-07-15,0000796343-26-000135,https://www.sec.gov/Archives/edgar/data/796343/000079634326000135/wk-form4_1784319856.xml,derivative,2026-07-15,M,Restricted Stock Units,2200,0,0.0,4400,D,NARAYEN SHANTANU,"Director, Officer, Chair and CEO",1,1,0,Chair and CEO,SEC EDGAR
ADBE|0000796343-26-000135|derivative|2026-07-15|NARAYEN SHANTANU|M|Restricted Stock Units|1264|0|D,2026-07-23 03:38:23+0000,ADBE,ADOBE INC.,0000796343,4,2026-07-17,2026-07-15,0000796343-26-000135,https://www.sec.gov/Archives/edgar/data/796343/000079634326000135/wk-form4_1784319856.xml,derivative,2026-07-15,M,Restricted Stock Units,1264,0,0.0,7588,D,NARAYEN SHANTANU,"Director, Officer, Chair and CEO",1,1,0,Chair and CEO,SEC EDGAR
ADBE|0000796343-26-000135|derivative|2026-07-15|NARAYEN SHANTANU|M|Restricted Stock Units|1977|0|D,2026-07-23 03:38:23+0000,ADBE,ADOBE INC.,0000796343,4,2026-07-17,2026-07-15,0000796343-26-000135,https://www.sec.gov/Archives/edgar/data/796343/000079634326000135/wk-form4_1784319856.xml,derivative,2026-07-15,M,Restricted Stock Units,1977,0,0.0,19779,D,NARAYEN SHANTANU,"Director, Officer, Chair and CEO",1,1,0,Chair and CEO,SEC EDGAR
ADBE|0000796343-26-000135|derivative|2026-07-15|NARAYEN SHANTANU|M|Restricted Stock Units|2857|0|D,2026-07-23 03:38:23+0000,ADBE,ADOBE INC.,0000796343,4,2026-07-17,2026-07-15,0000796343-26-000135,https://www.sec.gov/Archives/edgar/data/796343/000079634326000135/wk-form4_1784319856.xml,derivative,2026-07-15,M,Restricted Stock Units,2857,0,0.0,40003,D,NARAYEN SHANTANU,"Director, Officer, Chair and CEO",1,1,0,Chair and CEO,SEC EDGAR
ADBE|0000796343-26-000130|nonDerivative|2026-07-15|Forusz Jillian|M|Common Stock|60|0|D,2026-07-23 03:38:23+0000,ADBE,ADOBE INC.,0000796343,4,2026-07-17,2026-07-15,0000796343-26-000130,https://www.sec.gov/Archives/edgar/data/796343/000079634326000130/wk-form4_1784319814.xml,nonDerivative,2026-07-15,M,Common Stock,60,0,0.0,3884.156,D,Forusz Jillian,"Officer, SVP & CAO",0,1,0,SVP & CAO,SEC EDGAR
ADBE|0000796343-26-000130|nonDerivative|2026-07-15|Forusz Jillian|F|Common Stock|20|224.56|D,2026-07-23 03:38:23+0000,ADBE,ADOBE INC.,0000796343,4,2026-07-17,2026-07-15,0000796343-26-000130,https://www.sec.gov/Archives/edgar/data/796343/000079634326000130/wk-form4_1784319814.xml,nonDerivative,2026-07-15,F,Common Stock,20,224.56,4491.2,3864.156,D,Forusz Jillian,"Officer, SVP & CAO",0,1,0,SVP & CAO,SEC EDGAR
ADBE|0000796343-26-000130|nonDerivative|2026-07-15|Forusz Jillian|M|Common Stock|34|0|D,2026-07-23 03:38:23+0000,ADBE,ADOBE INC.,0000796343,4,2026-07-17,2026-07-15,0000796343-26-000130,https://www.sec.gov/Archives/edgar/data/796343/000079634326000130/wk-form4_1784319814.xml,nonDerivative,2026-07-15,M,Common Stock,34,0,0.0,3898.156,D,Forusz Jillian,"Officer, SVP & CAO",0,1,0,SVP & CAO,SEC EDGAR
ADBE|0000796343-26-000130|nonDerivative|2026-07-15|Forusz Jillian|F|Common Stock|11|224.56|D,2026-07-23 03:38:23+0000,ADBE,ADOBE INC.,0000796343,4,2026-07-17,2026-07-15,0000796343-26-000130,https://www.sec.gov/Archives/edgar/data/796343/000079634326000130/wk-form4_1784319814.xml,nonDerivative,2026-07-15,F,Common Stock,11,224.56,2470.16,3887.156,D,Forusz Jillian,"Officer, SVP & CAO",0,1,0,SVP & CAO,SEC EDGAR
ADBE|0000796343-26-000130|nonDerivative|2026-07-15|Forusz Jillian|M|Common Stock|22|0|D,2026-07-23 03:38:23+0000,ADBE,ADOBE INC.,0000796343,4,2026-07-17,2026-07-15,0000796343-26-000130,https://www.sec.gov/Archives/edgar/data/796343/000079634326000130/wk-form4_1784319814.xml,nonDerivative,2026-07-15,M,Common Stock,22,0,0.0,3909.156,D,Forusz Jillian,"Officer, SVP & CAO",0,1,0,SVP & CAO,SEC EDGAR
ADBE|0000796343-26-000130|nonDerivative|2026-07-15|Forusz Jillian|F|Common Stock|7|224.56|D,2026-07-23 03:38:23+0000,ADBE,ADOBE INC.,0000796343,4,2026-07-17,2026-07-15,0000796343-26-000130,https://www.sec.gov/Archives/edgar/data/796343/000079634326000130/wk-form4_1784319814.xml,nonDerivative,2026-07-15,F,Common Stock,7,224.56,1571.92,3902.156,D,Forusz Jillian,"Officer, SVP & CAO",0,1,0,SVP & CAO,SEC EDGAR
ADBE|0000796343-26-000130|nonDerivative|2026-07-15|Forusz Jillian|M|Common Stock|576|0|D,2026-07-23 03:38:23+0000,ADBE,ADOBE INC.,0000796343,4,2026-07-17,2026-07-15,0000796343-26-000130,https://www.sec.gov/Archives/edgar/data/796343/000079634326000130/wk-form4_1784319814.xml,nonDerivative,2026-07-15,M,Common Stock,576,0,0.0,4478.156,D,Forusz Jillian,"Officer, SVP & CAO",0,1,0,SVP & CAO,SEC EDGAR
ADBE|0000796343-26-000130|nonDerivative|2026-07-15|Forusz Jillian|F|Common Stock|238|224.56|D,2026-07-23 03:38:23+0000,ADBE,ADOBE INC.,0000796343,4,2026-07-17,2026-07-15,0000796343-26-000130,https://www.sec.gov/Archives/edgar/data/796343/000079634326000130/wk-form4_1784319814.xml,nonDerivative,2026-07-15,F,Common Stock,238,224.56,53445.28,4240.156,D,Forusz Jillian,"Officer, SVP & CAO",0,1,0,SVP & CAO,SEC EDGAR
ADBE|0000796343-26-000130|derivative|2026-07-15|Forusz Jillian|M|Restricted Stock Units|60|0|D,2026-07-23 03:38:23+0000,ADBE,ADOBE INC.,0000796343,4,2026-07-17,2026-07-15,0000796343-26-000130,https://www.sec.gov/Archives/edgar/data/796343/000079634326000130/wk-form4_1784319814.xml,derivative,2026-07-15,M,Restricted Stock Units,60,0,0.0,120,D,Forusz Jillian,"Officer, SVP & CAO",0,1,0,SVP & CAO,SEC EDGAR
ADBE|0000796343-26-000130|derivative|2026-07-15|Forusz Jillian|M|Restricted Stock Units|34|0|D,2026-07-23 03:38:23+0000,ADBE,ADOBE INC.,0000796343,4,2026-07-17,2026-07-15,0000796343-26-000130,https://www.sec.gov/Archives/edgar/data/796343/000079634326000130/wk-form4_1784319814.xml,derivative,2026-07-15,M,Restricted Stock Units,34,0,0.0,207,D,Forusz Jillian,"Officer, SVP & CAO",0,1,0,SVP & CAO,SEC EDGAR
ADBE|0000796343-26-000130|derivative|2026-07-15|Forusz Jillian|M|Restricted Stock Units|22|0|D,2026-07-23 03:38:23+0000,ADBE,ADOBE INC.,0000796343,4,2026-07-17,2026-07-15,0000796343-26-000130,https://www.sec.gov/Archives/edgar/data/796343/000079634326000130/wk-form4_1784319814.xml,derivative,2026-07-15,M,Restricted Stock Units,22,0,0.0,218,D,Forusz Jillian,"Officer, SVP & CAO",0,1,0,SVP & CAO,SEC EDGAR
ADBE|0000796343-26-000130|derivative|2026-07-15|Forusz Jillian|M|Restricted Stock Units|576|0|D,2026-07-23 03:38:23+0000,ADBE,ADOBE INC.,0000796343,4,2026-07-17,2026-07-15,0000796343-26-000130,https://www.sec.gov/Archives/edgar/data/796343/000079634326000130/wk-form4_1784319814.xml,derivative,2026-07-15,M,Restricted Stock Units,576,0,0.0,8060,D,Forusz Jillian,"Officer, SVP & CAO",0,1,0,SVP & CAO,SEC EDGAR
ADBE|0000796343-26-000130|derivative|2026-07-15|Forusz Jillian|A|Restricted Stock Units|18093|0|D,2026-07-23 03:38:23+0000,ADBE,ADOBE INC.,0000796343,4,2026-07-17,2026-07-15,0000796343-26-000130,https://www.sec.gov/Archives/edgar/data/796343/000079634326000130/wk-form4_1784319814.xml,derivative,2026-07-15,A,Restricted Stock Units,18093,0,0.0,18093,D,Forusz Jillian,"Officer, SVP & CAO",0,1,0,SVP & CAO,SEC EDGAR
ADBE|0002140626-26-000006|nonDerivative|2026-07-15|Day Steven|M|Common Stock|55|0|D,2026-07-23 03:38:23+0000,ADBE,ADOBE INC.,0000796343,4,2026-07-17,2026-07-15,0002140626-26-000006,https://www.sec.gov/Archives/edgar/data/796343/000214062626000006/wk-form4_1784319781.xml,nonDerivative,2026-07-15,M,Common Stock,55,0,0.0,5024.696,D,Day Steven,"Officer, Interim CFO and SVP",0,1,0,Interim CFO and SVP,SEC EDGAR
ADBE|0002140626-26-000006|nonDerivative|2026-07-15|Day Steven|F|Common Stock|27|224.56|D,2026-07-23 03:38:23+0000,ADBE,ADOBE INC.,0000796343,4,2026-07-17,2026-07-15,0002140626-26-000006,https://www.sec.gov/Archives/edgar/data/796343/000214062626000006/wk-form4_1784319781.xml,nonDerivative,2026-07-15,F,Common Stock,27,224.56,6063.12,4997.696,D,Day Steven,"Officer, Interim CFO and SVP",0,1,0,Interim CFO and SVP,SEC EDGAR
ADBE|0002140626-26-000006|nonDerivative|2026-07-15|Day Steven|M|Common Stock|63|0|D,2026-07-23 03:38:23+0000,ADBE,ADOBE INC.,0000796343,4,2026-07-17,2026-07-15,0002140626-26-000006,https://www.sec.gov/Archives/edgar/data/796343/000214062626000006/wk-form4_1784319781.xml,nonDerivative,2026-07-15,M,Common Stock,63,0,0.0,5060.696,D,Day Steven,"Officer, Interim CFO and SVP",0,1,0,Interim CFO and SVP,SEC EDGAR
ADBE|0002140626-26-000006|nonDerivative|2026-07-15|Day Steven|F|Common Stock|31|224.56|D,2026-07-23 03:38:23+0000,ADBE,ADOBE INC.,0000796343,4,2026-07-17,2026-07-15,0002140626-26-000006,https://www.sec.gov/Archives/edgar/data/796343/000214062626000006/wk-form4_1784319781.xml,nonDerivative,2026-07-15,F,Common Stock,31,224.56,6961.36,5029.696,D,Day Steven,"Officer, Interim CFO and SVP",0,1,0,Interim CFO and SVP,SEC EDGAR
ADBE|0002140626-26-000006|nonDerivative|2026-07-15|Day Steven|M|Common Stock|153|0|D,2026-07-23 03:38:23+0000,ADBE,ADOBE INC.,0000796343,4,2026-07-17,2026-07-15,0002140626-26-000006,https://www.sec.gov/Archives/edgar/data/796343/000214062626000006/wk-form4_1784319781.xml,nonDerivative,2026-07-15,M,Common Stock,153,0,0.0,5182.696,D,Day Steven,"Officer, Interim CFO and SVP",0,1,0,Interim CFO and SVP,SEC EDGAR
ADBE|0002140626-26-000006|nonDerivative|2026-07-15|Day Steven|F|Common Stock|75|224.56|D,2026-07-23 03:38:23+0000,ADBE,ADOBE INC.,0000796343,4,2026-07-17,2026-07-15,0002140626-26-000006,https://www.sec.gov/Archives/edgar/data/796343/000214062626000006/wk-form4_1784319781.xml,nonDerivative,2026-07-15,F,Common Stock,75,224.56,16842.0,5107.696,D,Day Steven,"Officer, Interim CFO and SVP",0,1,0,Interim CFO and SVP,SEC EDGAR
ADBE|0002140626-26-000006|nonDerivative|2026-07-15|Day Steven|M|Common Stock|419|0|D,2026-07-23 03:38:23+0000,ADBE,ADOBE INC.,0000796343,4,2026-07-17,2026-07-15,0002140626-26-000006,https://www.sec.gov/Archives/edgar/data/796343/000214062626000006/wk-form4_1784319781.xml,nonDerivative,2026-07-15,M,Common Stock,419,0,0.0,5526.696,D,Day Steven,"Officer, Interim CFO and SVP",0,1,0,Interim CFO and SVP,SEC EDGAR
ADBE|0002140626-26-000006|nonDerivative|2026-07-15|Day Steven|F|Common Stock|207|224.56|D,2026-07-23 03:38:23+0000,ADBE,ADOBE INC.,0000796343,4,2026-07-17,2026-07-15,0002140626-26-000006,https://www.sec.gov/Archives/edgar/data/796343/000214062626000006/wk-form4_1784319781.xml,nonDerivative,2026-07-15,F,Common Stock,207,224.56,46483.92,5319.696,D,Day Steven,"Officer, Interim CFO and SVP",0,1,0,Interim CFO and SVP,SEC EDGAR
ADBE|0002140626-26-000006|derivative|2026-07-15|Day Steven|M|Restricted Stock Units|55|0|D,2026-07-23 03:38:23+0000,ADBE,ADOBE INC.,0000796343,4,2026-07-17,2026-07-15,0002140626-26-000006,https://www.sec.gov/Archives/edgar/data/796343/000214062626000006/wk-form4_1784319781.xml,derivative,2026-07-15,M,Restricted Stock Units,55,0,0.0,109,D,Day Steven,"Officer, Interim CFO and SVP",0,1,0,Interim CFO and SVP,SEC EDGAR
ADBE|0002140626-26-000006|derivative|2026-07-15|Day Steven|M|Restricted Stock Units|63|0|D,2026-07-23 03:38:23+0000,ADBE,ADOBE INC.,0000796343,4,2026-07-17,2026-07-15,0002140626-26-000006,https://www.sec.gov/Archives/edgar/data/796343/000214062626000006/wk-form4_1784319781.xml,derivative,2026-07-15,M,Restricted Stock Units,63,0,0.0,375,D,Day Steven,"Officer, Interim CFO and SVP",0,1,0,Interim CFO and SVP,SEC EDGAR
ADBE|0002140626-26-000006|derivative|2026-07-15|Day Steven|M|Restricted Stock Units|153|0|D,2026-07-23 03:38:23+0000,ADBE,ADOBE INC.,0000796343,4,2026-07-17,2026-07-15,0002140626-26-000006,https://www.sec.gov/Archives/edgar/data/796343/000214062626000006/wk-form4_1784319781.xml,derivative,2026-07-15,M,Restricted Stock Units,153,0,0.0,1522,D,Day Steven,"Officer, Interim CFO and SVP",0,1,0,Interim CFO and SVP,SEC EDGAR
ADBE|0002140626-26-000006|derivative|2026-07-15|Day Steven|M|Restricted Stock Units|419|0|D,2026-07-23 03:38:23+0000,ADBE,ADOBE INC.,0000796343,4,2026-07-17,2026-07-15,0002140626-26-000006,https://www.sec.gov/Archives/edgar/data/796343/000214062626000006/wk-form4_1784319781.xml,derivative,2026-07-15,M,Restricted Stock Units,419,0,0.0,5862,D,Day Steven,"Officer, Interim CFO and SVP",0,1,0,Interim CFO and SVP,SEC EDGAR
ADBE|0002140626-26-000006|derivative|2026-07-15|Day Steven|A|Restricted Stock Units|22616|0|D,2026-07-23 03:38:23+0000,ADBE,ADOBE INC.,0000796343,4,2026-07-17,2026-07-15,0002140626-26-000006,https://www.sec.gov/Archives/edgar/data/796343/000214062626000006/wk-form4_1784319781.xml,derivative,2026-07-15,A,Restricted Stock Units,22616,0,0.0,22616,D,Day Steven,"Officer, Interim CFO and SVP",0,1,0,Interim CFO and SVP,SEC EDGAR
ADBE|0000796343-26-000132|nonDerivative|2026-07-15|Chen Gloria|M|Common Stock|770|0|D,2026-07-23 03:38:23+0000,ADBE,ADOBE INC.,0000796343,4,2026-07-17,2026-07-15,0000796343-26-000132,https://www.sec.gov/Archives/edgar/data/796343/000079634326000132/wk-form4_1784319831.xml,nonDerivative,2026-07-15,M,Common Stock,770,0,0.0,49566.119,D,Chen Gloria,"Officer, EVP, Chief People Officer",0,1,0,"EVP, Chief People Officer",SEC EDGAR
ADBE|0000796343-26-000132|nonDerivative|2026-07-15|Chen Gloria|F|Common Stock|381|224.56|D,2026-07-23 03:38:23+0000,ADBE,ADOBE INC.,0000796343,4,2026-07-17,2026-07-15,0000796343-26-000132,https://www.sec.gov/Archives/edgar/data/796343/000079634326000132/wk-form4_1784319831.xml,nonDerivative,2026-07-15,F,Common Stock,381,224.56,85557.36,49185.119,D,Chen Gloria,"Officer, EVP, Chief People Officer",0,1,0,"EVP, Chief People Officer",SEC EDGAR
ADBE|0000796343-26-000132|nonDerivative|2026-07-15|Chen Gloria|M|Common Stock|442|0|D,2026-07-23 03:38:23+0000,ADBE,ADOBE INC.,0000796343,4,2026-07-17,2026-07-15,0000796343-26-000132,https://www.sec.gov/Archives/edgar/data/796343/000079634326000132/wk-form4_1784319831.xml,nonDerivative,2026-07-15,M,Common Stock,442,0,0.0,49627.119,D,Chen Gloria,"Officer, EVP, Chief People Officer",0,1,0,"EVP, Chief People Officer",SEC EDGAR
ADBE|0000796343-26-000132|nonDerivative|2026-07-15|Chen Gloria|F|Common Stock|219|224.56|D,2026-07-23 03:38:23+0000,ADBE,ADOBE INC.,0000796343,4,2026-07-17,2026-07-15,0000796343-26-000132,https://www.sec.gov/Archives/edgar/data/796343/000079634326000132/wk-form4_1784319831.xml,nonDerivative,2026-07-15,F,Common Stock,219,224.56,49178.64,49408.119,D,Chen Gloria,"Officer, EVP, Chief People Officer",0,1,0,"EVP, Chief People Officer",SEC EDGAR
ADBE|0000796343-26-000132|nonDerivative|2026-07-15|Chen Gloria|M|Common Stock|725|0|D,2026-07-23 03:38:23+0000,ADBE,ADOBE INC.,0000796343,4,2026-07-17,2026-07-15,0000796343-26-000132,https://www.sec.gov/Archives/edgar/data/796343/000079634326000132/wk-form4_1784319831.xml,nonDerivative,2026-07-15,M,Common Stock,725,0,0.0,50133.119,D,Chen Gloria,"Officer, EVP, Chief People Officer",0,1,0,"EVP, Chief People Officer",SEC EDGAR
ADBE|0000796343-26-000132|nonDerivative|2026-07-15|Chen Gloria|F|Common Stock|359|224.56|D,2026-07-23 03:38:23+0000,ADBE,ADOBE INC.,0000796343,4,2026-07-17,2026-07-15,0000796343-26-000132,https://www.sec.gov/Archives/edgar/data/796343/000079634326000132/wk-form4_1784319831.xml,nonDerivative,2026-07-15,F,Common Stock,359,224.56,80617.04,49774.119,D,Chen Gloria,"Officer, EVP, Chief People Officer",0,1,0,"EVP, Chief People Officer",SEC EDGAR
ADBE|0000796343-26-000132|nonDerivative|2026-07-15|Chen Gloria|M|Common Stock|1308|0|D,2026-07-23 03:38:23+0000,ADBE,ADOBE INC.,0000796343,4,2026-07-17,2026-07-15,0000796343-26-000132,https://www.sec.gov/Archives/edgar/data/796343/000079634326000132/wk-form4_1784319831.xml,nonDerivative,2026-07-15,M,Common Stock,1308,0,0.0,51082.119,D,Chen Gloria,"Officer, EVP, Chief People Officer",0,1,0,"EVP, Chief People Officer",SEC EDGAR
ADBE|0000796343-26-000132|nonDerivative|2026-07-15|Chen Gloria|F|Common Stock|648|224.56|D,2026-07-23 03:38:23+0000,ADBE,ADOBE INC.,0000796343,4,2026-07-17,2026-07-15,0000796343-26-000132,https://www.sec.gov/Archives/edgar/data/796343/000079634326000132/wk-form4_1784319831.xml,nonDerivative,2026-07-15,F,Common Stock,648,224.56,145514.88,50434.119,D,Chen Gloria,"Officer, EVP, Chief People Officer",0,1,0,"EVP, Chief People Officer",SEC EDGAR
ADBE|0000796343-26-000132|derivative|2026-07-15|Chen Gloria|M|Restricted Stock Units|770|0|D,2026-07-23 03:38:23+0000,ADBE,ADOBE INC.,0000796343,4,2026-07-17,2026-07-15,0000796343-26-000132,https://www.sec.gov/Archives/edgar/data/796343/000079634326000132/wk-form4_1784319831.xml,derivative,2026-07-15,M,Restricted Stock Units,770,0,0.0,1539,D,Chen Gloria,"Officer, EVP, Chief People Officer",0,1,0,"EVP, Chief People Officer",SEC EDGAR
ADBE|0000796343-26-000132|derivative|2026-07-15|Chen Gloria|M|Restricted Stock Units|442|0|D,2026-07-23 03:38:23+0000,ADBE,ADOBE INC.,0000796343,4,2026-07-17,2026-07-15,0000796343-26-000132,https://www.sec.gov/Archives/edgar/data/796343/000079634326000132/wk-form4_1784319831.xml,derivative,2026-07-15,M,Restricted Stock Units,442,0,0.0,2655,D,Chen Gloria,"Officer, EVP, Chief People Officer",0,1,0,"EVP, Chief People Officer",SEC EDGAR
ADBE|0000796343-26-000132|derivative|2026-07-15|Chen Gloria|M|Restricted Stock Units|725|0|D,2026-07-23 03:38:23+0000,ADBE,ADOBE INC.,0000796343,4,2026-07-17,2026-07-15,0000796343-26-000132,https://www.sec.gov/Archives/edgar/data/796343/000079634326000132/wk-form4_1784319831.xml,derivative,2026-07-15,M,Restricted Stock Units,725,0,0.0,7245,D,Chen Gloria,"Officer, EVP, Chief People Officer",0,1,0,"EVP, Chief People Officer",SEC EDGAR
ADBE|0000796343-26-000132|derivative|2026-07-15|Chen Gloria|M|Restricted Stock Units|1308|0|D,2026-07-23 03:38:23+0000,ADBE,ADOBE INC.,0000796343,4,2026-07-17,2026-07-15,0000796343-26-000132,https://www.sec.gov/Archives/edgar/data/796343/000079634326000132/wk-form4_1784319831.xml,derivative,2026-07-15,M,Restricted Stock Units,1308,0,0.0,18317,D,Chen Gloria,"Officer, EVP, Chief People Officer",0,1,0,"EVP, Chief People Officer",SEC EDGAR
ADBE|0000796343-26-000132|derivative|2026-07-15|Chen Gloria|A|Restricted Stock Units|31662|0|D,2026-07-23 03:38:23+0000,ADBE,ADOBE INC.,0000796343,4,2026-07-17,2026-07-15,0000796343-26-000132,https://www.sec.gov/Archives/edgar/data/796343/000079634326000132/wk-form4_1784319831.xml,derivative,2026-07-15,A,Restricted Stock Units,31662,0,0.0,31662,D,Chen Gloria,"Officer, EVP, Chief People Officer",0,1,0,"EVP, Chief People Officer",SEC EDGAR
ADBE|0000796343-26-000129|nonDerivative|2026-07-15|Chakravarthy Anil|M|Common Stock|761|0|D,2026-07-23 03:38:23+0000,ADBE,ADOBE INC.,0000796343,4,2026-07-17,2026-07-15,0000796343-26-000129,https://www.sec.gov/Archives/edgar/data/796343/000079634326000129/wk-form4_1784319806.xml,nonDerivative,2026-07-15,M,Common Stock,761,0,0.0,61127.784,D,Chakravarthy Anil,"Officer, President, CXO",0,1,0,"President, CXO",SEC EDGAR
ADBE|0000796343-26-000129|nonDerivative|2026-07-15|Chakravarthy Anil|F|Common Stock|377|224.56|D,2026-07-23 03:38:23+0000,ADBE,ADOBE INC.,0000796343,4,2026-07-17,2026-07-15,0000796343-26-000129,https://www.sec.gov/Archives/edgar/data/796343/000079634326000129/wk-form4_1784319806.xml,nonDerivative,2026-07-15,F,Common Stock,377,224.56,84659.12,60750.784,D,Chakravarthy Anil,"Officer, President, CXO",0,1,0,"President, CXO",SEC EDGAR
ADBE|0000796343-26-000129|nonDerivative|2026-07-15|Chakravarthy Anil|M|Common Stock|437|0|D,2026-07-23 03:38:23+0000,ADBE,ADOBE INC.,0000796343,4,2026-07-17,2026-07-15,0000796343-26-000129,https://www.sec.gov/Archives/edgar/data/796343/000079634326000129/wk-form4_1784319806.xml,nonDerivative,2026-07-15,M,Common Stock,437,0,0.0,61187.784,D,Chakravarthy Anil,"Officer, President, CXO",0,1,0,"President, CXO",SEC EDGAR
ADBE|0000796343-26-000129|nonDerivative|2026-07-15|Chakravarthy Anil|F|Common Stock|216|224.56|D,2026-07-23 03:38:23+0000,ADBE,ADOBE INC.,0000796343,4,2026-07-17,2026-07-15,0000796343-26-000129,https://www.sec.gov/Archives/edgar/data/796343/000079634326000129/wk-form4_1784319806.xml,nonDerivative,2026-07-15,F,Common Stock,216,224.56,48504.96,60971.784,D,Chakravarthy Anil,"Officer, President, CXO",0,1,0,"President, CXO",SEC EDGAR
ADBE|0000796343-26-000129|nonDerivative|2026-07-15|Chakravarthy Anil|M|Common Stock|696|0|D,2026-07-23 03:38:23+0000,ADBE,ADOBE INC.,0000796343,4,2026-07-17,2026-07-15,0000796343-26-000129,https://www.sec.gov/Archives/edgar/data/796343/000079634326000129/wk-form4_1784319806.xml,nonDerivative,2026-07-15,M,Common Stock,696,0,0.0,61667.784,D,Chakravarthy Anil,"Officer, President, CXO",0,1,0,"President, CXO",SEC EDGAR
ADBE|0000796343-26-000129|nonDerivative|2026-07-15|Chakravarthy Anil|F|Common Stock|345|224.56|D,2026-07-23 03:38:23+0000,ADBE,ADOBE INC.,0000796343,4,2026-07-17,2026-07-15,0000796343-26-000129,https://www.sec.gov/Archives/edgar/data/796343/000079634326000129/wk-form4_1784319806.xml,nonDerivative,2026-07-15,F,Common Stock,345,224.56,77473.2,61322.784,D,Chakravarthy Anil,"Officer, President, CXO",0,1,0,"President, CXO",SEC EDGAR
ADBE|0000796343-26-000129|nonDerivative|2026-07-15|Chakravarthy Anil|M|Common Stock|1130|0|D,2026-07-23 03:38:23+0000,ADBE,ADOBE INC.,0000796343,4,2026-07-17,2026-07-15,0000796343-26-000129,https://www.sec.gov/Archives/edgar/data/796343/000079634326000129/wk-form4_1784319806.xml,nonDerivative,2026-07-15,M,Common Stock,1130,0,0.0,62452.784,D,Chakravarthy Anil,"Officer, President, CXO",0,1,0,"President, CXO",SEC EDGAR
ADBE|0000796343-26-000129|nonDerivative|2026-07-15|Chakravarthy Anil|F|Common Stock|560|224.56|D,2026-07-23 03:38:23+0000,ADBE,ADOBE INC.,0000796343,4,2026-07-17,2026-07-15,0000796343-26-000129,https://www.sec.gov/Archives/edgar/data/796343/000079634326000129/wk-form4_1784319806.xml,nonDerivative,2026-07-15,F,Common Stock,560,224.56,125753.6,61892.784,D,Chakravarthy Anil,"Officer, President, CXO",0,1,0,"President, CXO",SEC EDGAR
ADBE|0000796343-26-000129|derivative|2026-07-15|Chakravarthy Anil|M|Restricted Stock Units|761|0|D,2026-07-23 03:38:23+0000,ADBE,ADOBE INC.,0000796343,4,2026-07-17,2026-07-15,0000796343-26-000129,https://www.sec.gov/Archives/edgar/data/796343/000079634326000129/wk-form4_1784319806.xml,derivative,2026-07-15,M,Restricted Stock Units,761,0,0.0,1521,D,Chakravarthy Anil,"Officer, President, CXO",0,1,0,"President, CXO",SEC EDGAR
ADBE|0000796343-26-000129|derivative|2026-07-15|Chakravarthy Anil|M|Restricted Stock Units|437|0|D,2026-07-23 03:38:23+0000,ADBE,ADOBE INC.,0000796343,4,2026-07-17,2026-07-15,0000796343-26-000129,https://www.sec.gov/Archives/edgar/data/796343/000079634326000129/wk-form4_1784319806.xml,derivative,2026-07-15,M,Restricted Stock Units,437,0,0.0,2623,D,Chakravarthy Anil,"Officer, President, CXO",0,1,0,"President, CXO",SEC EDGAR
ADBE|0000796343-26-000129|derivative|2026-07-15|Chakravarthy Anil|M|Restricted Stock Units|696|0|D,2026-07-23 03:38:23+0000,ADBE,ADOBE INC.,0000796343,4,2026-07-17,2026-07-15,0000796343-26-000129,https://www.sec.gov/Archives/edgar/data/796343/000079634326000129/wk-form4_1784319806.xml,derivative,2026-07-15,M,Restricted Stock Units,696,0,0.0,6955,D,Chakravarthy Anil,"Officer, President, CXO",0,1,0,"President, CXO",SEC EDGAR
ADBE|0000796343-26-000129|derivative|2026-07-15|Chakravarthy Anil|M|Restricted Stock Units|1130|0|D,2026-07-23 03:38:23+0000,ADBE,ADOBE INC.,0000796343,4,2026-07-17,2026-07-15,0000796343-26-000129,https://www.sec.gov/Archives/edgar/data/796343/000079634326000129/wk-form4_1784319806.xml,derivative,2026-07-15,M,Restricted Stock Units,1130,0,0.0,15826,D,Chakravarthy Anil,"Officer, President, CXO",0,1,0,"President, CXO",SEC EDGAR
ADBE|0000796343-26-000134|nonDerivative|2026-07-15|Balazs Lara|M|Common Stock|1230|0|D,2026-07-23 03:38:23+0000,ADBE,ADOBE INC.,0000796343,4,2026-07-17,2026-07-15,0000796343-26-000134,https://www.sec.gov/Archives/edgar/data/796343/000079634326000134/wk-form4_1784319848.xml,nonDerivative,2026-07-15,M,Common Stock,1230,0,0.0,5587.171,D,Balazs Lara,"Officer, Chief Marketing Officer & EVP",0,1,0,Chief Marketing Officer & EVP,SEC EDGAR
ADBE|0000796343-26-000134|nonDerivative|2026-07-15|Balazs Lara|F|Common Stock|609|224.56|D,2026-07-23 03:38:23+0000,ADBE,ADOBE INC.,0000796343,4,2026-07-17,2026-07-15,0000796343-26-000134,https://www.sec.gov/Archives/edgar/data/796343/000079634326000134/wk-form4_1784319848.xml,nonDerivative,2026-07-15,F,Common Stock,609,224.56,136757.04,4978.171,D,Balazs Lara,"Officer, Chief Marketing Officer & EVP",0,1,0,Chief Marketing Officer & EVP,SEC EDGAR
ADBE|0000796343-26-000134|nonDerivative|2026-07-15|Balazs Lara|M|Common Stock|1308|0|D,2026-07-23 03:38:23+0000,ADBE,ADOBE INC.,0000796343,4,2026-07-17,2026-07-15,0000796343-26-000134,https://www.sec.gov/Archives/edgar/data/796343/000079634326000134/wk-form4_1784319848.xml,nonDerivative,2026-07-15,M,Common Stock,1308,0,0.0,6286.171,D,Balazs Lara,"Officer, Chief Marketing Officer & EVP",0,1,0,Chief Marketing Officer & EVP,SEC EDGAR
ADBE|0000796343-26-000134|nonDerivative|2026-07-15|Balazs Lara|F|Common Stock|648|224.56|D,2026-07-23 03:38:23+0000,ADBE,ADOBE INC.,0000796343,4,2026-07-17,2026-07-15,0000796343-26-000134,https://www.sec.gov/Archives/edgar/data/796343/000079634326000134/wk-form4_1784319848.xml,nonDerivative,2026-07-15,F,Common Stock,648,224.56,145514.88,5638.171,D,Balazs Lara,"Officer, Chief Marketing Officer & EVP",0,1,0,Chief Marketing Officer & EVP,SEC EDGAR
ADBE|0000796343-26-000134|derivative|2026-07-15|Balazs Lara|M|Restricted Stock Units|1230|0|D,2026-07-23 03:38:23+0000,ADBE,ADOBE INC.,0000796343,4,2026-07-17,2026-07-15,0000796343-26-000134,https://www.sec.gov/Archives/edgar/data/796343/000079634326000134/wk-form4_1784319848.xml,derivative,2026-07-15,M,Restricted Stock Units,1230,0,0.0,12296,D,Balazs Lara,"Officer, Chief Marketing Officer & EVP",0,1,0,Chief Marketing Officer & EVP,SEC EDGAR
ADBE|0000796343-26-000134|derivative|2026-07-15|Balazs Lara|M|Restricted Stock Units|1308|0|D,2026-07-23 03:38:23+0000,ADBE,ADOBE INC.,0000796343,4,2026-07-17,2026-07-15,0000796343-26-000134,https://www.sec.gov/Archives/edgar/data/796343/000079634326000134/wk-form4_1784319848.xml,derivative,2026-07-15,M,Restricted Stock Units,1308,0,0.0,18317,D,Balazs Lara,"Officer, Chief Marketing Officer & EVP",0,1,0,Chief Marketing Officer & EVP,SEC EDGAR
ADBE|0000796343-26-000134|derivative|2026-07-15|Balazs Lara|A|Restricted Stock Units|31662|0|D,2026-07-23 03:38:23+0000,ADBE,ADOBE INC.,0000796343,4,2026-07-17,2026-07-15,0000796343-26-000134,https://www.sec.gov/Archives/edgar/data/796343/000079634326000134/wk-form4_1784319848.xml,derivative,2026-07-15,A,Restricted Stock Units,31662,0,0.0,31662,D,Balazs Lara,"Officer, Chief Marketing Officer & EVP",0,1,0,Chief Marketing Officer & EVP,SEC EDGAR
ABNB|0001193125-26-308109|nonDerivative|2026-07-15|Gebbia Joseph|S|Class A Common Stock|187024|150.1523|I,2026-07-23 03:38:23+0000,ABNB,"Airbnb, Inc.",0001559720,4,2026-07-17,2026-07-15,0001193125-26-308109,https://www.sec.gov/Archives/edgar/data/1559720/000119312526308109/ownership.xml,nonDerivative,2026-07-15,S,Class A Common Stock,187024,150.1523,28082083.7552,2143095,I,Gebbia Joseph,,true,false,true,,SEC EDGAR
ABNB|0001193125-26-308109|nonDerivative|2026-07-16|Gebbia Joseph|S|Class A Common Stock|49577|150.2263|I,2026-07-23 03:38:23+0000,ABNB,"Airbnb, Inc.",0001559720,4,2026-07-17,2026-07-15,0001193125-26-308109,https://www.sec.gov/Archives/edgar/data/1559720/000119312526308109/ownership.xml,nonDerivative,2026-07-16,S,Class A Common Stock,49577,150.2263,7447769.2751,2093518,I,Gebbia Joseph,,true,false,true,,SEC EDGAR
XYZ|0001628280-26-048510|nonDerivative|2026-07-14|Eisen Anthony Mathew|S|Class A  Common Stock|6000|78.58|D,2026-07-23 03:38:23+0000,XYZ,"Block, Inc.",0001512673,4,2026-07-16,2026-07-14,0001628280-26-048510,https://www.sec.gov/Archives/edgar/data/1512673/000162828026048510/wk-form4_1784236382.xml,nonDerivative,2026-07-14,S,Class A  Common Stock,6000,78.58,471480.0,1832672,D,Eisen Anthony Mathew,Director,1,0,0,,SEC EDGAR
XYZ|0001628280-26-048510|nonDerivative|2026-07-15|Eisen Anthony Mathew|S|Class A  Common Stock|6000|81.48|D,2026-07-23 03:38:23+0000,XYZ,"Block, Inc.",0001512673,4,2026-07-16,2026-07-14,0001628280-26-048510,https://www.sec.gov/Archives/edgar/data/1512673/000162828026048510/wk-form4_1784236382.xml,nonDerivative,2026-07-15,S,Class A  Common Stock,6000,81.48,488880.0,1826672,D,Eisen Anthony Mathew,Director,1,0,0,,SEC EDGAR
XYZ|0001628280-26-048510|nonDerivative|2026-07-15|Eisen Anthony Mathew|S|Class A  Common Stock|35000|82.50|D,2026-07-23 03:38:23+0000,XYZ,"Block, Inc.",0001512673,4,2026-07-16,2026-07-14,0001628280-26-048510,https://www.sec.gov/Archives/edgar/data/1512673/000162828026048510/wk-form4_1784236382.xml,nonDerivative,2026-07-15,S,Class A  Common Stock,35000,82.50,2887500.0,1791672,D,Eisen Anthony Mathew,Director,1,0,0,,SEC EDGAR
XYZ|0001628280-26-048510|nonDerivative|2026-07-15|Eisen Anthony Mathew|S|Class A  Common Stock|100000|84|D,2026-07-23 03:38:23+0000,XYZ,"Block, Inc.",0001512673,4,2026-07-16,2026-07-14,0001628280-26-048510,https://www.sec.gov/Archives/edgar/data/1512673/000162828026048510/wk-form4_1784236382.xml,nonDerivative,2026-07-15,S,Class A  Common Stock,100000,84,8400000.0,1691672,D,Eisen Anthony Mathew,Director,1,0,0,,SEC EDGAR
XYZ|0001628280-26-048510|nonDerivative|2026-07-16|Eisen Anthony Mathew|S|Class A  Common Stock|6000|82.11|D,2026-07-23 03:38:23+0000,XYZ,"Block, Inc.",0001512673,4,2026-07-16,2026-07-14,0001628280-26-048510,https://www.sec.gov/Archives/edgar/data/1512673/000162828026048510/wk-form4_1784236382.xml,nonDerivative,2026-07-16,S,Class A  Common Stock,6000,82.11,492660.0,1685672,D,Eisen Anthony Mathew,Director,1,0,0,,SEC EDGAR
WMT|0001886367-26-000021|nonDerivative|2026-07-14|Watkins Latriece|F|Common|227.113|114.78|D,2026-07-23 03:38:23+0000,WMT,Walmart Inc.,0000104169,4,2026-07-16,2026-07-14,0001886367-26-000021,https://www.sec.gov/Archives/edgar/data/104169/000188636726000021/wk-form4_1784239788.xml,nonDerivative,2026-07-14,F,Common,227.113,114.78,26068.03014,116109.498,D,Watkins Latriece,"Officer, Executive Vice President",0,1,0,Executive Vice President,SEC EDGAR
WMT|0002110643-26-000014|nonDerivative|2026-07-14|Milum Dwayne M|F|Common|121.178|114.78|D,2026-07-23 03:38:23+0000,WMT,Walmart Inc.,0000104169,4,2026-07-16,2026-07-14,0002110643-26-000014,https://www.sec.gov/Archives/edgar/data/104169/000211064326000014/wk-form4_1784239509.xml,nonDerivative,2026-07-14,F,Common,121.178,114.78,13908.81084,49272.811,D,Milum Dwayne M,"Officer, SVP & Controller",0,1,0,SVP & Controller,SEC EDGAR
WMT|0002110304-26-000017|nonDerivative|2026-07-14|Guggina David W|F|Common|117.725|114.78|D,2026-07-23 03:38:23+0000,WMT,Walmart Inc.,0000104169,4,2026-07-16,2026-07-14,0002110304-26-000017,https://www.sec.gov/Archives/edgar/data/104169/000211030426000017/wk-form4_1784239729.xml,nonDerivative,2026-07-14,F,Common,117.725,114.78,13512.475499999999,124959.577,D,Guggina David W,"Officer, Executive Vice President",0,1,0,Executive Vice President,SEC EDGAR
WMT|0002058309-26-000014|nonDerivative|2026-07-14|Dallaire Seth|F|Common|386.619|114.78|D,2026-07-23 03:38:23+0000,WMT,Walmart Inc.,0000104169,4,2026-07-16,2026-07-14,0002058309-26-000014,https://www.sec.gov/Archives/edgar/data/104169/000205830926000014/wk-form4_1784239437.xml,nonDerivative,2026-07-14,F,Common,386.619,114.78,44376.128820000005,378015.775,D,Dallaire Seth,"Officer, Executive Vice President",0,1,0,Executive Vice President,SEC EDGAR
TPL|0001437749-26-023692|nonDerivative|2026-07-15|HORIZON KINETICS ASSET MANAGEMENT LLC|P|Common Stock|1|414.13|D,2026-07-23 03:38:23+0000,TPL,Texas Pacific Land Corp,0001811074,4,2026-07-16,2026-07-15,0001437749-26-023692,https://www.sec.gov/Archives/edgar/data/1811074/000143774926023692/rdgdoc.xml,nonDerivative,2026-07-15,P,Common Stock,1,414.13,414.13,3263676,D,HORIZON KINETICS ASSET MANAGEMENT LLC,10% Owner,,,1,,SEC EDGAR
TER|0000904454-26-000412|nonDerivative|2026-07-15|Smith Gregory Stephen|S|Common Stock|4000|356.31|D,2026-07-23 03:38:23+0000,TER,"TERADYNE, INC",0000097210,4,2026-07-16,2026-07-15,0000904454-26-000412,https://www.sec.gov/Archives/edgar/data/97210/000090445426000412/ownership.xml,nonDerivative,2026-07-15,S,Common Stock,4000,356.31,1425240.0,116495.4075,D,Smith Gregory Stephen,"Director, Officer, President and CEO",1,1,0,President and CEO,SEC EDGAR
TER|0000904454-26-000410|nonDerivative|2026-07-15|MATZ MARILYN|S|Common Stock|1200|356.31|D,2026-07-23 03:38:23+0000,TER,"TERADYNE, INC",0000097210,4,2026-07-16,2026-07-15,0000904454-26-000410,https://www.sec.gov/Archives/edgar/data/97210/000090445426000410/edgar.xml,nonDerivative,2026-07-15,S,Common Stock,1200,356.31,427572.0,16240.675,D,MATZ MARILYN,Director,1,0,0,,SEC EDGAR
PYPL|0001862209-26-000006|nonDerivative|2026-07-15|Webster Aaron|M|Common Stock|5901|0.0|D,2026-07-23 03:38:23+0000,PYPL,"PayPal Holdings, Inc.",0001633917,4,2026-07-16,2026-07-15,0001862209-26-000006,https://www.sec.gov/Archives/edgar/data/1633917/000186220926000006/edgardoc.xml,nonDerivative,2026-07-15,M,Common Stock,5901,0.0,0.0,64517,D,Webster Aaron,"Officer, EVP, Global Chief Risk Officer",0,1,0,"EVP, Global Chief Risk Officer",SEC EDGAR
PYPL|0001862209-26-000006|nonDerivative|2026-07-15|Webster Aaron|M|Common Stock|2622|0.0|D,2026-07-23 03:38:23+0000,PYPL,"PayPal Holdings, Inc.",0001633917,4,2026-07-16,2026-07-15,0001862209-26-000006,https://www.sec.gov/Archives/edgar/data/1633917/000186220926000006/edgardoc.xml,nonDerivative,2026-07-15,M,Common Stock,2622,0.0,0.0,67139,D,Webster Aaron,"Officer, EVP, Global Chief Risk Officer",0,1,0,"EVP, Global Chief Risk Officer",SEC EDGAR
PYPL|0001862209-26-000006|nonDerivative|2026-07-15|Webster Aaron|F|Common Stock|3883|47.37|D,2026-07-23 03:38:23+0000,PYPL,"PayPal Holdings, Inc.",0001633917,4,2026-07-16,2026-07-15,0001862209-26-000006,https://www.sec.gov/Archives/edgar/data/1633917/000186220926000006/edgardoc.xml,nonDerivative,2026-07-15,F,Common Stock,3883,47.37,183937.71,63256,D,Webster Aaron,"Officer, EVP, Global Chief Risk Officer",0,1,0,"EVP, Global Chief Risk Officer",SEC EDGAR
PYPL|0001862209-26-000006|derivative|2026-07-15|Webster Aaron|M|Restricted Stock Units -1|5901|0.0|D,2026-07-23 03:38:23+0000,PYPL,"PayPal Holdings, Inc.",0001633917,4,2026-07-16,2026-07-15,0001862209-26-000006,https://www.sec.gov/Archives/edgar/data/1633917/000186220926000006/edgardoc.xml,derivative,2026-07-15,M,Restricted Stock Units -1,5901,0.0,0.0,17700,D,Webster Aaron,"Officer, EVP, Global Chief Risk Officer",0,1,0,"EVP, Global Chief Risk Officer",SEC EDGAR
PYPL|0001862209-26-000006|derivative|2026-07-15|Webster Aaron|M|Restricted Stock Units -2|2622|0.0|D,2026-07-23 03:38:23+0000,PYPL,"PayPal Holdings, Inc.",0001633917,4,2026-07-16,2026-07-15,0001862209-26-000006,https://www.sec.gov/Archives/edgar/data/1633917/000186220926000006/edgardoc.xml,derivative,2026-07-15,M,Restricted Stock Units -2,2622,0.0,0.0,7866,D,Webster Aaron,"Officer, EVP, Global Chief Risk Officer",0,1,0,"EVP, Global Chief Risk Officer",SEC EDGAR
PYPL|0001905272-26-000010|nonDerivative|2026-07-15|Natali Chris|M|Common Stock|2726|0.0|D,2026-07-23 03:38:23+0000,PYPL,"PayPal Holdings, Inc.",0001633917,4,2026-07-16,2026-07-15,0001905272-26-000010,https://www.sec.gov/Archives/edgar/data/1633917/000190527226000010/edgardoc.xml,nonDerivative,2026-07-15,M,Common Stock,2726,0.0,0.0,4496,D,Natali Chris,"Officer, SVP, Chief Accounting Officer",0,1,0,"SVP, Chief Accounting Officer",SEC EDGAR
PYPL|0001905272-26-000010|nonDerivative|2026-07-15|Natali Chris|F|Common Stock|943|47.37|D,2026-07-23 03:38:23+0000,PYPL,"PayPal Holdings, Inc.",0001633917,4,2026-07-16,2026-07-15,0001905272-26-000010,https://www.sec.gov/Archives/edgar/data/1633917/000190527226000010/edgardoc.xml,nonDerivative,2026-07-15,F,Common Stock,943,47.37,44669.909999999996,3553,D,Natali Chris,"Officer, SVP, Chief Accounting Officer",0,1,0,"SVP, Chief Accounting Officer",SEC EDGAR
PYPL|0001905272-26-000010|derivative|2026-07-15|Natali Chris|M|Restricted Stock Units -1|2726|0.0|D,2026-07-23 03:38:23+0000,PYPL,"PayPal Holdings, Inc.",0001633917,4,2026-07-16,2026-07-15,0001905272-26-000010,https://www.sec.gov/Archives/edgar/data/1633917/000190527226000010/edgardoc.xml,derivative,2026-07-15,M,Restricted Stock Units -1,2726,0.0,0.0,10903,D,Natali Chris,"Officer, SVP, Chief Accounting Officer",0,1,0,"SVP, Chief Accounting Officer",SEC EDGAR
PYPL|0002006416-26-000011|nonDerivative|2026-07-15|Keller Frank|M|Common Stock|1639|0.0|D,2026-07-23 03:38:23+0000,PYPL,"PayPal Holdings, Inc.",0001633917,4,2026-07-16,2026-07-15,0002006416-26-000011,https://www.sec.gov/Archives/edgar/data/1633917/000200641626000011/edgardoc.xml,nonDerivative,2026-07-15,M,Common Stock,1639,0.0,0.0,43206,D,Keller Frank,"Officer, Pres., Checkout Sol. & PayPal",0,1,0,"Pres., Checkout Sol. & PayPal",SEC EDGAR
PYPL|0002006416-26-000011|nonDerivative|2026-07-15|Keller Frank|F|Common Stock|907|47.37|D,2026-07-23 03:38:23+0000,PYPL,"PayPal Holdings, Inc.",0001633917,4,2026-07-16,2026-07-15,0002006416-26-000011,https://www.sec.gov/Archives/edgar/data/1633917/000200641626000011/edgardoc.xml,nonDerivative,2026-07-15,F,Common Stock,907,47.37,42964.59,42299,D,Keller Frank,"Officer, Pres., Checkout Sol. & PayPal",0,1,0,"Pres., Checkout Sol. & PayPal",SEC EDGAR
PYPL|0002006416-26-000011|derivative|2026-07-15|Keller Frank|M|Restricted Stock Units -8|1639|0.0|D,2026-07-23 03:38:23+0000,PYPL,"PayPal Holdings, Inc.",0001633917,4,2026-07-16,2026-07-15,0002006416-26-000011,https://www.sec.gov/Archives/edgar/data/1633917/000200641626000011/edgardoc.xml,derivative,2026-07-15,M,Restricted Stock Units -8,1639,0.0,0.0,4917,D,Keller Frank,"Officer, Pres., Checkout Sol. & PayPal",0,1,0,"Pres., Checkout Sol. & PayPal",SEC EDGAR
PPG|0000079879-26-000241|derivative|2026-07-15|Massy Robert L.|A|Phantom Stock  Units|0.3932|115.31|D,2026-07-23 03:38:23+0000,PPG,PPG INDUSTRIES INC,0000079879,4,2026-07-16,2026-07-15,0000079879-26-000241,https://www.sec.gov/Archives/edgar/data/79879/000007987926000241/wk-form4_1784209381.xml,derivative,2026-07-15,A,Phantom Stock  Units,0.3932,115.31,45.339892,172.8026,D,Massy Robert L.,"Officer, Sr. VP and Chief HR Officer",0,1,0,Sr. VP and Chief HR Officer,SEC EDGAR
PPG|0000079879-26-000240|derivative|2026-07-15|KNAVISH TIMOTHY M|A|Phantom Stock Units|41.2167|115.31|D,2026-07-23 03:38:23+0000,PPG,PPG INDUSTRIES INC,0000079879,4,2026-07-16,2026-07-15,0000079879-26-000240,https://www.sec.gov/Archives/edgar/data/79879/000007987926000240/wk-form4_1784209350.xml,derivative,2026-07-15,A,Phantom Stock Units,41.2167,115.31,4752.697677,12643.3294,D,KNAVISH TIMOTHY M,"Director, Officer, Chairman and CEO",1,1,0,Chairman and CEO,SEC EDGAR
PPG|0000079879-26-000239|derivative|2026-07-15|Hefel Juliane M.|A|Phantom Stock Units|2.8719|115.31|D,2026-07-23 03:38:23+0000,PPG,PPG INDUSTRIES INC,0000079879,4,2026-07-16,2026-07-15,0000079879-26-000239,https://www.sec.gov/Archives/edgar/data/79879/000007987926000239/wk-form4_1784209308.xml,derivative,2026-07-15,A,Phantom Stock Units,2.8719,115.31,331.158789,1409.9477,D,Hefel Juliane M.,"Officer, Sr. VP, Ind Coatings & Sp Prod",0,1,0,"Sr. VP, Ind Coatings & Sp Prod",SEC EDGAR
PPG|0000079879-26-000238|derivative|2026-07-15|Hagerty Chancey E.|A|Phamtom Stock Units|15.2379|115.31|D,2026-07-23 03:38:23+0000,PPG,PPG INDUSTRIES INC,0000079879,4,2026-07-16,2026-07-15,0000079879-26-000238,https://www.sec.gov/Archives/edgar/data/79879/000007987926000238/wk-form4_1784209276.xml,derivative,2026-07-15,A,Phamtom Stock Units,15.2379,115.31,1757.082249,205.8251,D,Hagerty Chancey E.,"Officer, Sr. VP, Auto. Refinish Ctgs.",0,1,0,"Sr. VP, Auto. Refinish Ctgs.",SEC EDGAR
PPG|0000079879-26-000237|derivative|2026-07-15|Foulkes Anne M.|A|Phantom Stock Units|17.3319|115.31|D,2026-07-23 03:38:23+0000,PPG,PPG INDUSTRIES INC,0000079879,4,2026-07-16,2026-07-15,0000079879-26-000237,https://www.sec.gov/Archives/edgar/data/79879/000007987926000237/wk-form4_1784209243.xml,derivative,2026-07-15,A,Phantom Stock Units,17.3319,115.31,1998.5413890000002,819.0918,D,Foulkes Anne M.,"Officer, Sr. VP, Legal & Spl. Projects",0,1,0,"Sr. VP, Legal & Spl. Projects",SEC EDGAR
PPG|0000079879-26-000236|derivative|2026-07-15|Braun Kevin D.|A|Phantom Stock Units|2.1129|115.31|D,2026-07-23 03:38:23+0000,PPG,PPG INDUSTRIES INC,0000079879,4,2026-07-16,2026-07-15,0000079879-26-000236,https://www.sec.gov/Archives/edgar/data/79879/000007987926000236/wk-form4_1784209212.xml,derivative,2026-07-15,A,Phantom Stock Units,2.1129,115.31,243.63849899999997,894.7279,D,Braun Kevin D.,"Officer, Sr VP, Operations",0,1,0,"Sr VP, Operations",SEC EDGAR
PPG|0000079879-26-000235|derivative|2026-07-15|Bellezza Alisha|A|Phantom Stock Units|0.7164|115.31|D,2026-07-23 03:38:23+0000,PPG,PPG INDUSTRIES INC,0000079879,4,2026-07-16,2026-07-15,0000079879-26-000235,https://www.sec.gov/Archives/edgar/data/79879/000007987926000235/wk-form4_1784209181.xml,derivative,2026-07-15,A,Phantom Stock Units,0.7164,115.31,82.608084,165.0544,D,Bellezza Alisha,"Officer, Sr. VP, Automotive Coatings",0,1,0,"Sr. VP, Automotive Coatings",SEC EDGAR
PNR|0000897069-26-001512|nonDerivative|2026-07-14|Fishman Robert P|A|Common Shares - Restricted Stock Units|13214|0|D,2026-07-23 03:38:23+0000,PNR,PENTAIR plc,0000077360,4,2026-07-16,2026-07-14,0000897069-26-001512,https://www.sec.gov/Archives/edgar/data/77360/000089706926001512/form4.xml,nonDerivative,2026-07-14,A,Common Shares - Restricted Stock Units,13214,0,0.0,18510.894,D,Fishman Robert P,Interim EVP and CFO,false,true,false,Interim EVP and CFO,SEC EDGAR
PLD|0001193125-26-306403|derivative|2026-07-14|Letter Daniel|A|LTIP Units|21671|0.01|D,2026-07-23 03:38:23+0000,PLD,"Prologis, Inc.",0001045609,4,2026-07-16,2026-07-14,0001193125-26-306403,https://www.sec.gov/Archives/edgar/data/1045609/000119312526306403/ownership.xml,derivative,2026-07-14,A,LTIP Units,21671,0.01,216.71,341735,D,Letter Daniel,Chief Executive Officer,true,true,false,Chief Executive Officer,SEC EDGAR
PLD|0001193125-26-306400|derivative|2026-07-14|Burns Trisha|A|LTIP Units|694|0.01|D,2026-07-23 03:38:23+0000,PLD,"Prologis, Inc.",0001045609,4,2026-07-16,2026-07-14,0001193125-26-306400,https://www.sec.gov/Archives/edgar/data/1045609/000119312526306400/ownership.xml,derivative,2026-07-14,A,LTIP Units,694,0.01,6.94,11429,D,Burns Trisha,Chief Accounting Officer,false,true,false,Chief Accounting Officer,SEC EDGAR
PLD|0001193125-26-306402|derivative|2026-07-14|Briones Deborah K|A|LTIP Units|6498|0.01|D,2026-07-23 03:38:23+0000,PLD,"Prologis, Inc.",0001045609,4,2026-07-16,2026-07-14,0001193125-26-306402,https://www.sec.gov/Archives/edgar/data/1045609/000119312526306402/ownership.xml,derivative,2026-07-14,A,LTIP Units,6498,0.01,64.98,136029,D,Briones Deborah K,Chief Legal Officer/GC,false,true,false,Chief Legal Officer/GC,SEC EDGAR
PLD|0001193125-26-306401|derivative|2026-07-14|Austin Damon|A|LTIP Units|10708|0.01|D,2026-07-23 03:38:23+0000,PLD,"Prologis, Inc.",0001045609,4,2026-07-16,2026-07-14,0001193125-26-306401,https://www.sec.gov/Archives/edgar/data/1045609/000119312526306401/ownership.xml,derivative,2026-07-14,A,LTIP Units,10708,0.01,107.08,164262,D,Austin Damon,Chief Development Officer,false,true,false,Chief Development Officer,SEC EDGAR
PLD|0001193125-26-306399|derivative|2026-07-14|Arndt Timothy D|A|LTIP Units|10779|0.01|D,2026-07-23 03:38:23+0000,PLD,"Prologis, Inc.",0001045609,4,2026-07-16,2026-07-14,0001193125-26-306399,https://www.sec.gov/Archives/edgar/data/1045609/000119312526306399/ownership.xml,derivative,2026-07-14,A,LTIP Units,10779,0.01,107.79,301021,D,Arndt Timothy D,Chief Financial Officer,false,true,false,Chief Financial Officer,SEC EDGAR
PLD|0001193125-26-306404|derivative|2026-07-14|Andrus Carter|A|LTIP Units|10119|0.01|D,2026-07-23 03:38:23+0000,PLD,"Prologis, Inc.",0001045609,4,2026-07-16,2026-07-14,0001193125-26-306404,https://www.sec.gov/Archives/edgar/data/1045609/000119312526306404/ownership.xml,derivative,2026-07-14,A,LTIP Units,10119,0.01,101.19,158320,D,Andrus Carter,Chief Operating Officer,false,true,false,Chief Operating Officer,SEC EDGAR
PFE|0001225208-26-006638|derivative|2026-07-15|BOURLA ALBERT|A|Phantom Stock Units SSP|24.0000|24.8200|D,2026-07-23 03:38:23+0000,PFE,PFIZER INC,0000078003,4,2026-07-16,2026-07-15,0001225208-26-006638,https://www.sec.gov/Archives/edgar/data/78003/000122520826006638/doc4.xml,derivative,2026-07-15,A,Phantom Stock Units SSP,24.0000,24.8200,595.6800000000001,772901.0000,D,BOURLA ALBERT,"Director, Officer, Chairman & CEO",1,1,,Chairman & CEO,SEC EDGAR
MTB|0001628280-26-048433|nonDerivative|2026-07-15|PEARSON KEVIN J|S|Common Stock|2000|242|D,2026-07-23 03:38:23+0000,MTB,M&T BANK CORP,0000036270,4,2026-07-16,2026-07-15,0001628280-26-048433,https://www.sec.gov/Archives/edgar/data/36270/000162828026048433/wk-form4_1784230215.xml,nonDerivative,2026-07-15,S,Common Stock,2000,242,484000.0,44107,D,PEARSON KEVIN J,"Officer, Vice Chairman",0,1,0,Vice Chairman,SEC EDGAR
MRNA|0001682852-26-000141|nonDerivative|2026-07-15|Hoge Stephen|M|Common Stock|37226|19.15|D,2026-07-23 03:38:23+0000,MRNA,"Moderna, Inc.",0001682852,4,2026-07-16,2026-07-15,0001682852-26-000141,https://www.sec.gov/Archives/edgar/data/1682852/000168285226000141/form4.xml,nonDerivative,2026-07-15,M,Common Stock,37226,19.15,712877.8999999999,1521074,D,Hoge Stephen,"Officer, President",,1,,President,SEC EDGAR
MRNA|0001682852-26-000141|nonDerivative|2026-07-15|Hoge Stephen|M|Common Stock|16110|19.15|D,2026-07-23 03:38:23+0000,MRNA,"Moderna, Inc.",0001682852,4,2026-07-16,2026-07-15,0001682852-26-000141,https://www.sec.gov/Archives/edgar/data/1682852/000168285226000141/form4.xml,nonDerivative,2026-07-15,M,Common Stock,16110,19.15,308506.5,1537184,D,Hoge Stephen,"Officer, President",,1,,President,SEC EDGAR
MRNA|0001682852-26-000141|nonDerivative|2026-07-15|Hoge Stephen|S|Common Stock|53336|67.60|D,2026-07-23 03:38:23+0000,MRNA,"Moderna, Inc.",0001682852,4,2026-07-16,2026-07-15,0001682852-26-000141,https://www.sec.gov/Archives/edgar/data/1682852/000168285226000141/form4.xml,nonDerivative,2026-07-15,S,Common Stock,53336,67.60,3605513.5999999996,1483848,D,Hoge Stephen,"Officer, President",,1,,President,SEC EDGAR
MRNA|0001682852-26-000141|derivative|2026-07-15|Hoge Stephen|M|Stock Option (Right to Buy)|37226|0|D,2026-07-23 03:38:23+0000,MRNA,"Moderna, Inc.",0001682852,4,2026-07-16,2026-07-15,0001682852-26-000141,https://www.sec.gov/Archives/edgar/data/1682852/000168285226000141/form4.xml,derivative,2026-07-15,M,Stock Option (Right to Buy),37226,0,0.0,0,D,Hoge Stephen,"Officer, President",,1,,President,SEC EDGAR
MRNA|0001682852-26-000141|derivative|2026-07-15|Hoge Stephen|M|Stock Option (Right to Buy)|16110|0|D,2026-07-23 03:38:23+0000,MRNA,"Moderna, Inc.",0001682852,4,2026-07-16,2026-07-15,0001682852-26-000141,https://www.sec.gov/Archives/edgar/data/1682852/000168285226000141/form4.xml,derivative,2026-07-15,M,Stock Option (Right to Buy),16110,0,0.0,0,D,Hoge Stephen,"Officer, President",,1,,President,SEC EDGAR
LW|0001904829-26-000004|nonDerivative|2026-07-14|Younes Steven J|A|Common Stock|1576|0|D,2026-07-23 03:38:23+0000,LW,"Lamb Weston Holdings, Inc.",0001679273,4,2026-07-16,2026-07-14,0001904829-26-000004,https://www.sec.gov/Archives/edgar/data/1679273/000190482926000004/form4-07162026_110753.xml,nonDerivative,2026-07-14,A,Common Stock,1576,0,0.0,39863.7,D,Younes Steven J,CHIEF HUMAN RESOURCES OFFICER,false,true,false,CHIEF HUMAN RESOURCES OFFICER,SEC EDGAR
LW|0001904829-26-000004|nonDerivative|2026-07-14|Younes Steven J|F|Common Stock|468|46.50|D,2026-07-23 03:38:23+0000,LW,"Lamb Weston Holdings, Inc.",0001679273,4,2026-07-16,2026-07-14,0001904829-26-000004,https://www.sec.gov/Archives/edgar/data/1679273/000190482926000004/form4-07162026_110753.xml,nonDerivative,2026-07-14,F,Common Stock,468,46.50,21762.0,39395.7,D,Younes Steven J,CHIEF HUMAN RESOURCES OFFICER,false,true,false,CHIEF HUMAN RESOURCES OFFICER,SEC EDGAR
LW|0001353531-26-000004|nonDerivative|2026-07-14|Spytek Eryk J|A|Common Stock|2354|0|D,2026-07-23 03:38:23+0000,LW,"Lamb Weston Holdings, Inc.",0001679273,4,2026-07-16,2026-07-14,0001353531-26-000004,https://www.sec.gov/Archives/edgar/data/1679273/000135353126000004/form4-07162026_110740.xml,nonDerivative,2026-07-14,A,Common Stock,2354,0,0.0,29516,D,Spytek Eryk J,GEN COUNSEL & CHIEF COMPL OFF,false,true,false,GEN COUNSEL & CHIEF COMPL OFF,SEC EDGAR
LW|0001353531-26-000004|nonDerivative|2026-07-14|Spytek Eryk J|F|Common Stock|2311|46.50|D,2026-07-23 03:38:23+0000,LW,"Lamb Weston Holdings, Inc.",0001679273,4,2026-07-16,2026-07-14,0001353531-26-000004,https://www.sec.gov/Archives/edgar/data/1679273/000135353126000004/form4-07162026_110740.xml,nonDerivative,2026-07-14,F,Common Stock,2311,46.50,107461.5,27205,D,Spytek Eryk J,GEN COUNSEL & CHIEF COMPL OFF,false,true,false,GEN COUNSEL & CHIEF COMPL OFF,SEC EDGAR
LW|0001712056-26-000004|nonDerivative|2026-07-14|Smith Michael Jared|A|Common Stock|3942|0|D,2026-07-23 03:38:23+0000,LW,"Lamb Weston Holdings, Inc.",0001679273,4,2026-07-16,2026-07-14,0001712056-26-000004,https://www.sec.gov/Archives/edgar/data/1679273/000171205626000004/form4-07162026_110751.xml,nonDerivative,2026-07-14,A,Common Stock,3942,0,0.0,144338.3,D,Smith Michael Jared,President and CEO,true,true,false,President and CEO,SEC EDGAR
LW|0001712056-26-000004|nonDerivative|2026-07-14|Smith Michael Jared|F|Common Stock|2245|46.50|D,2026-07-23 03:38:23+0000,LW,"Lamb Weston Holdings, Inc.",0001679273,4,2026-07-16,2026-07-14,0001712056-26-000004,https://www.sec.gov/Archives/edgar/data/1679273/000171205626000004/form4-07162026_110751.xml,nonDerivative,2026-07-14,F,Common Stock,2245,46.50,104392.5,142093.3,D,Smith Michael Jared,President and CEO,true,true,false,President and CEO,SEC EDGAR
LW|0001975231-26-000006|nonDerivative|2026-07-14|Schroeder Marc|A|Common Stock|2417|0|D,2026-07-23 03:38:23+0000,LW,"Lamb Weston Holdings, Inc.",0001679273,4,2026-07-16,2026-07-14,0001975231-26-000006,https://www.sec.gov/Archives/edgar/data/1679273/000197523126000006/form4-07162026_110759.xml,nonDerivative,2026-07-14,A,Common Stock,2417,0,0.0,40533.1,D,Schroeder Marc,"PRESIDENT, INTERNATIONAL",false,true,false,"PRESIDENT, INTERNATIONAL",SEC EDGAR
LW|0001975231-26-000006|nonDerivative|2026-07-14|Schroeder Marc|F|Common Stock|1354|46.50|D,2026-07-23 03:38:23+0000,LW,"Lamb Weston Holdings, Inc.",0001679273,4,2026-07-16,2026-07-14,0001975231-26-000006,https://www.sec.gov/Archives/edgar/data/1679273/000197523126000006/form4-07162026_110759.xml,nonDerivative,2026-07-14,F,Common Stock,1354,46.50,62961.0,39179.1,D,Schroeder Marc,"PRESIDENT, INTERNATIONAL",false,true,false,"PRESIDENT, INTERNATIONAL",SEC EDGAR
LW|0001877286-26-000002|nonDerivative|2026-07-14|Jones Gregory W|A|Common Stock|209|0|D,2026-07-23 03:38:23+0000,LW,"Lamb Weston Holdings, Inc.",0001679273,4,2026-07-16,2026-07-14,0001877286-26-000002,https://www.sec.gov/Archives/edgar/data/1679273/000187728626000002/form4-07162026_110700.xml,nonDerivative,2026-07-14,A,Common Stock,209,0,0.0,9792.04,D,Jones Gregory W,VP AND CONTROLLER,false,true,false,VP AND CONTROLLER,SEC EDGAR
LW|0001877286-26-000002|nonDerivative|2026-07-14|Jones Gregory W|F|Common Stock|61|46.50|D,2026-07-23 03:38:23+0000,LW,"Lamb Weston Holdings, Inc.",0001679273,4,2026-07-16,2026-07-14,0001877286-26-000002,https://www.sec.gov/Archives/edgar/data/1679273/000187728626000002/form4-07162026_110700.xml,nonDerivative,2026-07-14,F,Common Stock,61,46.50,2836.5,9731.04,D,Jones Gregory W,VP AND CONTROLLER,false,true,false,VP AND CONTROLLER,SEC EDGAR
LW|0002052319-26-000004|nonDerivative|2026-07-14|Crowley Michael Christopher|A|Common Stock|378|0|D,2026-07-23 03:38:23+0000,LW,"Lamb Weston Holdings, Inc.",0001679273,4,2026-07-16,2026-07-14,0002052319-26-000004,https://www.sec.gov/Archives/edgar/data/1679273/000205231926000004/form4-07162026_110740.xml,nonDerivative,2026-07-14,A,Common Stock,378,0,0.0,25752.7,D,Crowley Michael Christopher,"President, North America",false,true,false,"President, North America",SEC EDGAR
LW|0002052319-26-000004|nonDerivative|2026-07-14|Crowley Michael Christopher|F|Common Stock|113|46.50|D,2026-07-23 03:38:23+0000,LW,"Lamb Weston Holdings, Inc.",0001679273,4,2026-07-16,2026-07-14,0002052319-26-000004,https://www.sec.gov/Archives/edgar/data/1679273/000205231926000004/form4-07162026_110740.xml,nonDerivative,2026-07-14,F,Common Stock,113,46.50,5254.5,25639.7,D,Crowley Michael Christopher,"President, North America",false,true,false,"President, North America",SEC EDGAR
KR|0001586651-26-000002|nonDerivative|2026-07-15|Vemuri Ashok|A|Common Stock|3660|0|D,2026-07-23 03:38:23+0000,KR,KROGER CO,0000056873,4,2026-07-16,2026-07-15,0001586651-26-000002,https://www.sec.gov/Archives/edgar/data/56873/000158665126000002/ownership.xml,nonDerivative,2026-07-15,A,Common Stock,3660,0,0.0,39361,D,Vemuri Ashok,,true,false,false,,SEC EDGAR
KR|0001402419-26-000007|nonDerivative|2026-07-15|Sutton Mark S|A|Common Stock|3660|0|D,2026-07-23 03:38:23+0000,KR,KROGER CO,0000056873,4,2026-07-16,2026-07-15,0001402419-26-000007,https://www.sec.gov/Archives/edgar/data/56873/000140241926000007/ownership.xml,nonDerivative,2026-07-15,A,Common Stock,3660,0,0.0,46004,D,Sutton Mark S,,true,false,false,,SEC EDGAR
KR|0001691983-26-000003|nonDerivative|2026-07-15|SOURRY KNOX JUDITH AMANDA|A|Common Stock|3660|0|D,2026-07-23 03:38:23+0000,KR,KROGER CO,0000056873,4,2026-07-16,2026-07-15,0001691983-26-000003,https://www.sec.gov/Archives/edgar/data/56873/000169198326000003/ownership.xml,nonDerivative,2026-07-15,A,Common Stock,3660,0,0.0,25465,D,SOURRY KNOX JUDITH AMANDA,,true,false,false,,SEC EDGAR
KR|0001180656-26-000008|nonDerivative|2026-07-15|SARGENT RONALD|A|Common Stock|7916|0|D,2026-07-23 03:38:23+0000,KR,KROGER CO,0000056873,4,2026-07-16,2026-07-15,0001180656-26-000008,https://www.sec.gov/Archives/edgar/data/56873/000118065626000008/ownership.xml,nonDerivative,2026-07-15,A,Common Stock,7916,0,0.0,262914,D,SARGENT RONALD,,true,false,false,,SEC EDGAR
KR|0001180671-26-000002|nonDerivative|2026-07-15|HOGUET KAREN M|A|Common Stock|3660|0|D,2026-07-23 03:38:23+0000,KR,KROGER CO,0000056873,4,2026-07-16,2026-07-15,0001180671-26-000002,https://www.sec.gov/Archives/edgar/data/56873/000118067126000002/ownership.xml,nonDerivative,2026-07-15,A,Common Stock,3660,0,0.0,31938,D,HOGUET KAREN M,,true,false,false,,SEC EDGAR
KR|0001660111-26-000006|derivative|2026-07-15|Gates Anne|A|Phantom Stock - Incentive Shares|3660|0|D,2026-07-23 03:38:23+0000,KR,KROGER CO,0000056873,4,2026-07-16,2026-07-15,0001660111-26-000006,https://www.sec.gov/Archives/edgar/data/56873/000166011126000006/ownership.xml,derivative,2026-07-15,A,Phantom Stock - Incentive Shares,3660,0,0.0,27975.879,D,Gates Anne,,true,false,false,,SEC EDGAR
KR|0001703359-26-000006|nonDerivative|2026-07-15|FIKE CARIN L|F|Common Stock|56|56.56|D,2026-07-23 03:38:23+0000,KR,KROGER CO,0000056873,4,2026-07-16,2026-07-15,0001703359-26-000006,https://www.sec.gov/Archives/edgar/data/56873/000170335926000006/ownership.xml,nonDerivative,2026-07-15,F,Common Stock,56,56.56,3167.36,50683.054,D,FIKE CARIN L,Vice President and Treasurer,false,true,false,Vice President and Treasurer,SEC EDGAR
KR|0001392133-26-000008|nonDerivative|2026-07-15|Butier Mitchell R|A|Common Stock|3660|0|D,2026-07-23 03:38:23+0000,KR,KROGER CO,0000056873,4,2026-07-16,2026-07-15,0001392133-26-000008,https://www.sec.gov/Archives/edgar/data/56873/000139213326000008/ownership.xml,nonDerivative,2026-07-15,A,Common Stock,3660,0,0.0,3949,D,Butier Mitchell R,,true,false,false,,SEC EDGAR
KR|0001842503-26-000002|nonDerivative|2026-07-15|Brown Kevin M|A|Common Stock|3660|0|D,2026-07-23 03:38:23+0000,KR,KROGER CO,0000056873,4,2026-07-16,2026-07-15,0001842503-26-000002,https://www.sec.gov/Archives/edgar/data/56873/000184250326000002/ownership.xml,nonDerivative,2026-07-15,A,Common Stock,3660,0,0.0,25465,D,Brown Kevin M,,true,false,false,,SEC EDGAR
KR|0001626845-26-000007|nonDerivative|2026-07-15|Aufreiter Nora A|A|Common Stock|3660|0|D,2026-07-23 03:38:23+0000,KR,KROGER CO,0000056873,4,2026-07-16,2026-07-15,0001626845-26-000007,https://www.sec.gov/Archives/edgar/data/56873/000162684526000007/ownership.xml,nonDerivative,2026-07-15,A,Common Stock,3660,0,0.0,52967,D,Aufreiter Nora A,,true,false,false,,SEC EDGAR
JCI|0000833444-26-000080|nonDerivative|2026-07-14|Scalia Christopher M|F|Ordinary Shares|1831|145.24|D,2026-07-23 03:38:23+0000,JCI,Johnson Controls International plc,0000833444,4,2026-07-16,2026-07-14,0000833444-26-000080,https://www.sec.gov/Archives/edgar/data/833444/000083344426000080/form4.xml,nonDerivative,2026-07-14,F,Ordinary Shares,1831,145.24,265934.44,25948.47,D,Scalia Christopher M,"Officer, EVP and CHRO",,1,,EVP and CHRO,SEC EDGAR
JCI|0000833444-26-000080|nonDerivative|2026-07-14|Scalia Christopher M|F|Ordinary Shares|2070|145.24|D,2026-07-23 03:38:23+0000,JCI,Johnson Controls International plc,0000833444,4,2026-07-16,2026-07-14,0000833444-26-000080,https://www.sec.gov/Archives/edgar/data/833444/000083344426000080/form4.xml,nonDerivative,2026-07-14,F,Ordinary Shares,2070,145.24,300646.80000000005,23878.47,D,Scalia Christopher M,"Officer, EVP and CHRO",,1,,EVP and CHRO,SEC EDGAR
IQV|0001628280-26-048504|derivative|2026-07-14|Wims Morris Leslie|A|Deferred Shares|148|207.83|D,2026-07-23 03:38:23+0000,IQV,IQVIA HOLDINGS INC.,0001478242,4,2026-07-16,2026-07-14,0001628280-26-048504,https://www.sec.gov/Archives/edgar/data/1478242/000162828026048504/wk-form4_1784235857.xml,derivative,2026-07-14,A,Deferred Shares,148,207.83,30758.84,6784,D,Wims Morris Leslie,Director,1,0,0,,SEC EDGAR
IQV|0001628280-26-048503|derivative|2026-07-14|GOGGINS COLLEEN A|A|Deferred Shares|183|207.83|D,2026-07-23 03:38:23+0000,IQV,IQVIA HOLDINGS INC.,0001478242,4,2026-07-16,2026-07-14,0001628280-26-048503,https://www.sec.gov/Archives/edgar/data/1478242/000162828026048503/wk-form4_1784235824.xml,derivative,2026-07-14,A,Deferred Shares,183,207.83,38032.89,5297,D,GOGGINS COLLEEN A,Director,1,0,0,,SEC EDGAR
IQV|0001628280-26-048502|derivative|2026-07-14|Fasano Jim|A|Deferred Shares|195|207.83|D,2026-07-23 03:38:23+0000,IQV,IQVIA HOLDINGS INC.,0001478242,4,2026-07-16,2026-07-14,0001628280-26-048502,https://www.sec.gov/Archives/edgar/data/1478242/000162828026048502/wk-form4_1784235796.xml,derivative,2026-07-14,A,Deferred Shares,195,207.83,40526.850000000006,6268,D,Fasano Jim,Director,1,0,0,,SEC EDGAR
IQV|0001628280-26-048501|derivative|2026-07-14|DANHAKL JOHN G|A|Deferred Shares|160|207.83|D,2026-07-23 03:38:23+0000,IQV,IQVIA HOLDINGS INC.,0001478242,4,2026-07-16,2026-07-14,0001628280-26-048501,https://www.sec.gov/Archives/edgar/data/1478242/000162828026048501/wk-form4_1784235766.xml,derivative,2026-07-14,A,Deferred Shares,160,207.83,33252.8,3289,D,DANHAKL JOHN G,Director,1,0,0,,SEC EDGAR
INCY|0001912317-26-000013|nonDerivative|2026-07-14|Tray Thomas|F|Common Stock|692|114.88|D,2026-07-23 03:38:23+0000,INCY,INCYTE CORP,0000879169,4,2026-07-16,2026-07-14,0001912317-26-000013,https://www.sec.gov/Archives/edgar/data/879169/000191231726000013/wk-form4_1784232450.xml,nonDerivative,2026-07-14,F,Common Stock,692,114.88,79496.95999999999,19963,D,Tray Thomas,"Officer, Principal Accounting Officer",0,1,0,Principal Accounting Officer,SEC EDGAR
INCY|0001912317-26-000013|nonDerivative|2026-07-15|Tray Thomas|F|Common Stock|1098|115.09|D,2026-07-23 03:38:23+0000,INCY,INCYTE CORP,0000879169,4,2026-07-16,2026-07-14,0001912317-26-000013,https://www.sec.gov/Archives/edgar/data/879169/000191231726000013/wk-form4_1784232450.xml,nonDerivative,2026-07-15,F,Common Stock,1098,115.09,126368.82,18865,D,Tray Thomas,"Officer, Principal Accounting Officer",0,1,0,Principal Accounting Officer,SEC EDGAR
INCY|0001673776-26-000017|nonDerivative|2026-07-14|Stein Steven H|F|Common Stock|21830|114.88|D,2026-07-23 03:38:23+0000,INCY,INCYTE CORP,0000879169,4,2026-07-16,2026-07-14,0001673776-26-000017,https://www.sec.gov/Archives/edgar/data/879169/000167377626000017/wk-form4_1784232424.xml,nonDerivative,2026-07-14,F,Common Stock,21830,114.88,2507830.4,54320,D,Stein Steven H,"Officer, CMO & Head of Late-Stage Dev.",0,1,0,CMO & Head of Late-Stage Dev.,SEC EDGAR
INCY|0001673776-26-000017|nonDerivative|2026-07-15|Stein Steven H|S|Common Stock|28237|113.05|D,2026-07-23 03:38:23+0000,INCY,INCYTE CORP,0000879169,4,2026-07-16,2026-07-14,0001673776-26-000017,https://www.sec.gov/Archives/edgar/data/879169/000167377626000017/wk-form4_1784232424.xml,nonDerivative,2026-07-15,S,Common Stock,28237,113.05,3192192.85,26083,D,Stein Steven H,"Officer, CMO & Head of Late-Stage Dev.",0,1,0,CMO & Head of Late-Stage Dev.,SEC EDGAR
INCY|0001673776-26-000017|nonDerivative|2026-07-15|Stein Steven H|F|Common Stock|3088|115.09|D,2026-07-23 03:38:23+0000,INCY,INCYTE CORP,0000879169,4,2026-07-16,2026-07-14,0001673776-26-000017,https://www.sec.gov/Archives/edgar/data/879169/000167377626000017/wk-form4_1784232424.xml,nonDerivative,2026-07-15,F,Common Stock,3088,115.09,355397.92,22995,D,Stein Steven H,"Officer, CMO & Head of Late-Stage Dev.",0,1,0,CMO & Head of Late-Stage Dev.,SEC EDGAR
INCY|0002079962-26-000009|nonDerivative|2026-07-14|Mayes Patrick A|F|Common Stock|437|114.88|D,2026-07-23 03:38:23+0000,INCY,INCYTE CORP,0000879169,4,2026-07-16,2026-07-14,0002079962-26-000009,https://www.sec.gov/Archives/edgar/data/879169/000207996226000009/wk-form4_1784232473.xml,nonDerivative,2026-07-14,F,Common Stock,437,114.88,50202.56,59224,D,Mayes Patrick A,"Officer, EVP & Chief Scientific Officer",0,1,0,EVP & Chief Scientific Officer,SEC EDGAR
INCY|0002079962-26-000009|nonDerivative|2026-07-15|Mayes Patrick A|F|Common Stock|1512|115.09|D,2026-07-23 03:38:23+0000,INCY,INCYTE CORP,0000879169,4,2026-07-16,2026-07-14,0002079962-26-000009,https://www.sec.gov/Archives/edgar/data/879169/000207996226000009/wk-form4_1784232473.xml,nonDerivative,2026-07-15,F,Common Stock,1512,115.09,174016.08000000002,57712,D,Mayes Patrick A,"Officer, EVP & Chief Scientific Officer",0,1,0,EVP & Chief Scientific Officer,SEC EDGAR
INCY|0002050035-26-000009|nonDerivative|2026-07-15|Issa Mohamed Khairie|F|Common Stock|1099|115.09|D,2026-07-23 03:38:23+0000,INCY,INCYTE CORP,0000879169,4,2026-07-16,2026-07-15,0002050035-26-000009,https://www.sec.gov/Archives/edgar/data/879169/000205003526000009/wk-form4_1784232398.xml,nonDerivative,2026-07-15,F,Common Stock,1099,115.09,126483.91,65033,D,Issa Mohamed Khairie,"Officer, EVP, Head of U.S. Commercial",0,1,0,"EVP, Head of U.S. Commercial",SEC EDGAR
INCY|0001205703-26-000019|nonDerivative|2026-07-14|CAGNONI PABLO J|F|Common Stock|17969|114.88|D,2026-07-23 03:38:23+0000,INCY,INCYTE CORP,0000879169,4,2026-07-16,2026-07-14,0001205703-26-000019,https://www.sec.gov/Archives/edgar/data/879169/000120570326000019/wk-form4_1784232493.xml,nonDerivative,2026-07-14,F,Common Stock,17969,114.88,2064278.72,222879,D,CAGNONI PABLO J,"Officer, President, Global Head of R&D",0,1,0,"President, Global Head of R&D",SEC EDGAR
INCY|0001205703-26-000019|nonDerivative|2026-07-15|CAGNONI PABLO J|F|Common Stock|4950|115.09|D,2026-07-23 03:38:23+0000,INCY,INCYTE CORP,0000879169,4,2026-07-16,2026-07-14,0001205703-26-000019,https://www.sec.gov/Archives/edgar/data/879169/000120570326000019/wk-form4_1784232493.xml,nonDerivative,2026-07-15,F,Common Stock,4950,115.09,569695.5,217929,D,CAGNONI PABLO J,"Officer, President, Global Head of R&D",0,1,0,"President, Global Head of R&D",SEC EDGAR
HST|0001070750-26-000119|derivative|2026-07-15|Stein A William|A|Deferred Stock Units Div. Equiv. Rights|4085.655|0.0|D,2026-07-23 03:38:23+0000,HST,"HOST HOTELS & RESORTS, INC.",0001070750,4,2026-07-16,2026-07-15,0001070750-26-000119,https://www.sec.gov/Archives/edgar/data/1070750/000107075026000119/edgardoc.xml,derivative,2026-07-15,A,Deferred Stock Units Div. Equiv. Rights,4085.655,0.0,0.0,20565.5715,D,Stein A William,Director,1,0,0,,SEC EDGAR
HST|0001070750-26-000118|derivative|2026-07-15|Smith Gordon H|A|Deferred Stock Units Div. Equiv. Rights|6651.5608|0.0|D,2026-07-23 03:38:23+0000,HST,"HOST HOTELS & RESORTS, INC.",0001070750,4,2026-07-16,2026-07-15,0001070750-26-000118,https://www.sec.gov/Archives/edgar/data/1070750/000107075026000118/edgardoc.xml,derivative,2026-07-15,A,Deferred Stock Units Div. Equiv. Rights,6651.5608,0.0,0.0,48370.744,D,Smith Gordon H,Director,1,0,0,,SEC EDGAR
HST|0001070750-26-000117|derivative|2026-07-15|Preusse Mary Hogan|A|Deferred Stock Units Div. Equiv. Rights|4133.262|0.0|D,2026-07-23 03:38:23+0000,HST,"HOST HOTELS & RESORTS, INC.",0001070750,4,2026-07-16,2026-07-15,0001070750-26-000117,https://www.sec.gov/Archives/edgar/data/1070750/000107075026000117/edgardoc.xml,derivative,2026-07-15,A,Deferred Stock Units Div. Equiv. Rights,4133.262,0.0,0.0,21027.0951,D,Preusse Mary Hogan,Director,1,0,0,,SEC EDGAR
HST|0001070750-26-000116|derivative|2026-07-15|LAING DIANA|A|Deferred Stock Units Div. Equiv. Rights|1901.2832|0.0|D,2026-07-23 03:38:23+0000,HST,"HOST HOTELS & RESORTS, INC.",0001070750,4,2026-07-16,2026-07-15,0001070750-26-000116,https://www.sec.gov/Archives/edgar/data/1070750/000107075026000116/edgardoc.xml,derivative,2026-07-15,A,Deferred Stock Units Div. Equiv. Rights,1901.2832,0.0,0.0,6345.11,D,LAING DIANA,Director,1,0,0,,SEC EDGAR
HST|0001070750-26-000115|derivative|2026-07-15|BAGLIVO MARY|A|Deferred Stock Units Div. Equiv. Rights|3713.4891|0.0|D,2026-07-23 03:38:23+0000,HST,"HOST HOTELS & RESORTS, INC.",0001070750,4,2026-07-16,2026-07-15,0001070750-26-000115,https://www.sec.gov/Archives/edgar/data/1070750/000107075026000115/edgardoc.xml,derivative,2026-07-15,A,Deferred Stock Units Div. Equiv. Rights,3713.4891,0.0,0.0,19781.8758,D,BAGLIVO MARY,Director,1,0,0,,SEC EDGAR
HPQ|0001700476-26-000003|nonDerivative|2026-07-14|Grewal Manpreet|M|Common Stock|22637|0|D,2026-07-23 03:38:23+0000,HPQ,HP INC,0000047217,4,2026-07-16,2026-07-14,0001700476-26-000003,https://www.sec.gov/Archives/edgar/data/47217/000170047626000003/form4-07162026_080736.xml,nonDerivative,2026-07-14,M,Common Stock,22637,0,0.0,22637,D,Grewal Manpreet,Global Controller and CAO,false,true,false,Global Controller and CAO,SEC EDGAR
HPQ|0001700476-26-000003|nonDerivative|2026-07-14|Grewal Manpreet|F|Common Stock|5513|24.63|D,2026-07-23 03:38:23+0000,HPQ,HP INC,0000047217,4,2026-07-16,2026-07-14,0001700476-26-000003,https://www.sec.gov/Archives/edgar/data/47217/000170047626000003/form4-07162026_080736.xml,nonDerivative,2026-07-14,F,Common Stock,5513,24.63,135785.19,17124,D,Grewal Manpreet,Global Controller and CAO,false,true,false,Global Controller and CAO,SEC EDGAR
HPQ|0001700476-26-000003|derivative|2026-07-14|Grewal Manpreet|M|Restricted Stock Units|22637||D,2026-07-23 03:38:23+0000,HPQ,HP INC,0000047217,4,2026-07-16,2026-07-14,0001700476-26-000003,https://www.sec.gov/Archives/edgar/data/47217/000170047626000003/form4-07162026_080736.xml,derivative,2026-07-14,M,Restricted Stock Units,22637,,,45272,D,Grewal Manpreet,Global Controller and CAO,false,true,false,Global Controller and CAO,SEC EDGAR
"HOOD|0001783879-26-000095|nonDerivative|2026-07-14|Robinhood Markets, Inc.|S|Common Shares of Beneficial Interest|9383|29.18|D",2026-07-23 03:38:23+0000,HOOD,"Robinhood Markets, Inc.",0001783879,4,2026-07-16,2026-07-14,0001783879-26-000095,https://www.sec.gov/Archives/edgar/data/1783879/000178387926000095/wk-form4_1784233934.xml,nonDerivative,2026-07-14,S,Common Shares of Beneficial Interest,9383,29.18,273795.94,13275934,D,"Robinhood Markets, Inc.",10% Owner,0,0,1,,SEC EDGAR
"HOOD|0001783879-26-000095|nonDerivative|2026-07-14|Robinhood Markets, Inc.|S|Common Shares of Beneficial Interest|682|29.94|D",2026-07-23 03:38:23+0000,HOOD,"Robinhood Markets, Inc.",0001783879,4,2026-07-16,2026-07-14,0001783879-26-000095,https://www.sec.gov/Archives/edgar/data/1783879/000178387926000095/wk-form4_1784233934.xml,nonDerivative,2026-07-14,S,Common Shares of Beneficial Interest,682,29.94,20419.08,13275252,D,"Robinhood Markets, Inc.",10% Owner,0,0,1,,SEC EDGAR
"HOOD|0001783879-26-000095|nonDerivative|2026-07-15|Robinhood Markets, Inc.|S|Common Shares of Beneficial Interest|8963|27.65|D",2026-07-23 03:38:23+0000,HOOD,"Robinhood Markets, Inc.",0001783879,4,2026-07-16,2026-07-14,0001783879-26-000095,https://www.sec.gov/Archives/edgar/data/1783879/000178387926000095/wk-form4_1784233934.xml,nonDerivative,2026-07-15,S,Common Shares of Beneficial Interest,8963,27.65,247826.94999999998,13266289,D,"Robinhood Markets, Inc.",10% Owner,0,0,1,,SEC EDGAR
"HOOD|0001783879-26-000095|nonDerivative|2026-07-15|Robinhood Markets, Inc.|S|Common Shares of Beneficial Interest|748|28.69|D",2026-07-23 03:38:23+0000,HOOD,"Robinhood Markets, Inc.",0001783879,4,2026-07-16,2026-07-14,0001783879-26-000095,https://www.sec.gov/Archives/edgar/data/1783879/000178387926000095/wk-form4_1784233934.xml,nonDerivative,2026-07-15,S,Common Shares of Beneficial Interest,748,28.69,21460.120000000003,13265541,D,"Robinhood Markets, Inc.",10% Owner,0,0,1,,SEC EDGAR
GILD|0001782135-26-000026|nonDerivative|2026-07-15|Mercier Johanna|S|Common Stock|3000|129.9192|D,2026-07-23 03:38:23+0000,GILD,"GILEAD SCIENCES, INC.",0000882095,4,2026-07-16,2026-07-15,0001782135-26-000026,https://www.sec.gov/Archives/edgar/data/882095/000178213526000026/wk-form4_1784235279.xml,nonDerivative,2026-07-15,S,Common Stock,3000,129.9192,389757.6,121234,D,Mercier Johanna,"Officer, Chief Comm & Corp Aff Officer",0,1,0,Chief Comm & Corp Aff Officer,SEC EDGAR
GILD|0001310204-26-000022|nonDerivative|2026-07-15|Dickinson Andrew D|S|Common Stock|3000|129.9256|D,2026-07-23 03:38:23+0000,GILD,"GILEAD SCIENCES, INC.",0000882095,4,2026-07-16,2026-07-15,0001310204-26-000022,https://www.sec.gov/Archives/edgar/data/882095/000131020426000022/wk-form4_1784239680.xml,nonDerivative,2026-07-15,S,Common Stock,3000,129.9256,389776.8,168646,D,Dickinson Andrew D,"Officer, Chief Financial Officer",0,1,0,Chief Financial Officer,SEC EDGAR
FIS|0001628280-26-048468|nonDerivative|2026-07-15|Goldstein Jeffrey A|P|Common Stock|1386|41.39|D,2026-07-23 03:38:23+0000,FIS,"Fidelity National Information Services, Inc.",0001136893,4,2026-07-16,2026-07-15,0001628280-26-048468,https://www.sec.gov/Archives/edgar/data/1136893/000162828026048468/wk-form4_1784233423.xml,nonDerivative,2026-07-15,P,Common Stock,1386,41.39,57366.54,17112,D,Goldstein Jeffrey A,Director,1,0,0,,SEC EDGAR
EXPE|0001225208-26-006632|nonDerivative|2026-07-15|Dzielak Robert J|M|Common Stock|2304.0000|0.0000|D,2026-07-23 03:38:23+0000,EXPE,"Expedia Group, Inc.",0001324424,4,2026-07-16,2026-07-15,0001225208-26-006632,https://www.sec.gov/Archives/edgar/data/1324424/000122520826006632/doc4.xml,nonDerivative,2026-07-15,M,Common Stock,2304.0000,0.0000,0.0,107752.0000,D,Dzielak Robert J,"Officer, Chief Legal Officer & Sec'y",,1,,Chief Legal Officer & Sec'y,SEC EDGAR
EXPE|0001225208-26-006632|nonDerivative|2026-07-15|Dzielak Robert J|F|Common Stock|920.0000|266.2800|D,2026-07-23 03:38:23+0000,EXPE,"Expedia Group, Inc.",0001324424,4,2026-07-16,2026-07-15,0001225208-26-006632,https://www.sec.gov/Archives/edgar/data/1324424/000122520826006632/doc4.xml,nonDerivative,2026-07-15,F,Common Stock,920.0000,266.2800,244977.59999999998,106832.0000,D,Dzielak Robert J,"Officer, Chief Legal Officer & Sec'y",,1,,Chief Legal Officer & Sec'y,SEC EDGAR
EXPE|0001225208-26-006632|derivative|2026-07-15|Dzielak Robert J|M|Restricted Stock Units|2304.0000|0.0000|D,2026-07-23 03:38:23+0000,EXPE,"Expedia Group, Inc.",0001324424,4,2026-07-16,2026-07-15,0001225208-26-006632,https://www.sec.gov/Archives/edgar/data/1324424/000122520826006632/doc4.xml,derivative,2026-07-15,M,Restricted Stock Units,2304.0000,0.0000,0.0,6912.0000,D,Dzielak Robert J,"Officer, Chief Legal Officer & Sec'y",,1,,Chief Legal Officer & Sec'y,SEC EDGAR
EA|0000712515-26-000122|nonDerivative|2026-07-15|Wilson Andrew|S|Common Stock|1800|206.5507|I,2026-07-23 03:38:23+0000,EA,ELECTRONIC ARTS INC.,0000712515,4,2026-07-16,2026-07-15,0000712515-26-000122,https://www.sec.gov/Archives/edgar/data/712515/000071251526000122/form4.xml,nonDerivative,2026-07-15,S,Common Stock,1800,206.5507,371791.26,79174,I,Wilson Andrew,"Director, Officer, Chairman & CEO",1,1,,Chairman & CEO,SEC EDGAR
EA|0000712515-26-000122|nonDerivative|2026-07-15|Wilson Andrew|S|Common Stock|3200|207.2644|I,2026-07-23 03:38:23+0000,EA,ELECTRONIC ARTS INC.,0000712515,4,2026-07-16,2026-07-15,0000712515-26-000122,https://www.sec.gov/Archives/edgar/data/712515/000071251526000122/form4.xml,nonDerivative,2026-07-15,S,Common Stock,3200,207.2644,663246.08,75974,I,Wilson Andrew,"Director, Officer, Chairman & CEO",1,1,,Chairman & CEO,SEC EDGAR
EA|0000712515-26-000120|nonDerivative|2026-07-15|Singh Vijayanthimala|S|Common Stock|600|206.6799|I,2026-07-23 03:38:23+0000,EA,ELECTRONIC ARTS INC.,0000712515,4,2026-07-16,2026-07-15,0000712515-26-000120,https://www.sec.gov/Archives/edgar/data/712515/000071251526000120/form4.xml,nonDerivative,2026-07-15,S,Common Stock,600,206.6799,124007.94,25760,I,Singh Vijayanthimala,"Officer, Chief People Officer",,1,,Chief People Officer,SEC EDGAR
EA|0000712515-26-000120|nonDerivative|2026-07-15|Singh Vijayanthimala|S|Common Stock|600|207.2883|I,2026-07-23 03:38:23+0000,EA,ELECTRONIC ARTS INC.,0000712515,4,2026-07-16,2026-07-15,0000712515-26-000120,https://www.sec.gov/Archives/edgar/data/712515/000071251526000120/form4.xml,nonDerivative,2026-07-15,S,Common Stock,600,207.2883,124372.98,25160,I,Singh Vijayanthimala,"Officer, Chief People Officer",,1,,Chief People Officer,SEC EDGAR
EA|0000712515-26-000118|nonDerivative|2026-07-15|Miele Laura|S|Common Stock|1400|206.7757|D,2026-07-23 03:38:23+0000,EA,ELECTRONIC ARTS INC.,0000712515,4,2026-07-16,2026-07-15,0000712515-26-000118,https://www.sec.gov/Archives/edgar/data/712515/000071251526000118/form4.xml,nonDerivative,2026-07-15,S,Common Stock,1400,206.7757,289485.98,72113,D,Miele Laura,"Officer, President, Enterprise Dev.",,1,,"President, Enterprise Dev.",SEC EDGAR
EA|0000712515-26-000118|nonDerivative|2026-07-15|Miele Laura|S|Common Stock|1100|207.3009|D,2026-07-23 03:38:23+0000,EA,ELECTRONIC ARTS INC.,0000712515,4,2026-07-16,2026-07-15,0000712515-26-000118,https://www.sec.gov/Archives/edgar/data/712515/000071251526000118/form4.xml,nonDerivative,2026-07-15,S,Common Stock,1100,207.3009,228030.99000000002,71013,D,Miele Laura,"Officer, President, Enterprise Dev.",,1,,"President, Enterprise Dev.",SEC EDGAR
DXCM|0001093557-26-000135|nonDerivative|2026-07-15|Brown Michael Jon|S|Common Stock|1700|74.42|D,2026-07-23 03:38:23+0000,DXCM,DEXCOM INC,0001093557,4,2026-07-16,2026-07-15,0001093557-26-000135,https://www.sec.gov/Archives/edgar/data/1093557/000109355726000135/wk-form4_1784235969.xml,nonDerivative,2026-07-15,S,Common Stock,1700,74.42,126514.0,104653,D,Brown Michael Jon,"Officer, EVP Chief Legal Compliance Off",0,1,0,EVP Chief Legal Compliance Off,SEC EDGAR
DIS|0001628280-26-048537|nonDerivative|2026-07-15|WOODFORD BRENT|M|Disney Common Stock|1956||D,2026-07-23 03:38:23+0000,DIS,Walt Disney Co,0001744489,4,2026-07-16,2026-07-15,0001628280-26-048537,https://www.sec.gov/Archives/edgar/data/1744489/000162828026048537/wk-form4_1784239380.xml,nonDerivative,2026-07-15,M,Disney Common Stock,1956,,,60585,D,WOODFORD BRENT,"Officer, EVP, Control, Fin Plan & Tax",0,1,0,"EVP, Control, Fin Plan & Tax",SEC EDGAR
DIS|0001628280-26-048537|nonDerivative|2026-07-15|WOODFORD BRENT|F|Disney Common Stock|477|97|D,2026-07-23 03:38:23+0000,DIS,Walt Disney Co,0001744489,4,2026-07-16,2026-07-15,0001628280-26-048537,https://www.sec.gov/Archives/edgar/data/1744489/000162828026048537/wk-form4_1784239380.xml,nonDerivative,2026-07-15,F,Disney Common Stock,477,97,46269.0,60108,D,WOODFORD BRENT,"Officer, EVP, Control, Fin Plan & Tax",0,1,0,"EVP, Control, Fin Plan & Tax",SEC EDGAR
DIS|0001628280-26-048537|nonDerivative|2026-07-15|WOODFORD BRENT|M|Disney Common Stock|1871||D,2026-07-23 03:38:23+0000,DIS,Walt Disney Co,0001744489,4,2026-07-16,2026-07-15,0001628280-26-048537,https://www.sec.gov/Archives/edgar/data/1744489/000162828026048537/wk-form4_1784239380.xml,nonDerivative,2026-07-15,M,Disney Common Stock,1871,,,61979,D,WOODFORD BRENT,"Officer, EVP, Control, Fin Plan & Tax",0,1,0,"EVP, Control, Fin Plan & Tax",SEC EDGAR
DIS|0001628280-26-048537|nonDerivative|2026-07-15|WOODFORD BRENT|F|Disney Common Stock|456|97|D,2026-07-23 03:38:23+0000,DIS,Walt Disney Co,0001744489,4,2026-07-16,2026-07-15,0001628280-26-048537,https://www.sec.gov/Archives/edgar/data/1744489/000162828026048537/wk-form4_1784239380.xml,nonDerivative,2026-07-15,F,Disney Common Stock,456,97,44232.0,61523,D,WOODFORD BRENT,"Officer, EVP, Control, Fin Plan & Tax",0,1,0,"EVP, Control, Fin Plan & Tax",SEC EDGAR
DIS|0001628280-26-048537|derivative|2026-07-15|WOODFORD BRENT|M|Restricted Stock Unit|1956|0|D,2026-07-23 03:38:23+0000,DIS,Walt Disney Co,0001744489,4,2026-07-16,2026-07-15,0001628280-26-048537,https://www.sec.gov/Archives/edgar/data/1744489/000162828026048537/wk-form4_1784239380.xml,derivative,2026-07-15,M,Restricted Stock Unit,1956,0,0.0,5868,D,WOODFORD BRENT,"Officer, EVP, Control, Fin Plan & Tax",0,1,0,"EVP, Control, Fin Plan & Tax",SEC EDGAR
DIS|0001628280-26-048537|derivative|2026-07-15|WOODFORD BRENT|M|Restricted Stock Unit|1871|0|D,2026-07-23 03:38:23+0000,DIS,Walt Disney Co,0001744489,4,2026-07-16,2026-07-15,0001628280-26-048537,https://www.sec.gov/Archives/edgar/data/1744489/000162828026048537/wk-form4_1784239380.xml,derivative,2026-07-15,M,Restricted Stock Unit,1871,0,0.0,9359,D,WOODFORD BRENT,"Officer, EVP, Control, Fin Plan & Tax",0,1,0,"EVP, Control, Fin Plan & Tax",SEC EDGAR
DIS|0001628280-26-048536|nonDerivative|2026-07-15|Roeder Paul M|M|Disney Common Stock|1466||D,2026-07-23 03:38:23+0000,DIS,Walt Disney Co,0001744489,4,2026-07-16,2026-07-15,0001628280-26-048536,https://www.sec.gov/Archives/edgar/data/1744489/000162828026048536/wk-form4_1784239371.xml,nonDerivative,2026-07-15,M,Disney Common Stock,1466,,,2451,D,Roeder Paul M,"Officer, Sr EVP and Chief Comm Officer",0,1,0,Sr EVP and Chief Comm Officer,SEC EDGAR
DIS|0001628280-26-048536|nonDerivative|2026-07-15|Roeder Paul M|F|Disney Common Stock|527|97|D,2026-07-23 03:38:23+0000,DIS,Walt Disney Co,0001744489,4,2026-07-16,2026-07-15,0001628280-26-048536,https://www.sec.gov/Archives/edgar/data/1744489/000162828026048536/wk-form4_1784239371.xml,nonDerivative,2026-07-15,F,Disney Common Stock,527,97,51119.0,1924,D,Roeder Paul M,"Officer, Sr EVP and Chief Comm Officer",0,1,0,Sr EVP and Chief Comm Officer,SEC EDGAR
DIS|0001628280-26-048536|nonDerivative|2026-07-15|Roeder Paul M|M|Disney Common Stock|1649||D,2026-07-23 03:38:23+0000,DIS,Walt Disney Co,0001744489,4,2026-07-16,2026-07-15,0001628280-26-048536,https://www.sec.gov/Archives/edgar/data/1744489/000162828026048536/wk-form4_1784239371.xml,nonDerivative,2026-07-15,M,Disney Common Stock,1649,,,3573,D,Roeder Paul M,"Officer, Sr EVP and Chief Comm Officer",0,1,0,Sr EVP and Chief Comm Officer,SEC EDGAR
DIS|0001628280-26-048536|nonDerivative|2026-07-15|Roeder Paul M|F|Disney Common Stock|592|97|D,2026-07-23 03:38:23+0000,DIS,Walt Disney Co,0001744489,4,2026-07-16,2026-07-15,0001628280-26-048536,https://www.sec.gov/Archives/edgar/data/1744489/000162828026048536/wk-form4_1784239371.xml,nonDerivative,2026-07-15,F,Disney Common Stock,592,97,57424.0,2981,D,Roeder Paul M,"Officer, Sr EVP and Chief Comm Officer",0,1,0,Sr EVP and Chief Comm Officer,SEC EDGAR
DIS|0001628280-26-048536|derivative|2026-07-15|Roeder Paul M|M|Restricted Stock Unit|1466|0|D,2026-07-23 03:38:23+0000,DIS,Walt Disney Co,0001744489,4,2026-07-16,2026-07-15,0001628280-26-048536,https://www.sec.gov/Archives/edgar/data/1744489/000162828026048536/wk-form4_1784239371.xml,derivative,2026-07-15,M,Restricted Stock Unit,1466,0,0.0,4403,D,Roeder Paul M,"Officer, Sr EVP and Chief Comm Officer",0,1,0,Sr EVP and Chief Comm Officer,SEC EDGAR
DIS|0001628280-26-048536|derivative|2026-07-15|Roeder Paul M|M|Restricted Stock Unit|1649|0|D,2026-07-23 03:38:23+0000,DIS,Walt Disney Co,0001744489,4,2026-07-16,2026-07-15,0001628280-26-048536,https://www.sec.gov/Archives/edgar/data/1744489/000162828026048536/wk-form4_1784239371.xml,derivative,2026-07-15,M,Restricted Stock Unit,1649,0,0.0,8251,D,Roeder Paul M,"Officer, Sr EVP and Chief Comm Officer",0,1,0,Sr EVP and Chief Comm Officer,SEC EDGAR
DHR|0000313616-26-000157|nonDerivative|2026-07-15|Zerhouni Elias A.|M|Common Stock|3298|71.88|D,2026-07-23 03:38:23+0000,DHR,DANAHER CORP /DE/,0000313616,4,2026-07-16,2026-07-15,0000313616-26-000157,https://www.sec.gov/Archives/edgar/data/313616/000031361626000157/wk-form4_1784235642.xml,nonDerivative,2026-07-15,M,Common Stock,3298,71.88,237060.24,46484.282,D,Zerhouni Elias A.,Director,1,0,0,,SEC EDGAR
DHR|0000313616-26-000157|nonDerivative|2026-07-15|Zerhouni Elias A.|F|Common Stock|1181|200.79|D,2026-07-23 03:38:23+0000,DHR,DANAHER CORP /DE/,0000313616,4,2026-07-16,2026-07-15,0000313616-26-000157,https://www.sec.gov/Archives/edgar/data/313616/000031361626000157/wk-form4_1784235642.xml,nonDerivative,2026-07-15,F,Common Stock,1181,200.79,237132.99,45303.282,D,Zerhouni Elias A.,Director,1,0,0,,SEC EDGAR
DHR|0000313616-26-000157|derivative|2026-07-15|Zerhouni Elias A.|M|Director stock option (right to buy)|3298|0|D,2026-07-23 03:38:23+0000,DHR,DANAHER CORP /DE/,0000313616,4,2026-07-16,2026-07-15,0000313616-26-000157,https://www.sec.gov/Archives/edgar/data/313616/000031361626000157/wk-form4_1784235642.xml,derivative,2026-07-15,M,Director stock option (right to buy),3298,0,0.0,0,D,Zerhouni Elias A.,Director,1,0,0,,SEC EDGAR
DHR|0000313616-26-000158|nonDerivative|2026-07-15|FILLER LINDA|M|Common Stock|3298|71.88|D,2026-07-23 03:38:23+0000,DHR,DANAHER CORP /DE/,0000313616,4,2026-07-16,2026-07-15,0000313616-26-000158,https://www.sec.gov/Archives/edgar/data/313616/000031361626000158/wk-form4_1784235648.xml,nonDerivative,2026-07-15,M,Common Stock,3298,71.88,237060.24,28010.403,D,FILLER LINDA,Director,1,0,0,,SEC EDGAR
DHR|0000313616-26-000158|nonDerivative|2026-07-15|FILLER LINDA|F|Common Stock|1181|200.79|D,2026-07-23 03:38:23+0000,DHR,DANAHER CORP /DE/,0000313616,4,2026-07-16,2026-07-15,0000313616-26-000158,https://www.sec.gov/Archives/edgar/data/313616/000031361626000158/wk-form4_1784235648.xml,nonDerivative,2026-07-15,F,Common Stock,1181,200.79,237132.99,26829.403,D,FILLER LINDA,Director,1,0,0,,SEC EDGAR
DHR|0000313616-26-000158|derivative|2026-07-15|FILLER LINDA|M|Director stock option (right to buy)|3298|0|D,2026-07-23 03:38:23+0000,DHR,DANAHER CORP /DE/,0000313616,4,2026-07-16,2026-07-15,0000313616-26-000158,https://www.sec.gov/Archives/edgar/data/313616/000031361626000158/wk-form4_1784235648.xml,derivative,2026-07-15,M,Director stock option (right to buy),3298,0,0.0,0,D,FILLER LINDA,Director,1,0,0,,SEC EDGAR
DHR|0000313616-26-000159|nonDerivative|2026-07-15|Bouda Christopher|F|Common Stock|60|200.79|D,2026-07-23 03:38:23+0000,DHR,DANAHER CORP /DE/,0000313616,4,2026-07-16,2026-07-15,0000313616-26-000159,https://www.sec.gov/Archives/edgar/data/313616/000031361626000159/wk-form4_1784235654.xml,nonDerivative,2026-07-15,F,Common Stock,60,200.79,12047.4,9107,D,Bouda Christopher,"Officer, VP, Chief Accounting Officer",0,1,0,"VP, Chief Accounting Officer",SEC EDGAR
CHD|0000313927-26-000284|derivative|2026-07-15|Linares Carlos G.|A|Phantom Stock|19.552|97.14|D,2026-07-23 03:38:23+0000,CHD,CHURCH & DWIGHT CO INC /DE/,0000313927,4,2026-07-16,2026-07-15,0000313927-26-000284,https://www.sec.gov/Archives/edgar/data/313927/000031392726000284/form4.xml,derivative,2026-07-15,A,Phantom Stock,19.552,97.14,1899.28128,17997.258,D,Linares Carlos G.,"Officer, EVP Chief Tech&Global New Prod",,1,,EVP Chief Tech&Global New Prod,SEC EDGAR
CHD|0000313927-26-000282|derivative|2026-07-15|Dierker Richard A|A|Phantom Stock|44.524|97.14|D,2026-07-23 03:38:23+0000,CHD,CHURCH & DWIGHT CO INC /DE/,0000313927,4,2026-07-16,2026-07-15,0000313927-26-000282,https://www.sec.gov/Archives/edgar/data/313927/000031392726000282/form4.xml,derivative,2026-07-15,A,Phantom Stock,44.524,97.14,4325.06136,17967.397,D,Dierker Richard A,"Director, Officer, President and CEO",1,1,,President and CEO,SEC EDGAR
CHD|0000313927-26-000279|derivative|2026-07-15|Buchert Brian D|A|Phantom Stock|5.629|97.14|D,2026-07-23 03:38:23+0000,CHD,CHURCH & DWIGHT CO INC /DE/,0000313927,4,2026-07-16,2026-07-15,0000313927-26-000279,https://www.sec.gov/Archives/edgar/data/313927/000031392726000279/form4.xml,derivative,2026-07-15,A,Phantom Stock,5.629,97.14,546.80106,690.506,D,Buchert Brian D,"Officer, EVP of Strategy, M&A, and BP",,1,,"EVP of Strategy, M&A, and BP",SEC EDGAR
ANET|0001596532-26-000164|nonDerivative|2026-07-14|BECHTOLSHEIM ANDREAS|S|Common Stock|26765|176.1777|I,2026-07-23 03:38:23+0000,ANET,"Arista Networks, Inc.",0001596532,4,2026-07-16,2026-07-14,0001596532-26-000164,https://www.sec.gov/Archives/edgar/data/1596532/000159653226000164/edgardoc.xml,nonDerivative,2026-07-14,S,Common Stock,26765,176.1777,4715396.1405,182016283,I,BECHTOLSHEIM ANDREAS,10% Owner,0,0,1,,SEC EDGAR
ANET|0001596532-26-000164|nonDerivative|2026-07-14|BECHTOLSHEIM ANDREAS|S|Common Stock|14808|177.2518|I,2026-07-23 03:38:23+0000,ANET,"Arista Networks, Inc.",0001596532,4,2026-07-16,2026-07-14,0001596532-26-000164,https://www.sec.gov/Archives/edgar/data/1596532/000159653226000164/edgardoc.xml,nonDerivative,2026-07-14,S,Common Stock,14808,177.2518,2624744.6544,182001475,I,BECHTOLSHEIM ANDREAS,10% Owner,0,0,1,,SEC EDGAR
ANET|0001596532-26-000164|nonDerivative|2026-07-14|BECHTOLSHEIM ANDREAS|S|Common Stock|29704|178.2024|I,2026-07-23 03:38:23+0000,ANET,"Arista Networks, Inc.",0001596532,4,2026-07-16,2026-07-14,0001596532-26-000164,https://www.sec.gov/Archives/edgar/data/1596532/000159653226000164/edgardoc.xml,nonDerivative,2026-07-14,S,Common Stock,29704,178.2024,5293324.0896000005,181971771,I,BECHTOLSHEIM ANDREAS,10% Owner,0,0,1,,SEC EDGAR
ANET|0001596532-26-000164|nonDerivative|2026-07-14|BECHTOLSHEIM ANDREAS|S|Common Stock|24764|179.2528|I,2026-07-23 03:38:23+0000,ANET,"Arista Networks, Inc.",0001596532,4,2026-07-16,2026-07-14,0001596532-26-000164,https://www.sec.gov/Archives/edgar/data/1596532/000159653226000164/edgardoc.xml,nonDerivative,2026-07-14,S,Common Stock,24764,179.2528,4439016.3392,181947007,I,BECHTOLSHEIM ANDREAS,10% Owner,0,0,1,,SEC EDGAR
ANET|0001596532-26-000164|nonDerivative|2026-07-14|BECHTOLSHEIM ANDREAS|S|Common Stock|31412|180.1715|I,2026-07-23 03:38:23+0000,ANET,"Arista Networks, Inc.",0001596532,4,2026-07-16,2026-07-14,0001596532-26-000164,https://www.sec.gov/Archives/edgar/data/1596532/000159653226000164/edgardoc.xml,nonDerivative,2026-07-14,S,Common Stock,31412,180.1715,5659547.158,181915595,I,BECHTOLSHEIM ANDREAS,10% Owner,0,0,1,,SEC EDGAR
ANET|0001596532-26-000164|nonDerivative|2026-07-14|BECHTOLSHEIM ANDREAS|S|Common Stock|46566|181.2996|I,2026-07-23 03:38:23+0000,ANET,"Arista Networks, Inc.",0001596532,4,2026-07-16,2026-07-14,0001596532-26-000164,https://www.sec.gov/Archives/edgar/data/1596532/000159653226000164/edgardoc.xml,nonDerivative,2026-07-14,S,Common Stock,46566,181.2996,8442397.1736,181869029,I,BECHTOLSHEIM ANDREAS,10% Owner,0,0,1,,SEC EDGAR
ANET|0001596532-26-000164|nonDerivative|2026-07-14|BECHTOLSHEIM ANDREAS|S|Common Stock|57677|182.282|I,2026-07-23 03:38:23+0000,ANET,"Arista Networks, Inc.",0001596532,4,2026-07-16,2026-07-14,0001596532-26-000164,https://www.sec.gov/Archives/edgar/data/1596532/000159653226000164/edgardoc.xml,nonDerivative,2026-07-14,S,Common Stock,57677,182.282,10513478.914,181811352,I,BECHTOLSHEIM ANDREAS,10% Owner,0,0,1,,SEC EDGAR
ANET|0001596532-26-000164|nonDerivative|2026-07-14|BECHTOLSHEIM ANDREAS|S|Common Stock|40873|183.1529|I,2026-07-23 03:38:23+0000,ANET,"Arista Networks, Inc.",0001596532,4,2026-07-16,2026-07-14,0001596532-26-000164,https://www.sec.gov/Archives/edgar/data/1596532/000159653226000164/edgardoc.xml,nonDerivative,2026-07-14,S,Common Stock,40873,183.1529,7486008.481699999,181770479,I,BECHTOLSHEIM ANDREAS,10% Owner,0,0,1,,SEC EDGAR
ANET|0001596532-26-000164|nonDerivative|2026-07-14|BECHTOLSHEIM ANDREAS|S|Common Stock|20869|184.1734|I,2026-07-23 03:38:23+0000,ANET,"Arista Networks, Inc.",0001596532,4,2026-07-16,2026-07-14,0001596532-26-000164,https://www.sec.gov/Archives/edgar/data/1596532/000159653226000164/edgardoc.xml,nonDerivative,2026-07-14,S,Common Stock,20869,184.1734,3843514.6846,181749610,I,BECHTOLSHEIM ANDREAS,10% Owner,0,0,1,,SEC EDGAR
ANET|0001596532-26-000164|nonDerivative|2026-07-14|BECHTOLSHEIM ANDREAS|S|Common Stock|6562|185.0002|I,2026-07-23 03:38:23+0000,ANET,"Arista Networks, Inc.",0001596532,4,2026-07-16,2026-07-14,0001596532-26-000164,https://www.sec.gov/Archives/edgar/data/1596532/000159653226000164/edgardoc.xml,nonDerivative,2026-07-14,S,Common Stock,6562,185.0002,1213971.3124,181743048,I,BECHTOLSHEIM ANDREAS,10% Owner,0,0,1,,SEC EDGAR
