unique_key,collected_at_utc,ticker,company_name,cik,form,filing_date,report_date,accession_number,filing_url,transaction_table,transaction_date,transaction_code,security_title,shares,price,total_amount,shares_owned_after,ownership_type,reporting_owner,relationship,is_director,is_officer,is_ten_percent_owner,officer_title,source
"WYNN|0001200747-26-000006|nonDerivative|2026-05-28|SATRE PHILIP G|M|Common Stock, par value $0.01 per share|10827|81.55|D",2026-05-31 10:00:17+0000,WYNN,WYNN RESORTS LTD,0001174922,4,2026-05-29,2026-05-28,0001200747-26-000006,https://www.sec.gov/Archives/edgar/data/1174922/000120074726000006/wk-form4_1780098624.xml,nonDerivative,2026-05-28,M,"Common Stock, par value $0.01 per share",10827,81.55,882941.85,33293,D,SATRE PHILIP G,Director,1,0,0,,SEC EDGAR
WYNN|0001200747-26-000006|derivative|2026-05-28|SATRE PHILIP G|M|Stock Options (right to buy)|10827|0|D,2026-05-31 10:00:17+0000,WYNN,WYNN RESORTS LTD,0001174922,4,2026-05-29,2026-05-28,0001200747-26-000006,https://www.sec.gov/Archives/edgar/data/1174922/000120074726000006/wk-form4_1780098624.xml,derivative,2026-05-28,M,Stock Options (right to buy),10827,0,0.0,0,D,SATRE PHILIP G,Director,1,0,0,,SEC EDGAR
WYNN|0001104659-26-068304|derivative|2026-05-27|FERTITTA TILMAN J|S|Call Option (obligation to sell)|225000|4.0767|I,2026-05-31 10:00:17+0000,WYNN,WYNN RESORTS LTD,0001174922,4,2026-05-29,2026-05-27,0001104659-26-068304,https://www.sec.gov/Archives/edgar/data/1174922/000110465926068304/tm2615968-1_4seq1.xml,derivative,2026-05-27,S,Call Option (obligation to sell),225000,4.0767,917257.5,225000,I,FERTITTA TILMAN J,10% Owner,0,0,1,,SEC EDGAR
WYNN|0001104659-26-068304|derivative|2026-05-27|FERTITTA TILMAN J|S|Call Option (obligation to sell)|225000|3.8457|I,2026-05-31 10:00:17+0000,WYNN,WYNN RESORTS LTD,0001174922,4,2026-05-29,2026-05-27,0001104659-26-068304,https://www.sec.gov/Archives/edgar/data/1174922/000110465926068304/tm2615968-1_4seq1.xml,derivative,2026-05-27,S,Call Option (obligation to sell),225000,3.8457,865282.5,225000,I,FERTITTA TILMAN J,10% Owner,0,0,1,,SEC EDGAR
WYNN|0001104659-26-068304|derivative|2026-05-28|FERTITTA TILMAN J|S|Call Option (obligation to sell)|83000|5.25|I,2026-05-31 10:00:17+0000,WYNN,WYNN RESORTS LTD,0001174922,4,2026-05-29,2026-05-27,0001104659-26-068304,https://www.sec.gov/Archives/edgar/data/1174922/000110465926068304/tm2615968-1_4seq1.xml,derivative,2026-05-28,S,Call Option (obligation to sell),83000,5.25,435750.0,83000,I,FERTITTA TILMAN J,10% Owner,0,0,1,,SEC EDGAR
WYNN|0001104659-26-068304|derivative|2026-05-28|FERTITTA TILMAN J|S|Call Option (obligation to sell)|161900|5.5005|I,2026-05-31 10:00:17+0000,WYNN,WYNN RESORTS LTD,0001174922,4,2026-05-29,2026-05-27,0001104659-26-068304,https://www.sec.gov/Archives/edgar/data/1174922/000110465926068304/tm2615968-1_4seq1.xml,derivative,2026-05-28,S,Call Option (obligation to sell),161900,5.5005,890530.95,161900,I,FERTITTA TILMAN J,10% Owner,0,0,1,,SEC EDGAR
WSM|0000719955-26-000138|nonDerivative|2026-05-27|ALBER LAURA|S|Common Stock|15000|200.00|D,2026-05-31 10:00:17+0000,WSM,WILLIAMS SONOMA INC,0000719955,4,2026-05-29,2026-05-27,0000719955-26-000138,https://www.sec.gov/Archives/edgar/data/719955/000071995526000138/form4.xml,nonDerivative,2026-05-27,S,Common Stock,15000,200.00,3000000.0,923524,D,ALBER LAURA,"Director, Officer, PRESIDENT & CEO",1,1,,PRESIDENT & CEO,SEC EDGAR
WMT|0001886367-26-000013|nonDerivative|2026-05-28|Watkins Latriece|S|Common|11000|118.97|D,2026-05-31 10:00:17+0000,WMT,Walmart Inc.,0000104169,4,2026-05-29,2026-05-28,0001886367-26-000013,https://www.sec.gov/Archives/edgar/data/104169/000188636726000013/wk-form4_1780087494.xml,nonDerivative,2026-05-28,S,Common,11000,118.97,1308670.0,120203.366,D,Watkins Latriece,"Officer, Executive Vice President",0,1,0,Executive Vice President,SEC EDGAR
WMT|0000104169-26-000105|nonDerivative|2026-05-27|Walton Family Holdings Trust|S|Common|254178|119.054|D,2026-05-31 10:00:17+0000,WMT,Walmart Inc.,0000104169,4,2026-05-29,2026-05-27,0000104169-26-000105,https://www.sec.gov/Archives/edgar/data/104169/000010416926000105/wk-form4_1780089936.xml,nonDerivative,2026-05-27,S,Common,254178,119.054,30260907.612,509595438,D,Walton Family Holdings Trust,10% Owner,0,0,1,,SEC EDGAR
WMT|0000104169-26-000105|nonDerivative|2026-05-28|Walton Family Holdings Trust|S|Common|207649|119.0125|D,2026-05-31 10:00:17+0000,WMT,Walmart Inc.,0000104169,4,2026-05-29,2026-05-27,0000104169-26-000105,https://www.sec.gov/Archives/edgar/data/104169/000010416926000105/wk-form4_1780089936.xml,nonDerivative,2026-05-28,S,Common,207649,119.0125,24712826.6125,509387789,D,Walton Family Holdings Trust,10% Owner,0,0,1,,SEC EDGAR
WMT|0001335782-26-000015|nonDerivative|2026-05-28|McMillon C Douglas|S|Common|19416|118.6265|D,2026-05-31 10:00:17+0000,WMT,Walmart Inc.,0000104169,4,2026-05-29,2026-05-28,0001335782-26-000015,https://www.sec.gov/Archives/edgar/data/104169/000133578226000015/wk-form4_1780087598.xml,nonDerivative,2026-05-28,S,Common,19416,118.6265,2303252.124,4174578.707,D,McMillon C Douglas,Director,1,0,0,,SEC EDGAR
WMT|0001579299-26-000017|nonDerivative|2026-05-29|Bartlett Daniel J|G|Common|424|0|D,2026-05-31 10:00:17+0000,WMT,Walmart Inc.,0000104169,4,2026-05-29,2026-05-29,0001579299-26-000017,https://www.sec.gov/Archives/edgar/data/104169/000157929926000017/wk-form4_1780087309.xml,nonDerivative,2026-05-29,G,Common,424,0,0.0,635168.533,D,Bartlett Daniel J,"Officer, Executive Vice President",0,1,0,Executive Vice President,SEC EDGAR
WDC|0001266824-26-000113|nonDerivative|2026-05-28|KIDDOO BRUCE E|S|Common Stock|750|528.52|D,2026-05-31 10:00:17+0000,WDC,WESTERN DIGITAL CORP,0000106040,4,2026-05-29,2026-05-28,0001266824-26-000113,https://www.sec.gov/Archives/edgar/data/106040/000126682426000113/edgardoc.xml,nonDerivative,2026-05-28,S,Common Stock,750,528.52,396390.0,3903,D,KIDDOO BRUCE E,Director,1,0,0,,SEC EDGAR
VST|0001602114-26-000004|nonDerivative|2026-05-27|Montemayor Margaret|S|Common Stock|5000|164.96|D,2026-05-31 10:00:17+0000,VST,Vistra Corp.,0001692819,4,2026-05-29,2026-05-27,0001602114-26-000004,https://www.sec.gov/Archives/edgar/data/1692819/000160211426000004/wk-form4_1780098912.xml,nonDerivative,2026-05-27,S,Common Stock,5000,164.96,824800.0,14360,D,Montemayor Margaret,"Officer, SVP, Chief Accounting Officer",0,1,0,"SVP, Chief Accounting Officer",SEC EDGAR
VRSN|0001869319-26-000006|nonDerivative|2026-05-27|Armstrong Courtney D|P|Common Stock|13.807|305.2762|I,2026-05-31 10:00:17+0000,VRSN,VERISIGN INC/CA,0001014473,4,2026-05-29,2026-05-27,0001869319-26-000006,https://www.sec.gov/Archives/edgar/data/1014473/000186931926000006/wk-form4_1780087086.xml,nonDerivative,2026-05-27,P,Common Stock,13.807,305.2762,4214.9484934,5217.278,I,Armstrong Courtney D,Director,1,0,0,,SEC EDGAR
VRSN|0001869319-26-000006|nonDerivative|2026-05-27|Armstrong Courtney D|P|Common Stock|2.312|309.01|D,2026-05-31 10:00:17+0000,VRSN,VERISIGN INC/CA,0001014473,4,2026-05-29,2026-05-27,0001869319-26-000006,https://www.sec.gov/Archives/edgar/data/1014473/000186931926000006/wk-form4_1780087086.xml,nonDerivative,2026-05-27,P,Common Stock,2.312,309.01,714.43112,884.556,D,Armstrong Courtney D,Director,1,0,0,,SEC EDGAR
UHS|0000352915-26-000058|nonDerivative|2026-05-27|MILLER ALAN B|J|Class B Common Stock|13963|0|I,2026-05-31 10:00:17+0000,UHS,UNIVERSAL HEALTH SERVICES INC,0000352915,4,2026-05-29,2026-05-27,0000352915-26-000058,https://www.sec.gov/Archives/edgar/data/352915/000035291526000058/form4.xml,nonDerivative,2026-05-27,J,Class B Common Stock,13963,0,0.0,0,I,MILLER ALAN B,"Director, Officer, 10% Owner, Executive Chairman",1,1,1,Executive Chairman,SEC EDGAR
UHS|0000352915-26-000058|nonDerivative|2026-05-27|MILLER ALAN B|J|Class B Common Stock|13963|0|D,2026-05-31 10:00:17+0000,UHS,UNIVERSAL HEALTH SERVICES INC,0000352915,4,2026-05-29,2026-05-27,0000352915-26-000058,https://www.sec.gov/Archives/edgar/data/352915/000035291526000058/form4.xml,nonDerivative,2026-05-27,J,Class B Common Stock,13963,0,0.0,1810129,D,MILLER ALAN B,"Director, Officer, 10% Owner, Executive Chairman",1,1,1,Executive Chairman,SEC EDGAR
UHS|0000352915-26-000058|nonDerivative|2026-05-27|MILLER ALAN B|J|Class B Common Stock|9418|0|I,2026-05-31 10:00:17+0000,UHS,UNIVERSAL HEALTH SERVICES INC,0000352915,4,2026-05-29,2026-05-27,0000352915-26-000058,https://www.sec.gov/Archives/edgar/data/352915/000035291526000058/form4.xml,nonDerivative,2026-05-27,J,Class B Common Stock,9418,0,0.0,0,I,MILLER ALAN B,"Director, Officer, 10% Owner, Executive Chairman",1,1,1,Executive Chairman,SEC EDGAR
UHS|0000352915-26-000058|nonDerivative|2026-05-27|MILLER ALAN B|J|Class B Common Stock|9418|0|D,2026-05-31 10:00:17+0000,UHS,UNIVERSAL HEALTH SERVICES INC,0000352915,4,2026-05-29,2026-05-27,0000352915-26-000058,https://www.sec.gov/Archives/edgar/data/352915/000035291526000058/form4.xml,nonDerivative,2026-05-27,J,Class B Common Stock,9418,0,0.0,1828965,D,MILLER ALAN B,"Director, Officer, 10% Owner, Executive Chairman",1,1,1,Executive Chairman,SEC EDGAR
UHS|0000352915-26-000058|nonDerivative|2026-05-27|MILLER ALAN B|J|Class B Common Stock|14163|0|I,2026-05-31 10:00:17+0000,UHS,UNIVERSAL HEALTH SERVICES INC,0000352915,4,2026-05-29,2026-05-27,0000352915-26-000058,https://www.sec.gov/Archives/edgar/data/352915/000035291526000058/form4.xml,nonDerivative,2026-05-27,J,Class B Common Stock,14163,0,0.0,10132,I,MILLER ALAN B,"Director, Officer, 10% Owner, Executive Chairman",1,1,1,Executive Chairman,SEC EDGAR
UHS|0000352915-26-000058|nonDerivative|2026-05-27|MILLER ALAN B|J|Class B Common Stock|14163|0|D,2026-05-31 10:00:17+0000,UHS,UNIVERSAL HEALTH SERVICES INC,0000352915,4,2026-05-29,2026-05-27,0000352915-26-000058,https://www.sec.gov/Archives/edgar/data/352915/000035291526000058/form4.xml,nonDerivative,2026-05-27,J,Class B Common Stock,14163,0,0.0,1871454,D,MILLER ALAN B,"Director, Officer, 10% Owner, Executive Chairman",1,1,1,Executive Chairman,SEC EDGAR
UHS|0000352915-26-000058|nonDerivative|2026-05-27|MILLER ALAN B|J|Class B Common Stock|50990|0|D,2026-05-31 10:00:17+0000,UHS,UNIVERSAL HEALTH SERVICES INC,0000352915,4,2026-05-29,2026-05-27,0000352915-26-000058,https://www.sec.gov/Archives/edgar/data/352915/000035291526000058/form4.xml,nonDerivative,2026-05-27,J,Class B Common Stock,50990,0,0.0,1820464,D,MILLER ALAN B,"Director, Officer, 10% Owner, Executive Chairman",1,1,1,Executive Chairman,SEC EDGAR
UHS|0000352915-26-000058|nonDerivative|2026-05-27|MILLER ALAN B|J|Class B Common Stock|50990|0|I,2026-05-31 10:00:17+0000,UHS,UNIVERSAL HEALTH SERVICES INC,0000352915,4,2026-05-29,2026-05-27,0000352915-26-000058,https://www.sec.gov/Archives/edgar/data/352915/000035291526000058/form4.xml,nonDerivative,2026-05-27,J,Class B Common Stock,50990,0,0.0,50990,I,MILLER ALAN B,"Director, Officer, 10% Owner, Executive Chairman",1,1,1,Executive Chairman,SEC EDGAR
UHS|0000352915-26-000058|nonDerivative|2026-05-27|MILLER ALAN B|J|Class B Common Stock|25495|0|D,2026-05-31 10:00:17+0000,UHS,UNIVERSAL HEALTH SERVICES INC,0000352915,4,2026-05-29,2026-05-27,0000352915-26-000058,https://www.sec.gov/Archives/edgar/data/352915/000035291526000058/form4.xml,nonDerivative,2026-05-27,J,Class B Common Stock,25495,0,0.0,1769474,D,MILLER ALAN B,"Director, Officer, 10% Owner, Executive Chairman",1,1,1,Executive Chairman,SEC EDGAR
UHS|0000352915-26-000058|nonDerivative|2026-05-27|MILLER ALAN B|J|Class B Common Stock|25495|0|I,2026-05-31 10:00:17+0000,UHS,UNIVERSAL HEALTH SERVICES INC,0000352915,4,2026-05-29,2026-05-27,0000352915-26-000058,https://www.sec.gov/Archives/edgar/data/352915/000035291526000058/form4.xml,nonDerivative,2026-05-27,J,Class B Common Stock,25495,0,0.0,25495,I,MILLER ALAN B,"Director, Officer, 10% Owner, Executive Chairman",1,1,1,Executive Chairman,SEC EDGAR
TXN|0001319699-26-000004|nonDerivative|2026-05-28|Craighead Martin S|S|Common Stock|9643|320.4075|D,2026-05-31 10:00:17+0000,TXN,TEXAS INSTRUMENTS INC,0000097476,4,2026-05-29,2026-05-28,0001319699-26-000004,https://www.sec.gov/Archives/edgar/data/97476/000131969926000004/wk-form4_1780102702.xml,nonDerivative,2026-05-28,S,Common Stock,9643,320.4075,3089689.5225000004,14716,D,Craighead Martin S,Director,1,0,0,,SEC EDGAR
TXN|0001319699-26-000004|nonDerivative|2026-05-28|Craighead Martin S|S|Common Stock|357|321.0069|D,2026-05-31 10:00:17+0000,TXN,TEXAS INSTRUMENTS INC,0000097476,4,2026-05-29,2026-05-28,0001319699-26-000004,https://www.sec.gov/Archives/edgar/data/97476/000131969926000004/wk-form4_1780102702.xml,nonDerivative,2026-05-28,S,Common Stock,357,321.0069,114599.46329999999,14359,D,Craighead Martin S,Director,1,0,0,,SEC EDGAR
TPL|0001437749-26-018821|nonDerivative|2026-05-28|HORIZON KINETICS ASSET MANAGEMENT LLC|P|Common Stock|1|406.26|D,2026-05-31 10:00:17+0000,TPL,Texas Pacific Land Corp,0001811074,4,2026-05-29,2026-05-28,0001437749-26-018821,https://www.sec.gov/Archives/edgar/data/1811074/000143774926018821/rdgdoc.xml,nonDerivative,2026-05-28,P,Common Stock,1,406.26,406.26,3395623,D,HORIZON KINETICS ASSET MANAGEMENT LLC,10% Owner,,,1,,SEC EDGAR
SYK|0001775075-26-000004|nonDerivative|2026-05-28|Fletcher Robert S|S|Common Stock|120|304.225|D,2026-05-31 10:00:17+0000,SYK,STRYKER CORP,0000310764,4,2026-05-29,2026-05-28,0001775075-26-000004,https://www.sec.gov/Archives/edgar/data/310764/000177507526000004/wk-form4_1780088356.xml,nonDerivative,2026-05-28,S,Common Stock,120,304.225,36507.0,15006,D,Fletcher Robert S,"Officer, VP, Chief Legal Officer",0,1,0,"VP, Chief Legal Officer",SEC EDGAR
SYK|0001775075-26-000004|nonDerivative|2026-05-28|Fletcher Robert S|S|Common Stock|165|305.66|D,2026-05-31 10:00:17+0000,SYK,STRYKER CORP,0000310764,4,2026-05-29,2026-05-28,0001775075-26-000004,https://www.sec.gov/Archives/edgar/data/310764/000177507526000004/wk-form4_1780088356.xml,nonDerivative,2026-05-28,S,Common Stock,165,305.66,50433.9,14841,D,Fletcher Robert S,"Officer, VP, Chief Legal Officer",0,1,0,"VP, Chief Legal Officer",SEC EDGAR
SYK|0001775075-26-000004|nonDerivative|2026-05-28|Fletcher Robert S|S|Common Stock|2809|306.564|D,2026-05-31 10:00:17+0000,SYK,STRYKER CORP,0000310764,4,2026-05-29,2026-05-28,0001775075-26-000004,https://www.sec.gov/Archives/edgar/data/310764/000177507526000004/wk-form4_1780088356.xml,nonDerivative,2026-05-28,S,Common Stock,2809,306.564,861138.2760000001,12032,D,Fletcher Robert S,"Officer, VP, Chief Legal Officer",0,1,0,"VP, Chief Legal Officer",SEC EDGAR
SYK|0001775075-26-000004|nonDerivative|2026-05-28|Fletcher Robert S|S|Common Stock|1067|307.297|D,2026-05-31 10:00:17+0000,SYK,STRYKER CORP,0000310764,4,2026-05-29,2026-05-28,0001775075-26-000004,https://www.sec.gov/Archives/edgar/data/310764/000177507526000004/wk-form4_1780088356.xml,nonDerivative,2026-05-28,S,Common Stock,1067,307.297,327885.89900000003,10965,D,Fletcher Robert S,"Officer, VP, Chief Legal Officer",0,1,0,"VP, Chief Legal Officer",SEC EDGAR
SYK|0001775075-26-000004|nonDerivative|2026-05-28|Fletcher Robert S|S|Common Stock|258|308.785|D,2026-05-31 10:00:17+0000,SYK,STRYKER CORP,0000310764,4,2026-05-29,2026-05-28,0001775075-26-000004,https://www.sec.gov/Archives/edgar/data/310764/000177507526000004/wk-form4_1780088356.xml,nonDerivative,2026-05-28,S,Common Stock,258,308.785,79666.53000000001,10707,D,Fletcher Robert S,"Officer, VP, Chief Legal Officer",0,1,0,"VP, Chief Legal Officer",SEC EDGAR
SYK|0001775075-26-000004|nonDerivative|2026-05-28|Fletcher Robert S|S|Common Stock|125|310.22|D,2026-05-31 10:00:17+0000,SYK,STRYKER CORP,0000310764,4,2026-05-29,2026-05-28,0001775075-26-000004,https://www.sec.gov/Archives/edgar/data/310764/000177507526000004/wk-form4_1780088356.xml,nonDerivative,2026-05-28,S,Common Stock,125,310.22,38777.5,10582,D,Fletcher Robert S,"Officer, VP, Chief Legal Officer",0,1,0,"VP, Chief Legal Officer",SEC EDGAR
RCL|0001962960-26-000002|nonDerivative|2026-05-28|Yeung Rebecca|F|Common Stock|78|276.615|D,2026-05-31 10:00:17+0000,RCL,ROYAL CARIBBEAN CRUISES LTD,0000884887,4,2026-05-29,2026-05-28,0001962960-26-000002,https://www.sec.gov/Archives/edgar/data/884887/000196296026000002/wk-form4_1780088357.xml,nonDerivative,2026-05-28,F,Common Stock,78,276.615,21575.97,5625,D,Yeung Rebecca,Director,1,0,0,,SEC EDGAR
RCL|0001317345-26-000015|nonDerivative|2026-05-28|Wilhelmsen Arne Alexander|A|Common Stock|831|0|D,2026-05-31 10:00:17+0000,RCL,ROYAL CARIBBEAN CRUISES LTD,0000884887,4,2026-05-29,2026-05-28,0001317345-26-000015,https://www.sec.gov/Archives/edgar/data/884887/000131734526000015/wk-form4_1780088264.xml,nonDerivative,2026-05-28,A,Common Stock,831,0,0.0,8520,D,Wilhelmsen Arne Alexander,Director,1,0,0,,SEC EDGAR
RCL|0002112888-26-000009|nonDerivative|2026-05-28|Wiernicki Christopher J|F|Common Stock|93|276.615|D,2026-05-31 10:00:17+0000,RCL,ROYAL CARIBBEAN CRUISES LTD,0000884887,4,2026-05-29,2026-05-28,0002112888-26-000009,https://www.sec.gov/Archives/edgar/data/884887/000211288826000009/wk-form4_1780088174.xml,nonDerivative,2026-05-28,F,Common Stock,93,276.615,25725.195,351,D,Wiernicki Christopher J,Director,1,0,0,,SEC EDGAR
RCL|0002112888-26-000009|nonDerivative|2026-05-28|Wiernicki Christopher J|A|Common Stock|831|0|D,2026-05-31 10:00:17+0000,RCL,ROYAL CARIBBEAN CRUISES LTD,0000884887,4,2026-05-29,2026-05-28,0002112888-26-000009,https://www.sec.gov/Archives/edgar/data/884887/000211288826000009/wk-form4_1780088174.xml,nonDerivative,2026-05-28,A,Common Stock,831,0,0.0,1182,D,Wiernicki Christopher J,Director,1,0,0,,SEC EDGAR
RCL|0001374074-26-000008|nonDerivative|2026-05-28|Thompson Donald|F|Common Stock|78|276.615|D,2026-05-31 10:00:17+0000,RCL,ROYAL CARIBBEAN CRUISES LTD,0000884887,4,2026-05-29,2026-05-28,0001374074-26-000008,https://www.sec.gov/Archives/edgar/data/884887/000137407426000008/wk-form4_1780088065.xml,nonDerivative,2026-05-28,F,Common Stock,78,276.615,21575.97,39483,D,Thompson Donald,Director,1,0,0,,SEC EDGAR
RCL|0001374074-26-000008|nonDerivative|2026-05-28|Thompson Donald|A|Common Stock|831|0|D,2026-05-31 10:00:17+0000,RCL,ROYAL CARIBBEAN CRUISES LTD,0000884887,4,2026-05-29,2026-05-28,0001374074-26-000008,https://www.sec.gov/Archives/edgar/data/884887/000137407426000008/wk-form4_1780088065.xml,nonDerivative,2026-05-28,A,Common Stock,831,0,0.0,40314,D,Thompson Donald,Director,1,0,0,,SEC EDGAR
RCL|0001526945-26-000002|nonDerivative|2026-05-28|Sorensen Vagn O|A|Common Stock|831|0|D,2026-05-31 10:00:17+0000,RCL,ROYAL CARIBBEAN CRUISES LTD,0000884887,4,2026-05-29,2026-05-28,0001526945-26-000002,https://www.sec.gov/Archives/edgar/data/884887/000152694526000002/wk-form4_1780087940.xml,nonDerivative,2026-05-28,A,Common Stock,831,0,0.0,17238,D,Sorensen Vagn O,Director,1,0,0,,SEC EDGAR
RCL|0001317545-26-000002|nonDerivative|2026-05-28|Ofer Eyal|A|Common Stock|831|0|D,2026-05-31 10:00:17+0000,RCL,ROYAL CARIBBEAN CRUISES LTD,0000884887,4,2026-05-29,2026-05-28,0001317545-26-000002,https://www.sec.gov/Archives/edgar/data/884887/000131754526000002/wk-form4_1780087833.xml,nonDerivative,2026-05-28,A,Common Stock,831,0,0.0,43756,D,Ofer Eyal,Director,1,0,0,,SEC EDGAR
RCL|0001640081-26-000005|nonDerivative|2026-05-28|Montiel Maritza Gomez|F|Common Stock|78|276.615|D,2026-05-31 10:00:17+0000,RCL,ROYAL CARIBBEAN CRUISES LTD,0000884887,4,2026-05-29,2026-05-28,0001640081-26-000005,https://www.sec.gov/Archives/edgar/data/884887/000164008126000005/wk-form4_1780087628.xml,nonDerivative,2026-05-28,F,Common Stock,78,276.615,21575.97,12771,D,Montiel Maritza Gomez,Director,1,0,0,,SEC EDGAR
RCL|0001640081-26-000005|nonDerivative|2026-05-28|Montiel Maritza Gomez|A|Common Stock|831|0|D,2026-05-31 10:00:17+0000,RCL,ROYAL CARIBBEAN CRUISES LTD,0000884887,4,2026-05-29,2026-05-28,0001640081-26-000005,https://www.sec.gov/Archives/edgar/data/884887/000164008126000005/wk-form4_1780087628.xml,nonDerivative,2026-05-28,A,Common Stock,831,0,0.0,13602,D,Montiel Maritza Gomez,Director,1,0,0,,SEC EDGAR
RCL|0001464369-26-000002|nonDerivative|2026-05-28|McPherson Amy|F|Common Stock|408|276.615|D,2026-05-31 10:00:17+0000,RCL,ROYAL CARIBBEAN CRUISES LTD,0000884887,4,2026-05-29,2026-05-28,0001464369-26-000002,https://www.sec.gov/Archives/edgar/data/884887/000146436926000002/wk-form4_1780087504.xml,nonDerivative,2026-05-28,F,Common Stock,408,276.615,112858.92,10164,D,McPherson Amy,Director,1,0,0,,SEC EDGAR
RCL|0001464369-26-000002|nonDerivative|2026-05-28|McPherson Amy|A|Common Stock|831|0|D,2026-05-31 10:00:17+0000,RCL,ROYAL CARIBBEAN CRUISES LTD,0000884887,4,2026-05-29,2026-05-28,0001464369-26-000002,https://www.sec.gov/Archives/edgar/data/884887/000146436926000002/wk-form4_1780087504.xml,nonDerivative,2026-05-28,A,Common Stock,831,0,0.0,10995,D,McPherson Amy,Director,1,0,0,,SEC EDGAR
RCL|0001051394-26-000002|nonDerivative|2026-05-28|MOORE ANN S|F|Common Stock|78|276.615|D,2026-05-31 10:00:17+0000,RCL,ROYAL CARIBBEAN CRUISES LTD,0000884887,4,2026-05-29,2026-05-28,0001051394-26-000002,https://www.sec.gov/Archives/edgar/data/884887/000105139426000002/wk-form4_1780087723.xml,nonDerivative,2026-05-28,F,Common Stock,78,276.615,21575.97,28925,D,MOORE ANN S,Director,1,0,0,,SEC EDGAR
RCL|0001536118-26-000002|nonDerivative|2026-05-28|LEAVITT MICHAEL O|F|Common Stock|78|276.615|D,2026-05-31 10:00:17+0000,RCL,ROYAL CARIBBEAN CRUISES LTD,0000884887,4,2026-05-29,2026-05-28,0001536118-26-000002,https://www.sec.gov/Archives/edgar/data/884887/000153611826000002/wk-form4_1780087347.xml,nonDerivative,2026-05-28,F,Common Stock,78,276.615,21575.97,8102,D,LEAVITT MICHAEL O,Director,1,0,0,,SEC EDGAR
RCL|0001536118-26-000002|nonDerivative|2026-05-28|LEAVITT MICHAEL O|A|Common Stock|831|0|D,2026-05-31 10:00:17+0000,RCL,ROYAL CARIBBEAN CRUISES LTD,0000884887,4,2026-05-29,2026-05-28,0001536118-26-000002,https://www.sec.gov/Archives/edgar/data/884887/000153611826000002/wk-form4_1780087347.xml,nonDerivative,2026-05-28,A,Common Stock,831,0,0.0,8933,D,LEAVITT MICHAEL O,Director,1,0,0,,SEC EDGAR
RCL|0001760676-26-000002|nonDerivative|2026-05-28|Howe Stephen R. Jr.|F|Common Stock|78|276.615|D,2026-05-31 10:00:17+0000,RCL,ROYAL CARIBBEAN CRUISES LTD,0000884887,4,2026-05-29,2026-05-28,0001760676-26-000002,https://www.sec.gov/Archives/edgar/data/884887/000176067626000002/wk-form4_1780087208.xml,nonDerivative,2026-05-28,F,Common Stock,78,276.615,21575.97,14219,D,Howe Stephen R. Jr.,Director,1,0,0,,SEC EDGAR
RCL|0001760676-26-000002|nonDerivative|2026-05-28|Howe Stephen R. Jr.|A|Common Stock|831|0|D,2026-05-31 10:00:17+0000,RCL,ROYAL CARIBBEAN CRUISES LTD,0000884887,4,2026-05-29,2026-05-28,0001760676-26-000002,https://www.sec.gov/Archives/edgar/data/884887/000176067626000002/wk-form4_1780087208.xml,nonDerivative,2026-05-28,A,Common Stock,831,0,0.0,15050,D,Howe Stephen R. Jr.,Director,1,0,0,,SEC EDGAR
RCL|0001316987-26-000002|nonDerivative|2026-05-28|Fain Richard D|A|Common Stock|831|0|D,2026-05-31 10:00:17+0000,RCL,ROYAL CARIBBEAN CRUISES LTD,0000884887,4,2026-05-29,2026-05-28,0001316987-26-000002,https://www.sec.gov/Archives/edgar/data/884887/000131698726000002/wk-form4_1780087071.xml,nonDerivative,2026-05-28,A,Common Stock,831,0,0.0,151122,D,Fain Richard D,Director,1,0,0,,SEC EDGAR
RCL|0001309426-26-000002|nonDerivative|2026-05-28|Brock John|F|Common Stock|78|276.615|D,2026-05-31 10:00:17+0000,RCL,ROYAL CARIBBEAN CRUISES LTD,0000884887,4,2026-05-29,2026-05-28,0001309426-26-000002,https://www.sec.gov/Archives/edgar/data/884887/000130942626000002/wk-form4_1780086931.xml,nonDerivative,2026-05-28,F,Common Stock,78,276.615,21575.97,23957,D,Brock John,Director,1,0,0,,SEC EDGAR
RCL|0001309426-26-000002|nonDerivative|2026-05-28|Brock John|A|Common Stock|831|0|D,2026-05-31 10:00:17+0000,RCL,ROYAL CARIBBEAN CRUISES LTD,0000884887,4,2026-05-29,2026-05-28,0001309426-26-000002,https://www.sec.gov/Archives/edgar/data/884887/000130942626000002/wk-form4_1780086931.xml,nonDerivative,2026-05-28,A,Common Stock,831,0,0.0,24788,D,Brock John,Director,1,0,0,,SEC EDGAR
PYPL|0001656242-26-000002|derivative|2026-05-27|LORES ENRIQUE|A|Performance Stock Units 1|587168|0.0|D,2026-05-31 10:00:17+0000,PYPL,"PayPal Holdings, Inc.",0001633917,4,2026-05-29,2026-05-27,0001656242-26-000002,https://www.sec.gov/Archives/edgar/data/1633917/000165624226000002/edgardoc.xml,derivative,2026-05-27,A,Performance Stock Units 1,587168,0.0,0.0,587168,D,LORES ENRIQUE,"Director, Officer, President and CEO",1,1,0,President and CEO,SEC EDGAR
PLD|0001193125-26-248945|derivative|2026-05-29|Letter Daniel|M|LTIP Units|50000|0.01|D,2026-05-31 10:00:17+0000,PLD,"Prologis, Inc.",0001045609,4,2026-05-29,2026-05-29,0001193125-26-248945,https://www.sec.gov/Archives/edgar/data/1045609/000119312526248945/ownership.xml,derivative,2026-05-29,M,LTIP Units,50000,0.01,500.0,320064,D,Letter Daniel,Chief Executive Officer,true,true,false,Chief Executive Officer,SEC EDGAR
OTIS|0001140361-26-023348|derivative|2026-05-27|WALKER JOHN H|A|Deferred Stock Units|4805.683|71.79|D,2026-05-31 10:00:17+0000,OTIS,Otis Worldwide Corp,0001781335,4,2026-05-29,2026-05-27,0001140361-26-023348,https://www.sec.gov/Archives/edgar/data/1781335/000114036126023348/form4.xml,derivative,2026-05-27,A,Deferred Stock Units,4805.683,71.79,344999.98257000005,34456.943,D,WALKER JOHN H,,true,,,,SEC EDGAR
OTIS|0001140361-26-023349|derivative|2026-05-27|Stewart Shelley JR|A|Deferred Stock Units|2590.89|71.79|D,2026-05-31 10:00:17+0000,OTIS,Otis Worldwide Corp,0001781335,4,2026-05-29,2026-05-27,0001140361-26-023349,https://www.sec.gov/Archives/edgar/data/1781335/000114036126023349/form4.xml,derivative,2026-05-27,A,Deferred Stock Units,2590.89,71.79,185999.99310000002,18600.568,D,Stewart Shelley JR,,true,,,,SEC EDGAR
OTIS|0001781335-26-000104|derivative|2026-05-27|PRESTON MARGARET M V|A|Deferred Stock Units|4596.740|71.79|D,2026-05-31 10:00:17+0000,OTIS,Otis Worldwide Corp,0001781335,4,2026-05-29,2026-05-27,0001781335-26-000104,https://www.sec.gov/Archives/edgar/data/1781335/000178133526000104/form4.xml,derivative,2026-05-27,A,Deferred Stock Units,4596.740,71.79,329999.9646,25777.476,D,PRESTON MARGARET M V,Director,1,0,0,,SEC EDGAR
OTIS|0001140361-26-023350|derivative|2026-05-27|KEARNEY CHRISTOPHER J|A|Deferred Stock Units|2590.89|71.79|D,2026-05-31 10:00:17+0000,OTIS,Otis Worldwide Corp,0001781335,4,2026-05-29,2026-05-27,0001140361-26-023350,https://www.sec.gov/Archives/edgar/data/1781335/000114036126023350/form4.xml,derivative,2026-05-27,A,Deferred Stock Units,2590.89,71.79,185999.99310000002,19544.49,D,KEARNEY CHRISTOPHER J,,true,,,,SEC EDGAR
OTIS|0001781335-26-000101|derivative|2026-05-27|Hannan Kathy Hopinkah|A|Deferred Stock Units|2758.044|71.79|D,2026-05-31 10:00:17+0000,OTIS,Otis Worldwide Corp,0001781335,4,2026-05-29,2026-05-27,0001781335-26-000101,https://www.sec.gov/Archives/edgar/data/1781335/000178133526000101/form4.xml,derivative,2026-05-27,A,Deferred Stock Units,2758.044,71.79,197999.97876,18957.977,D,Hannan Kathy Hopinkah,Director,1,0,0,,SEC EDGAR
OTIS|0001781335-26-000100|derivative|2026-05-27|Connors Nelda J|A|Deferred Stock Units|2716.256|71.79|D,2026-05-31 10:00:17+0000,OTIS,Otis Worldwide Corp,0001781335,4,2026-05-29,2026-05-27,0001781335-26-000100,https://www.sec.gov/Archives/edgar/data/1781335/000178133526000100/form4.xml,derivative,2026-05-27,A,Deferred Stock Units,2716.256,71.79,195000.01824,14414.097,D,Connors Nelda J,Director,1,0,0,,SEC EDGAR
OTIS|0001781335-26-000099|derivative|2026-05-27|Brannon Jill|A|Deferred Stock Units|4527.093|71.79|D,2026-05-31 10:00:17+0000,OTIS,Otis Worldwide Corp,0001781335,4,2026-05-29,2026-05-27,0001781335-26-000099,https://www.sec.gov/Archives/edgar/data/1781335/000178133526000099/form4.xml,derivative,2026-05-27,A,Deferred Stock Units,4527.093,71.79,325000.00647,13623.770,D,Brannon Jill,Director,1,0,0,,SEC EDGAR
OTIS|0001781335-26-000097|derivative|2026-05-27|Black Jeffrey Harry|A|Deferred Stock Units|2799.833|71.79|D,2026-05-31 10:00:17+0000,OTIS,Otis Worldwide Corp,0001781335,4,2026-05-29,2026-05-27,0001781335-26-000097,https://www.sec.gov/Archives/edgar/data/1781335/000178133526000097/form4.xml,derivative,2026-05-27,A,Deferred Stock Units,2799.833,71.79,201000.01107000004,19498.225,D,Black Jeffrey Harry,Director,1,0,0,,SEC EDGAR
OTIS|0001140361-26-023351|derivative|2026-05-27|Bartlett Thomas A|A|Deferred Stock Units|2716.256|71.79|D,2026-05-31 10:00:17+0000,OTIS,Otis Worldwide Corp,0001781335,4,2026-05-29,2026-05-27,0001140361-26-023351,https://www.sec.gov/Archives/edgar/data/1781335/000114036126023351/form4.xml,derivative,2026-05-27,A,Deferred Stock Units,2716.256,71.79,195000.01824,8174.262,D,Bartlett Thomas A,,true,,,,SEC EDGAR
"NVR|0000906163-26-000081|nonDerivative|2026-05-29|Ross Susan Williamson|M|NVR, Inc. common stock|238|1700|D",2026-05-31 10:00:17+0000,NVR,NVR INC,0000906163,4,2026-05-29,2026-05-29,0000906163-26-000081,https://www.sec.gov/Archives/edgar/data/906163/000090616326000081/wk-form4_1780076849.xml,nonDerivative,2026-05-29,M,"NVR, Inc. common stock",238,1700,404600.0,624,D,Ross Susan Williamson,Director,1,0,0,,SEC EDGAR
NVR|0000906163-26-000081|derivative|2026-05-29|Ross Susan Williamson|M|Stock option (right to buy)|238|0|D,2026-05-31 10:00:17+0000,NVR,NVR INC,0000906163,4,2026-05-29,2026-05-29,0000906163-26-000081,https://www.sec.gov/Archives/edgar/data/906163/000090616326000081/wk-form4_1780076849.xml,derivative,2026-05-29,M,Stock option (right to buy),238,0,0.0,0,D,Ross Susan Williamson,Director,1,0,0,,SEC EDGAR
NVDA|0001818224-26-000004|nonDerivative|2026-05-27|Dabiri John|S|Common|625|214|D,2026-05-31 10:00:17+0000,NVDA,NVIDIA CORP,0001045810,4,2026-05-29,2026-05-27,0001818224-26-000004,https://www.sec.gov/Archives/edgar/data/1045810/000181822426000004/wk-form4_1780087807.xml,nonDerivative,2026-05-27,S,Common,625,214,133750.0,14163,D,Dabiri John,Director,1,0,0,,SEC EDGAR
MRNA|0001682852-26-000109|nonDerivative|2026-05-27|Mock James M|M|Common Stock|773||D,2026-05-31 10:00:17+0000,MRNA,"Moderna, Inc.",0001682852,4,2026-05-29,2026-05-27,0001682852-26-000109,https://www.sec.gov/Archives/edgar/data/1682852/000168285226000109/form4.xml,nonDerivative,2026-05-27,M,Common Stock,773,,,58521,D,Mock James M,"Officer, Chief Financial Officer",,1,,Chief Financial Officer,SEC EDGAR
MRNA|0001682852-26-000109|nonDerivative|2026-05-27|Mock James M|F|Common Stock|374|47.03|D,2026-05-31 10:00:17+0000,MRNA,"Moderna, Inc.",0001682852,4,2026-05-29,2026-05-27,0001682852-26-000109,https://www.sec.gov/Archives/edgar/data/1682852/000168285226000109/form4.xml,nonDerivative,2026-05-27,F,Common Stock,374,47.03,17589.22,58147,D,Mock James M,"Officer, Chief Financial Officer",,1,,Chief Financial Officer,SEC EDGAR
MRNA|0001682852-26-000109|nonDerivative|2026-05-28|Mock James M|M|Common Stock|328||D,2026-05-31 10:00:17+0000,MRNA,"Moderna, Inc.",0001682852,4,2026-05-29,2026-05-27,0001682852-26-000109,https://www.sec.gov/Archives/edgar/data/1682852/000168285226000109/form4.xml,nonDerivative,2026-05-28,M,Common Stock,328,,,58475,D,Mock James M,"Officer, Chief Financial Officer",,1,,Chief Financial Officer,SEC EDGAR
MRNA|0001682852-26-000109|nonDerivative|2026-05-28|Mock James M|F|Common Stock|159|47.61|D,2026-05-31 10:00:17+0000,MRNA,"Moderna, Inc.",0001682852,4,2026-05-29,2026-05-27,0001682852-26-000109,https://www.sec.gov/Archives/edgar/data/1682852/000168285226000109/form4.xml,nonDerivative,2026-05-28,F,Common Stock,159,47.61,7569.99,58316,D,Mock James M,"Officer, Chief Financial Officer",,1,,Chief Financial Officer,SEC EDGAR
MRNA|0001682852-26-000109|derivative|2026-05-27|Mock James M|M|Restricted Stock Units|773|0|D,2026-05-31 10:00:17+0000,MRNA,"Moderna, Inc.",0001682852,4,2026-05-29,2026-05-27,0001682852-26-000109,https://www.sec.gov/Archives/edgar/data/1682852/000168285226000109/form4.xml,derivative,2026-05-27,M,Restricted Stock Units,773,0,0.0,5416,D,Mock James M,"Officer, Chief Financial Officer",,1,,Chief Financial Officer,SEC EDGAR
MRNA|0001682852-26-000109|derivative|2026-05-28|Mock James M|M|Restricted Stock Units|328|0|D,2026-05-31 10:00:17+0000,MRNA,"Moderna, Inc.",0001682852,4,2026-05-29,2026-05-27,0001682852-26-000109,https://www.sec.gov/Archives/edgar/data/1682852/000168285226000109/form4.xml,derivative,2026-05-28,M,Restricted Stock Units,328,0,0.0,987,D,Mock James M,"Officer, Chief Financial Officer",,1,,Chief Financial Officer,SEC EDGAR
MRNA|0001682852-26-000107|nonDerivative|2026-05-27|Klinger Shannon Thyme|M|Common Stock|773||D,2026-05-31 10:00:17+0000,MRNA,"Moderna, Inc.",0001682852,4,2026-05-29,2026-05-27,0001682852-26-000107,https://www.sec.gov/Archives/edgar/data/1682852/000168285226000107/form4.xml,nonDerivative,2026-05-27,M,Common Stock,773,,,66555,D,Klinger Shannon Thyme,"Officer, Chief Legal Officer",,1,,Chief Legal Officer,SEC EDGAR
MRNA|0001682852-26-000107|nonDerivative|2026-05-27|Klinger Shannon Thyme|F|Common Stock|374|47.03|D,2026-05-31 10:00:17+0000,MRNA,"Moderna, Inc.",0001682852,4,2026-05-29,2026-05-27,0001682852-26-000107,https://www.sec.gov/Archives/edgar/data/1682852/000168285226000107/form4.xml,nonDerivative,2026-05-27,F,Common Stock,374,47.03,17589.22,66181,D,Klinger Shannon Thyme,"Officer, Chief Legal Officer",,1,,Chief Legal Officer,SEC EDGAR
MRNA|0001682852-26-000107|nonDerivative|2026-05-28|Klinger Shannon Thyme|M|Common Stock|328||D,2026-05-31 10:00:17+0000,MRNA,"Moderna, Inc.",0001682852,4,2026-05-29,2026-05-27,0001682852-26-000107,https://www.sec.gov/Archives/edgar/data/1682852/000168285226000107/form4.xml,nonDerivative,2026-05-28,M,Common Stock,328,,,66509,D,Klinger Shannon Thyme,"Officer, Chief Legal Officer",,1,,Chief Legal Officer,SEC EDGAR
MRNA|0001682852-26-000107|nonDerivative|2026-05-28|Klinger Shannon Thyme|F|Common Stock|159|47.61|D,2026-05-31 10:00:17+0000,MRNA,"Moderna, Inc.",0001682852,4,2026-05-29,2026-05-27,0001682852-26-000107,https://www.sec.gov/Archives/edgar/data/1682852/000168285226000107/form4.xml,nonDerivative,2026-05-28,F,Common Stock,159,47.61,7569.99,66350,D,Klinger Shannon Thyme,"Officer, Chief Legal Officer",,1,,Chief Legal Officer,SEC EDGAR
MRNA|0001682852-26-000107|derivative|2026-05-27|Klinger Shannon Thyme|M|Restricted Stock Units|773|0|D,2026-05-31 10:00:17+0000,MRNA,"Moderna, Inc.",0001682852,4,2026-05-29,2026-05-27,0001682852-26-000107,https://www.sec.gov/Archives/edgar/data/1682852/000168285226000107/form4.xml,derivative,2026-05-27,M,Restricted Stock Units,773,0,0.0,5416,D,Klinger Shannon Thyme,"Officer, Chief Legal Officer",,1,,Chief Legal Officer,SEC EDGAR
MRNA|0001682852-26-000107|derivative|2026-05-28|Klinger Shannon Thyme|M|Restricted Stock Units|328|0|D,2026-05-31 10:00:17+0000,MRNA,"Moderna, Inc.",0001682852,4,2026-05-29,2026-05-27,0001682852-26-000107,https://www.sec.gov/Archives/edgar/data/1682852/000168285226000107/form4.xml,derivative,2026-05-28,M,Restricted Stock Units,328,0,0.0,987,D,Klinger Shannon Thyme,"Officer, Chief Legal Officer",,1,,Chief Legal Officer,SEC EDGAR
MRNA|0001682852-26-000105|nonDerivative|2026-05-27|Hoge Stephen|M|Common Stock|1437||D,2026-05-31 10:00:17+0000,MRNA,"Moderna, Inc.",0001682852,4,2026-05-29,2026-05-27,0001682852-26-000105,https://www.sec.gov/Archives/edgar/data/1682852/000168285226000105/form4.xml,nonDerivative,2026-05-27,M,Common Stock,1437,,,1479434,D,Hoge Stephen,"Officer, President",,1,,President,SEC EDGAR
MRNA|0001682852-26-000105|nonDerivative|2026-05-27|Hoge Stephen|F|Common Stock|695|47.03|D,2026-05-31 10:00:17+0000,MRNA,"Moderna, Inc.",0001682852,4,2026-05-29,2026-05-27,0001682852-26-000105,https://www.sec.gov/Archives/edgar/data/1682852/000168285226000105/form4.xml,nonDerivative,2026-05-27,F,Common Stock,695,47.03,32685.850000000002,1478739,D,Hoge Stephen,"Officer, President",,1,,President,SEC EDGAR
MRNA|0001682852-26-000105|nonDerivative|2026-05-28|Hoge Stephen|M|Common Stock|610||D,2026-05-31 10:00:17+0000,MRNA,"Moderna, Inc.",0001682852,4,2026-05-29,2026-05-27,0001682852-26-000105,https://www.sec.gov/Archives/edgar/data/1682852/000168285226000105/form4.xml,nonDerivative,2026-05-28,M,Common Stock,610,,,1479349,D,Hoge Stephen,"Officer, President",,1,,President,SEC EDGAR
MRNA|0001682852-26-000105|nonDerivative|2026-05-28|Hoge Stephen|F|Common Stock|295|47.61|D,2026-05-31 10:00:17+0000,MRNA,"Moderna, Inc.",0001682852,4,2026-05-29,2026-05-27,0001682852-26-000105,https://www.sec.gov/Archives/edgar/data/1682852/000168285226000105/form4.xml,nonDerivative,2026-05-28,F,Common Stock,295,47.61,14044.95,1479054,D,Hoge Stephen,"Officer, President",,1,,President,SEC EDGAR
MRNA|0001682852-26-000105|derivative|2026-05-27|Hoge Stephen|M|Restricted Stock Units|1437|0|D,2026-05-31 10:00:17+0000,MRNA,"Moderna, Inc.",0001682852,4,2026-05-29,2026-05-27,0001682852-26-000105,https://www.sec.gov/Archives/edgar/data/1682852/000168285226000105/form4.xml,derivative,2026-05-27,M,Restricted Stock Units,1437,0,0.0,10058,D,Hoge Stephen,"Officer, President",,1,,President,SEC EDGAR
MRNA|0001682852-26-000105|derivative|2026-05-28|Hoge Stephen|M|Restricted Stock Units|610|0|D,2026-05-31 10:00:17+0000,MRNA,"Moderna, Inc.",0001682852,4,2026-05-29,2026-05-27,0001682852-26-000105,https://www.sec.gov/Archives/edgar/data/1682852/000168285226000105/form4.xml,derivative,2026-05-28,M,Restricted Stock Units,610,0,0.0,1832,D,Hoge Stephen,"Officer, President",,1,,President,SEC EDGAR
MPWR|0001214659-26-006933|nonDerivative|2026-05-27|Tseng Saria|S|Common Stock|7565|1700|D,2026-05-31 10:00:17+0000,MPWR,MONOLITHIC POWER SYSTEMS INC,0001280452,4,2026-05-29,2026-05-27,0001214659-26-006933,https://www.sec.gov/Archives/edgar/data/1280452/000121465926006933/marketforms-73294.xml,nonDerivative,2026-05-27,S,Common Stock,7565,1700,12860500.0,144218,D,Tseng Saria,EVP & General Counsel,false,true,false,EVP & General Counsel,SEC EDGAR
META|0000950103-26-008089|nonDerivative|2026-05-27|Mahoney Curtis J.|S|Class A Common Stock|2079|609.92|D,2026-05-31 10:00:17+0000,META,"Meta Platforms, Inc.",0001326801,4,2026-05-29,2026-05-27,0000950103-26-008089,https://www.sec.gov/Archives/edgar/data/1326801/000095010326008089/ownership.xml,nonDerivative,2026-05-27,S,Class A Common Stock,2079,609.92,1268023.68,1118,D,Mahoney Curtis J.,"Officer, Chief Legal Officer",0,1,0,Chief Legal Officer,SEC EDGAR
MCHP|0000933690-26-000004|nonDerivative|2026-05-28|CHAPMAN MATTHEW W|S|Common Stock|3000|97.5152|D,2026-05-31 10:00:17+0000,MCHP,MICROCHIP TECHNOLOGY INC,0000827054,4,2026-05-29,2026-05-28,0000933690-26-000004,https://www.sec.gov/Archives/edgar/data/827054/000093369026000004/wk-form4_1780085367.xml,nonDerivative,2026-05-28,S,Common Stock,3000,97.5152,292545.6,17665,D,CHAPMAN MATTHEW W,Director,1,0,0,,SEC EDGAR
"LII|0001069202-26-000080|nonDerivative|2026-05-28|NORRIS JOHN W III|G|Common Stock, Par Value $0.01 Per Share|990|0|D",2026-05-31 10:00:17+0000,LII,LENNOX INTERNATIONAL INC,0001069202,4,2026-05-29,2026-05-28,0001069202-26-000080,https://www.sec.gov/Archives/edgar/data/1069202/000106920226000080/wk-form4_1780078680.xml,nonDerivative,2026-05-28,G,"Common Stock, Par Value $0.01 Per Share",990,0,0.0,177930,D,NORRIS JOHN W III,Director,1,0,0,,SEC EDGAR
HII|0001920500-26-000010|nonDerivative|2026-05-28|Hughes Edmond E. Jr.|S|Common Stock|3500|319.581|D,2026-05-31 10:00:17+0000,HII,"HUNTINGTON INGALLS INDUSTRIES, INC.",0001501585,4,2026-05-29,2026-05-28,0001920500-26-000010,https://www.sec.gov/Archives/edgar/data/1501585/000192050026000010/wk-form4_1780086976.xml,nonDerivative,2026-05-28,S,Common Stock,3500,319.581,1118533.5,8391.135,D,Hughes Edmond E. Jr.,"Officer, Ex VP & Chief HR Officer",0,1,0,Ex VP & Chief HR Officer,SEC EDGAR
HIG|0001225208-26-005642|nonDerivative|2026-05-27|TOOKER ADIN M|M|Common Stock|8895.0000|49.0100|D,2026-05-31 10:00:17+0000,HIG,"HARTFORD INSURANCE GROUP, INC.",0000874766,4,2026-05-29,2026-05-27,0001225208-26-005642,https://www.sec.gov/Archives/edgar/data/874766/000122520826005642/doc4.xml,nonDerivative,2026-05-27,M,Common Stock,8895.0000,49.0100,435943.94999999995,47103.2700,D,TOOKER ADIN M,"Officer, President",,1,,President,SEC EDGAR
HIG|0001225208-26-005642|nonDerivative|2026-05-27|TOOKER ADIN M|S|Common Stock|8895.0000|135.1300|D,2026-05-31 10:00:17+0000,HIG,"HARTFORD INSURANCE GROUP, INC.",0000874766,4,2026-05-29,2026-05-27,0001225208-26-005642,https://www.sec.gov/Archives/edgar/data/874766/000122520826005642/doc4.xml,nonDerivative,2026-05-27,S,Common Stock,8895.0000,135.1300,1201981.3499999999,38208.2700,D,TOOKER ADIN M,"Officer, President",,1,,President,SEC EDGAR
HIG|0001225208-26-005642|derivative|2026-05-27|TOOKER ADIN M|M|Stock Option|8895.0000|0.0000|D,2026-05-31 10:00:17+0000,HIG,"HARTFORD INSURANCE GROUP, INC.",0000874766,4,2026-05-29,2026-05-27,0001225208-26-005642,https://www.sec.gov/Archives/edgar/data/874766/000122520826005642/doc4.xml,derivative,2026-05-27,M,Stock Option,8895.0000,0.0000,0.0,17792.0000,D,TOOKER ADIN M,"Officer, President",,1,,President,SEC EDGAR
HD|0000354950-26-000132|derivative|2026-05-28|Rowe Michael F.|J|Phantom Stock Units|714.1204||D,2026-05-31 10:00:17+0000,HD,"HOME DEPOT, INC.",0000354950,4,2026-05-29,2026-05-28,0000354950-26-000132,https://www.sec.gov/Archives/edgar/data/354950/000035495026000132/wk-form4_1780086062.xml,derivative,2026-05-28,J,Phantom Stock Units,714.1204,,,0,D,Rowe Michael F.,"Officer, EVP, Pro",0,1,0,"EVP, Pro",SEC EDGAR
GL|0000320335-26-000182|nonDerivative|2026-05-27|MITCHELL ROBERT BRIAN|G|Common Stock|320|0|I,2026-05-31 10:00:17+0000,GL,GLOBE LIFE INC.,0000320335,4,2026-05-29,2026-05-27,0000320335-26-000182,https://www.sec.gov/Archives/edgar/data/320335/000032033526000182/form4.xml,nonDerivative,2026-05-27,G,Common Stock,320,0,0.0,45219.3294,I,MITCHELL ROBERT BRIAN,"Officer, EVP, General Counsel and CRO",0,1,0,"EVP, General Counsel and CRO",SEC EDGAR
GL|0000320335-26-000182|nonDerivative|2026-05-29|MITCHELL ROBERT BRIAN|S|Common Stock|500|155.5549|I,2026-05-31 10:00:17+0000,GL,GLOBE LIFE INC.,0000320335,4,2026-05-29,2026-05-27,0000320335-26-000182,https://www.sec.gov/Archives/edgar/data/320335/000032033526000182/form4.xml,nonDerivative,2026-05-29,S,Common Stock,500,155.5549,77777.45,44719.3294,I,MITCHELL ROBERT BRIAN,"Officer, EVP, General Counsel and CRO",0,1,0,"EVP, General Counsel and CRO",SEC EDGAR
GL|0000320335-26-000182|nonDerivative|2026-05-29|MITCHELL ROBERT BRIAN|S|Common Stock|100|155.5651|I,2026-05-31 10:00:17+0000,GL,GLOBE LIFE INC.,0000320335,4,2026-05-29,2026-05-27,0000320335-26-000182,https://www.sec.gov/Archives/edgar/data/320335/000032033526000182/form4.xml,nonDerivative,2026-05-29,S,Common Stock,100,155.5651,15556.51,44619.3294,I,MITCHELL ROBERT BRIAN,"Officer, EVP, General Counsel and CRO",0,1,0,"EVP, General Counsel and CRO",SEC EDGAR
EW|0001225208-26-005647|nonDerivative|2026-05-29|Dahl Andrew M.|S|Common Stock|567.5266|86.0800|D,2026-05-31 10:00:17+0000,EW,Edwards Lifesciences Corp,0001099800,4,2026-05-29,2026-05-29,0001225208-26-005647,https://www.sec.gov/Archives/edgar/data/1099800/000122520826005647/doc4.xml,nonDerivative,2026-05-29,S,Common Stock,567.5266,86.0800,48852.689728000005,15334.0948,D,Dahl Andrew M.,"Officer, SVP, Corporate Controller",,1,,"SVP, Corporate Controller",SEC EDGAR
ESS|0001752521-26-000004|nonDerivative|2026-05-27|Kasaris Mary|S|Common Stock|600|279.45|D,2026-05-31 10:00:17+0000,ESS,"ESSEX PROPERTY TRUST, INC.",0000920522,4,2026-05-29,2026-05-27,0001752521-26-000004,https://www.sec.gov/Archives/edgar/data/920522/000175252126000004/wk-form4_1780085380.xml,nonDerivative,2026-05-27,S,Common Stock,600,279.45,167670.0,2394,D,Kasaris Mary,Director,1,0,0,,SEC EDGAR
EOG|0000821189-26-000129|nonDerivative|2026-05-27|Kerr Michael T.|A|Common Stock|56.694|134.30|D,2026-05-31 10:00:17+0000,EOG,EOG RESOURCES INC,0000821189,4,2026-05-29,2026-05-27,0000821189-26-000129,https://www.sec.gov/Archives/edgar/data/821189/000082118926000129/form4.xml,nonDerivative,2026-05-27,A,Common Stock,56.694,134.30,7614.004200000001,22930.659,D,Kerr Michael T.,Director,1,,,,SEC EDGAR
EOG|0000821189-26-000127|nonDerivative|2026-05-27|Dugle Lynn A|A|Common Stock|56.694|134.30|D,2026-05-31 10:00:17+0000,EOG,EOG RESOURCES INC,0000821189,4,2026-05-29,2026-05-27,0000821189-26-000127,https://www.sec.gov/Archives/edgar/data/821189/000082118926000127/form4.xml,nonDerivative,2026-05-27,A,Common Stock,56.694,134.30,7614.004200000001,7653.987,D,Dugle Lynn A,Director,1,,,,SEC EDGAR
EOG|0000821189-26-000131|nonDerivative|2026-05-27|DANIELS  ROBERT P|A|Common Stock|56.694|134.30|D,2026-05-31 10:00:17+0000,EOG,EOG RESOURCES INC,0000821189,4,2026-05-29,2026-05-27,0000821189-26-000131,https://www.sec.gov/Archives/edgar/data/821189/000082118926000131/form4.xml,nonDerivative,2026-05-27,A,Common Stock,56.694,134.30,7614.004200000001,34752.178,D,DANIELS  ROBERT P,Director,1,,,,SEC EDGAR
EA|0000712515-26-000100|nonDerivative|2026-05-28|Kelly Eric Charles|S|Common Stock|3000|200.8319|D,2026-05-31 10:00:17+0000,EA,ELECTRONIC ARTS INC.,0000712515,4,2026-05-29,2026-05-28,0000712515-26-000100,https://www.sec.gov/Archives/edgar/data/712515/000071251526000100/form4.xml,nonDerivative,2026-05-28,S,Common Stock,3000,200.8319,602495.7,8739,D,Kelly Eric Charles,"Officer, Chief Accounting Officer",,1,,Chief Accounting Officer,SEC EDGAR
DG|0000029534-26-000070|nonDerivative|2026-05-28|Scarlett Kathleen|A|Common Stock|1647|0|D,2026-05-31 10:00:17+0000,DG,DOLLAR GENERAL CORP,0000029534,4,2026-05-29,2026-05-28,0000029534-26-000070,https://www.sec.gov/Archives/edgar/data/29534/000002953426000070/form4.xml,nonDerivative,2026-05-28,A,Common Stock,1647,0,0.0,5354.3258,D,Scarlett Kathleen,Director,1,0,0,,SEC EDGAR
DG|0000029534-26-000070|nonDerivative|2026-05-28|Scarlett Kathleen|D|Common Stock|.3258|109.90|D,2026-05-31 10:00:17+0000,DG,DOLLAR GENERAL CORP,0000029534,4,2026-05-29,2026-05-28,0000029534-26-000070,https://www.sec.gov/Archives/edgar/data/29534/000002953426000070/form4.xml,nonDerivative,2026-05-28,D,Common Stock,.3258,109.90,35.80542,5354,D,Scarlett Kathleen,Director,1,0,0,,SEC EDGAR
DG|0000029534-26-000066|nonDerivative|2026-05-28|Sandler Debra A.|A|Common Stock|1647|0|D,2026-05-31 10:00:17+0000,DG,DOLLAR GENERAL CORP,0000029534,4,2026-05-29,2026-05-28,0000029534-26-000066,https://www.sec.gov/Archives/edgar/data/29534/000002953426000066/form4.xml,nonDerivative,2026-05-28,A,Common Stock,1647,0,0.0,8621.8878,D,Sandler Debra A.,Director,1,0,0,,SEC EDGAR
DG|0000029534-26-000066|nonDerivative|2026-05-28|Sandler Debra A.|D|Common Stock|.3258|109.90|D,2026-05-31 10:00:17+0000,DG,DOLLAR GENERAL CORP,0000029534,4,2026-05-29,2026-05-28,0000029534-26-000066,https://www.sec.gov/Archives/edgar/data/29534/000002953426000066/form4.xml,nonDerivative,2026-05-28,D,Common Stock,.3258,109.90,35.80542,8621.562,D,Sandler Debra A.,Director,1,0,0,,SEC EDGAR
DG|0000029534-26-000068|nonDerivative|2026-05-28|SANTANA RALPH E|A|Common Stock|1647|0|D,2026-05-31 10:00:17+0000,DG,DOLLAR GENERAL CORP,0000029534,4,2026-05-29,2026-05-28,0000029534-26-000068,https://www.sec.gov/Archives/edgar/data/29534/000002953426000068/form4.xml,nonDerivative,2026-05-28,A,Common Stock,1647,0,0.0,8358.3258,D,SANTANA RALPH E,Director,1,0,0,,SEC EDGAR
DG|0000029534-26-000068|nonDerivative|2026-05-28|SANTANA RALPH E|D|Common Stock|.3258|109.90|D,2026-05-31 10:00:17+0000,DG,DOLLAR GENERAL CORP,0000029534,4,2026-05-29,2026-05-28,0000029534-26-000068,https://www.sec.gov/Archives/edgar/data/29534/000002953426000068/form4.xml,nonDerivative,2026-05-28,D,Common Stock,.3258,109.90,35.80542,8358,D,SANTANA RALPH E,Director,1,0,0,,SEC EDGAR
DG|0000029534-26-000064|nonDerivative|2026-05-28|ROWLAND DAVID P|A|Common Stock|1647|0|D,2026-05-31 10:00:17+0000,DG,DOLLAR GENERAL CORP,0000029534,4,2026-05-29,2026-05-28,0000029534-26-000064,https://www.sec.gov/Archives/edgar/data/29534/000002953426000064/form4.xml,nonDerivative,2026-05-28,A,Common Stock,1647,0,0.0,7847.6798,D,ROWLAND DAVID P,Director,1,0,0,,SEC EDGAR
DG|0000029534-26-000062|nonDerivative|2026-05-28|McGuire Timothy I|A|Common Stock|1647|0|D,2026-05-31 10:00:17+0000,DG,DOLLAR GENERAL CORP,0000029534,4,2026-05-29,2026-05-28,0000029534-26-000062,https://www.sec.gov/Archives/edgar/data/29534/000002953426000062/form4.xml,nonDerivative,2026-05-28,A,Common Stock,1647,0,0.0,17100.3258,D,McGuire Timothy I,Director,1,0,0,,SEC EDGAR
DG|0000029534-26-000062|nonDerivative|2026-05-28|McGuire Timothy I|D|Common Stock|.3258|109.90|D,2026-05-31 10:00:17+0000,DG,DOLLAR GENERAL CORP,0000029534,4,2026-05-29,2026-05-28,0000029534-26-000062,https://www.sec.gov/Archives/edgar/data/29534/000002953426000062/form4.xml,nonDerivative,2026-05-28,D,Common Stock,.3258,109.90,35.80542,17100,D,McGuire Timothy I,Director,1,0,0,,SEC EDGAR
DG|0000029534-26-000060|nonDerivative|2026-05-28|Chadwick Ana Maria|A|Common Stock|1647|0|D,2026-05-31 10:00:17+0000,DG,DOLLAR GENERAL CORP,0000029534,4,2026-05-29,2026-05-28,0000029534-26-000060,https://www.sec.gov/Archives/edgar/data/29534/000002953426000060/form4.xml,nonDerivative,2026-05-28,A,Common Stock,1647,0,0.0,6910.7062,D,Chadwick Ana Maria,Director,1,0,0,,SEC EDGAR
DG|0000029534-26-000060|nonDerivative|2026-05-28|Chadwick Ana Maria|D|Common Stock|.3258|109.90|D,2026-05-31 10:00:17+0000,DG,DOLLAR GENERAL CORP,0000029534,4,2026-05-29,2026-05-28,0000029534-26-000060,https://www.sec.gov/Archives/edgar/data/29534/000002953426000060/form4.xml,nonDerivative,2026-05-28,D,Common Stock,.3258,109.90,35.80542,6910.3804,D,Chadwick Ana Maria,Director,1,0,0,,SEC EDGAR
DG|0000029534-26-000058|nonDerivative|2026-05-28|CALBERT MICHAEL M|A|Common Stock|1647|0|D,2026-05-31 10:00:17+0000,DG,DOLLAR GENERAL CORP,0000029534,4,2026-05-29,2026-05-28,0000029534-26-000058,https://www.sec.gov/Archives/edgar/data/29534/000002953426000058/form4.xml,nonDerivative,2026-05-28,A,Common Stock,1647,0,0.0,127852.3626,D,CALBERT MICHAEL M,Director,1,0,0,,SEC EDGAR
DG|0000029534-26-000056|nonDerivative|2026-05-28|BRYANT WARREN F|D|Common Stock|1.2851|109.90|D,2026-05-31 10:00:17+0000,DG,DOLLAR GENERAL CORP,0000029534,4,2026-05-29,2026-05-28,0000029534-26-000056,https://www.sec.gov/Archives/edgar/data/29534/000002953426000056/form4.xml,nonDerivative,2026-05-28,D,Common Stock,1.2851,109.90,141.23248999999998,44265,D,BRYANT WARREN F,Director,1,0,0,,SEC EDGAR
CVX|0000093410-26-000143|nonDerivative|2026-05-27|WARNER CYNTHIA J|A|Common Stock|1272|0|D,2026-05-31 10:00:17+0000,CVX,CHEVRON CORP,0000093410,4,2026-05-29,2026-05-27,0000093410-26-000143,https://www.sec.gov/Archives/edgar/data/93410/000009341026000143/form4.xml,nonDerivative,2026-05-27,A,Common Stock,1272,0,0.0,7837,D,WARNER CYNTHIA J,Director,1,,,,SEC EDGAR
CVX|0000093410-26-000141|nonDerivative|2026-05-27|Umpleby III Donald J|A|Common Stock|1272|0|D,2026-05-31 10:00:17+0000,CVX,CHEVRON CORP,0000093410,4,2026-05-29,2026-05-27,0000093410-26-000141,https://www.sec.gov/Archives/edgar/data/93410/000009341026000141/form4.xml,nonDerivative,2026-05-27,A,Common Stock,1272,0,0.0,3031,D,Umpleby III Donald J,Director,1,,,,SEC EDGAR
CVX|0000093410-26-000146|nonDerivative|2026-05-27|REED DEBRA L|A|Common Stock|1272|0|D,2026-05-31 10:00:17+0000,CVX,CHEVRON CORP,0000093410,4,2026-05-29,2026-05-27,0000093410-26-000146,https://www.sec.gov/Archives/edgar/data/93410/000009341026000146/form4.xml,nonDerivative,2026-05-27,A,Common Stock,1272,0,0.0,17420,D,REED DEBRA L,Director,1,,,,SEC EDGAR
CVX|0000093410-26-000139|nonDerivative|2026-05-27|Moyo Dambisa F|A|Common Stock|1272|0|D,2026-05-31 10:00:17+0000,CVX,CHEVRON CORP,0000093410,4,2026-05-29,2026-05-27,0000093410-26-000139,https://www.sec.gov/Archives/edgar/data/93410/000009341026000139/form4.xml,nonDerivative,2026-05-27,A,Common Stock,1272,0,0.0,14790,D,Moyo Dambisa F,Director,1,,,,SEC EDGAR
CVX|0000093410-26-000148|nonDerivative|2026-05-27|Huntsman Jon M Jr|A|Common Stock|1272|0|D,2026-05-31 10:00:17+0000,CVX,CHEVRON CORP,0000093410,4,2026-05-29,2026-05-27,0000093410-26-000148,https://www.sec.gov/Archives/edgar/data/93410/000009341026000148/form4.xml,nonDerivative,2026-05-27,A,Common Stock,1272,0,0.0,12002,D,Huntsman Jon M Jr,Director,1,,,,SEC EDGAR
CVX|0000093410-26-000137|nonDerivative|2026-05-27|HORTON THOMAS W|A|Common Stock|1272|0|D,2026-05-31 10:00:17+0000,CVX,CHEVRON CORP,0000093410,4,2026-05-29,2026-05-27,0000093410-26-000137,https://www.sec.gov/Archives/edgar/data/93410/000009341026000137/form4.xml,nonDerivative,2026-05-27,A,Common Stock,1272,0,0.0,1734,D,HORTON THOMAS W,Director,1,,,,SEC EDGAR
CVX|0000093410-26-000135|nonDerivative|2026-05-27|HEWSON MARILLYN A|A|Common Stock|1272|0|D,2026-05-31 10:00:17+0000,CVX,CHEVRON CORP,0000093410,4,2026-05-29,2026-05-27,0000093410-26-000135,https://www.sec.gov/Archives/edgar/data/93410/000009341026000135/form4.xml,nonDerivative,2026-05-27,A,Common Stock,1272,0,0.0,15020,D,HEWSON MARILLYN A,Director,1,,,,SEC EDGAR
CVX|0000093410-26-000133|nonDerivative|2026-05-27|HESS JOHN B|A|Common Stock|1272|0|D,2026-05-31 10:00:17+0000,CVX,CHEVRON CORP,0000093410,4,2026-05-29,2026-05-27,0000093410-26-000133,https://www.sec.gov/Archives/edgar/data/93410/000009341026000133/form4.xml,nonDerivative,2026-05-27,A,Common Stock,1272,0,0.0,356900,D,HESS JOHN B,Director,1,,,,SEC EDGAR
CVX|0000093410-26-000131|nonDerivative|2026-05-27|HERNANDEZ ENRIQUE JR|A|Common Stock|1272|0|D,2026-05-31 10:00:17+0000,CVX,CHEVRON CORP,0000093410,4,2026-05-29,2026-05-27,0000093410-26-000131,https://www.sec.gov/Archives/edgar/data/93410/000009341026000131/form4.xml,nonDerivative,2026-05-27,A,Common Stock,1272,0,0.0,34859,D,HERNANDEZ ENRIQUE JR,Director,1,,,,SEC EDGAR
CVX|0000093410-26-000129|nonDerivative|2026-05-27|Frank John|A|Common Stock|1272|0|D,2026-05-31 10:00:17+0000,CVX,CHEVRON CORP,0000093410,4,2026-05-29,2026-05-27,0000093410-26-000129,https://www.sec.gov/Archives/edgar/data/93410/000009341026000129/form4.xml,nonDerivative,2026-05-27,A,Common Stock,1272,0,0.0,20333,D,Frank John,Director,1,,,,SEC EDGAR
CVX|0000093410-26-000127|nonDerivative|2026-05-27|Austin Wanda M|A|Common Stock|1272|0|D,2026-05-31 10:00:17+0000,CVX,CHEVRON CORP,0000093410,4,2026-05-29,2026-05-27,0000093410-26-000127,https://www.sec.gov/Archives/edgar/data/93410/000009341026000127/form4.xml,nonDerivative,2026-05-27,A,Common Stock,1272,0,0.0,3032,D,Austin Wanda M,Director,1,,,,SEC EDGAR
CTSH|0001194455-26-000007|derivative|2026-05-27|WIJNBERG SANDRA S|A|Deferred Stock Units|28.689|0|D,2026-05-31 10:00:17+0000,CTSH,COGNIZANT TECHNOLOGY SOLUTIONS CORP,0001058290,4,2026-05-29,2026-05-27,0001194455-26-000007,https://www.sec.gov/Archives/edgar/data/1058290/000119445526000007/wk-form4_1780085374.xml,derivative,2026-05-27,A,Deferred Stock Units,28.689,0,0.0,4650.2408,D,WIJNBERG SANDRA S,Director,1,0,0,,SEC EDGAR
CTSH|0001194455-26-000007|derivative|2026-05-27|WIJNBERG SANDRA S|A|Restricted Stock Units|125.5396|0|D,2026-05-31 10:00:17+0000,CTSH,COGNIZANT TECHNOLOGY SOLUTIONS CORP,0001058290,4,2026-05-29,2026-05-27,0001194455-26-000007,https://www.sec.gov/Archives/edgar/data/1058290/000119445526000007/wk-form4_1780085374.xml,derivative,2026-05-27,A,Restricted Stock Units,125.5396,0,0.0,20348.8266,D,WIJNBERG SANDRA S,Director,1,0,0,,SEC EDGAR
CTSH|0001194455-26-000007|derivative|2026-05-27|WIJNBERG SANDRA S|A|Restricted Stock Units|18.0122|0|D,2026-05-31 10:00:17+0000,CTSH,COGNIZANT TECHNOLOGY SOLUTIONS CORP,0001058290,4,2026-05-29,2026-05-27,0001194455-26-000007,https://www.sec.gov/Archives/edgar/data/1058290/000119445526000007/wk-form4_1780085374.xml,derivative,2026-05-27,A,Restricted Stock Units,18.0122,0,0.0,2919.6262,D,WIJNBERG SANDRA S,Director,1,0,0,,SEC EDGAR
CTSH|0001209494-26-000004|derivative|2026-05-27|VELLI JOSEPH M|A|Restricted Stock Units|18.0122|0|D,2026-05-31 10:00:17+0000,CTSH,COGNIZANT TECHNOLOGY SOLUTIONS CORP,0001058290,4,2026-05-29,2026-05-27,0001209494-26-000004,https://www.sec.gov/Archives/edgar/data/1058290/000120949426000004/wk-form4_1780085580.xml,derivative,2026-05-27,A,Restricted Stock Units,18.0122,0,0.0,2919.6262,D,VELLI JOSEPH M,Director,1,0,0,,SEC EDGAR
CTSH|0001738950-26-000004|derivative|2026-05-27|Silvent Karima|A|Restricted Stock Units|18.0122|0|D,2026-05-31 10:00:17+0000,CTSH,COGNIZANT TECHNOLOGY SOLUTIONS CORP,0001058290,4,2026-05-29,2026-05-27,0001738950-26-000004,https://www.sec.gov/Archives/edgar/data/1058290/000173895026000004/wk-form4_1780085553.xml,derivative,2026-05-27,A,Restricted Stock Units,18.0122,0,0.0,2919.6262,D,Silvent Karima,Director,1,0,0,,SEC EDGAR
CTSH|0001970614-26-000004|derivative|2026-05-27|Schot Abraham|A|Restricted Stock Units|18.0122|0|D,2026-05-31 10:00:17+0000,CTSH,COGNIZANT TECHNOLOGY SOLUTIONS CORP,0001058290,4,2026-05-29,2026-05-27,0001970614-26-000004,https://www.sec.gov/Archives/edgar/data/1058290/000197061426000004/wk-form4_1780085520.xml,derivative,2026-05-27,A,Restricted Stock Units,18.0122,0,0.0,2919.6262,D,Schot Abraham,Director,1,0,0,,SEC EDGAR
CTSH|0001230066-26-000004|derivative|2026-05-27|ROHLEDER STEPHEN J|A|Deferred Stock Units|102.7137|0|D,2026-05-31 10:00:17+0000,CTSH,COGNIZANT TECHNOLOGY SOLUTIONS CORP,0001058290,4,2026-05-29,2026-05-27,0001230066-26-000004,https://www.sec.gov/Archives/edgar/data/1058290/000123006626000004/wk-form4_1780085308.xml,derivative,2026-05-27,A,Deferred Stock Units,102.7137,0,0.0,16648.957,D,ROHLEDER STEPHEN J,Director,1,0,0,,SEC EDGAR
CTSH|0001230066-26-000004|derivative|2026-05-27|ROHLEDER STEPHEN J|A|Restricted Stock Units|78.6742|0|D,2026-05-31 10:00:17+0000,CTSH,COGNIZANT TECHNOLOGY SOLUTIONS CORP,0001058290,4,2026-05-29,2026-05-27,0001230066-26-000004,https://www.sec.gov/Archives/edgar/data/1058290/000123006626000004/wk-form4_1780085308.xml,derivative,2026-05-27,A,Restricted Stock Units,78.6742,0,0.0,12752.3837,D,ROHLEDER STEPHEN J,Director,1,0,0,,SEC EDGAR
CTSH|0001230066-26-000004|derivative|2026-05-27|ROHLEDER STEPHEN J|A|Restricted Stock Units|21.9319|0|D,2026-05-31 10:00:17+0000,CTSH,COGNIZANT TECHNOLOGY SOLUTIONS CORP,0001058290,4,2026-05-29,2026-05-27,0001230066-26-000004,https://www.sec.gov/Archives/edgar/data/1058290/000123006626000004/wk-form4_1780085308.xml,derivative,2026-05-27,A,Restricted Stock Units,21.9319,0,0.0,3554.9485,D,ROHLEDER STEPHEN J,Director,1,0,0,,SEC EDGAR
CTSH|0001553895-26-000008|derivative|2026-05-27|Patsalos-Fox Michael|A|Deferred Restricted Stock Units|36.0748|0|D,2026-05-31 10:00:17+0000,CTSH,COGNIZANT TECHNOLOGY SOLUTIONS CORP,0001058290,4,2026-05-29,2026-05-27,0001553895-26-000008,https://www.sec.gov/Archives/edgar/data/1058290/000155389526000008/wk-form4_1780085232.xml,derivative,2026-05-27,A,Deferred Restricted Stock Units,36.0748,0,0.0,5847.3945,D,Patsalos-Fox Michael,Director,1,0,0,,SEC EDGAR
CTSH|0001553895-26-000008|derivative|2026-05-27|Patsalos-Fox Michael|A|Restricted Stock Units|18.0122|0|D,2026-05-31 10:00:17+0000,CTSH,COGNIZANT TECHNOLOGY SOLUTIONS CORP,0001058290,4,2026-05-29,2026-05-27,0001553895-26-000008,https://www.sec.gov/Archives/edgar/data/1058290/000155389526000008/wk-form4_1780085232.xml,derivative,2026-05-27,A,Restricted Stock Units,18.0122,0,0.0,2919.6262,D,Patsalos-Fox Michael,Director,1,0,0,,SEC EDGAR
CTSH|0001558398-26-000006|derivative|2026-05-27|Mackay Leo S. Jr.|A|Deferred Restricted Stock Units|29.1417|0|D,2026-05-31 10:00:17+0000,CTSH,COGNIZANT TECHNOLOGY SOLUTIONS CORP,0001058290,4,2026-05-29,2026-05-27,0001558398-26-000006,https://www.sec.gov/Archives/edgar/data/1058290/000155839826000006/wk-form4_1780085274.xml,derivative,2026-05-27,A,Deferred Restricted Stock Units,29.1417,0,0.0,4723.6215,D,Mackay Leo S. Jr.,Director,1,0,0,,SEC EDGAR
CTSH|0001558398-26-000006|derivative|2026-05-27|Mackay Leo S. Jr.|A|Restricted Stock Units|21.4996|0|D,2026-05-31 10:00:17+0000,CTSH,COGNIZANT TECHNOLOGY SOLUTIONS CORP,0001058290,4,2026-05-29,2026-05-27,0001558398-26-000006,https://www.sec.gov/Archives/edgar/data/1058290/000155839826000006/wk-form4_1780085274.xml,derivative,2026-05-27,A,Restricted Stock Units,21.4996,0,0.0,3484.8905,D,Mackay Leo S. Jr.,Director,1,0,0,,SEC EDGAR
CTSH|0001558398-26-000006|derivative|2026-05-27|Mackay Leo S. Jr.|A|Restricted Stock Units|18.0122|0|D,2026-05-31 10:00:17+0000,CTSH,COGNIZANT TECHNOLOGY SOLUTIONS CORP,0001058290,4,2026-05-29,2026-05-27,0001558398-26-000006,https://www.sec.gov/Archives/edgar/data/1058290/000155839826000006/wk-form4_1780085274.xml,derivative,2026-05-27,A,Restricted Stock Units,18.0122,0,0.0,2919.6262,D,Mackay Leo S. Jr.,Director,1,0,0,,SEC EDGAR
CTSH|0001645270-26-000004|derivative|2026-05-27|Dineen John M.|A|Restricted Stock Units|125.5958|0|D,2026-05-31 10:00:17+0000,CTSH,COGNIZANT TECHNOLOGY SOLUTIONS CORP,0001058290,4,2026-05-29,2026-05-27,0001645270-26-000004,https://www.sec.gov/Archives/edgar/data/1058290/000164527026000004/wk-form4_1780085342.xml,derivative,2026-05-27,A,Restricted Stock Units,125.5958,0,0.0,20357.907,D,Dineen John M.,Director,1,0,0,,SEC EDGAR
CTSH|0001645270-26-000004|derivative|2026-05-27|Dineen John M.|A|Restricted Stock Units|44.3811|0|D,2026-05-31 10:00:17+0000,CTSH,COGNIZANT TECHNOLOGY SOLUTIONS CORP,0001058290,4,2026-05-29,2026-05-27,0001645270-26-000004,https://www.sec.gov/Archives/edgar/data/1058290/000164527026000004/wk-form4_1780085342.xml,derivative,2026-05-27,A,Restricted Stock Units,44.3811,0,0.0,7193.7613,D,Dineen John M.,Director,1,0,0,,SEC EDGAR
CTSH|0001645270-26-000004|derivative|2026-05-27|Dineen John M.|A|Restricted Stock Units|18.0122|0|D,2026-05-31 10:00:17+0000,CTSH,COGNIZANT TECHNOLOGY SOLUTIONS CORP,0001058290,4,2026-05-29,2026-05-27,0001645270-26-000004,https://www.sec.gov/Archives/edgar/data/1058290/000164527026000004/wk-form4_1780085342.xml,derivative,2026-05-27,A,Restricted Stock Units,18.0122,0,0.0,2919.6262,D,Dineen John M.,Director,1,0,0,,SEC EDGAR
CTSH|0001566186-26-000008|derivative|2026-05-27|Deskus Archana|A|Restricted Stock Units|18.0122|0|D,2026-05-31 10:00:17+0000,CTSH,COGNIZANT TECHNOLOGY SOLUTIONS CORP,0001058290,4,2026-05-29,2026-05-27,0001566186-26-000008,https://www.sec.gov/Archives/edgar/data/1058290/000156618626000008/wk-form4_1780085490.xml,derivative,2026-05-27,A,Restricted Stock Units,18.0122,0,0.0,2919.6262,D,Deskus Archana,Director,1,0,0,,SEC EDGAR
CTSH|0001352816-26-000011|derivative|2026-05-27|Branderiz Eric|A|Restricted Stock Units|50.538|0|D,2026-05-31 10:00:17+0000,CTSH,COGNIZANT TECHNOLOGY SOLUTIONS CORP,0001058290,4,2026-05-29,2026-05-27,0001352816-26-000011,https://www.sec.gov/Archives/edgar/data/1058290/000135281626000011/wk-form4_1780085694.xml,derivative,2026-05-27,A,Restricted Stock Units,50.538,0,0.0,8191.739,D,Branderiz Eric,Director,1,0,0,,SEC EDGAR
CTSH|0001352816-26-000011|derivative|2026-05-27|Branderiz Eric|A|Restricted Stock Units|18.0122|0|D,2026-05-31 10:00:17+0000,CTSH,COGNIZANT TECHNOLOGY SOLUTIONS CORP,0001058290,4,2026-05-29,2026-05-27,0001352816-26-000011,https://www.sec.gov/Archives/edgar/data/1058290/000135281626000011/wk-form4_1780085694.xml,derivative,2026-05-27,A,Restricted Stock Units,18.0122,0,0.0,2919.6262,D,Branderiz Eric,Director,1,0,0,,SEC EDGAR
CTSH|0001726500-26-000004|derivative|2026-05-27|Bali Vinita|A|Restricted Stock Units|18.0122|0|D,2026-05-31 10:00:17+0000,CTSH,COGNIZANT TECHNOLOGY SOLUTIONS CORP,0001058290,4,2026-05-29,2026-05-27,0001726500-26-000004,https://www.sec.gov/Archives/edgar/data/1058290/000172650026000004/wk-form4_1780085462.xml,derivative,2026-05-27,A,Restricted Stock Units,18.0122,0,0.0,2919.6262,D,Bali Vinita,Director,1,0,0,,SEC EDGAR
CTSH|0001478037-26-000004|derivative|2026-05-27|Abdalla Zein|A|Restricted Stock Units|18.0122|0|D,2026-05-31 10:00:17+0000,CTSH,COGNIZANT TECHNOLOGY SOLUTIONS CORP,0001058290,4,2026-05-29,2026-05-27,0001478037-26-000004,https://www.sec.gov/Archives/edgar/data/1058290/000147803726000004/wk-form4_1780085429.xml,derivative,2026-05-27,A,Restricted Stock Units,18.0122,0,0.0,2919.6262,D,Abdalla Zein,Director,1,0,0,,SEC EDGAR
CRWD|0001778564-26-000068|nonDerivative|2026-05-29|Kurtz George|S|Class A common stock|91|711.43|D,2026-05-31 10:00:17+0000,CRWD,"CrowdStrike Holdings, Inc.",0001535527,4,2026-05-29,2026-05-27,0001778564-26-000068,https://www.sec.gov/Archives/edgar/data/1535527/000177856426000068/form4-05292026_080501.xml,nonDerivative,2026-05-29,S,Class A common stock,91,711.43,64740.13,2148898,D,Kurtz George,PRESIDENT AND CEO,true,true,false,PRESIDENT AND CEO,SEC EDGAR
CRWD|0001778564-26-000068|nonDerivative|2026-05-29|Kurtz George|S|Class A common stock|91|712.75|D,2026-05-31 10:00:17+0000,CRWD,"CrowdStrike Holdings, Inc.",0001535527,4,2026-05-29,2026-05-27,0001778564-26-000068,https://www.sec.gov/Archives/edgar/data/1535527/000177856426000068/form4-05292026_080501.xml,nonDerivative,2026-05-29,S,Class A common stock,91,712.75,64860.25,2148807,D,Kurtz George,PRESIDENT AND CEO,true,true,false,PRESIDENT AND CEO,SEC EDGAR
CRWD|0001778564-26-000068|nonDerivative|2026-05-29|Kurtz George|S|Class A common stock|117|713.84|D,2026-05-31 10:00:17+0000,CRWD,"CrowdStrike Holdings, Inc.",0001535527,4,2026-05-29,2026-05-27,0001778564-26-000068,https://www.sec.gov/Archives/edgar/data/1535527/000177856426000068/form4-05292026_080501.xml,nonDerivative,2026-05-29,S,Class A common stock,117,713.84,83519.28,2148690,D,Kurtz George,PRESIDENT AND CEO,true,true,false,PRESIDENT AND CEO,SEC EDGAR
CRWD|0001778564-26-000068|nonDerivative|2026-05-29|Kurtz George|S|Class A common stock|169|714.77|D,2026-05-31 10:00:17+0000,CRWD,"CrowdStrike Holdings, Inc.",0001535527,4,2026-05-29,2026-05-27,0001778564-26-000068,https://www.sec.gov/Archives/edgar/data/1535527/000177856426000068/form4-05292026_080501.xml,nonDerivative,2026-05-29,S,Class A common stock,169,714.77,120796.12999999999,2148521,D,Kurtz George,PRESIDENT AND CEO,true,true,false,PRESIDENT AND CEO,SEC EDGAR
CRWD|0001778564-26-000068|nonDerivative|2026-05-29|Kurtz George|S|Class A common stock|117|715.96|D,2026-05-31 10:00:17+0000,CRWD,"CrowdStrike Holdings, Inc.",0001535527,4,2026-05-29,2026-05-27,0001778564-26-000068,https://www.sec.gov/Archives/edgar/data/1535527/000177856426000068/form4-05292026_080501.xml,nonDerivative,2026-05-29,S,Class A common stock,117,715.96,83767.32,2148404,D,Kurtz George,PRESIDENT AND CEO,true,true,false,PRESIDENT AND CEO,SEC EDGAR
CRWD|0001778564-26-000068|nonDerivative|2026-05-29|Kurtz George|S|Class A common stock|26|717.09|D,2026-05-31 10:00:17+0000,CRWD,"CrowdStrike Holdings, Inc.",0001535527,4,2026-05-29,2026-05-27,0001778564-26-000068,https://www.sec.gov/Archives/edgar/data/1535527/000177856426000068/form4-05292026_080501.xml,nonDerivative,2026-05-29,S,Class A common stock,26,717.09,18644.34,2148378,D,Kurtz George,PRESIDENT AND CEO,true,true,false,PRESIDENT AND CEO,SEC EDGAR
CRWD|0001778564-26-000068|nonDerivative|2026-05-29|Kurtz George|S|Class A common stock|39|718.59|D,2026-05-31 10:00:17+0000,CRWD,"CrowdStrike Holdings, Inc.",0001535527,4,2026-05-29,2026-05-27,0001778564-26-000068,https://www.sec.gov/Archives/edgar/data/1535527/000177856426000068/form4-05292026_080501.xml,nonDerivative,2026-05-29,S,Class A common stock,39,718.59,28025.010000000002,2148339,D,Kurtz George,PRESIDENT AND CEO,true,true,false,PRESIDENT AND CEO,SEC EDGAR
CRWD|0001778564-26-000068|nonDerivative|2026-05-29|Kurtz George|S|Class A common stock|26|719.74|D,2026-05-31 10:00:17+0000,CRWD,"CrowdStrike Holdings, Inc.",0001535527,4,2026-05-29,2026-05-27,0001778564-26-000068,https://www.sec.gov/Archives/edgar/data/1535527/000177856426000068/form4-05292026_080501.xml,nonDerivative,2026-05-29,S,Class A common stock,26,719.74,18713.24,2148313,D,Kurtz George,PRESIDENT AND CEO,true,true,false,PRESIDENT AND CEO,SEC EDGAR
CRWD|0001778564-26-000068|nonDerivative|2026-05-29|Kurtz George|S|Class A common stock|78|721.03|D,2026-05-31 10:00:17+0000,CRWD,"CrowdStrike Holdings, Inc.",0001535527,4,2026-05-29,2026-05-27,0001778564-26-000068,https://www.sec.gov/Archives/edgar/data/1535527/000177856426000068/form4-05292026_080501.xml,nonDerivative,2026-05-29,S,Class A common stock,78,721.03,56240.34,2148235,D,Kurtz George,PRESIDENT AND CEO,true,true,false,PRESIDENT AND CEO,SEC EDGAR
CRWD|0001778564-26-000068|nonDerivative|2026-05-29|Kurtz George|S|Class A common stock|52|722.32|D,2026-05-31 10:00:17+0000,CRWD,"CrowdStrike Holdings, Inc.",0001535527,4,2026-05-29,2026-05-27,0001778564-26-000068,https://www.sec.gov/Archives/edgar/data/1535527/000177856426000068/form4-05292026_080501.xml,nonDerivative,2026-05-29,S,Class A common stock,52,722.32,37560.64,2148183,D,Kurtz George,PRESIDENT AND CEO,true,true,false,PRESIDENT AND CEO,SEC EDGAR
CRWD|0001778564-26-000068|nonDerivative|2026-05-29|Kurtz George|S|Class A common stock|52|723.86|D,2026-05-31 10:00:17+0000,CRWD,"CrowdStrike Holdings, Inc.",0001535527,4,2026-05-29,2026-05-27,0001778564-26-000068,https://www.sec.gov/Archives/edgar/data/1535527/000177856426000068/form4-05292026_080501.xml,nonDerivative,2026-05-29,S,Class A common stock,52,723.86,37640.72,2148131,D,Kurtz George,PRESIDENT AND CEO,true,true,false,PRESIDENT AND CEO,SEC EDGAR
CRWD|0001778564-26-000068|nonDerivative|2026-05-29|Kurtz George|S|Class A common stock|78|725.18|D,2026-05-31 10:00:17+0000,CRWD,"CrowdStrike Holdings, Inc.",0001535527,4,2026-05-29,2026-05-27,0001778564-26-000068,https://www.sec.gov/Archives/edgar/data/1535527/000177856426000068/form4-05292026_080501.xml,nonDerivative,2026-05-29,S,Class A common stock,78,725.18,56564.03999999999,2148053,D,Kurtz George,PRESIDENT AND CEO,true,true,false,PRESIDENT AND CEO,SEC EDGAR
CRWD|0001778564-26-000068|nonDerivative|2026-05-29|Kurtz George|S|Class A common stock|286|726.19|D,2026-05-31 10:00:17+0000,CRWD,"CrowdStrike Holdings, Inc.",0001535527,4,2026-05-29,2026-05-27,0001778564-26-000068,https://www.sec.gov/Archives/edgar/data/1535527/000177856426000068/form4-05292026_080501.xml,nonDerivative,2026-05-29,S,Class A common stock,286,726.19,207690.34000000003,2147767,D,Kurtz George,PRESIDENT AND CEO,true,true,false,PRESIDENT AND CEO,SEC EDGAR
CRWD|0001778564-26-000068|nonDerivative|2026-05-29|Kurtz George|S|Class A common stock|312|727.20|D,2026-05-31 10:00:17+0000,CRWD,"CrowdStrike Holdings, Inc.",0001535527,4,2026-05-29,2026-05-27,0001778564-26-000068,https://www.sec.gov/Archives/edgar/data/1535527/000177856426000068/form4-05292026_080501.xml,nonDerivative,2026-05-29,S,Class A common stock,312,727.20,226886.40000000002,2147455,D,Kurtz George,PRESIDENT AND CEO,true,true,false,PRESIDENT AND CEO,SEC EDGAR
CRWD|0001778564-26-000068|nonDerivative|2026-05-29|Kurtz George|S|Class A common stock|182|728.22|D,2026-05-31 10:00:17+0000,CRWD,"CrowdStrike Holdings, Inc.",0001535527,4,2026-05-29,2026-05-27,0001778564-26-000068,https://www.sec.gov/Archives/edgar/data/1535527/000177856426000068/form4-05292026_080501.xml,nonDerivative,2026-05-29,S,Class A common stock,182,728.22,132536.04,2147273,D,Kurtz George,PRESIDENT AND CEO,true,true,false,PRESIDENT AND CEO,SEC EDGAR
CRWD|0001778564-26-000068|nonDerivative|2026-05-29|Kurtz George|S|Class A common stock|104|729.28|D,2026-05-31 10:00:17+0000,CRWD,"CrowdStrike Holdings, Inc.",0001535527,4,2026-05-29,2026-05-27,0001778564-26-000068,https://www.sec.gov/Archives/edgar/data/1535527/000177856426000068/form4-05292026_080501.xml,nonDerivative,2026-05-29,S,Class A common stock,104,729.28,75845.12,2147169,D,Kurtz George,PRESIDENT AND CEO,true,true,false,PRESIDENT AND CEO,SEC EDGAR
CRWD|0001778564-26-000068|nonDerivative|2026-05-29|Kurtz George|S|Class A common stock|133|730.51|D,2026-05-31 10:00:17+0000,CRWD,"CrowdStrike Holdings, Inc.",0001535527,4,2026-05-29,2026-05-27,0001778564-26-000068,https://www.sec.gov/Archives/edgar/data/1535527/000177856426000068/form4-05292026_080501.xml,nonDerivative,2026-05-29,S,Class A common stock,133,730.51,97157.83,2147036,D,Kurtz George,PRESIDENT AND CEO,true,true,false,PRESIDENT AND CEO,SEC EDGAR
CRWD|0001778564-26-000068|nonDerivative|2026-05-29|Kurtz George|S|Class A common stock|14|731.13|D,2026-05-31 10:00:17+0000,CRWD,"CrowdStrike Holdings, Inc.",0001535527,4,2026-05-29,2026-05-27,0001778564-26-000068,https://www.sec.gov/Archives/edgar/data/1535527/000177856426000068/form4-05292026_080501.xml,nonDerivative,2026-05-29,S,Class A common stock,14,731.13,10235.82,2147022,D,Kurtz George,PRESIDENT AND CEO,true,true,false,PRESIDENT AND CEO,SEC EDGAR
CRWD|0001778564-26-000067|nonDerivative|2026-05-28|Kurtz George|S|Class A common stock|120|661.43|D,2026-05-31 10:00:17+0000,CRWD,"CrowdStrike Holdings, Inc.",0001535527,4,2026-05-29,2026-05-27,0001778564-26-000067,https://www.sec.gov/Archives/edgar/data/1535527/000177856426000067/form4-05292026_080501.xml,nonDerivative,2026-05-28,S,Class A common stock,120,661.43,79371.59999999999,2151062,D,Kurtz George,PRESIDENT AND CEO,true,true,false,PRESIDENT AND CEO,SEC EDGAR
CRWD|0001778564-26-000067|nonDerivative|2026-05-28|Kurtz George|S|Class A common stock|80|662.53|D,2026-05-31 10:00:17+0000,CRWD,"CrowdStrike Holdings, Inc.",0001535527,4,2026-05-29,2026-05-27,0001778564-26-000067,https://www.sec.gov/Archives/edgar/data/1535527/000177856426000067/form4-05292026_080501.xml,nonDerivative,2026-05-28,S,Class A common stock,80,662.53,53002.399999999994,2150982,D,Kurtz George,PRESIDENT AND CEO,true,true,false,PRESIDENT AND CEO,SEC EDGAR
CRWD|0001778564-26-000067|nonDerivative|2026-05-28|Kurtz George|S|Class A common stock|80|665.24|D,2026-05-31 10:00:17+0000,CRWD,"CrowdStrike Holdings, Inc.",0001535527,4,2026-05-29,2026-05-27,0001778564-26-000067,https://www.sec.gov/Archives/edgar/data/1535527/000177856426000067/form4-05292026_080501.xml,nonDerivative,2026-05-28,S,Class A common stock,80,665.24,53219.2,2150902,D,Kurtz George,PRESIDENT AND CEO,true,true,false,PRESIDENT AND CEO,SEC EDGAR
CRWD|0001778564-26-000067|nonDerivative|2026-05-28|Kurtz George|S|Class A common stock|40|666.15|D,2026-05-31 10:00:17+0000,CRWD,"CrowdStrike Holdings, Inc.",0001535527,4,2026-05-29,2026-05-27,0001778564-26-000067,https://www.sec.gov/Archives/edgar/data/1535527/000177856426000067/form4-05292026_080501.xml,nonDerivative,2026-05-28,S,Class A common stock,40,666.15,26646.0,2150862,D,Kurtz George,PRESIDENT AND CEO,true,true,false,PRESIDENT AND CEO,SEC EDGAR
CRWD|0001778564-26-000067|nonDerivative|2026-05-28|Kurtz George|S|Class A common stock|40|667.46|D,2026-05-31 10:00:17+0000,CRWD,"CrowdStrike Holdings, Inc.",0001535527,4,2026-05-29,2026-05-27,0001778564-26-000067,https://www.sec.gov/Archives/edgar/data/1535527/000177856426000067/form4-05292026_080501.xml,nonDerivative,2026-05-28,S,Class A common stock,40,667.46,26698.4,2150822,D,Kurtz George,PRESIDENT AND CEO,true,true,false,PRESIDENT AND CEO,SEC EDGAR
CRWD|0001778564-26-000067|nonDerivative|2026-05-28|Kurtz George|S|Class A common stock|120|668.78|D,2026-05-31 10:00:17+0000,CRWD,"CrowdStrike Holdings, Inc.",0001535527,4,2026-05-29,2026-05-27,0001778564-26-000067,https://www.sec.gov/Archives/edgar/data/1535527/000177856426000067/form4-05292026_080501.xml,nonDerivative,2026-05-28,S,Class A common stock,120,668.78,80253.59999999999,2150702,D,Kurtz George,PRESIDENT AND CEO,true,true,false,PRESIDENT AND CEO,SEC EDGAR
CRWD|0001778564-26-000067|nonDerivative|2026-05-28|Kurtz George|S|Class A common stock|120|669.94|D,2026-05-31 10:00:17+0000,CRWD,"CrowdStrike Holdings, Inc.",0001535527,4,2026-05-29,2026-05-27,0001778564-26-000067,https://www.sec.gov/Archives/edgar/data/1535527/000177856426000067/form4-05292026_080501.xml,nonDerivative,2026-05-28,S,Class A common stock,120,669.94,80392.8,2150582,D,Kurtz George,PRESIDENT AND CEO,true,true,false,PRESIDENT AND CEO,SEC EDGAR
CRWD|0001778564-26-000067|nonDerivative|2026-05-28|Kurtz George|S|Class A common stock|420|671.25|D,2026-05-31 10:00:17+0000,CRWD,"CrowdStrike Holdings, Inc.",0001535527,4,2026-05-29,2026-05-27,0001778564-26-000067,https://www.sec.gov/Archives/edgar/data/1535527/000177856426000067/form4-05292026_080501.xml,nonDerivative,2026-05-28,S,Class A common stock,420,671.25,281925.0,2150162,D,Kurtz George,PRESIDENT AND CEO,true,true,false,PRESIDENT AND CEO,SEC EDGAR
CRWD|0001778564-26-000067|nonDerivative|2026-05-28|Kurtz George|S|Class A common stock|240|672.23|D,2026-05-31 10:00:17+0000,CRWD,"CrowdStrike Holdings, Inc.",0001535527,4,2026-05-29,2026-05-27,0001778564-26-000067,https://www.sec.gov/Archives/edgar/data/1535527/000177856426000067/form4-05292026_080501.xml,nonDerivative,2026-05-28,S,Class A common stock,240,672.23,161335.2,2149922,D,Kurtz George,PRESIDENT AND CEO,true,true,false,PRESIDENT AND CEO,SEC EDGAR
CRWD|0001778564-26-000067|nonDerivative|2026-05-28|Kurtz George|S|Class A common stock|80|672.96|D,2026-05-31 10:00:17+0000,CRWD,"CrowdStrike Holdings, Inc.",0001535527,4,2026-05-29,2026-05-27,0001778564-26-000067,https://www.sec.gov/Archives/edgar/data/1535527/000177856426000067/form4-05292026_080501.xml,nonDerivative,2026-05-28,S,Class A common stock,80,672.96,53836.8,2149842,D,Kurtz George,PRESIDENT AND CEO,true,true,false,PRESIDENT AND CEO,SEC EDGAR
CRWD|0001778564-26-000067|nonDerivative|2026-05-28|Kurtz George|S|Class A common stock|40|673.98|D,2026-05-31 10:00:17+0000,CRWD,"CrowdStrike Holdings, Inc.",0001535527,4,2026-05-29,2026-05-27,0001778564-26-000067,https://www.sec.gov/Archives/edgar/data/1535527/000177856426000067/form4-05292026_080501.xml,nonDerivative,2026-05-28,S,Class A common stock,40,673.98,26959.2,2149802,D,Kurtz George,PRESIDENT AND CEO,true,true,false,PRESIDENT AND CEO,SEC EDGAR
CRWD|0001778564-26-000067|nonDerivative|2026-05-28|Kurtz George|S|Class A common stock|240|675.80|D,2026-05-31 10:00:17+0000,CRWD,"CrowdStrike Holdings, Inc.",0001535527,4,2026-05-29,2026-05-27,0001778564-26-000067,https://www.sec.gov/Archives/edgar/data/1535527/000177856426000067/form4-05292026_080501.xml,nonDerivative,2026-05-28,S,Class A common stock,240,675.80,162192.0,2149562,D,Kurtz George,PRESIDENT AND CEO,true,true,false,PRESIDENT AND CEO,SEC EDGAR
CRWD|0001778564-26-000067|nonDerivative|2026-05-28|Kurtz George|S|Class A common stock|40|676.57|D,2026-05-31 10:00:17+0000,CRWD,"CrowdStrike Holdings, Inc.",0001535527,4,2026-05-29,2026-05-27,0001778564-26-000067,https://www.sec.gov/Archives/edgar/data/1535527/000177856426000067/form4-05292026_080501.xml,nonDerivative,2026-05-28,S,Class A common stock,40,676.57,27062.800000000003,2149522,D,Kurtz George,PRESIDENT AND CEO,true,true,false,PRESIDENT AND CEO,SEC EDGAR
CRWD|0001778564-26-000067|nonDerivative|2026-05-29|Kurtz George|S|Class A common stock|13|676.07|D,2026-05-31 10:00:17+0000,CRWD,"CrowdStrike Holdings, Inc.",0001535527,4,2026-05-29,2026-05-27,0001778564-26-000067,https://www.sec.gov/Archives/edgar/data/1535527/000177856426000067/form4-05292026_080501.xml,nonDerivative,2026-05-29,S,Class A common stock,13,676.07,8788.91,2149509,D,Kurtz George,PRESIDENT AND CEO,true,true,false,PRESIDENT AND CEO,SEC EDGAR
CRWD|0001778564-26-000067|nonDerivative|2026-05-29|Kurtz George|S|Class A common stock|13|677.48|D,2026-05-31 10:00:17+0000,CRWD,"CrowdStrike Holdings, Inc.",0001535527,4,2026-05-29,2026-05-27,0001778564-26-000067,https://www.sec.gov/Archives/edgar/data/1535527/000177856426000067/form4-05292026_080501.xml,nonDerivative,2026-05-29,S,Class A common stock,13,677.48,8807.24,2149496,D,Kurtz George,PRESIDENT AND CEO,true,true,false,PRESIDENT AND CEO,SEC EDGAR
CRWD|0001778564-26-000067|nonDerivative|2026-05-29|Kurtz George|S|Class A common stock|13|680.99|D,2026-05-31 10:00:17+0000,CRWD,"CrowdStrike Holdings, Inc.",0001535527,4,2026-05-29,2026-05-27,0001778564-26-000067,https://www.sec.gov/Archives/edgar/data/1535527/000177856426000067/form4-05292026_080501.xml,nonDerivative,2026-05-29,S,Class A common stock,13,680.99,8852.87,2149483,D,Kurtz George,PRESIDENT AND CEO,true,true,false,PRESIDENT AND CEO,SEC EDGAR
CRWD|0001778564-26-000067|nonDerivative|2026-05-29|Kurtz George|S|Class A common stock|13|683.01|D,2026-05-31 10:00:17+0000,CRWD,"CrowdStrike Holdings, Inc.",0001535527,4,2026-05-29,2026-05-27,0001778564-26-000067,https://www.sec.gov/Archives/edgar/data/1535527/000177856426000067/form4-05292026_080501.xml,nonDerivative,2026-05-29,S,Class A common stock,13,683.01,8879.13,2149470,D,Kurtz George,PRESIDENT AND CEO,true,true,false,PRESIDENT AND CEO,SEC EDGAR
CRWD|0001778564-26-000067|nonDerivative|2026-05-29|Kurtz George|S|Class A common stock|13|685.87|D,2026-05-31 10:00:17+0000,CRWD,"CrowdStrike Holdings, Inc.",0001535527,4,2026-05-29,2026-05-27,0001778564-26-000067,https://www.sec.gov/Archives/edgar/data/1535527/000177856426000067/form4-05292026_080501.xml,nonDerivative,2026-05-29,S,Class A common stock,13,685.87,8916.31,2149457,D,Kurtz George,PRESIDENT AND CEO,true,true,false,PRESIDENT AND CEO,SEC EDGAR
CRWD|0001778564-26-000067|nonDerivative|2026-05-29|Kurtz George|S|Class A common stock|26|689.06|D,2026-05-31 10:00:17+0000,CRWD,"CrowdStrike Holdings, Inc.",0001535527,4,2026-05-29,2026-05-27,0001778564-26-000067,https://www.sec.gov/Archives/edgar/data/1535527/000177856426000067/form4-05292026_080501.xml,nonDerivative,2026-05-29,S,Class A common stock,26,689.06,17915.559999999998,2149431,D,Kurtz George,PRESIDENT AND CEO,true,true,false,PRESIDENT AND CEO,SEC EDGAR
CRWD|0001778564-26-000067|nonDerivative|2026-05-29|Kurtz George|S|Class A common stock|13|691.74|D,2026-05-31 10:00:17+0000,CRWD,"CrowdStrike Holdings, Inc.",0001535527,4,2026-05-29,2026-05-27,0001778564-26-000067,https://www.sec.gov/Archives/edgar/data/1535527/000177856426000067/form4-05292026_080501.xml,nonDerivative,2026-05-29,S,Class A common stock,13,691.74,8992.62,2149418,D,Kurtz George,PRESIDENT AND CEO,true,true,false,PRESIDENT AND CEO,SEC EDGAR
CRWD|0001778564-26-000067|nonDerivative|2026-05-29|Kurtz George|S|Class A common stock|13|695.89|D,2026-05-31 10:00:17+0000,CRWD,"CrowdStrike Holdings, Inc.",0001535527,4,2026-05-29,2026-05-27,0001778564-26-000067,https://www.sec.gov/Archives/edgar/data/1535527/000177856426000067/form4-05292026_080501.xml,nonDerivative,2026-05-29,S,Class A common stock,13,695.89,9046.57,2149405,D,Kurtz George,PRESIDENT AND CEO,true,true,false,PRESIDENT AND CEO,SEC EDGAR
CRWD|0001778564-26-000067|nonDerivative|2026-05-29|Kurtz George|S|Class A common stock|39|697.11|D,2026-05-31 10:00:17+0000,CRWD,"CrowdStrike Holdings, Inc.",0001535527,4,2026-05-29,2026-05-27,0001778564-26-000067,https://www.sec.gov/Archives/edgar/data/1535527/000177856426000067/form4-05292026_080501.xml,nonDerivative,2026-05-29,S,Class A common stock,39,697.11,27187.29,2149366,D,Kurtz George,PRESIDENT AND CEO,true,true,false,PRESIDENT AND CEO,SEC EDGAR
CRWD|0001778564-26-000067|nonDerivative|2026-05-29|Kurtz George|S|Class A common stock|26|698.34|D,2026-05-31 10:00:17+0000,CRWD,"CrowdStrike Holdings, Inc.",0001535527,4,2026-05-29,2026-05-27,0001778564-26-000067,https://www.sec.gov/Archives/edgar/data/1535527/000177856426000067/form4-05292026_080501.xml,nonDerivative,2026-05-29,S,Class A common stock,26,698.34,18156.84,2149340,D,Kurtz George,PRESIDENT AND CEO,true,true,false,PRESIDENT AND CEO,SEC EDGAR
CRWD|0001778564-26-000067|nonDerivative|2026-05-29|Kurtz George|S|Class A common stock|26|700.32|D,2026-05-31 10:00:17+0000,CRWD,"CrowdStrike Holdings, Inc.",0001535527,4,2026-05-29,2026-05-27,0001778564-26-000067,https://www.sec.gov/Archives/edgar/data/1535527/000177856426000067/form4-05292026_080501.xml,nonDerivative,2026-05-29,S,Class A common stock,26,700.32,18208.32,2149314,D,Kurtz George,PRESIDENT AND CEO,true,true,false,PRESIDENT AND CEO,SEC EDGAR
CRWD|0001778564-26-000067|nonDerivative|2026-05-29|Kurtz George|S|Class A common stock|26|702.82|D,2026-05-31 10:00:17+0000,CRWD,"CrowdStrike Holdings, Inc.",0001535527,4,2026-05-29,2026-05-27,0001778564-26-000067,https://www.sec.gov/Archives/edgar/data/1535527/000177856426000067/form4-05292026_080501.xml,nonDerivative,2026-05-29,S,Class A common stock,26,702.82,18273.32,2149288,D,Kurtz George,PRESIDENT AND CEO,true,true,false,PRESIDENT AND CEO,SEC EDGAR
CRWD|0001778564-26-000067|nonDerivative|2026-05-29|Kurtz George|S|Class A common stock|26|703.99|D,2026-05-31 10:00:17+0000,CRWD,"CrowdStrike Holdings, Inc.",0001535527,4,2026-05-29,2026-05-27,0001778564-26-000067,https://www.sec.gov/Archives/edgar/data/1535527/000177856426000067/form4-05292026_080501.xml,nonDerivative,2026-05-29,S,Class A common stock,26,703.99,18303.74,2149262,D,Kurtz George,PRESIDENT AND CEO,true,true,false,PRESIDENT AND CEO,SEC EDGAR
CRWD|0001778564-26-000067|nonDerivative|2026-05-29|Kurtz George|S|Class A common stock|78|706.08|D,2026-05-31 10:00:17+0000,CRWD,"CrowdStrike Holdings, Inc.",0001535527,4,2026-05-29,2026-05-27,0001778564-26-000067,https://www.sec.gov/Archives/edgar/data/1535527/000177856426000067/form4-05292026_080501.xml,nonDerivative,2026-05-29,S,Class A common stock,78,706.08,55074.240000000005,2149184,D,Kurtz George,PRESIDENT AND CEO,true,true,false,PRESIDENT AND CEO,SEC EDGAR
CRWD|0001778564-26-000067|nonDerivative|2026-05-29|Kurtz George|S|Class A common stock|51|707.37|D,2026-05-31 10:00:17+0000,CRWD,"CrowdStrike Holdings, Inc.",0001535527,4,2026-05-29,2026-05-27,0001778564-26-000067,https://www.sec.gov/Archives/edgar/data/1535527/000177856426000067/form4-05292026_080501.xml,nonDerivative,2026-05-29,S,Class A common stock,51,707.37,36075.87,2149133,D,Kurtz George,PRESIDENT AND CEO,true,true,false,PRESIDENT AND CEO,SEC EDGAR
CRWD|0001778564-26-000067|nonDerivative|2026-05-29|Kurtz George|S|Class A common stock|78|708.49|D,2026-05-31 10:00:17+0000,CRWD,"CrowdStrike Holdings, Inc.",0001535527,4,2026-05-29,2026-05-27,0001778564-26-000067,https://www.sec.gov/Archives/edgar/data/1535527/000177856426000067/form4-05292026_080501.xml,nonDerivative,2026-05-29,S,Class A common stock,78,708.49,55262.22,2149055,D,Kurtz George,PRESIDENT AND CEO,true,true,false,PRESIDENT AND CEO,SEC EDGAR
CRWD|0001778564-26-000067|nonDerivative|2026-05-29|Kurtz George|S|Class A common stock|66|709.93|D,2026-05-31 10:00:17+0000,CRWD,"CrowdStrike Holdings, Inc.",0001535527,4,2026-05-29,2026-05-27,0001778564-26-000067,https://www.sec.gov/Archives/edgar/data/1535527/000177856426000067/form4-05292026_080501.xml,nonDerivative,2026-05-29,S,Class A common stock,66,709.93,46855.38,2148989,D,Kurtz George,PRESIDENT AND CEO,true,true,false,PRESIDENT AND CEO,SEC EDGAR
CRWD|0001778564-26-000066|nonDerivative|2026-05-27|Kurtz George|S|Class A common stock|7|637.82|D,2026-05-31 10:00:17+0000,CRWD,"CrowdStrike Holdings, Inc.",0001535527,4,2026-05-29,2026-05-27,0001778564-26-000066,https://www.sec.gov/Archives/edgar/data/1535527/000177856426000066/form4-05292026_080501.xml,nonDerivative,2026-05-27,S,Class A common stock,7,637.82,4464.740000000001,2154515,D,Kurtz George,PRESIDENT AND CEO,true,true,false,PRESIDENT AND CEO,SEC EDGAR
CRWD|0001778564-26-000066|nonDerivative|2026-05-27|Kurtz George|S|Class A common stock|16|639.55|D,2026-05-31 10:00:17+0000,CRWD,"CrowdStrike Holdings, Inc.",0001535527,4,2026-05-29,2026-05-27,0001778564-26-000066,https://www.sec.gov/Archives/edgar/data/1535527/000177856426000066/form4-05292026_080501.xml,nonDerivative,2026-05-27,S,Class A common stock,16,639.55,10232.8,2154499,D,Kurtz George,PRESIDENT AND CEO,true,true,false,PRESIDENT AND CEO,SEC EDGAR
CRWD|0001778564-26-000066|nonDerivative|2026-05-27|Kurtz George|S|Class A common stock|86|640.89|D,2026-05-31 10:00:17+0000,CRWD,"CrowdStrike Holdings, Inc.",0001535527,4,2026-05-29,2026-05-27,0001778564-26-000066,https://www.sec.gov/Archives/edgar/data/1535527/000177856426000066/form4-05292026_080501.xml,nonDerivative,2026-05-27,S,Class A common stock,86,640.89,55116.54,2154413,D,Kurtz George,PRESIDENT AND CEO,true,true,false,PRESIDENT AND CEO,SEC EDGAR
CRWD|0001778564-26-000066|nonDerivative|2026-05-27|Kurtz George|S|Class A common stock|41|641.61|D,2026-05-31 10:00:17+0000,CRWD,"CrowdStrike Holdings, Inc.",0001535527,4,2026-05-29,2026-05-27,0001778564-26-000066,https://www.sec.gov/Archives/edgar/data/1535527/000177856426000066/form4-05292026_080501.xml,nonDerivative,2026-05-27,S,Class A common stock,41,641.61,26306.010000000002,2154372,D,Kurtz George,PRESIDENT AND CEO,true,true,false,PRESIDENT AND CEO,SEC EDGAR
CRWD|0001778564-26-000066|nonDerivative|2026-05-27|Kurtz George|S|Class A common stock|110|642.76|D,2026-05-31 10:00:17+0000,CRWD,"CrowdStrike Holdings, Inc.",0001535527,4,2026-05-29,2026-05-27,0001778564-26-000066,https://www.sec.gov/Archives/edgar/data/1535527/000177856426000066/form4-05292026_080501.xml,nonDerivative,2026-05-27,S,Class A common stock,110,642.76,70703.6,2154262,D,Kurtz George,PRESIDENT AND CEO,true,true,false,PRESIDENT AND CEO,SEC EDGAR
CRWD|0001778564-26-000066|nonDerivative|2026-05-27|Kurtz George|S|Class A common stock|158|643.95|D,2026-05-31 10:00:17+0000,CRWD,"CrowdStrike Holdings, Inc.",0001535527,4,2026-05-29,2026-05-27,0001778564-26-000066,https://www.sec.gov/Archives/edgar/data/1535527/000177856426000066/form4-05292026_080501.xml,nonDerivative,2026-05-27,S,Class A common stock,158,643.95,101744.1,2154104,D,Kurtz George,PRESIDENT AND CEO,true,true,false,PRESIDENT AND CEO,SEC EDGAR
CRWD|0001778564-26-000066|nonDerivative|2026-05-27|Kurtz George|S|Class A common stock|372|644.82|D,2026-05-31 10:00:17+0000,CRWD,"CrowdStrike Holdings, Inc.",0001535527,4,2026-05-29,2026-05-27,0001778564-26-000066,https://www.sec.gov/Archives/edgar/data/1535527/000177856426000066/form4-05292026_080501.xml,nonDerivative,2026-05-27,S,Class A common stock,372,644.82,239873.04,2153732,D,Kurtz George,PRESIDENT AND CEO,true,true,false,PRESIDENT AND CEO,SEC EDGAR
CRWD|0001778564-26-000066|nonDerivative|2026-05-27|Kurtz George|S|Class A common stock|319|645.76|D,2026-05-31 10:00:17+0000,CRWD,"CrowdStrike Holdings, Inc.",0001535527,4,2026-05-29,2026-05-27,0001778564-26-000066,https://www.sec.gov/Archives/edgar/data/1535527/000177856426000066/form4-05292026_080501.xml,nonDerivative,2026-05-27,S,Class A common stock,319,645.76,205997.44,2153413,D,Kurtz George,PRESIDENT AND CEO,true,true,false,PRESIDENT AND CEO,SEC EDGAR
CRWD|0001778564-26-000066|nonDerivative|2026-05-27|Kurtz George|S|Class A common stock|248|646.87|D,2026-05-31 10:00:17+0000,CRWD,"CrowdStrike Holdings, Inc.",0001535527,4,2026-05-29,2026-05-27,0001778564-26-000066,https://www.sec.gov/Archives/edgar/data/1535527/000177856426000066/form4-05292026_080501.xml,nonDerivative,2026-05-27,S,Class A common stock,248,646.87,160423.76,2153165,D,Kurtz George,PRESIDENT AND CEO,true,true,false,PRESIDENT AND CEO,SEC EDGAR
CRWD|0001778564-26-000066|nonDerivative|2026-05-27|Kurtz George|S|Class A common stock|298|647.88|D,2026-05-31 10:00:17+0000,CRWD,"CrowdStrike Holdings, Inc.",0001535527,4,2026-05-29,2026-05-27,0001778564-26-000066,https://www.sec.gov/Archives/edgar/data/1535527/000177856426000066/form4-05292026_080501.xml,nonDerivative,2026-05-27,S,Class A common stock,298,647.88,193068.24,2152867,D,Kurtz George,PRESIDENT AND CEO,true,true,false,PRESIDENT AND CEO,SEC EDGAR
CRWD|0001778564-26-000066|nonDerivative|2026-05-27|Kurtz George|S|Class A common stock|291|648.76|D,2026-05-31 10:00:17+0000,CRWD,"CrowdStrike Holdings, Inc.",0001535527,4,2026-05-29,2026-05-27,0001778564-26-000066,https://www.sec.gov/Archives/edgar/data/1535527/000177856426000066/form4-05292026_080501.xml,nonDerivative,2026-05-27,S,Class A common stock,291,648.76,188789.16,2152576,D,Kurtz George,PRESIDENT AND CEO,true,true,false,PRESIDENT AND CEO,SEC EDGAR
CRWD|0001778564-26-000066|nonDerivative|2026-05-27|Kurtz George|S|Class A common stock|274|649.71|D,2026-05-31 10:00:17+0000,CRWD,"CrowdStrike Holdings, Inc.",0001535527,4,2026-05-29,2026-05-27,0001778564-26-000066,https://www.sec.gov/Archives/edgar/data/1535527/000177856426000066/form4-05292026_080501.xml,nonDerivative,2026-05-27,S,Class A common stock,274,649.71,178020.54,2152302,D,Kurtz George,PRESIDENT AND CEO,true,true,false,PRESIDENT AND CEO,SEC EDGAR
CRWD|0001778564-26-000066|nonDerivative|2026-05-27|Kurtz George|S|Class A common stock|111|650.77|D,2026-05-31 10:00:17+0000,CRWD,"CrowdStrike Holdings, Inc.",0001535527,4,2026-05-29,2026-05-27,0001778564-26-000066,https://www.sec.gov/Archives/edgar/data/1535527/000177856426000066/form4-05292026_080501.xml,nonDerivative,2026-05-27,S,Class A common stock,111,650.77,72235.47,2152191,D,Kurtz George,PRESIDENT AND CEO,true,true,false,PRESIDENT AND CEO,SEC EDGAR
CRWD|0001778564-26-000066|nonDerivative|2026-05-27|Kurtz George|S|Class A common stock|22|651.69|D,2026-05-31 10:00:17+0000,CRWD,"CrowdStrike Holdings, Inc.",0001535527,4,2026-05-29,2026-05-27,0001778564-26-000066,https://www.sec.gov/Archives/edgar/data/1535527/000177856426000066/form4-05292026_080501.xml,nonDerivative,2026-05-27,S,Class A common stock,22,651.69,14337.18,2152169,D,Kurtz George,PRESIDENT AND CEO,true,true,false,PRESIDENT AND CEO,SEC EDGAR
CRWD|0001778564-26-000066|nonDerivative|2026-05-27|Kurtz George|S|Class A common stock|50|653.04|D,2026-05-31 10:00:17+0000,CRWD,"CrowdStrike Holdings, Inc.",0001535527,4,2026-05-29,2026-05-27,0001778564-26-000066,https://www.sec.gov/Archives/edgar/data/1535527/000177856426000066/form4-05292026_080501.xml,nonDerivative,2026-05-27,S,Class A common stock,50,653.04,32652.0,2152119,D,Kurtz George,PRESIDENT AND CEO,true,true,false,PRESIDENT AND CEO,SEC EDGAR
CRWD|0001778564-26-000066|nonDerivative|2026-05-27|Kurtz George|S|Class A common stock|14|654|D,2026-05-31 10:00:17+0000,CRWD,"CrowdStrike Holdings, Inc.",0001535527,4,2026-05-29,2026-05-27,0001778564-26-000066,https://www.sec.gov/Archives/edgar/data/1535527/000177856426000066/form4-05292026_080501.xml,nonDerivative,2026-05-27,S,Class A common stock,14,654,9156.0,2152105,D,Kurtz George,PRESIDENT AND CEO,true,true,false,PRESIDENT AND CEO,SEC EDGAR
CRWD|0001778564-26-000066|nonDerivative|2026-05-27|Kurtz George|S|Class A common stock|3|655.64|D,2026-05-31 10:00:17+0000,CRWD,"CrowdStrike Holdings, Inc.",0001535527,4,2026-05-29,2026-05-27,0001778564-26-000066,https://www.sec.gov/Archives/edgar/data/1535527/000177856426000066/form4-05292026_080501.xml,nonDerivative,2026-05-27,S,Class A common stock,3,655.64,1966.92,2152102,D,Kurtz George,PRESIDENT AND CEO,true,true,false,PRESIDENT AND CEO,SEC EDGAR
CRWD|0001778564-26-000066|nonDerivative|2026-05-27|Kurtz George|S|Class A common stock|59|657|D,2026-05-31 10:00:17+0000,CRWD,"CrowdStrike Holdings, Inc.",0001535527,4,2026-05-29,2026-05-27,0001778564-26-000066,https://www.sec.gov/Archives/edgar/data/1535527/000177856426000066/form4-05292026_080501.xml,nonDerivative,2026-05-27,S,Class A common stock,59,657,38763.0,2152043,D,Kurtz George,PRESIDENT AND CEO,true,true,false,PRESIDENT AND CEO,SEC EDGAR
CRWD|0001778564-26-000066|nonDerivative|2026-05-27|Kurtz George|S|Class A common stock|21|659.21|D,2026-05-31 10:00:17+0000,CRWD,"CrowdStrike Holdings, Inc.",0001535527,4,2026-05-29,2026-05-27,0001778564-26-000066,https://www.sec.gov/Archives/edgar/data/1535527/000177856426000066/form4-05292026_080501.xml,nonDerivative,2026-05-27,S,Class A common stock,21,659.21,13843.41,2152022,D,Kurtz George,PRESIDENT AND CEO,true,true,false,PRESIDENT AND CEO,SEC EDGAR
CRWD|0001778564-26-000066|nonDerivative|2026-05-28|Kurtz George|S|Class A common stock|120|644.29|D,2026-05-31 10:00:17+0000,CRWD,"CrowdStrike Holdings, Inc.",0001535527,4,2026-05-29,2026-05-27,0001778564-26-000066,https://www.sec.gov/Archives/edgar/data/1535527/000177856426000066/form4-05292026_080501.xml,nonDerivative,2026-05-28,S,Class A common stock,120,644.29,77314.79999999999,2151902,D,Kurtz George,PRESIDENT AND CEO,true,true,false,PRESIDENT AND CEO,SEC EDGAR
CRWD|0001778564-26-000066|nonDerivative|2026-05-28|Kurtz George|S|Class A common stock|40|645.88|D,2026-05-31 10:00:17+0000,CRWD,"CrowdStrike Holdings, Inc.",0001535527,4,2026-05-29,2026-05-27,0001778564-26-000066,https://www.sec.gov/Archives/edgar/data/1535527/000177856426000066/form4-05292026_080501.xml,nonDerivative,2026-05-28,S,Class A common stock,40,645.88,25835.2,2151862,D,Kurtz George,PRESIDENT AND CEO,true,true,false,PRESIDENT AND CEO,SEC EDGAR
CRWD|0001778564-26-000066|nonDerivative|2026-05-28|Kurtz George|S|Class A common stock|160|648.53|D,2026-05-31 10:00:17+0000,CRWD,"CrowdStrike Holdings, Inc.",0001535527,4,2026-05-29,2026-05-27,0001778564-26-000066,https://www.sec.gov/Archives/edgar/data/1535527/000177856426000066/form4-05292026_080501.xml,nonDerivative,2026-05-28,S,Class A common stock,160,648.53,103764.79999999999,2151702,D,Kurtz George,PRESIDENT AND CEO,true,true,false,PRESIDENT AND CEO,SEC EDGAR
CRWD|0001778564-26-000066|nonDerivative|2026-05-28|Kurtz George|S|Class A common stock|120|650.21|D,2026-05-31 10:00:17+0000,CRWD,"CrowdStrike Holdings, Inc.",0001535527,4,2026-05-29,2026-05-27,0001778564-26-000066,https://www.sec.gov/Archives/edgar/data/1535527/000177856426000066/form4-05292026_080501.xml,nonDerivative,2026-05-28,S,Class A common stock,120,650.21,78025.20000000001,2151582,D,Kurtz George,PRESIDENT AND CEO,true,true,false,PRESIDENT AND CEO,SEC EDGAR
CRWD|0001778564-26-000066|nonDerivative|2026-05-28|Kurtz George|S|Class A common stock|40|651.84|D,2026-05-31 10:00:17+0000,CRWD,"CrowdStrike Holdings, Inc.",0001535527,4,2026-05-29,2026-05-27,0001778564-26-000066,https://www.sec.gov/Archives/edgar/data/1535527/000177856426000066/form4-05292026_080501.xml,nonDerivative,2026-05-28,S,Class A common stock,40,651.84,26073.600000000002,2151542,D,Kurtz George,PRESIDENT AND CEO,true,true,false,PRESIDENT AND CEO,SEC EDGAR
CRWD|0001778564-26-000066|nonDerivative|2026-05-28|Kurtz George|S|Class A common stock|80|653.67|D,2026-05-31 10:00:17+0000,CRWD,"CrowdStrike Holdings, Inc.",0001535527,4,2026-05-29,2026-05-27,0001778564-26-000066,https://www.sec.gov/Archives/edgar/data/1535527/000177856426000066/form4-05292026_080501.xml,nonDerivative,2026-05-28,S,Class A common stock,80,653.67,52293.6,2151462,D,Kurtz George,PRESIDENT AND CEO,true,true,false,PRESIDENT AND CEO,SEC EDGAR
CRWD|0001778564-26-000066|nonDerivative|2026-05-28|Kurtz George|S|Class A common stock|80|656.01|D,2026-05-31 10:00:17+0000,CRWD,"CrowdStrike Holdings, Inc.",0001535527,4,2026-05-29,2026-05-27,0001778564-26-000066,https://www.sec.gov/Archives/edgar/data/1535527/000177856426000066/form4-05292026_080501.xml,nonDerivative,2026-05-28,S,Class A common stock,80,656.01,52480.8,2151382,D,Kurtz George,PRESIDENT AND CEO,true,true,false,PRESIDENT AND CEO,SEC EDGAR
CRWD|0001778564-26-000066|nonDerivative|2026-05-28|Kurtz George|S|Class A common stock|80|657.27|D,2026-05-31 10:00:17+0000,CRWD,"CrowdStrike Holdings, Inc.",0001535527,4,2026-05-29,2026-05-27,0001778564-26-000066,https://www.sec.gov/Archives/edgar/data/1535527/000177856426000066/form4-05292026_080501.xml,nonDerivative,2026-05-28,S,Class A common stock,80,657.27,52581.6,2151302,D,Kurtz George,PRESIDENT AND CEO,true,true,false,PRESIDENT AND CEO,SEC EDGAR
CRWD|0001778564-26-000066|nonDerivative|2026-05-28|Kurtz George|S|Class A common stock|80|658.81|D,2026-05-31 10:00:17+0000,CRWD,"CrowdStrike Holdings, Inc.",0001535527,4,2026-05-29,2026-05-27,0001778564-26-000066,https://www.sec.gov/Archives/edgar/data/1535527/000177856426000066/form4-05292026_080501.xml,nonDerivative,2026-05-28,S,Class A common stock,80,658.81,52704.799999999996,2151222,D,Kurtz George,PRESIDENT AND CEO,true,true,false,PRESIDENT AND CEO,SEC EDGAR
CRWD|0001778564-26-000066|nonDerivative|2026-05-28|Kurtz George|S|Class A common stock|40|659.91|D,2026-05-31 10:00:17+0000,CRWD,"CrowdStrike Holdings, Inc.",0001535527,4,2026-05-29,2026-05-27,0001778564-26-000066,https://www.sec.gov/Archives/edgar/data/1535527/000177856426000066/form4-05292026_080501.xml,nonDerivative,2026-05-28,S,Class A common stock,40,659.91,26396.399999999998,2151182,D,Kurtz George,PRESIDENT AND CEO,true,true,false,PRESIDENT AND CEO,SEC EDGAR
CPAY|0001193125-26-248364|nonDerivative|2026-05-27|Netto Armando Lins|S|Common Stock|418|355.0831|D,2026-05-31 10:00:17+0000,CPAY,"CORPAY, INC.",0001175454,4,2026-05-29,2026-05-27,0001193125-26-248364,https://www.sec.gov/Archives/edgar/data/1175454/000119312526248364/ownership.xml,nonDerivative,2026-05-27,S,Common Stock,418,355.0831,148424.7358,32617,D,Netto Armando Lins,GroupPresident Brazil&USVehPmt,false,true,false,GroupPresident Brazil&USVehPmt,SEC EDGAR
CPAY|0001193125-26-248364|nonDerivative|2026-05-28|Netto Armando Lins|S|Common Stock|14089|356.0481|D,2026-05-31 10:00:17+0000,CPAY,"CORPAY, INC.",0001175454,4,2026-05-29,2026-05-27,0001193125-26-248364,https://www.sec.gov/Archives/edgar/data/1175454/000119312526248364/ownership.xml,nonDerivative,2026-05-28,S,Common Stock,14089,356.0481,5016361.6809,18528,D,Netto Armando Lins,GroupPresident Brazil&USVehPmt,false,true,false,GroupPresident Brazil&USVehPmt,SEC EDGAR
CPAY|0001193125-26-248364|nonDerivative|2026-05-29|Netto Armando Lins|S|Common Stock|2694|357.015|D,2026-05-31 10:00:17+0000,CPAY,"CORPAY, INC.",0001175454,4,2026-05-29,2026-05-27,0001193125-26-248364,https://www.sec.gov/Archives/edgar/data/1175454/000119312526248364/ownership.xml,nonDerivative,2026-05-29,S,Common Stock,2694,357.015,961798.4099999999,15834,D,Netto Armando Lins,GroupPresident Brazil&USVehPmt,false,true,false,GroupPresident Brazil&USVehPmt,SEC EDGAR
CPAY|0001193125-26-248357|nonDerivative|2026-05-28|Clarke Ronald|M|Common Stock|100000|150.74|D,2026-05-31 10:00:17+0000,CPAY,"CORPAY, INC.",0001175454,4,2026-05-29,2026-05-28,0001193125-26-248357,https://www.sec.gov/Archives/edgar/data/1175454/000119312526248357/ownership.xml,nonDerivative,2026-05-28,M,Common Stock,100000,150.74,15074000.0,2476383,D,Clarke Ronald,CEO & Chairman of BOD,true,true,false,CEO & Chairman of BOD,SEC EDGAR
CPAY|0001193125-26-248357|nonDerivative|2026-05-28|Clarke Ronald|F|Common Stock|68150|352.37|D,2026-05-31 10:00:17+0000,CPAY,"CORPAY, INC.",0001175454,4,2026-05-29,2026-05-28,0001193125-26-248357,https://www.sec.gov/Archives/edgar/data/1175454/000119312526248357/ownership.xml,nonDerivative,2026-05-28,F,Common Stock,68150,352.37,24014015.5,2408233,D,Clarke Ronald,CEO & Chairman of BOD,true,true,false,CEO & Chairman of BOD,SEC EDGAR
CPAY|0001193125-26-248357|derivative|2026-05-28|Clarke Ronald|M|Employee Stock Options|100000|150.74|D,2026-05-31 10:00:17+0000,CPAY,"CORPAY, INC.",0001175454,4,2026-05-29,2026-05-28,0001193125-26-248357,https://www.sec.gov/Archives/edgar/data/1175454/000119312526248357/ownership.xml,derivative,2026-05-28,M,Employee Stock Options,100000,150.74,15074000.0,650000,D,Clarke Ronald,CEO & Chairman of BOD,true,true,false,CEO & Chairman of BOD,SEC EDGAR
COIN|0001679788-26-000062|nonDerivative|2026-05-27|Grewal Paul|S|Class A Common Stock|321|174.9887|D,2026-05-31 10:00:17+0000,COIN,"Coinbase Global, Inc.",0001679788,4,2026-05-29,2026-05-27,0001679788-26-000062,https://www.sec.gov/Archives/edgar/data/1679788/000167978826000062/wk-form4_1780092764.xml,nonDerivative,2026-05-27,S,Class A Common Stock,321,174.9887,56171.3727,86392,D,Grewal Paul,"Officer, Chief Legal Officer",0,1,0,Chief Legal Officer,SEC EDGAR
COIN|0001679788-26-000062|nonDerivative|2026-05-27|Grewal Paul|S|Class A Common Stock|589|175.7928|D,2026-05-31 10:00:17+0000,COIN,"Coinbase Global, Inc.",0001679788,4,2026-05-29,2026-05-27,0001679788-26-000062,https://www.sec.gov/Archives/edgar/data/1679788/000167978826000062/wk-form4_1780092764.xml,nonDerivative,2026-05-27,S,Class A Common Stock,589,175.7928,103541.9592,85803,D,Grewal Paul,"Officer, Chief Legal Officer",0,1,0,Chief Legal Officer,SEC EDGAR
COIN|0001679788-26-000062|nonDerivative|2026-05-27|Grewal Paul|S|Class A Common Stock|183|176.9335|D,2026-05-31 10:00:17+0000,COIN,"Coinbase Global, Inc.",0001679788,4,2026-05-29,2026-05-27,0001679788-26-000062,https://www.sec.gov/Archives/edgar/data/1679788/000167978826000062/wk-form4_1780092764.xml,nonDerivative,2026-05-27,S,Class A Common Stock,183,176.9335,32378.8305,85620,D,Grewal Paul,"Officer, Chief Legal Officer",0,1,0,Chief Legal Officer,SEC EDGAR
COIN|0001679788-26-000062|nonDerivative|2026-05-27|Grewal Paul|S|Class A Common Stock|454|177.7213|D,2026-05-31 10:00:17+0000,COIN,"Coinbase Global, Inc.",0001679788,4,2026-05-29,2026-05-27,0001679788-26-000062,https://www.sec.gov/Archives/edgar/data/1679788/000167978826000062/wk-form4_1780092764.xml,nonDerivative,2026-05-27,S,Class A Common Stock,454,177.7213,80685.47020000001,85166,D,Grewal Paul,"Officer, Chief Legal Officer",0,1,0,Chief Legal Officer,SEC EDGAR
COIN|0001679788-26-000062|nonDerivative|2026-05-27|Grewal Paul|S|Class A Common Stock|388|178.9089|D,2026-05-31 10:00:17+0000,COIN,"Coinbase Global, Inc.",0001679788,4,2026-05-29,2026-05-27,0001679788-26-000062,https://www.sec.gov/Archives/edgar/data/1679788/000167978826000062/wk-form4_1780092764.xml,nonDerivative,2026-05-27,S,Class A Common Stock,388,178.9089,69416.6532,84778,D,Grewal Paul,"Officer, Chief Legal Officer",0,1,0,Chief Legal Officer,SEC EDGAR
COIN|0001679788-26-000062|nonDerivative|2026-05-27|Grewal Paul|S|Class A Common Stock|25|179.5376|D,2026-05-31 10:00:17+0000,COIN,"Coinbase Global, Inc.",0001679788,4,2026-05-29,2026-05-27,0001679788-26-000062,https://www.sec.gov/Archives/edgar/data/1679788/000167978826000062/wk-form4_1780092764.xml,nonDerivative,2026-05-27,S,Class A Common Stock,25,179.5376,4488.44,84753,D,Grewal Paul,"Officer, Chief Legal Officer",0,1,0,Chief Legal Officer,SEC EDGAR
"CDW|0001402057-26-000040|nonDerivative|2026-05-27|NELMS DAVID W|P|Common Stock, par value $0.01|18000|111.43|D",2026-05-31 10:00:17+0000,CDW,CDW Corp,0001402057,4,2026-05-29,2026-05-27,0001402057-26-000040,https://www.sec.gov/Archives/edgar/data/1402057/000140205726000040/wk-form4_1780085005.xml,nonDerivative,2026-05-27,P,"Common Stock, par value $0.01",18000,111.43,2005740.0000000002,51025.12,D,NELMS DAVID W,Director,1,0,0,,SEC EDGAR
CB|0001193125-26-248279|nonDerivative|2026-05-27|Keogh John W|S|Common Shares|20176|321.449|D,2026-05-31 10:00:17+0000,CB,Chubb Ltd,0000896159,4,2026-05-29,2026-05-27,0001193125-26-248279,https://www.sec.gov/Archives/edgar/data/896159/000119312526248279/ownership.xml,nonDerivative,2026-05-27,S,Common Shares,20176,321.449,6485555.024,206145.67,D,Keogh John W,President &COO,false,true,false,President &COO,SEC EDGAR
CB|0001193125-26-248279|nonDerivative|2026-05-27|Keogh John W|S|Common Shares|2824|321.9494|D,2026-05-31 10:00:17+0000,CB,Chubb Ltd,0000896159,4,2026-05-29,2026-05-27,0001193125-26-248279,https://www.sec.gov/Archives/edgar/data/896159/000119312526248279/ownership.xml,nonDerivative,2026-05-27,S,Common Shares,2824,321.9494,909185.1056000001,203321.67,D,Keogh John W,President &COO,false,true,false,President &COO,SEC EDGAR
CB|0001193125-26-248279|nonDerivative|2026-05-27|Keogh John W|G|Common Shares|61000|0|D,2026-05-31 10:00:17+0000,CB,Chubb Ltd,0000896159,4,2026-05-29,2026-05-27,0001193125-26-248279,https://www.sec.gov/Archives/edgar/data/896159/000119312526248279/ownership.xml,nonDerivative,2026-05-27,G,Common Shares,61000,0,0.0,142321.67,D,Keogh John W,President &COO,false,true,false,President &COO,SEC EDGAR
CB|0001193125-26-248279|nonDerivative|2026-05-27|Keogh John W|G|Common Shares|61000|0|I,2026-05-31 10:00:17+0000,CB,Chubb Ltd,0000896159,4,2026-05-29,2026-05-27,0001193125-26-248279,https://www.sec.gov/Archives/edgar/data/896159/000119312526248279/ownership.xml,nonDerivative,2026-05-27,G,Common Shares,61000,0,0.0,61000,I,Keogh John W,President &COO,false,true,false,President &COO,SEC EDGAR
CB|0001193125-26-248279|nonDerivative|2026-05-28|Keogh John W|G|Common Shares|1352|0|D,2026-05-31 10:00:17+0000,CB,Chubb Ltd,0000896159,4,2026-05-29,2026-05-27,0001193125-26-248279,https://www.sec.gov/Archives/edgar/data/896159/000119312526248279/ownership.xml,nonDerivative,2026-05-28,G,Common Shares,1352,0,0.0,140969.67,D,Keogh John W,President &COO,false,true,false,President &COO,SEC EDGAR
BF-B|0001572783-26-000004|nonDerivative|2026-05-27|Whiting Lawson E|A|Class A Common|36389|0|D,2026-05-31 10:00:17+0000,BF-B,BROWN FORMAN CORP,0000014693,4,2026-05-29,2026-05-27,0001572783-26-000004,https://www.sec.gov/Archives/edgar/data/14693/000157278326000004/wk-form4_1780088362.xml,nonDerivative,2026-05-27,A,Class A Common,36389,0,0.0,43407,D,Whiting Lawson E,"Director, Officer, President & CEO",1,1,0,President & CEO,SEC EDGAR
BF-B|0001572783-26-000004|nonDerivative|2026-05-27|Whiting Lawson E|F|Class A Common|16494|26.72|D,2026-05-31 10:00:17+0000,BF-B,BROWN FORMAN CORP,0000014693,4,2026-05-29,2026-05-27,0001572783-26-000004,https://www.sec.gov/Archives/edgar/data/14693/000157278326000004/wk-form4_1780088362.xml,nonDerivative,2026-05-27,F,Class A Common,16494,26.72,440719.68,26913,D,Whiting Lawson E,"Director, Officer, President & CEO",1,1,0,President & CEO,SEC EDGAR
BF-B|0001938704-26-000002|nonDerivative|2026-05-27|Shepherd Jeremy J|A|Class  A Common|3010|0|D,2026-05-31 10:00:17+0000,BF-B,BROWN FORMAN CORP,0000014693,4,2026-05-29,2026-05-27,0001938704-26-000002,https://www.sec.gov/Archives/edgar/data/14693/000193870426000002/wk-form4_1780088580.xml,nonDerivative,2026-05-27,A,Class  A Common,3010,0,0.0,3567,D,Shepherd Jeremy J,"Officer, EVP, Chief Marketing",0,1,0,"EVP, Chief Marketing",SEC EDGAR
BF-B|0001938704-26-000002|nonDerivative|2026-05-27|Shepherd Jeremy J|F|Class  A Common|1357|26.72|D,2026-05-31 10:00:17+0000,BF-B,BROWN FORMAN CORP,0000014693,4,2026-05-29,2026-05-27,0001938704-26-000002,https://www.sec.gov/Archives/edgar/data/14693/000193870426000002/wk-form4_1780088580.xml,nonDerivative,2026-05-27,F,Class  A Common,1357,26.72,36259.04,2210,D,Shepherd Jeremy J,"Officer, EVP, Chief Marketing",0,1,0,"EVP, Chief Marketing",SEC EDGAR
BF-B|0001934972-26-000002|nonDerivative|2026-05-27|Peterson Crystal L|A|Class  A Common|1367|0|D,2026-05-31 10:00:17+0000,BF-B,BROWN FORMAN CORP,0000014693,4,2026-05-29,2026-05-27,0001934972-26-000002,https://www.sec.gov/Archives/edgar/data/14693/000193497226000002/wk-form4_1780088777.xml,nonDerivative,2026-05-27,A,Class  A Common,1367,0,0.0,1717,D,Peterson Crystal L,"Officer, EVP, Chief Incl/Global Comm",0,1,0,"EVP, Chief Incl/Global Comm",SEC EDGAR
BF-B|0001934972-26-000002|nonDerivative|2026-05-27|Peterson Crystal L|F|Class  A Common|616|26.72|D,2026-05-31 10:00:17+0000,BF-B,BROWN FORMAN CORP,0000014693,4,2026-05-29,2026-05-27,0001934972-26-000002,https://www.sec.gov/Archives/edgar/data/14693/000193497226000002/wk-form4_1780088777.xml,nonDerivative,2026-05-27,F,Class  A Common,616,26.72,16459.52,1101,D,Peterson Crystal L,"Officer, EVP, Chief Incl/Global Comm",0,1,0,"EVP, Chief Incl/Global Comm",SEC EDGAR
BF-B|0002012427-26-000002|nonDerivative|2026-05-27|Pafilis Yiannis|A|Class  A Common|272|0|D,2026-05-31 10:00:17+0000,BF-B,BROWN FORMAN CORP,0000014693,4,2026-05-29,2026-05-27,0002012427-26-000002,https://www.sec.gov/Archives/edgar/data/14693/000201242726000002/wk-form4_1780089017.xml,nonDerivative,2026-05-27,A,Class  A Common,272,0,0.0,272,D,Pafilis Yiannis,"Officer, EVP, Pres., EU, Africa, Asia",0,1,0,"EVP, Pres., EU, Africa, Asia",SEC EDGAR
BF-B|0002012427-26-000002|nonDerivative|2026-05-27|Pafilis Yiannis|F|Class  A Common|95|26.72|D,2026-05-31 10:00:17+0000,BF-B,BROWN FORMAN CORP,0000014693,4,2026-05-29,2026-05-27,0002012427-26-000002,https://www.sec.gov/Archives/edgar/data/14693/000201242726000002/wk-form4_1780089017.xml,nonDerivative,2026-05-27,F,Class  A Common,95,26.72,2538.4,177,D,Pafilis Yiannis,"Officer, EVP, Pres., EU, Africa, Asia",0,1,0,"EVP, Pres., EU, Africa, Asia",SEC EDGAR
BF-B|0002012427-26-000002|nonDerivative|2026-05-27|Pafilis Yiannis|A|Class  B Common|508|0|D,2026-05-31 10:00:17+0000,BF-B,BROWN FORMAN CORP,0000014693,4,2026-05-29,2026-05-27,0002012427-26-000002,https://www.sec.gov/Archives/edgar/data/14693/000201242726000002/wk-form4_1780089017.xml,nonDerivative,2026-05-27,A,Class  B Common,508,0,0.0,685,D,Pafilis Yiannis,"Officer, EVP, Pres., EU, Africa, Asia",0,1,0,"EVP, Pres., EU, Africa, Asia",SEC EDGAR
BF-B|0002012427-26-000002|nonDerivative|2026-05-27|Pafilis Yiannis|F|Class  B Common|177|25.94|D,2026-05-31 10:00:17+0000,BF-B,BROWN FORMAN CORP,0000014693,4,2026-05-29,2026-05-27,0002012427-26-000002,https://www.sec.gov/Archives/edgar/data/14693/000201242726000002/wk-form4_1780089017.xml,nonDerivative,2026-05-27,F,Class  B Common,177,25.94,4591.38,508,D,Pafilis Yiannis,"Officer, EVP, Pres., EU, Africa, Asia",0,1,0,"EVP, Pres., EU, Africa, Asia",SEC EDGAR
BF-B|0002029882-26-000002|nonDerivative|2026-05-27|Nguyen Diane F|A|Class  B Common|1346|0|D,2026-05-31 10:00:17+0000,BF-B,BROWN FORMAN CORP,0000014693,4,2026-05-29,2026-05-27,0002029882-26-000002,https://www.sec.gov/Archives/edgar/data/14693/000202988226000002/wk-form4_1780089527.xml,nonDerivative,2026-05-27,A,Class  B Common,1346,0,0.0,1636,D,Nguyen Diane F,"Officer, EVP, Chief Ppl & Comm",0,1,0,"EVP, Chief Ppl & Comm",SEC EDGAR
BF-B|0002029882-26-000002|nonDerivative|2026-05-27|Nguyen Diane F|F|Class  B Common|597|25.94|D,2026-05-31 10:00:17+0000,BF-B,BROWN FORMAN CORP,0000014693,4,2026-05-29,2026-05-27,0002029882-26-000002,https://www.sec.gov/Archives/edgar/data/14693/000202988226000002/wk-form4_1780089527.xml,nonDerivative,2026-05-27,F,Class  B Common,597,25.94,15486.18,1039,D,Nguyen Diane F,"Officer, EVP, Chief Ppl & Comm",0,1,0,"EVP, Chief Ppl & Comm",SEC EDGAR
BF-B|0001871904-26-000002|nonDerivative|2026-05-27|Nall Timothy M|A|Class  A Common|3010|0|D,2026-05-31 10:00:17+0000,BF-B,BROWN FORMAN CORP,0000014693,4,2026-05-29,2026-05-27,0001871904-26-000002,https://www.sec.gov/Archives/edgar/data/14693/000187190426000002/wk-form4_1780088061.xml,nonDerivative,2026-05-27,A,Class  A Common,3010,0,0.0,4115,D,Nall Timothy M,"Officer, EVP, Chief Supp/Tech",0,1,0,"EVP, Chief Supp/Tech",SEC EDGAR
BF-B|0001871904-26-000002|nonDerivative|2026-05-27|Nall Timothy M|F|Class  A Common|1065|26.72|D,2026-05-31 10:00:17+0000,BF-B,BROWN FORMAN CORP,0000014693,4,2026-05-29,2026-05-27,0001871904-26-000002,https://www.sec.gov/Archives/edgar/data/14693/000187190426000002/wk-form4_1780088061.xml,nonDerivative,2026-05-27,F,Class  A Common,1065,26.72,28456.8,3050,D,Nall Timothy M,"Officer, EVP, Chief Supp/Tech",0,1,0,"EVP, Chief Supp/Tech",SEC EDGAR
BF-B|0001719142-26-000002|nonDerivative|2026-05-27|Masick Michael Andrew|A|Class B Common|611|0|D,2026-05-31 10:00:17+0000,BF-B,BROWN FORMAN CORP,0000014693,4,2026-05-29,2026-05-27,0001719142-26-000002,https://www.sec.gov/Archives/edgar/data/14693/000171914226000002/wk-form4_1780090212.xml,nonDerivative,2026-05-27,A,Class B Common,611,0,0.0,1540,D,Masick Michael Andrew,"Officer, EVP/Pres., Americas",0,1,0,"EVP/Pres., Americas",SEC EDGAR
BF-B|0001719142-26-000002|nonDerivative|2026-05-27|Masick Michael Andrew|F|Class B Common|276|25.94|D,2026-05-31 10:00:17+0000,BF-B,BROWN FORMAN CORP,0000014693,4,2026-05-29,2026-05-27,0001719142-26-000002,https://www.sec.gov/Archives/edgar/data/14693/000171914226000002/wk-form4_1780090212.xml,nonDerivative,2026-05-27,F,Class B Common,276,25.94,7159.4400000000005,1264,D,Masick Michael Andrew,"Officer, EVP/Pres., Americas",0,1,0,"EVP/Pres., Americas",SEC EDGAR
BF-B|0002053121-26-000002|nonDerivative|2026-05-27|Graven Christina M|A|Class  B Common|1346|0|D,2026-05-31 10:00:17+0000,BF-B,BROWN FORMAN CORP,0000014693,4,2026-05-29,2026-05-27,0002053121-26-000002,https://www.sec.gov/Archives/edgar/data/14693/000205312126000002/wk-form4_1780089792.xml,nonDerivative,2026-05-27,A,Class  B Common,1346,0,0.0,2469,D,Graven Christina M,"Officer, EVP, Chief Strategy",0,1,0,"EVP, Chief Strategy",SEC EDGAR
BF-B|0002053121-26-000002|nonDerivative|2026-05-27|Graven Christina M|F|Class  B Common|607|25.94|D,2026-05-31 10:00:17+0000,BF-B,BROWN FORMAN CORP,0000014693,4,2026-05-29,2026-05-27,0002053121-26-000002,https://www.sec.gov/Archives/edgar/data/14693/000205312126000002/wk-form4_1780089792.xml,nonDerivative,2026-05-27,F,Class  B Common,607,25.94,15745.58,1862,D,Graven Christina M,"Officer, EVP, Chief Strategy",0,1,0,"EVP, Chief Strategy",SEC EDGAR
BF-B|0001423209-26-000004|nonDerivative|2026-05-27|Farrer Marshall|A|Class  A Common|4518|0|D,2026-05-31 10:00:17+0000,BF-B,BROWN FORMAN CORP,0000014693,4,2026-05-29,2026-05-27,0001423209-26-000004,https://www.sec.gov/Archives/edgar/data/14693/000142320926000004/wk-form4_1780089339.xml,nonDerivative,2026-05-27,A,Class  A Common,4518,0,0.0,6753,D,Farrer Marshall,Director,1,0,0,,SEC EDGAR
BF-B|0001423209-26-000004|nonDerivative|2026-05-27|Farrer Marshall|F|Class  A Common|2176|26.72|D,2026-05-31 10:00:17+0000,BF-B,BROWN FORMAN CORP,0000014693,4,2026-05-29,2026-05-27,0001423209-26-000004,https://www.sec.gov/Archives/edgar/data/14693/000142320926000004/wk-form4_1780089339.xml,nonDerivative,2026-05-27,F,Class  A Common,2176,26.72,58142.72,4577,D,Farrer Marshall,Director,1,0,0,,SEC EDGAR
BF-B|0001423209-26-000002|derivative|2025-07-24|Farrer Marshall|A|Stock Appreciation Right|5586|0|D,2026-05-31 10:00:17+0000,BF-B,BROWN FORMAN CORP,0000014693,4/A,2026-05-29,2025-07-24,0001423209-26-000002,https://www.sec.gov/Archives/edgar/data/14693/000142320926000002/wk-form4a_1780089192.xml,derivative,2025-07-24,A,Stock Appreciation Right,5586,0,0.0,5586,D,Farrer Marshall,Director,1,0,0,,SEC EDGAR
BF-B|0002012793-26-000002|nonDerivative|2026-05-27|Carr Michael E Jr|A|Class  B Common|611|0|D,2026-05-31 10:00:17+0000,BF-B,BROWN FORMAN CORP,0000014693,4,2026-05-29,2026-05-27,0002012793-26-000002,https://www.sec.gov/Archives/edgar/data/14693/000201279326000002/wk-form4_1780090036.xml,nonDerivative,2026-05-27,A,Class  B Common,611,0,0.0,860,D,Carr Michael E Jr,"Officer, EVP, General Counsel,Secretary",0,1,0,"EVP, General Counsel,Secretary",SEC EDGAR
BF-B|0002012793-26-000002|nonDerivative|2026-05-27|Carr Michael E Jr|F|Class  B Common|245|25.94|D,2026-05-31 10:00:17+0000,BF-B,BROWN FORMAN CORP,0000014693,4,2026-05-29,2026-05-27,0002012793-26-000002,https://www.sec.gov/Archives/edgar/data/14693/000201279326000002/wk-form4_1780090036.xml,nonDerivative,2026-05-27,F,Class  B Common,245,25.94,6355.3,615,D,Carr Michael E Jr,"Officer, EVP, General Counsel,Secretary",0,1,0,"EVP, General Counsel,Secretary",SEC EDGAR
AZO|0001225208-26-005652|nonDerivative|2026-05-29|Hannasch Brian|P|Common Stock|165.0000|2987.0000|D,2026-05-31 10:00:17+0000,AZO,AUTOZONE INC,0000866787,4,2026-05-29,2026-05-29,0001225208-26-005652,https://www.sec.gov/Archives/edgar/data/866787/000122520826005652/doc4.xml,nonDerivative,2026-05-29,P,Common Stock,165.0000,2987.0000,492855.0,1219.4500,D,Hannasch Brian,Director,1,,,,SEC EDGAR
APP|0002003065-26-000004|nonDerivative|2026-05-28|Stumpf Matthew|S|Class A Common Stock|9052.00|600.00|D,2026-05-31 10:00:17+0000,APP,AppLovin Corp,0001751008,4,2026-05-29,2026-05-28,0002003065-26-000004,https://www.sec.gov/Archives/edgar/data/1751008/000200306526000004/primarydocument.xml,nonDerivative,2026-05-28,S,Class A Common Stock,9052.00,600.00,5431200.0,177450.00,D,Stumpf Matthew,Chief Financial Officer (CFO),false,true,false,Chief Financial Officer (CFO),SEC EDGAR
APO|0001272588-26-000006|nonDerivative|2026-05-27|KLEINMAN SCOTT|G|Common Stock|13424|0|I,2026-05-31 10:00:17+0000,APO,"Apollo Global Management, Inc.",0001858681,4,2026-05-29,2026-05-27,0001272588-26-000006,https://www.sec.gov/Archives/edgar/data/1858681/000127258826000006/wk-form4_1780086667.xml,nonDerivative,2026-05-27,G,Common Stock,13424,0,0.0,226873,I,KLEINMAN SCOTT,"Director, Officer, Co-President (See Remarks)",1,1,0,Co-President (See Remarks),SEC EDGAR
"AFL|0001104659-26-067962|nonDerivative|2026-05-27|Japan Post Holdings Co., Ltd.|S|Common Stock|6957|114.86|I",2026-05-31 10:00:17+0000,AFL,AFLAC INC,0000004977,4,2026-05-29,2026-05-27,0001104659-26-067962,https://www.sec.gov/Archives/edgar/data/4977/000110465926067962/tm2615867-1_4seq1.xml,nonDerivative,2026-05-27,S,Common Stock,6957,114.86,799081.02,51306588,I,"Japan Post Holdings Co., Ltd.",10% Owner,0,0,1,,SEC EDGAR
"AFL|0001104659-26-067962|nonDerivative|2026-05-27|Japan Post Holdings Co., Ltd.|S|Common Stock|1340|115.91|I",2026-05-31 10:00:17+0000,AFL,AFLAC INC,0000004977,4,2026-05-29,2026-05-27,0001104659-26-067962,https://www.sec.gov/Archives/edgar/data/4977/000110465926067962/tm2615867-1_4seq1.xml,nonDerivative,2026-05-27,S,Common Stock,1340,115.91,155319.4,51305248,I,"Japan Post Holdings Co., Ltd.",10% Owner,0,0,1,,SEC EDGAR
"AFL|0001104659-26-067962|nonDerivative|2026-05-27|Japan Post Holdings Co., Ltd.|S|Common Stock|3103|116.74|I",2026-05-31 10:00:17+0000,AFL,AFLAC INC,0000004977,4,2026-05-29,2026-05-27,0001104659-26-067962,https://www.sec.gov/Archives/edgar/data/4977/000110465926067962/tm2615867-1_4seq1.xml,nonDerivative,2026-05-27,S,Common Stock,3103,116.74,362244.22,51302145,I,"Japan Post Holdings Co., Ltd.",10% Owner,0,0,1,,SEC EDGAR
ADSK|0000769397-26-000046|nonDerivative|2026-05-29|Smith Stacy J|P|Common Stock|696|230.48|D,2026-05-31 10:00:17+0000,ADSK,"Autodesk, Inc.",0000769397,4,2026-05-29,2026-05-29,0000769397-26-000046,https://www.sec.gov/Archives/edgar/data/769397/000076939726000046/wk-form4_1780097667.xml,nonDerivative,2026-05-29,P,Common Stock,696,230.48,160414.08,23778,D,Smith Stacy J,Director,1,0,0,,SEC EDGAR
ADSK|0000769397-26-000046|nonDerivative|2026-05-29|Smith Stacy J|P|Common Stock|2739|231.34|D,2026-05-31 10:00:17+0000,ADSK,"Autodesk, Inc.",0000769397,4,2026-05-29,2026-05-29,0000769397-26-000046,https://www.sec.gov/Archives/edgar/data/769397/000076939726000046/wk-form4_1780097667.xml,nonDerivative,2026-05-29,P,Common Stock,2739,231.34,633640.26,26517,D,Smith Stacy J,Director,1,0,0,,SEC EDGAR
ABNB|0001193125-26-249210|nonDerivative|2026-05-27|Chesky Brian|S|Class A Common Stock|1787|131.9577|D,2026-05-31 10:00:17+0000,ABNB,"Airbnb, Inc.",0001559720,4,2026-05-29,2026-05-27,0001193125-26-249210,https://www.sec.gov/Archives/edgar/data/1559720/000119312526249210/ownership.xml,nonDerivative,2026-05-27,S,Class A Common Stock,1787,131.9577,235808.40989999997,11699898,D,Chesky Brian,CEO and Chairman,true,true,true,CEO and Chairman,SEC EDGAR
ABNB|0001193125-26-249210|nonDerivative|2026-05-27|Chesky Brian|S|Class A Common Stock|94050|132.5199|D,2026-05-31 10:00:17+0000,ABNB,"Airbnb, Inc.",0001559720,4,2026-05-29,2026-05-27,0001193125-26-249210,https://www.sec.gov/Archives/edgar/data/1559720/000119312526249210/ownership.xml,nonDerivative,2026-05-27,S,Class A Common Stock,94050,132.5199,12463496.595,11605848,D,Chesky Brian,CEO and Chairman,true,true,true,CEO and Chairman,SEC EDGAR
ABNB|0001193125-26-249210|nonDerivative|2026-05-27|Chesky Brian|S|Class A Common Stock|94832|133.3707|D,2026-05-31 10:00:17+0000,ABNB,"Airbnb, Inc.",0001559720,4,2026-05-29,2026-05-27,0001193125-26-249210,https://www.sec.gov/Archives/edgar/data/1559720/000119312526249210/ownership.xml,nonDerivative,2026-05-27,S,Class A Common Stock,94832,133.3707,12647810.2224,11511016,D,Chesky Brian,CEO and Chairman,true,true,true,CEO and Chairman,SEC EDGAR
ABNB|0001193125-26-249210|nonDerivative|2026-05-27|Chesky Brian|S|Class A Common Stock|38881|134.2002|D,2026-05-31 10:00:17+0000,ABNB,"Airbnb, Inc.",0001559720,4,2026-05-29,2026-05-27,0001193125-26-249210,https://www.sec.gov/Archives/edgar/data/1559720/000119312526249210/ownership.xml,nonDerivative,2026-05-27,S,Class A Common Stock,38881,134.2002,5217837.976199999,11472135,D,Chesky Brian,CEO and Chairman,true,true,true,CEO and Chairman,SEC EDGAR
ABNB|0001193125-26-249210|nonDerivative|2026-05-27|Chesky Brian|S|Class A Common Stock|8033|132.5436|I,2026-05-31 10:00:17+0000,ABNB,"Airbnb, Inc.",0001559720,4,2026-05-29,2026-05-27,0001193125-26-249210,https://www.sec.gov/Archives/edgar/data/1559720/000119312526249210/ownership.xml,nonDerivative,2026-05-27,S,Class A Common Stock,8033,132.5436,1064722.7388,37821,I,Chesky Brian,CEO and Chairman,true,true,true,CEO and Chairman,SEC EDGAR
ABNB|0001193125-26-249210|nonDerivative|2026-05-27|Chesky Brian|S|Class A Common Stock|8833|133.3827|I,2026-05-31 10:00:17+0000,ABNB,"Airbnb, Inc.",0001559720,4,2026-05-29,2026-05-27,0001193125-26-249210,https://www.sec.gov/Archives/edgar/data/1559720/000119312526249210/ownership.xml,nonDerivative,2026-05-27,S,Class A Common Stock,8833,133.3827,1178169.3891,28988,I,Chesky Brian,CEO and Chairman,true,true,true,CEO and Chairman,SEC EDGAR
ABNB|0001193125-26-249210|nonDerivative|2026-05-27|Chesky Brian|S|Class A Common Stock|3134|134.1815|I,2026-05-31 10:00:17+0000,ABNB,"Airbnb, Inc.",0001559720,4,2026-05-29,2026-05-27,0001193125-26-249210,https://www.sec.gov/Archives/edgar/data/1559720/000119312526249210/ownership.xml,nonDerivative,2026-05-27,S,Class A Common Stock,3134,134.1815,420524.821,25854,I,Chesky Brian,CEO and Chairman,true,true,true,CEO and Chairman,SEC EDGAR
ABNB|0001193125-26-249210|nonDerivative|2026-05-28|Chesky Brian|S|Class A Common Stock|1249|129.8240|D,2026-05-31 10:00:17+0000,ABNB,"Airbnb, Inc.",0001559720,4,2026-05-29,2026-05-27,0001193125-26-249210,https://www.sec.gov/Archives/edgar/data/1559720/000119312526249210/ownership.xml,nonDerivative,2026-05-28,S,Class A Common Stock,1249,129.8240,162150.176,11470886,D,Chesky Brian,CEO and Chairman,true,true,true,CEO and Chairman,SEC EDGAR
ABNB|0001193125-26-249210|nonDerivative|2026-05-28|Chesky Brian|S|Class A Common Stock|18458|130.8468|D,2026-05-31 10:00:17+0000,ABNB,"Airbnb, Inc.",0001559720,4,2026-05-29,2026-05-27,0001193125-26-249210,https://www.sec.gov/Archives/edgar/data/1559720/000119312526249210/ownership.xml,nonDerivative,2026-05-28,S,Class A Common Stock,18458,130.8468,2415170.2344,11452428,D,Chesky Brian,CEO and Chairman,true,true,true,CEO and Chairman,SEC EDGAR
ABNB|0001193125-26-249210|nonDerivative|2026-05-28|Chesky Brian|S|Class A Common Stock|151214|131.5574|D,2026-05-31 10:00:17+0000,ABNB,"Airbnb, Inc.",0001559720,4,2026-05-29,2026-05-27,0001193125-26-249210,https://www.sec.gov/Archives/edgar/data/1559720/000119312526249210/ownership.xml,nonDerivative,2026-05-28,S,Class A Common Stock,151214,131.5574,19893320.6836,11301214,D,Chesky Brian,CEO and Chairman,true,true,true,CEO and Chairman,SEC EDGAR
ABNB|0001193125-26-249210|nonDerivative|2026-05-28|Chesky Brian|S|Class A Common Stock|37696|132.6062|D,2026-05-31 10:00:17+0000,ABNB,"Airbnb, Inc.",0001559720,4,2026-05-29,2026-05-27,0001193125-26-249210,https://www.sec.gov/Archives/edgar/data/1559720/000119312526249210/ownership.xml,nonDerivative,2026-05-28,S,Class A Common Stock,37696,132.6062,4998723.3152,11263518,D,Chesky Brian,CEO and Chairman,true,true,true,CEO and Chairman,SEC EDGAR
ABNB|0001193125-26-249210|nonDerivative|2026-05-28|Chesky Brian|S|Class A Common Stock|12556|133.4792|D,2026-05-31 10:00:17+0000,ABNB,"Airbnb, Inc.",0001559720,4,2026-05-29,2026-05-27,0001193125-26-249210,https://www.sec.gov/Archives/edgar/data/1559720/000119312526249210/ownership.xml,nonDerivative,2026-05-28,S,Class A Common Stock,12556,133.4792,1675964.8351999999,11250962,D,Chesky Brian,CEO and Chairman,true,true,true,CEO and Chairman,SEC EDGAR
ABNB|0001193125-26-249210|nonDerivative|2026-05-28|Chesky Brian|S|Class A Common Stock|44573|134.4372|D,2026-05-31 10:00:17+0000,ABNB,"Airbnb, Inc.",0001559720,4,2026-05-29,2026-05-27,0001193125-26-249210,https://www.sec.gov/Archives/edgar/data/1559720/000119312526249210/ownership.xml,nonDerivative,2026-05-28,S,Class A Common Stock,44573,134.4372,5992269.315599999,11206389,D,Chesky Brian,CEO and Chairman,true,true,true,CEO and Chairman,SEC EDGAR
AAPL|0001140361-26-023363|nonDerivative|2026-05-27|LEVINSON ARTHUR D|S|Common Stock|50000|311.02|D,2026-05-31 10:00:17+0000,AAPL,Apple Inc.,0000320193,4,2026-05-29,2026-05-27,0001140361-26-023363,https://www.sec.gov/Archives/edgar/data/320193/000114036126023363/form4.xml,nonDerivative,2026-05-27,S,Common Stock,50000,311.02,15551000.0,3764576,D,LEVINSON ARTHUR D,,true,,,,SEC EDGAR
AAPL|0001140361-26-023363|nonDerivative|2026-05-27|LEVINSON ARTHUR D|G|Common Stock|65000|0|D,2026-05-31 10:00:17+0000,AAPL,Apple Inc.,0000320193,4,2026-05-29,2026-05-27,0001140361-26-023363,https://www.sec.gov/Archives/edgar/data/320193/000114036126023363/form4.xml,nonDerivative,2026-05-27,G,Common Stock,65000,0,0.0,3699576,D,LEVINSON ARTHUR D,,true,,,,SEC EDGAR
ZBRA|0001628280-26-038811|nonDerivative|2026-05-26|Luff Loizides Melissa|S|Class A Common Stock|500|253.95|D,2026-05-31 10:00:17+0000,ZBRA,ZEBRA TECHNOLOGIES CORP,0000877212,4,2026-05-28,2026-05-26,0001628280-26-038811,https://www.sec.gov/Archives/edgar/data/877212/000162828026038811/wk-form4_1779999071.xml,nonDerivative,2026-05-26,S,Class A Common Stock,500,253.95,126975.0,3702,D,Luff Loizides Melissa,"Officer, Chief People Officer",0,1,0,Chief People Officer,SEC EDGAR
WDC|0001266824-26-000111|nonDerivative|2026-05-26|Das Manuvir|A|Common Stock|772|0.0|D,2026-05-31 10:00:17+0000,WDC,WESTERN DIGITAL CORP,0000106040,4,2026-05-28,2026-05-26,0001266824-26-000111,https://www.sec.gov/Archives/edgar/data/106040/000126682426000111/edgardoc.xml,nonDerivative,2026-05-26,A,Common Stock,772,0.0,0.0,772,D,Das Manuvir,Director,1,0,0,,SEC EDGAR
UAL|0000100517-26-000117|nonDerivative|2026-05-26|Gebo Kate|S|Common Stock|34669|105.414|D,2026-05-31 10:00:17+0000,UAL,"United Airlines Holdings, Inc.",0000100517,4,2026-05-28,2026-05-26,0000100517-26-000117,https://www.sec.gov/Archives/edgar/data/100517/000010051726000117/wk-form4_1780006421.xml,nonDerivative,2026-05-26,S,Common Stock,34669,105.414,3654597.966,67707,D,Gebo Kate,"Officer, EVP HR and Labor Relations",0,1,0,EVP HR and Labor Relations,SEC EDGAR
UAL|0000100517-26-000117|nonDerivative|2026-05-27|Gebo Kate|G|Common Stock|3657|0|D,2026-05-31 10:00:17+0000,UAL,"United Airlines Holdings, Inc.",0000100517,4,2026-05-28,2026-05-26,0000100517-26-000117,https://www.sec.gov/Archives/edgar/data/100517/000010051726000117/wk-form4_1780006421.xml,nonDerivative,2026-05-27,G,Common Stock,3657,0,0.0,64050,D,Gebo Kate,"Officer, EVP HR and Labor Relations",0,1,0,EVP HR and Labor Relations,SEC EDGAR
UAL|0000100517-26-000117|nonDerivative|2026-05-26|Gebo Kate|S|Common Stock|5331|105.51|I,2026-05-31 10:00:17+0000,UAL,"United Airlines Holdings, Inc.",0000100517,4,2026-05-28,2026-05-26,0000100517-26-000117,https://www.sec.gov/Archives/edgar/data/100517/000010051726000117/wk-form4_1780006421.xml,nonDerivative,2026-05-26,S,Common Stock,5331,105.51,562473.81,60393,I,Gebo Kate,"Officer, EVP HR and Labor Relations",0,1,0,EVP HR and Labor Relations,SEC EDGAR
UAL|0000100517-26-000117|nonDerivative|2026-05-27|Gebo Kate|G|Common Stock|3657|0|I,2026-05-31 10:00:17+0000,UAL,"United Airlines Holdings, Inc.",0000100517,4,2026-05-28,2026-05-26,0000100517-26-000117,https://www.sec.gov/Archives/edgar/data/100517/000010051726000117/wk-form4_1780006421.xml,nonDerivative,2026-05-27,G,Common Stock,3657,0,0.0,64050,I,Gebo Kate,"Officer, EVP HR and Labor Relations",0,1,0,EVP HR and Labor Relations,SEC EDGAR
TTWO|0000946581-26-000036|nonDerivative|2026-05-26|ZELNICK STRAUSS|S|Common Stock|19457|221.37|I,2026-05-31 10:00:17+0000,TTWO,TAKE TWO INTERACTIVE SOFTWARE INC,0000946581,4,2026-05-28,2026-05-26,0000946581-26-000036,https://www.sec.gov/Archives/edgar/data/946581/000094658126000036/form4.xml,nonDerivative,2026-05-26,S,Common Stock,19457,221.37,4307196.09,151299,I,ZELNICK STRAUSS,"Director, Officer, Chairman, CEO",1,1,,"Chairman, CEO",SEC EDGAR
TTWO|0000946581-26-000036|nonDerivative|2026-05-26|ZELNICK STRAUSS|S|Common Stock|22338|222.39|I,2026-05-31 10:00:17+0000,TTWO,TAKE TWO INTERACTIVE SOFTWARE INC,0000946581,4,2026-05-28,2026-05-26,0000946581-26-000036,https://www.sec.gov/Archives/edgar/data/946581/000094658126000036/form4.xml,nonDerivative,2026-05-26,S,Common Stock,22338,222.39,4967747.819999999,128961,I,ZELNICK STRAUSS,"Director, Officer, Chairman, CEO",1,1,,"Chairman, CEO",SEC EDGAR
TTWO|0000946581-26-000036|nonDerivative|2026-05-26|ZELNICK STRAUSS|S|Common Stock|2100|223.53|I,2026-05-31 10:00:17+0000,TTWO,TAKE TWO INTERACTIVE SOFTWARE INC,0000946581,4,2026-05-28,2026-05-26,0000946581-26-000036,https://www.sec.gov/Archives/edgar/data/946581/000094658126000036/form4.xml,nonDerivative,2026-05-26,S,Common Stock,2100,223.53,469413.0,126861,I,ZELNICK STRAUSS,"Director, Officer, Chairman, CEO",1,1,,"Chairman, CEO",SEC EDGAR
TTWO|0000946581-26-000036|nonDerivative|2026-05-26|ZELNICK STRAUSS|S|Common Stock|397|224.28|I,2026-05-31 10:00:17+0000,TTWO,TAKE TWO INTERACTIVE SOFTWARE INC,0000946581,4,2026-05-28,2026-05-26,0000946581-26-000036,https://www.sec.gov/Archives/edgar/data/946581/000094658126000036/form4.xml,nonDerivative,2026-05-26,S,Common Stock,397,224.28,89039.16,126464,I,ZELNICK STRAUSS,"Director, Officer, Chairman, CEO",1,1,,"Chairman, CEO",SEC EDGAR
TTWO|0000946581-26-000036|nonDerivative|2026-05-26|ZELNICK STRAUSS|S|Common Stock|3868|222.46|I,2026-05-31 10:00:17+0000,TTWO,TAKE TWO INTERACTIVE SOFTWARE INC,0000946581,4,2026-05-28,2026-05-26,0000946581-26-000036,https://www.sec.gov/Archives/edgar/data/946581/000094658126000036/form4.xml,nonDerivative,2026-05-26,S,Common Stock,3868,222.46,860475.28,65929,I,ZELNICK STRAUSS,"Director, Officer, Chairman, CEO",1,1,,"Chairman, CEO",SEC EDGAR
TTWO|0000946581-26-000036|nonDerivative|2026-05-26|ZELNICK STRAUSS|S|Common Stock|1600|223.44|I,2026-05-31 10:00:17+0000,TTWO,TAKE TWO INTERACTIVE SOFTWARE INC,0000946581,4,2026-05-28,2026-05-26,0000946581-26-000036,https://www.sec.gov/Archives/edgar/data/946581/000094658126000036/form4.xml,nonDerivative,2026-05-26,S,Common Stock,1600,223.44,357504.0,64329,I,ZELNICK STRAUSS,"Director, Officer, Chairman, CEO",1,1,,"Chairman, CEO",SEC EDGAR
TTWO|0000946581-26-000036|nonDerivative|2026-05-26|ZELNICK STRAUSS|S|Common Stock|240|224.33|I,2026-05-31 10:00:17+0000,TTWO,TAKE TWO INTERACTIVE SOFTWARE INC,0000946581,4,2026-05-28,2026-05-26,0000946581-26-000036,https://www.sec.gov/Archives/edgar/data/946581/000094658126000036/form4.xml,nonDerivative,2026-05-26,S,Common Stock,240,224.33,53839.200000000004,64089,I,ZELNICK STRAUSS,"Director, Officer, Chairman, CEO",1,1,,"Chairman, CEO",SEC EDGAR
TTWO|0000946581-26-000036|nonDerivative|2026-05-26|ZELNICK STRAUSS|G|Common Stock|20000|0|I,2026-05-31 10:00:17+0000,TTWO,TAKE TWO INTERACTIVE SOFTWARE INC,0000946581,4,2026-05-28,2026-05-26,0000946581-26-000036,https://www.sec.gov/Archives/edgar/data/946581/000094658126000036/form4.xml,nonDerivative,2026-05-26,G,Common Stock,20000,0,0.0,20000,I,ZELNICK STRAUSS,"Director, Officer, Chairman, CEO",1,1,,"Chairman, CEO",SEC EDGAR
TTWO|0000946581-26-000036|nonDerivative|2026-05-26|ZELNICK STRAUSS|S|Common Stock|1672|221.71|I,2026-05-31 10:00:17+0000,TTWO,TAKE TWO INTERACTIVE SOFTWARE INC,0000946581,4,2026-05-28,2026-05-26,0000946581-26-000036,https://www.sec.gov/Archives/edgar/data/946581/000094658126000036/form4.xml,nonDerivative,2026-05-26,S,Common Stock,1672,221.71,370699.12,18328,I,ZELNICK STRAUSS,"Director, Officer, Chairman, CEO",1,1,,"Chairman, CEO",SEC EDGAR
TTWO|0000946581-26-000036|nonDerivative|2026-05-26|ZELNICK STRAUSS|S|Common Stock|15606|222.34|I,2026-05-31 10:00:17+0000,TTWO,TAKE TWO INTERACTIVE SOFTWARE INC,0000946581,4,2026-05-28,2026-05-26,0000946581-26-000036,https://www.sec.gov/Archives/edgar/data/946581/000094658126000036/form4.xml,nonDerivative,2026-05-26,S,Common Stock,15606,222.34,3469838.04,2722,I,ZELNICK STRAUSS,"Director, Officer, Chairman, CEO",1,1,,"Chairman, CEO",SEC EDGAR
TTWO|0000946581-26-000036|nonDerivative|2026-05-26|ZELNICK STRAUSS|S|Common Stock|2522|223.46|I,2026-05-31 10:00:17+0000,TTWO,TAKE TWO INTERACTIVE SOFTWARE INC,0000946581,4,2026-05-28,2026-05-26,0000946581-26-000036,https://www.sec.gov/Archives/edgar/data/946581/000094658126000036/form4.xml,nonDerivative,2026-05-26,S,Common Stock,2522,223.46,563566.12,200,I,ZELNICK STRAUSS,"Director, Officer, Chairman, CEO",1,1,,"Chairman, CEO",SEC EDGAR
TTWO|0000946581-26-000036|nonDerivative|2026-05-26|ZELNICK STRAUSS|S|Common Stock|200|224.06|I,2026-05-31 10:00:17+0000,TTWO,TAKE TWO INTERACTIVE SOFTWARE INC,0000946581,4,2026-05-28,2026-05-26,0000946581-26-000036,https://www.sec.gov/Archives/edgar/data/946581/000094658126000036/form4.xml,nonDerivative,2026-05-26,S,Common Stock,200,224.06,44812.0,0,I,ZELNICK STRAUSS,"Director, Officer, Chairman, CEO",1,1,,"Chairman, CEO",SEC EDGAR
TRMB|0000864749-26-000086|derivative|2026-05-26|Wibergh Johan|A|Restricted Stock Unit|4725|0|D,2026-05-31 10:00:17+0000,TRMB,TRIMBLE INC.,0000864749,4,2026-05-28,2026-05-26,0000864749-26-000086,https://www.sec.gov/Archives/edgar/data/864749/000086474926000086/wk-form4_1780001178.xml,derivative,2026-05-26,A,Restricted Stock Unit,4725,0,0.0,4725,D,Wibergh Johan,Director,1,0,0,,SEC EDGAR
TRMB|0000864749-26-000087|derivative|2026-05-26|Sweet Thomas W|A|Restricted Stock Unit|4725|0|D,2026-05-31 10:00:17+0000,TRMB,TRIMBLE INC.,0000864749,4,2026-05-28,2026-05-26,0000864749-26-000087,https://www.sec.gov/Archives/edgar/data/864749/000086474926000087/wk-form4_1780001184.xml,derivative,2026-05-26,A,Restricted Stock Unit,4725,0,0.0,4725,D,Sweet Thomas W,Director,1,0,0,,SEC EDGAR
TRMB|0000864749-26-000085|derivative|2026-05-26|SPRAGUE KARA LYNN|A|Restricted Stock Unit|4725|0|D,2026-05-31 10:00:17+0000,TRMB,TRIMBLE INC.,0000864749,4,2026-05-28,2026-05-26,0000864749-26-000085,https://www.sec.gov/Archives/edgar/data/864749/000086474926000085/wk-form4_1780001172.xml,derivative,2026-05-26,A,Restricted Stock Unit,4725,0,0.0,4725,D,SPRAGUE KARA LYNN,Director,1,0,0,,SEC EDGAR
TRMB|0000864749-26-000083|derivative|2026-05-26|Nersesian Ronald S.|A|Restricted Stock Unit|4725|0|D,2026-05-31 10:00:17+0000,TRMB,TRIMBLE INC.,0000864749,4,2026-05-28,2026-05-26,0000864749-26-000083,https://www.sec.gov/Archives/edgar/data/864749/000086474926000083/wk-form4_1780001160.xml,derivative,2026-05-26,A,Restricted Stock Unit,4725,0,0.0,4725,D,Nersesian Ronald S.,Director,1,0,0,,SEC EDGAR
TRMB|0000864749-26-000082|derivative|2026-05-26|Lloyd Meaghan|A|Restricted Stock Unit|4725|0|D,2026-05-31 10:00:17+0000,TRMB,TRIMBLE INC.,0000864749,4,2026-05-28,2026-05-26,0000864749-26-000082,https://www.sec.gov/Archives/edgar/data/864749/000086474926000082/wk-form4_1780001155.xml,derivative,2026-05-26,A,Restricted Stock Unit,4725,0,0.0,4725,D,Lloyd Meaghan,Director,1,0,0,,SEC EDGAR
TRMB|0000864749-26-000084|derivative|2026-05-26|Gabriel Kaigham|A|Restricted Stock Unit|4725|0|D,2026-05-31 10:00:17+0000,TRMB,TRIMBLE INC.,0000864749,4,2026-05-28,2026-05-26,0000864749-26-000084,https://www.sec.gov/Archives/edgar/data/864749/000086474926000084/wk-form4_1780001167.xml,derivative,2026-05-26,A,Restricted Stock Unit,4725,0,0.0,4725,D,Gabriel Kaigham,Director,1,0,0,,SEC EDGAR
TRMB|0000864749-26-000081|derivative|2026-05-26|EKHOLM BORJE|A|Restricted Stock Unit|4725|0|D,2026-05-31 10:00:17+0000,TRMB,TRIMBLE INC.,0000864749,4,2026-05-28,2026-05-26,0000864749-26-000081,https://www.sec.gov/Archives/edgar/data/864749/000086474926000081/wk-form4_1780001146.xml,derivative,2026-05-26,A,Restricted Stock Unit,4725,0,0.0,4725,D,EKHOLM BORJE,Director,1,0,0,,SEC EDGAR
TPL|0001437749-26-018683|nonDerivative|2026-05-26|HORIZON KINETICS ASSET MANAGEMENT LLC|P|Common Stock|1|402.90|D,2026-05-31 10:00:17+0000,TPL,Texas Pacific Land Corp,0001811074,4,2026-05-28,2026-05-26,0001437749-26-018683,https://www.sec.gov/Archives/edgar/data/1811074/000143774926018683/rdgdoc.xml,nonDerivative,2026-05-26,P,Common Stock,1,402.90,402.9,3395621,D,HORIZON KINETICS ASSET MANAGEMENT LLC,10% Owner,,,1,,SEC EDGAR
TPL|0001437749-26-018683|nonDerivative|2026-05-27|HORIZON KINETICS ASSET MANAGEMENT LLC|P|Common Stock|1|404.86|D,2026-05-31 10:00:17+0000,TPL,Texas Pacific Land Corp,0001811074,4,2026-05-28,2026-05-26,0001437749-26-018683,https://www.sec.gov/Archives/edgar/data/1811074/000143774926018683/rdgdoc.xml,nonDerivative,2026-05-27,P,Common Stock,1,404.86,404.86,3395622,D,HORIZON KINETICS ASSET MANAGEMENT LLC,10% Owner,,,1,,SEC EDGAR
TGT|0001288709-26-000010|nonDerivative|2026-05-27|Cornell Brian C|S|Common Stock|49000|129.8383|I,2026-05-31 10:00:17+0000,TGT,TARGET CORP,0000027419,4,2026-05-28,2026-05-27,0001288709-26-000010,https://www.sec.gov/Archives/edgar/data/27419/000128870926000010/wk-form4_1780002107.xml,nonDerivative,2026-05-27,S,Common Stock,49000,129.8383,6362076.7,194270,I,Cornell Brian C,"Director, Officer, Executive Officer",1,1,0,Executive Officer,SEC EDGAR
TGT|0001288709-26-000010|nonDerivative|2026-05-27|Cornell Brian C|S|Common Stock|1000|130.5459|I,2026-05-31 10:00:17+0000,TGT,TARGET CORP,0000027419,4,2026-05-28,2026-05-27,0001288709-26-000010,https://www.sec.gov/Archives/edgar/data/27419/000128870926000010/wk-form4_1780002107.xml,nonDerivative,2026-05-27,S,Common Stock,1000,130.5459,130545.9,193270,I,Cornell Brian C,"Director, Officer, Executive Officer",1,1,0,Executive Officer,SEC EDGAR
SYK|0001242914-26-000008|nonDerivative|2026-05-26|STRYKER RONDA E|S|Common Stock|21807|310.77|I,2026-05-31 10:00:17+0000,SYK,STRYKER CORP,0000310764,4,2026-05-28,2026-05-26,0001242914-26-000008,https://www.sec.gov/Archives/edgar/data/310764/000124291426000008/wk-form4_1780003353.xml,nonDerivative,2026-05-26,S,Common Stock,21807,310.77,6776961.39,2209366,I,STRYKER RONDA E,Director,1,0,0,,SEC EDGAR
SYK|0001242914-26-000008|nonDerivative|2026-05-26|STRYKER RONDA E|S|Common Stock|115960|311.596|I,2026-05-31 10:00:17+0000,SYK,STRYKER CORP,0000310764,4,2026-05-28,2026-05-26,0001242914-26-000008,https://www.sec.gov/Archives/edgar/data/310764/000124291426000008/wk-form4_1780003353.xml,nonDerivative,2026-05-26,S,Common Stock,115960,311.596,36132672.160000004,2093406,I,STRYKER RONDA E,Director,1,0,0,,SEC EDGAR
SYK|0001242914-26-000008|nonDerivative|2026-05-26|STRYKER RONDA E|S|Common Stock|114059|312.444|I,2026-05-31 10:00:17+0000,SYK,STRYKER CORP,0000310764,4,2026-05-28,2026-05-26,0001242914-26-000008,https://www.sec.gov/Archives/edgar/data/310764/000124291426000008/wk-form4_1780003353.xml,nonDerivative,2026-05-26,S,Common Stock,114059,312.444,35637050.196,1979347,I,STRYKER RONDA E,Director,1,0,0,,SEC EDGAR
SYK|0001242914-26-000008|nonDerivative|2026-05-26|STRYKER RONDA E|S|Common Stock|44060|313.349|I,2026-05-31 10:00:17+0000,SYK,STRYKER CORP,0000310764,4,2026-05-28,2026-05-26,0001242914-26-000008,https://www.sec.gov/Archives/edgar/data/310764/000124291426000008/wk-form4_1780003353.xml,nonDerivative,2026-05-26,S,Common Stock,44060,313.349,13806156.94,1935287,I,STRYKER RONDA E,Director,1,0,0,,SEC EDGAR
SYK|0001242914-26-000008|nonDerivative|2026-05-26|STRYKER RONDA E|S|Common Stock|10407|314.375|I,2026-05-31 10:00:17+0000,SYK,STRYKER CORP,0000310764,4,2026-05-28,2026-05-26,0001242914-26-000008,https://www.sec.gov/Archives/edgar/data/310764/000124291426000008/wk-form4_1780003353.xml,nonDerivative,2026-05-26,S,Common Stock,10407,314.375,3271700.625,1924880,I,STRYKER RONDA E,Director,1,0,0,,SEC EDGAR
SYK|0001242914-26-000008|nonDerivative|2026-05-26|STRYKER RONDA E|S|Common Stock|3707|315.114|I,2026-05-31 10:00:17+0000,SYK,STRYKER CORP,0000310764,4,2026-05-28,2026-05-26,0001242914-26-000008,https://www.sec.gov/Archives/edgar/data/310764/000124291426000008/wk-form4_1780003353.xml,nonDerivative,2026-05-26,S,Common Stock,3707,315.114,1168127.598,2600815,I,STRYKER RONDA E,Director,1,0,0,,SEC EDGAR
STT|0000093751-26-000368|nonDerivative|2026-05-26|O HANLEY RONALD P|S|Common Stock|14553|155.35|D,2026-05-31 10:00:17+0000,STT,STATE STREET CORP,0000093751,4,2026-05-28,2026-05-26,0000093751-26-000368,https://www.sec.gov/Archives/edgar/data/93751/000009375126000368/wk-form4_1779998943.xml,nonDerivative,2026-05-26,S,Common Stock,14553,155.35,2260808.55,255512,D,O HANLEY RONALD P,"Director, Officer, Chairman, CEO and President",1,1,0,"Chairman, CEO and President",SEC EDGAR
STT|0000093751-26-000369|nonDerivative|2026-05-26|Hu W. Bradford|S|Common Stock|9212|155.35|D,2026-05-31 10:00:17+0000,STT,STATE STREET CORP,0000093751,4,2026-05-28,2026-05-26,0000093751-26-000369,https://www.sec.gov/Archives/edgar/data/93751/000009375126000369/wk-form4_1779998983.xml,nonDerivative,2026-05-26,S,Common Stock,9212,155.35,1431084.2,59552,D,Hu W. Bradford,"Officer, EVP and Chief Risk Officer",0,1,0,EVP and Chief Risk Officer,SEC EDGAR
SMCI|0001392941-26-000010|nonDerivative|2026-05-26|Liu Liang Chiu-Chu Sara|G|Common Stock|340000|0|I,2026-05-31 10:00:17+0000,SMCI,"Super Micro Computer, Inc.",0001375365,4,2026-05-28,2026-05-26,0001392941-26-000010,https://www.sec.gov/Archives/edgar/data/1375365/000139294126000010/wk-form4_1780002470.xml,nonDerivative,2026-05-26,G,Common Stock,340000,0,0.0,25332520,I,Liu Liang Chiu-Chu Sara,"Director, 10% Owner",1,0,1,,SEC EDGAR
SMCI|0001392942-26-000009|nonDerivative|2026-05-26|Liang Charles|G|Common Stock|340000|0|I,2026-05-31 10:00:17+0000,SMCI,"Super Micro Computer, Inc.",0001375365,4,2026-05-28,2026-05-26,0001392942-26-000009,https://www.sec.gov/Archives/edgar/data/1375365/000139294226000009/wk-form4_1780002501.xml,nonDerivative,2026-05-26,G,Common Stock,340000,0,0.0,25332520,I,Liang Charles,"Director, Officer, 10% Owner, President and CEO",1,1,1,President and CEO,SEC EDGAR
SCHW|0001889263-26-000005|nonDerivative|2026-05-28|Wurster Richard A|P|Common Stock|21959|84.2257|D,2026-05-31 10:00:17+0000,SCHW,SCHWAB CHARLES CORP,0000316709,4,2026-05-28,2026-05-28,0001889263-26-000005,https://www.sec.gov/Archives/edgar/data/316709/000188926326000005/wk-form4_1779999885.xml,nonDerivative,2026-05-28,P,Common Stock,21959,84.2257,1849512.1463000001,218409,D,Wurster Richard A,"Director, Officer, President & CEO",1,1,0,President & CEO,SEC EDGAR
SCHW|0001950787-26-000006|nonDerivative|2026-05-26|Schwab-Pomerantz Carolyn|A|Common Stock|1602|0|D,2026-05-31 10:00:17+0000,SCHW,SCHWAB CHARLES CORP,0000316709,4,2026-05-28,2026-05-26,0001950787-26-000006,https://www.sec.gov/Archives/edgar/data/316709/000195078726000006/wk-form4_1780004043.xml,nonDerivative,2026-05-26,A,Common Stock,1602,0,0.0,11226,D,Schwab-Pomerantz Carolyn,Director,1,0,0,,SEC EDGAR
SCHW|0001950787-26-000006|derivative|2026-05-26|Schwab-Pomerantz Carolyn|A|Nonqualified Stock Option (right to buy)|3977|0|D,2026-05-31 10:00:17+0000,SCHW,SCHWAB CHARLES CORP,0000316709,4,2026-05-28,2026-05-26,0001950787-26-000006,https://www.sec.gov/Archives/edgar/data/316709/000195078726000006/wk-form4_1780004043.xml,derivative,2026-05-26,A,Nonqualified Stock Option (right to buy),3977,0,0.0,3977,D,Schwab-Pomerantz Carolyn,Director,1,0,0,,SEC EDGAR
SCHW|0001739929-26-000006|nonDerivative|2026-05-26|Ruffel Charles A.|A|Common Stock|1602|0|D,2026-05-31 10:00:17+0000,SCHW,SCHWAB CHARLES CORP,0000316709,4,2026-05-28,2026-05-26,0001739929-26-000006,https://www.sec.gov/Archives/edgar/data/316709/000173992926000006/wk-form4_1780007371.xml,nonDerivative,2026-05-26,A,Common Stock,1602,0,0.0,11380.6867,D,Ruffel Charles A.,Director,1,0,0,,SEC EDGAR
SCHW|0001739929-26-000006|derivative|2026-05-26|Ruffel Charles A.|A|Nonqualified Stock Option (right to buy)|3977|0|D,2026-05-31 10:00:17+0000,SCHW,SCHWAB CHARLES CORP,0000316709,4,2026-05-28,2026-05-26,0001739929-26-000006,https://www.sec.gov/Archives/edgar/data/316709/000173992926000006/wk-form4_1780007371.xml,derivative,2026-05-26,A,Nonqualified Stock Option (right to buy),3977,0,0.0,3977,D,Ruffel Charles A.,Director,1,0,0,,SEC EDGAR
SCHW|0001643326-26-000004|nonDerivative|2026-05-26|Dea Joan|A|Common Stock|1602|0|D,2026-05-31 10:00:17+0000,SCHW,SCHWAB CHARLES CORP,0000316709,4,2026-05-28,2026-05-26,0001643326-26-000004,https://www.sec.gov/Archives/edgar/data/316709/000164332626000004/wk-form4_1780002332.xml,nonDerivative,2026-05-26,A,Common Stock,1602,0,0.0,28440,D,Dea Joan,Director,1,0,0,,SEC EDGAR
SCHW|0001643326-26-000004|derivative|2026-05-26|Dea Joan|A|Nonqualified Stock Option (right to buy)|3977|0|D,2026-05-31 10:00:17+0000,SCHW,SCHWAB CHARLES CORP,0000316709,4,2026-05-28,2026-05-26,0001643326-26-000004,https://www.sec.gov/Archives/edgar/data/316709/000164332626000004/wk-form4_1780002332.xml,derivative,2026-05-26,A,Nonqualified Stock Option (right to buy),3977,0,0.0,3977,D,Dea Joan,Director,1,0,0,,SEC EDGAR
SCHW|0001625471-26-000003|nonDerivative|2026-05-26|ADAMS JOHN K JR|A|Common Stock|1602|0|D,2026-05-31 10:00:17+0000,SCHW,SCHWAB CHARLES CORP,0000316709,4,2026-05-28,2026-05-26,0001625471-26-000003,https://www.sec.gov/Archives/edgar/data/316709/000162547126000003/wk-form4_1780008221.xml,nonDerivative,2026-05-26,A,Common Stock,1602,0,0.0,50711.239,D,ADAMS JOHN K JR,Director,1,0,0,,SEC EDGAR
SCHW|0001625471-26-000003|derivative|2026-05-26|ADAMS JOHN K JR|A|Nonqualified Stock Option (right to buy)|3977|0|D,2026-05-31 10:00:17+0000,SCHW,SCHWAB CHARLES CORP,0000316709,4,2026-05-28,2026-05-26,0001625471-26-000003,https://www.sec.gov/Archives/edgar/data/316709/000162547126000003/wk-form4_1780008221.xml,derivative,2026-05-26,A,Nonqualified Stock Option (right to buy),3977,0,0.0,3977,D,ADAMS JOHN K JR,Director,1,0,0,,SEC EDGAR
RL|0001193125-26-245322|nonDerivative|2026-05-26|LAUREN RALPH|S|Class A Common Stock|263654|378.25|I,2026-05-31 10:00:17+0000,RL,RALPH LAUREN CORP,0001037038,4,2026-05-28,2026-05-26,0001193125-26-245322,https://www.sec.gov/Archives/edgar/data/1037038/000119312526245322/ownership.xml,nonDerivative,2026-05-26,S,Class A Common Stock,263654,378.25,99727125.5,35854,I,LAUREN RALPH,"Exec. Chair, Chief Creative",true,true,true,"Exec. Chair, Chief Creative",SEC EDGAR
PNC|0001628280-26-038935|nonDerivative|2026-05-26|Feldstein Andrew T|S|$5 Par Common Stock|23000|220.5662|I,2026-05-31 10:00:17+0000,PNC,"PNC FINANCIAL SERVICES GROUP, INC.",0000713676,4,2026-05-28,2026-05-26,0001628280-26-038935,https://www.sec.gov/Archives/edgar/data/713676/000162828026038935/wk-form4_1780005893.xml,nonDerivative,2026-05-26,S,$5 Par Common Stock,23000,220.5662,5073022.600000001,24149,I,Feldstein Andrew T,Director,1,0,0,,SEC EDGAR
PNC|0001628280-26-038935|nonDerivative|2026-05-26|Feldstein Andrew T|S|$5 Par Common Stock|18000|220.5662|I,2026-05-31 10:00:17+0000,PNC,"PNC FINANCIAL SERVICES GROUP, INC.",0000713676,4,2026-05-28,2026-05-26,0001628280-26-038935,https://www.sec.gov/Archives/edgar/data/713676/000162828026038935/wk-form4_1780005893.xml,nonDerivative,2026-05-26,S,$5 Par Common Stock,18000,220.5662,3970191.6,48610,I,Feldstein Andrew T,Director,1,0,0,,SEC EDGAR
PNC|0001628280-26-038935|nonDerivative|2026-05-26|Feldstein Andrew T|S|$5 Par Common Stock|4000|220.5662|I,2026-05-31 10:00:17+0000,PNC,"PNC FINANCIAL SERVICES GROUP, INC.",0000713676,4,2026-05-28,2026-05-26,0001628280-26-038935,https://www.sec.gov/Archives/edgar/data/713676/000162828026038935/wk-form4_1780005893.xml,nonDerivative,2026-05-26,S,$5 Par Common Stock,4000,220.5662,882264.8,10749,I,Feldstein Andrew T,Director,1,0,0,,SEC EDGAR
PKG|0001193125-26-245605|nonDerivative|2026-05-27|KOWLZAN MARK W|S|Common Stock|9266|217.076|D,2026-05-31 10:00:17+0000,PKG,PACKAGING CORP OF AMERICA,0000075677,4,2026-05-28,2026-05-27,0001193125-26-245605,https://www.sec.gov/Archives/edgar/data/75677/000119312526245605/ownership.xml,nonDerivative,2026-05-27,S,Common Stock,9266,217.076,2011426.216,473610,D,KOWLZAN MARK W,Chairman & CEO,true,true,false,Chairman & CEO,SEC EDGAR
ODFL|0001977249-26-000093|nonDerivative|2026-05-27|CONGDON DAVID S|G|Common Stock|295670|0|I,2026-05-31 10:00:17+0000,ODFL,"OLD DOMINION FREIGHT LINE, INC.",0000878927,4,2026-05-28,2026-05-27,0001977249-26-000093,https://www.sec.gov/Archives/edgar/data/878927/000197724926000093/form4.xml,nonDerivative,2026-05-27,G,Common Stock,295670,0,0.0,0,I,CONGDON DAVID S,Executive Chairman,true,true,,Executive Chairman,SEC EDGAR
MPWR|0001214659-26-006861|nonDerivative|2026-05-26|DEAN ROBERT W II|S|Common Stock|22|1649.56|D,2026-05-31 10:00:17+0000,MPWR,MONOLITHIC POWER SYSTEMS INC,0001280452,4,2026-05-28,2026-05-26,0001214659-26-006861,https://www.sec.gov/Archives/edgar/data/1280452/000121465926006861/marketforms-73221.xml,nonDerivative,2026-05-26,S,Common Stock,22,1649.56,36290.32,5878,D,DEAN ROBERT W II,Interim CFO,false,true,false,Interim CFO,SEC EDGAR
MO|0000764180-26-000080|nonDerivative|2026-05-26|Strahlman Ellen R|S|Common Stock|2000|72.559|D,2026-05-31 10:00:17+0000,MO,"ALTRIA GROUP, INC.",0000764180,4,2026-05-28,2026-05-26,0000764180-26-000080,https://www.sec.gov/Archives/edgar/data/764180/000076418026000080/wk-form4_1779993073.xml,nonDerivative,2026-05-26,S,Common Stock,2000,72.559,145118.0,25102,D,Strahlman Ellen R,Director,1,0,0,,SEC EDGAR
MO|0000764180-26-000081|nonDerivative|2026-05-26|KELLY ENNIS DEBRA J|S|Common Stock|5790|72.2483|D,2026-05-31 10:00:17+0000,MO,"ALTRIA GROUP, INC.",0000764180,4,2026-05-28,2026-05-26,0000764180-26-000081,https://www.sec.gov/Archives/edgar/data/764180/000076418026000081/wk-form4_1779993082.xml,nonDerivative,2026-05-26,S,Common Stock,5790,72.2483,418317.657,73809,D,KELLY ENNIS DEBRA J,Director,1,0,0,,SEC EDGAR
META|0000950103-26-007988|nonDerivative|2026-05-26|Olivan Javier|S|Class A Common Stock|837|608.98|D,2026-05-31 10:00:17+0000,META,"Meta Platforms, Inc.",0001326801,4,2026-05-28,2026-05-26,0000950103-26-007988,https://www.sec.gov/Archives/edgar/data/1326801/000095010326007988/ownership.xml,nonDerivative,2026-05-26,S,Class A Common Stock,837,608.98,509716.26,13823,D,Olivan Javier,"Officer, Chief Operating Officer",0,1,0,Chief Operating Officer,SEC EDGAR
META|0000950103-26-007988|nonDerivative|2026-05-26|Olivan Javier|S|Class A Common Stock|82|608.98|I,2026-05-31 10:00:17+0000,META,"Meta Platforms, Inc.",0001326801,4,2026-05-28,2026-05-26,0000950103-26-007988,https://www.sec.gov/Archives/edgar/data/1326801/000095010326007988/ownership.xml,nonDerivative,2026-05-26,S,Class A Common Stock,82,608.98,49936.36,7392,I,Olivan Javier,"Officer, Chief Operating Officer",0,1,0,Chief Operating Officer,SEC EDGAR
META|0000950103-26-007988|nonDerivative|2026-05-26|Olivan Javier|S|Class A Common Stock|57|608.98|I,2026-05-31 10:00:17+0000,META,"Meta Platforms, Inc.",0001326801,4,2026-05-28,2026-05-26,0000950103-26-007988,https://www.sec.gov/Archives/edgar/data/1326801/000095010326007988/ownership.xml,nonDerivative,2026-05-26,S,Class A Common Stock,57,608.98,34711.86,2144,I,Olivan Javier,"Officer, Chief Operating Officer",0,1,0,Chief Operating Officer,SEC EDGAR
META|0000950103-26-007988|nonDerivative|2026-05-26|Olivan Javier|S|Class A Common Stock|408|608.98|I,2026-05-31 10:00:17+0000,META,"Meta Platforms, Inc.",0001326801,4,2026-05-28,2026-05-26,0000950103-26-007988,https://www.sec.gov/Archives/edgar/data/1326801/000095010326007988/ownership.xml,nonDerivative,2026-05-26,S,Class A Common Stock,408,608.98,248463.84,84373,I,Olivan Javier,"Officer, Chief Operating Officer",0,1,0,Chief Operating Officer,SEC EDGAR
MDT|0002028475-26-000004|nonDerivative|2026-05-26|Walter Matthew R.|M|Ordinary Shares|9149|0|D,2026-05-31 10:00:17+0000,MDT,Medtronic plc,0001613103,4,2026-05-28,2026-05-26,0002028475-26-000004,https://www.sec.gov/Archives/edgar/data/1613103/000202847526000004/wk-form4_1780000015.xml,nonDerivative,2026-05-26,M,Ordinary Shares,9149,0,0.0,41529,D,Walter Matthew R.,"Officer, SVP, Chief HR Officer",0,1,0,"SVP, Chief HR Officer",SEC EDGAR
MDT|0002028475-26-000004|derivative|2026-05-26|Walter Matthew R.|M|Performance Share Unit|8449|0|D,2026-05-31 10:00:17+0000,MDT,Medtronic plc,0001613103,4,2026-05-28,2026-05-26,0002028475-26-000004,https://www.sec.gov/Archives/edgar/data/1613103/000202847526000004/wk-form4_1780000015.xml,derivative,2026-05-26,M,Performance Share Unit,8449,0,0.0,0,D,Walter Matthew R.,"Officer, SVP, Chief HR Officer",0,1,0,"SVP, Chief HR Officer",SEC EDGAR
MDT|0001473812-26-000002|nonDerivative|2026-05-26|Wall Brett A.|M|Ordinary Shares|26907|0|D,2026-05-31 10:00:17+0000,MDT,Medtronic plc,0001613103,4,2026-05-28,2026-05-26,0001473812-26-000002,https://www.sec.gov/Archives/edgar/data/1613103/000147381226000002/wk-form4_1779999981.xml,nonDerivative,2026-05-26,M,Ordinary Shares,26907,0,0.0,82183,D,Wall Brett A.,"Officer, EVP & Pres Neuroscience",0,1,0,EVP & Pres Neuroscience,SEC EDGAR
MDT|0001473812-26-000002|derivative|2026-05-26|Wall Brett A.|M|Performance Share Unit|24214|0|D,2026-05-31 10:00:17+0000,MDT,Medtronic plc,0001613103,4,2026-05-28,2026-05-26,0001473812-26-000002,https://www.sec.gov/Archives/edgar/data/1613103/000147381226000002/wk-form4_1779999981.xml,derivative,2026-05-26,M,Performance Share Unit,24214,0,0.0,0,D,Wall Brett A.,"Officer, EVP & Pres Neuroscience",0,1,0,EVP & Pres Neuroscience,SEC EDGAR
MDT|0001560409-26-000004|nonDerivative|2026-05-26|Martha Geoffrey|M|Ordinary Shares|94963|0|D,2026-05-31 10:00:17+0000,MDT,Medtronic plc,0001613103,4,2026-05-28,2026-05-26,0001560409-26-000004,https://www.sec.gov/Archives/edgar/data/1613103/000156040926000004/wk-form4_1779999956.xml,nonDerivative,2026-05-26,M,Ordinary Shares,94963,0,0.0,343099,D,Martha Geoffrey,"Director, Officer, Chairman and CEO",1,1,0,Chairman and CEO,SEC EDGAR
MDT|0001560409-26-000004|derivative|2026-05-26|Martha Geoffrey|M|Performance Share Unit|85461|0|D,2026-05-31 10:00:17+0000,MDT,Medtronic plc,0001613103,4,2026-05-28,2026-05-26,0001560409-26-000004,https://www.sec.gov/Archives/edgar/data/1613103/000156040926000004/wk-form4_1779999956.xml,derivative,2026-05-26,M,Performance Share Unit,85461,0,0.0,0,D,Martha Geoffrey,"Director, Officer, Chairman and CEO",1,1,0,Chairman and CEO,SEC EDGAR
MDT|0001984186-26-000002|nonDerivative|2026-05-26|Marinaro Michael|M|Ordinary Shares|18994|0|D,2026-05-31 10:00:17+0000,MDT,Medtronic plc,0001613103,4,2026-05-28,2026-05-26,0001984186-26-000002,https://www.sec.gov/Archives/edgar/data/1613103/000198418626000002/wk-form4_1779999927.xml,nonDerivative,2026-05-26,M,Ordinary Shares,18994,0,0.0,70593,D,Marinaro Michael,"Officer, EVP, Pres MedSurg and Americas",0,1,0,"EVP, Pres MedSurg and Americas",SEC EDGAR
MDT|0001984186-26-000002|derivative|2026-05-26|Marinaro Michael|M|Performance Share Unit|17093|0|D,2026-05-31 10:00:17+0000,MDT,Medtronic plc,0001613103,4,2026-05-28,2026-05-26,0001984186-26-000002,https://www.sec.gov/Archives/edgar/data/1613103/000198418626000002/wk-form4_1779999927.xml,derivative,2026-05-26,M,Performance Share Unit,17093,0,0.0,0,D,Marinaro Michael,"Officer, EVP, Pres MedSurg and Americas",0,1,0,"EVP, Pres MedSurg and Americas",SEC EDGAR
MDT|0001708062-26-000004|nonDerivative|2026-05-26|KIIL HARRY SKIP|M|Ordinary Shares|15195|0|D,2026-05-31 10:00:17+0000,MDT,Medtronic plc,0001613103,4,2026-05-28,2026-05-26,0001708062-26-000004,https://www.sec.gov/Archives/edgar/data/1613103/000170806226000004/wk-form4_1779999902.xml,nonDerivative,2026-05-26,M,Ordinary Shares,15195,0,0.0,48233,D,KIIL HARRY SKIP,"Officer, EVP & President Cardiovascular",0,1,0,EVP & President Cardiovascular,SEC EDGAR
MDT|0001708062-26-000004|derivative|2026-05-26|KIIL HARRY SKIP|M|Performance Share Unit|14517|0|D,2026-05-31 10:00:17+0000,MDT,Medtronic plc,0001613103,4,2026-05-28,2026-05-26,0001708062-26-000004,https://www.sec.gov/Archives/edgar/data/1613103/000170806226000004/wk-form4_1779999902.xml,derivative,2026-05-26,M,Performance Share Unit,14517,0,0.0,0,D,KIIL HARRY SKIP,"Officer, EVP & President Cardiovascular",0,1,0,EVP & President Cardiovascular,SEC EDGAR
MDT|0002061393-26-000008|nonDerivative|2026-05-26|Blomquist Denise L.|M|Ordinary Shares|1712|0|D,2026-05-31 10:00:17+0000,MDT,Medtronic plc,0001613103,4,2026-05-28,2026-05-26,0002061393-26-000008,https://www.sec.gov/Archives/edgar/data/1613103/000206139326000008/wk-form4_1779999857.xml,nonDerivative,2026-05-26,M,Ordinary Shares,1712,0,0.0,14974,D,Blomquist Denise L.,"Officer, Chief Accounting Officer",0,1,0,Chief Accounting Officer,SEC EDGAR
MDT|0002061393-26-000008|derivative|2026-05-26|Blomquist Denise L.|M|Performance Share Unit|1621|0|D,2026-05-31 10:00:17+0000,MDT,Medtronic plc,0001613103,4,2026-05-28,2026-05-26,0002061393-26-000008,https://www.sec.gov/Archives/edgar/data/1613103/000206139326000008/wk-form4_1779999857.xml,derivative,2026-05-26,M,Performance Share Unit,1621,0,0.0,0,D,Blomquist Denise L.,"Officer, Chief Accounting Officer",0,1,0,Chief Accounting Officer,SEC EDGAR
"LII|0001069202-26-000078|nonDerivative|2026-05-26|Somasundaram Sivasankaran|D|Common Stock, Par Value $0.01 Per Share|343|0|D",2026-05-31 10:00:17+0000,LII,LENNOX INTERNATIONAL INC,0001069202,4,2026-05-28,2026-05-26,0001069202-26-000078,https://www.sec.gov/Archives/edgar/data/1069202/000106920226000078/wk-form4_1779994917.xml,nonDerivative,2026-05-26,D,"Common Stock, Par Value $0.01 Per Share",343,0,0.0,767,D,Somasundaram Sivasankaran,Director,1,0,0,,SEC EDGAR
KEYS|0002069480-26-000004|nonDerivative|2026-05-26|JUSKIE JO ANN|F|Common Stock|136|355.74|D,2026-05-31 10:00:17+0000,KEYS,"Keysight Technologies, Inc.",0001601046,4,2026-05-28,2026-05-26,0002069480-26-000004,https://www.sec.gov/Archives/edgar/data/1601046/000206948026000004/wk-form4_1779963871.xml,nonDerivative,2026-05-26,F,Common Stock,136,355.74,48380.64,12485.765,D,JUSKIE JO ANN,"Officer, SVP",0,1,0,SVP,SEC EDGAR
KEY|0000950157-26-000659|nonDerivative|2026-05-27|BANK OF NOVA SCOTIA|D|Common Shares|162692|21.25|D,2026-05-31 10:00:17+0000,KEY,KEYCORP /NEW/,0000091576,4,2026-05-28,2026-05-27,0000950157-26-000659,https://www.sec.gov/Archives/edgar/data/91576/000095015726000659/ownership.xml,nonDerivative,2026-05-27,D,Common Shares,162692,21.25,3457205.0,158723874,D,BANK OF NOVA SCOTIA,"Director, 10% Owner",1,0,1,,SEC EDGAR
INCY|0001912317-26-000007|nonDerivative|2026-05-26|Tray Thomas|S|Common Stock|2051|97.35|D,2026-05-31 10:00:17+0000,INCY,INCYTE CORP,0000879169,4,2026-05-28,2026-05-26,0001912317-26-000007,https://www.sec.gov/Archives/edgar/data/879169/000191231726000007/wk-form4_1779998619.xml,nonDerivative,2026-05-26,S,Common Stock,2051,97.35,199664.84999999998,21132,D,Tray Thomas,"Officer, Principal Accounting Officer",0,1,0,Principal Accounting Officer,SEC EDGAR
INCY|0001221590-26-000011|nonDerivative|2026-05-26|BIENAIME JEAN JACQUES|M|Common Stock|15000|84.53|D,2026-05-31 10:00:17+0000,INCY,INCYTE CORP,0000879169,4,2026-05-28,2026-05-26,0001221590-26-000011,https://www.sec.gov/Archives/edgar/data/879169/000122159026000011/wk-form4_1779998588.xml,nonDerivative,2026-05-26,M,Common Stock,15000,84.53,1267950.0,35841,D,BIENAIME JEAN JACQUES,Director,1,0,0,,SEC EDGAR
INCY|0001221590-26-000011|nonDerivative|2026-05-26|BIENAIME JEAN JACQUES|F|Common Stock|13059|97.10|D,2026-05-31 10:00:17+0000,INCY,INCYTE CORP,0000879169,4,2026-05-28,2026-05-26,0001221590-26-000011,https://www.sec.gov/Archives/edgar/data/879169/000122159026000011/wk-form4_1779998588.xml,nonDerivative,2026-05-26,F,Common Stock,13059,97.10,1268028.9,22782,D,BIENAIME JEAN JACQUES,Director,1,0,0,,SEC EDGAR
INCY|0001221590-26-000011|derivative|2026-05-26|BIENAIME JEAN JACQUES|M|Non-Qualified Stock Option (right to buy)|15000|0|D,2026-05-31 10:00:17+0000,INCY,INCYTE CORP,0000879169,4,2026-05-28,2026-05-26,0001221590-26-000011,https://www.sec.gov/Archives/edgar/data/879169/000122159026000011/wk-form4_1779998588.xml,derivative,2026-05-26,M,Non-Qualified Stock Option (right to buy),15000,0,0.0,0,D,BIENAIME JEAN JACQUES,Director,1,0,0,,SEC EDGAR
ICE|0001193125-26-245320|nonDerivative|2026-05-26|Surdykowski Andrew J|M|Common Stock|2065|57.31|D,2026-05-31 10:00:17+0000,ICE,"Intercontinental Exchange, Inc.",0001571949,4,2026-05-28,2026-05-26,0001193125-26-245320,https://www.sec.gov/Archives/edgar/data/1571949/000119312526245320/ownership.xml,nonDerivative,2026-05-26,M,Common Stock,2065,57.31,118345.15000000001,50046,D,Surdykowski Andrew J,General Counsel,false,true,false,General Counsel,SEC EDGAR
ICE|0001193125-26-245320|nonDerivative|2026-05-26|Surdykowski Andrew J|S|Common Stock|1965|150.9729|D,2026-05-31 10:00:17+0000,ICE,"Intercontinental Exchange, Inc.",0001571949,4,2026-05-28,2026-05-26,0001193125-26-245320,https://www.sec.gov/Archives/edgar/data/1571949/000119312526245320/ownership.xml,nonDerivative,2026-05-26,S,Common Stock,1965,150.9729,296661.74850000005,48081,D,Surdykowski Andrew J,General Counsel,false,true,false,General Counsel,SEC EDGAR
ICE|0001193125-26-245320|nonDerivative|2026-05-26|Surdykowski Andrew J|S|Common Stock|2608|151.9981|D,2026-05-31 10:00:17+0000,ICE,"Intercontinental Exchange, Inc.",0001571949,4,2026-05-28,2026-05-26,0001193125-26-245320,https://www.sec.gov/Archives/edgar/data/1571949/000119312526245320/ownership.xml,nonDerivative,2026-05-26,S,Common Stock,2608,151.9981,396411.0448,45473,D,Surdykowski Andrew J,General Counsel,false,true,false,General Counsel,SEC EDGAR
ICE|0001193125-26-245320|derivative|2026-05-26|Surdykowski Andrew J|M|Employee Stock Option (right to buy) Holding|2065|0|D,2026-05-31 10:00:17+0000,ICE,"Intercontinental Exchange, Inc.",0001571949,4,2026-05-28,2026-05-26,0001193125-26-245320,https://www.sec.gov/Archives/edgar/data/1571949/000119312526245320/ownership.xml,derivative,2026-05-26,M,Employee Stock Option (right to buy) Holding,2065,0,0.0,4129,D,Surdykowski Andrew J,General Counsel,false,true,false,General Counsel,SEC EDGAR
IBKR|0001381197-26-000104|nonDerivative|2026-05-08|Nemser Earl H|F|Class A common stock|22486|84.42|D,2026-05-31 10:00:17+0000,IBKR,"Interactive Brokers Group, Inc.",0001381197,4,2026-05-28,2026-05-08,0001381197-26-000104,https://www.sec.gov/Archives/edgar/data/1381197/000138119726000104/ownership.xml,nonDerivative,2026-05-08,F,Class A common stock,22486,84.42,1898268.12,429344,D,Nemser Earl H,Vice Chairman,true,true,false,Vice Chairman,SEC EDGAR
IBKR|0001381197-26-000107|nonDerivative|2026-05-08|Mendonca Denis|F|Class A common stock|11157|84.42|D,2026-05-31 10:00:17+0000,IBKR,"Interactive Brokers Group, Inc.",0001381197,4,2026-05-28,2026-05-08,0001381197-26-000107,https://www.sec.gov/Archives/edgar/data/1381197/000138119726000107/ownership.xml,nonDerivative,2026-05-08,F,Class A common stock,11157,84.42,941873.9400000001,145071,D,Mendonca Denis,Chief Accounting Officer,false,true,false,Chief Accounting Officer,SEC EDGAR
IBKR|0001381197-26-000106|nonDerivative|2026-05-08|Galik Milan|F|Class A common stock|255039|84.42|D,2026-05-31 10:00:17+0000,IBKR,"Interactive Brokers Group, Inc.",0001381197,4,2026-05-28,2026-05-08,0001381197-26-000106,https://www.sec.gov/Archives/edgar/data/1381197/000138119726000106/ownership.xml,nonDerivative,2026-05-08,F,Class A common stock,255039,84.42,21530392.38,3215389,D,Galik Milan,Chief Executive Officer,true,true,false,Chief Executive Officer,SEC EDGAR
IBKR|0001381197-26-000105|nonDerivative|2026-05-08|Frank Thomas AJ|F|Class A common stock|31730|84.42|D,2026-05-31 10:00:17+0000,IBKR,"Interactive Brokers Group, Inc.",0001381197,4,2026-05-28,2026-05-08,0001381197-26-000105,https://www.sec.gov/Archives/edgar/data/1381197/000138119726000105/ownership.xml,nonDerivative,2026-05-08,F,Class A common stock,31730,84.42,2678646.6,251518,D,Frank Thomas AJ,Executive Vice President,false,true,false,Executive Vice President,SEC EDGAR
IBKR|0001381197-26-000108|nonDerivative|2026-05-08|Brody Paul Jonathan|F|Class A common stock|82920|84.42|D,2026-05-31 10:00:17+0000,IBKR,"Interactive Brokers Group, Inc.",0001381197,4,2026-05-28,2026-05-08,0001381197-26-000108,https://www.sec.gov/Archives/edgar/data/1381197/000138119726000108/ownership.xml,nonDerivative,2026-05-08,F,Class A common stock,82920,84.42,7000106.4,2856806,D,Brody Paul Jonathan,Chief Financial Officer,true,true,false,Chief Financial Officer,SEC EDGAR
GM|0001543655-26-000008|nonDerivative|2026-05-26|Jacobson Paul A|S|Common Stock|40000|80|D,2026-05-31 10:00:17+0000,GM,General Motors Co,0001467858,4,2026-05-28,2026-05-26,0001543655-26-000008,https://www.sec.gov/Archives/edgar/data/1467858/000154365526000008/wk-form4_1780006026.xml,nonDerivative,2026-05-26,S,Common Stock,40000,80,3200000.0,425675,D,Jacobson Paul A,"Officer, Executive Vice President & CFO",0,1,0,Executive Vice President & CFO,SEC EDGAR
GM|0001492154-26-000009|nonDerivative|2026-05-26|Barra Mary T|M|Common Stock|91843|41.40|D,2026-05-31 10:00:17+0000,GM,General Motors Co,0001467858,4,2026-05-28,2026-05-26,0001492154-26-000009,https://www.sec.gov/Archives/edgar/data/1467858/000149215426000009/wk-form4_1780006114.xml,nonDerivative,2026-05-26,M,Common Stock,91843,41.40,3802300.1999999997,867659,D,Barra Mary T,"Director, Officer, Chair & CEO",1,1,0,Chair & CEO,SEC EDGAR
GM|0001492154-26-000009|nonDerivative|2026-05-26|Barra Mary T|S|Common Stock|91843|80.01|D,2026-05-31 10:00:17+0000,GM,General Motors Co,0001467858,4,2026-05-28,2026-05-26,0001492154-26-000009,https://www.sec.gov/Archives/edgar/data/1467858/000149215426000009/wk-form4_1780006114.xml,nonDerivative,2026-05-26,S,Common Stock,91843,80.01,7348358.430000001,775816,D,Barra Mary T,"Director, Officer, Chair & CEO",1,1,0,Chair & CEO,SEC EDGAR
GM|0001492154-26-000009|nonDerivative|2026-05-26|Barra Mary T|M|Common Stock|69564|49.46|D,2026-05-31 10:00:17+0000,GM,General Motors Co,0001467858,4,2026-05-28,2026-05-26,0001492154-26-000009,https://www.sec.gov/Archives/edgar/data/1467858/000149215426000009/wk-form4_1780006114.xml,nonDerivative,2026-05-26,M,Common Stock,69564,49.46,3440635.44,845380,D,Barra Mary T,"Director, Officer, Chair & CEO",1,1,0,Chair & CEO,SEC EDGAR
GM|0001492154-26-000009|nonDerivative|2026-05-26|Barra Mary T|S|Common Stock|69564|80.01|D,2026-05-31 10:00:17+0000,GM,General Motors Co,0001467858,4,2026-05-28,2026-05-26,0001492154-26-000009,https://www.sec.gov/Archives/edgar/data/1467858/000149215426000009/wk-form4_1780006114.xml,nonDerivative,2026-05-26,S,Common Stock,69564,80.01,5565815.640000001,775816,D,Barra Mary T,"Director, Officer, Chair & CEO",1,1,0,Chair & CEO,SEC EDGAR
GM|0001492154-26-000009|nonDerivative|2026-05-26|Barra Mary T|M|Common Stock|48659|52.16|D,2026-05-31 10:00:17+0000,GM,General Motors Co,0001467858,4,2026-05-28,2026-05-26,0001492154-26-000009,https://www.sec.gov/Archives/edgar/data/1467858/000149215426000009/wk-form4_1780006114.xml,nonDerivative,2026-05-26,M,Common Stock,48659,52.16,2538053.44,824475,D,Barra Mary T,"Director, Officer, Chair & CEO",1,1,0,Chair & CEO,SEC EDGAR
GM|0001492154-26-000009|nonDerivative|2026-05-26|Barra Mary T|S|Common Stock|48659|80.01|D,2026-05-31 10:00:17+0000,GM,General Motors Co,0001467858,4,2026-05-28,2026-05-26,0001492154-26-000009,https://www.sec.gov/Archives/edgar/data/1467858/000149215426000009/wk-form4_1780006114.xml,nonDerivative,2026-05-26,S,Common Stock,48659,80.01,3893206.5900000003,775816,D,Barra Mary T,"Director, Officer, Chair & CEO",1,1,0,Chair & CEO,SEC EDGAR
GM|0001492154-26-000009|nonDerivative|2026-05-26|Barra Mary T|S|Common Stock|5325|80.01|D,2026-05-31 10:00:17+0000,GM,General Motors Co,0001467858,4,2026-05-28,2026-05-26,0001492154-26-000009,https://www.sec.gov/Archives/edgar/data/1467858/000149215426000009/wk-form4_1780006114.xml,nonDerivative,2026-05-26,S,Common Stock,5325,80.01,426053.25,770491,D,Barra Mary T,"Director, Officer, Chair & CEO",1,1,0,Chair & CEO,SEC EDGAR
GM|0001492154-26-000009|nonDerivative|2026-05-27|Barra Mary T|S|Common Stock|103057|82.32|D,2026-05-31 10:00:17+0000,GM,General Motors Co,0001467858,4,2026-05-28,2026-05-26,0001492154-26-000009,https://www.sec.gov/Archives/edgar/data/1467858/000149215426000009/wk-form4_1780006114.xml,nonDerivative,2026-05-27,S,Common Stock,103057,82.32,8483652.24,667434,D,Barra Mary T,"Director, Officer, Chair & CEO",1,1,0,Chair & CEO,SEC EDGAR
GM|0001492154-26-000009|nonDerivative|2026-05-28|Barra Mary T|M|Common Stock|59762|41.40|D,2026-05-31 10:00:17+0000,GM,General Motors Co,0001467858,4,2026-05-28,2026-05-26,0001492154-26-000009,https://www.sec.gov/Archives/edgar/data/1467858/000149215426000009/wk-form4_1780006114.xml,nonDerivative,2026-05-28,M,Common Stock,59762,41.40,2474146.8,727196,D,Barra Mary T,"Director, Officer, Chair & CEO",1,1,0,Chair & CEO,SEC EDGAR
GM|0001492154-26-000009|nonDerivative|2026-05-28|Barra Mary T|S|Common Stock|59762|85.03|D,2026-05-31 10:00:17+0000,GM,General Motors Co,0001467858,4,2026-05-28,2026-05-26,0001492154-26-000009,https://www.sec.gov/Archives/edgar/data/1467858/000149215426000009/wk-form4_1780006114.xml,nonDerivative,2026-05-28,S,Common Stock,59762,85.03,5081562.86,667434,D,Barra Mary T,"Director, Officer, Chair & CEO",1,1,0,Chair & CEO,SEC EDGAR
GM|0001492154-26-000009|nonDerivative|2026-05-28|Barra Mary T|S|Common Stock|75192|85.03|D,2026-05-31 10:00:17+0000,GM,General Motors Co,0001467858,4,2026-05-28,2026-05-26,0001492154-26-000009,https://www.sec.gov/Archives/edgar/data/1467858/000149215426000009/wk-form4_1780006114.xml,nonDerivative,2026-05-28,S,Common Stock,75192,85.03,6393575.76,592242,D,Barra Mary T,"Director, Officer, Chair & CEO",1,1,0,Chair & CEO,SEC EDGAR
GM|0001492154-26-000009|derivative|2026-05-26|Barra Mary T|M|Employee Stock Option (Right to Buy)|91843|0|D,2026-05-31 10:00:17+0000,GM,General Motors Co,0001467858,4,2026-05-28,2026-05-26,0001492154-26-000009,https://www.sec.gov/Archives/edgar/data/1467858/000149215426000009/wk-form4_1780006114.xml,derivative,2026-05-26,M,Employee Stock Option (Right to Buy),91843,0,0.0,275528,D,Barra Mary T,"Director, Officer, Chair & CEO",1,1,0,Chair & CEO,SEC EDGAR
GM|0001492154-26-000009|derivative|2026-05-26|Barra Mary T|M|Employee Stock Option (Right to Buy)|69564|0|D,2026-05-31 10:00:17+0000,GM,General Motors Co,0001467858,4,2026-05-28,2026-05-26,0001492154-26-000009,https://www.sec.gov/Archives/edgar/data/1467858/000149215426000009/wk-form4_1780006114.xml,derivative,2026-05-26,M,Employee Stock Option (Right to Buy),69564,0,0.0,208690,D,Barra Mary T,"Director, Officer, Chair & CEO",1,1,0,Chair & CEO,SEC EDGAR
GM|0001492154-26-000009|derivative|2026-05-26|Barra Mary T|M|Employee Stock Option (Right to Buy)|48659|0|D,2026-05-31 10:00:17+0000,GM,General Motors Co,0001467858,4,2026-05-28,2026-05-26,0001492154-26-000009,https://www.sec.gov/Archives/edgar/data/1467858/000149215426000009/wk-form4_1780006114.xml,derivative,2026-05-26,M,Employee Stock Option (Right to Buy),48659,0,0.0,145978,D,Barra Mary T,"Director, Officer, Chair & CEO",1,1,0,Chair & CEO,SEC EDGAR
GM|0001492154-26-000009|derivative|2026-05-28|Barra Mary T|M|Employee Stock Option (Right to Buy)|59762|0|D,2026-05-31 10:00:17+0000,GM,General Motors Co,0001467858,4,2026-05-28,2026-05-26,0001492154-26-000009,https://www.sec.gov/Archives/edgar/data/1467858/000149215426000009/wk-form4_1780006114.xml,derivative,2026-05-28,M,Employee Stock Option (Right to Buy),59762,0,0.0,215766,D,Barra Mary T,"Director, Officer, Chair & CEO",1,1,0,Chair & CEO,SEC EDGAR
FIX|0001936828-26-000004|nonDerivative|2026-05-27|Hardy Rhoman J|S|Common Stock|342|1900.08|D,2026-05-31 10:00:17+0000,FIX,COMFORT SYSTEMS USA INC,0001035983,4,2026-05-28,2026-05-27,0001936828-26-000004,https://www.sec.gov/Archives/edgar/data/1035983/000193682826000004/form4-05282026_040518.xml,nonDerivative,2026-05-27,S,Common Stock,342,1900.08,649827.36,1889.916,D,Hardy Rhoman J,,true,false,false,,SEC EDGAR
EXPE|0001225208-26-005627|nonDerivative|2026-05-26|Soliday Lance A|S|Common Stock|940.0000|221.8590|D,2026-05-31 10:00:17+0000,EXPE,"Expedia Group, Inc.",0001324424,4,2026-05-28,2026-05-26,0001225208-26-005627,https://www.sec.gov/Archives/edgar/data/1324424/000122520826005627/doc4.xml,nonDerivative,2026-05-26,S,Common Stock,940.0000,221.8590,208547.46000000002,14083.0000,D,Soliday Lance A,"Officer, SVP & Chief Accounting Officer",,1,,SVP & Chief Accounting Officer,SEC EDGAR
EOG|0000821189-26-000125|nonDerivative|2026-05-28|CRISP CHARLES R|S|Common Stock|1887|136.17|D,2026-05-31 10:00:17+0000,EOG,EOG RESOURCES INC,0000821189,4,2026-05-28,2026-05-28,0000821189-26-000125,https://www.sec.gov/Archives/edgar/data/821189/000082118926000125/form4.xml,nonDerivative,2026-05-28,S,Common Stock,1887,136.17,256952.78999999998,63160.258,D,CRISP CHARLES R,Director,1,,,,SEC EDGAR
DVA|0000927066-26-000088|nonDerivative|2026-05-26|YALE PHYLLIS R|G|Common Stock|5038|0|D,2026-05-31 10:00:17+0000,DVA,DAVITA INC.,0000927066,4,2026-05-28,2026-05-26,0000927066-26-000088,https://www.sec.gov/Archives/edgar/data/927066/000092706626000088/wk-form4_1779999770.xml,nonDerivative,2026-05-26,G,Common Stock,5038,0,0.0,9525,D,YALE PHYLLIS R,Director,1,0,0,,SEC EDGAR
DDOG|0001561550-26-000153|nonDerivative|2026-05-26|Pomel Olivier|S|Class A Common Stock|1600|219.2443|D,2026-05-31 10:00:17+0000,DDOG,"Datadog, Inc.",0001561550,4,2026-05-28,2026-05-26,0001561550-26-000153,https://www.sec.gov/Archives/edgar/data/1561550/000156155026000153/wk-form4_1780002585.xml,nonDerivative,2026-05-26,S,Class A Common Stock,1600,219.2443,350790.88,834079,D,Pomel Olivier,"Director, Officer, Chief Executive Officer",1,1,0,Chief Executive Officer,SEC EDGAR
DDOG|0001561550-26-000153|nonDerivative|2026-05-26|Pomel Olivier|S|Class A Common Stock|3470|219.892|D,2026-05-31 10:00:17+0000,DDOG,"Datadog, Inc.",0001561550,4,2026-05-28,2026-05-26,0001561550-26-000153,https://www.sec.gov/Archives/edgar/data/1561550/000156155026000153/wk-form4_1780002585.xml,nonDerivative,2026-05-26,S,Class A Common Stock,3470,219.892,763025.24,830609,D,Pomel Olivier,"Director, Officer, Chief Executive Officer",1,1,0,Chief Executive Officer,SEC EDGAR
DDOG|0001561550-26-000153|nonDerivative|2026-05-26|Pomel Olivier|S|Class A Common Stock|2331|221.092|D,2026-05-31 10:00:17+0000,DDOG,"Datadog, Inc.",0001561550,4,2026-05-28,2026-05-26,0001561550-26-000153,https://www.sec.gov/Archives/edgar/data/1561550/000156155026000153/wk-form4_1780002585.xml,nonDerivative,2026-05-26,S,Class A Common Stock,2331,221.092,515365.45200000005,828278,D,Pomel Olivier,"Director, Officer, Chief Executive Officer",1,1,0,Chief Executive Officer,SEC EDGAR
DDOG|0001561550-26-000153|nonDerivative|2026-05-26|Pomel Olivier|S|Class A Common Stock|8799|222.0571|D,2026-05-31 10:00:17+0000,DDOG,"Datadog, Inc.",0001561550,4,2026-05-28,2026-05-26,0001561550-26-000153,https://www.sec.gov/Archives/edgar/data/1561550/000156155026000153/wk-form4_1780002585.xml,nonDerivative,2026-05-26,S,Class A Common Stock,8799,222.0571,1953880.4229,819479,D,Pomel Olivier,"Director, Officer, Chief Executive Officer",1,1,0,Chief Executive Officer,SEC EDGAR
DDOG|0001561550-26-000153|nonDerivative|2026-05-26|Pomel Olivier|S|Class A Common Stock|7196|222.9923|D,2026-05-31 10:00:17+0000,DDOG,"Datadog, Inc.",0001561550,4,2026-05-28,2026-05-26,0001561550-26-000153,https://www.sec.gov/Archives/edgar/data/1561550/000156155026000153/wk-form4_1780002585.xml,nonDerivative,2026-05-26,S,Class A Common Stock,7196,222.9923,1604652.5908,812283,D,Pomel Olivier,"Director, Officer, Chief Executive Officer",1,1,0,Chief Executive Officer,SEC EDGAR
DDOG|0001561550-26-000153|nonDerivative|2026-05-26|Pomel Olivier|S|Class A Common Stock|37366|223.893|D,2026-05-31 10:00:17+0000,DDOG,"Datadog, Inc.",0001561550,4,2026-05-28,2026-05-26,0001561550-26-000153,https://www.sec.gov/Archives/edgar/data/1561550/000156155026000153/wk-form4_1780002585.xml,nonDerivative,2026-05-26,S,Class A Common Stock,37366,223.893,8365985.838,774917,D,Pomel Olivier,"Director, Officer, Chief Executive Officer",1,1,0,Chief Executive Officer,SEC EDGAR
DDOG|0001561550-26-000153|nonDerivative|2026-05-26|Pomel Olivier|S|Class A Common Stock|23136|224.8515|D,2026-05-31 10:00:17+0000,DDOG,"Datadog, Inc.",0001561550,4,2026-05-28,2026-05-26,0001561550-26-000153,https://www.sec.gov/Archives/edgar/data/1561550/000156155026000153/wk-form4_1780002585.xml,nonDerivative,2026-05-26,S,Class A Common Stock,23136,224.8515,5202164.304,751781,D,Pomel Olivier,"Director, Officer, Chief Executive Officer",1,1,0,Chief Executive Officer,SEC EDGAR
DDOG|0001561550-26-000153|nonDerivative|2026-05-26|Pomel Olivier|S|Class A Common Stock|800|225.6538|D,2026-05-31 10:00:17+0000,DDOG,"Datadog, Inc.",0001561550,4,2026-05-28,2026-05-26,0001561550-26-000153,https://www.sec.gov/Archives/edgar/data/1561550/000156155026000153/wk-form4_1780002585.xml,nonDerivative,2026-05-26,S,Class A Common Stock,800,225.6538,180523.03999999998,750981,D,Pomel Olivier,"Director, Officer, Chief Executive Officer",1,1,0,Chief Executive Officer,SEC EDGAR
DD|0001628280-26-038881|nonDerivative|2026-05-21|du Pont Eleuthere I|A|Common Stock|4030|0|D,2026-05-31 10:00:17+0000,DD,"DuPont de Nemours, Inc.",0001666700,4,2026-05-28,2026-05-21,0001628280-26-038881,https://www.sec.gov/Archives/edgar/data/1666700/000162828026038881/wk-form4_1780001456.xml,nonDerivative,2026-05-21,A,Common Stock,4030,0,0.0,42371.4961,D,du Pont Eleuthere I,Director,1,0,0,,SEC EDGAR
DD|0001628280-26-038884|nonDerivative|2026-05-21|McMaken Kurt B|A|Common Stock|4030|0|D,2026-05-31 10:00:17+0000,DD,"DuPont de Nemours, Inc.",0001666700,4,2026-05-28,2026-05-21,0001628280-26-038884,https://www.sec.gov/Archives/edgar/data/1666700/000162828026038884/wk-form4_1780001574.xml,nonDerivative,2026-05-21,A,Common Stock,4030,0,0.0,8257.8919,D,McMaken Kurt B,Director,1,0,0,,SEC EDGAR
DD|0001628280-26-038886|nonDerivative|2026-05-21|Macpherson Donald G|A|Common Stock|4030|0|D,2026-05-31 10:00:17+0000,DD,"DuPont de Nemours, Inc.",0001666700,4,2026-05-28,2026-05-21,0001628280-26-038886,https://www.sec.gov/Archives/edgar/data/1666700/000162828026038886/wk-form4_1780001663.xml,nonDerivative,2026-05-21,A,Common Stock,4030,0,0.0,5196.6698,D,Macpherson Donald G,Director,1,0,0,,SEC EDGAR
DD|0001628280-26-038883|nonDerivative|2026-05-21|Lowery Frederick M.|A|Common Stock|4030|0|D,2026-05-31 10:00:17+0000,DD,"DuPont de Nemours, Inc.",0001666700,4,2026-05-28,2026-05-21,0001628280-26-038883,https://www.sec.gov/Archives/edgar/data/1666700/000162828026038883/wk-form4_1780001537.xml,nonDerivative,2026-05-21,A,Common Stock,4030,0,0.0,39405.1929,D,Lowery Frederick M.,Director,1,0,0,,SEC EDGAR
DD|0001628280-26-038882|nonDerivative|2026-05-21|LICO JAMES A|A|Common Stock|4030|0|D,2026-05-31 10:00:17+0000,DD,"DuPont de Nemours, Inc.",0001666700,4,2026-05-28,2026-05-21,0001628280-26-038882,https://www.sec.gov/Archives/edgar/data/1666700/000162828026038882/wk-form4_1780001495.xml,nonDerivative,2026-05-21,A,Common Stock,4030,0,0.0,10839.1156,D,LICO JAMES A,Director,1,0,0,,SEC EDGAR
DD|0001628280-26-038880|nonDerivative|2026-05-21|CUTLER ALEXANDER M|A|Common Stock|4030|0|D,2026-05-31 10:00:17+0000,DD,"DuPont de Nemours, Inc.",0001666700,4,2026-05-28,2026-05-21,0001628280-26-038880,https://www.sec.gov/Archives/edgar/data/1666700/000162828026038880/wk-form4_1780001410.xml,nonDerivative,2026-05-21,A,Common Stock,4030,0,0.0,80761.773,D,CUTLER ALEXANDER M,Director,1,0,0,,SEC EDGAR
DD|0001628280-26-038879|nonDerivative|2026-05-21|CHANDY RUBY R|A|Common Stock|4030|0|D,2026-05-31 10:00:17+0000,DD,"DuPont de Nemours, Inc.",0001666700,4,2026-05-28,2026-05-21,0001628280-26-038879,https://www.sec.gov/Archives/edgar/data/1666700/000162828026038879/wk-form4_1780001351.xml,nonDerivative,2026-05-21,A,Common Stock,4030,0,0.0,25444.3791,D,CHANDY RUBY R,Director,1,0,0,,SEC EDGAR
DD|0001628280-26-038878|nonDerivative|2026-05-21|Brady Amy G.|A|Common Stock|4030|0|D,2026-05-31 10:00:17+0000,DD,"DuPont de Nemours, Inc.",0001666700,4,2026-05-28,2026-05-21,0001628280-26-038878,https://www.sec.gov/Archives/edgar/data/1666700/000162828026038878/wk-form4_1780001296.xml,nonDerivative,2026-05-21,A,Common Stock,4030,0,0.0,23780.6788,D,Brady Amy G.,Director,1,0,0,,SEC EDGAR
DD|0001628280-26-038885|nonDerivative|2026-05-21|BREEN EDWARD D|A|Common Stock|4030|0|D,2026-05-31 10:00:17+0000,DD,"DuPont de Nemours, Inc.",0001666700,4,2026-05-28,2026-05-21,0001628280-26-038885,https://www.sec.gov/Archives/edgar/data/1666700/000162828026038885/wk-form4_1780001622.xml,nonDerivative,2026-05-21,A,Common Stock,4030,0,0.0,278007.876,D,BREEN EDWARD D,Director,1,0,0,,SEC EDGAR
DASH|0001833552-26-000010|nonDerivative|2026-05-26|Yandell Keith|S|Class A Common Stock|743|153.826|D,2026-05-31 10:00:17+0000,DASH,"DoorDash, Inc.",0001792789,4,2026-05-28,2026-05-26,0001833552-26-000010,https://www.sec.gov/Archives/edgar/data/1792789/000183355226000010/form4-05282026_040512.xml,nonDerivative,2026-05-26,S,Class A Common Stock,743,153.826,114292.718,83006,D,Yandell Keith,CHIEF BUSINESS OFFICER,false,true,false,CHIEF BUSINESS OFFICER,SEC EDGAR
DASH|0001833552-26-000010|nonDerivative|2026-05-26|Yandell Keith|S|Class A Common Stock|1200|155.149|D,2026-05-31 10:00:17+0000,DASH,"DoorDash, Inc.",0001792789,4,2026-05-28,2026-05-26,0001833552-26-000010,https://www.sec.gov/Archives/edgar/data/1792789/000183355226000010/form4-05282026_040512.xml,nonDerivative,2026-05-26,S,Class A Common Stock,1200,155.149,186178.8,81806,D,Yandell Keith,CHIEF BUSINESS OFFICER,false,true,false,CHIEF BUSINESS OFFICER,SEC EDGAR
DASH|0001833552-26-000010|nonDerivative|2026-05-26|Yandell Keith|S|Class A Common Stock|500|156.442|D,2026-05-31 10:00:17+0000,DASH,"DoorDash, Inc.",0001792789,4,2026-05-28,2026-05-26,0001833552-26-000010,https://www.sec.gov/Archives/edgar/data/1792789/000183355226000010/form4-05282026_040512.xml,nonDerivative,2026-05-26,S,Class A Common Stock,500,156.442,78221.0,81306,D,Yandell Keith,CHIEF BUSINESS OFFICER,false,true,false,CHIEF BUSINESS OFFICER,SEC EDGAR
DASH|0001833552-26-000010|nonDerivative|2026-05-26|Yandell Keith|S|Class A Common Stock|108|158.029|D,2026-05-31 10:00:17+0000,DASH,"DoorDash, Inc.",0001792789,4,2026-05-28,2026-05-26,0001833552-26-000010,https://www.sec.gov/Archives/edgar/data/1792789/000183355226000010/form4-05282026_040512.xml,nonDerivative,2026-05-26,S,Class A Common Stock,108,158.029,17067.131999999998,81198,D,Yandell Keith,CHIEF BUSINESS OFFICER,false,true,false,CHIEF BUSINESS OFFICER,SEC EDGAR
DASH|0001833552-26-000010|nonDerivative|2026-05-26|Yandell Keith|S|Class A Common Stock|92|161.05|D,2026-05-31 10:00:17+0000,DASH,"DoorDash, Inc.",0001792789,4,2026-05-28,2026-05-26,0001833552-26-000010,https://www.sec.gov/Archives/edgar/data/1792789/000183355226000010/form4-05282026_040512.xml,nonDerivative,2026-05-26,S,Class A Common Stock,92,161.05,14816.6,81106,D,Yandell Keith,CHIEF BUSINESS OFFICER,false,true,false,CHIEF BUSINESS OFFICER,SEC EDGAR
DASH|0001832612-26-000014|nonDerivative|2026-05-26|Adarkar Prabir|M|Class A Common Stock|10000|7.16|D,2026-05-31 10:00:17+0000,DASH,"DoorDash, Inc.",0001792789,4,2026-05-28,2026-05-26,0001832612-26-000014,https://www.sec.gov/Archives/edgar/data/1792789/000183261226000014/form4-05282026_040510.xml,nonDerivative,2026-05-26,M,Class A Common Stock,10000,7.16,71600.0,980815,D,Adarkar Prabir,PRESIDENT AND COO,false,true,false,PRESIDENT AND COO,SEC EDGAR
DASH|0001832612-26-000014|nonDerivative|2026-05-26|Adarkar Prabir|S|Class A Common Stock|6428|153.917|D,2026-05-31 10:00:17+0000,DASH,"DoorDash, Inc.",0001792789,4,2026-05-28,2026-05-26,0001832612-26-000014,https://www.sec.gov/Archives/edgar/data/1792789/000183261226000014/form4-05282026_040510.xml,nonDerivative,2026-05-26,S,Class A Common Stock,6428,153.917,989378.476,974387,D,Adarkar Prabir,PRESIDENT AND COO,false,true,false,PRESIDENT AND COO,SEC EDGAR
DASH|0001832612-26-000014|nonDerivative|2026-05-26|Adarkar Prabir|S|Class A Common Stock|9210|155.255|D,2026-05-31 10:00:17+0000,DASH,"DoorDash, Inc.",0001792789,4,2026-05-28,2026-05-26,0001832612-26-000014,https://www.sec.gov/Archives/edgar/data/1792789/000183261226000014/form4-05282026_040510.xml,nonDerivative,2026-05-26,S,Class A Common Stock,9210,155.255,1429898.55,965177,D,Adarkar Prabir,PRESIDENT AND COO,false,true,false,PRESIDENT AND COO,SEC EDGAR
DASH|0001832612-26-000014|nonDerivative|2026-05-26|Adarkar Prabir|S|Class A Common Stock|3900|156.102|D,2026-05-31 10:00:17+0000,DASH,"DoorDash, Inc.",0001792789,4,2026-05-28,2026-05-26,0001832612-26-000014,https://www.sec.gov/Archives/edgar/data/1792789/000183261226000014/form4-05282026_040510.xml,nonDerivative,2026-05-26,S,Class A Common Stock,3900,156.102,608797.8,961277,D,Adarkar Prabir,PRESIDENT AND COO,false,true,false,PRESIDENT AND COO,SEC EDGAR
DASH|0001832612-26-000014|nonDerivative|2026-05-26|Adarkar Prabir|S|Class A Common Stock|900|157.023|D,2026-05-31 10:00:17+0000,DASH,"DoorDash, Inc.",0001792789,4,2026-05-28,2026-05-26,0001832612-26-000014,https://www.sec.gov/Archives/edgar/data/1792789/000183261226000014/form4-05282026_040510.xml,nonDerivative,2026-05-26,S,Class A Common Stock,900,157.023,141320.69999999998,960377,D,Adarkar Prabir,PRESIDENT AND COO,false,true,false,PRESIDENT AND COO,SEC EDGAR
DASH|0001832612-26-000014|nonDerivative|2026-05-26|Adarkar Prabir|S|Class A Common Stock|1300|158.066|D,2026-05-31 10:00:17+0000,DASH,"DoorDash, Inc.",0001792789,4,2026-05-28,2026-05-26,0001832612-26-000014,https://www.sec.gov/Archives/edgar/data/1792789/000183261226000014/form4-05282026_040510.xml,nonDerivative,2026-05-26,S,Class A Common Stock,1300,158.066,205485.80000000002,959077,D,Adarkar Prabir,PRESIDENT AND COO,false,true,false,PRESIDENT AND COO,SEC EDGAR
DASH|0001832612-26-000014|nonDerivative|2026-05-26|Adarkar Prabir|S|Class A Common Stock|1|161.05|D,2026-05-31 10:00:17+0000,DASH,"DoorDash, Inc.",0001792789,4,2026-05-28,2026-05-26,0001832612-26-000014,https://www.sec.gov/Archives/edgar/data/1792789/000183261226000014/form4-05282026_040510.xml,nonDerivative,2026-05-26,S,Class A Common Stock,1,161.05,161.05,959076,D,Adarkar Prabir,PRESIDENT AND COO,false,true,false,PRESIDENT AND COO,SEC EDGAR
DASH|0001832612-26-000014|derivative|2026-05-26|Adarkar Prabir|M|Stock Option (right to buy)|10000|0|D,2026-05-31 10:00:17+0000,DASH,"DoorDash, Inc.",0001792789,4,2026-05-28,2026-05-26,0001832612-26-000014,https://www.sec.gov/Archives/edgar/data/1792789/000183261226000014/form4-05282026_040510.xml,derivative,2026-05-26,M,Stock Option (right to buy),10000,0,0.0,43550,D,Adarkar Prabir,PRESIDENT AND COO,false,true,false,PRESIDENT AND COO,SEC EDGAR
DAL|0001683168-26-004349|nonDerivative|2026-05-27|BELLEMARE ALAIN|S|Common Stock|25000|81.44|D,2026-05-31 10:00:17+0000,DAL,"DELTA AIR LINES, INC.",0000027904,4,2026-05-28,2026-05-27,0001683168-26-004349,https://www.sec.gov/Archives/edgar/data/27904/000168316826004349/ownership.xml,nonDerivative,2026-05-27,S,Common Stock,25000,81.44,2036000.0,95025,D,BELLEMARE ALAIN,"Officer, EVP & Pres. - International",0,1,0,EVP & Pres. - International,SEC EDGAR
DAL|0001683168-26-004350|nonDerivative|2026-05-26|Ausband Allison C|S|Common Stock|5000|79|D,2026-05-31 10:00:17+0000,DAL,"DELTA AIR LINES, INC.",0000027904,4,2026-05-28,2026-05-26,0001683168-26-004350,https://www.sec.gov/Archives/edgar/data/27904/000168316826004350/ownership.xml,nonDerivative,2026-05-26,S,Common Stock,5000,79,395000.0,133854,D,Ausband Allison C,"Officer, EVP & Chief People Officer",0,1,0,EVP & Chief People Officer,SEC EDGAR
DAL|0001683168-26-004350|nonDerivative|2026-05-27|Ausband Allison C|S|Common Stock|5000|80.90|D,2026-05-31 10:00:17+0000,DAL,"DELTA AIR LINES, INC.",0000027904,4,2026-05-28,2026-05-26,0001683168-26-004350,https://www.sec.gov/Archives/edgar/data/27904/000168316826004350/ownership.xml,nonDerivative,2026-05-27,S,Common Stock,5000,80.90,404500.0,128854,D,Ausband Allison C,"Officer, EVP & Chief People Officer",0,1,0,EVP & Chief People Officer,SEC EDGAR
CRL|0001100682-26-000083|nonDerivative|2026-02-06|Parisotto Shannon M|G|Common Stock|7169|0|D,2026-05-31 10:00:17+0000,CRL,"CHARLES RIVER LABORATORIES INTERNATIONAL, INC.",0001100682,4,2026-05-28,2026-02-06,0001100682-26-000083,https://www.sec.gov/Archives/edgar/data/1100682/000110068226000083/form4.xml,nonDerivative,2026-02-06,G,Common Stock,7169,0,0.0,8015,D,Parisotto Shannon M,"Officer, CEVP, Disc & Safety Assessment",,1,,"CEVP, Disc & Safety Assessment",SEC EDGAR
CRL|0001100682-26-000083|nonDerivative|2026-02-06|Parisotto Shannon M|G|Common Stock|7169|0|I,2026-05-31 10:00:17+0000,CRL,"CHARLES RIVER LABORATORIES INTERNATIONAL, INC.",0001100682,4,2026-05-28,2026-02-06,0001100682-26-000083,https://www.sec.gov/Archives/edgar/data/1100682/000110068226000083/form4.xml,nonDerivative,2026-02-06,G,Common Stock,7169,0,0.0,8151,I,Parisotto Shannon M,"Officer, CEVP, Disc & Safety Assessment",,1,,"CEVP, Disc & Safety Assessment",SEC EDGAR
CRL|0001100682-26-000083|nonDerivative|2026-05-26|Parisotto Shannon M|F|Common Stock|168|160.30|D,2026-05-31 10:00:17+0000,CRL,"CHARLES RIVER LABORATORIES INTERNATIONAL, INC.",0001100682,4,2026-05-28,2026-02-06,0001100682-26-000083,https://www.sec.gov/Archives/edgar/data/1100682/000110068226000083/form4.xml,nonDerivative,2026-05-26,F,Common Stock,168,160.30,26930.4,7847,D,Parisotto Shannon M,"Officer, CEVP, Disc & Safety Assessment",,1,,"CEVP, Disc & Safety Assessment",SEC EDGAR
CRL|0001100682-26-000083|nonDerivative|2026-05-27|Parisotto Shannon M|F|Common Stock|105|156.73|D,2026-05-31 10:00:17+0000,CRL,"CHARLES RIVER LABORATORIES INTERNATIONAL, INC.",0001100682,4,2026-05-28,2026-02-06,0001100682-26-000083,https://www.sec.gov/Archives/edgar/data/1100682/000110068226000083/form4.xml,nonDerivative,2026-05-27,F,Common Stock,105,156.73,16456.649999999998,7742,D,Parisotto Shannon M,"Officer, CEVP, Disc & Safety Assessment",,1,,"CEVP, Disc & Safety Assessment",SEC EDGAR
CRL|0001100682-26-000081|nonDerivative|2026-05-26|Mintz Mark|F|Common Stock|64|160.30|D,2026-05-31 10:00:17+0000,CRL,"CHARLES RIVER LABORATORIES INTERNATIONAL, INC.",0001100682,4,2026-05-28,2026-05-26,0001100682-26-000081,https://www.sec.gov/Archives/edgar/data/1100682/000110068226000081/form4.xml,nonDerivative,2026-05-26,F,Common Stock,64,160.30,10259.2,7428,D,Mintz Mark,"Officer, EVP, Chief Information Officer",,1,,"EVP, Chief Information Officer",SEC EDGAR
CRL|0001100682-26-000081|nonDerivative|2026-05-27|Mintz Mark|F|Common Stock|47|156.73|D,2026-05-31 10:00:17+0000,CRL,"CHARLES RIVER LABORATORIES INTERNATIONAL, INC.",0001100682,4,2026-05-28,2026-05-26,0001100682-26-000081,https://www.sec.gov/Archives/edgar/data/1100682/000110068226000081/form4.xml,nonDerivative,2026-05-27,F,Common Stock,47,156.73,7366.3099999999995,7381,D,Mintz Mark,"Officer, EVP, Chief Information Officer",,1,,"EVP, Chief Information Officer",SEC EDGAR
CRL|0001100682-26-000075|nonDerivative|2026-05-26|LaPlume Joseph W|F|Common Stock|243|160.30|D,2026-05-31 10:00:17+0000,CRL,"CHARLES RIVER LABORATORIES INTERNATIONAL, INC.",0001100682,4,2026-05-28,2026-05-26,0001100682-26-000075,https://www.sec.gov/Archives/edgar/data/1100682/000110068226000075/form4.xml,nonDerivative,2026-05-26,F,Common Stock,243,160.30,38952.9,27205,D,LaPlume Joseph W,"Officer, EVP, Corp Strategy & Develop",,1,,"EVP, Corp Strategy & Develop",SEC EDGAR
CRL|0001100682-26-000075|nonDerivative|2026-05-27|LaPlume Joseph W|F|Common Stock|185|156.73|D,2026-05-31 10:00:17+0000,CRL,"CHARLES RIVER LABORATORIES INTERNATIONAL, INC.",0001100682,4,2026-05-28,2026-05-26,0001100682-26-000075,https://www.sec.gov/Archives/edgar/data/1100682/000110068226000075/form4.xml,nonDerivative,2026-05-27,F,Common Stock,185,156.73,28995.05,27020,D,LaPlume Joseph W,"Officer, EVP, Corp Strategy & Develop",,1,,"EVP, Corp Strategy & Develop",SEC EDGAR
CRL|0001100682-26-000077|nonDerivative|2026-05-26|Knell Michael Gunnar|F|Common Stock|50|160.30|D,2026-05-31 10:00:17+0000,CRL,"CHARLES RIVER LABORATORIES INTERNATIONAL, INC.",0001100682,4,2026-05-28,2026-05-26,0001100682-26-000077,https://www.sec.gov/Archives/edgar/data/1100682/000110068226000077/form4.xml,nonDerivative,2026-05-26,F,Common Stock,50,160.30,8015.000000000001,14552,D,Knell Michael Gunnar,"Officer, SVP, Finance and CAO",,1,,"SVP, Finance and CAO",SEC EDGAR
CRL|0001100682-26-000077|nonDerivative|2026-05-27|Knell Michael Gunnar|F|Common Stock|37|156.73|D,2026-05-31 10:00:17+0000,CRL,"CHARLES RIVER LABORATORIES INTERNATIONAL, INC.",0001100682,4,2026-05-28,2026-05-26,0001100682-26-000077,https://www.sec.gov/Archives/edgar/data/1100682/000110068226000077/form4.xml,nonDerivative,2026-05-27,F,Common Stock,37,156.73,5799.009999999999,14515,D,Knell Michael Gunnar,"Officer, SVP, Finance and CAO",,1,,"SVP, Finance and CAO",SEC EDGAR
CRL|0001100682-26-000079|nonDerivative|2026-05-26|Girshick Birgit|F|Common Stock|376|160.30|D,2026-05-31 10:00:17+0000,CRL,"CHARLES RIVER LABORATORIES INTERNATIONAL, INC.",0001100682,4,2026-05-28,2026-05-26,0001100682-26-000079,https://www.sec.gov/Archives/edgar/data/1100682/000110068226000079/form4.xml,nonDerivative,2026-05-26,F,Common Stock,376,160.30,60272.8,31262,D,Girshick Birgit,"Officer, Chief Executive Officer",,1,,Chief Executive Officer,SEC EDGAR
CRL|0001100682-26-000079|nonDerivative|2026-05-27|Girshick Birgit|F|Common Stock|242|156.73|D,2026-05-31 10:00:17+0000,CRL,"CHARLES RIVER LABORATORIES INTERNATIONAL, INC.",0001100682,4,2026-05-28,2026-05-26,0001100682-26-000079,https://www.sec.gov/Archives/edgar/data/1100682/000110068226000079/form4.xml,nonDerivative,2026-05-27,F,Common Stock,242,156.73,37928.659999999996,31020,D,Girshick Birgit,"Officer, Chief Executive Officer",,1,,Chief Executive Officer,SEC EDGAR
CRL|0001100682-26-000085|nonDerivative|2026-05-26|Creamer Victoria L|F|Common Stock|198|160.30|D,2026-05-31 10:00:17+0000,CRL,"CHARLES RIVER LABORATORIES INTERNATIONAL, INC.",0001100682,4,2026-05-28,2026-05-26,0001100682-26-000085,https://www.sec.gov/Archives/edgar/data/1100682/000110068226000085/form4.xml,nonDerivative,2026-05-26,F,Common Stock,198,160.30,31739.4,25874,D,Creamer Victoria L,"Officer, EVP & Chief People Officer",,1,,EVP & Chief People Officer,SEC EDGAR
CRL|0001100682-26-000085|nonDerivative|2026-05-27|Creamer Victoria L|F|Common Stock|148|156.73|D,2026-05-31 10:00:17+0000,CRL,"CHARLES RIVER LABORATORIES INTERNATIONAL, INC.",0001100682,4,2026-05-28,2026-05-26,0001100682-26-000085,https://www.sec.gov/Archives/edgar/data/1100682/000110068226000085/form4.xml,nonDerivative,2026-05-27,F,Common Stock,148,156.73,23196.039999999997,25726,D,Creamer Victoria L,"Officer, EVP & Chief People Officer",,1,,EVP & Chief People Officer,SEC EDGAR
COR|0001202358-26-000004|nonDerivative|2026-05-28|DURCAN DERMOT MARK|P|Common Stock|4000|266.26|D,2026-05-31 10:00:17+0000,COR,"Cencora, Inc.",0001140859,4,2026-05-28,2026-05-28,0001202358-26-000004,https://www.sec.gov/Archives/edgar/data/1140859/000120235826000004/wk-form4_1779999812.xml,nonDerivative,2026-05-28,P,Common Stock,4000,266.26,1065040.0,27767,D,DURCAN DERMOT MARK,Director,1,0,0,,SEC EDGAR
CHTR|0001289431-26-000005|nonDerivative|2026-05-26|Rutledge Thomas|S|Class A Common Stock|69633|144.4493|D,2026-05-31 10:00:17+0000,CHTR,"CHARTER COMMUNICATIONS, INC. /MO/",0001091667,4,2026-05-28,2026-05-26,0001289431-26-000005,https://www.sec.gov/Archives/edgar/data/1091667/000128943126000005/wk-form4_1780004712.xml,nonDerivative,2026-05-26,S,Class A Common Stock,69633,144.4493,10058438.1069,3968,D,Rutledge Thomas,,0,0,0,,SEC EDGAR
CHTR|0001289431-26-000005|nonDerivative|2026-05-27|Rutledge Thomas|S|Class A Common Stock|9100|146.964|I,2026-05-31 10:00:17+0000,CHTR,"CHARTER COMMUNICATIONS, INC. /MO/",0001091667,4,2026-05-28,2026-05-26,0001289431-26-000005,https://www.sec.gov/Archives/edgar/data/1091667/000128943126000005/wk-form4_1780004712.xml,nonDerivative,2026-05-27,S,Class A Common Stock,9100,146.964,1337372.4,0,I,Rutledge Thomas,,0,0,0,,SEC EDGAR
CHTR|0001289431-26-000005|nonDerivative|2026-05-27|Rutledge Thomas|S|Class A Common Stock|9100|146.9201|I,2026-05-31 10:00:17+0000,CHTR,"CHARTER COMMUNICATIONS, INC. /MO/",0001091667,4,2026-05-28,2026-05-26,0001289431-26-000005,https://www.sec.gov/Archives/edgar/data/1091667/000128943126000005/wk-form4_1780004712.xml,nonDerivative,2026-05-27,S,Class A Common Stock,9100,146.9201,1336972.91,0,I,Rutledge Thomas,,0,0,0,,SEC EDGAR
"CF|0001104659-26-067470|nonDerivative|2026-05-26|Scribner Andrew|A|Common stock, par value $0.01 per share|6464|0|D",2026-05-31 10:00:17+0000,CF,"CF Industries Holdings, Inc.",0001324404,4,2026-05-28,2026-05-26,0001104659-26-067470,https://www.sec.gov/Archives/edgar/data/1324404/000110465926067470/tm2615840-2_4seq1.xml,nonDerivative,2026-05-26,A,"Common stock, par value $0.01 per share",6464,0,0.0,6464,D,Scribner Andrew,"Officer, EVP and CFO",0,1,0,EVP and CFO,SEC EDGAR
APO|0001748394-26-000005|nonDerivative|2026-05-27|Zito John P.|S|Common Stock|17508|129.9495|D,2026-05-31 10:00:17+0000,APO,"Apollo Global Management, Inc.",0001858681,4,2026-05-28,2026-05-27,0001748394-26-000005,https://www.sec.gov/Archives/edgar/data/1858681/000174839426000005/wk-form4_1780001361.xml,nonDerivative,2026-05-27,S,Common Stock,17508,129.9495,2275155.846,3094832,D,Zito John P.,"Officer, Co-President (see Remarks)",0,1,0,Co-President (see Remarks),SEC EDGAR
APO|0001748394-26-000005|nonDerivative|2026-05-27|Zito John P.|S|Common Stock|20019|130.7082|D,2026-05-31 10:00:17+0000,APO,"Apollo Global Management, Inc.",0001858681,4,2026-05-28,2026-05-27,0001748394-26-000005,https://www.sec.gov/Archives/edgar/data/1858681/000174839426000005/wk-form4_1780001361.xml,nonDerivative,2026-05-27,S,Common Stock,20019,130.7082,2616647.4558,3074813,D,Zito John P.,"Officer, Co-President (see Remarks)",0,1,0,Co-President (see Remarks),SEC EDGAR
APO|0001748394-26-000005|nonDerivative|2026-05-27|Zito John P.|S|Common Stock|11117|131.6816|D,2026-05-31 10:00:17+0000,APO,"Apollo Global Management, Inc.",0001858681,4,2026-05-28,2026-05-27,0001748394-26-000005,https://www.sec.gov/Archives/edgar/data/1858681/000174839426000005/wk-form4_1780001361.xml,nonDerivative,2026-05-27,S,Common Stock,11117,131.6816,1463904.3472,3063696,D,Zito John P.,"Officer, Co-President (see Remarks)",0,1,0,Co-President (see Remarks),SEC EDGAR
ANET|0001596532-26-000115|nonDerivative|2026-05-26|Ullal Jayshree|S|Common Stock|7740|154.4723|D,2026-05-31 10:00:17+0000,ANET,"Arista Networks, Inc.",0001596532,4,2026-05-28,2026-05-26,0001596532-26-000115,https://www.sec.gov/Archives/edgar/data/1596532/000159653226000115/edgardoc.xml,nonDerivative,2026-05-26,S,Common Stock,7740,154.4723,1195615.602,15986,D,Ullal Jayshree,"Director, Officer, CEO and Chairperson",1,1,0,CEO and Chairperson,SEC EDGAR
ANET|0001596532-26-000115|nonDerivative|2026-05-26|Ullal Jayshree|S|Common Stock|3794|155.4773|D,2026-05-31 10:00:17+0000,ANET,"Arista Networks, Inc.",0001596532,4,2026-05-28,2026-05-26,0001596532-26-000115,https://www.sec.gov/Archives/edgar/data/1596532/000159653226000115/edgardoc.xml,nonDerivative,2026-05-26,S,Common Stock,3794,155.4773,589880.8762,12192,D,Ullal Jayshree,"Director, Officer, CEO and Chairperson",1,1,0,CEO and Chairperson,SEC EDGAR
ANET|0001596532-26-000115|nonDerivative|2026-05-26|Ullal Jayshree|S|Common Stock|2175|156.2194|D,2026-05-31 10:00:17+0000,ANET,"Arista Networks, Inc.",0001596532,4,2026-05-28,2026-05-26,0001596532-26-000115,https://www.sec.gov/Archives/edgar/data/1596532/000159653226000115/edgardoc.xml,nonDerivative,2026-05-26,S,Common Stock,2175,156.2194,339777.195,10017,D,Ullal Jayshree,"Director, Officer, CEO and Chairperson",1,1,0,CEO and Chairperson,SEC EDGAR
ANET|0001596532-26-000115|nonDerivative|2026-05-26|Ullal Jayshree|S|Common Stock|100|157.3|D,2026-05-31 10:00:17+0000,ANET,"Arista Networks, Inc.",0001596532,4,2026-05-28,2026-05-26,0001596532-26-000115,https://www.sec.gov/Archives/edgar/data/1596532/000159653226000115/edgardoc.xml,nonDerivative,2026-05-26,S,Common Stock,100,157.3,15730.000000000002,9917,D,Ullal Jayshree,"Director, Officer, CEO and Chairperson",1,1,0,CEO and Chairperson,SEC EDGAR
ANET|0001596532-26-000114|nonDerivative|2026-05-26|Breithaupt Chantelle Yvette|S|Common Stock|2448|157.0|D,2026-05-31 10:00:17+0000,ANET,"Arista Networks, Inc.",0001596532,4,2026-05-28,2026-05-26,0001596532-26-000114,https://www.sec.gov/Archives/edgar/data/1596532/000159653226000114/edgardoc.xml,nonDerivative,2026-05-26,S,Common Stock,2448,157.0,384336.0,64408,D,Breithaupt Chantelle Yvette,"Officer, Senior Vice President, CFO",0,1,0,"Senior Vice President, CFO",SEC EDGAR
ANET|0001596532-26-000113|nonDerivative|2026-05-26|BECHTOLSHEIM ANDREAS|S|Common Stock|32973|154.4979|I,2026-05-31 10:00:17+0000,ANET,"Arista Networks, Inc.",0001596532,4,2026-05-28,2026-05-26,0001596532-26-000113,https://www.sec.gov/Archives/edgar/data/1596532/000159653226000113/edgardoc.xml,nonDerivative,2026-05-26,S,Common Stock,32973,154.4979,5094259.2567,182990075,I,BECHTOLSHEIM ANDREAS,10% Owner,0,0,1,,SEC EDGAR
ANET|0001596532-26-000113|nonDerivative|2026-05-26|BECHTOLSHEIM ANDREAS|S|Common Stock|55818|155.349|I,2026-05-31 10:00:17+0000,ANET,"Arista Networks, Inc.",0001596532,4,2026-05-28,2026-05-26,0001596532-26-000113,https://www.sec.gov/Archives/edgar/data/1596532/000159653226000113/edgardoc.xml,nonDerivative,2026-05-26,S,Common Stock,55818,155.349,8671270.481999999,182934257,I,BECHTOLSHEIM ANDREAS,10% Owner,0,0,1,,SEC EDGAR
ANET|0001596532-26-000113|nonDerivative|2026-05-26|BECHTOLSHEIM ANDREAS|S|Common Stock|34960|156.4915|I,2026-05-31 10:00:17+0000,ANET,"Arista Networks, Inc.",0001596532,4,2026-05-28,2026-05-26,0001596532-26-000113,https://www.sec.gov/Archives/edgar/data/1596532/000159653226000113/edgardoc.xml,nonDerivative,2026-05-26,S,Common Stock,34960,156.4915,5470942.84,182899297,I,BECHTOLSHEIM ANDREAS,10% Owner,0,0,1,,SEC EDGAR
ANET|0001596532-26-000113|nonDerivative|2026-05-26|BECHTOLSHEIM ANDREAS|S|Common Stock|11535|157.3363|I,2026-05-31 10:00:17+0000,ANET,"Arista Networks, Inc.",0001596532,4,2026-05-28,2026-05-26,0001596532-26-000113,https://www.sec.gov/Archives/edgar/data/1596532/000159653226000113/edgardoc.xml,nonDerivative,2026-05-26,S,Common Stock,11535,157.3363,1814874.2204999998,182887762,I,BECHTOLSHEIM ANDREAS,10% Owner,0,0,1,,SEC EDGAR
ANET|0001596532-26-000113|nonDerivative|2026-05-26|BECHTOLSHEIM ANDREAS|S|Common Stock|47035|158.488|I,2026-05-31 10:00:17+0000,ANET,"Arista Networks, Inc.",0001596532,4,2026-05-28,2026-05-26,0001596532-26-000113,https://www.sec.gov/Archives/edgar/data/1596532/000159653226000113/edgardoc.xml,nonDerivative,2026-05-26,S,Common Stock,47035,158.488,7454483.08,182840727,I,BECHTOLSHEIM ANDREAS,10% Owner,0,0,1,,SEC EDGAR
ANET|0001596532-26-000113|nonDerivative|2026-05-26|BECHTOLSHEIM ANDREAS|S|Common Stock|36494|159.2978|I,2026-05-31 10:00:17+0000,ANET,"Arista Networks, Inc.",0001596532,4,2026-05-28,2026-05-26,0001596532-26-000113,https://www.sec.gov/Archives/edgar/data/1596532/000159653226000113/edgardoc.xml,nonDerivative,2026-05-26,S,Common Stock,36494,159.2978,5813413.913199999,182804233,I,BECHTOLSHEIM ANDREAS,10% Owner,0,0,1,,SEC EDGAR
ANET|0001596532-26-000113|nonDerivative|2026-05-26|BECHTOLSHEIM ANDREAS|S|Common Stock|1185|160.0051|I,2026-05-31 10:00:17+0000,ANET,"Arista Networks, Inc.",0001596532,4,2026-05-28,2026-05-26,0001596532-26-000113,https://www.sec.gov/Archives/edgar/data/1596532/000159653226000113/edgardoc.xml,nonDerivative,2026-05-26,S,Common Stock,1185,160.0051,189606.0435,182803048,I,BECHTOLSHEIM ANDREAS,10% Owner,0,0,1,,SEC EDGAR
AME|0001037868-26-000165|nonDerivative|2026-05-27|Oscher Ronald J|J|Common Stock|39954|0|D,2026-05-31 10:00:17+0000,AME,AMETEK INC/,0001037868,4,2026-05-28,2026-05-27,0001037868-26-000165,https://www.sec.gov/Archives/edgar/data/1037868/000103786826000165/wk-form4_1779998577.xml,nonDerivative,2026-05-27,J,Common Stock,39954,0,0.0,2887,D,Oscher Ronald J,"Officer, CHIEF ADMINISTRATIVE OFFICER",0,1,0,CHIEF ADMINISTRATIVE OFFICER,SEC EDGAR
AME|0001037868-26-000165|nonDerivative|2026-05-27|Oscher Ronald J|J|Common Stock|39954|0|I,2026-05-31 10:00:17+0000,AME,AMETEK INC/,0001037868,4,2026-05-28,2026-05-27,0001037868-26-000165,https://www.sec.gov/Archives/edgar/data/1037868/000103786826000165/wk-form4_1779998577.xml,nonDerivative,2026-05-27,J,Common Stock,39954,0,0.0,39954,I,Oscher Ronald J,"Officer, CHIEF ADMINISTRATIVE OFFICER",0,1,0,CHIEF ADMINISTRATIVE OFFICER,SEC EDGAR
AMAT|0001628280-26-038923|nonDerivative|2026-05-26|BRUNER JUDY|S|Common Stock|1128|450|I,2026-05-31 10:00:17+0000,AMAT,APPLIED MATERIALS INC /DE,0000006951,4,2026-05-28,2026-05-26,0001628280-26-038923,https://www.sec.gov/Archives/edgar/data/6951/000162828026038923/wk-form4_1780004871.xml,nonDerivative,2026-05-26,S,Common Stock,1128,450,507600.0,26544,I,BRUNER JUDY,Director,1,0,0,,SEC EDGAR
AJG|0000354190-26-000163|nonDerivative|2026-05-26|Gallagher Patrick Murphy|G|Common Stock|14698|0|I,2026-05-31 10:00:17+0000,AJG,Arthur J. Gallagher & Co.,0000354190,4,2026-05-28,2026-05-26,0000354190-26-000163,https://www.sec.gov/Archives/edgar/data/354190/000035419026000163/form4.xml,nonDerivative,2026-05-26,G,Common Stock,14698,0,0.0,98105.25,I,Gallagher Patrick Murphy,"Officer, Chief Operating Officer",,1,,Chief Operating Officer,SEC EDGAR
AJG|0000354190-26-000161|nonDerivative|2026-05-26|GALLAGHER J PATRICK JR|G|Common Stock|14698|0|D,2026-05-31 10:00:17+0000,AJG,Arthur J. Gallagher & Co.,0000354190,4,2026-05-28,2026-05-26,0000354190-26-000161,https://www.sec.gov/Archives/edgar/data/354190/000035419026000161/form4.xml,nonDerivative,2026-05-26,G,Common Stock,14698,0,0.0,109416.9637,D,GALLAGHER J PATRICK JR,"Director, Officer, CEO",1,1,,CEO,SEC EDGAR
"AFL|0001104659-26-067277|nonDerivative|2026-05-26|Japan Post Holdings Co., Ltd.|S|Common Stock|17170|117.01|I",2026-05-31 10:00:17+0000,AFL,AFLAC INC,0000004977,4,2026-05-28,2026-05-26,0001104659-26-067277,https://www.sec.gov/Archives/edgar/data/4977/000110465926067277/tm2613336-12_4seq1.xml,nonDerivative,2026-05-26,S,Common Stock,17170,117.01,2009061.7000000002,51314375,I,"Japan Post Holdings Co., Ltd.",10% Owner,0,0,1,,SEC EDGAR
"AFL|0001104659-26-067277|nonDerivative|2026-05-26|Japan Post Holdings Co., Ltd.|S|Common Stock|830|117.55|I",2026-05-31 10:00:17+0000,AFL,AFLAC INC,0000004977,4,2026-05-28,2026-05-26,0001104659-26-067277,https://www.sec.gov/Archives/edgar/data/4977/000110465926067277/tm2613336-12_4seq1.xml,nonDerivative,2026-05-26,S,Common Stock,830,117.55,97566.5,51313545,I,"Japan Post Holdings Co., Ltd.",10% Owner,0,0,1,,SEC EDGAR
ZBH|0001999146-26-000006|derivative|2026-05-22|Shapiro Louis|A|Phantom Stock Units|875.35|0|D,2026-05-31 10:00:17+0000,ZBH,"ZIMMER BIOMET HOLDINGS, INC.",0001136869,4,2026-05-27,2026-05-22,0001999146-26-000006,https://www.sec.gov/Archives/edgar/data/1136869/000199914626000006/form4-05272026_080511.xml,derivative,2026-05-22,A,Phantom Stock Units,875.35,0,0.0,3544.416,D,Shapiro Louis,,true,false,false,,SEC EDGAR
ZBH|0001999146-26-000006|derivative|2026-05-22|Shapiro Louis|A|Restricted Stock Units|1517.274|0|D,2026-05-31 10:00:17+0000,ZBH,"ZIMMER BIOMET HOLDINGS, INC.",0001136869,4,2026-05-27,2026-05-22,0001999146-26-000006,https://www.sec.gov/Archives/edgar/data/1136869/000199914626000006/form4-05272026_080511.xml,derivative,2026-05-22,A,Restricted Stock Units,1517.274,0,0.0,3991.063,D,Shapiro Louis,,true,false,false,,SEC EDGAR
ZBH|0001910621-26-000006|derivative|2026-05-22|Kurdikar Devdatt|A|Phantom Stock Units|875.35|0|D,2026-05-31 10:00:17+0000,ZBH,"ZIMMER BIOMET HOLDINGS, INC.",0001136869,4,2026-05-27,2026-05-22,0001910621-26-000006,https://www.sec.gov/Archives/edgar/data/1136869/000191062126000006/form4-05272026_080533.xml,derivative,2026-05-22,A,Phantom Stock Units,875.35,0,0.0,2809.859,D,Kurdikar Devdatt,,true,false,false,,SEC EDGAR
ZBH|0001910621-26-000006|derivative|2026-05-22|Kurdikar Devdatt|A|Restricted Stock Units|1517.274|0|D,2026-05-31 10:00:17+0000,ZBH,"ZIMMER BIOMET HOLDINGS, INC.",0001136869,4,2026-05-27,2026-05-22,0001910621-26-000006,https://www.sec.gov/Archives/edgar/data/1136869/000191062126000006/form4-05272026_080533.xml,derivative,2026-05-22,A,Restricted Stock Units,1517.274,0,0.0,2922.072,D,Kurdikar Devdatt,,true,false,false,,SEC EDGAR
ZBH|0001689392-26-000008|derivative|2026-05-22|Kolli Sreelakshmi|A|Phantom Stock Units|875.35|0|D,2026-05-31 10:00:17+0000,ZBH,"ZIMMER BIOMET HOLDINGS, INC.",0001136869,4,2026-05-27,2026-05-22,0001689392-26-000008,https://www.sec.gov/Archives/edgar/data/1136869/000168939226000008/form4-05272026_080551.xml,derivative,2026-05-22,A,Phantom Stock Units,875.35,0,0.0,6662.281,D,Kolli Sreelakshmi,,true,false,false,,SEC EDGAR
ZBH|0001689392-26-000008|derivative|2026-05-22|Kolli Sreelakshmi|A|Restricted Stock Units|1517.274|0|D,2026-05-31 10:00:17+0000,ZBH,"ZIMMER BIOMET HOLDINGS, INC.",0001136869,4,2026-05-27,2026-05-22,0001689392-26-000008,https://www.sec.gov/Archives/edgar/data/1136869/000168939226000008/form4-05272026_080551.xml,derivative,2026-05-22,A,Restricted Stock Units,1517.274,0,0.0,6875,D,Kolli Sreelakshmi,,true,false,false,,SEC EDGAR
ZBH|0001745891-26-000004|derivative|2026-05-22|Jafry Syed A.|A|Phantom Stock Units|875.35|0|D,2026-05-31 10:00:17+0000,ZBH,"ZIMMER BIOMET HOLDINGS, INC.",0001136869,4,2026-05-27,2026-05-22,0001745891-26-000004,https://www.sec.gov/Archives/edgar/data/1136869/000174589126000004/form4-05272026_080501.xml,derivative,2026-05-22,A,Phantom Stock Units,875.35,0,0.0,8288.638,D,Jafry Syed A.,,true,false,false,,SEC EDGAR
ZBH|0001745891-26-000004|derivative|2026-05-22|Jafry Syed A.|A|Restricted Stock Units|1517.274|0|D,2026-05-31 10:00:17+0000,ZBH,"ZIMMER BIOMET HOLDINGS, INC.",0001136869,4,2026-05-27,2026-05-22,0001745891-26-000004,https://www.sec.gov/Archives/edgar/data/1136869/000174589126000004/form4-05272026_080501.xml,derivative,2026-05-22,A,Restricted Stock Units,1517.274,0,0.0,9098,D,Jafry Syed A.,,true,false,false,,SEC EDGAR
ZBH|0001587868-26-000008|derivative|2026-05-22|Hilado Maria Teresa|A|Phantom Stock Units|875.35|0|D,2026-05-31 10:00:17+0000,ZBH,"ZIMMER BIOMET HOLDINGS, INC.",0001136869,4,2026-05-27,2026-05-22,0001587868-26-000008,https://www.sec.gov/Archives/edgar/data/1136869/000158786826000008/form4-05272026_080549.xml,derivative,2026-05-22,A,Phantom Stock Units,875.35,0,0.0,12594.369,D,Hilado Maria Teresa,,true,false,false,,SEC EDGAR
ZBH|0001587868-26-000008|derivative|2026-05-22|Hilado Maria Teresa|A|Restricted Stock Units|1517.274|0|D,2026-05-31 10:00:17+0000,ZBH,"ZIMMER BIOMET HOLDINGS, INC.",0001136869,4,2026-05-27,2026-05-22,0001587868-26-000008,https://www.sec.gov/Archives/edgar/data/1136869/000158786826000008/form4-05272026_080549.xml,derivative,2026-05-22,A,Restricted Stock Units,1517.274,0,0.0,9098,D,Hilado Maria Teresa,,true,false,false,,SEC EDGAR
ZBH|0001142083-26-000006|derivative|2026-05-22|HIGGINS ARTHUR J|A|Phantom Stock Units|875.35|0|D,2026-05-31 10:00:17+0000,ZBH,"ZIMMER BIOMET HOLDINGS, INC.",0001136869,4,2026-05-27,2026-05-22,0001142083-26-000006,https://www.sec.gov/Archives/edgar/data/1136869/000114208326000006/form4-05272026_080517.xml,derivative,2026-05-22,A,Phantom Stock Units,875.35,0,0.0,37357.322,D,HIGGINS ARTHUR J,,true,false,false,,SEC EDGAR
ZBH|0001142083-26-000006|derivative|2026-05-22|HIGGINS ARTHUR J|A|Restricted Stock Units|1517.274|0|D,2026-05-31 10:00:17+0000,ZBH,"ZIMMER BIOMET HOLDINGS, INC.",0001136869,4,2026-05-27,2026-05-22,0001142083-26-000006,https://www.sec.gov/Archives/edgar/data/1136869/000114208326000006/form4-05272026_080517.xml,derivative,2026-05-22,A,Restricted Stock Units,1517.274,0,0.0,26382,D,HIGGINS ARTHUR J,,true,false,false,,SEC EDGAR
ZBH|0001222676-26-000008|derivative|2026-05-22|HAGEMANN ROBERT|A|Phantom Stock Units|875.35|0|D,2026-05-31 10:00:17+0000,ZBH,"ZIMMER BIOMET HOLDINGS, INC.",0001136869,4,2026-05-27,2026-05-22,0001222676-26-000008,https://www.sec.gov/Archives/edgar/data/1136869/000122267626000008/form4-05272026_080528.xml,derivative,2026-05-22,A,Phantom Stock Units,875.35,0,0.0,32952.074,D,HAGEMANN ROBERT,,true,false,false,,SEC EDGAR
ZBH|0001222676-26-000008|derivative|2026-05-22|HAGEMANN ROBERT|A|Restricted Stock Units|1517.274|0|D,2026-05-31 10:00:17+0000,ZBH,"ZIMMER BIOMET HOLDINGS, INC.",0001136869,4,2026-05-27,2026-05-22,0001222676-26-000008,https://www.sec.gov/Archives/edgar/data/1136869/000122267626000008/form4-05272026_080528.xml,derivative,2026-05-22,A,Restricted Stock Units,1517.274,0,0.0,25927,D,HAGEMANN ROBERT,,true,false,false,,SEC EDGAR
ZBH|0001485164-26-000006|derivative|2026-05-22|Farrell Michael J.|A|Phantom Stock Units|875.35|0|D,2026-05-31 10:00:17+0000,ZBH,"ZIMMER BIOMET HOLDINGS, INC.",0001136869,4,2026-05-27,2026-05-22,0001485164-26-000006,https://www.sec.gov/Archives/edgar/data/1136869/000148516426000006/form4-05272026_080533.xml,derivative,2026-05-22,A,Phantom Stock Units,875.35,0,0.0,19173.94,D,Farrell Michael J.,,true,false,false,,SEC EDGAR
ZBH|0001485164-26-000006|derivative|2026-05-22|Farrell Michael J.|A|Restricted Stock Units|1517.274|0|D,2026-05-31 10:00:17+0000,ZBH,"ZIMMER BIOMET HOLDINGS, INC.",0001136869,4,2026-05-27,2026-05-22,0001485164-26-000006,https://www.sec.gov/Archives/edgar/data/1136869/000148516426000006/form4-05272026_080533.xml,derivative,2026-05-22,A,Restricted Stock Units,1517.274,0,0.0,13757,D,Farrell Michael J.,,true,false,false,,SEC EDGAR
ZBH|0001166854-26-000002|derivative|2026-05-22|BERNARD BETSY J|A|Phantom Stock Units|875.35|0|D,2026-05-31 10:00:17+0000,ZBH,"ZIMMER BIOMET HOLDINGS, INC.",0001136869,4,2026-05-27,2026-05-22,0001166854-26-000002,https://www.sec.gov/Archives/edgar/data/1136869/000116685426000002/form4-05272026_080534.xml,derivative,2026-05-22,A,Phantom Stock Units,875.35,0,0.0,21581.562,D,BERNARD BETSY J,,true,false,false,,SEC EDGAR
ZBH|0001166854-26-000002|derivative|2026-05-22|BERNARD BETSY J|A|Restricted Stock Units|1517.274|0|D,2026-05-31 10:00:17+0000,ZBH,"ZIMMER BIOMET HOLDINGS, INC.",0001136869,4,2026-05-27,2026-05-22,0001166854-26-000002,https://www.sec.gov/Archives/edgar/data/1136869/000116685426000002/form4-05272026_080534.xml,derivative,2026-05-22,A,Restricted Stock Units,1517.274,0,0.0,24506,D,BERNARD BETSY J,,true,false,false,,SEC EDGAR
XYZ|0001628280-26-038531|nonDerivative|2026-05-22|Jennings Owen Britton|S|Class A  Common Stock|1316|68.54|D,2026-05-31 10:00:17+0000,XYZ,"Block, Inc.",0001512673,4,2026-05-27,2026-05-22,0001628280-26-038531,https://www.sec.gov/Archives/edgar/data/1512673/000162828026038531/wk-form4_1779915844.xml,nonDerivative,2026-05-22,S,Class A  Common Stock,1316,68.54,90198.64000000001,479662,D,Jennings Owen Britton,"Officer, Business Lead",0,1,0,Business Lead,SEC EDGAR
WYNN|0001104659-26-067025|derivative|2026-05-22|FERTITTA TILMAN J|S|Call Option (obligation to sell)|300000|3.5725|I,2026-05-31 10:00:17+0000,WYNN,WYNN RESORTS LTD,0001174922,4,2026-05-27,2026-05-22,0001104659-26-067025,https://www.sec.gov/Archives/edgar/data/1174922/000110465926067025/tm2615726-1_4seq1.xml,derivative,2026-05-22,S,Call Option (obligation to sell),300000,3.5725,1071750.0,300000,I,FERTITTA TILMAN J,10% Owner,0,0,1,,SEC EDGAR
WYNN|0001104659-26-067025|derivative|2026-05-26|FERTITTA TILMAN J|S|Call Option (obligation to sell)|200000|4.3745|I,2026-05-31 10:00:17+0000,WYNN,WYNN RESORTS LTD,0001174922,4,2026-05-27,2026-05-22,0001104659-26-067025,https://www.sec.gov/Archives/edgar/data/1174922/000110465926067025/tm2615726-1_4seq1.xml,derivative,2026-05-26,S,Call Option (obligation to sell),200000,4.3745,874900.0,200000,I,FERTITTA TILMAN J,10% Owner,0,0,1,,SEC EDGAR
WYNN|0001104659-26-067025|derivative|2026-05-26|FERTITTA TILMAN J|S|Call Option (obligation to sell)|200000|3.6569|I,2026-05-31 10:00:17+0000,WYNN,WYNN RESORTS LTD,0001174922,4,2026-05-27,2026-05-22,0001104659-26-067025,https://www.sec.gov/Archives/edgar/data/1174922/000110465926067025/tm2615726-1_4seq1.xml,derivative,2026-05-26,S,Call Option (obligation to sell),200000,3.6569,731380.0,200000,I,FERTITTA TILMAN J,10% Owner,0,0,1,,SEC EDGAR
WELL|0001193125-26-242148|nonDerivative|2026-05-27|Mitra Shankh|G|Common Stock|162|0|D,2026-05-31 10:00:17+0000,WELL,WELLTOWER INC.,0000766704,4,2026-05-27,2026-05-27,0001193125-26-242148,https://www.sec.gov/Archives/edgar/data/766704/000119312526242148/ownership.xml,nonDerivative,2026-05-27,G,Common Stock,162,0,0.0,76477,D,Mitra Shankh,CEO,true,true,false,CEO,SEC EDGAR
WDC|0001266824-26-000107|nonDerivative|2026-05-22|Tregillis Cynthia L|S|Common Stock|308|488.61|D,2026-05-31 10:00:17+0000,WDC,WESTERN DIGITAL CORP,0000106040,4,2026-05-27,2026-05-22,0001266824-26-000107,https://www.sec.gov/Archives/edgar/data/106040/000126682426000107/edgardoc.xml,nonDerivative,2026-05-22,S,Common Stock,308,488.61,150491.88,118135,D,Tregillis Cynthia L,"Officer, Chief Legal Officer & Corp Sec",0,1,0,Chief Legal Officer & Corp Sec,SEC EDGAR
WDC|0001266824-26-000107|nonDerivative|2026-05-25|Tregillis Cynthia L|M|Common Stock|7|0.0|D,2026-05-31 10:00:17+0000,WDC,WESTERN DIGITAL CORP,0000106040,4,2026-05-27,2026-05-22,0001266824-26-000107,https://www.sec.gov/Archives/edgar/data/106040/000126682426000107/edgardoc.xml,nonDerivative,2026-05-25,M,Common Stock,7,0.0,0.0,118142,D,Tregillis Cynthia L,"Officer, Chief Legal Officer & Corp Sec",0,1,0,Chief Legal Officer & Corp Sec,SEC EDGAR
WDC|0001266824-26-000107|nonDerivative|2026-05-25|Tregillis Cynthia L|F|Common Stock|771|484.28|D,2026-05-31 10:00:17+0000,WDC,WESTERN DIGITAL CORP,0000106040,4,2026-05-27,2026-05-22,0001266824-26-000107,https://www.sec.gov/Archives/edgar/data/106040/000126682426000107/edgardoc.xml,nonDerivative,2026-05-25,F,Common Stock,771,484.28,373379.88,117371,D,Tregillis Cynthia L,"Officer, Chief Legal Officer & Corp Sec",0,1,0,Chief Legal Officer & Corp Sec,SEC EDGAR
WDC|0001266824-26-000107|nonDerivative|2026-05-27|Tregillis Cynthia L|S|Common Stock|214|539.63|D,2026-05-31 10:00:17+0000,WDC,WESTERN DIGITAL CORP,0000106040,4,2026-05-27,2026-05-22,0001266824-26-000107,https://www.sec.gov/Archives/edgar/data/106040/000126682426000107/edgardoc.xml,nonDerivative,2026-05-27,S,Common Stock,214,539.63,115480.81999999999,117157,D,Tregillis Cynthia L,"Officer, Chief Legal Officer & Corp Sec",0,1,0,Chief Legal Officer & Corp Sec,SEC EDGAR
WDC|0001266824-26-000107|derivative|2026-05-25|Tregillis Cynthia L|M|Dividend Equivalent Rights|7.3619|0.0|D,2026-05-31 10:00:17+0000,WDC,WESTERN DIGITAL CORP,0000106040,4,2026-05-27,2026-05-22,0001266824-26-000107,https://www.sec.gov/Archives/edgar/data/106040/000126682426000107/edgardoc.xml,derivative,2026-05-25,M,Dividend Equivalent Rights,7.3619,0.0,0.0,311.047,D,Tregillis Cynthia L,"Officer, Chief Legal Officer & Corp Sec",0,1,0,Chief Legal Officer & Corp Sec,SEC EDGAR
WDC|0001266824-26-000106|nonDerivative|2026-05-25|Tan Irving|M|Common Stock|30|0.0|D,2026-05-31 10:00:17+0000,WDC,WESTERN DIGITAL CORP,0000106040,4,2026-05-27,2026-05-25,0001266824-26-000106,https://www.sec.gov/Archives/edgar/data/106040/000126682426000106/edgardoc.xml,nonDerivative,2026-05-25,M,Common Stock,30,0.0,0.0,597483,D,Tan Irving,"Director, Officer, Chief Executive Officer",1,1,0,Chief Executive Officer,SEC EDGAR
WDC|0001266824-26-000106|nonDerivative|2026-05-25|Tan Irving|F|Common Stock|479|484.28|D,2026-05-31 10:00:17+0000,WDC,WESTERN DIGITAL CORP,0000106040,4,2026-05-27,2026-05-25,0001266824-26-000106,https://www.sec.gov/Archives/edgar/data/106040/000126682426000106/edgardoc.xml,nonDerivative,2026-05-25,F,Common Stock,479,484.28,231970.12,597004,D,Tan Irving,"Director, Officer, Chief Executive Officer",1,1,0,Chief Executive Officer,SEC EDGAR
WDC|0001266824-26-000106|derivative|2026-05-25|Tan Irving|M|Dividend Equivalent Rights|30.3301|0.0|D,2026-05-31 10:00:17+0000,WDC,WESTERN DIGITAL CORP,0000106040,4,2026-05-27,2026-05-25,0001266824-26-000106,https://www.sec.gov/Archives/edgar/data/106040/000126682426000106/edgardoc.xml,derivative,2026-05-25,M,Dividend Equivalent Rights,30.3301,0.0,0.0,882.2734,D,Tan Irving,"Director, Officer, Chief Executive Officer",1,1,0,Chief Executive Officer,SEC EDGAR
WDC|0001266824-26-000105|nonDerivative|2026-05-25|Gubbi Vidyadhara K|M|Common Stock|8|0.0|D,2026-05-31 10:00:17+0000,WDC,WESTERN DIGITAL CORP,0000106040,4,2026-05-27,2026-05-25,0001266824-26-000105,https://www.sec.gov/Archives/edgar/data/106040/000126682426000105/edgardoc.xml,nonDerivative,2026-05-25,M,Common Stock,8,0.0,0.0,88772,D,Gubbi Vidyadhara K,"Officer, Chief of Global Operations",0,1,0,Chief of Global Operations,SEC EDGAR
WDC|0001266824-26-000105|nonDerivative|2026-05-25|Gubbi Vidyadhara K|F|Common Stock|1143|484.28|D,2026-05-31 10:00:17+0000,WDC,WESTERN DIGITAL CORP,0000106040,4,2026-05-27,2026-05-25,0001266824-26-000105,https://www.sec.gov/Archives/edgar/data/106040/000126682426000105/edgardoc.xml,nonDerivative,2026-05-25,F,Common Stock,1143,484.28,553532.0399999999,87629,D,Gubbi Vidyadhara K,"Officer, Chief of Global Operations",0,1,0,Chief of Global Operations,SEC EDGAR
WDC|0001266824-26-000105|derivative|2026-05-25|Gubbi Vidyadhara K|M|Dividend Equivalent Rights|8.6663|0.0|D,2026-05-31 10:00:17+0000,WDC,WESTERN DIGITAL CORP,0000106040,4,2026-05-27,2026-05-25,0001266824-26-000105,https://www.sec.gov/Archives/edgar/data/106040/000126682426000105/edgardoc.xml,derivative,2026-05-25,M,Dividend Equivalent Rights,8.6663,0.0,0.0,236.4494,D,Gubbi Vidyadhara K,"Officer, Chief of Global Operations",0,1,0,Chief of Global Operations,SEC EDGAR
WDC|0001266824-26-000104|nonDerivative|2026-05-25|Davis Brian Scott|M|Common Stock|7|0.0|D,2026-05-31 10:00:17+0000,WDC,WESTERN DIGITAL CORP,0000106040,4,2026-05-27,2026-05-25,0001266824-26-000104,https://www.sec.gov/Archives/edgar/data/106040/000126682426000104/edgardoc.xml,nonDerivative,2026-05-25,M,Common Stock,7,0.0,0.0,104271,D,Davis Brian Scott,"Officer, Chief Sales & Mrktng Officer",0,1,0,Chief Sales & Mrktng Officer,SEC EDGAR
WDC|0001266824-26-000104|nonDerivative|2026-05-25|Davis Brian Scott|F|Common Stock|971|484.28|D,2026-05-31 10:00:17+0000,WDC,WESTERN DIGITAL CORP,0000106040,4,2026-05-27,2026-05-25,0001266824-26-000104,https://www.sec.gov/Archives/edgar/data/106040/000126682426000104/edgardoc.xml,nonDerivative,2026-05-25,F,Common Stock,971,484.28,470235.87999999995,103300,D,Davis Brian Scott,"Officer, Chief Sales & Mrktng Officer",0,1,0,Chief Sales & Mrktng Officer,SEC EDGAR
WDC|0001266824-26-000104|derivative|2026-05-25|Davis Brian Scott|M|Dividend Equivalent Rights|7.3619|0.0|D,2026-05-31 10:00:17+0000,WDC,WESTERN DIGITAL CORP,0000106040,4,2026-05-27,2026-05-25,0001266824-26-000104,https://www.sec.gov/Archives/edgar/data/106040/000126682426000104/edgardoc.xml,derivative,2026-05-25,M,Dividend Equivalent Rights,7.3619,0.0,0.0,192.8438,D,Davis Brian Scott,"Officer, Chief Sales & Mrktng Officer",0,1,0,Chief Sales & Mrktng Officer,SEC EDGAR
TTD|0002008907-26-000008|nonDerivative|2026-05-24|Jacobson Samantha|A|Class A  Common Stock|12477|0|D,2026-05-31 10:00:17+0000,TTD,"Trade Desk, Inc.",0001671933,4,2026-05-27,2026-05-24,0002008907-26-000008,https://www.sec.gov/Archives/edgar/data/1671933/000200890726000008/wk-form4_1779919279.xml,nonDerivative,2026-05-24,A,Class A  Common Stock,12477,0,0.0,66780,D,Jacobson Samantha,Director,1,0,0,,SEC EDGAR
TRV|0000086312-26-000129|nonDerivative|2026-05-26|Klein Michael Frederick|M|Common Stock|10000|132.58|D,2026-05-31 10:00:17+0000,TRV,"TRAVELERS COMPANIES, INC.",0000086312,4,2026-05-27,2026-05-26,0000086312-26-000129,https://www.sec.gov/Archives/edgar/data/86312/000008631226000129/form4.xml,nonDerivative,2026-05-26,M,Common Stock,10000,132.58,1325800.0000000002,55124.787,D,Klein Michael Frederick,"Officer, EVP & President, Personal Ins.",,1,,"EVP & President, Personal Ins.",SEC EDGAR
TRV|0000086312-26-000129|nonDerivative|2026-05-26|Klein Michael Frederick|S|Common Stock|6069|307.1003|D,2026-05-31 10:00:17+0000,TRV,"TRAVELERS COMPANIES, INC.",0000086312,4,2026-05-27,2026-05-26,0000086312-26-000129,https://www.sec.gov/Archives/edgar/data/86312/000008631226000129/form4.xml,nonDerivative,2026-05-26,S,Common Stock,6069,307.1003,1863791.7207,49055.787,D,Klein Michael Frederick,"Officer, EVP & President, Personal Ins.",,1,,"EVP & President, Personal Ins.",SEC EDGAR
TRV|0000086312-26-000129|nonDerivative|2026-05-26|Klein Michael Frederick|S|Common Stock|2412|308.333|D,2026-05-31 10:00:17+0000,TRV,"TRAVELERS COMPANIES, INC.",0000086312,4,2026-05-27,2026-05-26,0000086312-26-000129,https://www.sec.gov/Archives/edgar/data/86312/000008631226000129/form4.xml,nonDerivative,2026-05-26,S,Common Stock,2412,308.333,743699.1960000001,46643.787,D,Klein Michael Frederick,"Officer, EVP & President, Personal Ins.",,1,,"EVP & President, Personal Ins.",SEC EDGAR
TRV|0000086312-26-000129|nonDerivative|2026-05-26|Klein Michael Frederick|S|Common Stock|1519|308.792|D,2026-05-31 10:00:17+0000,TRV,"TRAVELERS COMPANIES, INC.",0000086312,4,2026-05-27,2026-05-26,0000086312-26-000129,https://www.sec.gov/Archives/edgar/data/86312/000008631226000129/form4.xml,nonDerivative,2026-05-26,S,Common Stock,1519,308.792,469055.04799999995,45124.787,D,Klein Michael Frederick,"Officer, EVP & President, Personal Ins.",,1,,"EVP & President, Personal Ins.",SEC EDGAR
TRV|0000086312-26-000129|derivative|2026-05-26|Klein Michael Frederick|M|Stock Options (Right to Buy)|10000|0|D,2026-05-31 10:00:17+0000,TRV,"TRAVELERS COMPANIES, INC.",0000086312,4,2026-05-27,2026-05-26,0000086312-26-000129,https://www.sec.gov/Archives/edgar/data/86312/000008631226000129/form4.xml,derivative,2026-05-26,M,Stock Options (Right to Buy),10000,0,0.0,0,D,Klein Michael Frederick,"Officer, EVP & President, Personal Ins.",,1,,"EVP & President, Personal Ins.",SEC EDGAR
TPR|0001225208-26-005608|nonDerivative|2026-05-26|Kahn Todd|M|Common Stock|57286.0000|42.3100|D,2026-05-31 10:00:17+0000,TPR,"TAPESTRY, INC.",0001116132,4,2026-05-27,2026-05-26,0001225208-26-005608,https://www.sec.gov/Archives/edgar/data/1116132/000122520826005608/doc4.xml,nonDerivative,2026-05-26,M,Common Stock,57286.0000,42.3100,2423770.66,142815.0000,D,Kahn Todd,"Officer, CEO and Brand President, Coach",,1,,"CEO and Brand President, Coach",SEC EDGAR
TPR|0001225208-26-005608|nonDerivative|2026-05-26|Kahn Todd|S|Common Stock|19557.0000|140.0200|D,2026-05-31 10:00:17+0000,TPR,"TAPESTRY, INC.",0001116132,4,2026-05-27,2026-05-26,0001225208-26-005608,https://www.sec.gov/Archives/edgar/data/1116132/000122520826005608/doc4.xml,nonDerivative,2026-05-26,S,Common Stock,19557.0000,140.0200,2738371.14,123258.0000,D,Kahn Todd,"Officer, CEO and Brand President, Coach",,1,,"CEO and Brand President, Coach",SEC EDGAR
TPR|0001225208-26-005608|nonDerivative|2026-05-26|Kahn Todd|F|Common Stock|37729.0000|140.0200|D,2026-05-31 10:00:17+0000,TPR,"TAPESTRY, INC.",0001116132,4,2026-05-27,2026-05-26,0001225208-26-005608,https://www.sec.gov/Archives/edgar/data/1116132/000122520826005608/doc4.xml,nonDerivative,2026-05-26,F,Common Stock,37729.0000,140.0200,5282814.58,85529.0000,D,Kahn Todd,"Officer, CEO and Brand President, Coach",,1,,"CEO and Brand President, Coach",SEC EDGAR
TPR|0001225208-26-005608|derivative|2026-05-26|Kahn Todd|M|Stock Option|57286.0000|0.0000|D,2026-05-31 10:00:17+0000,TPR,"TAPESTRY, INC.",0001116132,4,2026-05-27,2026-05-26,0001225208-26-005608,https://www.sec.gov/Archives/edgar/data/1116132/000122520826005608/doc4.xml,derivative,2026-05-26,M,Stock Option,57286.0000,0.0000,0.0,0.0000,D,Kahn Todd,"Officer, CEO and Brand President, Coach",,1,,"CEO and Brand President, Coach",SEC EDGAR
SYY|0001534787-26-000006|nonDerivative|2026-05-26|Hinshaw John M|P|Common Stock|13304|75.168|D,2026-05-31 10:00:17+0000,SYY,SYSCO CORP,0000096021,4,2026-05-27,2026-05-26,0001534787-26-000006,https://www.sec.gov/Archives/edgar/data/96021/000153478726000006/wk-form4_1779914369.xml,nonDerivative,2026-05-26,P,Common Stock,13304,75.168,1000035.072,40200.268,D,Hinshaw John M,Director,1,0,0,,SEC EDGAR
SNDK|0001363249-26-000046|nonDerivative|2026-05-25|Shek Bernard|F|Common Stock|211|1478.69|D,2026-05-31 10:00:17+0000,SNDK,Sandisk Corp,0002023554,4,2026-05-27,2026-05-25,0001363249-26-000046,https://www.sec.gov/Archives/edgar/data/2023554/000136324926000046/edgardoc.xml,nonDerivative,2026-05-25,F,Common Stock,211,1478.69,312003.59,32832,D,Shek Bernard,"Officer, Chief Legal Officer & Secty",0,1,0,Chief Legal Officer & Secty,SEC EDGAR
SNDK|0001363249-26-000044|nonDerivative|2026-05-25|Ilkbahar Alper|F|Common Stock|653|1478.69|D,2026-05-31 10:00:17+0000,SNDK,Sandisk Corp,0002023554,4,2026-05-27,2026-05-25,0001363249-26-000044,https://www.sec.gov/Archives/edgar/data/2023554/000136324926000044/edgardoc.xml,nonDerivative,2026-05-25,F,Common Stock,653,1478.69,965584.5700000001,54677,D,Ilkbahar Alper,"Officer, EVP, Chief Technology Officer",0,1,0,"EVP, Chief Technology Officer",SEC EDGAR
SNDK|0001363249-26-000045|nonDerivative|2026-05-25|Goeckeler David|F|Common Stock|1569|1478.69|D,2026-05-31 10:00:17+0000,SNDK,Sandisk Corp,0002023554,4,2026-05-27,2026-05-25,0001363249-26-000045,https://www.sec.gov/Archives/edgar/data/2023554/000136324926000045/edgardoc.xml,nonDerivative,2026-05-25,F,Common Stock,1569,1478.69,2320064.61,509903,D,Goeckeler David,"Director, Officer, Chairman and CEO",1,1,0,Chairman and CEO,SEC EDGAR
"SLB|0000087347-26-000114|nonDerivative|2026-05-27|Le Peuch Olivier|S|Common Stock, $0.01 Par Value Per Share|25000|56.99|D",2026-05-31 10:00:17+0000,SLB,SLB LIMITED/NV,0000087347,4,2026-05-27,2026-05-27,0000087347-26-000114,https://www.sec.gov/Archives/edgar/data/87347/000008734726000114/form4.xml,nonDerivative,2026-05-27,S,"Common Stock, $0.01 Par Value Per Share",25000,56.99,1424750.0,1366328,D,Le Peuch Olivier,"Director, Officer, Chief Executive Officer",1,1,,Chief Executive Officer,SEC EDGAR
SCHW|0001188405-26-000008|nonDerivative|2026-05-26|Sarin Arun|A|Common Stock|1602|0|D,2026-05-31 10:00:17+0000,SCHW,SCHWAB CHARLES CORP,0000316709,4,2026-05-27,2026-05-26,0001188405-26-000008,https://www.sec.gov/Archives/edgar/data/316709/000118840526000008/wk-form4_1779928539.xml,nonDerivative,2026-05-26,A,Common Stock,1602,0,0.0,12268,D,Sarin Arun,Director,1,0,0,,SEC EDGAR
SCHW|0001188405-26-000008|derivative|2026-05-26|Sarin Arun|A|Nonqualified Stock Option (right to buy)|3977|0|D,2026-05-31 10:00:17+0000,SCHW,SCHWAB CHARLES CORP,0000316709,4,2026-05-27,2026-05-26,0001188405-26-000008,https://www.sec.gov/Archives/edgar/data/316709/000118840526000008/wk-form4_1779928539.xml,derivative,2026-05-26,A,Nonqualified Stock Option (right to buy),3977,0,0.0,3977,D,Sarin Arun,Director,1,0,0,,SEC EDGAR
SCHW|0001193024-26-000002|nonDerivative|2026-05-26|SNEED PAULA A|A|Common Stock|1602|0|D,2026-05-31 10:00:17+0000,SCHW,SCHWAB CHARLES CORP,0000316709,4,2026-05-27,2026-05-26,0001193024-26-000002,https://www.sec.gov/Archives/edgar/data/316709/000119302426000002/wk-form4_1779929339.xml,nonDerivative,2026-05-26,A,Common Stock,1602,0,0.0,9675,D,SNEED PAULA A,Director,1,0,0,,SEC EDGAR
SCHW|0001193024-26-000002|derivative|2026-05-26|SNEED PAULA A|A|Nonqualified Stock Option (right to buy)|3977|0|D,2026-05-31 10:00:17+0000,SCHW,SCHWAB CHARLES CORP,0000316709,4,2026-05-27,2026-05-26,0001193024-26-000002,https://www.sec.gov/Archives/edgar/data/316709/000119302426000002/wk-form4_1779929339.xml,derivative,2026-05-26,A,Nonqualified Stock Option (right to buy),3977,0,0.0,3977,D,SNEED PAULA A,Director,1,0,0,,SEC EDGAR
SCHW|0001171694-26-000008|nonDerivative|2026-05-26|HERRINGER FRANK C|A|Common Stock|1602|0|D,2026-05-31 10:00:17+0000,SCHW,SCHWAB CHARLES CORP,0000316709,4,2026-05-27,2026-05-26,0001171694-26-000008,https://www.sec.gov/Archives/edgar/data/316709/000117169426000008/wk-form4_1779929629.xml,nonDerivative,2026-05-26,A,Common Stock,1602,0,0.0,12268,D,HERRINGER FRANK C,Director,1,0,0,,SEC EDGAR
SCHW|0001171694-26-000008|derivative|2026-05-26|HERRINGER FRANK C|A|Nonqualified Stock Option (right to buy)|3977|0|D,2026-05-31 10:00:17+0000,SCHW,SCHWAB CHARLES CORP,0000316709,4,2026-05-27,2026-05-26,0001171694-26-000008,https://www.sec.gov/Archives/edgar/data/316709/000117169426000008/wk-form4_1779929629.xml,derivative,2026-05-26,A,Nonqualified Stock Option (right to buy),3977,0,0.0,3977,D,HERRINGER FRANK C,Director,1,0,0,,SEC EDGAR
SCHW|0001561563-26-000013|nonDerivative|2026-05-26|Ellis Stephen A|A|Common Stock|1602|0|D,2026-05-31 10:00:17+0000,SCHW,SCHWAB CHARLES CORP,0000316709,4,2026-05-27,2026-05-26,0001561563-26-000013,https://www.sec.gov/Archives/edgar/data/316709/000156156326000013/wk-form4_1779928633.xml,nonDerivative,2026-05-26,A,Common Stock,1602,0,0.0,8262,D,Ellis Stephen A,Director,1,0,0,,SEC EDGAR
SCHW|0001561563-26-000013|derivative|2026-05-26|Ellis Stephen A|A|Nonqualified Stock Option (right to buy)|3977|0|D,2026-05-31 10:00:17+0000,SCHW,SCHWAB CHARLES CORP,0000316709,4,2026-05-27,2026-05-26,0001561563-26-000013,https://www.sec.gov/Archives/edgar/data/316709/000156156326000013/wk-form4_1779928633.xml,derivative,2026-05-26,A,Nonqualified Stock Option (right to buy),3977,0,0.0,3977,D,Ellis Stephen A,Director,1,0,0,,SEC EDGAR
SCHW|0001186004-26-000007|nonDerivative|2026-05-26|DODDS CHRISTOPHER V|A|Common Stock|1602|0|D,2026-05-31 10:00:17+0000,SCHW,SCHWAB CHARLES CORP,0000316709,4,2026-05-27,2026-05-26,0001186004-26-000007,https://www.sec.gov/Archives/edgar/data/316709/000118600426000007/wk-form4_1779930837.xml,nonDerivative,2026-05-26,A,Common Stock,1602,0,0.0,5669,D,DODDS CHRISTOPHER V,Director,1,0,0,,SEC EDGAR
SCHW|0001186004-26-000007|derivative|2026-05-26|DODDS CHRISTOPHER V|A|Nonqualified Stock Option (right to buy)|3977|0|D,2026-05-31 10:00:17+0000,SCHW,SCHWAB CHARLES CORP,0000316709,4,2026-05-27,2026-05-26,0001186004-26-000007,https://www.sec.gov/Archives/edgar/data/316709/000118600426000007/wk-form4_1779930837.xml,derivative,2026-05-26,A,Nonqualified Stock Option (right to buy),3977,0,0.0,3977,D,DODDS CHRISTOPHER V,Director,1,0,0,,SEC EDGAR
SCHW|0001804183-26-000010|nonDerivative|2026-05-26|Brown Marianne Catherine|A|Common Stock|1602|0|D,2026-05-31 10:00:17+0000,SCHW,SCHWAB CHARLES CORP,0000316709,4,2026-05-27,2026-05-26,0001804183-26-000010,https://www.sec.gov/Archives/edgar/data/316709/000180418326000010/wk-form4_1779932945.xml,nonDerivative,2026-05-26,A,Common Stock,1602,0,0.0,17353,D,Brown Marianne Catherine,Director,1,0,0,,SEC EDGAR
SCHW|0001804183-26-000010|derivative|2026-05-26|Brown Marianne Catherine|A|Nonqualified Stock Option (right to buy)|3977|0|D,2026-05-31 10:00:17+0000,SCHW,SCHWAB CHARLES CORP,0000316709,4,2026-05-27,2026-05-26,0001804183-26-000010,https://www.sec.gov/Archives/edgar/data/316709/000180418326000010/wk-form4_1779932945.xml,derivative,2026-05-26,A,Nonqualified Stock Option (right to buy),3977,0,0.0,3977,D,Brown Marianne Catherine,Director,1,0,0,,SEC EDGAR
SBAC|0001772229-26-000004|derivative|2026-05-22|Wilson Amy E|A|Restricted Stock Units|1108|0|D,2026-05-31 10:00:17+0000,SBAC,SBA COMMUNICATIONS CORP,0001034054,4,2026-05-27,2026-05-22,0001772229-26-000004,https://www.sec.gov/Archives/edgar/data/1034054/000177222926000004/form4-05272026_060518.xml,derivative,2026-05-22,A,Restricted Stock Units,1108,0,0.0,1108,D,Wilson Amy E,,true,false,false,,SEC EDGAR
SBAC|0001106860-26-000008|derivative|2026-05-22|STOOPS JEFFREY|A|Restricted Stock Units|1108|0|D,2026-05-31 10:00:17+0000,SBAC,SBA COMMUNICATIONS CORP,0001034054,4,2026-05-27,2026-05-22,0001106860-26-000008,https://www.sec.gov/Archives/edgar/data/1034054/000110686026000008/form4-05272026_060521.xml,derivative,2026-05-22,A,Restricted Stock Units,1108,0,0.0,1108,D,STOOPS JEFFREY,,true,false,false,,SEC EDGAR
SBAC|0001253093-26-000006|derivative|2026-05-22|LANGER JACK|A|Restricted Stock Units|1108|0|D,2026-05-31 10:00:17+0000,SBAC,SBA COMMUNICATIONS CORP,0001034054,4,2026-05-27,2026-05-22,0001253093-26-000006,https://www.sec.gov/Archives/edgar/data/1034054/000125309326000006/form4-05272026_060501.xml,derivative,2026-05-22,A,Restricted Stock Units,1108,0,0.0,1108,D,LANGER JACK,,true,false,false,,SEC EDGAR
SBAC|0001473955-26-000006|derivative|2026-05-22|Krouse George R Jr|A|Restricted Stock Units|1108|0|D,2026-05-31 10:00:17+0000,SBAC,SBA COMMUNICATIONS CORP,0001034054,4,2026-05-27,2026-05-22,0001473955-26-000006,https://www.sec.gov/Archives/edgar/data/1034054/000147395526000006/form4-05272026_060505.xml,derivative,2026-05-22,A,Restricted Stock Units,1108,0,0.0,1108,D,Krouse George R Jr,,true,false,false,,SEC EDGAR
SBAC|0001736249-26-000006|derivative|2026-05-22|Johnson Jay LeCoryelle|A|Restricted Stock Units|1108|0|D,2026-05-31 10:00:17+0000,SBAC,SBA COMMUNICATIONS CORP,0001034054,4,2026-05-27,2026-05-22,0001736249-26-000006,https://www.sec.gov/Archives/edgar/data/1034054/000173624926000006/form4-05272026_060514.xml,derivative,2026-05-22,A,Restricted Stock Units,1108,0,0.0,1108,D,Johnson Jay LeCoryelle,,true,false,false,,SEC EDGAR
SBAC|0001641154-26-000006|derivative|2026-05-22|Chan Mary S|A|Restricted Stock Units|1108|0|D,2026-05-31 10:00:17+0000,SBAC,SBA COMMUNICATIONS CORP,0001034054,4,2026-05-27,2026-05-22,0001641154-26-000006,https://www.sec.gov/Archives/edgar/data/1034054/000164115426000006/form4-05272026_060511.xml,derivative,2026-05-22,A,Restricted Stock Units,1108,0,0.0,1108,D,Chan Mary S,,true,false,false,,SEC EDGAR
SBAC|0001978602-26-000004|derivative|2026-05-22|BOWEN LAURIE|A|Restricted Stock Units|1108|0|D,2026-05-31 10:00:17+0000,SBAC,SBA COMMUNICATIONS CORP,0001034054,4,2026-05-27,2026-05-22,0001978602-26-000004,https://www.sec.gov/Archives/edgar/data/1034054/000197860226000004/form4-05272026_060516.xml,derivative,2026-05-22,A,Restricted Stock Units,1108,0,0.0,1108,D,BOWEN LAURIE,,true,false,false,,SEC EDGAR
SBAC|0001089833-26-000006|derivative|2026-05-22|BERNSTEIN STEVEN E|A|Restricted Stock Units|1108|0|D,2026-05-31 10:00:17+0000,SBAC,SBA COMMUNICATIONS CORP,0001034054,4,2026-05-27,2026-05-22,0001089833-26-000006,https://www.sec.gov/Archives/edgar/data/1034054/000108983326000006/form4-05272026_060523.xml,derivative,2026-05-22,A,Restricted Stock Units,1108,0,0.0,1108,D,BERNSTEIN STEVEN E,,true,false,false,,SEC EDGAR
SBAC|0001187378-26-000007|derivative|2026-05-22|BEEBE KEVIN L|A|Restricted Stock Units|1108|0|D,2026-05-31 10:00:17+0000,SBAC,SBA COMMUNICATIONS CORP,0001034054,4,2026-05-27,2026-05-22,0001187378-26-000007,https://www.sec.gov/Archives/edgar/data/1034054/000118737826000007/form4-05272026_060508.xml,derivative,2026-05-22,A,Restricted Stock Units,1108,0,0.0,1108,D,BEEBE KEVIN L,,true,false,false,,SEC EDGAR
PHM|0001978932-26-000006|nonDerivative|2026-05-27|Koart Matthew William|S|Common Stock|7457|120|D,2026-05-31 10:00:17+0000,PHM,PULTEGROUP INC/MI/,0000822416,4,2026-05-27,2026-05-27,0001978932-26-000006,https://www.sec.gov/Archives/edgar/data/822416/000197893226000006/wk-form4_1779912910.xml,nonDerivative,2026-05-27,S,Common Stock,7457,120,894840.0,28100,D,Koart Matthew William,"Officer, Exec. VP & COO",0,1,0,Exec. VP & COO,SEC EDGAR
PCG|0001628280-26-038471|derivative|2026-05-22|Vallejo Alejandro T|A|Phantom Stock|449.03|16.49|D,2026-05-31 10:00:17+0000,PCG,PG&E Corp,0001004980,4,2026-05-27,2026-05-22,0001628280-26-038471,https://www.sec.gov/Archives/edgar/data/1004980/000162828026038471/wk-form4_1779913025.xml,derivative,2026-05-22,A,Phantom Stock,449.03,16.49,7404.504699999999,33549.07,D,Vallejo Alejandro T,"Officer, EVP, Chief People Officer",0,1,0,"EVP, Chief People Officer",SEC EDGAR
PANW|0001193125-26-241981|nonDerivative|2026-05-22|Klarich Lee|S|Common Stock|543|250.032|D,2026-05-31 10:00:17+0000,PANW,Palo Alto Networks Inc,0001327567,4,2026-05-27,2026-05-22,0001193125-26-241981,https://www.sec.gov/Archives/edgar/data/1327567/000119312526241981/ownership.xml,nonDerivative,2026-05-22,S,Common Stock,543,250.032,135767.37600000002,298344,D,Klarich Lee,EVP Chief Product & Tech Ofcr,true,true,false,EVP Chief Product & Tech Ofcr,SEC EDGAR
PANW|0001193125-26-241981|nonDerivative|2026-05-22|Klarich Lee|S|Common Stock|519|251.196|D,2026-05-31 10:00:17+0000,PANW,Palo Alto Networks Inc,0001327567,4,2026-05-27,2026-05-22,0001193125-26-241981,https://www.sec.gov/Archives/edgar/data/1327567/000119312526241981/ownership.xml,nonDerivative,2026-05-22,S,Common Stock,519,251.196,130370.724,297825,D,Klarich Lee,EVP Chief Product & Tech Ofcr,true,true,false,EVP Chief Product & Tech Ofcr,SEC EDGAR
PANW|0001193125-26-241981|nonDerivative|2026-05-22|Klarich Lee|S|Common Stock|582|251.943|D,2026-05-31 10:00:17+0000,PANW,Palo Alto Networks Inc,0001327567,4,2026-05-27,2026-05-22,0001193125-26-241981,https://www.sec.gov/Archives/edgar/data/1327567/000119312526241981/ownership.xml,nonDerivative,2026-05-22,S,Common Stock,582,251.943,146630.826,297243,D,Klarich Lee,EVP Chief Product & Tech Ofcr,true,true,false,EVP Chief Product & Tech Ofcr,SEC EDGAR
PANW|0001193125-26-241981|nonDerivative|2026-05-22|Klarich Lee|S|Common Stock|320|253.249|D,2026-05-31 10:00:17+0000,PANW,Palo Alto Networks Inc,0001327567,4,2026-05-27,2026-05-22,0001193125-26-241981,https://www.sec.gov/Archives/edgar/data/1327567/000119312526241981/ownership.xml,nonDerivative,2026-05-22,S,Common Stock,320,253.249,81039.68,296923,D,Klarich Lee,EVP Chief Product & Tech Ofcr,true,true,false,EVP Chief Product & Tech Ofcr,SEC EDGAR
PANW|0001193125-26-241981|nonDerivative|2026-05-22|Klarich Lee|S|Common Stock|4205|254.848|D,2026-05-31 10:00:17+0000,PANW,Palo Alto Networks Inc,0001327567,4,2026-05-27,2026-05-22,0001193125-26-241981,https://www.sec.gov/Archives/edgar/data/1327567/000119312526241981/ownership.xml,nonDerivative,2026-05-22,S,Common Stock,4205,254.848,1071635.84,292718,D,Klarich Lee,EVP Chief Product & Tech Ofcr,true,true,false,EVP Chief Product & Tech Ofcr,SEC EDGAR
PANW|0001193125-26-241981|nonDerivative|2026-05-22|Klarich Lee|S|Common Stock|4694|255.584|D,2026-05-31 10:00:17+0000,PANW,Palo Alto Networks Inc,0001327567,4,2026-05-27,2026-05-22,0001193125-26-241981,https://www.sec.gov/Archives/edgar/data/1327567/000119312526241981/ownership.xml,nonDerivative,2026-05-22,S,Common Stock,4694,255.584,1199711.296,288024,D,Klarich Lee,EVP Chief Product & Tech Ofcr,true,true,false,EVP Chief Product & Tech Ofcr,SEC EDGAR
PANW|0001193125-26-241981|nonDerivative|2026-05-22|Klarich Lee|S|Common Stock|2875|256.597|D,2026-05-31 10:00:17+0000,PANW,Palo Alto Networks Inc,0001327567,4,2026-05-27,2026-05-22,0001193125-26-241981,https://www.sec.gov/Archives/edgar/data/1327567/000119312526241981/ownership.xml,nonDerivative,2026-05-22,S,Common Stock,2875,256.597,737716.375,285149,D,Klarich Lee,EVP Chief Product & Tech Ofcr,true,true,false,EVP Chief Product & Tech Ofcr,SEC EDGAR
PANW|0001193125-26-241981|nonDerivative|2026-05-22|Klarich Lee|S|Common Stock|2897|257.633|D,2026-05-31 10:00:17+0000,PANW,Palo Alto Networks Inc,0001327567,4,2026-05-27,2026-05-22,0001193125-26-241981,https://www.sec.gov/Archives/edgar/data/1327567/000119312526241981/ownership.xml,nonDerivative,2026-05-22,S,Common Stock,2897,257.633,746362.801,282252,D,Klarich Lee,EVP Chief Product & Tech Ofcr,true,true,false,EVP Chief Product & Tech Ofcr,SEC EDGAR
PANW|0001193125-26-241981|nonDerivative|2026-05-22|Klarich Lee|S|Common Stock|10414|258.704|D,2026-05-31 10:00:17+0000,PANW,Palo Alto Networks Inc,0001327567,4,2026-05-27,2026-05-22,0001193125-26-241981,https://www.sec.gov/Archives/edgar/data/1327567/000119312526241981/ownership.xml,nonDerivative,2026-05-22,S,Common Stock,10414,258.704,2694143.4560000002,271838,D,Klarich Lee,EVP Chief Product & Tech Ofcr,true,true,false,EVP Chief Product & Tech Ofcr,SEC EDGAR
PANW|0001193125-26-241981|nonDerivative|2026-05-22|Klarich Lee|S|Common Stock|18067|259.617|D,2026-05-31 10:00:17+0000,PANW,Palo Alto Networks Inc,0001327567,4,2026-05-27,2026-05-22,0001193125-26-241981,https://www.sec.gov/Archives/edgar/data/1327567/000119312526241981/ownership.xml,nonDerivative,2026-05-22,S,Common Stock,18067,259.617,4690500.339000001,253771,D,Klarich Lee,EVP Chief Product & Tech Ofcr,true,true,false,EVP Chief Product & Tech Ofcr,SEC EDGAR
PANW|0001193125-26-241981|nonDerivative|2026-05-22|Klarich Lee|S|Common Stock|16865|260.619|D,2026-05-31 10:00:17+0000,PANW,Palo Alto Networks Inc,0001327567,4,2026-05-27,2026-05-22,0001193125-26-241981,https://www.sec.gov/Archives/edgar/data/1327567/000119312526241981/ownership.xml,nonDerivative,2026-05-22,S,Common Stock,16865,260.619,4395339.4350000005,236906,D,Klarich Lee,EVP Chief Product & Tech Ofcr,true,true,false,EVP Chief Product & Tech Ofcr,SEC EDGAR
PANW|0001193125-26-241981|nonDerivative|2026-05-22|Klarich Lee|S|Common Stock|923|261.25|D,2026-05-31 10:00:17+0000,PANW,Palo Alto Networks Inc,0001327567,4,2026-05-27,2026-05-22,0001193125-26-241981,https://www.sec.gov/Archives/edgar/data/1327567/000119312526241981/ownership.xml,nonDerivative,2026-05-22,S,Common Stock,923,261.25,241133.75,235983,D,Klarich Lee,EVP Chief Product & Tech Ofcr,true,true,false,EVP Chief Product & Tech Ofcr,SEC EDGAR
ON|0001225208-26-005606|nonDerivative|2026-05-26|GOPALSWAMY SUDHIR|F|Common|470.0000|127.0000|D,2026-05-31 10:00:17+0000,ON,ON SEMICONDUCTOR CORP,0001097864,4,2026-05-27,2026-05-26,0001225208-26-005606,https://www.sec.gov/Archives/edgar/data/1097864/000122520826005606/doc4.xml,nonDerivative,2026-05-26,F,Common,470.0000,127.0000,59690.0,173588.0000,D,GOPALSWAMY SUDHIR,"Officer, Group President, AMG & ISG",,1,,"Group President, AMG & ISG",SEC EDGAR
"OMC|0001213900-26-061536|nonDerivative|2026-05-22|WREN JOHN|A|Common Stock, par value $0.15 per share|75938|0|D",2026-05-31 10:00:17+0000,OMC,OMNICOM GROUP INC.,0000029989,4,2026-05-27,2026-05-22,0001213900-26-061536,https://www.sec.gov/Archives/edgar/data/29989/000121390026061536/ownership.xml,nonDerivative,2026-05-22,A,"Common Stock, par value $0.15 per share",75938,0,0.0,291768,D,WREN JOHN,"Director, Officer, Chairman and CEO",1,1,0,Chairman and CEO,SEC EDGAR
"OMC|0001213900-26-061536|nonDerivative|2026-05-22|WREN JOHN|F|Common Stock, par value $0.15 per share|38767|74.93|D",2026-05-31 10:00:17+0000,OMC,OMNICOM GROUP INC.,0000029989,4,2026-05-27,2026-05-22,0001213900-26-061536,https://www.sec.gov/Archives/edgar/data/29989/000121390026061536/ownership.xml,nonDerivative,2026-05-22,F,"Common Stock, par value $0.15 per share",38767,74.93,2904811.31,253001,D,WREN JOHN,"Director, Officer, Chairman and CEO",1,1,0,Chairman and CEO,SEC EDGAR
"OMC|0001213900-26-061534|nonDerivative|2026-05-22|Simm Daryl|A|Common Stock, par value $0.15 per share|54242|0|D",2026-05-31 10:00:17+0000,OMC,OMNICOM GROUP INC.,0000029989,4,2026-05-27,2026-05-22,0001213900-26-061534,https://www.sec.gov/Archives/edgar/data/29989/000121390026061534/ownership.xml,nonDerivative,2026-05-22,A,"Common Stock, par value $0.15 per share",54242,0,0.0,276971,D,Simm Daryl,"Officer, Co-President and Co-COO",0,1,0,Co-President and Co-COO,SEC EDGAR
"OMC|0001213900-26-061534|nonDerivative|2026-05-22|Simm Daryl|F|Common Stock, par value $0.15 per share|22931|74.93|D",2026-05-31 10:00:17+0000,OMC,OMNICOM GROUP INC.,0000029989,4,2026-05-27,2026-05-22,0001213900-26-061534,https://www.sec.gov/Archives/edgar/data/29989/000121390026061534/ownership.xml,nonDerivative,2026-05-22,F,"Common Stock, par value $0.15 per share",22931,74.93,1718219.83,254040,D,Simm Daryl,"Officer, Co-President and Co-COO",0,1,0,Co-President and Co-COO,SEC EDGAR
"OMC|0001213900-26-061532|nonDerivative|2026-05-22|ANGELASTRO PHILIP J|A|Common Stock, par value $0.15 per share|48818|0|D",2026-05-31 10:00:17+0000,OMC,OMNICOM GROUP INC.,0000029989,4,2026-05-27,2026-05-22,0001213900-26-061532,https://www.sec.gov/Archives/edgar/data/29989/000121390026061532/ownership.xml,nonDerivative,2026-05-22,A,"Common Stock, par value $0.15 per share",48818,0,0.0,567318,D,ANGELASTRO PHILIP J,"Officer, Executive Vice President & CFO",0,1,0,Executive Vice President & CFO,SEC EDGAR
"OMC|0001213900-26-061532|nonDerivative|2026-05-22|ANGELASTRO PHILIP J|F|Common Stock, par value $0.15 per share|24922|74.93|D",2026-05-31 10:00:17+0000,OMC,OMNICOM GROUP INC.,0000029989,4,2026-05-27,2026-05-22,0001213900-26-061532,https://www.sec.gov/Archives/edgar/data/29989/000121390026061532/ownership.xml,nonDerivative,2026-05-22,F,"Common Stock, par value $0.15 per share",24922,74.93,1867405.4600000002,542396,D,ANGELASTRO PHILIP J,"Officer, Executive Vice President & CFO",0,1,0,Executive Vice President & CFO,SEC EDGAR
NI|0001111711-26-000074|nonDerivative|2026-05-22|Berman Melanie B.|S|Common Stock|15000|47.68|D,2026-05-31 10:00:17+0000,NI,NISOURCE INC.,0001111711,4,2026-05-27,2026-05-22,0001111711-26-000074,https://www.sec.gov/Archives/edgar/data/1111711/000111171126000074/form4.xml,nonDerivative,2026-05-22,S,Common Stock,15000,47.68,715200.0,35989.9347,D,Berman Melanie B.,"Officer, EVP Administration & CHRO",,1,,EVP Administration & CHRO,SEC EDGAR
MPWR|0001214659-26-006804|nonDerivative|2026-05-26|Zhou Jeff|S|Common Stock|486|1680|D,2026-05-31 10:00:17+0000,MPWR,MONOLITHIC POWER SYSTEMS INC,0001280452,4,2026-05-27,2026-05-26,0001214659-26-006804,https://www.sec.gov/Archives/edgar/data/1280452/000121465926006804/marketforms-73276.xml,nonDerivative,2026-05-26,S,Common Stock,486,1680,816480.0,3800,D,Zhou Jeff,,true,false,false,,SEC EDGAR
MPWR|0001214659-26-006798|nonDerivative|2026-05-22|Tseng Saria|G|Common Stock|200|0|D,2026-05-31 10:00:17+0000,MPWR,MONOLITHIC POWER SYSTEMS INC,0001280452,4,2026-05-27,2026-05-22,0001214659-26-006798,https://www.sec.gov/Archives/edgar/data/1280452/000121465926006798/marketforms-73255.xml,nonDerivative,2026-05-22,G,Common Stock,200,0,0.0,156783,D,Tseng Saria,EVP & General Counsel,false,true,false,EVP & General Counsel,SEC EDGAR
MPWR|0001214659-26-006798|nonDerivative|2026-05-22|Tseng Saria|S|Common Stock|5000|1586.43|D,2026-05-31 10:00:17+0000,MPWR,MONOLITHIC POWER SYSTEMS INC,0001280452,4,2026-05-27,2026-05-22,0001214659-26-006798,https://www.sec.gov/Archives/edgar/data/1280452/000121465926006798/marketforms-73255.xml,nonDerivative,2026-05-22,S,Common Stock,5000,1586.43,7932150.0,151783,D,Tseng Saria,EVP & General Counsel,false,true,false,EVP & General Counsel,SEC EDGAR
MNST|0001284352-26-000002|nonDerivative|2026-05-22|SCHLOSBERG HILTON H|J|Common Stock|1151867|0|D,2026-05-31 10:00:17+0000,MNST,Monster Beverage Corp,0000865752,4,2026-05-27,2026-05-22,0001284352-26-000002,https://www.sec.gov/Archives/edgar/data/865752/000128435226000002/form4-05272026_070504.xml,nonDerivative,2026-05-22,J,Common Stock,1151867,0,0.0,1359681,D,SCHLOSBERG HILTON H,Vice Chairman and CEO,true,true,false,Vice Chairman and CEO,SEC EDGAR
MNST|0001284352-26-000002|nonDerivative|2026-05-22|SCHLOSBERG HILTON H|G|Common Stock|5908|0|D,2026-05-31 10:00:17+0000,MNST,Monster Beverage Corp,0000865752,4,2026-05-27,2026-05-22,0001284352-26-000002,https://www.sec.gov/Archives/edgar/data/865752/000128435226000002/form4-05272026_070504.xml,nonDerivative,2026-05-22,G,Common Stock,5908,0,0.0,1353773,D,SCHLOSBERG HILTON H,Vice Chairman and CEO,true,true,false,Vice Chairman and CEO,SEC EDGAR
MNST|0001284353-26-000005|nonDerivative|2026-05-22|SACKS RODNEY C|J|Common Stock|697495|0|D,2026-05-31 10:00:17+0000,MNST,Monster Beverage Corp,0000865752,4,2026-05-27,2026-05-22,0001284353-26-000005,https://www.sec.gov/Archives/edgar/data/865752/000128435326000005/form4-05272026_070501.xml,nonDerivative,2026-05-22,J,Common Stock,697495,0,0.0,217307,D,SACKS RODNEY C,,true,false,false,,SEC EDGAR
MNST|0001284353-26-000005|nonDerivative|2026-05-22|SACKS RODNEY C|G|Common Stock|11585|0|D,2026-05-31 10:00:17+0000,MNST,Monster Beverage Corp,0000865752,4,2026-05-27,2026-05-22,0001284353-26-000005,https://www.sec.gov/Archives/edgar/data/865752/000128435326000005/form4-05272026_070501.xml,nonDerivative,2026-05-22,G,Common Stock,11585,0,0.0,205722,D,SACKS RODNEY C,,true,false,false,,SEC EDGAR
MCK|0000927653-26-000126|nonDerivative|2026-05-23|Vitalone Britt J.|M|Common Stock|1476|0|D,2026-05-31 10:00:17+0000,MCK,MCKESSON CORP,0000927653,4,2026-05-27,2026-05-23,0000927653-26-000126,https://www.sec.gov/Archives/edgar/data/927653/000092765326000126/form4.xml,nonDerivative,2026-05-23,M,Common Stock,1476,0,0.0,22534.377,D,Vitalone Britt J.,"Officer, EVP & CFO",0,1,0,EVP & CFO,SEC EDGAR
MCK|0000927653-26-000126|nonDerivative|2026-05-23|Vitalone Britt J.|F|Common Stock|581|766.08|D,2026-05-31 10:00:17+0000,MCK,MCKESSON CORP,0000927653,4,2026-05-27,2026-05-23,0000927653-26-000126,https://www.sec.gov/Archives/edgar/data/927653/000092765326000126/form4.xml,nonDerivative,2026-05-23,F,Common Stock,581,766.08,445092.48000000004,21953.377,D,Vitalone Britt J.,"Officer, EVP & CFO",0,1,0,EVP & CFO,SEC EDGAR
MCK|0000927653-26-000126|derivative|2026-05-23|Vitalone Britt J.|M|Restricted Stock Units (RSUs)|1476|0|D,2026-05-31 10:00:17+0000,MCK,MCKESSON CORP,0000927653,4,2026-05-27,2026-05-23,0000927653-26-000126,https://www.sec.gov/Archives/edgar/data/927653/000092765326000126/form4.xml,derivative,2026-05-23,M,Restricted Stock Units (RSUs),1476,0,0.0,0,D,Vitalone Britt J.,"Officer, EVP & CFO",0,1,0,EVP & CFO,SEC EDGAR
MCK|0000927653-26-000127|nonDerivative|2026-05-23|TYLER BRIAN S.|M|Common Stock|4579|0|D,2026-05-31 10:00:17+0000,MCK,MCKESSON CORP,0000927653,4,2026-05-27,2026-05-23,0000927653-26-000127,https://www.sec.gov/Archives/edgar/data/927653/000092765326000127/form4.xml,nonDerivative,2026-05-23,M,Common Stock,4579,0,0.0,29605,D,TYLER BRIAN S.,"Director, Officer, Chief Executive Officer",1,1,0,Chief Executive Officer,SEC EDGAR
MCK|0000927653-26-000127|nonDerivative|2026-05-23|TYLER BRIAN S.|F|Common Stock|1831|766.08|D,2026-05-31 10:00:17+0000,MCK,MCKESSON CORP,0000927653,4,2026-05-27,2026-05-23,0000927653-26-000127,https://www.sec.gov/Archives/edgar/data/927653/000092765326000127/form4.xml,nonDerivative,2026-05-23,F,Common Stock,1831,766.08,1402692.48,27774,D,TYLER BRIAN S.,"Director, Officer, Chief Executive Officer",1,1,0,Chief Executive Officer,SEC EDGAR
MCK|0000927653-26-000127|derivative|2026-05-23|TYLER BRIAN S.|M|Restricted Stock Units (RSUs)|4579|0|D,2026-05-31 10:00:17+0000,MCK,MCKESSON CORP,0000927653,4,2026-05-27,2026-05-23,0000927653-26-000127,https://www.sec.gov/Archives/edgar/data/927653/000092765326000127/form4.xml,derivative,2026-05-23,M,Restricted Stock Units (RSUs),4579,0,0.0,0,D,TYLER BRIAN S.,"Director, Officer, Chief Executive Officer",1,1,0,Chief Executive Officer,SEC EDGAR
MCK|0000927653-26-000125|nonDerivative|2026-05-23|Smith LeAnn B|M|Common Stock|679|0|D,2026-05-31 10:00:17+0000,MCK,MCKESSON CORP,0000927653,4,2026-05-27,2026-05-23,0000927653-26-000125,https://www.sec.gov/Archives/edgar/data/927653/000092765326000125/form4.xml,nonDerivative,2026-05-23,M,Common Stock,679,0,0.0,6876,D,Smith LeAnn B,"Officer, EVP & Chief HR Officer",0,1,0,EVP & Chief HR Officer,SEC EDGAR
MCK|0000927653-26-000125|nonDerivative|2026-05-23|Smith LeAnn B|F|Common Stock|268|766.08|D,2026-05-31 10:00:17+0000,MCK,MCKESSON CORP,0000927653,4,2026-05-27,2026-05-23,0000927653-26-000125,https://www.sec.gov/Archives/edgar/data/927653/000092765326000125/form4.xml,nonDerivative,2026-05-23,F,Common Stock,268,766.08,205309.44,6608,D,Smith LeAnn B,"Officer, EVP & Chief HR Officer",0,1,0,EVP & Chief HR Officer,SEC EDGAR
MCK|0000927653-26-000125|derivative|2026-05-23|Smith LeAnn B|M|Restricted Stock Units (RSUs)|679|0|D,2026-05-31 10:00:17+0000,MCK,MCKESSON CORP,0000927653,4,2026-05-27,2026-05-23,0000927653-26-000125,https://www.sec.gov/Archives/edgar/data/927653/000092765326000125/form4.xml,derivative,2026-05-23,M,Restricted Stock Units (RSUs),679,0,0.0,0,D,Smith LeAnn B,"Officer, EVP & Chief HR Officer",0,1,0,EVP & Chief HR Officer,SEC EDGAR
MCK|0000927653-26-000123|nonDerivative|2026-05-23|Rutledge Napoleon B JR|M|Common Stock|136|0|D,2026-05-31 10:00:17+0000,MCK,MCKESSON CORP,0000927653,4,2026-05-27,2026-05-23,0000927653-26-000123,https://www.sec.gov/Archives/edgar/data/927653/000092765326000123/form4.xml,nonDerivative,2026-05-23,M,Common Stock,136,0,0.0,806,D,Rutledge Napoleon B JR,"Officer, SVP, Controller & CAO",0,1,0,"SVP, Controller & CAO",SEC EDGAR
MCK|0000927653-26-000123|nonDerivative|2026-05-23|Rutledge Napoleon B JR|F|Common Stock|41|766.08|D,2026-05-31 10:00:17+0000,MCK,MCKESSON CORP,0000927653,4,2026-05-27,2026-05-23,0000927653-26-000123,https://www.sec.gov/Archives/edgar/data/927653/000092765326000123/form4.xml,nonDerivative,2026-05-23,F,Common Stock,41,766.08,31409.280000000002,765,D,Rutledge Napoleon B JR,"Officer, SVP, Controller & CAO",0,1,0,"SVP, Controller & CAO",SEC EDGAR
MCK|0000927653-26-000123|derivative|2026-05-23|Rutledge Napoleon B JR|M|Restricted Stock Units (RSUs)|136|0|D,2026-05-31 10:00:17+0000,MCK,MCKESSON CORP,0000927653,4,2026-05-27,2026-05-23,0000927653-26-000123,https://www.sec.gov/Archives/edgar/data/927653/000092765326000123/form4.xml,derivative,2026-05-23,M,Restricted Stock Units (RSUs),136,0,0.0,0,D,Rutledge Napoleon B JR,"Officer, SVP, Controller & CAO",0,1,0,"SVP, Controller & CAO",SEC EDGAR
MCK|0000927653-26-000124|nonDerivative|2026-05-23|Rodgers Thomas L|M|Common Stock|594|0|D,2026-05-31 10:00:17+0000,MCK,MCKESSON CORP,0000927653,4,2026-05-27,2026-05-23,0000927653-26-000124,https://www.sec.gov/Archives/edgar/data/927653/000092765326000124/form4.xml,nonDerivative,2026-05-23,M,Common Stock,594,0,0.0,5712,D,Rodgers Thomas L,"Officer, EVP, Chief Strategy & BDO",0,1,0,"EVP, Chief Strategy & BDO",SEC EDGAR
MCK|0000927653-26-000124|nonDerivative|2026-05-23|Rodgers Thomas L|F|Common Stock|234|766.08|D,2026-05-31 10:00:17+0000,MCK,MCKESSON CORP,0000927653,4,2026-05-27,2026-05-23,0000927653-26-000124,https://www.sec.gov/Archives/edgar/data/927653/000092765326000124/form4.xml,nonDerivative,2026-05-23,F,Common Stock,234,766.08,179262.72,5478,D,Rodgers Thomas L,"Officer, EVP, Chief Strategy & BDO",0,1,0,"EVP, Chief Strategy & BDO",SEC EDGAR
MCK|0000927653-26-000124|nonDerivative|2026-05-26|Rodgers Thomas L|S|Common Stock|2388|761.09|D,2026-05-31 10:00:17+0000,MCK,MCKESSON CORP,0000927653,4,2026-05-27,2026-05-23,0000927653-26-000124,https://www.sec.gov/Archives/edgar/data/927653/000092765326000124/form4.xml,nonDerivative,2026-05-26,S,Common Stock,2388,761.09,1817482.9200000002,3090,D,Rodgers Thomas L,"Officer, EVP, Chief Strategy & BDO",0,1,0,"EVP, Chief Strategy & BDO",SEC EDGAR
MCK|0000927653-26-000124|derivative|2026-05-23|Rodgers Thomas L|M|Restricted Stock Units (RSUs)|594|0|D,2026-05-31 10:00:17+0000,MCK,MCKESSON CORP,0000927653,4,2026-05-27,2026-05-23,0000927653-26-000124,https://www.sec.gov/Archives/edgar/data/927653/000092765326000124/form4.xml,derivative,2026-05-23,M,Restricted Stock Units (RSUs),594,0,0.0,0,D,Rodgers Thomas L,"Officer, EVP, Chief Strategy & BDO",0,1,0,"EVP, Chief Strategy & BDO",SEC EDGAR
MCK|0000927653-26-000128|nonDerivative|2026-05-26|Lau Michele|S|Common Stock|3550|761.09|D,2026-05-31 10:00:17+0000,MCK,MCKESSON CORP,0000927653,4,2026-05-27,2026-05-26,0000927653-26-000128,https://www.sec.gov/Archives/edgar/data/927653/000092765326000128/form4.xml,nonDerivative,2026-05-26,S,Common Stock,3550,761.09,2701869.5,3247,D,Lau Michele,"Officer, EVP and Chief Legal Officer",0,1,0,EVP and Chief Legal Officer,SEC EDGAR
MCK|0000927653-26-000122|nonDerivative|2026-05-23|Fraga Francisco|M|Common Stock|136|0|D,2026-05-31 10:00:17+0000,MCK,MCKESSON CORP,0000927653,4,2026-05-27,2026-05-23,0000927653-26-000122,https://www.sec.gov/Archives/edgar/data/927653/000092765326000122/form4.xml,nonDerivative,2026-05-23,M,Common Stock,136,0,0.0,6264.417,D,Fraga Francisco,"Officer, EVP, CIO and CTO",0,1,0,"EVP, CIO and CTO",SEC EDGAR
MCK|0000927653-26-000122|nonDerivative|2026-05-23|Fraga Francisco|F|Common Stock|54|766.08|D,2026-05-31 10:00:17+0000,MCK,MCKESSON CORP,0000927653,4,2026-05-27,2026-05-23,0000927653-26-000122,https://www.sec.gov/Archives/edgar/data/927653/000092765326000122/form4.xml,nonDerivative,2026-05-23,F,Common Stock,54,766.08,41368.32,6210.417,D,Fraga Francisco,"Officer, EVP, CIO and CTO",0,1,0,"EVP, CIO and CTO",SEC EDGAR
MCK|0000927653-26-000122|derivative|2026-05-23|Fraga Francisco|M|Restricted Stock Units (RSUs)|136|0|D,2026-05-31 10:00:17+0000,MCK,MCKESSON CORP,0000927653,4,2026-05-27,2026-05-23,0000927653-26-000122,https://www.sec.gov/Archives/edgar/data/927653/000092765326000122/form4.xml,derivative,2026-05-23,M,Restricted Stock Units (RSUs),136,0,0.0,0,D,Fraga Francisco,"Officer, EVP, CIO and CTO",0,1,0,"EVP, CIO and CTO",SEC EDGAR
MCD|0001685800-26-000013|nonDerivative|2026-05-26|Erlinger Joseph M.|S|Common Stock|333|280.11|D,2026-05-31 10:00:17+0000,MCD,MCDONALDS CORP,0000063908,4,2026-05-27,2026-05-26,0001685800-26-000013,https://www.sec.gov/Archives/edgar/data/63908/000168580026000013/form4.xml,nonDerivative,2026-05-26,S,Common Stock,333,280.11,93276.63,7733.89,D,Erlinger Joseph M.,"President, McDonald's USA",,true,,"President, McDonald's USA",SEC EDGAR
ICE|0001193125-26-241982|nonDerivative|2026-05-22|Bowen Sharon|S|Common Stock|667|151.28|D,2026-05-31 10:00:17+0000,ICE,"Intercontinental Exchange, Inc.",0001571949,4,2026-05-27,2026-05-22,0001193125-26-241982,https://www.sec.gov/Archives/edgar/data/1571949/000119312526241982/ownership.xml,nonDerivative,2026-05-22,S,Common Stock,667,151.28,100903.76,15077,D,Bowen Sharon,,true,false,false,,SEC EDGAR
"HSY|0000950142-26-001501|nonDerivative|2026-05-26|HERSHEY TRUST CO TRUSTEE IN TRUST FOR MILTON HERSHEY SCHOOL|S|Common Stock, $1.00 par value|1774|190.7327|D",2026-05-31 10:00:17+0000,HSY,HERSHEY CO,0000047111,4,2026-05-27,2026-05-26,0000950142-26-001501,https://www.sec.gov/Archives/edgar/data/47111/000095014226001501/es260784908_4-hsy.xml,nonDerivative,2026-05-26,S,"Common Stock, $1.00 par value",1774,190.7327,338359.8098,1574345,D,HERSHEY TRUST CO TRUSTEE IN TRUST FOR MILTON HERSHEY SCHOOL,10% Owner,0,0,1,,SEC EDGAR
"HSY|0000950142-26-001501|nonDerivative|2026-05-26|HERSHEY TRUST CO TRUSTEE IN TRUST FOR MILTON HERSHEY SCHOOL|S|Common Stock, $1.00 par value|4542|191.1788|D",2026-05-31 10:00:17+0000,HSY,HERSHEY CO,0000047111,4,2026-05-27,2026-05-26,0000950142-26-001501,https://www.sec.gov/Archives/edgar/data/47111/000095014226001501/es260784908_4-hsy.xml,nonDerivative,2026-05-26,S,"Common Stock, $1.00 par value",4542,191.1788,868334.1096,1569803,D,HERSHEY TRUST CO TRUSTEE IN TRUST FOR MILTON HERSHEY SCHOOL,10% Owner,0,0,1,,SEC EDGAR
"HSY|0000950142-26-001501|nonDerivative|2026-05-26|HERSHEY TRUST CO TRUSTEE IN TRUST FOR MILTON HERSHEY SCHOOL|S|Common Stock, $1.00 par value|2484|192.4841|D",2026-05-31 10:00:17+0000,HSY,HERSHEY CO,0000047111,4,2026-05-27,2026-05-26,0000950142-26-001501,https://www.sec.gov/Archives/edgar/data/47111/000095014226001501/es260784908_4-hsy.xml,nonDerivative,2026-05-26,S,"Common Stock, $1.00 par value",2484,192.4841,478130.50440000003,1567319,D,HERSHEY TRUST CO TRUSTEE IN TRUST FOR MILTON HERSHEY SCHOOL,10% Owner,0,0,1,,SEC EDGAR
"HSY|0000950142-26-001501|nonDerivative|2026-05-26|HERSHEY TRUST CO TRUSTEE IN TRUST FOR MILTON HERSHEY SCHOOL|S|Common Stock, $1.00 par value|700|193.0586|D",2026-05-31 10:00:17+0000,HSY,HERSHEY CO,0000047111,4,2026-05-27,2026-05-26,0000950142-26-001501,https://www.sec.gov/Archives/edgar/data/47111/000095014226001501/es260784908_4-hsy.xml,nonDerivative,2026-05-26,S,"Common Stock, $1.00 par value",700,193.0586,135141.02000000002,1566619,D,HERSHEY TRUST CO TRUSTEE IN TRUST FOR MILTON HERSHEY SCHOOL,10% Owner,0,0,1,,SEC EDGAR
"HSY|0000950142-26-001501|nonDerivative|2026-05-26|HERSHEY TRUST CO TRUSTEE IN TRUST FOR MILTON HERSHEY SCHOOL|S|Common Stock, $1.00 par value|400|194.6138|D",2026-05-31 10:00:17+0000,HSY,HERSHEY CO,0000047111,4,2026-05-27,2026-05-26,0000950142-26-001501,https://www.sec.gov/Archives/edgar/data/47111/000095014226001501/es260784908_4-hsy.xml,nonDerivative,2026-05-26,S,"Common Stock, $1.00 par value",400,194.6138,77845.52,1566219,D,HERSHEY TRUST CO TRUSTEE IN TRUST FOR MILTON HERSHEY SCHOOL,10% Owner,0,0,1,,SEC EDGAR
"HSY|0000950142-26-001501|nonDerivative|2026-05-26|HERSHEY TRUST CO TRUSTEE IN TRUST FOR MILTON HERSHEY SCHOOL|S|Common Stock, $1.00 par value|100|196|D",2026-05-31 10:00:17+0000,HSY,HERSHEY CO,0000047111,4,2026-05-27,2026-05-26,0000950142-26-001501,https://www.sec.gov/Archives/edgar/data/47111/000095014226001501/es260784908_4-hsy.xml,nonDerivative,2026-05-26,S,"Common Stock, $1.00 par value",100,196,19600.0,1566119,D,HERSHEY TRUST CO TRUSTEE IN TRUST FOR MILTON HERSHEY SCHOOL,10% Owner,0,0,1,,SEC EDGAR
"HSY|0000950142-26-001501|nonDerivative|2026-05-27|HERSHEY TRUST CO TRUSTEE IN TRUST FOR MILTON HERSHEY SCHOOL|S|Common Stock, $1.00 par value|146|194.7874|D",2026-05-31 10:00:17+0000,HSY,HERSHEY CO,0000047111,4,2026-05-27,2026-05-26,0000950142-26-001501,https://www.sec.gov/Archives/edgar/data/47111/000095014226001501/es260784908_4-hsy.xml,nonDerivative,2026-05-27,S,"Common Stock, $1.00 par value",146,194.7874,28438.9604,1565973,D,HERSHEY TRUST CO TRUSTEE IN TRUST FOR MILTON HERSHEY SCHOOL,10% Owner,0,0,1,,SEC EDGAR
"HSY|0000950142-26-001501|nonDerivative|2026-05-27|HERSHEY TRUST CO TRUSTEE IN TRUST FOR MILTON HERSHEY SCHOOL|S|Common Stock, $1.00 par value|334|195.4030|D",2026-05-31 10:00:17+0000,HSY,HERSHEY CO,0000047111,4,2026-05-27,2026-05-26,0000950142-26-001501,https://www.sec.gov/Archives/edgar/data/47111/000095014226001501/es260784908_4-hsy.xml,nonDerivative,2026-05-27,S,"Common Stock, $1.00 par value",334,195.4030,65264.602,1565639,D,HERSHEY TRUST CO TRUSTEE IN TRUST FOR MILTON HERSHEY SCHOOL,10% Owner,0,0,1,,SEC EDGAR
"HSY|0000950142-26-001501|nonDerivative|2026-05-27|HERSHEY TRUST CO TRUSTEE IN TRUST FOR MILTON HERSHEY SCHOOL|S|Common Stock, $1.00 par value|262|196.5861|D",2026-05-31 10:00:17+0000,HSY,HERSHEY CO,0000047111,4,2026-05-27,2026-05-26,0000950142-26-001501,https://www.sec.gov/Archives/edgar/data/47111/000095014226001501/es260784908_4-hsy.xml,nonDerivative,2026-05-27,S,"Common Stock, $1.00 par value",262,196.5861,51505.5582,1565377,D,HERSHEY TRUST CO TRUSTEE IN TRUST FOR MILTON HERSHEY SCHOOL,10% Owner,0,0,1,,SEC EDGAR
"HSY|0000950142-26-001501|nonDerivative|2026-05-27|HERSHEY TRUST CO TRUSTEE IN TRUST FOR MILTON HERSHEY SCHOOL|S|Common Stock, $1.00 par value|2558|197.7599|D",2026-05-31 10:00:17+0000,HSY,HERSHEY CO,0000047111,4,2026-05-27,2026-05-26,0000950142-26-001501,https://www.sec.gov/Archives/edgar/data/47111/000095014226001501/es260784908_4-hsy.xml,nonDerivative,2026-05-27,S,"Common Stock, $1.00 par value",2558,197.7599,505869.8242,1562819,D,HERSHEY TRUST CO TRUSTEE IN TRUST FOR MILTON HERSHEY SCHOOL,10% Owner,0,0,1,,SEC EDGAR
"HSY|0000950142-26-001501|nonDerivative|2026-05-27|HERSHEY TRUST CO TRUSTEE IN TRUST FOR MILTON HERSHEY SCHOOL|S|Common Stock, $1.00 par value|3700|198.7541|D",2026-05-31 10:00:17+0000,HSY,HERSHEY CO,0000047111,4,2026-05-27,2026-05-26,0000950142-26-001501,https://www.sec.gov/Archives/edgar/data/47111/000095014226001501/es260784908_4-hsy.xml,nonDerivative,2026-05-27,S,"Common Stock, $1.00 par value",3700,198.7541,735390.1699999999,1559119,D,HERSHEY TRUST CO TRUSTEE IN TRUST FOR MILTON HERSHEY SCHOOL,10% Owner,0,0,1,,SEC EDGAR
"HSY|0000950142-26-001501|nonDerivative|2026-05-27|HERSHEY TRUST CO TRUSTEE IN TRUST FOR MILTON HERSHEY SCHOOL|S|Common Stock, $1.00 par value|3000|199.2489|D",2026-05-31 10:00:17+0000,HSY,HERSHEY CO,0000047111,4,2026-05-27,2026-05-26,0000950142-26-001501,https://www.sec.gov/Archives/edgar/data/47111/000095014226001501/es260784908_4-hsy.xml,nonDerivative,2026-05-27,S,"Common Stock, $1.00 par value",3000,199.2489,597746.7,1556119,D,HERSHEY TRUST CO TRUSTEE IN TRUST FOR MILTON HERSHEY SCHOOL,10% Owner,0,0,1,,SEC EDGAR
HST|0001070750-26-000106|nonDerivative|2026-05-26|TYRRELL NATHAN S|S|Common Stock|15569|23.0|D,2026-05-31 10:00:17+0000,HST,"HOST HOTELS & RESORTS, INC.",0001070750,4,2026-05-27,2026-05-26,0001070750-26-000106,https://www.sec.gov/Archives/edgar/data/1070750/000107075026000106/edgardoc.xml,nonDerivative,2026-05-26,S,Common Stock,15569,23.0,358087.0,682089,D,TYRRELL NATHAN S,"Officer, EVP, Ch. Investment Officer",0,1,0,"EVP, Ch. Investment Officer",SEC EDGAR
HST|0001070750-26-000105|nonDerivative|2026-05-26|RAKOWICH WALTER C|S|Common Stock|3408|22.8994|D,2026-05-31 10:00:17+0000,HST,"HOST HOTELS & RESORTS, INC.",0001070750,4,2026-05-27,2026-05-26,0001070750-26-000105,https://www.sec.gov/Archives/edgar/data/1070750/000107075026000105/edgardoc.xml,nonDerivative,2026-05-26,S,Common Stock,3408,22.8994,78041.1552,76537,D,RAKOWICH WALTER C,Director,1,0,0,,SEC EDGAR
HOOD|0001104659-26-067045|derivative|2026-05-22|Malka Meyer|S|Put option (obligation to buy)|30000||I,2026-05-31 10:00:17+0000,HOOD,"Robinhood Markets, Inc.",0001783879,4,2026-05-27,2026-05-22,0001104659-26-067045,https://www.sec.gov/Archives/edgar/data/1783879/000110465926067045/tm2615788-1_4seq1.xml,derivative,2026-05-22,S,Put option (obligation to buy),30000,,,30000,I,Malka Meyer,Director,1,0,0,,SEC EDGAR
HOOD|0001104659-26-067045|derivative|2026-05-22|Malka Meyer|P|Put option (right to sell)|30000||I,2026-05-31 10:00:17+0000,HOOD,"Robinhood Markets, Inc.",0001783879,4,2026-05-27,2026-05-22,0001104659-26-067045,https://www.sec.gov/Archives/edgar/data/1783879/000110465926067045/tm2615788-1_4seq1.xml,derivative,2026-05-22,P,Put option (right to sell),30000,,,30000,I,Malka Meyer,Director,1,0,0,,SEC EDGAR
GRMN|0001014108-26-000030|nonDerivative|2026-05-26|BURRELL JONATHAN|G|Registered Shares|15600|0|I,2026-05-31 10:00:17+0000,GRMN,GARMIN LTD,0001121788,4,2026-05-27,2026-05-26,0001014108-26-000030,https://www.sec.gov/Archives/edgar/data/1121788/000101410826000030/primary_doc.xml,nonDerivative,2026-05-26,G,Registered Shares,15600,0,0.0,1034043,I,BURRELL JONATHAN,Director,1,0,0,,SEC EDGAR
GRMN|0001014108-26-000030|nonDerivative|2026-05-27|BURRELL JONATHAN|G|Registered Shares|8800|0|I,2026-05-31 10:00:17+0000,GRMN,GARMIN LTD,0001121788,4,2026-05-27,2026-05-26,0001014108-26-000030,https://www.sec.gov/Archives/edgar/data/1121788/000101410826000030/primary_doc.xml,nonDerivative,2026-05-27,G,Registered Shares,8800,0,0.0,1733300,I,BURRELL JONATHAN,Director,1,0,0,,SEC EDGAR
GOOGL|0001193125-26-242634|nonDerivative|2026-05-25|WALKER JOHN KENT|C|Class C Google Stock Units|1624|0|D,2026-05-31 10:00:17+0000,GOOGL,Alphabet Inc.,0001652044,4,2026-05-27,2026-05-25,0001193125-26-242634,https://www.sec.gov/Archives/edgar/data/1652044/000119312526242634/ownership.xml,nonDerivative,2026-05-25,C,Class C Google Stock Units,1624,0,0.0,69225,D,WALKER JOHN KENT,"President, Global Affairs, CLO",false,true,false,"President, Global Affairs, CLO",SEC EDGAR
GOOGL|0001193125-26-242634|nonDerivative|2026-05-25|WALKER JOHN KENT|F|Class C Google Stock Units|1639|379.38|D,2026-05-31 10:00:17+0000,GOOGL,Alphabet Inc.,0001652044,4,2026-05-27,2026-05-25,0001193125-26-242634,https://www.sec.gov/Archives/edgar/data/1652044/000119312526242634/ownership.xml,nonDerivative,2026-05-25,F,Class C Google Stock Units,1639,379.38,621803.82,67586,D,WALKER JOHN KENT,"President, Global Affairs, CLO",false,true,false,"President, Global Affairs, CLO",SEC EDGAR
GOOGL|0001193125-26-242634|nonDerivative|2026-05-25|WALKER JOHN KENT|C|Class C Capital Stock|1624|0|D,2026-05-31 10:00:17+0000,GOOGL,Alphabet Inc.,0001652044,4,2026-05-27,2026-05-25,0001193125-26-242634,https://www.sec.gov/Archives/edgar/data/1652044/000119312526242634/ownership.xml,nonDerivative,2026-05-25,C,Class C Capital Stock,1624,0,0.0,8140,D,WALKER JOHN KENT,"President, Global Affairs, CLO",false,true,false,"President, Global Affairs, CLO",SEC EDGAR
GOOGL|0001193125-26-242640|nonDerivative|2026-05-25|Schindler Philipp|C|Class C Google Stock Units|1995|0|D,2026-05-31 10:00:17+0000,GOOGL,Alphabet Inc.,0001652044,4,2026-05-27,2026-05-25,0001193125-26-242640,https://www.sec.gov/Archives/edgar/data/1652044/000119312526242640/ownership.xml,nonDerivative,2026-05-25,C,Class C Google Stock Units,1995,0,0.0,88243,D,Schindler Philipp,"SVP, Chief Business Officer",false,true,false,"SVP, Chief Business Officer",SEC EDGAR
GOOGL|0001193125-26-242640|nonDerivative|2026-05-25|Schindler Philipp|F|Class C Google Stock Units|2013|379.38|D,2026-05-31 10:00:17+0000,GOOGL,Alphabet Inc.,0001652044,4,2026-05-27,2026-05-25,0001193125-26-242640,https://www.sec.gov/Archives/edgar/data/1652044/000119312526242640/ownership.xml,nonDerivative,2026-05-25,F,Class C Google Stock Units,2013,379.38,763691.94,86230,D,Schindler Philipp,"SVP, Chief Business Officer",false,true,false,"SVP, Chief Business Officer",SEC EDGAR
GOOGL|0001193125-26-242640|nonDerivative|2026-05-25|Schindler Philipp|C|Class C Capital Stock|1995|0|D,2026-05-31 10:00:17+0000,GOOGL,Alphabet Inc.,0001652044,4,2026-05-27,2026-05-25,0001193125-26-242640,https://www.sec.gov/Archives/edgar/data/1652044/000119312526242640/ownership.xml,nonDerivative,2026-05-25,C,Class C Capital Stock,1995,0,0.0,907893,D,Schindler Philipp,"SVP, Chief Business Officer",false,true,false,"SVP, Chief Business Officer",SEC EDGAR
GOOGL|0001193125-26-242630|nonDerivative|2026-05-25|Porat Ruth|C|Class C Google Stock Units|1624|0|D,2026-05-31 10:00:17+0000,GOOGL,Alphabet Inc.,0001652044,4,2026-05-27,2026-05-25,0001193125-26-242630,https://www.sec.gov/Archives/edgar/data/1652044/000119312526242630/ownership.xml,nonDerivative,2026-05-25,C,Class C Google Stock Units,1624,0,0.0,69225,D,Porat Ruth,President and CIO,false,true,false,President and CIO,SEC EDGAR
GOOGL|0001193125-26-242630|nonDerivative|2026-05-25|Porat Ruth|F|Class C Google Stock Units|1639|379.38|D,2026-05-31 10:00:17+0000,GOOGL,Alphabet Inc.,0001652044,4,2026-05-27,2026-05-25,0001193125-26-242630,https://www.sec.gov/Archives/edgar/data/1652044/000119312526242630/ownership.xml,nonDerivative,2026-05-25,F,Class C Google Stock Units,1639,379.38,621803.82,67586,D,Porat Ruth,President and CIO,false,true,false,President and CIO,SEC EDGAR
GOOGL|0001193125-26-242630|nonDerivative|2026-05-25|Porat Ruth|C|Class C Capital Stock|1624|0|D,2026-05-31 10:00:17+0000,GOOGL,Alphabet Inc.,0001652044,4,2026-05-27,2026-05-25,0001193125-26-242630,https://www.sec.gov/Archives/edgar/data/1652044/000119312526242630/ownership.xml,nonDerivative,2026-05-25,C,Class C Capital Stock,1624,0,0.0,902564,D,Porat Ruth,President and CIO,false,true,false,President and CIO,SEC EDGAR
GOOGL|0001193125-26-242636|nonDerivative|2026-05-25|Pichai Sundar|C|Class C Google Stock Units|3666|0|D,2026-05-31 10:00:17+0000,GOOGL,Alphabet Inc.,0001652044,4,2026-05-27,2026-05-25,0001193125-26-242636,https://www.sec.gov/Archives/edgar/data/1652044/000119312526242636/ownership.xml,nonDerivative,2026-05-25,C,Class C Google Stock Units,3666,0,0.0,232053,D,Pichai Sundar,Chief Executive Officer,true,true,false,Chief Executive Officer,SEC EDGAR
GOOGL|0001193125-26-242636|nonDerivative|2026-05-25|Pichai Sundar|F|Class C Google Stock Units|3700|379.38|D,2026-05-31 10:00:17+0000,GOOGL,Alphabet Inc.,0001652044,4,2026-05-27,2026-05-25,0001193125-26-242636,https://www.sec.gov/Archives/edgar/data/1652044/000119312526242636/ownership.xml,nonDerivative,2026-05-25,F,Class C Google Stock Units,3700,379.38,1403706.0,228353,D,Pichai Sundar,Chief Executive Officer,true,true,false,Chief Executive Officer,SEC EDGAR
GOOGL|0001193125-26-242636|nonDerivative|2026-05-25|Pichai Sundar|C|Class C Capital Stock|3666|0|D,2026-05-31 10:00:17+0000,GOOGL,Alphabet Inc.,0001652044,4,2026-05-27,2026-05-25,0001193125-26-242636,https://www.sec.gov/Archives/edgar/data/1652044/000119312526242636/ownership.xml,nonDerivative,2026-05-25,C,Class C Capital Stock,3666,0,0.0,1660390,D,Pichai Sundar,Chief Executive Officer,true,true,false,Chief Executive Officer,SEC EDGAR
GOOGL|0001193125-26-242628|nonDerivative|2026-05-25|Ashkenazi Anat|C|Class C Google Stock Units|1763|0|D,2026-05-31 10:00:17+0000,GOOGL,Alphabet Inc.,0001652044,4,2026-05-27,2026-05-25,0001193125-26-242628,https://www.sec.gov/Archives/edgar/data/1652044/000119312526242628/ownership.xml,nonDerivative,2026-05-25,C,Class C Google Stock Units,1763,0,0.0,71323,D,Ashkenazi Anat,"SVP, Chief Financial Officer",false,true,false,"SVP, Chief Financial Officer",SEC EDGAR
GOOGL|0001193125-26-242628|nonDerivative|2026-05-25|Ashkenazi Anat|F|Class C Google Stock Units|1780|379.38|D,2026-05-31 10:00:17+0000,GOOGL,Alphabet Inc.,0001652044,4,2026-05-27,2026-05-25,0001193125-26-242628,https://www.sec.gov/Archives/edgar/data/1652044/000119312526242628/ownership.xml,nonDerivative,2026-05-25,F,Class C Google Stock Units,1780,379.38,675296.4,69543,D,Ashkenazi Anat,"SVP, Chief Financial Officer",false,true,false,"SVP, Chief Financial Officer",SEC EDGAR
GOOGL|0001193125-26-242628|nonDerivative|2026-05-25|Ashkenazi Anat|C|Class C Capital Stock|1763|0|D,2026-05-31 10:00:17+0000,GOOGL,Alphabet Inc.,0001652044,4,2026-05-27,2026-05-25,0001193125-26-242628,https://www.sec.gov/Archives/edgar/data/1652044/000119312526242628/ownership.xml,nonDerivative,2026-05-25,C,Class C Capital Stock,1763,0,0.0,126830,D,Ashkenazi Anat,"SVP, Chief Financial Officer",false,true,false,"SVP, Chief Financial Officer",SEC EDGAR
GOOG|0001193125-26-242634|nonDerivative|2026-05-25|WALKER JOHN KENT|C|Class C Google Stock Units|1624|0|D,2026-05-31 10:00:17+0000,GOOG,Alphabet Inc.,0001652044,4,2026-05-27,2026-05-25,0001193125-26-242634,https://www.sec.gov/Archives/edgar/data/1652044/000119312526242634/ownership.xml,nonDerivative,2026-05-25,C,Class C Google Stock Units,1624,0,0.0,69225,D,WALKER JOHN KENT,"President, Global Affairs, CLO",false,true,false,"President, Global Affairs, CLO",SEC EDGAR
GOOG|0001193125-26-242634|nonDerivative|2026-05-25|WALKER JOHN KENT|F|Class C Google Stock Units|1639|379.38|D,2026-05-31 10:00:17+0000,GOOG,Alphabet Inc.,0001652044,4,2026-05-27,2026-05-25,0001193125-26-242634,https://www.sec.gov/Archives/edgar/data/1652044/000119312526242634/ownership.xml,nonDerivative,2026-05-25,F,Class C Google Stock Units,1639,379.38,621803.82,67586,D,WALKER JOHN KENT,"President, Global Affairs, CLO",false,true,false,"President, Global Affairs, CLO",SEC EDGAR
GOOG|0001193125-26-242634|nonDerivative|2026-05-25|WALKER JOHN KENT|C|Class C Capital Stock|1624|0|D,2026-05-31 10:00:17+0000,GOOG,Alphabet Inc.,0001652044,4,2026-05-27,2026-05-25,0001193125-26-242634,https://www.sec.gov/Archives/edgar/data/1652044/000119312526242634/ownership.xml,nonDerivative,2026-05-25,C,Class C Capital Stock,1624,0,0.0,8140,D,WALKER JOHN KENT,"President, Global Affairs, CLO",false,true,false,"President, Global Affairs, CLO",SEC EDGAR
GOOG|0001193125-26-242640|nonDerivative|2026-05-25|Schindler Philipp|C|Class C Google Stock Units|1995|0|D,2026-05-31 10:00:17+0000,GOOG,Alphabet Inc.,0001652044,4,2026-05-27,2026-05-25,0001193125-26-242640,https://www.sec.gov/Archives/edgar/data/1652044/000119312526242640/ownership.xml,nonDerivative,2026-05-25,C,Class C Google Stock Units,1995,0,0.0,88243,D,Schindler Philipp,"SVP, Chief Business Officer",false,true,false,"SVP, Chief Business Officer",SEC EDGAR
GOOG|0001193125-26-242640|nonDerivative|2026-05-25|Schindler Philipp|F|Class C Google Stock Units|2013|379.38|D,2026-05-31 10:00:17+0000,GOOG,Alphabet Inc.,0001652044,4,2026-05-27,2026-05-25,0001193125-26-242640,https://www.sec.gov/Archives/edgar/data/1652044/000119312526242640/ownership.xml,nonDerivative,2026-05-25,F,Class C Google Stock Units,2013,379.38,763691.94,86230,D,Schindler Philipp,"SVP, Chief Business Officer",false,true,false,"SVP, Chief Business Officer",SEC EDGAR
GOOG|0001193125-26-242640|nonDerivative|2026-05-25|Schindler Philipp|C|Class C Capital Stock|1995|0|D,2026-05-31 10:00:17+0000,GOOG,Alphabet Inc.,0001652044,4,2026-05-27,2026-05-25,0001193125-26-242640,https://www.sec.gov/Archives/edgar/data/1652044/000119312526242640/ownership.xml,nonDerivative,2026-05-25,C,Class C Capital Stock,1995,0,0.0,907893,D,Schindler Philipp,"SVP, Chief Business Officer",false,true,false,"SVP, Chief Business Officer",SEC EDGAR
GOOG|0001193125-26-242630|nonDerivative|2026-05-25|Porat Ruth|C|Class C Google Stock Units|1624|0|D,2026-05-31 10:00:17+0000,GOOG,Alphabet Inc.,0001652044,4,2026-05-27,2026-05-25,0001193125-26-242630,https://www.sec.gov/Archives/edgar/data/1652044/000119312526242630/ownership.xml,nonDerivative,2026-05-25,C,Class C Google Stock Units,1624,0,0.0,69225,D,Porat Ruth,President and CIO,false,true,false,President and CIO,SEC EDGAR
GOOG|0001193125-26-242630|nonDerivative|2026-05-25|Porat Ruth|F|Class C Google Stock Units|1639|379.38|D,2026-05-31 10:00:17+0000,GOOG,Alphabet Inc.,0001652044,4,2026-05-27,2026-05-25,0001193125-26-242630,https://www.sec.gov/Archives/edgar/data/1652044/000119312526242630/ownership.xml,nonDerivative,2026-05-25,F,Class C Google Stock Units,1639,379.38,621803.82,67586,D,Porat Ruth,President and CIO,false,true,false,President and CIO,SEC EDGAR
GOOG|0001193125-26-242630|nonDerivative|2026-05-25|Porat Ruth|C|Class C Capital Stock|1624|0|D,2026-05-31 10:00:17+0000,GOOG,Alphabet Inc.,0001652044,4,2026-05-27,2026-05-25,0001193125-26-242630,https://www.sec.gov/Archives/edgar/data/1652044/000119312526242630/ownership.xml,nonDerivative,2026-05-25,C,Class C Capital Stock,1624,0,0.0,902564,D,Porat Ruth,President and CIO,false,true,false,President and CIO,SEC EDGAR
GOOG|0001193125-26-242636|nonDerivative|2026-05-25|Pichai Sundar|C|Class C Google Stock Units|3666|0|D,2026-05-31 10:00:17+0000,GOOG,Alphabet Inc.,0001652044,4,2026-05-27,2026-05-25,0001193125-26-242636,https://www.sec.gov/Archives/edgar/data/1652044/000119312526242636/ownership.xml,nonDerivative,2026-05-25,C,Class C Google Stock Units,3666,0,0.0,232053,D,Pichai Sundar,Chief Executive Officer,true,true,false,Chief Executive Officer,SEC EDGAR
GOOG|0001193125-26-242636|nonDerivative|2026-05-25|Pichai Sundar|F|Class C Google Stock Units|3700|379.38|D,2026-05-31 10:00:17+0000,GOOG,Alphabet Inc.,0001652044,4,2026-05-27,2026-05-25,0001193125-26-242636,https://www.sec.gov/Archives/edgar/data/1652044/000119312526242636/ownership.xml,nonDerivative,2026-05-25,F,Class C Google Stock Units,3700,379.38,1403706.0,228353,D,Pichai Sundar,Chief Executive Officer,true,true,false,Chief Executive Officer,SEC EDGAR
GOOG|0001193125-26-242636|nonDerivative|2026-05-25|Pichai Sundar|C|Class C Capital Stock|3666|0|D,2026-05-31 10:00:17+0000,GOOG,Alphabet Inc.,0001652044,4,2026-05-27,2026-05-25,0001193125-26-242636,https://www.sec.gov/Archives/edgar/data/1652044/000119312526242636/ownership.xml,nonDerivative,2026-05-25,C,Class C Capital Stock,3666,0,0.0,1660390,D,Pichai Sundar,Chief Executive Officer,true,true,false,Chief Executive Officer,SEC EDGAR
GOOG|0001193125-26-242628|nonDerivative|2026-05-25|Ashkenazi Anat|C|Class C Google Stock Units|1763|0|D,2026-05-31 10:00:17+0000,GOOG,Alphabet Inc.,0001652044,4,2026-05-27,2026-05-25,0001193125-26-242628,https://www.sec.gov/Archives/edgar/data/1652044/000119312526242628/ownership.xml,nonDerivative,2026-05-25,C,Class C Google Stock Units,1763,0,0.0,71323,D,Ashkenazi Anat,"SVP, Chief Financial Officer",false,true,false,"SVP, Chief Financial Officer",SEC EDGAR
GOOG|0001193125-26-242628|nonDerivative|2026-05-25|Ashkenazi Anat|F|Class C Google Stock Units|1780|379.38|D,2026-05-31 10:00:17+0000,GOOG,Alphabet Inc.,0001652044,4,2026-05-27,2026-05-25,0001193125-26-242628,https://www.sec.gov/Archives/edgar/data/1652044/000119312526242628/ownership.xml,nonDerivative,2026-05-25,F,Class C Google Stock Units,1780,379.38,675296.4,69543,D,Ashkenazi Anat,"SVP, Chief Financial Officer",false,true,false,"SVP, Chief Financial Officer",SEC EDGAR
GOOG|0001193125-26-242628|nonDerivative|2026-05-25|Ashkenazi Anat|C|Class C Capital Stock|1763|0|D,2026-05-31 10:00:17+0000,GOOG,Alphabet Inc.,0001652044,4,2026-05-27,2026-05-25,0001193125-26-242628,https://www.sec.gov/Archives/edgar/data/1652044/000119312526242628/ownership.xml,nonDerivative,2026-05-25,C,Class C Capital Stock,1763,0,0.0,126830,D,Ashkenazi Anat,"SVP, Chief Financial Officer",false,true,false,"SVP, Chief Financial Officer",SEC EDGAR
GM|0001976795-26-000008|nonDerivative|2026-05-22|Harvey Rory|M|Common Stock|5652|41.40|D,2026-05-31 10:00:17+0000,GM,General Motors Co,0001467858,4,2026-05-27,2026-05-22,0001976795-26-000008,https://www.sec.gov/Archives/edgar/data/1467858/000197679526000008/wk-form4_1779920722.xml,nonDerivative,2026-05-22,M,Common Stock,5652,41.40,233992.8,131665,D,Harvey Rory,"Officer, Executive Vice President",0,1,0,Executive Vice President,SEC EDGAR
GM|0001976795-26-000008|nonDerivative|2026-05-22|Harvey Rory|S|Common Stock|5652|79.57|D,2026-05-31 10:00:17+0000,GM,General Motors Co,0001467858,4,2026-05-27,2026-05-22,0001976795-26-000008,https://www.sec.gov/Archives/edgar/data/1467858/000197679526000008/wk-form4_1779920722.xml,nonDerivative,2026-05-22,S,Common Stock,5652,79.57,449729.63999999996,126013,D,Harvey Rory,"Officer, Executive Vice President",0,1,0,Executive Vice President,SEC EDGAR
GM|0001976795-26-000008|nonDerivative|2026-05-27|Harvey Rory|S|Common Stock|13582|82.97|D,2026-05-31 10:00:17+0000,GM,General Motors Co,0001467858,4,2026-05-27,2026-05-22,0001976795-26-000008,https://www.sec.gov/Archives/edgar/data/1467858/000197679526000008/wk-form4_1779920722.xml,nonDerivative,2026-05-27,S,Common Stock,13582,82.97,1126898.54,112431,D,Harvey Rory,"Officer, Executive Vice President",0,1,0,Executive Vice President,SEC EDGAR
GM|0001976795-26-000008|nonDerivative|2026-05-27|Harvey Rory|S|Common Stock|65912|83.03|D,2026-05-31 10:00:17+0000,GM,General Motors Co,0001467858,4,2026-05-27,2026-05-22,0001976795-26-000008,https://www.sec.gov/Archives/edgar/data/1467858/000197679526000008/wk-form4_1779920722.xml,nonDerivative,2026-05-27,S,Common Stock,65912,83.03,5472673.36,46519,D,Harvey Rory,"Officer, Executive Vice President",0,1,0,Executive Vice President,SEC EDGAR
GM|0001976795-26-000008|derivative|2026-05-22|Harvey Rory|M|Employee Stock Option (Right to Buy)|5652|0|D,2026-05-31 10:00:17+0000,GM,General Motors Co,0001467858,4,2026-05-27,2026-05-22,0001976795-26-000008,https://www.sec.gov/Archives/edgar/data/1467858/000197679526000008/wk-form4_1779920722.xml,derivative,2026-05-22,M,Employee Stock Option (Right to Buy),5652,0,0.0,0,D,Harvey Rory,"Officer, Executive Vice President",0,1,0,Executive Vice President,SEC EDGAR
"GILD|0001123292-26-000751|nonDerivative|2026-05-26|GILEAD SCIENCES, INC.|A|Common Stock|471698|26.50|D",2026-05-31 10:00:17+0000,GILD,"GILEAD SCIENCES, INC.",0000882095,4,2026-05-27,2026-05-26,0001123292-26-000751,https://www.sec.gov/Archives/edgar/data/882095/000112329226000751/form4.xml,nonDerivative,2026-05-26,A,Common Stock,471698,26.50,12499997.0,4977089,D,"GILEAD SCIENCES, INC.",10% Owner,0,0,1,,SEC EDGAR
FSLR|0001274494-26-000147|nonDerivative|2026-05-22|Widmar Mark R|S|Common Stock|239|250.02|D,2026-05-31 10:00:17+0000,FSLR,"FIRST SOLAR, INC.",0001274494,4,2026-05-27,2026-05-22,0001274494-26-000147,https://www.sec.gov/Archives/edgar/data/1274494/000127449426000147/form4.xml,nonDerivative,2026-05-22,S,Common Stock,239,250.02,59754.78,88794,D,Widmar Mark R,"Director, Officer, Chief Executive Officer",1,1,,Chief Executive Officer,SEC EDGAR
FSLR|0001274494-26-000147|nonDerivative|2026-05-22|Widmar Mark R|S|Common Stock|172|251.53|D,2026-05-31 10:00:17+0000,FSLR,"FIRST SOLAR, INC.",0001274494,4,2026-05-27,2026-05-22,0001274494-26-000147,https://www.sec.gov/Archives/edgar/data/1274494/000127449426000147/form4.xml,nonDerivative,2026-05-22,S,Common Stock,172,251.53,43263.16,88622,D,Widmar Mark R,"Director, Officer, Chief Executive Officer",1,1,,Chief Executive Officer,SEC EDGAR
FSLR|0001274494-26-000147|nonDerivative|2026-05-22|Widmar Mark R|S|Common Stock|97|252.87|D,2026-05-31 10:00:17+0000,FSLR,"FIRST SOLAR, INC.",0001274494,4,2026-05-27,2026-05-22,0001274494-26-000147,https://www.sec.gov/Archives/edgar/data/1274494/000127449426000147/form4.xml,nonDerivative,2026-05-22,S,Common Stock,97,252.87,24528.39,88525,D,Widmar Mark R,"Director, Officer, Chief Executive Officer",1,1,,Chief Executive Officer,SEC EDGAR
FSLR|0001274494-26-000147|nonDerivative|2026-05-22|Widmar Mark R|S|Common Stock|218|253.63|D,2026-05-31 10:00:17+0000,FSLR,"FIRST SOLAR, INC.",0001274494,4,2026-05-27,2026-05-22,0001274494-26-000147,https://www.sec.gov/Archives/edgar/data/1274494/000127449426000147/form4.xml,nonDerivative,2026-05-22,S,Common Stock,218,253.63,55291.34,88307,D,Widmar Mark R,"Director, Officer, Chief Executive Officer",1,1,,Chief Executive Officer,SEC EDGAR
FSLR|0001274494-26-000147|nonDerivative|2026-05-22|Widmar Mark R|S|Common Stock|916|254.93|D,2026-05-31 10:00:17+0000,FSLR,"FIRST SOLAR, INC.",0001274494,4,2026-05-27,2026-05-22,0001274494-26-000147,https://www.sec.gov/Archives/edgar/data/1274494/000127449426000147/form4.xml,nonDerivative,2026-05-22,S,Common Stock,916,254.93,233515.88,87391,D,Widmar Mark R,"Director, Officer, Chief Executive Officer",1,1,,Chief Executive Officer,SEC EDGAR
FSLR|0001274494-26-000147|nonDerivative|2026-05-22|Widmar Mark R|S|Common Stock|64|255.59|D,2026-05-31 10:00:17+0000,FSLR,"FIRST SOLAR, INC.",0001274494,4,2026-05-27,2026-05-22,0001274494-26-000147,https://www.sec.gov/Archives/edgar/data/1274494/000127449426000147/form4.xml,nonDerivative,2026-05-22,S,Common Stock,64,255.59,16357.76,87327,D,Widmar Mark R,"Director, Officer, Chief Executive Officer",1,1,,Chief Executive Officer,SEC EDGAR
FSLR|0001274494-26-000147|nonDerivative|2026-05-22|Widmar Mark R|S|Common Stock|75|256.32|D,2026-05-31 10:00:17+0000,FSLR,"FIRST SOLAR, INC.",0001274494,4,2026-05-27,2026-05-22,0001274494-26-000147,https://www.sec.gov/Archives/edgar/data/1274494/000127449426000147/form4.xml,nonDerivative,2026-05-22,S,Common Stock,75,256.32,19224.0,87252,D,Widmar Mark R,"Director, Officer, Chief Executive Officer",1,1,,Chief Executive Officer,SEC EDGAR
FSLR|0001274494-26-000147|nonDerivative|2026-05-22|Widmar Mark R|S|Common Stock|149|257.55|D,2026-05-31 10:00:17+0000,FSLR,"FIRST SOLAR, INC.",0001274494,4,2026-05-27,2026-05-22,0001274494-26-000147,https://www.sec.gov/Archives/edgar/data/1274494/000127449426000147/form4.xml,nonDerivative,2026-05-22,S,Common Stock,149,257.55,38374.950000000004,87103,D,Widmar Mark R,"Director, Officer, Chief Executive Officer",1,1,,Chief Executive Officer,SEC EDGAR
FSLR|0001274494-26-000147|nonDerivative|2026-05-22|Widmar Mark R|S|Common Stock|47|258.48|D,2026-05-31 10:00:17+0000,FSLR,"FIRST SOLAR, INC.",0001274494,4,2026-05-27,2026-05-22,0001274494-26-000147,https://www.sec.gov/Archives/edgar/data/1274494/000127449426000147/form4.xml,nonDerivative,2026-05-22,S,Common Stock,47,258.48,12148.560000000001,87056,D,Widmar Mark R,"Director, Officer, Chief Executive Officer",1,1,,Chief Executive Officer,SEC EDGAR
FSLR|0001274494-26-000147|nonDerivative|2026-05-26|Widmar Mark R|S|Common Stock|364|265.15|D,2026-05-31 10:00:17+0000,FSLR,"FIRST SOLAR, INC.",0001274494,4,2026-05-27,2026-05-22,0001274494-26-000147,https://www.sec.gov/Archives/edgar/data/1274494/000127449426000147/form4.xml,nonDerivative,2026-05-26,S,Common Stock,364,265.15,96514.59999999999,86692,D,Widmar Mark R,"Director, Officer, Chief Executive Officer",1,1,,Chief Executive Officer,SEC EDGAR
FSLR|0001274494-26-000147|nonDerivative|2026-05-26|Widmar Mark R|S|Common Stock|1237|266.60|D,2026-05-31 10:00:17+0000,FSLR,"FIRST SOLAR, INC.",0001274494,4,2026-05-27,2026-05-22,0001274494-26-000147,https://www.sec.gov/Archives/edgar/data/1274494/000127449426000147/form4.xml,nonDerivative,2026-05-26,S,Common Stock,1237,266.60,329784.2,85455,D,Widmar Mark R,"Director, Officer, Chief Executive Officer",1,1,,Chief Executive Officer,SEC EDGAR
FSLR|0001274494-26-000147|nonDerivative|2026-05-26|Widmar Mark R|S|Common Stock|628|267.72|D,2026-05-31 10:00:17+0000,FSLR,"FIRST SOLAR, INC.",0001274494,4,2026-05-27,2026-05-22,0001274494-26-000147,https://www.sec.gov/Archives/edgar/data/1274494/000127449426000147/form4.xml,nonDerivative,2026-05-26,S,Common Stock,628,267.72,168128.16,84827,D,Widmar Mark R,"Director, Officer, Chief Executive Officer",1,1,,Chief Executive Officer,SEC EDGAR
FSLR|0001274494-26-000147|nonDerivative|2026-05-26|Widmar Mark R|S|Common Stock|1009|268.89|D,2026-05-31 10:00:17+0000,FSLR,"FIRST SOLAR, INC.",0001274494,4,2026-05-27,2026-05-22,0001274494-26-000147,https://www.sec.gov/Archives/edgar/data/1274494/000127449426000147/form4.xml,nonDerivative,2026-05-26,S,Common Stock,1009,268.89,271310.01,83818,D,Widmar Mark R,"Director, Officer, Chief Executive Officer",1,1,,Chief Executive Officer,SEC EDGAR
FSLR|0001274494-26-000147|nonDerivative|2026-05-26|Widmar Mark R|S|Common Stock|632|270.05|D,2026-05-31 10:00:17+0000,FSLR,"FIRST SOLAR, INC.",0001274494,4,2026-05-27,2026-05-22,0001274494-26-000147,https://www.sec.gov/Archives/edgar/data/1274494/000127449426000147/form4.xml,nonDerivative,2026-05-26,S,Common Stock,632,270.05,170671.6,83186,D,Widmar Mark R,"Director, Officer, Chief Executive Officer",1,1,,Chief Executive Officer,SEC EDGAR
FSLR|0001274494-26-000147|nonDerivative|2026-05-26|Widmar Mark R|S|Common Stock|726|271.23|D,2026-05-31 10:00:17+0000,FSLR,"FIRST SOLAR, INC.",0001274494,4,2026-05-27,2026-05-22,0001274494-26-000147,https://www.sec.gov/Archives/edgar/data/1274494/000127449426000147/form4.xml,nonDerivative,2026-05-26,S,Common Stock,726,271.23,196912.98,82460,D,Widmar Mark R,"Director, Officer, Chief Executive Officer",1,1,,Chief Executive Officer,SEC EDGAR
FSLR|0001274494-26-000147|nonDerivative|2026-05-26|Widmar Mark R|S|Common Stock|473|273.17|D,2026-05-31 10:00:17+0000,FSLR,"FIRST SOLAR, INC.",0001274494,4,2026-05-27,2026-05-22,0001274494-26-000147,https://www.sec.gov/Archives/edgar/data/1274494/000127449426000147/form4.xml,nonDerivative,2026-05-26,S,Common Stock,473,273.17,129209.41,81987,D,Widmar Mark R,"Director, Officer, Chief Executive Officer",1,1,,Chief Executive Officer,SEC EDGAR
FSLR|0001274494-26-000147|nonDerivative|2026-05-26|Widmar Mark R|S|Common Stock|126|276.29|D,2026-05-31 10:00:17+0000,FSLR,"FIRST SOLAR, INC.",0001274494,4,2026-05-27,2026-05-22,0001274494-26-000147,https://www.sec.gov/Archives/edgar/data/1274494/000127449426000147/form4.xml,nonDerivative,2026-05-26,S,Common Stock,126,276.29,34812.54,81861,D,Widmar Mark R,"Director, Officer, Chief Executive Officer",1,1,,Chief Executive Officer,SEC EDGAR
FICO|0001214659-26-006801|nonDerivative|2026-05-23|Behl Nikhil|M|Common Stock|2194|0.00|I,2026-05-31 10:00:17+0000,FICO,FAIR ISAAC CORP,0000814547,4,2026-05-27,2026-05-23,0001214659-26-006801,https://www.sec.gov/Archives/edgar/data/814547/000121465926006801/marketforms-73239.xml,nonDerivative,2026-05-23,M,Common Stock,2194,0.00,0.0,19222,I,Behl Nikhil,"President, Software",false,true,false,"President, Software",SEC EDGAR
FICO|0001214659-26-006801|nonDerivative|2026-05-23|Behl Nikhil|F|Common Stock|998|1239.91|I,2026-05-31 10:00:17+0000,FICO,FAIR ISAAC CORP,0000814547,4,2026-05-27,2026-05-23,0001214659-26-006801,https://www.sec.gov/Archives/edgar/data/814547/000121465926006801/marketforms-73239.xml,nonDerivative,2026-05-23,F,Common Stock,998,1239.91,1237430.1800000002,18224,I,Behl Nikhil,"President, Software",false,true,false,"President, Software",SEC EDGAR
FICO|0001214659-26-006801|derivative|2026-05-23|Behl Nikhil|M|Restricted Stock Units|2194|0.00|D,2026-05-31 10:00:17+0000,FICO,FAIR ISAAC CORP,0000814547,4,2026-05-27,2026-05-23,0001214659-26-006801,https://www.sec.gov/Archives/edgar/data/814547/000121465926006801/marketforms-73239.xml,derivative,2026-05-23,M,Restricted Stock Units,2194,0.00,0.0,0,D,Behl Nikhil,"President, Software",false,true,false,"President, Software",SEC EDGAR
EW|0001225208-26-005610|nonDerivative|2026-05-27|BOBO DONALD E JR|S|Common Stock|23145.0000|86.4201|I,2026-05-31 10:00:17+0000,EW,Edwards Lifesciences Corp,0001099800,4,2026-05-27,2026-05-27,0001225208-26-005610,https://www.sec.gov/Archives/edgar/data/1099800/000122520826005610/doc4.xml,nonDerivative,2026-05-27,S,Common Stock,23145.0000,86.4201,2000193.2145,98611.0000,I,BOBO DONALD E JR,"Officer, CVP,Strategy/Corp Development",,1,,"CVP,Strategy/Corp Development",SEC EDGAR
EOG|0000821189-26-000115|nonDerivative|2026-05-26|ROBERTSON JULIE J|A|Common Stock|1541|0|D,2026-05-31 10:00:17+0000,EOG,EOG RESOURCES INC,0000821189,4,2026-05-27,2026-05-26,0000821189-26-000115,https://www.sec.gov/Archives/edgar/data/821189/000082118926000115/form4.xml,nonDerivative,2026-05-26,A,Common Stock,1541,0,0.0,17150,D,ROBERTSON JULIE J,Director,1,,,,SEC EDGAR
EOG|0000821189-26-000109|nonDerivative|2026-05-26|Kerr Michael T.|A|Common Stock|1541|0|D,2026-05-31 10:00:17+0000,EOG,EOG RESOURCES INC,0000821189,4,2026-05-27,2026-05-26,0000821189-26-000109,https://www.sec.gov/Archives/edgar/data/821189/000082118926000109/form4.xml,nonDerivative,2026-05-26,A,Common Stock,1541,0,0.0,22873.965,D,Kerr Michael T.,Director,1,,,,SEC EDGAR
EOG|0000821189-26-000111|nonDerivative|2026-05-26|GAUT C CHRISTOPHER|A|Common Stock|1541|0|D,2026-05-31 10:00:17+0000,EOG,EOG RESOURCES INC,0000821189,4,2026-05-27,2026-05-26,0000821189-26-000111,https://www.sec.gov/Archives/edgar/data/821189/000082118926000111/form4.xml,nonDerivative,2026-05-26,A,Common Stock,1541,0,0.0,22919.278,D,GAUT C CHRISTOPHER,Director,1,,,,SEC EDGAR
EOG|0000821189-26-000113|nonDerivative|2026-05-26|Dugle Lynn A|A|Common Stock|1541|0|D,2026-05-31 10:00:17+0000,EOG,EOG RESOURCES INC,0000821189,4,2026-05-27,2026-05-26,0000821189-26-000113,https://www.sec.gov/Archives/edgar/data/821189/000082118926000113/form4.xml,nonDerivative,2026-05-26,A,Common Stock,1541,0,0.0,7597.293,D,Dugle Lynn A,Director,1,,,,SEC EDGAR
EOG|0000821189-26-000121|nonDerivative|2026-05-26|DANIELS  ROBERT P|A|Common Stock|1541|0|D,2026-05-31 10:00:17+0000,EOG,EOG RESOURCES INC,0000821189,4,2026-05-27,2026-05-26,0000821189-26-000121,https://www.sec.gov/Archives/edgar/data/821189/000082118926000121/form4.xml,nonDerivative,2026-05-26,A,Common Stock,1541,0,0.0,34695.484,D,DANIELS  ROBERT P,Director,1,,,,SEC EDGAR
EOG|0000821189-26-000117|nonDerivative|2026-05-26|CRISP CHARLES R|A|Common Stock|1541|0|D,2026-05-31 10:00:17+0000,EOG,EOG RESOURCES INC,0000821189,4,2026-05-27,2026-05-26,0000821189-26-000117,https://www.sec.gov/Archives/edgar/data/821189/000082118926000117/form4.xml,nonDerivative,2026-05-26,A,Common Stock,1541,0,0.0,65047.258,D,CRISP CHARLES R,Director,1,,,,SEC EDGAR
EOG|0000821189-26-000119|nonDerivative|2026-05-26|CLARK JANET F|A|Common Stock|1541|0|D,2026-05-31 10:00:17+0000,EOG,EOG RESOURCES INC,0000821189,4,2026-05-27,2026-05-26,0000821189-26-000119,https://www.sec.gov/Archives/edgar/data/821189/000082118926000119/form4.xml,nonDerivative,2026-05-26,A,Common Stock,1541,0,0.0,49241.141,D,CLARK JANET F,Director,1,,,,SEC EDGAR
EOG|0000821189-26-000123|nonDerivative|2026-05-26|CHANDLER JOHN D|A|Common Stock|1541|0|D,2026-05-31 10:00:17+0000,EOG,EOG RESOURCES INC,0000821189,4,2026-05-27,2026-05-26,0000821189-26-000123,https://www.sec.gov/Archives/edgar/data/821189/000082118926000123/form4.xml,nonDerivative,2026-05-26,A,Common Stock,1541,0,0.0,2367,D,CHANDLER JOHN D,Director,1,,,,SEC EDGAR
ECL|0001589791-26-000011|nonDerivative|2026-05-22|Vautrinot Suzanne M|M|Common Stock|2000|125.665|D,2026-05-31 10:00:17+0000,ECL,ECOLAB INC.,0000031462,4,2026-05-27,2026-05-22,0001589791-26-000011,https://www.sec.gov/Archives/edgar/data/31462/000158979126000011/form4-05272026_080505.xml,nonDerivative,2026-05-22,M,Common Stock,2000,125.665,251330.0,13651.22,D,Vautrinot Suzanne M,,true,false,false,,SEC EDGAR
ECL|0001589791-26-000011|nonDerivative|2026-05-22|Vautrinot Suzanne M|F|Common Stock|996|252.267|D,2026-05-31 10:00:17+0000,ECL,ECOLAB INC.,0000031462,4,2026-05-27,2026-05-22,0001589791-26-000011,https://www.sec.gov/Archives/edgar/data/31462/000158979126000011/form4-05272026_080505.xml,nonDerivative,2026-05-22,F,Common Stock,996,252.267,251257.932,12655.22,D,Vautrinot Suzanne M,,true,false,false,,SEC EDGAR
ECL|0001589791-26-000011|nonDerivative|2026-05-27|Vautrinot Suzanne M|S|Common Stock|1004|264.980|D,2026-05-31 10:00:17+0000,ECL,ECOLAB INC.,0000031462,4,2026-05-27,2026-05-22,0001589791-26-000011,https://www.sec.gov/Archives/edgar/data/31462/000158979126000011/form4-05272026_080505.xml,nonDerivative,2026-05-27,S,Common Stock,1004,264.980,266039.92000000004,11651.22,D,Vautrinot Suzanne M,,true,false,false,,SEC EDGAR
ECL|0001589791-26-000011|derivative|2026-05-22|Vautrinot Suzanne M|M|Non-Employee Stock Option (Right to Buy)|2000|0|D,2026-05-31 10:00:17+0000,ECL,ECOLAB INC.,0000031462,4,2026-05-27,2026-05-22,0001589791-26-000011,https://www.sec.gov/Archives/edgar/data/31462/000158979126000011/form4-05272026_080505.xml,derivative,2026-05-22,M,Non-Employee Stock Option (Right to Buy),2000,0,0.0,0,D,Vautrinot Suzanne M,,true,false,false,,SEC EDGAR
EBAY|0001065088-26-000113|nonDerivative|2026-05-22|Rawashdeh Mazen|M|Common Stock|50000|0|D,2026-05-31 10:00:17+0000,EBAY,EBAY INC,0001065088,4,2026-05-27,2026-05-22,0001065088-26-000113,https://www.sec.gov/Archives/edgar/data/1065088/000106508826000113/form4.xml,nonDerivative,2026-05-22,M,Common Stock,50000,0,0.0,79217,D,Rawashdeh Mazen,"Officer, SVP, Chief Technology Officer",,1,,"SVP, Chief Technology Officer",SEC EDGAR
EBAY|0001065088-26-000113|nonDerivative|2026-05-22|Rawashdeh Mazen|S|Common Stock|14058|115.99|D,2026-05-31 10:00:17+0000,EBAY,EBAY INC,0001065088,4,2026-05-27,2026-05-22,0001065088-26-000113,https://www.sec.gov/Archives/edgar/data/1065088/000106508826000113/form4.xml,nonDerivative,2026-05-22,S,Common Stock,14058,115.99,1630587.42,65159,D,Rawashdeh Mazen,"Officer, SVP, Chief Technology Officer",,1,,"SVP, Chief Technology Officer",SEC EDGAR
EBAY|0001065088-26-000113|nonDerivative|2026-05-22|Rawashdeh Mazen|S|Common Stock|17179|116.96|D,2026-05-31 10:00:17+0000,EBAY,EBAY INC,0001065088,4,2026-05-27,2026-05-22,0001065088-26-000113,https://www.sec.gov/Archives/edgar/data/1065088/000106508826000113/form4.xml,nonDerivative,2026-05-22,S,Common Stock,17179,116.96,2009255.8399999999,47980,D,Rawashdeh Mazen,"Officer, SVP, Chief Technology Officer",,1,,"SVP, Chief Technology Officer",SEC EDGAR
EBAY|0001065088-26-000113|nonDerivative|2026-05-22|Rawashdeh Mazen|S|Common Stock|18663|117.90|D,2026-05-31 10:00:17+0000,EBAY,EBAY INC,0001065088,4,2026-05-27,2026-05-22,0001065088-26-000113,https://www.sec.gov/Archives/edgar/data/1065088/000106508826000113/form4.xml,nonDerivative,2026-05-22,S,Common Stock,18663,117.90,2200367.7,29317,D,Rawashdeh Mazen,"Officer, SVP, Chief Technology Officer",,1,,"SVP, Chief Technology Officer",SEC EDGAR
EBAY|0001065088-26-000113|nonDerivative|2026-05-22|Rawashdeh Mazen|S|Common Stock|100|118.61|D,2026-05-31 10:00:17+0000,EBAY,EBAY INC,0001065088,4,2026-05-27,2026-05-22,0001065088-26-000113,https://www.sec.gov/Archives/edgar/data/1065088/000106508826000113/form4.xml,nonDerivative,2026-05-22,S,Common Stock,100,118.61,11861.0,29217,D,Rawashdeh Mazen,"Officer, SVP, Chief Technology Officer",,1,,"SVP, Chief Technology Officer",SEC EDGAR
EBAY|0001065088-26-000113|derivative|2026-05-22|Rawashdeh Mazen|M|Non-Qualified Stock Option (Right to Buy) - 2|50000|0|D,2026-05-31 10:00:17+0000,EBAY,EBAY INC,0001065088,4,2026-05-27,2026-05-22,0001065088-26-000113,https://www.sec.gov/Archives/edgar/data/1065088/000106508826000113/form4.xml,derivative,2026-05-22,M,Non-Qualified Stock Option (Right to Buy) - 2,50000,0,0.0,123829,D,Rawashdeh Mazen,"Officer, SVP, Chief Technology Officer",,1,,"SVP, Chief Technology Officer",SEC EDGAR
DXCM|0001093557-26-000097|nonDerivative|2026-05-22|Sylvain Jereme M|F|Common Stock|1451|71.90|D,2026-05-31 10:00:17+0000,DXCM,DEXCOM INC,0001093557,4,2026-05-27,2026-05-22,0001093557-26-000097,https://www.sec.gov/Archives/edgar/data/1093557/000109355726000097/wk-form4_1779914342.xml,nonDerivative,2026-05-22,F,Common Stock,1451,71.90,104326.90000000001,151841,D,Sylvain Jereme M,"Officer, EVP, Chief Financal Officer",0,1,0,"EVP, Chief Financal Officer",SEC EDGAR
DXCM|0001093557-26-000096|nonDerivative|2026-05-22|Stern Sadie|F|Common Stock|1451|71.90|D,2026-05-31 10:00:17+0000,DXCM,DEXCOM INC,0001093557,4,2026-05-27,2026-05-22,0001093557-26-000096,https://www.sec.gov/Archives/edgar/data/1093557/000109355726000096/wk-form4_1779914337.xml,nonDerivative,2026-05-22,F,Common Stock,1451,71.90,104326.90000000001,130059,D,Stern Sadie,"Officer, EVP Chief People & Culture Off",0,1,0,EVP Chief People & Culture Off,SEC EDGAR
DXCM|0001093557-26-000099|nonDerivative|2026-05-22|Leach Jacob Steven|F|Common Stock|1451|71.90|D,2026-05-31 10:00:17+0000,DXCM,DEXCOM INC,0001093557,4,2026-05-27,2026-05-22,0001093557-26-000099,https://www.sec.gov/Archives/edgar/data/1093557/000109355726000099/wk-form4_1779914354.xml,nonDerivative,2026-05-22,F,Common Stock,1451,71.90,104326.90000000001,420359,D,Leach Jacob Steven,"Director, Officer, President, CEO, and Director",1,1,0,"President, CEO, and Director",SEC EDGAR
DXCM|0001093557-26-000095|nonDerivative|2026-05-22|Coleman Jon|F|Common Stock|7362|71.90|D,2026-05-31 10:00:17+0000,DXCM,DEXCOM INC,0001093557,4,2026-05-27,2026-05-22,0001093557-26-000095,https://www.sec.gov/Archives/edgar/data/1093557/000109355726000095/wk-form4_1779914332.xml,nonDerivative,2026-05-22,F,Common Stock,7362,71.90,529327.8,105273,D,Coleman Jon,"Officer, EVP, Chief Commercial Officer",0,1,0,"EVP, Chief Commercial Officer",SEC EDGAR
DXCM|0001093557-26-000098|nonDerivative|2026-05-22|Brown Michael Jon|F|Common Stock|1451|71.90|D,2026-05-31 10:00:17+0000,DXCM,DEXCOM INC,0001093557,4,2026-05-27,2026-05-22,0001093557-26-000098,https://www.sec.gov/Archives/edgar/data/1093557/000109355726000098/wk-form4_1779914348.xml,nonDerivative,2026-05-22,F,Common Stock,1451,71.90,104326.90000000001,108053,D,Brown Michael Jon,"Officer, EVP Chief Legal Compliance Off",0,1,0,EVP Chief Legal Compliance Off,SEC EDGAR
DASH|0001899688-26-000012|nonDerivative|2026-05-22|Sherringham Tia|S|Class A Common Stock|2743|160.79|D,2026-05-31 10:00:17+0000,DASH,"DoorDash, Inc.",0001792789,4,2026-05-27,2026-05-22,0001899688-26-000012,https://www.sec.gov/Archives/edgar/data/1792789/000189968826000012/form4-05272026_040509.xml,nonDerivative,2026-05-22,S,Class A Common Stock,2743,160.79,441046.97,128216,D,Sherringham Tia,GENERAL COUNSEL AND SECRETARY,false,true,false,GENERAL COUNSEL AND SECRETARY,SEC EDGAR
DASH|0001635648-26-000010|nonDerivative|2026-05-22|Lee Gordon S|M|Class A Common Stock|2000|17.57|D,2026-05-31 10:00:17+0000,DASH,"DoorDash, Inc.",0001792789,4,2026-05-27,2026-05-22,0001635648-26-000010,https://www.sec.gov/Archives/edgar/data/1792789/000163564826000010/form4-05272026_040507.xml,nonDerivative,2026-05-22,M,Class A Common Stock,2000,17.57,35140.0,91651,D,Lee Gordon S,CHIEF ACCOUNTING OFFICER,false,true,false,CHIEF ACCOUNTING OFFICER,SEC EDGAR
DASH|0001635648-26-000010|nonDerivative|2026-05-22|Lee Gordon S|S|Class A Common Stock|2204|160.79|D,2026-05-31 10:00:17+0000,DASH,"DoorDash, Inc.",0001792789,4,2026-05-27,2026-05-22,0001635648-26-000010,https://www.sec.gov/Archives/edgar/data/1792789/000163564826000010/form4-05272026_040507.xml,nonDerivative,2026-05-22,S,Class A Common Stock,2204,160.79,354381.16,89447,D,Lee Gordon S,CHIEF ACCOUNTING OFFICER,false,true,false,CHIEF ACCOUNTING OFFICER,SEC EDGAR
DASH|0001635648-26-000010|derivative|2026-05-22|Lee Gordon S|M|Stock Option (right to buy)|2000|0|D,2026-05-31 10:00:17+0000,DASH,"DoorDash, Inc.",0001792789,4,2026-05-27,2026-05-22,0001635648-26-000010,https://www.sec.gov/Archives/edgar/data/1792789/000163564826000010/form4-05272026_040507.xml,derivative,2026-05-22,M,Stock Option (right to buy),2000,0,0.0,6500,D,Lee Gordon S,CHIEF ACCOUNTING OFFICER,false,true,false,CHIEF ACCOUNTING OFFICER,SEC EDGAR
CSCO|0000858877-26-000092|nonDerivative|2026-05-22|Robbins Charles|S|Common Stock|500|118.484|D,2026-05-31 10:00:17+0000,CSCO,"CISCO SYSTEMS, INC.",0000858877,4,2026-05-27,2026-05-22,0000858877-26-000092,https://www.sec.gov/Archives/edgar/data/858877/000085887726000092/wk-form4_1779915031.xml,nonDerivative,2026-05-22,S,Common Stock,500,118.484,59242.0,657984.886,D,Robbins Charles,"Director, Officer, Chair and CEO",1,1,0,Chair and CEO,SEC EDGAR
CSCO|0000858877-26-000092|nonDerivative|2026-05-22|Robbins Charles|S|Common Stock|8038|119.5798|D,2026-05-31 10:00:17+0000,CSCO,"CISCO SYSTEMS, INC.",0000858877,4,2026-05-27,2026-05-22,0000858877-26-000092,https://www.sec.gov/Archives/edgar/data/858877/000085887726000092/wk-form4_1779915031.xml,nonDerivative,2026-05-22,S,Common Stock,8038,119.5798,961182.4324,649946.886,D,Robbins Charles,"Director, Officer, Chair and CEO",1,1,0,Chair and CEO,SEC EDGAR
CSCO|0000858877-26-000092|nonDerivative|2026-05-22|Robbins Charles|S|Common Stock|12862|120.3669|D,2026-05-31 10:00:17+0000,CSCO,"CISCO SYSTEMS, INC.",0000858877,4,2026-05-27,2026-05-22,0000858877-26-000092,https://www.sec.gov/Archives/edgar/data/858877/000085887726000092/wk-form4_1779915031.xml,nonDerivative,2026-05-22,S,Common Stock,12862,120.3669,1548159.0678,637084.886,D,Robbins Charles,"Director, Officer, Chair and CEO",1,1,0,Chair and CEO,SEC EDGAR
CRWD|0001778564-26-000060|nonDerivative|2026-05-26|Kurtz George|S|Class A common stock|39|676.87|D,2026-05-31 10:00:17+0000,CRWD,"CrowdStrike Holdings, Inc.",0001535527,4,2026-05-27,2026-05-22,0001778564-26-000060,https://www.sec.gov/Archives/edgar/data/1535527/000177856426000060/form4-05272026_080501.xml,nonDerivative,2026-05-26,S,Class A common stock,39,676.87,26397.93,2154522,D,Kurtz George,PRESIDENT AND CEO,true,true,false,PRESIDENT AND CEO,SEC EDGAR
CRWD|0001778564-26-000059|nonDerivative|2026-05-22|Kurtz George|S|Class A common stock|80|652.15|D,2026-05-31 10:00:17+0000,CRWD,"CrowdStrike Holdings, Inc.",0001535527,4,2026-05-27,2026-05-22,0001778564-26-000059,https://www.sec.gov/Archives/edgar/data/1535527/000177856426000059/form4-05272026_080501.xml,nonDerivative,2026-05-22,S,Class A common stock,80,652.15,52172.0,2159522,D,Kurtz George,PRESIDENT AND CEO,true,true,false,PRESIDENT AND CEO,SEC EDGAR
CRWD|0001778564-26-000059|nonDerivative|2026-05-22|Kurtz George|S|Class A common stock|40|655.05|D,2026-05-31 10:00:17+0000,CRWD,"CrowdStrike Holdings, Inc.",0001535527,4,2026-05-27,2026-05-22,0001778564-26-000059,https://www.sec.gov/Archives/edgar/data/1535527/000177856426000059/form4-05272026_080501.xml,nonDerivative,2026-05-22,S,Class A common stock,40,655.05,26202.0,2159402,D,Kurtz George,PRESIDENT AND CEO,true,true,false,PRESIDENT AND CEO,SEC EDGAR
CRWD|0001778564-26-000059|nonDerivative|2026-05-22|Kurtz George|S|Class A common stock|160|661.83|D,2026-05-31 10:00:17+0000,CRWD,"CrowdStrike Holdings, Inc.",0001535527,4,2026-05-27,2026-05-22,0001778564-26-000059,https://www.sec.gov/Archives/edgar/data/1535527/000177856426000059/form4-05272026_080501.xml,nonDerivative,2026-05-22,S,Class A common stock,160,661.83,105892.8,2159242,D,Kurtz George,PRESIDENT AND CEO,true,true,false,PRESIDENT AND CEO,SEC EDGAR
CRWD|0001778564-26-000059|nonDerivative|2026-05-22|Kurtz George|S|Class A common stock|320|662.89|D,2026-05-31 10:00:17+0000,CRWD,"CrowdStrike Holdings, Inc.",0001535527,4,2026-05-27,2026-05-22,0001778564-26-000059,https://www.sec.gov/Archives/edgar/data/1535527/000177856426000059/form4-05272026_080501.xml,nonDerivative,2026-05-22,S,Class A common stock,320,662.89,212124.8,2158922,D,Kurtz George,PRESIDENT AND CEO,true,true,false,PRESIDENT AND CEO,SEC EDGAR
CRWD|0001778564-26-000059|nonDerivative|2026-05-22|Kurtz George|S|Class A common stock|425|664.17|D,2026-05-31 10:00:17+0000,CRWD,"CrowdStrike Holdings, Inc.",0001535527,4,2026-05-27,2026-05-22,0001778564-26-000059,https://www.sec.gov/Archives/edgar/data/1535527/000177856426000059/form4-05272026_080501.xml,nonDerivative,2026-05-22,S,Class A common stock,425,664.17,282272.25,2158497,D,Kurtz George,PRESIDENT AND CEO,true,true,false,PRESIDENT AND CEO,SEC EDGAR
CRWD|0001778564-26-000059|nonDerivative|2026-05-22|Kurtz George|S|Class A common stock|80|665.19|D,2026-05-31 10:00:17+0000,CRWD,"CrowdStrike Holdings, Inc.",0001535527,4,2026-05-27,2026-05-22,0001778564-26-000059,https://www.sec.gov/Archives/edgar/data/1535527/000177856426000059/form4-05272026_080501.xml,nonDerivative,2026-05-22,S,Class A common stock,80,665.19,53215.200000000004,2158417,D,Kurtz George,PRESIDENT AND CEO,true,true,false,PRESIDENT AND CEO,SEC EDGAR
CRWD|0001778564-26-000059|nonDerivative|2026-05-22|Kurtz George|S|Class A common stock|320|666.10|D,2026-05-31 10:00:17+0000,CRWD,"CrowdStrike Holdings, Inc.",0001535527,4,2026-05-27,2026-05-22,0001778564-26-000059,https://www.sec.gov/Archives/edgar/data/1535527/000177856426000059/form4-05272026_080501.xml,nonDerivative,2026-05-22,S,Class A common stock,320,666.10,213152.0,2158097,D,Kurtz George,PRESIDENT AND CEO,true,true,false,PRESIDENT AND CEO,SEC EDGAR
CRWD|0001778564-26-000059|nonDerivative|2026-05-22|Kurtz George|S|Class A common stock|360|667.29|D,2026-05-31 10:00:17+0000,CRWD,"CrowdStrike Holdings, Inc.",0001535527,4,2026-05-27,2026-05-22,0001778564-26-000059,https://www.sec.gov/Archives/edgar/data/1535527/000177856426000059/form4-05272026_080501.xml,nonDerivative,2026-05-22,S,Class A common stock,360,667.29,240224.4,2157737,D,Kurtz George,PRESIDENT AND CEO,true,true,false,PRESIDENT AND CEO,SEC EDGAR
CRWD|0001778564-26-000059|nonDerivative|2026-05-22|Kurtz George|S|Class A common stock|240|669.17|D,2026-05-31 10:00:17+0000,CRWD,"CrowdStrike Holdings, Inc.",0001535527,4,2026-05-27,2026-05-22,0001778564-26-000059,https://www.sec.gov/Archives/edgar/data/1535527/000177856426000059/form4-05272026_080501.xml,nonDerivative,2026-05-22,S,Class A common stock,240,669.17,160600.8,2157497,D,Kurtz George,PRESIDENT AND CEO,true,true,false,PRESIDENT AND CEO,SEC EDGAR
CRWD|0001778564-26-000059|nonDerivative|2026-05-22|Kurtz George|S|Class A common stock|235|670.52|D,2026-05-31 10:00:17+0000,CRWD,"CrowdStrike Holdings, Inc.",0001535527,4,2026-05-27,2026-05-22,0001778564-26-000059,https://www.sec.gov/Archives/edgar/data/1535527/000177856426000059/form4-05272026_080501.xml,nonDerivative,2026-05-22,S,Class A common stock,235,670.52,157572.19999999998,2157262,D,Kurtz George,PRESIDENT AND CEO,true,true,false,PRESIDENT AND CEO,SEC EDGAR
CRWD|0001778564-26-000059|nonDerivative|2026-05-22|Kurtz George|S|Class A common stock|120|672.15|D,2026-05-31 10:00:17+0000,CRWD,"CrowdStrike Holdings, Inc.",0001535527,4,2026-05-27,2026-05-22,0001778564-26-000059,https://www.sec.gov/Archives/edgar/data/1535527/000177856426000059/form4-05272026_080501.xml,nonDerivative,2026-05-22,S,Class A common stock,120,672.15,80658.0,2157142,D,Kurtz George,PRESIDENT AND CEO,true,true,false,PRESIDENT AND CEO,SEC EDGAR
CRWD|0001778564-26-000059|nonDerivative|2026-05-22|Kurtz George|S|Class A common stock|120|673.41|D,2026-05-31 10:00:17+0000,CRWD,"CrowdStrike Holdings, Inc.",0001535527,4,2026-05-27,2026-05-22,0001778564-26-000059,https://www.sec.gov/Archives/edgar/data/1535527/000177856426000059/form4-05272026_080501.xml,nonDerivative,2026-05-22,S,Class A common stock,120,673.41,80809.2,2157022,D,Kurtz George,PRESIDENT AND CEO,true,true,false,PRESIDENT AND CEO,SEC EDGAR
CRWD|0001778564-26-000059|nonDerivative|2026-05-26|Kurtz George|S|Class A common stock|78|653.74|D,2026-05-31 10:00:17+0000,CRWD,"CrowdStrike Holdings, Inc.",0001535527,4,2026-05-27,2026-05-22,0001778564-26-000059,https://www.sec.gov/Archives/edgar/data/1535527/000177856426000059/form4-05272026_080501.xml,nonDerivative,2026-05-26,S,Class A common stock,78,653.74,50991.72,2156944,D,Kurtz George,PRESIDENT AND CEO,true,true,false,PRESIDENT AND CEO,SEC EDGAR
CRWD|0001778564-26-000059|nonDerivative|2026-05-26|Kurtz George|S|Class A common stock|9|655|D,2026-05-31 10:00:17+0000,CRWD,"CrowdStrike Holdings, Inc.",0001535527,4,2026-05-27,2026-05-22,0001778564-26-000059,https://www.sec.gov/Archives/edgar/data/1535527/000177856426000059/form4-05272026_080501.xml,nonDerivative,2026-05-26,S,Class A common stock,9,655,5895.0,2156935,D,Kurtz George,PRESIDENT AND CEO,true,true,false,PRESIDENT AND CEO,SEC EDGAR
CRWD|0001778564-26-000059|nonDerivative|2026-05-26|Kurtz George|S|Class A common stock|10|656.18|D,2026-05-31 10:00:17+0000,CRWD,"CrowdStrike Holdings, Inc.",0001535527,4,2026-05-27,2026-05-22,0001778564-26-000059,https://www.sec.gov/Archives/edgar/data/1535527/000177856426000059/form4-05272026_080501.xml,nonDerivative,2026-05-26,S,Class A common stock,10,656.18,6561.799999999999,2156925,D,Kurtz George,PRESIDENT AND CEO,true,true,false,PRESIDENT AND CEO,SEC EDGAR
CRWD|0001778564-26-000059|nonDerivative|2026-05-26|Kurtz George|S|Class A common stock|12|657.91|D,2026-05-31 10:00:17+0000,CRWD,"CrowdStrike Holdings, Inc.",0001535527,4,2026-05-27,2026-05-22,0001778564-26-000059,https://www.sec.gov/Archives/edgar/data/1535527/000177856426000059/form4-05272026_080501.xml,nonDerivative,2026-05-26,S,Class A common stock,12,657.91,7894.92,2156913,D,Kurtz George,PRESIDENT AND CEO,true,true,false,PRESIDENT AND CEO,SEC EDGAR
CRWD|0001778564-26-000059|nonDerivative|2026-05-26|Kurtz George|S|Class A common stock|22|660.79|D,2026-05-31 10:00:17+0000,CRWD,"CrowdStrike Holdings, Inc.",0001535527,4,2026-05-27,2026-05-22,0001778564-26-000059,https://www.sec.gov/Archives/edgar/data/1535527/000177856426000059/form4-05272026_080501.xml,nonDerivative,2026-05-26,S,Class A common stock,22,660.79,14537.38,2156891,D,Kurtz George,PRESIDENT AND CEO,true,true,false,PRESIDENT AND CEO,SEC EDGAR
CRWD|0001778564-26-000059|nonDerivative|2026-05-26|Kurtz George|S|Class A common stock|70|662.19|D,2026-05-31 10:00:17+0000,CRWD,"CrowdStrike Holdings, Inc.",0001535527,4,2026-05-27,2026-05-22,0001778564-26-000059,https://www.sec.gov/Archives/edgar/data/1535527/000177856426000059/form4-05272026_080501.xml,nonDerivative,2026-05-26,S,Class A common stock,70,662.19,46353.3,2156821,D,Kurtz George,PRESIDENT AND CEO,true,true,false,PRESIDENT AND CEO,SEC EDGAR
CRWD|0001778564-26-000059|nonDerivative|2026-05-26|Kurtz George|S|Class A common stock|80|664.70|D,2026-05-31 10:00:17+0000,CRWD,"CrowdStrike Holdings, Inc.",0001535527,4,2026-05-27,2026-05-22,0001778564-26-000059,https://www.sec.gov/Archives/edgar/data/1535527/000177856426000059/form4-05272026_080501.xml,nonDerivative,2026-05-26,S,Class A common stock,80,664.70,53176.0,2156741,D,Kurtz George,PRESIDENT AND CEO,true,true,false,PRESIDENT AND CEO,SEC EDGAR
CRWD|0001778564-26-000059|nonDerivative|2026-05-26|Kurtz George|S|Class A common stock|158|665.81|D,2026-05-31 10:00:17+0000,CRWD,"CrowdStrike Holdings, Inc.",0001535527,4,2026-05-27,2026-05-22,0001778564-26-000059,https://www.sec.gov/Archives/edgar/data/1535527/000177856426000059/form4-05272026_080501.xml,nonDerivative,2026-05-26,S,Class A common stock,158,665.81,105197.98,2156583,D,Kurtz George,PRESIDENT AND CEO,true,true,false,PRESIDENT AND CEO,SEC EDGAR
CRWD|0001778564-26-000059|nonDerivative|2026-05-26|Kurtz George|S|Class A common stock|218|666.83|D,2026-05-31 10:00:17+0000,CRWD,"CrowdStrike Holdings, Inc.",0001535527,4,2026-05-27,2026-05-22,0001778564-26-000059,https://www.sec.gov/Archives/edgar/data/1535527/000177856426000059/form4-05272026_080501.xml,nonDerivative,2026-05-26,S,Class A common stock,218,666.83,145368.94,2156365,D,Kurtz George,PRESIDENT AND CEO,true,true,false,PRESIDENT AND CEO,SEC EDGAR
CRWD|0001778564-26-000059|nonDerivative|2026-05-26|Kurtz George|S|Class A common stock|121|667.81|D,2026-05-31 10:00:17+0000,CRWD,"CrowdStrike Holdings, Inc.",0001535527,4,2026-05-27,2026-05-22,0001778564-26-000059,https://www.sec.gov/Archives/edgar/data/1535527/000177856426000059/form4-05272026_080501.xml,nonDerivative,2026-05-26,S,Class A common stock,121,667.81,80805.01,2156244,D,Kurtz George,PRESIDENT AND CEO,true,true,false,PRESIDENT AND CEO,SEC EDGAR
CRWD|0001778564-26-000059|nonDerivative|2026-05-26|Kurtz George|S|Class A common stock|66|669.39|D,2026-05-31 10:00:17+0000,CRWD,"CrowdStrike Holdings, Inc.",0001535527,4,2026-05-27,2026-05-22,0001778564-26-000059,https://www.sec.gov/Archives/edgar/data/1535527/000177856426000059/form4-05272026_080501.xml,nonDerivative,2026-05-26,S,Class A common stock,66,669.39,44179.74,2156178,D,Kurtz George,PRESIDENT AND CEO,true,true,false,PRESIDENT AND CEO,SEC EDGAR
CRWD|0001778564-26-000059|nonDerivative|2026-05-26|Kurtz George|S|Class A common stock|151|671.07|D,2026-05-31 10:00:17+0000,CRWD,"CrowdStrike Holdings, Inc.",0001535527,4,2026-05-27,2026-05-22,0001778564-26-000059,https://www.sec.gov/Archives/edgar/data/1535527/000177856426000059/form4-05272026_080501.xml,nonDerivative,2026-05-26,S,Class A common stock,151,671.07,101331.57,2156027,D,Kurtz George,PRESIDENT AND CEO,true,true,false,PRESIDENT AND CEO,SEC EDGAR
CRWD|0001778564-26-000059|nonDerivative|2026-05-26|Kurtz George|S|Class A common stock|234|671.96|D,2026-05-31 10:00:17+0000,CRWD,"CrowdStrike Holdings, Inc.",0001535527,4,2026-05-27,2026-05-22,0001778564-26-000059,https://www.sec.gov/Archives/edgar/data/1535527/000177856426000059/form4-05272026_080501.xml,nonDerivative,2026-05-26,S,Class A common stock,234,671.96,157238.64,2155793,D,Kurtz George,PRESIDENT AND CEO,true,true,false,PRESIDENT AND CEO,SEC EDGAR
CRWD|0001778564-26-000059|nonDerivative|2026-05-26|Kurtz George|S|Class A common stock|452|672.74|D,2026-05-31 10:00:17+0000,CRWD,"CrowdStrike Holdings, Inc.",0001535527,4,2026-05-27,2026-05-22,0001778564-26-000059,https://www.sec.gov/Archives/edgar/data/1535527/000177856426000059/form4-05272026_080501.xml,nonDerivative,2026-05-26,S,Class A common stock,452,672.74,304078.48,2155341,D,Kurtz George,PRESIDENT AND CEO,true,true,false,PRESIDENT AND CEO,SEC EDGAR
CRWD|0001778564-26-000059|nonDerivative|2026-05-26|Kurtz George|S|Class A common stock|283|674.01|D,2026-05-31 10:00:17+0000,CRWD,"CrowdStrike Holdings, Inc.",0001535527,4,2026-05-27,2026-05-22,0001778564-26-000059,https://www.sec.gov/Archives/edgar/data/1535527/000177856426000059/form4-05272026_080501.xml,nonDerivative,2026-05-26,S,Class A common stock,283,674.01,190744.83,2155058,D,Kurtz George,PRESIDENT AND CEO,true,true,false,PRESIDENT AND CEO,SEC EDGAR
CRWD|0001778564-26-000059|nonDerivative|2026-05-26|Kurtz George|S|Class A common stock|443|674.99|D,2026-05-31 10:00:17+0000,CRWD,"CrowdStrike Holdings, Inc.",0001535527,4,2026-05-27,2026-05-22,0001778564-26-000059,https://www.sec.gov/Archives/edgar/data/1535527/000177856426000059/form4-05272026_080501.xml,nonDerivative,2026-05-26,S,Class A common stock,443,674.99,299020.57,2154615,D,Kurtz George,PRESIDENT AND CEO,true,true,false,PRESIDENT AND CEO,SEC EDGAR
CRWD|0001778564-26-000059|nonDerivative|2026-05-26|Kurtz George|S|Class A common stock|54|676.18|D,2026-05-31 10:00:17+0000,CRWD,"CrowdStrike Holdings, Inc.",0001535527,4,2026-05-27,2026-05-22,0001778564-26-000059,https://www.sec.gov/Archives/edgar/data/1535527/000177856426000059/form4-05272026_080501.xml,nonDerivative,2026-05-26,S,Class A common stock,54,676.18,36513.719999999994,2154561,D,Kurtz George,PRESIDENT AND CEO,true,true,false,PRESIDENT AND CEO,SEC EDGAR
COIN|0001679788-26-000061|nonDerivative|2026-05-22|Brock Lawrence J|S|Class A Common Stock|1033|185.16|D,2026-05-31 10:00:17+0000,COIN,"Coinbase Global, Inc.",0001679788,4,2026-05-27,2026-05-22,0001679788-26-000061,https://www.sec.gov/Archives/edgar/data/1679788/000167978826000061/wk-form4_1779912956.xml,nonDerivative,2026-05-22,S,Class A Common Stock,1033,185.16,191270.28,6100,D,Brock Lawrence J,"Officer, Chief People Officer",0,1,0,Chief People Officer,SEC EDGAR
COIN|0001679788-26-000061|nonDerivative|2026-05-22|Brock Lawrence J|S|Class A Common Stock|500|186.27|D,2026-05-31 10:00:17+0000,COIN,"Coinbase Global, Inc.",0001679788,4,2026-05-27,2026-05-22,0001679788-26-000061,https://www.sec.gov/Archives/edgar/data/1679788/000167978826000061/wk-form4_1779912956.xml,nonDerivative,2026-05-22,S,Class A Common Stock,500,186.27,93135.0,5600,D,Brock Lawrence J,"Officer, Chief People Officer",0,1,0,Chief People Officer,SEC EDGAR
COIN|0001679788-26-000061|nonDerivative|2026-05-22|Brock Lawrence J|S|Class A Common Stock|600|187.98|D,2026-05-31 10:00:17+0000,COIN,"Coinbase Global, Inc.",0001679788,4,2026-05-27,2026-05-22,0001679788-26-000061,https://www.sec.gov/Archives/edgar/data/1679788/000167978826000061/wk-form4_1779912956.xml,nonDerivative,2026-05-22,S,Class A Common Stock,600,187.98,112788.0,5000,D,Brock Lawrence J,"Officer, Chief People Officer",0,1,0,Chief People Officer,SEC EDGAR
COIN|0001679788-26-000061|nonDerivative|2026-05-22|Brock Lawrence J|S|Class A Common Stock|2200|188.78|D,2026-05-31 10:00:17+0000,COIN,"Coinbase Global, Inc.",0001679788,4,2026-05-27,2026-05-22,0001679788-26-000061,https://www.sec.gov/Archives/edgar/data/1679788/000167978826000061/wk-form4_1779912956.xml,nonDerivative,2026-05-22,S,Class A Common Stock,2200,188.78,415316.0,2800,D,Brock Lawrence J,"Officer, Chief People Officer",0,1,0,Chief People Officer,SEC EDGAR
COIN|0001679788-26-000061|nonDerivative|2026-05-22|Brock Lawrence J|S|Class A Common Stock|783|189.47|D,2026-05-31 10:00:17+0000,COIN,"Coinbase Global, Inc.",0001679788,4,2026-05-27,2026-05-22,0001679788-26-000061,https://www.sec.gov/Archives/edgar/data/1679788/000167978826000061/wk-form4_1779912956.xml,nonDerivative,2026-05-22,S,Class A Common Stock,783,189.47,148355.01,2017,D,Brock Lawrence J,"Officer, Chief People Officer",0,1,0,Chief People Officer,SEC EDGAR
COIN|0001679788-26-000061|nonDerivative|2026-05-22|Brock Lawrence J|S|Class A Common Stock|300|191.47|D,2026-05-31 10:00:17+0000,COIN,"Coinbase Global, Inc.",0001679788,4,2026-05-27,2026-05-22,0001679788-26-000061,https://www.sec.gov/Archives/edgar/data/1679788/000167978826000061/wk-form4_1779912956.xml,nonDerivative,2026-05-22,S,Class A Common Stock,300,191.47,57441.0,1717,D,Brock Lawrence J,"Officer, Chief People Officer",0,1,0,Chief People Officer,SEC EDGAR
COIN|0001679788-26-000061|nonDerivative|2026-05-22|Brock Lawrence J|S|Class A Common Stock|500|192.71|D,2026-05-31 10:00:17+0000,COIN,"Coinbase Global, Inc.",0001679788,4,2026-05-27,2026-05-22,0001679788-26-000061,https://www.sec.gov/Archives/edgar/data/1679788/000167978826000061/wk-form4_1779912956.xml,nonDerivative,2026-05-22,S,Class A Common Stock,500,192.71,96355.0,1217,D,Brock Lawrence J,"Officer, Chief People Officer",0,1,0,Chief People Officer,SEC EDGAR
COIN|0001679788-26-000061|nonDerivative|2026-05-22|Brock Lawrence J|S|Class A Common Stock|400|193.63|D,2026-05-31 10:00:17+0000,COIN,"Coinbase Global, Inc.",0001679788,4,2026-05-27,2026-05-22,0001679788-26-000061,https://www.sec.gov/Archives/edgar/data/1679788/000167978826000061/wk-form4_1779912956.xml,nonDerivative,2026-05-22,S,Class A Common Stock,400,193.63,77452.0,817,D,Brock Lawrence J,"Officer, Chief People Officer",0,1,0,Chief People Officer,SEC EDGAR
COIN|0001679788-26-000061|nonDerivative|2026-05-22|Brock Lawrence J|S|Class A Common Stock|300|194.57|D,2026-05-31 10:00:17+0000,COIN,"Coinbase Global, Inc.",0001679788,4,2026-05-27,2026-05-22,0001679788-26-000061,https://www.sec.gov/Archives/edgar/data/1679788/000167978826000061/wk-form4_1779912956.xml,nonDerivative,2026-05-22,S,Class A Common Stock,300,194.57,58371.0,517,D,Brock Lawrence J,"Officer, Chief People Officer",0,1,0,Chief People Officer,SEC EDGAR
CMS|0001710651-26-000013|nonDerivative|2026-05-26|Hofmeister Brandon J.|S|Common Stock|3000|74.31|D,2026-05-31 10:00:17+0000,CMS,CMS ENERGY CORP,0000811156,4,2026-05-27,2026-05-26,0001710651-26-000013,https://www.sec.gov/Archives/edgar/data/811156/000171065126000013/wk-form4_1779889834.xml,nonDerivative,2026-05-26,S,Common Stock,3000,74.31,222930.0,67111,D,Hofmeister Brandon J.,"Officer, Senior Vice President",0,1,0,Senior Vice President,SEC EDGAR
CDNS|0000813672-26-000072|nonDerivative|2026-05-22|TENG CHIN-CHI|M|Common Stock|1000|202.94|D,2026-05-31 10:00:17+0000,CDNS,CADENCE DESIGN SYSTEMS INC,0000813672,4,2026-05-27,2026-05-22,0000813672-26-000072,https://www.sec.gov/Archives/edgar/data/813672/000081367226000072/wk-form4_1779919725.xml,nonDerivative,2026-05-22,M,Common Stock,1000,202.94,202940.0,153281,D,TENG CHIN-CHI,"Officer, Sr. Vice President",0,1,0,Sr. Vice President,SEC EDGAR
CDNS|0000813672-26-000072|nonDerivative|2026-05-22|TENG CHIN-CHI|S|Common Stock|2117|361.8808|D,2026-05-31 10:00:17+0000,CDNS,CADENCE DESIGN SYSTEMS INC,0000813672,4,2026-05-27,2026-05-22,0000813672-26-000072,https://www.sec.gov/Archives/edgar/data/813672/000081367226000072/wk-form4_1779919725.xml,nonDerivative,2026-05-22,S,Common Stock,2117,361.8808,766101.6536000001,151164,D,TENG CHIN-CHI,"Officer, Sr. Vice President",0,1,0,Sr. Vice President,SEC EDGAR
CDNS|0000813672-26-000072|nonDerivative|2026-05-22|TENG CHIN-CHI|S|Common Stock|40|363.05|D,2026-05-31 10:00:17+0000,CDNS,CADENCE DESIGN SYSTEMS INC,0000813672,4,2026-05-27,2026-05-22,0000813672-26-000072,https://www.sec.gov/Archives/edgar/data/813672/000081367226000072/wk-form4_1779919725.xml,nonDerivative,2026-05-22,S,Common Stock,40,363.05,14522.0,151124,D,TENG CHIN-CHI,"Officer, Sr. Vice President",0,1,0,Sr. Vice President,SEC EDGAR
CDNS|0000813672-26-000072|nonDerivative|2026-05-22|TENG CHIN-CHI|S|Common Stock|40|364.69|D,2026-05-31 10:00:17+0000,CDNS,CADENCE DESIGN SYSTEMS INC,0000813672,4,2026-05-27,2026-05-22,0000813672-26-000072,https://www.sec.gov/Archives/edgar/data/813672/000081367226000072/wk-form4_1779919725.xml,nonDerivative,2026-05-22,S,Common Stock,40,364.69,14587.6,151084,D,TENG CHIN-CHI,"Officer, Sr. Vice President",0,1,0,Sr. Vice President,SEC EDGAR
CDNS|0000813672-26-000072|nonDerivative|2026-05-22|TENG CHIN-CHI|S|Common Stock|80|369.405|D,2026-05-31 10:00:17+0000,CDNS,CADENCE DESIGN SYSTEMS INC,0000813672,4,2026-05-27,2026-05-22,0000813672-26-000072,https://www.sec.gov/Archives/edgar/data/813672/000081367226000072/wk-form4_1779919725.xml,nonDerivative,2026-05-22,S,Common Stock,80,369.405,29552.399999999998,151004,D,TENG CHIN-CHI,"Officer, Sr. Vice President",0,1,0,Sr. Vice President,SEC EDGAR
CDNS|0000813672-26-000072|nonDerivative|2026-05-22|TENG CHIN-CHI|S|Common Stock|462|373.7269|D,2026-05-31 10:00:17+0000,CDNS,CADENCE DESIGN SYSTEMS INC,0000813672,4,2026-05-27,2026-05-22,0000813672-26-000072,https://www.sec.gov/Archives/edgar/data/813672/000081367226000072/wk-form4_1779919725.xml,nonDerivative,2026-05-22,S,Common Stock,462,373.7269,172661.8278,150542,D,TENG CHIN-CHI,"Officer, Sr. Vice President",0,1,0,Sr. Vice President,SEC EDGAR
CDNS|0000813672-26-000072|nonDerivative|2026-05-22|TENG CHIN-CHI|S|Common Stock|360|374.5744|D,2026-05-31 10:00:17+0000,CDNS,CADENCE DESIGN SYSTEMS INC,0000813672,4,2026-05-27,2026-05-22,0000813672-26-000072,https://www.sec.gov/Archives/edgar/data/813672/000081367226000072/wk-form4_1779919725.xml,nonDerivative,2026-05-22,S,Common Stock,360,374.5744,134846.784,150182,D,TENG CHIN-CHI,"Officer, Sr. Vice President",0,1,0,Sr. Vice President,SEC EDGAR
CDNS|0000813672-26-000072|nonDerivative|2026-05-22|TENG CHIN-CHI|S|Common Stock|200|375.242|D,2026-05-31 10:00:17+0000,CDNS,CADENCE DESIGN SYSTEMS INC,0000813672,4,2026-05-27,2026-05-22,0000813672-26-000072,https://www.sec.gov/Archives/edgar/data/813672/000081367226000072/wk-form4_1779919725.xml,nonDerivative,2026-05-22,S,Common Stock,200,375.242,75048.40000000001,149982,D,TENG CHIN-CHI,"Officer, Sr. Vice President",0,1,0,Sr. Vice President,SEC EDGAR
CDNS|0000813672-26-000072|nonDerivative|2026-05-22|TENG CHIN-CHI|S|Common Stock|120|376.2833|D,2026-05-31 10:00:17+0000,CDNS,CADENCE DESIGN SYSTEMS INC,0000813672,4,2026-05-27,2026-05-22,0000813672-26-000072,https://www.sec.gov/Archives/edgar/data/813672/000081367226000072/wk-form4_1779919725.xml,nonDerivative,2026-05-22,S,Common Stock,120,376.2833,45153.996,149862,D,TENG CHIN-CHI,"Officer, Sr. Vice President",0,1,0,Sr. Vice President,SEC EDGAR
CDNS|0000813672-26-000072|nonDerivative|2026-05-22|TENG CHIN-CHI|S|Common Stock|280|377.8299|D,2026-05-31 10:00:17+0000,CDNS,CADENCE DESIGN SYSTEMS INC,0000813672,4,2026-05-27,2026-05-22,0000813672-26-000072,https://www.sec.gov/Archives/edgar/data/813672/000081367226000072/wk-form4_1779919725.xml,nonDerivative,2026-05-22,S,Common Stock,280,377.8299,105792.372,149582,D,TENG CHIN-CHI,"Officer, Sr. Vice President",0,1,0,Sr. Vice President,SEC EDGAR
CDNS|0000813672-26-000072|nonDerivative|2026-05-22|TENG CHIN-CHI|S|Common Stock|440|378.8409|D,2026-05-31 10:00:17+0000,CDNS,CADENCE DESIGN SYSTEMS INC,0000813672,4,2026-05-27,2026-05-22,0000813672-26-000072,https://www.sec.gov/Archives/edgar/data/813672/000081367226000072/wk-form4_1779919725.xml,nonDerivative,2026-05-22,S,Common Stock,440,378.8409,166689.99599999998,149142,D,TENG CHIN-CHI,"Officer, Sr. Vice President",0,1,0,Sr. Vice President,SEC EDGAR
CDNS|0000813672-26-000072|nonDerivative|2026-05-22|TENG CHIN-CHI|S|Common Stock|321|379.7504|D,2026-05-31 10:00:17+0000,CDNS,CADENCE DESIGN SYSTEMS INC,0000813672,4,2026-05-27,2026-05-22,0000813672-26-000072,https://www.sec.gov/Archives/edgar/data/813672/000081367226000072/wk-form4_1779919725.xml,nonDerivative,2026-05-22,S,Common Stock,321,379.7504,121899.8784,148821,D,TENG CHIN-CHI,"Officer, Sr. Vice President",0,1,0,Sr. Vice President,SEC EDGAR
CDNS|0000813672-26-000072|nonDerivative|2026-05-22|TENG CHIN-CHI|S|Common Stock|40|380.7575|D,2026-05-31 10:00:17+0000,CDNS,CADENCE DESIGN SYSTEMS INC,0000813672,4,2026-05-27,2026-05-22,0000813672-26-000072,https://www.sec.gov/Archives/edgar/data/813672/000081367226000072/wk-form4_1779919725.xml,nonDerivative,2026-05-22,S,Common Stock,40,380.7575,15230.3,148781,D,TENG CHIN-CHI,"Officer, Sr. Vice President",0,1,0,Sr. Vice President,SEC EDGAR
CDNS|0000813672-26-000072|derivative|2026-05-22|TENG CHIN-CHI|M|Non- Qualified Stock Option (right to buy|1000|0|D,2026-05-31 10:00:17+0000,CDNS,CADENCE DESIGN SYSTEMS INC,0000813672,4,2026-05-27,2026-05-22,0000813672-26-000072,https://www.sec.gov/Archives/edgar/data/813672/000081367226000072/wk-form4_1779919725.xml,derivative,2026-05-22,M,Non- Qualified Stock Option (right to buy,1000,0,0.0,11668,D,TENG CHIN-CHI,"Officer, Sr. Vice President",0,1,0,Sr. Vice President,SEC EDGAR
CDNS|0000813672-26-000071|nonDerivative|2026-05-22|DEVGAN ANIRUDH|M|Common Stock|25000|78.76|D,2026-05-31 10:00:17+0000,CDNS,CADENCE DESIGN SYSTEMS INC,0000813672,4,2026-05-27,2026-05-22,0000813672-26-000071,https://www.sec.gov/Archives/edgar/data/813672/000081367226000071/wk-form4_1779919717.xml,nonDerivative,2026-05-22,M,Common Stock,25000,78.76,1969000.0000000002,355412,D,DEVGAN ANIRUDH,"Director, Officer, President and CEO",1,1,0,President and CEO,SEC EDGAR
CDNS|0000813672-26-000071|nonDerivative|2026-05-22|DEVGAN ANIRUDH|S|Common Stock|51887|370|D,2026-05-31 10:00:17+0000,CDNS,CADENCE DESIGN SYSTEMS INC,0000813672,4,2026-05-27,2026-05-22,0000813672-26-000071,https://www.sec.gov/Archives/edgar/data/813672/000081367226000071/wk-form4_1779919717.xml,nonDerivative,2026-05-22,S,Common Stock,51887,370,19198190.0,303525,D,DEVGAN ANIRUDH,"Director, Officer, President and CEO",1,1,0,President and CEO,SEC EDGAR
CDNS|0000813672-26-000071|derivative|2026-05-22|DEVGAN ANIRUDH|M|Non Qualified Stock Option (right to buy)|25000|0|D,2026-05-31 10:00:17+0000,CDNS,CADENCE DESIGN SYSTEMS INC,0000813672,4,2026-05-27,2026-05-22,0000813672-26-000071,https://www.sec.gov/Archives/edgar/data/813672/000081367226000071/wk-form4_1779919717.xml,derivative,2026-05-22,M,Non Qualified Stock Option (right to buy),25000,0,0.0,26821,D,DEVGAN ANIRUDH,"Director, Officer, President and CEO",1,1,0,President and CEO,SEC EDGAR
CBRE|0001225208-26-005609|nonDerivative|2026-05-27|Cobert Beth F.|G|Class A Common Stock|2068.0000|0.0000|D,2026-05-31 10:00:17+0000,CBRE,"CBRE GROUP, INC.",0001138118,4,2026-05-27,2026-05-27,0001225208-26-005609,https://www.sec.gov/Archives/edgar/data/1138118/000122520826005609/doc4.xml,nonDerivative,2026-05-27,G,Class A Common Stock,2068.0000,0.0000,0.0,1907.0000,D,Cobert Beth F.,Director,1,,,,SEC EDGAR
CBRE|0001225208-26-005609|nonDerivative|2026-05-27|Cobert Beth F.|G|Class A Common Stock|2068.0000|0.0000|I,2026-05-31 10:00:17+0000,CBRE,"CBRE GROUP, INC.",0001138118,4,2026-05-27,2026-05-27,0001225208-26-005609,https://www.sec.gov/Archives/edgar/data/1138118/000122520826005609/doc4.xml,nonDerivative,2026-05-27,G,Class A Common Stock,2068.0000,0.0000,0.0,28267.0000,I,Cobert Beth F.,Director,1,,,,SEC EDGAR
CAT|0001104659-26-066858|derivative|2026-05-26|Epley Kyle Joseph|A|Phantom Stock Units|6|908.55|D,2026-05-31 10:00:17+0000,CAT,CATERPILLAR INC,0000018230,4,2026-05-27,2026-05-26,0001104659-26-066858,https://www.sec.gov/Archives/edgar/data/18230/000110465926066858/tm2615789-2_4seq1.xml,derivative,2026-05-26,A,Phantom Stock Units,6,908.55,5451.299999999999,5711,D,Epley Kyle Joseph,"Officer, Chief Financial Officer",0,1,0,Chief Financial Officer,SEC EDGAR
CAT|0001104659-26-066860|derivative|2026-05-26|Creed Joseph E|A|Phantom Stock Units|18|908.55|D,2026-05-31 10:00:17+0000,CAT,CATERPILLAR INC,0000018230,4,2026-05-27,2026-05-26,0001104659-26-066860,https://www.sec.gov/Archives/edgar/data/18230/000110465926066860/tm2615789-1_4seq1.xml,derivative,2026-05-26,A,Phantom Stock Units,18,908.55,16353.9,11001,D,Creed Joseph E,"Officer, Chief Executive Officer",0,1,0,Chief Executive Officer,SEC EDGAR
BKNG|0001214612-26-000005|nonDerivative|2026-05-26|MILLONES PETER J|S|Common Stock|20381|162.9596|D,2026-05-31 10:00:17+0000,BKNG,Booking Holdings Inc.,0001075531,4,2026-05-27,2026-05-26,0001214612-26-000005,https://www.sec.gov/Archives/edgar/data/1075531/000121461226000005/form4-05272026_080552.xml,nonDerivative,2026-05-26,S,Common Stock,20381,162.9596,3321279.6075999998,467194,D,MILLONES PETER J,"EXECUTIVE VP, GENERAL COUNSEL",false,true,false,"EXECUTIVE VP, GENERAL COUNSEL",SEC EDGAR
BKNG|0001214612-26-000005|nonDerivative|2026-05-26|MILLONES PETER J|S|Common Stock|29399|163.5799|D,2026-05-31 10:00:17+0000,BKNG,Booking Holdings Inc.,0001075531,4,2026-05-27,2026-05-26,0001214612-26-000005,https://www.sec.gov/Archives/edgar/data/1075531/000121461226000005/form4-05272026_080552.xml,nonDerivative,2026-05-26,S,Common Stock,29399,163.5799,4809085.4801,437795,D,MILLONES PETER J,"EXECUTIVE VP, GENERAL COUNSEL",false,true,false,"EXECUTIVE VP, GENERAL COUNSEL",SEC EDGAR
BKNG|0001214612-26-000005|nonDerivative|2026-05-26|MILLONES PETER J|S|Common Stock|7470|164.6423|D,2026-05-31 10:00:17+0000,BKNG,Booking Holdings Inc.,0001075531,4,2026-05-27,2026-05-26,0001214612-26-000005,https://www.sec.gov/Archives/edgar/data/1075531/000121461226000005/form4-05272026_080552.xml,nonDerivative,2026-05-26,S,Common Stock,7470,164.6423,1229877.9810000001,430325,D,MILLONES PETER J,"EXECUTIVE VP, GENERAL COUNSEL",false,true,false,"EXECUTIVE VP, GENERAL COUNSEL",SEC EDGAR
BKNG|0001214612-26-000005|nonDerivative|2026-05-26|MILLONES PETER J|S|Common Stock|5250|165.5644|D,2026-05-31 10:00:17+0000,BKNG,Booking Holdings Inc.,0001075531,4,2026-05-27,2026-05-26,0001214612-26-000005,https://www.sec.gov/Archives/edgar/data/1075531/000121461226000005/form4-05272026_080552.xml,nonDerivative,2026-05-26,S,Common Stock,5250,165.5644,869213.1,425075,D,MILLONES PETER J,"EXECUTIVE VP, GENERAL COUNSEL",false,true,false,"EXECUTIVE VP, GENERAL COUNSEL",SEC EDGAR
BDX|0001628280-26-038382|nonDerivative|2026-05-26|Feld Michael|S|Common Stock|75|147.35|D,2026-05-31 10:00:17+0000,BDX,BECTON DICKINSON & CO,0000010795,4,2026-05-27,2026-05-26,0001628280-26-038382,https://www.sec.gov/Archives/edgar/data/10795/000162828026038382/wk-form4_1779903672.xml,nonDerivative,2026-05-26,S,Common Stock,75,147.35,11051.25,21084,D,Feld Michael,"Officer, EVP, Chief Revenue Officer",0,1,0,"EVP, Chief Revenue Officer",SEC EDGAR
APP|0001847757-26-000013|nonDerivative|2026-05-22|Shikin Vasily|S|Class A Common Stock|942.00|486.68|I,2026-05-31 10:00:17+0000,APP,AppLovin Corp,0001751008,4,2026-05-27,2026-05-22,0001847757-26-000013,https://www.sec.gov/Archives/edgar/data/1751008/000184775726000013/primarydocument.xml,nonDerivative,2026-05-22,S,Class A Common Stock,942.00,486.68,458452.56,19892.00,I,Shikin Vasily,Chief Technology Officer,false,true,false,Chief Technology Officer,SEC EDGAR
APP|0001847757-26-000013|nonDerivative|2026-05-22|Shikin Vasily|S|Class A Common Stock|396.00|487.66|I,2026-05-31 10:00:17+0000,APP,AppLovin Corp,0001751008,4,2026-05-27,2026-05-22,0001847757-26-000013,https://www.sec.gov/Archives/edgar/data/1751008/000184775726000013/primarydocument.xml,nonDerivative,2026-05-22,S,Class A Common Stock,396.00,487.66,193113.36000000002,19496.00,I,Shikin Vasily,Chief Technology Officer,false,true,false,Chief Technology Officer,SEC EDGAR
APP|0001847757-26-000013|nonDerivative|2026-05-22|Shikin Vasily|S|Class A Common Stock|254.00|488.74|I,2026-05-31 10:00:17+0000,APP,AppLovin Corp,0001751008,4,2026-05-27,2026-05-22,0001847757-26-000013,https://www.sec.gov/Archives/edgar/data/1751008/000184775726000013/primarydocument.xml,nonDerivative,2026-05-22,S,Class A Common Stock,254.00,488.74,124139.96,19242.00,I,Shikin Vasily,Chief Technology Officer,false,true,false,Chief Technology Officer,SEC EDGAR
APP|0001847757-26-000013|nonDerivative|2026-05-22|Shikin Vasily|S|Class A Common Stock|437.00|489.76|I,2026-05-31 10:00:17+0000,APP,AppLovin Corp,0001751008,4,2026-05-27,2026-05-22,0001847757-26-000013,https://www.sec.gov/Archives/edgar/data/1751008/000184775726000013/primarydocument.xml,nonDerivative,2026-05-22,S,Class A Common Stock,437.00,489.76,214025.12,18805.00,I,Shikin Vasily,Chief Technology Officer,false,true,false,Chief Technology Officer,SEC EDGAR
APP|0001847757-26-000013|nonDerivative|2026-05-22|Shikin Vasily|S|Class A Common Stock|386.00|490.71|I,2026-05-31 10:00:17+0000,APP,AppLovin Corp,0001751008,4,2026-05-27,2026-05-22,0001847757-26-000013,https://www.sec.gov/Archives/edgar/data/1751008/000184775726000013/primarydocument.xml,nonDerivative,2026-05-22,S,Class A Common Stock,386.00,490.71,189414.06,18419.00,I,Shikin Vasily,Chief Technology Officer,false,true,false,Chief Technology Officer,SEC EDGAR
APP|0001847757-26-000013|nonDerivative|2026-05-22|Shikin Vasily|S|Class A Common Stock|366.00|491.95|I,2026-05-31 10:00:17+0000,APP,AppLovin Corp,0001751008,4,2026-05-27,2026-05-22,0001847757-26-000013,https://www.sec.gov/Archives/edgar/data/1751008/000184775726000013/primarydocument.xml,nonDerivative,2026-05-22,S,Class A Common Stock,366.00,491.95,180053.69999999998,18053.00,I,Shikin Vasily,Chief Technology Officer,false,true,false,Chief Technology Officer,SEC EDGAR
APP|0001847757-26-000013|nonDerivative|2026-05-22|Shikin Vasily|S|Class A Common Stock|104.00|492.75|I,2026-05-31 10:00:17+0000,APP,AppLovin Corp,0001751008,4,2026-05-27,2026-05-22,0001847757-26-000013,https://www.sec.gov/Archives/edgar/data/1751008/000184775726000013/primarydocument.xml,nonDerivative,2026-05-22,S,Class A Common Stock,104.00,492.75,51246.0,17949.00,I,Shikin Vasily,Chief Technology Officer,false,true,false,Chief Technology Officer,SEC EDGAR
APP|0001847757-26-000013|nonDerivative|2026-05-22|Shikin Vasily|S|Class A Common Stock|4.00|493.66|I,2026-05-31 10:00:17+0000,APP,AppLovin Corp,0001751008,4,2026-05-27,2026-05-22,0001847757-26-000013,https://www.sec.gov/Archives/edgar/data/1751008/000184775726000013/primarydocument.xml,nonDerivative,2026-05-22,S,Class A Common Stock,4.00,493.66,1974.64,17945.00,I,Shikin Vasily,Chief Technology Officer,false,true,false,Chief Technology Officer,SEC EDGAR
APP|0001847757-26-000012|nonDerivative|2026-05-22|Shikin Vasily|S|Class A Common Stock|386.00|490.71|I,2026-05-31 10:00:17+0000,APP,AppLovin Corp,0001751008,4,2026-05-27,2026-05-22,0001847757-26-000012,https://www.sec.gov/Archives/edgar/data/1751008/000184775726000012/primarydocument.xml,nonDerivative,2026-05-22,S,Class A Common Stock,386.00,490.71,189414.06,18419.00,I,Shikin Vasily,Chief Technology Officer,false,true,false,Chief Technology Officer,SEC EDGAR
APP|0001847757-26-000012|nonDerivative|2026-05-22|Shikin Vasily|S|Class A Common Stock|366.00|491.95|I,2026-05-31 10:00:17+0000,APP,AppLovin Corp,0001751008,4,2026-05-27,2026-05-22,0001847757-26-000012,https://www.sec.gov/Archives/edgar/data/1751008/000184775726000012/primarydocument.xml,nonDerivative,2026-05-22,S,Class A Common Stock,366.00,491.95,180053.69999999998,18053.00,I,Shikin Vasily,Chief Technology Officer,false,true,false,Chief Technology Officer,SEC EDGAR
APP|0001847757-26-000012|nonDerivative|2026-05-22|Shikin Vasily|S|Class A Common Stock|104.00|492.75|I,2026-05-31 10:00:17+0000,APP,AppLovin Corp,0001751008,4,2026-05-27,2026-05-22,0001847757-26-000012,https://www.sec.gov/Archives/edgar/data/1751008/000184775726000012/primarydocument.xml,nonDerivative,2026-05-22,S,Class A Common Stock,104.00,492.75,51246.0,17949.00,I,Shikin Vasily,Chief Technology Officer,false,true,false,Chief Technology Officer,SEC EDGAR
APP|0001847757-26-000012|nonDerivative|2026-05-22|Shikin Vasily|S|Class A Common Stock|4.00|493.66|I,2026-05-31 10:00:17+0000,APP,AppLovin Corp,0001751008,4,2026-05-27,2026-05-22,0001847757-26-000012,https://www.sec.gov/Archives/edgar/data/1751008/000184775726000012/primarydocument.xml,nonDerivative,2026-05-22,S,Class A Common Stock,4.00,493.66,1974.64,17945.00,I,Shikin Vasily,Chief Technology Officer,false,true,false,Chief Technology Officer,SEC EDGAR
APP|0001847757-26-000012|nonDerivative|2026-05-22|Shikin Vasily|S|Class A Common Stock|84.00|477.71|I,2026-05-31 10:00:17+0000,APP,AppLovin Corp,0001751008,4,2026-05-27,2026-05-22,0001847757-26-000012,https://www.sec.gov/Archives/edgar/data/1751008/000184775726000012/primarydocument.xml,nonDerivative,2026-05-22,S,Class A Common Stock,84.00,477.71,40127.64,26833.00,I,Shikin Vasily,Chief Technology Officer,false,true,false,Chief Technology Officer,SEC EDGAR
APP|0001847757-26-000012|nonDerivative|2026-05-22|Shikin Vasily|S|Class A Common Stock|201.00|478.82|I,2026-05-31 10:00:17+0000,APP,AppLovin Corp,0001751008,4,2026-05-27,2026-05-22,0001847757-26-000012,https://www.sec.gov/Archives/edgar/data/1751008/000184775726000012/primarydocument.xml,nonDerivative,2026-05-22,S,Class A Common Stock,201.00,478.82,96242.81999999999,26632.00,I,Shikin Vasily,Chief Technology Officer,false,true,false,Chief Technology Officer,SEC EDGAR
APP|0001847757-26-000012|nonDerivative|2026-05-22|Shikin Vasily|S|Class A Common Stock|851.00|479.86|I,2026-05-31 10:00:17+0000,APP,AppLovin Corp,0001751008,4,2026-05-27,2026-05-22,0001847757-26-000012,https://www.sec.gov/Archives/edgar/data/1751008/000184775726000012/primarydocument.xml,nonDerivative,2026-05-22,S,Class A Common Stock,851.00,479.86,408360.86,25781.00,I,Shikin Vasily,Chief Technology Officer,false,true,false,Chief Technology Officer,SEC EDGAR
APP|0001847757-26-000012|nonDerivative|2026-05-22|Shikin Vasily|S|Class A Common Stock|933.00|480.73|I,2026-05-31 10:00:17+0000,APP,AppLovin Corp,0001751008,4,2026-05-27,2026-05-22,0001847757-26-000012,https://www.sec.gov/Archives/edgar/data/1751008/000184775726000012/primarydocument.xml,nonDerivative,2026-05-22,S,Class A Common Stock,933.00,480.73,448521.09,24848.00,I,Shikin Vasily,Chief Technology Officer,false,true,false,Chief Technology Officer,SEC EDGAR
APP|0001847757-26-000012|nonDerivative|2026-05-22|Shikin Vasily|S|Class A Common Stock|1403.00|481.64|I,2026-05-31 10:00:17+0000,APP,AppLovin Corp,0001751008,4,2026-05-27,2026-05-22,0001847757-26-000012,https://www.sec.gov/Archives/edgar/data/1751008/000184775726000012/primarydocument.xml,nonDerivative,2026-05-22,S,Class A Common Stock,1403.00,481.64,675740.9199999999,23445.00,I,Shikin Vasily,Chief Technology Officer,false,true,false,Chief Technology Officer,SEC EDGAR
APP|0001847757-26-000012|nonDerivative|2026-05-22|Shikin Vasily|S|Class A Common Stock|489.00|482.71|I,2026-05-31 10:00:17+0000,APP,AppLovin Corp,0001751008,4,2026-05-27,2026-05-22,0001847757-26-000012,https://www.sec.gov/Archives/edgar/data/1751008/000184775726000012/primarydocument.xml,nonDerivative,2026-05-22,S,Class A Common Stock,489.00,482.71,236045.19,22956.00,I,Shikin Vasily,Chief Technology Officer,false,true,false,Chief Technology Officer,SEC EDGAR
APP|0001847757-26-000012|nonDerivative|2026-05-22|Shikin Vasily|S|Class A Common Stock|619.00|483.69|I,2026-05-31 10:00:17+0000,APP,AppLovin Corp,0001751008,4,2026-05-27,2026-05-22,0001847757-26-000012,https://www.sec.gov/Archives/edgar/data/1751008/000184775726000012/primarydocument.xml,nonDerivative,2026-05-22,S,Class A Common Stock,619.00,483.69,299404.11,22337.00,I,Shikin Vasily,Chief Technology Officer,false,true,false,Chief Technology Officer,SEC EDGAR
APP|0001847757-26-000012|nonDerivative|2026-05-22|Shikin Vasily|S|Class A Common Stock|808.00|484.75|I,2026-05-31 10:00:17+0000,APP,AppLovin Corp,0001751008,4,2026-05-27,2026-05-22,0001847757-26-000012,https://www.sec.gov/Archives/edgar/data/1751008/000184775726000012/primarydocument.xml,nonDerivative,2026-05-22,S,Class A Common Stock,808.00,484.75,391678.0,21529.00,I,Shikin Vasily,Chief Technology Officer,false,true,false,Chief Technology Officer,SEC EDGAR
APP|0001847757-26-000012|nonDerivative|2026-05-22|Shikin Vasily|S|Class A Common Stock|695.00|485.81|I,2026-05-31 10:00:17+0000,APP,AppLovin Corp,0001751008,4,2026-05-27,2026-05-22,0001847757-26-000012,https://www.sec.gov/Archives/edgar/data/1751008/000184775726000012/primarydocument.xml,nonDerivative,2026-05-22,S,Class A Common Stock,695.00,485.81,337637.95,20834.00,I,Shikin Vasily,Chief Technology Officer,false,true,false,Chief Technology Officer,SEC EDGAR
APP|0001847757-26-000012|nonDerivative|2026-05-22|Shikin Vasily|S|Class A Common Stock|942.00|486.68|I,2026-05-31 10:00:17+0000,APP,AppLovin Corp,0001751008,4,2026-05-27,2026-05-22,0001847757-26-000012,https://www.sec.gov/Archives/edgar/data/1751008/000184775726000012/primarydocument.xml,nonDerivative,2026-05-22,S,Class A Common Stock,942.00,486.68,458452.56,19892.00,I,Shikin Vasily,Chief Technology Officer,false,true,false,Chief Technology Officer,SEC EDGAR
APP|0001847757-26-000012|nonDerivative|2026-05-22|Shikin Vasily|S|Class A Common Stock|396.00|487.66|I,2026-05-31 10:00:17+0000,APP,AppLovin Corp,0001751008,4,2026-05-27,2026-05-22,0001847757-26-000012,https://www.sec.gov/Archives/edgar/data/1751008/000184775726000012/primarydocument.xml,nonDerivative,2026-05-22,S,Class A Common Stock,396.00,487.66,193113.36000000002,19496.00,I,Shikin Vasily,Chief Technology Officer,false,true,false,Chief Technology Officer,SEC EDGAR
APP|0001847757-26-000012|nonDerivative|2026-05-22|Shikin Vasily|S|Class A Common Stock|254.00|488.74|I,2026-05-31 10:00:17+0000,APP,AppLovin Corp,0001751008,4,2026-05-27,2026-05-22,0001847757-26-000012,https://www.sec.gov/Archives/edgar/data/1751008/000184775726000012/primarydocument.xml,nonDerivative,2026-05-22,S,Class A Common Stock,254.00,488.74,124139.96,19242.00,I,Shikin Vasily,Chief Technology Officer,false,true,false,Chief Technology Officer,SEC EDGAR
APP|0001847757-26-000012|nonDerivative|2026-05-22|Shikin Vasily|S|Class A Common Stock|436.00|489.76|I,2026-05-31 10:00:17+0000,APP,AppLovin Corp,0001751008,4,2026-05-27,2026-05-22,0001847757-26-000012,https://www.sec.gov/Archives/edgar/data/1751008/000184775726000012/primarydocument.xml,nonDerivative,2026-05-22,S,Class A Common Stock,436.00,489.76,213535.36,18806.00,I,Shikin Vasily,Chief Technology Officer,false,true,false,Chief Technology Officer,SEC EDGAR
APP|0001847757-26-000012|nonDerivative|2026-05-22|Shikin Vasily|S|Class A Common Stock|387.00|490.71|I,2026-05-31 10:00:17+0000,APP,AppLovin Corp,0001751008,4,2026-05-27,2026-05-22,0001847757-26-000012,https://www.sec.gov/Archives/edgar/data/1751008/000184775726000012/primarydocument.xml,nonDerivative,2026-05-22,S,Class A Common Stock,387.00,490.71,189904.77,18419.00,I,Shikin Vasily,Chief Technology Officer,false,true,false,Chief Technology Officer,SEC EDGAR
APP|0001847757-26-000012|nonDerivative|2026-05-22|Shikin Vasily|S|Class A Common Stock|202.00|478.82|I,2026-05-31 10:00:17+0000,APP,AppLovin Corp,0001751008,4,2026-05-27,2026-05-22,0001847757-26-000012,https://www.sec.gov/Archives/edgar/data/1751008/000184775726000012/primarydocument.xml,nonDerivative,2026-05-22,S,Class A Common Stock,202.00,478.82,96721.64,26631.00,I,Shikin Vasily,Chief Technology Officer,false,true,false,Chief Technology Officer,SEC EDGAR
APP|0001847757-26-000012|nonDerivative|2026-05-22|Shikin Vasily|S|Class A Common Stock|850.00|479.86|I,2026-05-31 10:00:17+0000,APP,AppLovin Corp,0001751008,4,2026-05-27,2026-05-22,0001847757-26-000012,https://www.sec.gov/Archives/edgar/data/1751008/000184775726000012/primarydocument.xml,nonDerivative,2026-05-22,S,Class A Common Stock,850.00,479.86,407881.0,25781.00,I,Shikin Vasily,Chief Technology Officer,false,true,false,Chief Technology Officer,SEC EDGAR
APP|0001847757-26-000012|nonDerivative|2026-05-22|Shikin Vasily|S|Class A Common Stock|620.00|483.69|I,2026-05-31 10:00:17+0000,APP,AppLovin Corp,0001751008,4,2026-05-27,2026-05-22,0001847757-26-000012,https://www.sec.gov/Archives/edgar/data/1751008/000184775726000012/primarydocument.xml,nonDerivative,2026-05-22,S,Class A Common Stock,620.00,483.69,299887.8,22336.00,I,Shikin Vasily,Chief Technology Officer,false,true,false,Chief Technology Officer,SEC EDGAR
APP|0001847757-26-000012|nonDerivative|2026-05-22|Shikin Vasily|S|Class A Common Stock|807.00|484.76|I,2026-05-31 10:00:17+0000,APP,AppLovin Corp,0001751008,4,2026-05-27,2026-05-22,0001847757-26-000012,https://www.sec.gov/Archives/edgar/data/1751008/000184775726000012/primarydocument.xml,nonDerivative,2026-05-22,S,Class A Common Stock,807.00,484.76,391201.32,21529.00,I,Shikin Vasily,Chief Technology Officer,false,true,false,Chief Technology Officer,SEC EDGAR
APP|0001847757-26-000011|nonDerivative|2026-05-22|Shikin Vasily|S|Class A Common Stock|588.00|477.71|D,2026-05-31 10:00:17+0000,APP,AppLovin Corp,0001751008,4,2026-05-27,2026-05-22,0001847757-26-000011,https://www.sec.gov/Archives/edgar/data/1751008/000184775726000011/primarydocument.xml,nonDerivative,2026-05-22,S,Class A Common Stock,588.00,477.71,280893.48,3251955.00,D,Shikin Vasily,Chief Technology Officer,false,true,false,Chief Technology Officer,SEC EDGAR
APP|0001847757-26-000011|nonDerivative|2026-05-22|Shikin Vasily|S|Class A Common Stock|1408.00|478.82|D,2026-05-31 10:00:17+0000,APP,AppLovin Corp,0001751008,4,2026-05-27,2026-05-22,0001847757-26-000011,https://www.sec.gov/Archives/edgar/data/1751008/000184775726000011/primarydocument.xml,nonDerivative,2026-05-22,S,Class A Common Stock,1408.00,478.82,674178.5599999999,3250547.00,D,Shikin Vasily,Chief Technology Officer,false,true,false,Chief Technology Officer,SEC EDGAR
APP|0001847757-26-000011|nonDerivative|2026-05-22|Shikin Vasily|S|Class A Common Stock|5953.00|479.86|D,2026-05-31 10:00:17+0000,APP,AppLovin Corp,0001751008,4,2026-05-27,2026-05-22,0001847757-26-000011,https://www.sec.gov/Archives/edgar/data/1751008/000184775726000011/primarydocument.xml,nonDerivative,2026-05-22,S,Class A Common Stock,5953.00,479.86,2856606.58,3244594.00,D,Shikin Vasily,Chief Technology Officer,false,true,false,Chief Technology Officer,SEC EDGAR
APP|0001847757-26-000011|nonDerivative|2026-05-22|Shikin Vasily|S|Class A Common Stock|6529.00|480.73|D,2026-05-31 10:00:17+0000,APP,AppLovin Corp,0001751008,4,2026-05-27,2026-05-22,0001847757-26-000011,https://www.sec.gov/Archives/edgar/data/1751008/000184775726000011/primarydocument.xml,nonDerivative,2026-05-22,S,Class A Common Stock,6529.00,480.73,3138686.17,3238065.00,D,Shikin Vasily,Chief Technology Officer,false,true,false,Chief Technology Officer,SEC EDGAR
APP|0001847757-26-000011|nonDerivative|2026-05-22|Shikin Vasily|S|Class A Common Stock|9827.00|481.64|D,2026-05-31 10:00:17+0000,APP,AppLovin Corp,0001751008,4,2026-05-27,2026-05-22,0001847757-26-000011,https://www.sec.gov/Archives/edgar/data/1751008/000184775726000011/primarydocument.xml,nonDerivative,2026-05-22,S,Class A Common Stock,9827.00,481.64,4733076.28,3228238.00,D,Shikin Vasily,Chief Technology Officer,false,true,false,Chief Technology Officer,SEC EDGAR
APP|0001847757-26-000011|nonDerivative|2026-05-22|Shikin Vasily|S|Class A Common Stock|3421.00|482.71|D,2026-05-31 10:00:17+0000,APP,AppLovin Corp,0001751008,4,2026-05-27,2026-05-22,0001847757-26-000011,https://www.sec.gov/Archives/edgar/data/1751008/000184775726000011/primarydocument.xml,nonDerivative,2026-05-22,S,Class A Common Stock,3421.00,482.71,1651350.91,3224817.00,D,Shikin Vasily,Chief Technology Officer,false,true,false,Chief Technology Officer,SEC EDGAR
APP|0001847757-26-000011|nonDerivative|2026-05-22|Shikin Vasily|S|Class A Common Stock|4336.00|483.69|D,2026-05-31 10:00:17+0000,APP,AppLovin Corp,0001751008,4,2026-05-27,2026-05-22,0001847757-26-000011,https://www.sec.gov/Archives/edgar/data/1751008/000184775726000011/primarydocument.xml,nonDerivative,2026-05-22,S,Class A Common Stock,4336.00,483.69,2097279.84,3220481.00,D,Shikin Vasily,Chief Technology Officer,false,true,false,Chief Technology Officer,SEC EDGAR
APP|0001847757-26-000011|nonDerivative|2026-05-22|Shikin Vasily|S|Class A Common Stock|5654.00|484.76|D,2026-05-31 10:00:17+0000,APP,AppLovin Corp,0001751008,4,2026-05-27,2026-05-22,0001847757-26-000011,https://www.sec.gov/Archives/edgar/data/1751008/000184775726000011/primarydocument.xml,nonDerivative,2026-05-22,S,Class A Common Stock,5654.00,484.76,2740833.04,3214827.00,D,Shikin Vasily,Chief Technology Officer,false,true,false,Chief Technology Officer,SEC EDGAR
APP|0001847757-26-000011|nonDerivative|2026-05-22|Shikin Vasily|S|Class A Common Stock|4863.00|485.81|D,2026-05-31 10:00:17+0000,APP,AppLovin Corp,0001751008,4,2026-05-27,2026-05-22,0001847757-26-000011,https://www.sec.gov/Archives/edgar/data/1751008/000184775726000011/primarydocument.xml,nonDerivative,2026-05-22,S,Class A Common Stock,4863.00,485.81,2362494.03,3209964.00,D,Shikin Vasily,Chief Technology Officer,false,true,false,Chief Technology Officer,SEC EDGAR
APP|0001847757-26-000011|nonDerivative|2026-05-22|Shikin Vasily|S|Class A Common Stock|6590.00|486.68|D,2026-05-31 10:00:17+0000,APP,AppLovin Corp,0001751008,4,2026-05-27,2026-05-22,0001847757-26-000011,https://www.sec.gov/Archives/edgar/data/1751008/000184775726000011/primarydocument.xml,nonDerivative,2026-05-22,S,Class A Common Stock,6590.00,486.68,3207221.2,3203374.00,D,Shikin Vasily,Chief Technology Officer,false,true,false,Chief Technology Officer,SEC EDGAR
APP|0001847757-26-000011|nonDerivative|2026-05-22|Shikin Vasily|S|Class A Common Stock|2773.00|487.66|D,2026-05-31 10:00:17+0000,APP,AppLovin Corp,0001751008,4,2026-05-27,2026-05-22,0001847757-26-000011,https://www.sec.gov/Archives/edgar/data/1751008/000184775726000011/primarydocument.xml,nonDerivative,2026-05-22,S,Class A Common Stock,2773.00,487.66,1352281.1800000002,3200601.00,D,Shikin Vasily,Chief Technology Officer,false,true,false,Chief Technology Officer,SEC EDGAR
APP|0001847757-26-000011|nonDerivative|2026-05-22|Shikin Vasily|S|Class A Common Stock|1779.00|488.74|D,2026-05-31 10:00:17+0000,APP,AppLovin Corp,0001751008,4,2026-05-27,2026-05-22,0001847757-26-000011,https://www.sec.gov/Archives/edgar/data/1751008/000184775726000011/primarydocument.xml,nonDerivative,2026-05-22,S,Class A Common Stock,1779.00,488.74,869468.46,3198822.00,D,Shikin Vasily,Chief Technology Officer,false,true,false,Chief Technology Officer,SEC EDGAR
APP|0001847757-26-000011|nonDerivative|2026-05-22|Shikin Vasily|S|Class A Common Stock|3058.00|489.76|D,2026-05-31 10:00:17+0000,APP,AppLovin Corp,0001751008,4,2026-05-27,2026-05-22,0001847757-26-000011,https://www.sec.gov/Archives/edgar/data/1751008/000184775726000011/primarydocument.xml,nonDerivative,2026-05-22,S,Class A Common Stock,3058.00,489.76,1497686.08,3195764.00,D,Shikin Vasily,Chief Technology Officer,false,true,false,Chief Technology Officer,SEC EDGAR
APP|0001847757-26-000011|nonDerivative|2026-05-22|Shikin Vasily|S|Class A Common Stock|2703.00|490.71|D,2026-05-31 10:00:17+0000,APP,AppLovin Corp,0001751008,4,2026-05-27,2026-05-22,0001847757-26-000011,https://www.sec.gov/Archives/edgar/data/1751008/000184775726000011/primarydocument.xml,nonDerivative,2026-05-22,S,Class A Common Stock,2703.00,490.71,1326389.13,3193061.00,D,Shikin Vasily,Chief Technology Officer,false,true,false,Chief Technology Officer,SEC EDGAR
APP|0001847757-26-000011|nonDerivative|2026-05-22|Shikin Vasily|S|Class A Common Stock|2566.00|491.95|D,2026-05-31 10:00:17+0000,APP,AppLovin Corp,0001751008,4,2026-05-27,2026-05-22,0001847757-26-000011,https://www.sec.gov/Archives/edgar/data/1751008/000184775726000011/primarydocument.xml,nonDerivative,2026-05-22,S,Class A Common Stock,2566.00,491.95,1262343.7,3190495.00,D,Shikin Vasily,Chief Technology Officer,false,true,false,Chief Technology Officer,SEC EDGAR
APP|0001847757-26-000011|nonDerivative|2026-05-22|Shikin Vasily|S|Class A Common Stock|728.00|492.75|D,2026-05-31 10:00:17+0000,APP,AppLovin Corp,0001751008,4,2026-05-27,2026-05-22,0001847757-26-000011,https://www.sec.gov/Archives/edgar/data/1751008/000184775726000011/primarydocument.xml,nonDerivative,2026-05-22,S,Class A Common Stock,728.00,492.75,358722.0,3189767.00,D,Shikin Vasily,Chief Technology Officer,false,true,false,Chief Technology Officer,SEC EDGAR
APP|0001847757-26-000011|nonDerivative|2026-05-22|Shikin Vasily|S|Class A Common Stock|28.00|493.66|D,2026-05-31 10:00:17+0000,APP,AppLovin Corp,0001751008,4,2026-05-27,2026-05-22,0001847757-26-000011,https://www.sec.gov/Archives/edgar/data/1751008/000184775726000011/primarydocument.xml,nonDerivative,2026-05-22,S,Class A Common Stock,28.00,493.66,13822.480000000001,3189739.00,D,Shikin Vasily,Chief Technology Officer,false,true,false,Chief Technology Officer,SEC EDGAR
APP|0001847757-26-000011|nonDerivative|2026-05-22|Shikin Vasily|S|Class A Common Stock|84.00|477.71|I,2026-05-31 10:00:17+0000,APP,AppLovin Corp,0001751008,4,2026-05-27,2026-05-22,0001847757-26-000011,https://www.sec.gov/Archives/edgar/data/1751008/000184775726000011/primarydocument.xml,nonDerivative,2026-05-22,S,Class A Common Stock,84.00,477.71,40127.64,26833.00,I,Shikin Vasily,Chief Technology Officer,false,true,false,Chief Technology Officer,SEC EDGAR
APP|0001847757-26-000011|nonDerivative|2026-05-22|Shikin Vasily|S|Class A Common Stock|202.00|478.82|I,2026-05-31 10:00:17+0000,APP,AppLovin Corp,0001751008,4,2026-05-27,2026-05-22,0001847757-26-000011,https://www.sec.gov/Archives/edgar/data/1751008/000184775726000011/primarydocument.xml,nonDerivative,2026-05-22,S,Class A Common Stock,202.00,478.82,96721.64,26631.00,I,Shikin Vasily,Chief Technology Officer,false,true,false,Chief Technology Officer,SEC EDGAR
APP|0001847757-26-000011|nonDerivative|2026-05-22|Shikin Vasily|S|Class A Common Stock|850.00|479.86|I,2026-05-31 10:00:17+0000,APP,AppLovin Corp,0001751008,4,2026-05-27,2026-05-22,0001847757-26-000011,https://www.sec.gov/Archives/edgar/data/1751008/000184775726000011/primarydocument.xml,nonDerivative,2026-05-22,S,Class A Common Stock,850.00,479.86,407881.0,25781.00,I,Shikin Vasily,Chief Technology Officer,false,true,false,Chief Technology Officer,SEC EDGAR
APP|0001847757-26-000011|nonDerivative|2026-05-22|Shikin Vasily|S|Class A Common Stock|933.00|480.73|I,2026-05-31 10:00:17+0000,APP,AppLovin Corp,0001751008,4,2026-05-27,2026-05-22,0001847757-26-000011,https://www.sec.gov/Archives/edgar/data/1751008/000184775726000011/primarydocument.xml,nonDerivative,2026-05-22,S,Class A Common Stock,933.00,480.73,448521.09,24848.00,I,Shikin Vasily,Chief Technology Officer,false,true,false,Chief Technology Officer,SEC EDGAR
APP|0001847757-26-000011|nonDerivative|2026-05-22|Shikin Vasily|S|Class A Common Stock|1404.00|481.64|I,2026-05-31 10:00:17+0000,APP,AppLovin Corp,0001751008,4,2026-05-27,2026-05-22,0001847757-26-000011,https://www.sec.gov/Archives/edgar/data/1751008/000184775726000011/primarydocument.xml,nonDerivative,2026-05-22,S,Class A Common Stock,1404.00,481.64,676222.5599999999,23444.00,I,Shikin Vasily,Chief Technology Officer,false,true,false,Chief Technology Officer,SEC EDGAR
APP|0001847757-26-000011|nonDerivative|2026-05-22|Shikin Vasily|S|Class A Common Stock|488.00|482.71|I,2026-05-31 10:00:17+0000,APP,AppLovin Corp,0001751008,4,2026-05-27,2026-05-22,0001847757-26-000011,https://www.sec.gov/Archives/edgar/data/1751008/000184775726000011/primarydocument.xml,nonDerivative,2026-05-22,S,Class A Common Stock,488.00,482.71,235562.47999999998,22956.00,I,Shikin Vasily,Chief Technology Officer,false,true,false,Chief Technology Officer,SEC EDGAR
APP|0001847757-26-000011|nonDerivative|2026-05-22|Shikin Vasily|S|Class A Common Stock|620.00|483.69|I,2026-05-31 10:00:17+0000,APP,AppLovin Corp,0001751008,4,2026-05-27,2026-05-22,0001847757-26-000011,https://www.sec.gov/Archives/edgar/data/1751008/000184775726000011/primarydocument.xml,nonDerivative,2026-05-22,S,Class A Common Stock,620.00,483.69,299887.8,22336.00,I,Shikin Vasily,Chief Technology Officer,false,true,false,Chief Technology Officer,SEC EDGAR
APP|0001847757-26-000011|nonDerivative|2026-05-22|Shikin Vasily|S|Class A Common Stock|807.00|484.76|I,2026-05-31 10:00:17+0000,APP,AppLovin Corp,0001751008,4,2026-05-27,2026-05-22,0001847757-26-000011,https://www.sec.gov/Archives/edgar/data/1751008/000184775726000011/primarydocument.xml,nonDerivative,2026-05-22,S,Class A Common Stock,807.00,484.76,391201.32,21529.00,I,Shikin Vasily,Chief Technology Officer,false,true,false,Chief Technology Officer,SEC EDGAR
APP|0001847757-26-000011|nonDerivative|2026-05-22|Shikin Vasily|S|Class A Common Stock|695.00|485.81|I,2026-05-31 10:00:17+0000,APP,AppLovin Corp,0001751008,4,2026-05-27,2026-05-22,0001847757-26-000011,https://www.sec.gov/Archives/edgar/data/1751008/000184775726000011/primarydocument.xml,nonDerivative,2026-05-22,S,Class A Common Stock,695.00,485.81,337637.95,20834.00,I,Shikin Vasily,Chief Technology Officer,false,true,false,Chief Technology Officer,SEC EDGAR
APP|0001847757-26-000011|nonDerivative|2026-05-22|Shikin Vasily|S|Class A Common Stock|942.00|486.68|I,2026-05-31 10:00:17+0000,APP,AppLovin Corp,0001751008,4,2026-05-27,2026-05-22,0001847757-26-000011,https://www.sec.gov/Archives/edgar/data/1751008/000184775726000011/primarydocument.xml,nonDerivative,2026-05-22,S,Class A Common Stock,942.00,486.68,458452.56,19892.00,I,Shikin Vasily,Chief Technology Officer,false,true,false,Chief Technology Officer,SEC EDGAR
APP|0001847757-26-000011|nonDerivative|2026-05-22|Shikin Vasily|S|Class A Common Stock|396.00|487.66|I,2026-05-31 10:00:17+0000,APP,AppLovin Corp,0001751008,4,2026-05-27,2026-05-22,0001847757-26-000011,https://www.sec.gov/Archives/edgar/data/1751008/000184775726000011/primarydocument.xml,nonDerivative,2026-05-22,S,Class A Common Stock,396.00,487.66,193113.36000000002,19496.00,I,Shikin Vasily,Chief Technology Officer,false,true,false,Chief Technology Officer,SEC EDGAR
APP|0001847757-26-000011|nonDerivative|2026-05-22|Shikin Vasily|S|Class A Common Stock|254.00|488.74|I,2026-05-31 10:00:17+0000,APP,AppLovin Corp,0001751008,4,2026-05-27,2026-05-22,0001847757-26-000011,https://www.sec.gov/Archives/edgar/data/1751008/000184775726000011/primarydocument.xml,nonDerivative,2026-05-22,S,Class A Common Stock,254.00,488.74,124139.96,19242.00,I,Shikin Vasily,Chief Technology Officer,false,true,false,Chief Technology Officer,SEC EDGAR
APP|0001847757-26-000011|nonDerivative|2026-05-22|Shikin Vasily|S|Class A Common Stock|437.00|489.76|I,2026-05-31 10:00:17+0000,APP,AppLovin Corp,0001751008,4,2026-05-27,2026-05-22,0001847757-26-000011,https://www.sec.gov/Archives/edgar/data/1751008/000184775726000011/primarydocument.xml,nonDerivative,2026-05-22,S,Class A Common Stock,437.00,489.76,214025.12,18805.00,I,Shikin Vasily,Chief Technology Officer,false,true,false,Chief Technology Officer,SEC EDGAR
APH|0001104659-26-066904|nonDerivative|2026-05-22|Wolff Anne Clarke|A|Restricted Stock|1552|0|D,2026-05-31 10:00:17+0000,APH,AMPHENOL CORP /DE/,0000820313,4,2026-05-27,2026-05-22,0001104659-26-066904,https://www.sec.gov/Archives/edgar/data/820313/000110465926066904/tm2615640-7_4seq1.xml,nonDerivative,2026-05-22,A,Restricted Stock,1552,0,0.0,1552,D,Wolff Anne Clarke,Director,1,0,0,,SEC EDGAR
APH|0001104659-26-066931|derivative|2026-05-22|WALTER LUC|A|Stock Option|108809|0|D,2026-05-31 10:00:17+0000,APH,AMPHENOL CORP /DE/,0000820313,4,2026-05-27,2026-05-22,0001104659-26-066931,https://www.sec.gov/Archives/edgar/data/820313/000110465926066931/tm2615640-15_4seq1.xml,derivative,2026-05-22,A,Stock Option,108809,0,0.0,108809,D,WALTER LUC,"Officer, President, HES Division",0,1,0,"President, HES Division",SEC EDGAR
APH|0001104659-26-066929|derivative|2026-05-22|Straub Peter|A|Stock Option|108809|0|D,2026-05-31 10:00:17+0000,APH,AMPHENOL CORP /DE/,0000820313,4,2026-05-27,2026-05-22,0001104659-26-066929,https://www.sec.gov/Archives/edgar/data/820313/000110465926066929/tm2615640-14_4seq1.xml,derivative,2026-05-22,A,Stock Option,108809,0,0.0,108809,D,Straub Peter,"Officer, President, ISS Division",0,1,0,"President, ISS Division",SEC EDGAR
APH|0001104659-26-066902|nonDerivative|2026-05-22|Singh Prahlad R.|A|Restricted Stock|1552|0|D,2026-05-31 10:00:17+0000,APH,AMPHENOL CORP /DE/,0000820313,4,2026-05-27,2026-05-22,0001104659-26-066902,https://www.sec.gov/Archives/edgar/data/820313/000110465926066902/tm2615640-6_4seq1.xml,nonDerivative,2026-05-22,A,Restricted Stock,1552,0,0.0,1552,D,Singh Prahlad R.,Director,1,0,0,,SEC EDGAR
APH|0001104659-26-066928|derivative|2026-05-22|Silverman David M|A|Stock Option|70690|0|D,2026-05-31 10:00:17+0000,APH,AMPHENOL CORP /DE/,0000820313,4,2026-05-27,2026-05-22,0001104659-26-066928,https://www.sec.gov/Archives/edgar/data/820313/000110465926066928/tm2615640-13_4seq1.xml,derivative,2026-05-22,A,Stock Option,70690,0,0.0,70690,D,Silverman David M,"Officer, EVP, Human Resources",0,1,0,"EVP, Human Resources",SEC EDGAR
APH|0001104659-26-066927|derivative|2026-05-22|NORWITT RICHARD ADAM|A|Stock Option|464989|0|D,2026-05-31 10:00:17+0000,APH,AMPHENOL CORP /DE/,0000820313,4,2026-05-27,2026-05-22,0001104659-26-066927,https://www.sec.gov/Archives/edgar/data/820313/000110465926066927/tm2615640-12_4seq1.xml,derivative,2026-05-22,A,Stock Option,464989,0,0.0,464989,D,NORWITT RICHARD ADAM,"Director, Officer, President & CEO",1,1,0,President & CEO,SEC EDGAR
APH|0001104659-26-066900|nonDerivative|2026-05-22|Livingston Robert|A|Restricted Stock|1552|0|D,2026-05-31 10:00:17+0000,APH,AMPHENOL CORP /DE/,0000820313,4,2026-05-27,2026-05-22,0001104659-26-066900,https://www.sec.gov/Archives/edgar/data/820313/000110465926066900/tm2615640-5_4seq1.xml,nonDerivative,2026-05-22,A,Restricted Stock,1552,0,0.0,1552,D,Livingston Robert,Director,1,0,0,,SEC EDGAR
APH|0001104659-26-066898|nonDerivative|2026-05-22|Lane Rita S.|A|Restricted Stock|1552|0|D,2026-05-31 10:00:17+0000,APH,AMPHENOL CORP /DE/,0000820313,4,2026-05-27,2026-05-22,0001104659-26-066898,https://www.sec.gov/Archives/edgar/data/820313/000110465926066898/tm2615640-4_4seq1.xml,nonDerivative,2026-05-22,A,Restricted Stock,1552,0,0.0,1552,D,Lane Rita S.,Director,1,0,0,,SEC EDGAR
APH|0001104659-26-066925|derivative|2026-05-22|Lampo Craig A|A|Stock Option|133161|0|D,2026-05-31 10:00:17+0000,APH,AMPHENOL CORP /DE/,0000820313,4,2026-05-27,2026-05-22,0001104659-26-066925,https://www.sec.gov/Archives/edgar/data/820313/000110465926066925/tm2615640-11_4seq1.xml,derivative,2026-05-22,A,Stock Option,133161,0,0.0,133161,D,Lampo Craig A,"Officer, Executive VP & CFO",0,1,0,Executive VP & CFO,SEC EDGAR
APH|0001104659-26-066896|nonDerivative|2026-05-22|Lamba Sanjiv|A|Restricted Stock|1552|0|D,2026-05-31 10:00:17+0000,APH,AMPHENOL CORP /DE/,0000820313,4,2026-05-27,2026-05-22,0001104659-26-066896,https://www.sec.gov/Archives/edgar/data/820313/000110465926066896/tm2615640-3_4seq1.xml,nonDerivative,2026-05-22,A,Restricted Stock,1552,0,0.0,1552,D,Lamba Sanjiv,Director,1,0,0,,SEC EDGAR
APH|0001104659-26-066921|derivative|2026-05-22|Ivas Michael R.|A|Stock Option|51134|0|D,2026-05-31 10:00:17+0000,APH,AMPHENOL CORP /DE/,0000820313,4,2026-05-27,2026-05-22,0001104659-26-066921,https://www.sec.gov/Archives/edgar/data/820313/000110465926066921/tm2615640-10_4seq1.xml,derivative,2026-05-22,A,Stock Option,51134,0,0.0,51134,D,Ivas Michael R.,"Officer, SVP & Corporate Controller",0,1,0,SVP & Corporate Controller,SEC EDGAR
APH|0001104659-26-066893|nonDerivative|2026-05-22|Falck David P|A|Restricted Stock|1552|0|D,2026-05-31 10:00:17+0000,APH,AMPHENOL CORP /DE/,0000820313,4,2026-05-27,2026-05-22,0001104659-26-066893,https://www.sec.gov/Archives/edgar/data/820313/000110465926066893/tm2615640-2_4seq1.xml,nonDerivative,2026-05-22,A,Restricted Stock,1552,0,0.0,1552,D,Falck David P,Director,1,0,0,,SEC EDGAR
APH|0001104659-26-066914|derivative|2026-05-22|Doherty William J|A|Stock Option|108809|0|D,2026-05-31 10:00:17+0000,APH,AMPHENOL CORP /DE/,0000820313,4,2026-05-27,2026-05-22,0001104659-26-066914,https://www.sec.gov/Archives/edgar/data/820313/000110465926066914/tm2615640-9_4seq1.xml,derivative,2026-05-22,A,Stock Option,108809,0,0.0,108809,D,Doherty William J,"Officer, President, CS Division",0,1,0,"President, CS Division",SEC EDGAR
APH|0001104659-26-066909|derivative|2026-05-22|D'AMICO LANCE E|A|Stock Option|83020|0|D,2026-05-31 10:00:17+0000,APH,AMPHENOL CORP /DE/,0000820313,4,2026-05-27,2026-05-22,0001104659-26-066909,https://www.sec.gov/Archives/edgar/data/820313/000110465926066909/tm2615640-8_4seq1.xml,derivative,2026-05-22,A,Stock Option,83020,0,0.0,83020,D,D'AMICO LANCE E,"Officer, EVP, Secretary & GenCounsel",0,1,0,"EVP, Secretary & GenCounsel",SEC EDGAR
APH|0001104659-26-066890|nonDerivative|2026-05-22|Altobello Nancy A.|A|Restricted Stock|1552|0|D,2026-05-31 10:00:17+0000,APH,AMPHENOL CORP /DE/,0000820313,4,2026-05-27,2026-05-22,0001104659-26-066890,https://www.sec.gov/Archives/edgar/data/820313/000110465926066890/tm2615640-1_4seq1.xml,nonDerivative,2026-05-22,A,Restricted Stock,1552,0,0.0,1552,D,Altobello Nancy A.,Director,1,0,0,,SEC EDGAR
APA|0001962012-26-000012|nonDerivative|2026-05-26|Henderson Tracey K|M|Common Stock|5000|0|D,2026-05-31 10:00:17+0000,APA,APA Corp,0001841666,4,2026-05-27,2026-05-26,0001962012-26-000012,https://www.sec.gov/Archives/edgar/data/1841666/000196201226000012/wk-form4_1779914003.xml,nonDerivative,2026-05-26,M,Common Stock,5000,0,0.0,55726,D,Henderson Tracey K,"Officer, Executive VP Exploration",0,1,0,Executive VP Exploration,SEC EDGAR
APA|0001962012-26-000012|nonDerivative|2026-05-26|Henderson Tracey K|F|Common Stock|1968|37.50|D,2026-05-31 10:00:17+0000,APA,APA Corp,0001841666,4,2026-05-27,2026-05-26,0001962012-26-000012,https://www.sec.gov/Archives/edgar/data/1841666/000196201226000012/wk-form4_1779914003.xml,nonDerivative,2026-05-26,F,Common Stock,1968,37.50,73800.0,53758,D,Henderson Tracey K,"Officer, Executive VP Exploration",0,1,0,Executive VP Exploration,SEC EDGAR
APA|0001962012-26-000012|derivative|2026-05-26|Henderson Tracey K|M|Restricted Stock / Units|5000|0|D,2026-05-31 10:00:17+0000,APA,APA Corp,0001841666,4,2026-05-27,2026-05-26,0001962012-26-000012,https://www.sec.gov/Archives/edgar/data/1841666/000196201226000012/wk-form4_1779914003.xml,derivative,2026-05-26,M,Restricted Stock / Units,5000,0,0.0,57968,D,Henderson Tracey K,"Officer, Executive VP Exploration",0,1,0,Executive VP Exploration,SEC EDGAR
ANET|0001596532-26-000109|nonDerivative|2026-05-22|BECHTOLSHEIM ANDREAS|S|Common Stock|24381|149.6825|I,2026-05-31 10:00:17+0000,ANET,"Arista Networks, Inc.",0001596532,4,2026-05-27,2026-05-22,0001596532-26-000109,https://www.sec.gov/Archives/edgar/data/1596532/000159653226000109/edgardoc.xml,nonDerivative,2026-05-22,S,Common Stock,24381,149.6825,3649409.0325,183203667,I,BECHTOLSHEIM ANDREAS,10% Owner,0,0,1,,SEC EDGAR
ANET|0001596532-26-000109|nonDerivative|2026-05-22|BECHTOLSHEIM ANDREAS|S|Common Stock|60234|150.5071|I,2026-05-31 10:00:17+0000,ANET,"Arista Networks, Inc.",0001596532,4,2026-05-27,2026-05-22,0001596532-26-000109,https://www.sec.gov/Archives/edgar/data/1596532/000159653226000109/edgardoc.xml,nonDerivative,2026-05-22,S,Common Stock,60234,150.5071,9065644.6614,183143433,I,BECHTOLSHEIM ANDREAS,10% Owner,0,0,1,,SEC EDGAR
ANET|0001596532-26-000109|nonDerivative|2026-05-22|BECHTOLSHEIM ANDREAS|S|Common Stock|24105|151.5532|I,2026-05-31 10:00:17+0000,ANET,"Arista Networks, Inc.",0001596532,4,2026-05-27,2026-05-22,0001596532-26-000109,https://www.sec.gov/Archives/edgar/data/1596532/000159653226000109/edgardoc.xml,nonDerivative,2026-05-22,S,Common Stock,24105,151.5532,3653189.886,183119328,I,BECHTOLSHEIM ANDREAS,10% Owner,0,0,1,,SEC EDGAR
ANET|0001596532-26-000109|nonDerivative|2026-05-22|BECHTOLSHEIM ANDREAS|S|Common Stock|38002|152.4842|I,2026-05-31 10:00:17+0000,ANET,"Arista Networks, Inc.",0001596532,4,2026-05-27,2026-05-22,0001596532-26-000109,https://www.sec.gov/Archives/edgar/data/1596532/000159653226000109/edgardoc.xml,nonDerivative,2026-05-22,S,Common Stock,38002,152.4842,5794704.568399999,183081326,I,BECHTOLSHEIM ANDREAS,10% Owner,0,0,1,,SEC EDGAR
ANET|0001596532-26-000109|nonDerivative|2026-05-22|BECHTOLSHEIM ANDREAS|S|Common Stock|51221|153.3841|I,2026-05-31 10:00:17+0000,ANET,"Arista Networks, Inc.",0001596532,4,2026-05-27,2026-05-22,0001596532-26-000109,https://www.sec.gov/Archives/edgar/data/1596532/000159653226000109/edgardoc.xml,nonDerivative,2026-05-22,S,Common Stock,51221,153.3841,7856486.986099999,183030105,I,BECHTOLSHEIM ANDREAS,10% Owner,0,0,1,,SEC EDGAR
ANET|0001596532-26-000109|nonDerivative|2026-05-22|BECHTOLSHEIM ANDREAS|S|Common Stock|7057|154.1602|I,2026-05-31 10:00:17+0000,ANET,"Arista Networks, Inc.",0001596532,4,2026-05-27,2026-05-22,0001596532-26-000109,https://www.sec.gov/Archives/edgar/data/1596532/000159653226000109/edgardoc.xml,nonDerivative,2026-05-22,S,Common Stock,7057,154.1602,1087908.5314,183023048,I,BECHTOLSHEIM ANDREAS,10% Owner,0,0,1,,SEC EDGAR
ALL|0000899051-26-000082|nonDerivative|2026-05-22|Prindiville Mark Q|M|Common Stock|1550|69.31|D,2026-05-31 10:00:17+0000,ALL,ALLSTATE CORP,0000899051,4,2026-05-27,2026-05-22,0000899051-26-000082,https://www.sec.gov/Archives/edgar/data/899051/000089905126000082/form4.xml,nonDerivative,2026-05-22,M,Common Stock,1550,69.31,107430.5,29108,D,Prindiville Mark Q,,,,,,SEC EDGAR
ALL|0000899051-26-000082|nonDerivative|2026-05-22|Prindiville Mark Q|S|Common Stock|1550|216.2749|D,2026-05-31 10:00:17+0000,ALL,ALLSTATE CORP,0000899051,4,2026-05-27,2026-05-22,0000899051-26-000082,https://www.sec.gov/Archives/edgar/data/899051/000089905126000082/form4.xml,nonDerivative,2026-05-22,S,Common Stock,1550,216.2749,335226.09500000003,27558,D,Prindiville Mark Q,,,,,,SEC EDGAR
ALL|0000899051-26-000082|derivative|2026-05-22|Prindiville Mark Q|M|Employee Stock Option (Right to Buy)|1550|0|D,2026-05-31 10:00:17+0000,ALL,ALLSTATE CORP,0000899051,4,2026-05-27,2026-05-22,0000899051-26-000082,https://www.sec.gov/Archives/edgar/data/899051/000089905126000082/form4.xml,derivative,2026-05-22,M,Employee Stock Option (Right to Buy),1550,0,0.0,0,D,Prindiville Mark Q,,,,,,SEC EDGAR
AIZ|0001193125-26-241968|nonDerivative|2026-05-26|DiRienzo Dimitry|S|Common Stock|2000|255.678|D,2026-05-31 10:00:17+0000,AIZ,"ASSURANT, INC.",0001267238,4,2026-05-27,2026-05-26,0001193125-26-241968,https://www.sec.gov/Archives/edgar/data/1267238/000119312526241968/ownership.xml,nonDerivative,2026-05-26,S,Common Stock,2000,255.678,511356.0,2741,D,DiRienzo Dimitry,"SVP, CAO, Controller",false,true,false,"SVP, CAO, Controller",SEC EDGAR
"AFL|0001104659-26-066653|nonDerivative|2026-05-22|Japan Post Holdings Co., Ltd.|S|Common Stock|30920|117.78|I",2026-05-31 10:00:17+0000,AFL,AFLAC INC,0000004977,4,2026-05-27,2026-05-22,0001104659-26-066653,https://www.sec.gov/Archives/edgar/data/4977/000110465926066653/tm2613336-11_4seq1.xml,nonDerivative,2026-05-22,S,Common Stock,30920,117.78,3641757.6,51331725,I,"Japan Post Holdings Co., Ltd.",10% Owner,0,0,1,,SEC EDGAR
"AFL|0001104659-26-066653|nonDerivative|2026-05-22|Japan Post Holdings Co., Ltd.|S|Common Stock|180|118.32|I",2026-05-31 10:00:17+0000,AFL,AFLAC INC,0000004977,4,2026-05-27,2026-05-22,0001104659-26-066653,https://www.sec.gov/Archives/edgar/data/4977/000110465926066653/tm2613336-11_4seq1.xml,nonDerivative,2026-05-22,S,Common Stock,180,118.32,21297.6,51331545,I,"Japan Post Holdings Co., Ltd.",10% Owner,0,0,1,,SEC EDGAR
AFL|0000004977-26-000094|nonDerivative|2026-05-22|BEAVER STEVEN KENT|M|Common Stock|5508|35.52|D,2026-05-31 10:00:17+0000,AFL,AFLAC INC,0000004977,4,2026-05-27,2026-05-22,0000004977-26-000094,https://www.sec.gov/Archives/edgar/data/4977/000000497726000094/wk-form4_1779914490.xml,nonDerivative,2026-05-22,M,Common Stock,5508,35.52,195644.16,46045,D,BEAVER STEVEN KENT,"Officer, EVP, CFO Aflac Japan",0,1,0,"EVP, CFO Aflac Japan",SEC EDGAR
AFL|0000004977-26-000094|nonDerivative|2026-05-22|BEAVER STEVEN KENT|S|Common Stock|5508|117.81|D,2026-05-31 10:00:17+0000,AFL,AFLAC INC,0000004977,4,2026-05-27,2026-05-22,0000004977-26-000094,https://www.sec.gov/Archives/edgar/data/4977/000000497726000094/wk-form4_1779914490.xml,nonDerivative,2026-05-22,S,Common Stock,5508,117.81,648897.48,40537,D,BEAVER STEVEN KENT,"Officer, EVP, CFO Aflac Japan",0,1,0,"EVP, CFO Aflac Japan",SEC EDGAR
AFL|0000004977-26-000094|derivative|2026-05-22|BEAVER STEVEN KENT|M|Employee Stock Option (right to buy)|5508|0|D,2026-05-31 10:00:17+0000,AFL,AFLAC INC,0000004977,4,2026-05-27,2026-05-22,0000004977-26-000094,https://www.sec.gov/Archives/edgar/data/4977/000000497726000094/wk-form4_1779914490.xml,derivative,2026-05-22,M,Employee Stock Option (right to buy),5508,0,0.0,0,D,BEAVER STEVEN KENT,"Officer, EVP, CFO Aflac Japan",0,1,0,"EVP, CFO Aflac Japan",SEC EDGAR
ADI|0000006281-26-000054|nonDerivative|2026-05-22|ROCHE VINCENT|M|Comm Stock - $.16-2/3 value|30000|144.06|D,2026-05-31 10:00:17+0000,ADI,ANALOG DEVICES INC,0000006281,4,2026-05-27,2026-05-22,0000006281-26-000054,https://www.sec.gov/Archives/edgar/data/6281/000000628126000054/wk-form4_1779913684.xml,nonDerivative,2026-05-22,M,Comm Stock - $.16-2/3 value,30000,144.06,4321800.0,167537.875,D,ROCHE VINCENT,"Director, Officer, Chair & CEO",1,1,0,Chair & CEO,SEC EDGAR
ADI|0000006281-26-000054|nonDerivative|2026-05-22|ROCHE VINCENT|S|Comm Stock - $.16-2/3 value|29335|396.803|D,2026-05-31 10:00:17+0000,ADI,ANALOG DEVICES INC,0000006281,4,2026-05-27,2026-05-22,0000006281-26-000054,https://www.sec.gov/Archives/edgar/data/6281/000000628126000054/wk-form4_1779913684.xml,nonDerivative,2026-05-22,S,Comm Stock - $.16-2/3 value,29335,396.803,11640216.005,138202.875,D,ROCHE VINCENT,"Director, Officer, Chair & CEO",1,1,0,Chair & CEO,SEC EDGAR
ADI|0000006281-26-000054|nonDerivative|2026-05-22|ROCHE VINCENT|S|Comm Stock - $.16-2/3 value|665|397.4956|D,2026-05-31 10:00:17+0000,ADI,ANALOG DEVICES INC,0000006281,4,2026-05-27,2026-05-22,0000006281-26-000054,https://www.sec.gov/Archives/edgar/data/6281/000000628126000054/wk-form4_1779913684.xml,nonDerivative,2026-05-22,S,Comm Stock - $.16-2/3 value,665,397.4956,264334.574,137537.875,D,ROCHE VINCENT,"Director, Officer, Chair & CEO",1,1,0,Chair & CEO,SEC EDGAR
ADI|0000006281-26-000054|nonDerivative|2026-05-26|ROCHE VINCENT|M|Comm Stock - $.16-2/3 value|30000|144.06|D,2026-05-31 10:00:17+0000,ADI,ANALOG DEVICES INC,0000006281,4,2026-05-27,2026-05-22,0000006281-26-000054,https://www.sec.gov/Archives/edgar/data/6281/000000628126000054/wk-form4_1779913684.xml,nonDerivative,2026-05-26,M,Comm Stock - $.16-2/3 value,30000,144.06,4321800.0,167537.875,D,ROCHE VINCENT,"Director, Officer, Chair & CEO",1,1,0,Chair & CEO,SEC EDGAR
ADI|0000006281-26-000054|nonDerivative|2026-05-26|ROCHE VINCENT|S|Comm Stock - $.16-2/3 value|20038|414.8255|D,2026-05-31 10:00:17+0000,ADI,ANALOG DEVICES INC,0000006281,4,2026-05-27,2026-05-22,0000006281-26-000054,https://www.sec.gov/Archives/edgar/data/6281/000000628126000054/wk-form4_1779913684.xml,nonDerivative,2026-05-26,S,Comm Stock - $.16-2/3 value,20038,414.8255,8312273.369,147499.875,D,ROCHE VINCENT,"Director, Officer, Chair & CEO",1,1,0,Chair & CEO,SEC EDGAR
ADI|0000006281-26-000054|nonDerivative|2026-05-26|ROCHE VINCENT|S|Comm Stock - $.16-2/3 value|9962|415.738|D,2026-05-31 10:00:17+0000,ADI,ANALOG DEVICES INC,0000006281,4,2026-05-27,2026-05-22,0000006281-26-000054,https://www.sec.gov/Archives/edgar/data/6281/000000628126000054/wk-form4_1779913684.xml,nonDerivative,2026-05-26,S,Comm Stock - $.16-2/3 value,9962,415.738,4141581.956,137537.875,D,ROCHE VINCENT,"Director, Officer, Chair & CEO",1,1,0,Chair & CEO,SEC EDGAR
ADI|0000006281-26-000054|derivative|2026-05-22|ROCHE VINCENT|M|Performance-Based Stock Option (right to buy)|30000|144.06|D,2026-05-31 10:00:17+0000,ADI,ANALOG DEVICES INC,0000006281,4,2026-05-27,2026-05-22,0000006281-26-000054,https://www.sec.gov/Archives/edgar/data/6281/000000628126000054/wk-form4_1779913684.xml,derivative,2026-05-22,M,Performance-Based Stock Option (right to buy),30000,144.06,4321800.0,430000,D,ROCHE VINCENT,"Director, Officer, Chair & CEO",1,1,0,Chair & CEO,SEC EDGAR
ADI|0000006281-26-000054|derivative|2026-05-26|ROCHE VINCENT|M|Performance-Based Stock Option (right to buy)|30000|144.06|D,2026-05-31 10:00:17+0000,ADI,ANALOG DEVICES INC,0000006281,4,2026-05-27,2026-05-22,0000006281-26-000054,https://www.sec.gov/Archives/edgar/data/6281/000000628126000054/wk-form4_1779913684.xml,derivative,2026-05-26,M,Performance-Based Stock Option (right to buy),30000,144.06,4321800.0,400000,D,ROCHE VINCENT,"Director, Officer, Chair & CEO",1,1,0,Chair & CEO,SEC EDGAR
ABNB|0001193125-26-242601|nonDerivative|2026-05-25|Manyika James|A|Class A Common Stock|2927|0|D,2026-05-31 10:00:17+0000,ABNB,"Airbnb, Inc.",0001559720,4,2026-05-27,2026-05-25,0001193125-26-242601,https://www.sec.gov/Archives/edgar/data/1559720/000119312526242601/ownership.xml,nonDerivative,2026-05-25,A,Class A Common Stock,2927,0,0.0,10601,D,Manyika James,,true,false,false,,SEC EDGAR
ABNB|0001193125-26-242482|nonDerivative|2026-05-25|Lin Alfred|A|Class A Common Stock|2890|0|D,2026-05-31 10:00:17+0000,ABNB,"Airbnb, Inc.",0001559720,4,2026-05-27,2026-05-25,0001193125-26-242482,https://www.sec.gov/Archives/edgar/data/1559720/000119312526242482/ownership.xml,nonDerivative,2026-05-25,A,Class A Common Stock,2890,0,0.0,14167,D,Lin Alfred,,true,false,false,,SEC EDGAR
ABNB|0001193125-26-242603|nonDerivative|2026-05-25|JORDAN JEFFREY D|A|Class A Common Stock|3003|0|D,2026-05-31 10:00:17+0000,ABNB,"Airbnb, Inc.",0001559720,4,2026-05-27,2026-05-25,0001193125-26-242603,https://www.sec.gov/Archives/edgar/data/1559720/000119312526242603/ownership.xml,nonDerivative,2026-05-25,A,Class A Common Stock,3003,0,0.0,21347,D,JORDAN JEFFREY D,,true,false,false,,SEC EDGAR
ABNB|0001193125-26-242477|nonDerivative|2026-05-25|Gebbia Joseph|C|Class A Common Stock|200||I,2026-05-31 10:00:17+0000,ABNB,"Airbnb, Inc.",0001559720,4,2026-05-27,2026-05-25,0001193125-26-242477,https://www.sec.gov/Archives/edgar/data/1559720/000119312526242477/ownership.xml,nonDerivative,2026-05-25,C,Class A Common Stock,200,,,3450215,I,Gebbia Joseph,,true,false,true,,SEC EDGAR
ABNB|0001193125-26-242477|nonDerivative|2026-05-25|Gebbia Joseph|A|Class A Common Stock|2738|0|D,2026-05-31 10:00:17+0000,ABNB,"Airbnb, Inc.",0001559720,4,2026-05-27,2026-05-25,0001193125-26-242477,https://www.sec.gov/Archives/edgar/data/1559720/000119312526242477/ownership.xml,nonDerivative,2026-05-25,A,Class A Common Stock,2738,0,0.0,5598,D,Gebbia Joseph,,true,false,true,,SEC EDGAR
ABNB|0001193125-26-242477|nonDerivative|2026-05-26|Gebbia Joseph|S|Class A Common Stock|780|132.7489|I,2026-05-31 10:00:17+0000,ABNB,"Airbnb, Inc.",0001559720,4,2026-05-27,2026-05-25,0001193125-26-242477,https://www.sec.gov/Archives/edgar/data/1559720/000119312526242477/ownership.xml,nonDerivative,2026-05-26,S,Class A Common Stock,780,132.7489,103544.14199999999,3449435,I,Gebbia Joseph,,true,false,true,,SEC EDGAR
ABNB|0001193125-26-242477|nonDerivative|2026-05-26|Gebbia Joseph|S|Class A Common Stock|1552|133.3078|I,2026-05-31 10:00:17+0000,ABNB,"Airbnb, Inc.",0001559720,4,2026-05-27,2026-05-25,0001193125-26-242477,https://www.sec.gov/Archives/edgar/data/1559720/000119312526242477/ownership.xml,nonDerivative,2026-05-26,S,Class A Common Stock,1552,133.3078,206893.7056,3447883,I,Gebbia Joseph,,true,false,true,,SEC EDGAR
ABNB|0001193125-26-242477|nonDerivative|2026-05-26|Gebbia Joseph|S|Class A Common Stock|336|134.5414|I,2026-05-31 10:00:17+0000,ABNB,"Airbnb, Inc.",0001559720,4,2026-05-27,2026-05-25,0001193125-26-242477,https://www.sec.gov/Archives/edgar/data/1559720/000119312526242477/ownership.xml,nonDerivative,2026-05-26,S,Class A Common Stock,336,134.5414,45205.9104,3447547,I,Gebbia Joseph,,true,false,true,,SEC EDGAR
ABNB|0001193125-26-242477|nonDerivative|2026-05-26|Gebbia Joseph|S|Class A Common Stock|188|135.3729|I,2026-05-31 10:00:17+0000,ABNB,"Airbnb, Inc.",0001559720,4,2026-05-27,2026-05-25,0001193125-26-242477,https://www.sec.gov/Archives/edgar/data/1559720/000119312526242477/ownership.xml,nonDerivative,2026-05-26,S,Class A Common Stock,188,135.3729,25450.105199999998,3447359,I,Gebbia Joseph,,true,false,true,,SEC EDGAR
ABNB|0001193125-26-242477|nonDerivative|2026-05-26|Gebbia Joseph|S|Class A Common Stock|4|136.0150|I,2026-05-31 10:00:17+0000,ABNB,"Airbnb, Inc.",0001559720,4,2026-05-27,2026-05-25,0001193125-26-242477,https://www.sec.gov/Archives/edgar/data/1559720/000119312526242477/ownership.xml,nonDerivative,2026-05-26,S,Class A Common Stock,4,136.0150,544.06,3447355,I,Gebbia Joseph,,true,false,true,,SEC EDGAR
ABNB|0001193125-26-242477|derivative|2026-05-25|Gebbia Joseph|C|Class B Common Stock|200|0|I,2026-05-31 10:00:17+0000,ABNB,"Airbnb, Inc.",0001559720,4,2026-05-27,2026-05-25,0001193125-26-242477,https://www.sec.gov/Archives/edgar/data/1559720/000119312526242477/ownership.xml,derivative,2026-05-25,C,Class B Common Stock,200,0,0.0,24675380,I,Gebbia Joseph,,true,false,true,,SEC EDGAR
ABNB|0001193125-26-242597|nonDerivative|2026-05-25|CHENAULT KENNETH I|A|Class A Common Stock|3135|0|D,2026-05-31 10:00:17+0000,ABNB,"Airbnb, Inc.",0001559720,4,2026-05-27,2026-05-25,0001193125-26-242597,https://www.sec.gov/Archives/edgar/data/1559720/000119312526242597/ownership.xml,nonDerivative,2026-05-25,A,Class A Common Stock,3135,0,0.0,40879,D,CHENAULT KENNETH I,,true,false,false,,SEC EDGAR
ABNB|0001193125-26-242619|nonDerivative|2026-05-25|Ahuja Amrita|A|Class A Common Stock|2946|0|D,2026-05-31 10:00:17+0000,ABNB,"Airbnb, Inc.",0001559720,4,2026-05-27,2026-05-25,0001193125-26-242619,https://www.sec.gov/Archives/edgar/data/1559720/000119312526242619/ownership.xml,nonDerivative,2026-05-25,A,Class A Common Stock,2946,0,0.0,16025,D,Ahuja Amrita,,true,false,false,,SEC EDGAR
ABNB|0001193125-26-242599|nonDerivative|2026-05-25|AHRENDTS ANGELA J|A|Class A Common Stock|3022|0|D,2026-05-31 10:00:17+0000,ABNB,"Airbnb, Inc.",0001559720,4,2026-05-27,2026-05-25,0001193125-26-242599,https://www.sec.gov/Archives/edgar/data/1559720/000119312526242599/ownership.xml,nonDerivative,2026-05-25,A,Class A Common Stock,3022,0,0.0,30885,D,AHRENDTS ANGELA J,,true,false,false,,SEC EDGAR
ZTS|0001628280-26-038153|nonDerivative|2026-05-21|Stetter Mark|M|Common Stock|1572||D,2026-05-31 10:00:17+0000,ZTS,Zoetis Inc.,0001555280,4,2026-05-26,2026-05-21,0001628280-26-038153,https://www.sec.gov/Archives/edgar/data/1555280/000162828026038153/wk-form4_1779827867.xml,nonDerivative,2026-05-21,M,Common Stock,1572,,,1572,D,Stetter Mark,Director,1,0,0,,SEC EDGAR
ZTS|0001628280-26-038153|derivative|2026-05-21|Stetter Mark|M|Restricted Stock Unit|1572.0613||D,2026-05-31 10:00:17+0000,ZTS,Zoetis Inc.,0001555280,4,2026-05-26,2026-05-21,0001628280-26-038153,https://www.sec.gov/Archives/edgar/data/1555280/000162828026038153/wk-form4_1779827867.xml,derivative,2026-05-21,M,Restricted Stock Unit,1572.0613,,,0,D,Stetter Mark,Director,1,0,0,,SEC EDGAR
YUM|0001041061-26-000130|nonDerivative|2026-05-26|Tresvant Sean|S|Common Stock|3000|154.68|D,2026-05-31 10:00:17+0000,YUM,YUM BRANDS INC,0001041061,4,2026-05-26,2026-05-26,0001041061-26-000130,https://www.sec.gov/Archives/edgar/data/1041061/000104106126000130/form4.xml,nonDerivative,2026-05-26,S,Common Stock,3000,154.68,464040.0,3140,D,Tresvant Sean,"Officer, Taco Bell, CEO, YUM CCO",,1,,"Taco Bell, CEO, YUM CCO",SEC EDGAR
WMT|0000104169-26-000096|nonDerivative|2026-05-22|Walton Family Holdings Trust|S|Common|638881|119.6579|D,2026-05-31 10:00:17+0000,WMT,Walmart Inc.,0000104169,4,2026-05-26,2026-05-22,0000104169-26-000096,https://www.sec.gov/Archives/edgar/data/104169/000010416926000096/wk-form4_1779831182.xml,nonDerivative,2026-05-22,S,Common,638881,119.6579,76447158.8099,512885575,D,Walton Family Holdings Trust,10% Owner,0,0,1,,SEC EDGAR
WMT|0000104169-26-000096|nonDerivative|2026-05-22|Walton Family Holdings Trust|S|Common|949671|120.2224|D,2026-05-31 10:00:17+0000,WMT,Walmart Inc.,0000104169,4,2026-05-26,2026-05-22,0000104169-26-000096,https://www.sec.gov/Archives/edgar/data/104169/000010416926000096/wk-form4_1779831182.xml,nonDerivative,2026-05-22,S,Common,949671,120.2224,114171726.83039999,511935904,D,Walton Family Holdings Trust,10% Owner,0,0,1,,SEC EDGAR
WMT|0000104169-26-000096|nonDerivative|2026-05-22|Walton Family Holdings Trust|S|Common|2948|121.0698|D,2026-05-31 10:00:17+0000,WMT,Walmart Inc.,0000104169,4,2026-05-26,2026-05-22,0000104169-26-000096,https://www.sec.gov/Archives/edgar/data/104169/000010416926000096/wk-form4_1779831182.xml,nonDerivative,2026-05-22,S,Common,2948,121.0698,356913.7704,511932956,D,Walton Family Holdings Trust,10% Owner,0,0,1,,SEC EDGAR
WMT|0000104169-26-000096|nonDerivative|2026-05-26|Walton Family Holdings Trust|J|Common|1551000|0|D,2026-05-31 10:00:17+0000,WMT,Walmart Inc.,0000104169,4,2026-05-26,2026-05-22,0000104169-26-000096,https://www.sec.gov/Archives/edgar/data/104169/000010416926000096/wk-form4_1779831182.xml,nonDerivative,2026-05-26,J,Common,1551000,0,0.0,510381956,D,Walton Family Holdings Trust,10% Owner,0,0,1,,SEC EDGAR
WMT|0000104169-26-000096|nonDerivative|2026-05-26|Walton Family Holdings Trust|S|Common|511637|119.1607|D,2026-05-31 10:00:17+0000,WMT,Walmart Inc.,0000104169,4,2026-05-26,2026-05-22,0000104169-26-000096,https://www.sec.gov/Archives/edgar/data/104169/000010416926000096/wk-form4_1779831182.xml,nonDerivative,2026-05-26,S,Common,511637,119.1607,60967023.065900005,509870319,D,Walton Family Holdings Trust,10% Owner,0,0,1,,SEC EDGAR
WMT|0000104169-26-000096|nonDerivative|2026-05-26|Walton Family Holdings Trust|S|Common|19442|120.4638|D,2026-05-31 10:00:17+0000,WMT,Walmart Inc.,0000104169,4,2026-05-26,2026-05-22,0000104169-26-000096,https://www.sec.gov/Archives/edgar/data/104169/000010416926000096/wk-form4_1779831182.xml,nonDerivative,2026-05-26,S,Common,19442,120.4638,2342057.1996,509850877,D,Walton Family Holdings Trust,10% Owner,0,0,1,,SEC EDGAR
WMT|0000104169-26-000096|nonDerivative|2026-05-26|Walton Family Holdings Trust|S|Common|1261|121.011|D,2026-05-31 10:00:17+0000,WMT,Walmart Inc.,0000104169,4,2026-05-26,2026-05-22,0000104169-26-000096,https://www.sec.gov/Archives/edgar/data/104169/000010416926000096/wk-form4_1779831182.xml,nonDerivative,2026-05-26,S,Common,1261,121.011,152594.87099999998,509849616,D,Walton Family Holdings Trust,10% Owner,0,0,1,,SEC EDGAR
WELL|0001193125-26-239608|nonDerivative|2026-05-21|LOPEZ DENNIS G|A|Common Stock|63|216.01|D,2026-05-31 10:00:17+0000,WELL,WELLTOWER INC.,0000766704,4,2026-05-26,2026-05-21,0001193125-26-239608,https://www.sec.gov/Archives/edgar/data/766704/000119312526239608/ownership.xml,nonDerivative,2026-05-21,A,Common Stock,63,216.01,13608.63,18524.57,D,LOPEZ DENNIS G,,true,false,false,,SEC EDGAR
VZ|0002111103-26-000019|derivative|2026-05-21|Villanueva Rodriguez Alfonso|A|Phantom Stock (unitized)|75.955|13.77|I,2026-05-31 10:00:17+0000,VZ,VERIZON COMMUNICATIONS INC,0000732712,4,2026-05-26,2026-05-21,0002111103-26-000019,https://www.sec.gov/Archives/edgar/data/732712/000211110326000019/wk-form4_1779810978.xml,derivative,2026-05-21,A,Phantom Stock (unitized),75.955,13.77,1045.90035,6327.384,I,Villanueva Rodriguez Alfonso,"Officer, EVP&Int.Group CEO-VZ Cons.&CTO",0,1,0,EVP&Int.Group CEO-VZ Cons.&CTO,SEC EDGAR
VZ|0001702684-26-000028|derivative|2026-05-21|Vestberg Hans Erik|A|Phantom Stock (unitized)|193.239|13.77|I,2026-05-31 10:00:17+0000,VZ,VERIZON COMMUNICATIONS INC,0000732712,4,2026-05-26,2026-05-21,0001702684-26-000028,https://www.sec.gov/Archives/edgar/data/732712/000170268426000028/wk-form4_1779811030.xml,derivative,2026-05-21,A,Phantom Stock (unitized),193.239,13.77,2660.90103,228879.651,I,Vestberg Hans Erik,Director,1,0,0,,SEC EDGAR
VZ|0001950027-26-000030|derivative|2026-05-21|Venkatesh Vandana|A|Phantom Stock (unitized)|92.71|13.77|I,2026-05-31 10:00:17+0000,VZ,VERIZON COMMUNICATIONS INC,0000732712,4,2026-05-26,2026-05-21,0001950027-26-000030,https://www.sec.gov/Archives/edgar/data/732712/000195002726000030/wk-form4_1779810873.xml,derivative,2026-05-21,A,Phantom Stock (unitized),92.71,13.77,1276.6166999999998,56403.956,I,Venkatesh Vandana,"Officer, EVP and Chief Legal Officer",0,1,0,EVP and Chief Legal Officer,SEC EDGAR
VZ|0001750052-26-000030|derivative|2026-05-21|Stillwell Mary-Lee|A|Phantom Stock (unitized)|42.446|13.77|I,2026-05-31 10:00:17+0000,VZ,VERIZON COMMUNICATIONS INC,0000732712,4,2026-05-26,2026-05-21,0001750052-26-000030,https://www.sec.gov/Archives/edgar/data/732712/000175005226000030/wk-form4_1779810756.xml,derivative,2026-05-21,A,Phantom Stock (unitized),42.446,13.77,584.48142,16541.734,I,Stillwell Mary-Lee,"Officer, SVP and Controller",0,1,0,SVP and Controller,SEC EDGAR
VZ|0001578926-26-000028|derivative|2026-05-21|Skiadas Anthony T|A|Phantom Stock (unitized)|126.219|13.77|I,2026-05-31 10:00:17+0000,VZ,VERIZON COMMUNICATIONS INC,0000732712,4,2026-05-26,2026-05-21,0001578926-26-000028,https://www.sec.gov/Archives/edgar/data/732712/000157892626000028/wk-form4_1779810706.xml,derivative,2026-05-21,A,Phantom Stock (unitized),126.219,13.77,1738.0356299999999,143917.723,I,Skiadas Anthony T,"Officer, EVP and CFO",0,1,0,EVP and CFO,SEC EDGAR
VZ|0001215315-26-000024|derivative|2026-05-21|SCHULMAN DANIEL H|A|Phantom Stock (unitized)|193.239|13.77|I,2026-05-31 10:00:17+0000,VZ,VERIZON COMMUNICATIONS INC,0000732712,4,2026-05-26,2026-05-21,0001215315-26-000024,https://www.sec.gov/Archives/edgar/data/732712/000121531526000024/wk-form4_1779810370.xml,derivative,2026-05-21,A,Phantom Stock (unitized),193.239,13.77,2660.90103,7669.578,I,SCHULMAN DANIEL H,"Director, Officer, CEO",1,1,0,CEO,SEC EDGAR
VZ|0001968243-26-000032|derivative|2026-05-21|Russo Joseph J.|A|Phantom Stock (unitized)|80.144|13.77|I,2026-05-31 10:00:17+0000,VZ,VERIZON COMMUNICATIONS INC,0000732712,4,2026-05-26,2026-05-21,0001968243-26-000032,https://www.sec.gov/Archives/edgar/data/732712/000196824326000032/wk-form4_1779810650.xml,derivative,2026-05-21,A,Phantom Stock (unitized),80.144,13.77,1103.58288,83046.547,I,Russo Joseph J.,"Officer, EVP&Pres-Global Networks&Tech",0,1,0,EVP&Pres-Global Networks&Tech,SEC EDGAR
VZ|0001760581-26-000030|derivative|2026-05-21|Malady Kyle|A|Phantom Stock (unitized)|126.219|13.77|I,2026-05-31 10:00:17+0000,VZ,VERIZON COMMUNICATIONS INC,0000732712,4,2026-05-26,2026-05-21,0001760581-26-000030,https://www.sec.gov/Archives/edgar/data/732712/000176058126000030/wk-form4_1779810595.xml,derivative,2026-05-21,A,Phantom Stock (unitized),126.219,13.77,1738.0356299999999,417142.23,I,Malady Kyle,"Officer, EVP and Group CEO-VZ Business",0,1,0,EVP and Group CEO-VZ Business,SEC EDGAR
VZ|0001896468-26-000030|derivative|2026-05-21|Hammock Samantha|A|Phantom Stock (unitized)|71.766|13.77|I,2026-05-31 10:00:17+0000,VZ,VERIZON COMMUNICATIONS INC,0000732712,4,2026-05-26,2026-05-21,0001896468-26-000030,https://www.sec.gov/Archives/edgar/data/732712/000189646826000030/wk-form4_1779810509.xml,derivative,2026-05-21,A,Phantom Stock (unitized),71.766,13.77,988.2178200000001,36062.891,I,Hammock Samantha,"Officer, EVP & Chief HR Officer",0,1,0,EVP & Chief HR Officer,SEC EDGAR
VRSK|0001193125-26-239767|nonDerivative|2026-05-19|Vaughan Therese M|A|Common Stock|1347|0.00|D,2026-05-31 10:00:17+0000,VRSK,"Verisk Analytics, Inc.",0001442145,4,2026-05-26,2026-05-19,0001193125-26-239767,https://www.sec.gov/Archives/edgar/data/1442145/000119312526239767/ownership.xml,nonDerivative,2026-05-19,A,Common Stock,1347,0.00,0.0,23608,D,Vaughan Therese M,,true,false,false,,SEC EDGAR
VRSK|0001193125-26-239800|nonDerivative|2026-05-19|Stevenson Kimberly S|A|Common Stock|1347|0.00|D,2026-05-31 10:00:17+0000,VRSK,"Verisk Analytics, Inc.",0001442145,4,2026-05-26,2026-05-19,0001193125-26-239800,https://www.sec.gov/Archives/edgar/data/1442145/000119312526239800/ownership.xml,nonDerivative,2026-05-19,A,Common Stock,1347,0.00,0.0,5762,D,Stevenson Kimberly S,,true,false,false,,SEC EDGAR
VRSK|0001193125-26-239791|nonDerivative|2026-05-19|Soroye Olumide|A|Common Stock|1347|0.00|D,2026-05-31 10:00:17+0000,VRSK,"Verisk Analytics, Inc.",0001442145,4,2026-05-26,2026-05-19,0001193125-26-239791,https://www.sec.gov/Archives/edgar/data/1442145/000119312526239791/ownership.xml,nonDerivative,2026-05-19,A,Common Stock,1347,0.00,0.0,5185,D,Soroye Olumide,,true,false,false,,SEC EDGAR
VRSK|0001193125-26-239744|nonDerivative|2026-05-19|Purtill Sabra R.|A|Common Stock|1347|0.00|D,2026-05-31 10:00:17+0000,VRSK,"Verisk Analytics, Inc.",0001442145,4,2026-05-26,2026-05-19,0001193125-26-239744,https://www.sec.gov/Archives/edgar/data/1442145/000119312526239744/ownership.xml,nonDerivative,2026-05-19,A,Common Stock,1347,0.00,0.0,2929,D,Purtill Sabra R.,,true,false,false,,SEC EDGAR
VRSK|0001193125-26-239820|nonDerivative|2026-05-19|Patiath Pradip|A|Common Stock|1347|0.00|D,2026-05-31 10:00:17+0000,VRSK,"Verisk Analytics, Inc.",0001442145,4,2026-05-26,2026-05-19,0001193125-26-239820,https://www.sec.gov/Archives/edgar/data/1442145/000119312526239820/ownership.xml,nonDerivative,2026-05-19,A,Common Stock,1347,0.00,0.0,1352,D,Patiath Pradip,,true,false,false,,SEC EDGAR
VRSK|0001193125-26-239758|nonDerivative|2026-05-19|PERRY CHRISTOPHER JOHN|A|Common Stock|1347|0.00|D,2026-05-31 10:00:17+0000,VRSK,"Verisk Analytics, Inc.",0001442145,4,2026-05-26,2026-05-19,0001193125-26-239758,https://www.sec.gov/Archives/edgar/data/1442145/000119312526239758/ownership.xml,nonDerivative,2026-05-19,A,Common Stock,1347,0.00,0.0,4479,D,PERRY CHRISTOPHER JOHN,,true,false,false,,SEC EDGAR
VRSK|0001193125-26-239773|nonDerivative|2026-05-19|LISS SAMUEL G|A|Common Stock|1347|0.00|D,2026-05-31 10:00:17+0000,VRSK,"Verisk Analytics, Inc.",0001442145,4,2026-05-26,2026-05-19,0001193125-26-239773,https://www.sec.gov/Archives/edgar/data/1442145/000119312526239773/ownership.xml,nonDerivative,2026-05-19,A,Common Stock,1347,0.00,0.0,69098,D,LISS SAMUEL G,,true,false,false,,SEC EDGAR
VRSK|0001193125-26-239750|nonDerivative|2026-05-19|Hendrick Gregory|A|Common Stock|1347|0.00|D,2026-05-31 10:00:17+0000,VRSK,"Verisk Analytics, Inc.",0001442145,4,2026-05-26,2026-05-19,0001193125-26-239750,https://www.sec.gov/Archives/edgar/data/1442145/000119312526239750/ownership.xml,nonDerivative,2026-05-19,A,Common Stock,1347,0.00,0.0,4591,D,Hendrick Gregory,,true,false,false,,SEC EDGAR
VRSK|0001193125-26-239810|nonDerivative|2026-05-19|Hansen Bruce Edward|A|Common Stock|1347|0.00|D,2026-05-31 10:00:17+0000,VRSK,"Verisk Analytics, Inc.",0001442145,4,2026-05-26,2026-05-19,0001193125-26-239810,https://www.sec.gov/Archives/edgar/data/1442145/000119312526239810/ownership.xml,nonDerivative,2026-05-19,A,Common Stock,1347,0.00,0.0,15868,D,Hansen Bruce Edward,,true,false,false,,SEC EDGAR
VRSK|0001193125-26-239810|nonDerivative|2026-05-22|Hansen Bruce Edward|M|Common Stock|2335|80.93|D,2026-05-31 10:00:17+0000,VRSK,"Verisk Analytics, Inc.",0001442145,4,2026-05-26,2026-05-19,0001193125-26-239810,https://www.sec.gov/Archives/edgar/data/1442145/000119312526239810/ownership.xml,nonDerivative,2026-05-22,M,Common Stock,2335,80.93,188971.55000000002,18203,D,Hansen Bruce Edward,,true,false,false,,SEC EDGAR
VRSK|0001193125-26-239810|nonDerivative|2026-05-22|Hansen Bruce Edward|S|Common Stock|2335|171.51|D,2026-05-31 10:00:17+0000,VRSK,"Verisk Analytics, Inc.",0001442145,4,2026-05-26,2026-05-19,0001193125-26-239810,https://www.sec.gov/Archives/edgar/data/1442145/000119312526239810/ownership.xml,nonDerivative,2026-05-22,S,Common Stock,2335,171.51,400475.85,15868,D,Hansen Bruce Edward,,true,false,false,,SEC EDGAR
VRSK|0001193125-26-239810|derivative|2026-05-22|Hansen Bruce Edward|M|Stock Option|2335|0.00|D,2026-05-31 10:00:17+0000,VRSK,"Verisk Analytics, Inc.",0001442145,4,2026-05-26,2026-05-19,0001193125-26-239810,https://www.sec.gov/Archives/edgar/data/1442145/000119312526239810/ownership.xml,derivative,2026-05-22,M,Stock Option,2335,0.00,0.0,2336,D,Hansen Bruce Edward,,true,false,false,,SEC EDGAR
VRSK|0001193125-26-239804|nonDerivative|2026-05-19|DAILEY JEFFREY J|A|Common Stock|1347|0.00|D,2026-05-31 10:00:17+0000,VRSK,"Verisk Analytics, Inc.",0001442145,4,2026-05-26,2026-05-19,0001193125-26-239804,https://www.sec.gov/Archives/edgar/data/1442145/000119312526239804/ownership.xml,nonDerivative,2026-05-19,A,Common Stock,1347,0.00,0.0,5309,D,DAILEY JEFFREY J,,true,false,false,,SEC EDGAR
TRV|0000086312-26-000127|nonDerivative|2026-05-22|BESSETTE ANDY F|M|Common Stock|4255|189.01|D,2026-05-31 10:00:17+0000,TRV,"TRAVELERS COMPANIES, INC.",0000086312,4,2026-05-26,2026-05-22,0000086312-26-000127,https://www.sec.gov/Archives/edgar/data/86312/000008631226000127/form4.xml,nonDerivative,2026-05-22,M,Common Stock,4255,189.01,804237.5499999999,28539.397,D,BESSETTE ANDY F,"Officer, EVP and Chief Admin Officer",,1,,EVP and Chief Admin Officer,SEC EDGAR
TRV|0000086312-26-000127|nonDerivative|2026-05-22|BESSETTE ANDY F|S|Common Stock|4255|308.11|D,2026-05-31 10:00:17+0000,TRV,"TRAVELERS COMPANIES, INC.",0000086312,4,2026-05-26,2026-05-22,0000086312-26-000127,https://www.sec.gov/Archives/edgar/data/86312/000008631226000127/form4.xml,nonDerivative,2026-05-22,S,Common Stock,4255,308.11,1311008.05,24284.397,D,BESSETTE ANDY F,"Officer, EVP and Chief Admin Officer",,1,,EVP and Chief Admin Officer,SEC EDGAR
TRV|0000086312-26-000127|derivative|2026-05-22|BESSETTE ANDY F|M|Stock Options (Right to Buy)|4255|0|D,2026-05-31 10:00:17+0000,TRV,"TRAVELERS COMPANIES, INC.",0000086312,4,2026-05-26,2026-05-22,0000086312-26-000127,https://www.sec.gov/Archives/edgar/data/86312/000008631226000127/form4.xml,derivative,2026-05-22,M,Stock Options (Right to Buy),4255,0,0.0,0,D,BESSETTE ANDY F,"Officer, EVP and Chief Admin Officer",,1,,EVP and Chief Admin Officer,SEC EDGAR
TPL|0001437749-26-018326|nonDerivative|2026-05-22|HORIZON KINETICS ASSET MANAGEMENT LLC|P|Common Stock|1|400.85|D,2026-05-31 10:00:17+0000,TPL,Texas Pacific Land Corp,0001811074,4,2026-05-26,2026-05-22,0001437749-26-018326,https://www.sec.gov/Archives/edgar/data/1811074/000143774926018326/rdgdoc.xml,nonDerivative,2026-05-22,P,Common Stock,1,400.85,400.85,3395620,D,HORIZON KINETICS ASSET MANAGEMENT LLC,10% Owner,,,1,,SEC EDGAR
TMUS|0001283699-26-000072|nonDerivative|2026-05-21|Freier Jon|S|Common Stock|4799|190|D,2026-05-31 10:00:17+0000,TMUS,"T-Mobile US, Inc.",0001283699,4,2026-05-26,2026-05-21,0001283699-26-000072,https://www.sec.gov/Archives/edgar/data/1283699/000128369926000072/wk-form4_1779829260.xml,nonDerivative,2026-05-21,S,Common Stock,4799,190,911810.0,217167.63,D,Freier Jon,"Officer, Chief Operating Officer",0,1,0,Chief Operating Officer,SEC EDGAR
TER|0000904454-26-000321|nonDerivative|2026-05-21|Poulin Shannon John|S|Common Stock|1008|345.37|D,2026-05-31 10:00:17+0000,TER,"TERADYNE, INC",0000097210,4,2026-05-26,2026-05-21,0000904454-26-000321,https://www.sec.gov/Archives/edgar/data/97210/000090445426000321/ownership.xml,nonDerivative,2026-05-21,S,Common Stock,1008,345.37,348132.96,15065.5779,D,Poulin Shannon John,"Officer, President, Semiconductor Test",0,1,0,"President, Semiconductor Test",SEC EDGAR
TER|0000904454-26-000321|nonDerivative|2026-05-21|Poulin Shannon John|M|Common Stock|2843|82.61|D,2026-05-31 10:00:17+0000,TER,"TERADYNE, INC",0000097210,4,2026-05-26,2026-05-21,0000904454-26-000321,https://www.sec.gov/Archives/edgar/data/97210/000090445426000321/ownership.xml,nonDerivative,2026-05-21,M,Common Stock,2843,82.61,234860.23,17908.5779,D,Poulin Shannon John,"Officer, President, Semiconductor Test",0,1,0,"President, Semiconductor Test",SEC EDGAR
TER|0000904454-26-000321|nonDerivative|2026-05-21|Poulin Shannon John|F|Common Stock|1531|345.98|D,2026-05-31 10:00:17+0000,TER,"TERADYNE, INC",0000097210,4,2026-05-26,2026-05-21,0000904454-26-000321,https://www.sec.gov/Archives/edgar/data/97210/000090445426000321/ownership.xml,nonDerivative,2026-05-21,F,Common Stock,1531,345.98,529695.38,16377.5779,D,Poulin Shannon John,"Officer, President, Semiconductor Test",0,1,0,"President, Semiconductor Test",SEC EDGAR
TER|0000904454-26-000321|nonDerivative|2026-05-22|Poulin Shannon John|S|Common Stock|656|355.00|D,2026-05-31 10:00:17+0000,TER,"TERADYNE, INC",0000097210,4,2026-05-26,2026-05-21,0000904454-26-000321,https://www.sec.gov/Archives/edgar/data/97210/000090445426000321/ownership.xml,nonDerivative,2026-05-22,S,Common Stock,656,355.00,232880.0,15721.5779,D,Poulin Shannon John,"Officer, President, Semiconductor Test",0,1,0,"President, Semiconductor Test",SEC EDGAR
TER|0000904454-26-000321|derivative|2026-05-21|Poulin Shannon John|M|Stock Option (Right to Buy)|2843|0|D,2026-05-31 10:00:17+0000,TER,"TERADYNE, INC",0000097210,4,2026-05-26,2026-05-21,0000904454-26-000321,https://www.sec.gov/Archives/edgar/data/97210/000090445426000321/ownership.xml,derivative,2026-05-21,M,Stock Option (Right to Buy),2843,0,0.0,8532,D,Poulin Shannon John,"Officer, President, Semiconductor Test",0,1,0,"President, Semiconductor Test",SEC EDGAR
TER|0000904454-26-000319|nonDerivative|2026-05-21|MATZ MARILYN|S|Common Stock|400|350.00|D,2026-05-31 10:00:17+0000,TER,"TERADYNE, INC",0000097210,4,2026-05-26,2026-05-21,0000904454-26-000319,https://www.sec.gov/Archives/edgar/data/97210/000090445426000319/edgar.xml,nonDerivative,2026-05-21,S,Common Stock,400,350.00,140000.0,18640.675,D,MATZ MARILYN,Director,1,0,0,,SEC EDGAR
SO|0001193125-26-239215|nonDerivative|2026-05-24|WOMACK CHRISTOPHER C|M|Southern Company Common Stock|7662|0|D,2026-05-31 10:00:17+0000,SO,SOUTHERN CO,0000092122,4,2026-05-26,2026-05-24,0001193125-26-239215,https://www.sec.gov/Archives/edgar/data/92122/000119312526239215/ownership.xml,nonDerivative,2026-05-24,M,Southern Company Common Stock,7662,0,0.0,216863.2496,D,WOMACK CHRISTOPHER C,"Chairman, President & CEO",false,true,false,"Chairman, President & CEO",SEC EDGAR
SO|0001193125-26-239215|nonDerivative|2026-05-24|WOMACK CHRISTOPHER C|F|Southern Company Common Stock|3414|94.55|D,2026-05-31 10:00:17+0000,SO,SOUTHERN CO,0000092122,4,2026-05-26,2026-05-24,0001193125-26-239215,https://www.sec.gov/Archives/edgar/data/92122/000119312526239215/ownership.xml,nonDerivative,2026-05-24,F,Southern Company Common Stock,3414,94.55,322793.7,213449.2496,D,WOMACK CHRISTOPHER C,"Chairman, President & CEO",false,true,false,"Chairman, President & CEO",SEC EDGAR
SO|0001193125-26-239215|derivative|2026-05-24|WOMACK CHRISTOPHER C|M|Performance Restricted Stock Units|6898|94.55|D,2026-05-31 10:00:17+0000,SO,SOUTHERN CO,0000092122,4,2026-05-26,2026-05-24,0001193125-26-239215,https://www.sec.gov/Archives/edgar/data/92122/000119312526239215/ownership.xml,derivative,2026-05-24,M,Performance Restricted Stock Units,6898,94.55,652205.9,0,D,WOMACK CHRISTOPHER C,"Chairman, President & CEO",false,true,false,"Chairman, President & CEO",SEC EDGAR
SCHW|0000923738-26-000026|nonDerivative|2026-05-22|Schwab Charles R.|G|Common Stock|210000|0|I,2026-05-31 10:00:17+0000,SCHW,SCHWAB CHARLES CORP,0000316709,4,2026-05-26,2026-05-22,0000923738-26-000026,https://www.sec.gov/Archives/edgar/data/316709/000092373826000026/wk-form4_1779830998.xml,nonDerivative,2026-05-22,G,Common Stock,210000,0,0.0,54174341,I,Schwab Charles R.,"Director, Officer, Co-Chairman",1,1,0,Co-Chairman,SEC EDGAR
SCHW|0001643326-26-000002|nonDerivative|2026-05-21|Dea Joan|G|Common Stock|835|0|D,2026-05-31 10:00:17+0000,SCHW,SCHWAB CHARLES CORP,0000316709,4,2026-05-26,2026-05-21,0001643326-26-000002,https://www.sec.gov/Archives/edgar/data/316709/000164332626000002/wk-form4_1779830798.xml,nonDerivative,2026-05-21,G,Common Stock,835,0,0.0,26838,D,Dea Joan,Director,1,0,0,,SEC EDGAR
ROST|0001842360-26-000004|nonDerivative|2026-05-21|Sutton Doniel|A|Common Stock|896|0|D,2026-05-31 10:00:17+0000,ROST,"ROSS STORES, INC.",0000745732,4,2026-05-26,2026-05-21,0001842360-26-000004,https://www.sec.gov/Archives/edgar/data/745732/000184236026000004/form4-05262026_050503.xml,nonDerivative,2026-05-21,A,Common Stock,896,0,0.0,8917,D,Sutton Doniel,,true,false,false,,SEC EDGAR
ROST|0001639998-26-000004|nonDerivative|2026-05-21|Mueller Patricia H|A|Common Stock|896|0|D,2026-05-31 10:00:17+0000,ROST,"ROSS STORES, INC.",0000745732,4,2026-05-26,2026-05-21,0001639998-26-000004,https://www.sec.gov/Archives/edgar/data/745732/000163999826000004/form4-05262026_050501.xml,nonDerivative,2026-05-21,A,Common Stock,896,0,0.0,3467,D,Mueller Patricia H,,true,false,false,,SEC EDGAR
ROST|0001277246-26-000002|nonDerivative|2026-05-21|MILLIGAN STEPHEN D|A|Common Stock|896|0|D,2026-05-31 10:00:17+0000,ROST,"ROSS STORES, INC.",0000745732,4,2026-05-26,2026-05-21,0001277246-26-000002,https://www.sec.gov/Archives/edgar/data/745732/000127724626000002/form4-05262026_050501.xml,nonDerivative,2026-05-21,A,Common Stock,896,0,0.0,22888,D,MILLIGAN STEPHEN D,,true,false,false,,SEC EDGAR
ROST|0001209517-26-000002|nonDerivative|2026-05-21|GARRETT SHARON D|A|Common Stock|896|0|D,2026-05-31 10:00:17+0000,ROST,"ROSS STORES, INC.",0000745732,4,2026-05-26,2026-05-21,0001209517-26-000002,https://www.sec.gov/Archives/edgar/data/745732/000120951726000002/form4-05262026_050501.xml,nonDerivative,2026-05-21,A,Common Stock,896,0,0.0,3467,D,GARRETT SHARON D,,true,false,false,,SEC EDGAR
ROST|0001949447-26-000002|nonDerivative|2026-05-21|Cannizzaro Edward G|A|Common Stock|896|0|D,2026-05-31 10:00:17+0000,ROST,"ROSS STORES, INC.",0000745732,4,2026-05-26,2026-05-21,0001949447-26-000002,https://www.sec.gov/Archives/edgar/data/745732/000194944726000002/form4-05262026_040501.xml,nonDerivative,2026-05-21,A,Common Stock,896,0,0.0,8273,D,Cannizzaro Edward G,,true,false,false,,SEC EDGAR
ROST|0001238926-26-000004|nonDerivative|2026-05-21|BUSH MICHAEL J|A|Common Stock|896|0|D,2026-05-31 10:00:17+0000,ROST,"ROSS STORES, INC.",0000745732,4,2026-05-26,2026-05-21,0001238926-26-000004,https://www.sec.gov/Archives/edgar/data/745732/000123892626000004/form4-05262026_050501.xml,nonDerivative,2026-05-21,A,Common Stock,896,0,0.0,37554,D,BUSH MICHAEL J,,true,false,false,,SEC EDGAR
ROST|0001238924-26-000002|nonDerivative|2026-05-21|BJORKLUND GUNNAR K|A|Common Stock|896|0|D,2026-05-31 10:00:17+0000,ROST,"ROSS STORES, INC.",0000745732,4,2026-05-26,2026-05-21,0001238924-26-000002,https://www.sec.gov/Archives/edgar/data/745732/000123892426000002/form4-05262026_050501.xml,nonDerivative,2026-05-21,A,Common Stock,896,0,0.0,23838,D,BJORKLUND GUNNAR K,,true,false,false,,SEC EDGAR
ROST|0001238924-26-000002|nonDerivative|2026-05-21|BJORKLUND GUNNAR K|A|Common Stock|643|0|D,2026-05-31 10:00:17+0000,ROST,"ROSS STORES, INC.",0000745732,4,2026-05-26,2026-05-21,0001238924-26-000002,https://www.sec.gov/Archives/edgar/data/745732/000123892426000002/form4-05262026_050501.xml,nonDerivative,2026-05-21,A,Common Stock,643,0,0.0,24481,D,BJORKLUND GUNNAR K,,true,false,false,,SEC EDGAR
Q|0001628280-26-038263|nonDerivative|2026-05-21|Sterin Steven|A|Common Stock|1278|0|D,2026-05-31 10:00:17+0000,Q,"Qnity Electronics, Inc.",0002058873,4,2026-05-26,2026-05-21,0001628280-26-038263,https://www.sec.gov/Archives/edgar/data/2058873/000162828026038263/wk-form4_1779832900.xml,nonDerivative,2026-05-21,A,Common Stock,1278,0,0.0,13106.0612,D,Sterin Steven,Director,1,0,0,,SEC EDGAR
Q|0001628280-26-038263|nonDerivative|2026-05-26|Sterin Steven|S|Common Stock|511|161.9656|D,2026-05-31 10:00:17+0000,Q,"Qnity Electronics, Inc.",0002058873,4,2026-05-26,2026-05-21,0001628280-26-038263,https://www.sec.gov/Archives/edgar/data/2058873/000162828026038263/wk-form4_1779832900.xml,nonDerivative,2026-05-26,S,Common Stock,511,161.9656,82764.4216,12595.0612,D,Sterin Steven,Director,1,0,0,,SEC EDGAR
Q|0001628280-26-038262|nonDerivative|2026-05-21|PAIK YI HYON|A|Common Stock|1278|0|D,2026-05-31 10:00:17+0000,Q,"Qnity Electronics, Inc.",0002058873,4,2026-05-26,2026-05-21,0001628280-26-038262,https://www.sec.gov/Archives/edgar/data/2058873/000162828026038262/wk-form4_1779832833.xml,nonDerivative,2026-05-21,A,Common Stock,1278,0,0.0,5645.1102,D,PAIK YI HYON,Director,1,0,0,,SEC EDGAR
Q|0001628280-26-038260|nonDerivative|2026-05-21|Noonan Anne P|A|Common Stock|1278|0|D,2026-05-31 10:00:17+0000,Q,"Qnity Electronics, Inc.",0002058873,4,2026-05-26,2026-05-21,0001628280-26-038260,https://www.sec.gov/Archives/edgar/data/2058873/000162828026038260/wk-form4_1779832791.xml,nonDerivative,2026-05-21,A,Common Stock,1278,0,0.0,8878.1102,D,Noonan Anne P,Director,1,0,0,,SEC EDGAR
Q|0001628280-26-038259|nonDerivative|2026-05-21|JOHNSON KRISTINA M|A|Common Stock|1278|0|D,2026-05-31 10:00:17+0000,Q,"Qnity Electronics, Inc.",0002058873,4,2026-05-26,2026-05-21,0001628280-26-038259,https://www.sec.gov/Archives/edgar/data/2058873/000162828026038259/wk-form4_1779832747.xml,nonDerivative,2026-05-21,A,Common Stock,1278,0,0.0,7763.3648,D,JOHNSON KRISTINA M,Director,1,0,0,,SEC EDGAR
Q|0001628280-26-038258|nonDerivative|2026-05-21|Green Byron|A|Common Stock|1278|0|D,2026-05-31 10:00:17+0000,Q,"Qnity Electronics, Inc.",0002058873,4,2026-05-26,2026-05-21,0001628280-26-038258,https://www.sec.gov/Archives/edgar/data/2058873/000162828026038258/wk-form4_1779832694.xml,nonDerivative,2026-05-21,A,Common Stock,1278,0,0.0,7651.2164,D,Green Byron,Director,1,0,0,,SEC EDGAR
Q|0001628280-26-038256|nonDerivative|2026-05-21|De Bondt Karin|A|Common Stock|1278|0|D,2026-05-31 10:00:17+0000,Q,"Qnity Electronics, Inc.",0002058873,4,2026-05-26,2026-05-21,0001628280-26-038256,https://www.sec.gov/Archives/edgar/data/2058873/000162828026038256/wk-form4_1779832640.xml,nonDerivative,2026-05-21,A,Common Stock,1278,0,0.0,5645.1102,D,De Bondt Karin,Director,1,0,0,,SEC EDGAR
Q|0001628280-26-038255|nonDerivative|2026-05-21|CURTIN TERRENCE R|A|Common Stock|1278|0|D,2026-05-31 10:00:17+0000,Q,"Qnity Electronics, Inc.",0002058873,4,2026-05-26,2026-05-21,0001628280-26-038255,https://www.sec.gov/Archives/edgar/data/2058873/000162828026038255/wk-form4_1779832591.xml,nonDerivative,2026-05-21,A,Common Stock,1278,0,0.0,21845.0714,D,CURTIN TERRENCE R,Director,1,0,0,,SEC EDGAR
Q|0001628280-26-038253|nonDerivative|2026-05-21|Banerji Shumeet|A|Common Stock|1278|0|D,2026-05-31 10:00:17+0000,Q,"Qnity Electronics, Inc.",0002058873,4,2026-05-26,2026-05-21,0001628280-26-038253,https://www.sec.gov/Archives/edgar/data/2058873/000162828026038253/wk-form4_1779832484.xml,nonDerivative,2026-05-21,A,Common Stock,1278,0,0.0,5645.1102,D,Banerji Shumeet,Director,1,0,0,,SEC EDGAR
Q|0001628280-26-038254|nonDerivative|2026-05-21|BLINN MARK A|A|Common Stock|1278|0|D,2026-05-31 10:00:17+0000,Q,"Qnity Electronics, Inc.",0002058873,4,2026-05-26,2026-05-21,0001628280-26-038254,https://www.sec.gov/Archives/edgar/data/2058873/000162828026038254/wk-form4_1779832534.xml,nonDerivative,2026-05-21,A,Common Stock,1278,0,0.0,5645.1102,D,BLINN MARK A,Director,1,0,0,,SEC EDGAR
PWR|0001977371-26-000002|derivative|2026-05-21|dePass Olsovsky Josephine Ann Marie|A|Restricted Stock Units|249|0|D,2026-05-31 10:00:17+0000,PWR,"QUANTA SERVICES, INC.",0001050915,4,2026-05-26,2026-05-21,0001977371-26-000002,https://www.sec.gov/Archives/edgar/data/1050915/000197737126000002/wk-form4_1779833960.xml,derivative,2026-05-21,A,Restricted Stock Units,249,0,0.0,808,D,dePass Olsovsky Josephine Ann Marie,Director,1,0,0,,SEC EDGAR
PWR|0001275686-26-000004|derivative|2026-05-21|WYRSCH MARTHA B|A|Restricted Stock Units|249|0|D,2026-05-31 10:00:17+0000,PWR,"QUANTA SERVICES, INC.",0001050915,4,2026-05-26,2026-05-21,0001275686-26-000004,https://www.sec.gov/Archives/edgar/data/1050915/000127568626000004/wk-form4_1779833760.xml,derivative,2026-05-21,A,Restricted Stock Units,249,0,0.0,808,D,WYRSCH MARTHA B,Director,1,0,0,,SEC EDGAR
PWR|0001883013-26-000002|nonDerivative|2026-05-21|VALENTIN RAUL JAVIER|M|Common Stock|559|0|D,2026-05-31 10:00:17+0000,PWR,"QUANTA SERVICES, INC.",0001050915,4,2026-05-26,2026-05-21,0001883013-26-000002,https://www.sec.gov/Archives/edgar/data/1050915/000188301326000002/wk-form4_1779833230.xml,nonDerivative,2026-05-21,M,Common Stock,559,0,0.0,2022,D,VALENTIN RAUL JAVIER,Director,1,0,0,,SEC EDGAR
PWR|0001883013-26-000002|derivative|2026-05-21|VALENTIN RAUL JAVIER|M|Restricted Stock Units|559|0|D,2026-05-31 10:00:17+0000,PWR,"QUANTA SERVICES, INC.",0001050915,4,2026-05-26,2026-05-21,0001883013-26-000002,https://www.sec.gov/Archives/edgar/data/1050915/000188301326000002/wk-form4_1779833230.xml,derivative,2026-05-21,M,Restricted Stock Units,559,0,0.0,0,D,VALENTIN RAUL JAVIER,Director,1,0,0,,SEC EDGAR
PWR|0001608962-26-000002|derivative|2026-05-21|Rowe Robert Scott|A|Restricted Stock Units|249|0|D,2026-05-31 10:00:17+0000,PWR,"QUANTA SERVICES, INC.",0001050915,4,2026-05-26,2026-05-21,0001608962-26-000002,https://www.sec.gov/Archives/edgar/data/1050915/000160896226000002/wk-form4_1779833930.xml,derivative,2026-05-21,A,Restricted Stock Units,249,0,0.0,1779,D,Rowe Robert Scott,Director,1,0,0,,SEC EDGAR
PWR|0001221455-26-000004|derivative|2026-05-21|Ladhani Holli C.|A|Restricted Stock Units|249|0|D,2026-05-31 10:00:17+0000,PWR,"QUANTA SERVICES, INC.",0001050915,4,2026-05-26,2026-05-21,0001221455-26-000004,https://www.sec.gov/Archives/edgar/data/1050915/000122145526000004/wk-form4_1779833395.xml,derivative,2026-05-21,A,Restricted Stock Units,249,0,0.0,808,D,Ladhani Holli C.,Director,1,0,0,,SEC EDGAR
PWR|0001676729-26-000004|derivative|2026-05-21|Kim Joseph|A|Restricted Stock Units|249|0|D,2026-05-31 10:00:17+0000,PWR,"QUANTA SERVICES, INC.",0001050915,4,2026-05-26,2026-05-21,0001676729-26-000004,https://www.sec.gov/Archives/edgar/data/1050915/000167672926000004/wk-form4_1779833729.xml,derivative,2026-05-21,A,Restricted Stock Units,249,0,0.0,249,D,Kim Joseph,Director,1,0,0,,SEC EDGAR
PWR|0001229832-26-000002|derivative|2026-05-21|JACKMAN WORTHING|A|Restricted Stock Units|249|0|D,2026-05-31 10:00:17+0000,PWR,"QUANTA SERVICES, INC.",0001050915,4,2026-05-26,2026-05-21,0001229832-26-000002,https://www.sec.gov/Archives/edgar/data/1050915/000122983226000002/wk-form4_1779833444.xml,derivative,2026-05-21,A,Restricted Stock Units,249,0,0.0,11297,D,JACKMAN WORTHING,Director,1,0,0,,SEC EDGAR
PWR|0001284383-26-000002|derivative|2026-05-21|FRIED BERNARD|A|Restricted Stock Units|249|0|D,2026-05-31 10:00:17+0000,PWR,"QUANTA SERVICES, INC.",0001050915,4,2026-05-26,2026-05-21,0001284383-26-000002,https://www.sec.gov/Archives/edgar/data/1050915/000128438326000002/wk-form4_1779833367.xml,derivative,2026-05-21,A,Restricted Stock Units,249,0,0.0,20381,D,FRIED BERNARD,Director,1,0,0,,SEC EDGAR
PWR|0001653862-26-000003|derivative|2026-05-21|Beneby Doyle N|A|Restricted Stock Units|387|0|D,2026-05-31 10:00:17+0000,PWR,"QUANTA SERVICES, INC.",0001050915,4,2026-05-26,2026-05-21,0001653862-26-000003,https://www.sec.gov/Archives/edgar/data/1050915/000165386226000003/wk-form4_1779833315.xml,derivative,2026-05-21,A,Restricted Stock Units,387,0,0.0,1257,D,Beneby Doyle N,Director,1,0,0,,SEC EDGAR
PWR|0001190093-26-000004|derivative|2026-05-21|BAXTER WARNER L|A|Restricted Stock Units|249|0|D,2026-05-31 10:00:17+0000,PWR,"QUANTA SERVICES, INC.",0001050915,4,2026-05-26,2026-05-21,0001190093-26-000004,https://www.sec.gov/Archives/edgar/data/1050915/000119009326000004/wk-form4_1779833266.xml,derivative,2026-05-21,A,Restricted Stock Units,249,0,0.0,808,D,BAXTER WARNER L,Director,1,0,0,,SEC EDGAR
PCG|0001628280-26-038132|nonDerivative|2026-05-21|Wilson Benjamin Francis|A|Common Stock|10948|0|D,2026-05-31 10:00:17+0000,PCG,PG&E Corp,0001004980,4,2026-05-26,2026-05-21,0001628280-26-038132,https://www.sec.gov/Archives/edgar/data/1004980/000162828026038132/wk-form4_1779827580.xml,nonDerivative,2026-05-21,A,Common Stock,10948,0,0.0,80598.98,D,Wilson Benjamin Francis,Director,1,0,0,,SEC EDGAR
PCG|0001628280-26-038130|nonDerivative|2026-05-21|Smith William Lloyd|A|Common Stock|10948|0|D,2026-05-31 10:00:17+0000,PCG,PG&E Corp,0001004980,4,2026-05-26,2026-05-21,0001628280-26-038130,https://www.sec.gov/Archives/edgar/data/1004980/000162828026038130/wk-form4_1779827515.xml,nonDerivative,2026-05-21,A,Common Stock,10948,0,0.0,253410,D,Smith William Lloyd,Director,1,0,0,,SEC EDGAR
PCG|0001628280-26-038123|nonDerivative|2026-05-21|LARSEN JOHN O|A|Common Stock|10948|0|D,2026-05-31 10:00:17+0000,PCG,PG&E Corp,0001004980,4,2026-05-26,2026-05-21,0001628280-26-038123,https://www.sec.gov/Archives/edgar/data/1004980/000162828026038123/wk-form4_1779827436.xml,nonDerivative,2026-05-21,A,Common Stock,10948,0,0.0,29123.45,D,LARSEN JOHN O,Director,1,0,0,,SEC EDGAR
PCG|0001628280-26-038114|nonDerivative|2026-05-21|Harris Arno Lockheart|A|Common Stock|10948|0|D,2026-05-31 10:00:17+0000,PCG,PG&E Corp,0001004980,4,2026-05-26,2026-05-21,0001628280-26-038114,https://www.sec.gov/Archives/edgar/data/1004980/000162828026038114/wk-form4_1779827310.xml,nonDerivative,2026-05-21,A,Common Stock,10948,0,0.0,79999,D,Harris Arno Lockheart,Director,1,0,0,,SEC EDGAR
PCG|0001628280-26-038118|nonDerivative|2026-05-21|HERNANDEZ CARLOS M|A|Common Stock|10948|0|D,2026-05-31 10:00:17+0000,PCG,PG&E Corp,0001004980,4,2026-05-26,2026-05-21,0001628280-26-038118,https://www.sec.gov/Archives/edgar/data/1004980/000162828026038118/wk-form4_1779827372.xml,nonDerivative,2026-05-21,A,Common Stock,10948,0,0.0,57270.96,D,HERNANDEZ CARLOS M,Director,1,0,0,,SEC EDGAR
PCG|0001628280-26-038112|nonDerivative|2026-05-21|Fugate William Craig|A|Common Stock|10948|0|D,2026-05-31 10:00:17+0000,PCG,PG&E Corp,0001004980,4,2026-05-26,2026-05-21,0001628280-26-038112,https://www.sec.gov/Archives/edgar/data/1004980/000162828026038112/wk-form4_1779827233.xml,nonDerivative,2026-05-21,A,Common Stock,10948,0,0.0,79999,D,Fugate William Craig,Director,1,0,0,,SEC EDGAR
PCG|0001628280-26-038108|nonDerivative|2026-05-21|FERGUSON III MARK E|A|Common Stock|10948|0|D,2026-05-31 10:00:17+0000,PCG,PG&E Corp,0001004980,4,2026-05-26,2026-05-21,0001628280-26-038108,https://www.sec.gov/Archives/edgar/data/1004980/000162828026038108/wk-form4_1779827167.xml,nonDerivative,2026-05-21,A,Common Stock,10948,0,0.0,31431.15,D,FERGUSON III MARK E,Director,1,0,0,,SEC EDGAR
PCG|0001628280-26-038148|nonDerivative|2026-05-21|Denecour Jessica|A|Common Stock|10948|0|D,2026-05-31 10:00:17+0000,PCG,PG&E Corp,0001004980,4,2026-05-26,2026-05-21,0001628280-26-038148,https://www.sec.gov/Archives/edgar/data/1004980/000162828026038148/wk-form4_1779827779.xml,nonDerivative,2026-05-21,A,Common Stock,10948,0,0.0,81714.68,D,Denecour Jessica,Director,1,0,0,,SEC EDGAR
PCG|0001628280-26-038100|nonDerivative|2026-05-21|DENAULT LEO P|A|Common Stock|10948|0|D,2026-05-31 10:00:17+0000,PCG,PG&E Corp,0001004980,4,2026-05-26,2026-05-21,0001628280-26-038100,https://www.sec.gov/Archives/edgar/data/1004980/000162828026038100/wk-form4_1779826690.xml,nonDerivative,2026-05-21,A,Common Stock,10948,0,0.0,27923.45,D,DENAULT LEO P,Director,1,0,0,,SEC EDGAR
PCG|0001628280-26-038159|nonDerivative|2026-05-21|Cooper Kerry Whorton|A|Common Stock|17639|0|D,2026-05-31 10:00:17+0000,PCG,PG&E Corp,0001004980,4,2026-05-26,2026-05-21,0001628280-26-038159,https://www.sec.gov/Archives/edgar/data/1004980/000162828026038159/wk-form4_1779828028.xml,nonDerivative,2026-05-21,A,Common Stock,17639,0,0.0,90852.58,D,Cooper Kerry Whorton,Director,1,0,0,,SEC EDGAR
PCG|0001628280-26-038157|nonDerivative|2026-05-21|Cannizzaro Edward G|A|Common Stock|10948|0|D,2026-05-31 10:00:17+0000,PCG,PG&E Corp,0001004980,4,2026-05-26,2026-05-21,0001628280-26-038157,https://www.sec.gov/Archives/edgar/data/1004980/000162828026038157/wk-form4_1779827968.xml,nonDerivative,2026-05-21,A,Common Stock,10948,0,0.0,42427.29,D,Cannizzaro Edward G,Director,1,0,0,,SEC EDGAR
PCG|0001628280-26-038150|nonDerivative|2026-05-21|Campbell Cheryl F.|A|Common Stock|10948|0|D,2026-05-31 10:00:17+0000,PCG,PG&E Corp,0001004980,4,2026-05-26,2026-05-21,0001628280-26-038150,https://www.sec.gov/Archives/edgar/data/1004980/000162828026038150/wk-form4_1779827844.xml,nonDerivative,2026-05-21,A,Common Stock,10948,0,0.0,85596.44,D,Campbell Cheryl F.,Director,1,0,0,,SEC EDGAR
PCG|0001628280-26-038155|nonDerivative|2026-05-21|Bahri Rajat|A|Common Stock|10948|0|D,2026-05-31 10:00:17+0000,PCG,PG&E Corp,0001004980,4,2026-05-26,2026-05-21,0001628280-26-038155,https://www.sec.gov/Archives/edgar/data/1004980/000162828026038155/wk-form4_1779827903.xml,nonDerivative,2026-05-21,A,Common Stock,10948,0,0.0,83169,D,Bahri Rajat,Director,1,0,0,,SEC EDGAR
O|0001697749-26-000002|nonDerivative|2026-05-21|Preusse Mary Hogan|A|Common Stock|3214|0|D,2026-05-31 10:00:17+0000,O,REALTY INCOME CORP,0000726728,4,2026-05-26,2026-05-21,0001697749-26-000002,https://www.sec.gov/Archives/edgar/data/726728/000169774926000002/wk-form4_1779834066.xml,nonDerivative,2026-05-21,A,Common Stock,3214,0,0.0,22425,D,Preusse Mary Hogan,Director,1,0,0,,SEC EDGAR
O|0001403051-26-000004|nonDerivative|2026-05-21|McLaughlin Gregory|A|Common Stock|3214|0|I,2026-05-31 10:00:17+0000,O,REALTY INCOME CORP,0000726728,4,2026-05-26,2026-05-21,0001403051-26-000004,https://www.sec.gov/Archives/edgar/data/726728/000140305126000004/wk-form4_1779834758.xml,nonDerivative,2026-05-21,A,Common Stock,3214,0,0.0,38207,I,McLaughlin Gregory,Director,1,0,0,,SEC EDGAR
O|0001183487-26-000002|nonDerivative|2026-05-21|MCKEE MICHAEL D|A|Common Stock|3214|0|I,2026-05-31 10:00:17+0000,O,REALTY INCOME CORP,0000726728,4,2026-05-26,2026-05-21,0001183487-26-000002,https://www.sec.gov/Archives/edgar/data/726728/000118348726000002/wk-form4_1779834628.xml,nonDerivative,2026-05-21,A,Common Stock,3214,0,0.0,144046,I,MCKEE MICHAEL D,Director,1,0,0,,SEC EDGAR
O|0001248032-26-000005|nonDerivative|2026-05-21|LOPEZ GERARDO I|A|Common Stock|3214|0|D,2026-05-31 10:00:17+0000,O,REALTY INCOME CORP,0000726728,4,2026-05-26,2026-05-21,0001248032-26-000005,https://www.sec.gov/Archives/edgar/data/726728/000124803226000005/wk-form4_1779834507.xml,nonDerivative,2026-05-21,A,Common Stock,3214,0,0.0,34846,D,LOPEZ GERARDO I,Director,1,0,0,,SEC EDGAR
O|0001384514-26-000002|nonDerivative|2026-05-21|Jacobson Jeff A|A|Common Stock|3214|0|D,2026-05-31 10:00:17+0000,O,REALTY INCOME CORP,0000726728,4,2026-05-26,2026-05-21,0001384514-26-000002,https://www.sec.gov/Archives/edgar/data/726728/000138451426000002/wk-form4_1779834380.xml,nonDerivative,2026-05-21,A,Common Stock,3214,0,0.0,14846,D,Jacobson Jeff A,Director,1,0,0,,SEC EDGAR
O|0001419882-26-000009|nonDerivative|2026-05-21|Huskins Priya Cherian|A|Common Stock|3214|0|I,2026-05-31 10:00:17+0000,O,REALTY INCOME CORP,0000726728,4,2026-05-26,2026-05-21,0001419882-26-000009,https://www.sec.gov/Archives/edgar/data/726728/000141988226000009/wk-form4_1779834192.xml,nonDerivative,2026-05-21,A,Common Stock,3214,0,0.0,54246,I,Huskins Priya Cherian,Director,1,0,0,,SEC EDGAR
O|0002090607-26-000002|nonDerivative|2026-05-21|Hourihan Kimberly|A|Common Stock|3214|0|D,2026-05-31 10:00:17+0000,O,REALTY INCOME CORP,0000726728,4,2026-05-26,2026-05-21,0002090607-26-000002,https://www.sec.gov/Archives/edgar/data/726728/000209060726000002/wk-form4_1779833889.xml,nonDerivative,2026-05-21,A,Common Stock,3214,0,0.0,6613,D,Hourihan Kimberly,Director,1,0,0,,SEC EDGAR
O|0001706594-26-000002|nonDerivative|2026-05-21|GILYARD REGINALD HAROLD|A|Common Stock|3214|0|D,2026-05-31 10:00:17+0000,O,REALTY INCOME CORP,0000726728,4,2026-05-26,2026-05-21,0001706594-26-000002,https://www.sec.gov/Archives/edgar/data/726728/000170659426000002/wk-form4_1779833752.xml,nonDerivative,2026-05-21,A,Common Stock,3214,0,0.0,10847,D,GILYARD REGINALD HAROLD,Director,1,0,0,,SEC EDGAR
O|0001542647-26-000002|nonDerivative|2026-05-21|Chapman A. Larry|A|Common Stock|3214|0|I,2026-05-31 10:00:17+0000,O,REALTY INCOME CORP,0000726728,4,2026-05-26,2026-05-21,0001542647-26-000002,https://www.sec.gov/Archives/edgar/data/726728/000154264726000002/wk-form4_1779833605.xml,nonDerivative,2026-05-21,A,Common Stock,3214,0,0.0,12103,I,Chapman A. Larry,Director,1,0,0,,SEC EDGAR
O|0001847531-26-000003|nonDerivative|2026-05-21|Almodovar Priscilla|A|Common Stock|3214|0|D,2026-05-31 10:00:17+0000,O,REALTY INCOME CORP,0000726728,4,2026-05-26,2026-05-21,0001847531-26-000003,https://www.sec.gov/Archives/edgar/data/726728/000184753126000003/wk-form4_1779833442.xml,nonDerivative,2026-05-21,A,Common Stock,3214,0,0.0,25179,D,Almodovar Priscilla,Director,1,0,0,,SEC EDGAR
NTRS|0001751051-26-000010|nonDerivative|2026-05-22|South Thomas A|G|Common Stock|320|0|D,2026-05-31 10:00:17+0000,NTRS,NORTHERN TRUST CORP,0000073124,4,2026-05-26,2026-05-22,0001751051-26-000010,https://www.sec.gov/Archives/edgar/data/73124/000175105126000010/wk-form4_1779825696.xml,nonDerivative,2026-05-22,G,Common Stock,320,0,0.0,94717,D,South Thomas A,"Officer, Executive Vice President",0,1,0,Executive Vice President,SEC EDGAR
NOW|0001589849-26-000004|nonDerivative|2026-05-21|Sands Anita M|A|Common Stock|3260|0|D,2026-05-31 10:00:17+0000,NOW,"ServiceNow, Inc.",0001373715,4,2026-05-26,2026-05-21,0001589849-26-000004,https://www.sec.gov/Archives/edgar/data/1373715/000158984926000004/wk-form4_1779827096.xml,nonDerivative,2026-05-21,A,Common Stock,3260,0,0.0,33350,D,Sands Anita M,Director,1,0,0,,SEC EDGAR
NOW|0001876796-26-000002|nonDerivative|2026-05-21|Quinlan Larry|A|Common Stock|3260|0|D,2026-05-31 10:00:17+0000,NOW,"ServiceNow, Inc.",0001373715,4,2026-05-26,2026-05-21,0001876796-26-000002,https://www.sec.gov/Archives/edgar/data/1373715/000187679626000002/wk-form4_1779827102.xml,nonDerivative,2026-05-21,A,Common Stock,3260,0,0.0,11465,D,Quinlan Larry,Director,1,0,0,,SEC EDGAR
NOW|0001259158-26-000002|nonDerivative|2026-05-21|LUDDY FREDERIC B|A|Common Stock|3260|0|D,2026-05-31 10:00:17+0000,NOW,"ServiceNow, Inc.",0001373715,4,2026-05-26,2026-05-21,0001259158-26-000002,https://www.sec.gov/Archives/edgar/data/1373715/000125915826000002/wk-form4_1779827140.xml,nonDerivative,2026-05-21,A,Common Stock,3260,0,0.0,4855,D,LUDDY FREDERIC B,Director,1,0,0,,SEC EDGAR
NOW|0001831384-26-000002|nonDerivative|2026-05-21|Jackson Lawrence|A|Common Stock|3260|0|D,2026-05-31 10:00:17+0000,NOW,"ServiceNow, Inc.",0001373715,4,2026-05-26,2026-05-21,0001831384-26-000002,https://www.sec.gov/Archives/edgar/data/1373715/000183138426000002/wk-form4_1779827121.xml,nonDerivative,2026-05-21,A,Common Stock,3260,0,0.0,4875,D,Jackson Lawrence,Director,1,0,0,,SEC EDGAR
NOW|0001659774-26-000006|nonDerivative|2026-05-21|Chamberlain Paul Edward|A|Common Stock|3260|0|D,2026-05-31 10:00:17+0000,NOW,"ServiceNow, Inc.",0001373715,4,2026-05-26,2026-05-21,0001659774-26-000006,https://www.sec.gov/Archives/edgar/data/1373715/000165977426000006/wk-form4_1779827127.xml,nonDerivative,2026-05-21,A,Common Stock,3260,0,0.0,48190,D,Chamberlain Paul Edward,Director,1,0,0,,SEC EDGAR
NOW|0001767659-26-000006|nonDerivative|2026-05-21|Briggs Teresa|A|Common Stock|3260|0|D,2026-05-31 10:00:17+0000,NOW,"ServiceNow, Inc.",0001373715,4,2026-05-26,2026-05-21,0001767659-26-000006,https://www.sec.gov/Archives/edgar/data/1373715/000176765926000006/wk-form4_1779827133.xml,nonDerivative,2026-05-21,A,Common Stock,3260,0,0.0,12605,D,Briggs Teresa,Director,1,0,0,,SEC EDGAR
NOW|0001181469-26-000002|nonDerivative|2026-05-21|BOSTROM SUSAN L|A|Common Stock|3260|0|D,2026-05-31 10:00:17+0000,NOW,"ServiceNow, Inc.",0001373715,4,2026-05-26,2026-05-21,0001181469-26-000002,https://www.sec.gov/Archives/edgar/data/1373715/000118146926000002/wk-form4_1779827113.xml,nonDerivative,2026-05-21,A,Common Stock,3260,0,0.0,21685,D,BOSTROM SUSAN L,Director,1,0,0,,SEC EDGAR
NI|0001111711-26-000073|nonDerivative|2026-05-21|Yates Lloyd M|S|Common Stock|19905|47.73|D,2026-05-31 10:00:17+0000,NI,NISOURCE INC.,0001111711,4,2026-05-26,2026-05-21,0001111711-26-000073,https://www.sec.gov/Archives/edgar/data/1111711/000111171126000073/form4.xml,nonDerivative,2026-05-21,S,Common Stock,19905,47.73,950065.6499999999,519556.732,D,Yates Lloyd M,"Director, Officer, Director and President & CEO",1,1,,Director and President & CEO,SEC EDGAR
NCLH|0001104659-26-066326|nonDerivative|2026-05-22|CHIDSEY JOHN|P|Common Stock|153000|16.37|D,2026-05-31 10:00:17+0000,NCLH,Norwegian Cruise Line Holdings Ltd.,0001513761,4,2026-05-26,2026-05-22,0001104659-26-066326,https://www.sec.gov/Archives/edgar/data/1513761/000110465926066326/tm2615646-1_4seq1.xml,nonDerivative,2026-05-22,P,Common Stock,153000,16.37,2504610.0,1139940,D,CHIDSEY JOHN,"Director, Officer, President and CEO",1,1,0,President and CEO,SEC EDGAR
MGM|0000789570-26-000059|nonDerivative|2026-05-22|TAYLOR DANIEL J|S|Common Stock $.01 Par Value ND|6675|38.44|I,2026-05-31 10:00:17+0000,MGM,MGM Resorts International,0000789570,4,2026-05-26,2026-05-22,0000789570-26-000059,https://www.sec.gov/Archives/edgar/data/789570/000078957026000059/form4.xml,nonDerivative,2026-05-22,S,Common Stock $.01 Par Value ND,6675,38.44,256586.99999999997,0,I,TAYLOR DANIEL J,Director,1,,,,SEC EDGAR
MCK|0000927653-26-000111|nonDerivative|2026-05-21|Vitalone Britt J.|M|Common Stock|1207|0|D,2026-05-31 10:00:17+0000,MCK,MCKESSON CORP,0000927653,4,2026-05-26,2026-05-21,0000927653-26-000111,https://www.sec.gov/Archives/edgar/data/927653/000092765326000111/form4.xml,nonDerivative,2026-05-21,M,Common Stock,1207,0,0.0,21505.377,D,Vitalone Britt J.,"Officer, EVP & CFO",0,1,0,EVP & CFO,SEC EDGAR
MCK|0000927653-26-000111|nonDerivative|2026-05-21|Vitalone Britt J.|F|Common Stock|447|766.5|D,2026-05-31 10:00:17+0000,MCK,MCKESSON CORP,0000927653,4,2026-05-26,2026-05-21,0000927653-26-000111,https://www.sec.gov/Archives/edgar/data/927653/000092765326000111/form4.xml,nonDerivative,2026-05-21,F,Common Stock,447,766.5,342625.5,21058.377,D,Vitalone Britt J.,"Officer, EVP & CFO",0,1,0,EVP & CFO,SEC EDGAR
MCK|0000927653-26-000111|derivative|2026-05-21|Vitalone Britt J.|M|Restricted Stock Units (RSUs)|1207|0|D,2026-05-31 10:00:17+0000,MCK,MCKESSON CORP,0000927653,4,2026-05-26,2026-05-21,0000927653-26-000111,https://www.sec.gov/Archives/edgar/data/927653/000092765326000111/form4.xml,derivative,2026-05-21,M,Restricted Stock Units (RSUs),1207,0,0.0,1207,D,Vitalone Britt J.,"Officer, EVP & CFO",0,1,0,EVP & CFO,SEC EDGAR
MCK|0000927653-26-000112|nonDerivative|2026-05-21|TYLER BRIAN S.|M|Common Stock|3500|0|D,2026-05-31 10:00:17+0000,MCK,MCKESSON CORP,0000927653,4,2026-05-26,2026-05-21,0000927653-26-000112,https://www.sec.gov/Archives/edgar/data/927653/000092765326000112/form4.xml,nonDerivative,2026-05-21,M,Common Stock,3500,0,0.0,26345,D,TYLER BRIAN S.,"Director, Officer, Chief Executive Officer",1,1,0,Chief Executive Officer,SEC EDGAR
MCK|0000927653-26-000112|nonDerivative|2026-05-21|TYLER BRIAN S.|F|Common Stock|1319|766.5|D,2026-05-31 10:00:17+0000,MCK,MCKESSON CORP,0000927653,4,2026-05-26,2026-05-21,0000927653-26-000112,https://www.sec.gov/Archives/edgar/data/927653/000092765326000112/form4.xml,nonDerivative,2026-05-21,F,Common Stock,1319,766.5,1011013.5,25026,D,TYLER BRIAN S.,"Director, Officer, Chief Executive Officer",1,1,0,Chief Executive Officer,SEC EDGAR
MCK|0000927653-26-000112|derivative|2026-05-21|TYLER BRIAN S.|M|Restricted Stock Units (RSUs)|3500|0|D,2026-05-31 10:00:17+0000,MCK,MCKESSON CORP,0000927653,4,2026-05-26,2026-05-21,0000927653-26-000112,https://www.sec.gov/Archives/edgar/data/927653/000092765326000112/form4.xml,derivative,2026-05-21,M,Restricted Stock Units (RSUs),3500,0,0.0,3500,D,TYLER BRIAN S.,"Director, Officer, Chief Executive Officer",1,1,0,Chief Executive Officer,SEC EDGAR
MCK|0000927653-26-000110|nonDerivative|2026-05-21|Smith LeAnn B|M|Common Stock|531|0|D,2026-05-31 10:00:17+0000,MCK,MCKESSON CORP,0000927653,4,2026-05-26,2026-05-21,0000927653-26-000110,https://www.sec.gov/Archives/edgar/data/927653/000092765326000110/form4.xml,nonDerivative,2026-05-21,M,Common Stock,531,0,0.0,6406,D,Smith LeAnn B,"Officer, EVP & Chief HR Officer",0,1,0,EVP & Chief HR Officer,SEC EDGAR
MCK|0000927653-26-000110|nonDerivative|2026-05-21|Smith LeAnn B|F|Common Stock|209|766.5|D,2026-05-31 10:00:17+0000,MCK,MCKESSON CORP,0000927653,4,2026-05-26,2026-05-21,0000927653-26-000110,https://www.sec.gov/Archives/edgar/data/927653/000092765326000110/form4.xml,nonDerivative,2026-05-21,F,Common Stock,209,766.5,160198.5,6197,D,Smith LeAnn B,"Officer, EVP & Chief HR Officer",0,1,0,EVP & Chief HR Officer,SEC EDGAR
MCK|0000927653-26-000110|derivative|2026-05-21|Smith LeAnn B|M|Restricted Stock Units (RSUs)|531|0|D,2026-05-31 10:00:17+0000,MCK,MCKESSON CORP,0000927653,4,2026-05-26,2026-05-21,0000927653-26-000110,https://www.sec.gov/Archives/edgar/data/927653/000092765326000110/form4.xml,derivative,2026-05-21,M,Restricted Stock Units (RSUs),531,0,0.0,532,D,Smith LeAnn B,"Officer, EVP & Chief HR Officer",0,1,0,EVP & Chief HR Officer,SEC EDGAR
MCK|0000927653-26-000108|nonDerivative|2026-05-21|Rutledge Napoleon B JR|M|Common Stock|91|0|D,2026-05-31 10:00:17+0000,MCK,MCKESSON CORP,0000927653,4,2026-05-26,2026-05-21,0000927653-26-000108,https://www.sec.gov/Archives/edgar/data/927653/000092765326000108/form4.xml,nonDerivative,2026-05-21,M,Common Stock,91,0,0.0,697,D,Rutledge Napoleon B JR,"Officer, SVP, Controller & CAO",0,1,0,"SVP, Controller & CAO",SEC EDGAR
MCK|0000927653-26-000108|nonDerivative|2026-05-21|Rutledge Napoleon B JR|F|Common Stock|27|766.5|D,2026-05-31 10:00:17+0000,MCK,MCKESSON CORP,0000927653,4,2026-05-26,2026-05-21,0000927653-26-000108,https://www.sec.gov/Archives/edgar/data/927653/000092765326000108/form4.xml,nonDerivative,2026-05-21,F,Common Stock,27,766.5,20695.5,670,D,Rutledge Napoleon B JR,"Officer, SVP, Controller & CAO",0,1,0,"SVP, Controller & CAO",SEC EDGAR
MCK|0000927653-26-000108|derivative|2026-05-21|Rutledge Napoleon B JR|M|Restricted Stock Units (RSUs)|91|0|D,2026-05-31 10:00:17+0000,MCK,MCKESSON CORP,0000927653,4,2026-05-26,2026-05-21,0000927653-26-000108,https://www.sec.gov/Archives/edgar/data/927653/000092765326000108/form4.xml,derivative,2026-05-21,M,Restricted Stock Units (RSUs),91,0,0.0,91,D,Rutledge Napoleon B JR,"Officer, SVP, Controller & CAO",0,1,0,"SVP, Controller & CAO",SEC EDGAR
MCK|0000927653-26-000109|nonDerivative|2026-05-21|Rodgers Thomas L|M|Common Stock|423|0|D,2026-05-31 10:00:17+0000,MCK,MCKESSON CORP,0000927653,4,2026-05-26,2026-05-21,0000927653-26-000109,https://www.sec.gov/Archives/edgar/data/927653/000092765326000109/form4.xml,nonDerivative,2026-05-21,M,Common Stock,423,0,0.0,5275,D,Rodgers Thomas L,"Officer, EVP, Chief Strategy & BDO",0,1,0,"EVP, Chief Strategy & BDO",SEC EDGAR
MCK|0000927653-26-000109|nonDerivative|2026-05-21|Rodgers Thomas L|F|Common Stock|157|766.5|D,2026-05-31 10:00:17+0000,MCK,MCKESSON CORP,0000927653,4,2026-05-26,2026-05-21,0000927653-26-000109,https://www.sec.gov/Archives/edgar/data/927653/000092765326000109/form4.xml,nonDerivative,2026-05-21,F,Common Stock,157,766.5,120340.5,5118,D,Rodgers Thomas L,"Officer, EVP, Chief Strategy & BDO",0,1,0,"EVP, Chief Strategy & BDO",SEC EDGAR
MCK|0000927653-26-000109|derivative|2026-05-21|Rodgers Thomas L|M|Restricted Stock Units (RSUs)|423|0|D,2026-05-31 10:00:17+0000,MCK,MCKESSON CORP,0000927653,4,2026-05-26,2026-05-21,0000927653-26-000109,https://www.sec.gov/Archives/edgar/data/927653/000092765326000109/form4.xml,derivative,2026-05-21,M,Restricted Stock Units (RSUs),423,0,0.0,423,D,Rodgers Thomas L,"Officer, EVP, Chief Strategy & BDO",0,1,0,"EVP, Chief Strategy & BDO",SEC EDGAR
MCK|0000927653-26-000107|nonDerivative|2026-05-21|Lau Michele|M|Common Stock|724|0|D,2026-05-31 10:00:17+0000,MCK,MCKESSON CORP,0000927653,4,2026-05-26,2026-05-21,0000927653-26-000107,https://www.sec.gov/Archives/edgar/data/927653/000092765326000107/form4.xml,nonDerivative,2026-05-21,M,Common Stock,724,0,0.0,7082,D,Lau Michele,"Officer, EVP and Chief Legal Officer",0,1,0,EVP and Chief Legal Officer,SEC EDGAR
MCK|0000927653-26-000107|nonDerivative|2026-05-21|Lau Michele|F|Common Stock|285|766.5|D,2026-05-31 10:00:17+0000,MCK,MCKESSON CORP,0000927653,4,2026-05-26,2026-05-21,0000927653-26-000107,https://www.sec.gov/Archives/edgar/data/927653/000092765326000107/form4.xml,nonDerivative,2026-05-21,F,Common Stock,285,766.5,218452.5,6797,D,Lau Michele,"Officer, EVP and Chief Legal Officer",0,1,0,EVP and Chief Legal Officer,SEC EDGAR
MCK|0000927653-26-000107|derivative|2026-05-21|Lau Michele|M|Restricted Stock Units (RSUs)|724|0|D,2026-05-31 10:00:17+0000,MCK,MCKESSON CORP,0000927653,4,2026-05-26,2026-05-21,0000927653-26-000107,https://www.sec.gov/Archives/edgar/data/927653/000092765326000107/form4.xml,derivative,2026-05-21,M,Restricted Stock Units (RSUs),724,0,0.0,725,D,Lau Michele,"Officer, EVP and Chief Legal Officer",0,1,0,EVP and Chief Legal Officer,SEC EDGAR
MCK|0000927653-26-000106|nonDerivative|2026-05-21|Fraga Francisco|M|Common Stock|483|0|D,2026-05-31 10:00:17+0000,MCK,MCKESSON CORP,0000927653,4,2026-05-26,2026-05-21,0000927653-26-000106,https://www.sec.gov/Archives/edgar/data/927653/000092765326000106/form4.xml,nonDerivative,2026-05-21,M,Common Stock,483,0,0.0,6319.417,D,Fraga Francisco,"Officer, EVP, CIO and CTO",0,1,0,"EVP, CIO and CTO",SEC EDGAR
MCK|0000927653-26-000106|nonDerivative|2026-05-21|Fraga Francisco|F|Common Stock|191|766.5|D,2026-05-31 10:00:17+0000,MCK,MCKESSON CORP,0000927653,4,2026-05-26,2026-05-21,0000927653-26-000106,https://www.sec.gov/Archives/edgar/data/927653/000092765326000106/form4.xml,nonDerivative,2026-05-21,F,Common Stock,191,766.5,146401.5,6128.417,D,Fraga Francisco,"Officer, EVP, CIO and CTO",0,1,0,"EVP, CIO and CTO",SEC EDGAR
MCK|0000927653-26-000106|derivative|2026-05-21|Fraga Francisco|M|Restricted Stock Units (RSUs)|483|0|D,2026-05-31 10:00:17+0000,MCK,MCKESSON CORP,0000927653,4,2026-05-26,2026-05-21,0000927653-26-000106,https://www.sec.gov/Archives/edgar/data/927653/000092765326000106/form4.xml,derivative,2026-05-21,M,Restricted Stock Units (RSUs),483,0,0.0,483,D,Fraga Francisco,"Officer, EVP, CIO and CTO",0,1,0,"EVP, CIO and CTO",SEC EDGAR
MCHP|0001181945-26-000018|nonDerivative|2026-05-22|Simoncic Richard J|S|Common Stock|5000|93.435|I,2026-05-31 10:00:17+0000,MCHP,MICROCHIP TECHNOLOGY INC,0000827054,4,2026-05-26,2026-05-22,0001181945-26-000018,https://www.sec.gov/Archives/edgar/data/827054/000118194526000018/wk-form4_1779829451.xml,nonDerivative,2026-05-22,S,Common Stock,5000,93.435,467175.0,135508,I,Simoncic Richard J,"Officer, CHIEF OPERATING OFFICER",0,1,0,CHIEF OPERATING OFFICER,SEC EDGAR
MCHP|0001452681-26-000028|nonDerivative|2026-05-22|Bjornholt James Eric|S|Common Stock|3333|90.64|I,2026-05-31 10:00:17+0000,MCHP,MICROCHIP TECHNOLOGY INC,0000827054,4,2026-05-26,2026-05-22,0001452681-26-000028,https://www.sec.gov/Archives/edgar/data/827054/000145268126000028/wk-form4_1779829396.xml,nonDerivative,2026-05-22,S,Common Stock,3333,90.64,302103.12,28907,I,Bjornholt James Eric,"Officer, SENIOR VP AND CFO",0,1,0,SENIOR VP AND CFO,SEC EDGAR
MCHP|0001452681-26-000028|nonDerivative|2026-05-22|Bjornholt James Eric|S|Common Stock|334|93.1148|I,2026-05-31 10:00:17+0000,MCHP,MICROCHIP TECHNOLOGY INC,0000827054,4,2026-05-26,2026-05-22,0001452681-26-000028,https://www.sec.gov/Archives/edgar/data/827054/000145268126000028/wk-form4_1779829396.xml,nonDerivative,2026-05-22,S,Common Stock,334,93.1148,31100.3432,28573,I,Bjornholt James Eric,"Officer, SENIOR VP AND CFO",0,1,0,SENIOR VP AND CFO,SEC EDGAR
LYB|0001778101-26-000002|nonDerivative|2026-05-21|Manifold Albert Jude|A|Class A Ordinary Shares|2321.00|0.00|D,2026-05-31 10:00:17+0000,LYB,LyondellBasell Industries N.V.,0001489393,4,2026-05-26,2026-05-21,0001778101-26-000002,https://www.sec.gov/Archives/edgar/data/1489393/000177810126000002/primarydocument.xml,nonDerivative,2026-05-21,A,Class A Ordinary Shares,2321.00,0.00,0.0,15594.00,D,Manifold Albert Jude,,true,false,false,,SEC EDGAR
LYB|0001778101-26-000002|nonDerivative|2026-05-22|Manifold Albert Jude|F|Class A Ordinary Shares|689.00|69.72|D,2026-05-31 10:00:17+0000,LYB,LyondellBasell Industries N.V.,0001489393,4,2026-05-26,2026-05-21,0001778101-26-000002,https://www.sec.gov/Archives/edgar/data/1489393/000177810126000002/primarydocument.xml,nonDerivative,2026-05-22,F,Class A Ordinary Shares,689.00,69.72,48037.08,14905.00,D,Manifold Albert Jude,,true,false,false,,SEC EDGAR
LYB|0001797157-26-000004|nonDerivative|2026-05-21|Karlin Bridget E|A|Class A Ordinary Shares|2321.00|0.00|D,2026-05-31 10:00:17+0000,LYB,LyondellBasell Industries N.V.,0001489393,4,2026-05-26,2026-05-21,0001797157-26-000004,https://www.sec.gov/Archives/edgar/data/1489393/000179715726000004/primarydocument.xml,nonDerivative,2026-05-21,A,Class A Ordinary Shares,2321.00,0.00,0.0,7226.00,D,Karlin Bridget E,,true,false,false,,SEC EDGAR
LYB|0001797157-26-000004|nonDerivative|2026-05-22|Karlin Bridget E|F|Class A Ordinary Shares|521.00|69.72|D,2026-05-31 10:00:17+0000,LYB,LyondellBasell Industries N.V.,0001489393,4,2026-05-26,2026-05-21,0001797157-26-000004,https://www.sec.gov/Archives/edgar/data/1489393/000179715726000004/primarydocument.xml,nonDerivative,2026-05-22,F,Class A Ordinary Shares,521.00,69.72,36324.12,6705.00,D,Karlin Bridget E,,true,false,false,,SEC EDGAR
LYB|0001059614-26-000004|nonDerivative|2026-05-21|KAMSKY VIRGINIA A|A|Class A Ordinary Shares|2321.00|0.00|D,2026-05-31 10:00:17+0000,LYB,LyondellBasell Industries N.V.,0001489393,4,2026-05-26,2026-05-21,0001059614-26-000004,https://www.sec.gov/Archives/edgar/data/1489393/000105961426000004/primarydocument.xml,nonDerivative,2026-05-21,A,Class A Ordinary Shares,2321.00,0.00,0.0,10415.00,D,KAMSKY VIRGINIA A,,true,false,false,,SEC EDGAR
LYB|0001059614-26-000004|nonDerivative|2026-05-22|KAMSKY VIRGINIA A|F|Class A Ordinary Shares|593.00|69.72|D,2026-05-31 10:00:17+0000,LYB,LyondellBasell Industries N.V.,0001489393,4,2026-05-26,2026-05-21,0001059614-26-000004,https://www.sec.gov/Archives/edgar/data/1489393/000105961426000004/primarydocument.xml,nonDerivative,2026-05-22,F,Class A Ordinary Shares,593.00,69.72,41343.96,9822.00,D,KAMSKY VIRGINIA A,,true,false,false,,SEC EDGAR
LYB|0001760238-26-000002|nonDerivative|2026-05-21|Hanley Michael Sean|A|Class A Ordinary Shares|2321.00|0.00|D,2026-05-31 10:00:17+0000,LYB,LyondellBasell Industries N.V.,0001489393,4,2026-05-26,2026-05-21,0001760238-26-000002,https://www.sec.gov/Archives/edgar/data/1489393/000176023826000002/primarydocument.xml,nonDerivative,2026-05-21,A,Class A Ordinary Shares,2321.00,0.00,0.0,24435.00,D,Hanley Michael Sean,,true,false,false,,SEC EDGAR
LYB|0001760238-26-000002|nonDerivative|2026-05-22|Hanley Michael Sean|F|Class A Ordinary Shares|540.00|69.72|D,2026-05-31 10:00:17+0000,LYB,LyondellBasell Industries N.V.,0001489393,4,2026-05-26,2026-05-21,0001760238-26-000002,https://www.sec.gov/Archives/edgar/data/1489393/000176023826000002/primarydocument.xml,nonDerivative,2026-05-22,F,Class A Ordinary Shares,540.00,69.72,37648.8,23895.00,D,Hanley Michael Sean,,true,false,false,,SEC EDGAR
LYB|0001977097-26-000002|nonDerivative|2026-05-21|Griffin Rita E|A|Class A Ordinary Shares|2321.00|0.00|D,2026-05-31 10:00:17+0000,LYB,LyondellBasell Industries N.V.,0001489393,4,2026-05-26,2026-05-21,0001977097-26-000002,https://www.sec.gov/Archives/edgar/data/1489393/000197709726000002/primarydocument.xml,nonDerivative,2026-05-21,A,Class A Ordinary Shares,2321.00,0.00,0.0,7993.00,D,Griffin Rita E,,true,false,false,,SEC EDGAR
LYB|0001977097-26-000002|nonDerivative|2026-05-22|Griffin Rita E|F|Class A Ordinary Shares|639.00|69.72|D,2026-05-31 10:00:17+0000,LYB,LyondellBasell Industries N.V.,0001489393,4,2026-05-26,2026-05-21,0001977097-26-000002,https://www.sec.gov/Archives/edgar/data/1489393/000197709726000002/primarydocument.xml,nonDerivative,2026-05-22,F,Class A Ordinary Shares,639.00,69.72,44551.08,7354.00,D,Griffin Rita E,,true,false,false,,SEC EDGAR
LYB|0001204506-26-000006|nonDerivative|2026-05-21|FARLEY CLAIRE S|A|Class A Ordinary Shares|2321.00|0.00|D,2026-05-31 10:00:17+0000,LYB,LyondellBasell Industries N.V.,0001489393,4,2026-05-26,2026-05-21,0001204506-26-000006,https://www.sec.gov/Archives/edgar/data/1489393/000120450626000006/primarydocument.xml,nonDerivative,2026-05-21,A,Class A Ordinary Shares,2321.00,0.00,0.0,26906.00,D,FARLEY CLAIRE S,,true,false,false,,SEC EDGAR
LYB|0001204506-26-000006|nonDerivative|2026-05-22|FARLEY CLAIRE S|F|Class A Ordinary Shares|565.00|69.72|D,2026-05-31 10:00:17+0000,LYB,LyondellBasell Industries N.V.,0001489393,4,2026-05-26,2026-05-21,0001204506-26-000006,https://www.sec.gov/Archives/edgar/data/1489393/000120450626000006/primarydocument.xml,nonDerivative,2026-05-22,F,Class A Ordinary Shares,565.00,69.72,39391.8,26341.00,D,FARLEY CLAIRE S,,true,false,false,,SEC EDGAR
LYB|0001855587-26-000003|nonDerivative|2026-05-21|Dudley Robert W.|A|Class A Ordinary Shares|2321.00|0.00|D,2026-05-31 10:00:17+0000,LYB,LyondellBasell Industries N.V.,0001489393,4,2026-05-26,2026-05-21,0001855587-26-000003,https://www.sec.gov/Archives/edgar/data/1489393/000185558726000003/primarydocument.xml,nonDerivative,2026-05-21,A,Class A Ordinary Shares,2321.00,0.00,0.0,10528.00,D,Dudley Robert W.,,true,false,false,,SEC EDGAR
LYB|0001855587-26-000003|nonDerivative|2026-05-22|Dudley Robert W.|F|Class A Ordinary Shares|708.00|69.72|D,2026-05-31 10:00:17+0000,LYB,LyondellBasell Industries N.V.,0001489393,4,2026-05-26,2026-05-21,0001855587-26-000003,https://www.sec.gov/Archives/edgar/data/1489393/000185558726000003/primarydocument.xml,nonDerivative,2026-05-22,F,Class A Ordinary Shares,708.00,69.72,49361.76,9820.00,D,Dudley Robert W.,,true,false,false,,SEC EDGAR
LYB|0001223756-26-000002|nonDerivative|2026-05-21|CHASE ANTHONY R|A|Class A Ordinary Shares|2321.00|0.00|D,2026-05-31 10:00:17+0000,LYB,LyondellBasell Industries N.V.,0001489393,4,2026-05-26,2026-05-21,0001223756-26-000002,https://www.sec.gov/Archives/edgar/data/1489393/000122375626000002/primarydocument.xml,nonDerivative,2026-05-21,A,Class A Ordinary Shares,2321.00,0.00,0.0,14143.00,D,CHASE ANTHONY R,,true,false,false,,SEC EDGAR
LYB|0001223756-26-000002|nonDerivative|2026-05-22|CHASE ANTHONY R|F|Class A Ordinary Shares|540.00|69.72|D,2026-05-31 10:00:17+0000,LYB,LyondellBasell Industries N.V.,0001489393,4,2026-05-26,2026-05-21,0001223756-26-000002,https://www.sec.gov/Archives/edgar/data/1489393/000122375626000002/primarydocument.xml,nonDerivative,2026-05-22,F,Class A Ordinary Shares,540.00,69.72,37648.8,13603.00,D,CHASE ANTHONY R,,true,false,false,,SEC EDGAR
LYB|0001519805-26-000002|nonDerivative|2026-05-21|Buchanan Robin W.T.|A|Class A Ordinary Shares|2321.00|0.00|D,2026-05-31 10:00:17+0000,LYB,LyondellBasell Industries N.V.,0001489393,4,2026-05-26,2026-05-21,0001519805-26-000002,https://www.sec.gov/Archives/edgar/data/1489393/000151980526000002/primarydocument.xml,nonDerivative,2026-05-21,A,Class A Ordinary Shares,2321.00,0.00,0.0,23412.345,D,Buchanan Robin W.T.,,true,false,false,,SEC EDGAR
LYB|0001519805-26-000002|nonDerivative|2026-05-22|Buchanan Robin W.T.|F|Class A Ordinary Shares|1247.00|69.72|D,2026-05-31 10:00:17+0000,LYB,LyondellBasell Industries N.V.,0001489393,4,2026-05-26,2026-05-21,0001519805-26-000002,https://www.sec.gov/Archives/edgar/data/1489393/000151980526000002/primarydocument.xml,nonDerivative,2026-05-22,F,Class A Ordinary Shares,1247.00,69.72,86940.84,22165.345,D,Buchanan Robin W.T.,,true,false,false,,SEC EDGAR
LYB|0001644643-26-000002|nonDerivative|2026-05-21|Benet Lincoln E|A|Class A Ordinary Shares|2321.00|0.00|D,2026-05-31 10:00:17+0000,LYB,LyondellBasell Industries N.V.,0001489393,4,2026-05-26,2026-05-21,0001644643-26-000002,https://www.sec.gov/Archives/edgar/data/1489393/000164464326000002/primarydocument.xml,nonDerivative,2026-05-21,A,Class A Ordinary Shares,2321.00,0.00,0.0,14791.00,D,Benet Lincoln E,,true,false,false,,SEC EDGAR
LYB|0001644643-26-000002|nonDerivative|2026-05-22|Benet Lincoln E|F|Class A Ordinary Shares|1410.00|69.72|D,2026-05-31 10:00:17+0000,LYB,LyondellBasell Industries N.V.,0001489393,4,2026-05-26,2026-05-21,0001644643-26-000002,https://www.sec.gov/Archives/edgar/data/1489393/000164464326000002/primarydocument.xml,nonDerivative,2026-05-22,F,Class A Ordinary Shares,1410.00,69.72,98305.2,13381.00,D,Benet Lincoln E,,true,false,false,,SEC EDGAR
LYB|0001094730-26-000002|nonDerivative|2026-05-21|AIGRAIN JACQUES|A|Class A Ordinary Shares|4437.00|0.00|D,2026-05-31 10:00:17+0000,LYB,LyondellBasell Industries N.V.,0001489393,4,2026-05-26,2026-05-21,0001094730-26-000002,https://www.sec.gov/Archives/edgar/data/1489393/000109473026000002/primarydocument.xml,nonDerivative,2026-05-21,A,Class A Ordinary Shares,4437.00,0.00,0.0,38109.00,D,AIGRAIN JACQUES,,true,false,false,,SEC EDGAR
LYB|0001094730-26-000002|nonDerivative|2026-05-22|AIGRAIN JACQUES|F|Class A Ordinary Shares|575.00|69.72|D,2026-05-31 10:00:17+0000,LYB,LyondellBasell Industries N.V.,0001489393,4,2026-05-26,2026-05-21,0001094730-26-000002,https://www.sec.gov/Archives/edgar/data/1489393/000109473026000002/primarydocument.xml,nonDerivative,2026-05-22,F,Class A Ordinary Shares,575.00,69.72,40089.0,37534.00,D,AIGRAIN JACQUES,,true,false,false,,SEC EDGAR
"LII|0001069202-26-000064|nonDerivative|2026-05-21|Wall Shane D|A|Common Stock, Par Value $0.01 Per Share|343|0|D",2026-05-31 10:00:17+0000,LII,LENNOX INTERNATIONAL INC,0001069202,4,2026-05-26,2026-05-21,0001069202-26-000064,https://www.sec.gov/Archives/edgar/data/1069202/000106920226000064/wk-form4_1779825203.xml,nonDerivative,2026-05-21,A,"Common Stock, Par Value $0.01 Per Share",343,0,0.0,2548,D,Wall Shane D,Director,1,0,0,,SEC EDGAR
"LII|0001069202-26-000066|nonDerivative|2026-05-21|Vander Ark Jon|A|Common Stock, Par Value $0.01 Per Share|343|0|D",2026-05-31 10:00:17+0000,LII,LENNOX INTERNATIONAL INC,0001069202,4,2026-05-26,2026-05-21,0001069202-26-000066,https://www.sec.gov/Archives/edgar/data/1069202/000106920226000066/wk-form4_1779825240.xml,nonDerivative,2026-05-21,A,"Common Stock, Par Value $0.01 Per Share",343,0,0.0,617,D,Vander Ark Jon,Director,1,0,0,,SEC EDGAR
"LII|0001069202-26-000068|nonDerivative|2026-05-21|TESKE TODD J|A|Common Stock, Par Value $0.01 Per Share|343|0|D",2026-05-31 10:00:17+0000,LII,LENNOX INTERNATIONAL INC,0001069202,4,2026-05-26,2026-05-21,0001069202-26-000068,https://www.sec.gov/Archives/edgar/data/1069202/000106920226000068/wk-form4_1779825309.xml,nonDerivative,2026-05-21,A,"Common Stock, Par Value $0.01 Per Share",343,0,0.0,7224,D,TESKE TODD J,Director,1,0,0,,SEC EDGAR
"LII|0001069202-26-000058|nonDerivative|2026-05-21|Somasundaram Sivasankaran|A|Common Stock, Par Value $0.01 Per Share|343|0|D",2026-05-31 10:00:17+0000,LII,LENNOX INTERNATIONAL INC,0001069202,4,2026-05-26,2026-05-21,0001069202-26-000058,https://www.sec.gov/Archives/edgar/data/1069202/000106920226000058/wk-form4_1779825072.xml,nonDerivative,2026-05-21,A,"Common Stock, Par Value $0.01 Per Share",343,0,0.0,1110,D,Somasundaram Sivasankaran,Director,1,0,0,,SEC EDGAR
"LII|0001069202-26-000070|nonDerivative|2026-05-21|Quintos Karen H|A|Common Stock, Par Value $0.01 Per Share|343|0|D",2026-05-31 10:00:17+0000,LII,LENNOX INTERNATIONAL INC,0001069202,4,2026-05-26,2026-05-21,0001069202-26-000070,https://www.sec.gov/Archives/edgar/data/1069202/000106920226000070/wk-form4_1779825351.xml,nonDerivative,2026-05-21,A,"Common Stock, Par Value $0.01 Per Share",343,0,0.0,7253,D,Quintos Karen H,Director,1,0,0,,SEC EDGAR
"LII|0001069202-26-000060|nonDerivative|2026-05-21|NORRIS JOHN W III|A|Common Stock, Par Value $0.01 Per Share|343|0|D",2026-05-31 10:00:17+0000,LII,LENNOX INTERNATIONAL INC,0001069202,4,2026-05-26,2026-05-21,0001069202-26-000060,https://www.sec.gov/Archives/edgar/data/1069202/000106920226000060/wk-form4_1779825113.xml,nonDerivative,2026-05-21,A,"Common Stock, Par Value $0.01 Per Share",343,0,0.0,178920,D,NORRIS JOHN W III,Director,1,0,0,,SEC EDGAR
"LII|0001069202-26-000062|nonDerivative|2026-05-21|Embree Tracy A|A|Common Stock, Par Value $0.01 Per Share|343|0|D",2026-05-31 10:00:17+0000,LII,LENNOX INTERNATIONAL INC,0001069202,4,2026-05-26,2026-05-21,0001069202-26-000062,https://www.sec.gov/Archives/edgar/data/1069202/000106920226000062/wk-form4_1779825167.xml,nonDerivative,2026-05-21,A,"Common Stock, Par Value $0.01 Per Share",343,0,0.0,343,D,Embree Tracy A,Director,1,0,0,,SEC EDGAR
"LII|0001069202-26-000072|nonDerivative|2026-05-21|Buck Sherry|A|Common Stock, Par Value $0.01 Per Share|343|0|D",2026-05-31 10:00:17+0000,LII,LENNOX INTERNATIONAL INC,0001069202,4,2026-05-26,2026-05-21,0001069202-26-000072,https://www.sec.gov/Archives/edgar/data/1069202/000106920226000072/wk-form4_1779825398.xml,nonDerivative,2026-05-21,A,"Common Stock, Par Value $0.01 Per Share",343,0,0.0,2306,D,Buck Sherry,Director,1,0,0,,SEC EDGAR
KVUE|0001944048-26-000120|derivative|2026-05-21|Sneed Michael E|A|Deferred Share Units|10309|17.46|D,2026-05-31 10:00:17+0000,KVUE,Kenvue Inc.,0001944048,4,2026-05-26,2026-05-21,0001944048-26-000120,https://www.sec.gov/Archives/edgar/data/1944048/000194404826000120/wk-form4_1779829843.xml,derivative,2026-05-21,A,Deferred Share Units,10309,17.46,179995.14,36626.663,D,Sneed Michael E,Director,1,0,0,,SEC EDGAR
KVUE|0000921895-26-001478|derivative|2026-05-21|Smith Jeffrey C|A|Deferred Share Units|10309|17.46|D,2026-05-31 10:00:17+0000,KVUE,Kenvue Inc.,0001944048,4,2026-05-26,2026-05-21,0000921895-26-001478,https://www.sec.gov/Archives/edgar/data/1944048/000092189526001478/form406297362_05262026.xml,derivative,2026-05-21,A,Deferred Share Units,10309,17.46,179995.14,25432.6880,D,Smith Jeffrey C,Director,1,0,0,,SEC EDGAR
KVUE|0001944048-26-000121|derivative|2026-05-21|PRABHU VASANT M|A|Deferred Share Units|10309|17.46|D,2026-05-31 10:00:17+0000,KVUE,Kenvue Inc.,0001944048,4,2026-05-26,2026-05-21,0001944048-26-000121,https://www.sec.gov/Archives/edgar/data/1944048/000194404826000121/wk-form4_1779829849.xml,derivative,2026-05-21,A,Deferred Share Units,10309,17.46,179995.14,36626.664,D,PRABHU VASANT M,Director,1,0,0,,SEC EDGAR
KVUE|0001944048-26-000117|derivative|2026-05-21|PAWLUS KATHLEEN M|A|Deferred Share Units|10309|17.46|D,2026-05-31 10:00:17+0000,KVUE,Kenvue Inc.,0001944048,4,2026-05-26,2026-05-21,0001944048-26-000117,https://www.sec.gov/Archives/edgar/data/1944048/000194404826000117/wk-form4_1779829826.xml,derivative,2026-05-21,A,Deferred Share Units,10309,17.46,179995.14,25037.675,D,PAWLUS KATHLEEN M,Director,1,0,0,,SEC EDGAR
KVUE|0001944048-26-000115|derivative|2026-05-21|Mann Erica L|A|Deferred Share Units|10309|17.46|D,2026-05-31 10:00:17+0000,KVUE,Kenvue Inc.,0001944048,4,2026-05-26,2026-05-21,0001944048-26-000115,https://www.sec.gov/Archives/edgar/data/1944048/000194404826000115/wk-form4_1779829815.xml,derivative,2026-05-21,A,Deferred Share Units,10309,17.46,179995.14,19986.12,D,Mann Erica L,Director,1,0,0,,SEC EDGAR
KVUE|0001944048-26-000122|derivative|2026-05-21|MERLO LARRY J|A|Deferred Share Units|16036|17.46|D,2026-05-31 10:00:17+0000,KVUE,Kenvue Inc.,0001944048,4,2026-05-26,2026-05-21,0001944048-26-000122,https://www.sec.gov/Archives/edgar/data/1944048/000194404826000122/wk-form4_1779829855.xml,derivative,2026-05-21,A,Deferred Share Units,16036,17.46,279988.56,56975.45,D,MERLO LARRY J,Director,1,0,0,,SEC EDGAR
KVUE|0001944048-26-000124|derivative|2026-05-21|Hofstetter Sarah|A|Deferred Share Units|10309|17.46|D,2026-05-31 10:00:17+0000,KVUE,Kenvue Inc.,0001944048,4,2026-05-26,2026-05-21,0001944048-26-000124,https://www.sec.gov/Archives/edgar/data/1944048/000194404826000124/wk-form4_1779829865.xml,derivative,2026-05-21,A,Deferred Share Units,10309,17.46,179995.14,24101.687,D,Hofstetter Sarah,Director,1,0,0,,SEC EDGAR
KVUE|0001944048-26-000118|derivative|2026-05-21|Healey Melanie|A|Deferred Share Units|10309|17.46|D,2026-05-31 10:00:17+0000,KVUE,Kenvue Inc.,0001944048,4,2026-05-26,2026-05-21,0001944048-26-000118,https://www.sec.gov/Archives/edgar/data/1944048/000194404826000118/wk-form4_1779829831.xml,derivative,2026-05-21,A,Deferred Share Units,10309,17.46,179995.14,36626.663,D,Healey Melanie,Director,1,0,0,,SEC EDGAR
KVUE|0001944048-26-000123|derivative|2026-05-21|HOLDEN BETSY D|A|Deferred Share Units|10309|17.46|D,2026-05-31 10:00:17+0000,KVUE,Kenvue Inc.,0001944048,4,2026-05-26,2026-05-21,0001944048-26-000123,https://www.sec.gov/Archives/edgar/data/1944048/000194404826000123/wk-form4_1779829859.xml,derivative,2026-05-21,A,Deferred Share Units,10309,17.46,179995.14,36626.662,D,HOLDEN BETSY D,Director,1,0,0,,SEC EDGAR
KVUE|0001944048-26-000114|derivative|2026-05-21|Godbole Seemantini|A|Deferred Share Units|10309|17.46|D,2026-05-31 10:00:17+0000,KVUE,Kenvue Inc.,0001944048,4,2026-05-26,2026-05-21,0001944048-26-000114,https://www.sec.gov/Archives/edgar/data/1944048/000194404826000114/wk-form4_1779829805.xml,derivative,2026-05-21,A,Deferred Share Units,10309,17.46,179995.14,36626.661,D,Godbole Seemantini,Director,1,0,0,,SEC EDGAR
KVUE|0001944048-26-000119|nonDerivative|2026-05-01|Curado Gomes de Lemos Leonardo|M|Common Stock|24247.71|0|D,2026-05-31 10:00:17+0000,KVUE,Kenvue Inc.,0001944048,4,2026-05-26,2026-05-01,0001944048-26-000119,https://www.sec.gov/Archives/edgar/data/1944048/000194404826000119/wk-form4_1779829837.xml,nonDerivative,2026-05-01,M,Common Stock,24247.71,0,0.0,24247.71,D,Curado Gomes de Lemos Leonardo,"Officer, Group President LATAM",0,1,0,Group President LATAM,SEC EDGAR
KVUE|0001944048-26-000119|nonDerivative|2026-05-01|Curado Gomes de Lemos Leonardo|F|Common Stock|7141|17.43|D,2026-05-31 10:00:17+0000,KVUE,Kenvue Inc.,0001944048,4,2026-05-26,2026-05-01,0001944048-26-000119,https://www.sec.gov/Archives/edgar/data/1944048/000194404826000119/wk-form4_1779829837.xml,nonDerivative,2026-05-01,F,Common Stock,7141,17.43,124467.63,17106.71,D,Curado Gomes de Lemos Leonardo,"Officer, Group President LATAM",0,1,0,Group President LATAM,SEC EDGAR
KVUE|0001944048-26-000119|derivative|2026-05-01|Curado Gomes de Lemos Leonardo|M|Restricted Stock Units|24247.71|0|D,2026-05-31 10:00:17+0000,KVUE,Kenvue Inc.,0001944048,4,2026-05-26,2026-05-01,0001944048-26-000119,https://www.sec.gov/Archives/edgar/data/1944048/000194404826000119/wk-form4_1779829837.xml,derivative,2026-05-01,M,Restricted Stock Units,24247.71,0,0.0,48491.41,D,Curado Gomes de Lemos Leonardo,"Officer, Group President LATAM",0,1,0,Group President LATAM,SEC EDGAR
KVUE|0001944048-26-000116|derivative|2026-05-21|ALLISON RICHARD E JR|A|Deferred Share Units|10309|17.46|D,2026-05-31 10:00:17+0000,KVUE,Kenvue Inc.,0001944048,4,2026-05-26,2026-05-21,0001944048-26-000116,https://www.sec.gov/Archives/edgar/data/1944048/000194404826000116/wk-form4_1779829821.xml,derivative,2026-05-21,A,Deferred Share Units,10309,17.46,179995.14,47943.229,D,ALLISON RICHARD E JR,Director,1,0,0,,SEC EDGAR
JBHT|0001940280-26-000006|nonDerivative|2026-05-19|Frazier Spencer|S|Common Stock|2000.00|258.2028|D,2026-05-31 10:00:17+0000,JBHT,HUNT J B TRANSPORT SERVICES INC,0000728535,4,2026-05-26,2026-05-19,0001940280-26-000006,https://www.sec.gov/Archives/edgar/data/728535/000194028026000006/primarydocument.xml,nonDerivative,2026-05-19,S,Common Stock,2000.00,258.2028,516405.60000000003,4603.7668,D,Frazier Spencer,EVP of Sales and Marketing,false,true,false,EVP of Sales and Marketing,SEC EDGAR
"IRM|0001720656-26-000007|nonDerivative|2026-05-21|Borges Daniel|S|Common Stock, par value $.01 per share|7189|125.50|D",2026-05-31 10:00:17+0000,IRM,IRON MOUNTAIN INC,0001020569,4,2026-05-26,2026-05-21,0001720656-26-000007,https://www.sec.gov/Archives/edgar/data/1020569/000172065626000007/wk-form4_1779826847.xml,nonDerivative,2026-05-21,S,"Common Stock, par value $.01 per share",7189,125.50,902219.5,0,D,Borges Daniel,"Officer, SVP & Chief Accounting Officer",0,1,0,SVP & Chief Accounting Officer,SEC EDGAR
INTU|0001628280-26-038218|nonDerivative|2026-05-22|PRABHU VASANT M|P|Common Stock|1250|309.4461|D,2026-05-31 10:00:17+0000,INTU,INTUIT INC.,0000896878,4,2026-05-26,2026-05-22,0001628280-26-038218,https://www.sec.gov/Archives/edgar/data/896878/000162828026038218/wk-form4_1779830291.xml,nonDerivative,2026-05-22,P,Common Stock,1250,309.4461,386807.625,1250,D,PRABHU VASANT M,Director,1,0,0,,SEC EDGAR
INTU|0001628280-26-038218|nonDerivative|2026-05-26|PRABHU VASANT M|P|Common Stock|500|309.715|D,2026-05-31 10:00:17+0000,INTU,INTUIT INC.,0000896878,4,2026-05-26,2026-05-22,0001628280-26-038218,https://www.sec.gov/Archives/edgar/data/896878/000162828026038218/wk-form4_1779830291.xml,nonDerivative,2026-05-26,P,Common Stock,500,309.715,154857.5,1750,D,PRABHU VASANT M,Director,1,0,0,,SEC EDGAR
HWM|0001104659-26-066472|nonDerivative|2026-05-21|Smith Gunner|A|Common Stock|731|0|D,2026-05-31 10:00:17+0000,HWM,Howmet Aerospace Inc.,0000004281,4,2026-05-26,2026-05-21,0001104659-26-066472,https://www.sec.gov/Archives/edgar/data/4281/000110465926066472/tm2615688-8_4seq1.xml,nonDerivative,2026-05-21,A,Common Stock,731,0,0.0,5844,D,Smith Gunner,Director,1,0,0,,SEC EDGAR
HWM|0001104659-26-066471|nonDerivative|2026-05-21|SCHMIDT ULRICH|A|Common Stock|731|0|D,2026-05-31 10:00:17+0000,HWM,Howmet Aerospace Inc.,0000004281,4,2026-05-26,2026-05-21,0001104659-26-066471,https://www.sec.gov/Archives/edgar/data/4281/000110465926066471/tm2615688-7_4seq1.xml,nonDerivative,2026-05-21,A,Common Stock,731,0,0.0,53228,D,SCHMIDT ULRICH,Director,1,0,0,,SEC EDGAR
HWM|0001104659-26-066470|nonDerivative|2026-05-21|Miller Jody|A|Common Stock|731|0|D,2026-05-31 10:00:17+0000,HWM,Howmet Aerospace Inc.,0000004281,4,2026-05-26,2026-05-21,0001104659-26-066470,https://www.sec.gov/Archives/edgar/data/4281/000110465926066470/tm2615688-6_4seq1.xml,nonDerivative,2026-05-21,A,Common Stock,731,0,0.0,30605,D,Miller Jody,Director,1,0,0,,SEC EDGAR
HWM|0001104659-26-066469|nonDerivative|2026-05-21|LEDUC ROBERT F|A|Common Stock|731|0|D,2026-05-31 10:00:17+0000,HWM,Howmet Aerospace Inc.,0000004281,4,2026-05-26,2026-05-21,0001104659-26-066469,https://www.sec.gov/Archives/edgar/data/4281/000110465926066469/tm2615688-5_4seq1.xml,nonDerivative,2026-05-21,A,Common Stock,731,0,0.0,35824,D,LEDUC ROBERT F,Director,1,0,0,,SEC EDGAR
HWM|0001104659-26-066468|nonDerivative|2026-05-21|CANTIE JOSEPH S|A|Common Stock|731|0|D,2026-05-31 10:00:17+0000,HWM,Howmet Aerospace Inc.,0000004281,4,2026-05-26,2026-05-21,0001104659-26-066468,https://www.sec.gov/Archives/edgar/data/4281/000110465926066468/tm2615688-4_4seq1.xml,nonDerivative,2026-05-21,A,Common Stock,731,0,0.0,43948,D,CANTIE JOSEPH S,Director,1,0,0,,SEC EDGAR
HWM|0001104659-26-066467|nonDerivative|2026-05-21|Barner Sharon R|A|Common Stock|731|0|D,2026-05-31 10:00:17+0000,HWM,Howmet Aerospace Inc.,0000004281,4,2026-05-26,2026-05-21,0001104659-26-066467,https://www.sec.gov/Archives/edgar/data/4281/000110465926066467/tm2615688-3_4seq1.xml,nonDerivative,2026-05-21,A,Common Stock,731,0,0.0,16582,D,Barner Sharon R,Director,1,0,0,,SEC EDGAR
HWM|0001104659-26-066466|nonDerivative|2026-05-21|Alving Amy E|A|Common Stock|731|0|D,2026-05-31 10:00:17+0000,HWM,Howmet Aerospace Inc.,0000004281,4,2026-05-26,2026-05-21,0001104659-26-066466,https://www.sec.gov/Archives/edgar/data/4281/000110465926066466/tm2615688-2_4seq1.xml,nonDerivative,2026-05-21,A,Common Stock,731,0,0.0,57820,D,Alving Amy E,Director,1,0,0,,SEC EDGAR
HWM|0001104659-26-066465|nonDerivative|2026-05-21|ALBAUGH JAMES F|A|Common Stock|731|0|D,2026-05-31 10:00:17+0000,HWM,Howmet Aerospace Inc.,0000004281,4,2026-05-26,2026-05-21,0001104659-26-066465,https://www.sec.gov/Archives/edgar/data/4281/000110465926066465/tm2615688-1_4seq1.xml,nonDerivative,2026-05-21,A,Common Stock,731,0,0.0,59442,D,ALBAUGH JAMES F,Director,1,0,0,,SEC EDGAR
"HSY|0000950142-26-001479|nonDerivative|2026-05-21|HERSHEY TRUST CO TRUSTEE IN TRUST FOR MILTON HERSHEY SCHOOL|S|Common Stock, $1.00 par value|255|187.7006|D",2026-05-31 10:00:17+0000,HSY,HERSHEY CO,0000047111,4,2026-05-26,2026-05-21,0000950142-26-001479,https://www.sec.gov/Archives/edgar/data/47111/000095014226001479/es260783271_4-hsy.xml,nonDerivative,2026-05-21,S,"Common Stock, $1.00 par value",255,187.7006,47863.653000000006,1595864,D,HERSHEY TRUST CO TRUSTEE IN TRUST FOR MILTON HERSHEY SCHOOL,10% Owner,0,0,1,,SEC EDGAR
"HSY|0000950142-26-001479|nonDerivative|2026-05-21|HERSHEY TRUST CO TRUSTEE IN TRUST FOR MILTON HERSHEY SCHOOL|S|Common Stock, $1.00 par value|284|188.3154|D",2026-05-31 10:00:17+0000,HSY,HERSHEY CO,0000047111,4,2026-05-26,2026-05-21,0000950142-26-001479,https://www.sec.gov/Archives/edgar/data/47111/000095014226001479/es260783271_4-hsy.xml,nonDerivative,2026-05-21,S,"Common Stock, $1.00 par value",284,188.3154,53481.5736,1595580,D,HERSHEY TRUST CO TRUSTEE IN TRUST FOR MILTON HERSHEY SCHOOL,10% Owner,0,0,1,,SEC EDGAR
"HSY|0000950142-26-001479|nonDerivative|2026-05-21|HERSHEY TRUST CO TRUSTEE IN TRUST FOR MILTON HERSHEY SCHOOL|S|Common Stock, $1.00 par value|123|189.6130|D",2026-05-31 10:00:17+0000,HSY,HERSHEY CO,0000047111,4,2026-05-26,2026-05-21,0000950142-26-001479,https://www.sec.gov/Archives/edgar/data/47111/000095014226001479/es260783271_4-hsy.xml,nonDerivative,2026-05-21,S,"Common Stock, $1.00 par value",123,189.6130,23322.399,1595457,D,HERSHEY TRUST CO TRUSTEE IN TRUST FOR MILTON HERSHEY SCHOOL,10% Owner,0,0,1,,SEC EDGAR
"HSY|0000950142-26-001479|nonDerivative|2026-05-21|HERSHEY TRUST CO TRUSTEE IN TRUST FOR MILTON HERSHEY SCHOOL|S|Common Stock, $1.00 par value|3324|190.5033|D",2026-05-31 10:00:17+0000,HSY,HERSHEY CO,0000047111,4,2026-05-26,2026-05-21,0000950142-26-001479,https://www.sec.gov/Archives/edgar/data/47111/000095014226001479/es260783271_4-hsy.xml,nonDerivative,2026-05-21,S,"Common Stock, $1.00 par value",3324,190.5033,633232.9691999999,1592133,D,HERSHEY TRUST CO TRUSTEE IN TRUST FOR MILTON HERSHEY SCHOOL,10% Owner,0,0,1,,SEC EDGAR
"HSY|0000950142-26-001479|nonDerivative|2026-05-21|HERSHEY TRUST CO TRUSTEE IN TRUST FOR MILTON HERSHEY SCHOOL|S|Common Stock, $1.00 par value|3717|191.5267|D",2026-05-31 10:00:17+0000,HSY,HERSHEY CO,0000047111,4,2026-05-26,2026-05-21,0000950142-26-001479,https://www.sec.gov/Archives/edgar/data/47111/000095014226001479/es260783271_4-hsy.xml,nonDerivative,2026-05-21,S,"Common Stock, $1.00 par value",3717,191.5267,711904.7439,1588416,D,HERSHEY TRUST CO TRUSTEE IN TRUST FOR MILTON HERSHEY SCHOOL,10% Owner,0,0,1,,SEC EDGAR
"HSY|0000950142-26-001479|nonDerivative|2026-05-21|HERSHEY TRUST CO TRUSTEE IN TRUST FOR MILTON HERSHEY SCHOOL|S|Common Stock, $1.00 par value|2297|192.2903|D",2026-05-31 10:00:17+0000,HSY,HERSHEY CO,0000047111,4,2026-05-26,2026-05-21,0000950142-26-001479,https://www.sec.gov/Archives/edgar/data/47111/000095014226001479/es260783271_4-hsy.xml,nonDerivative,2026-05-21,S,"Common Stock, $1.00 par value",2297,192.2903,441690.8191,1586119,D,HERSHEY TRUST CO TRUSTEE IN TRUST FOR MILTON HERSHEY SCHOOL,10% Owner,0,0,1,,SEC EDGAR
"HSY|0000950142-26-001479|nonDerivative|2026-05-22|HERSHEY TRUST CO TRUSTEE IN TRUST FOR MILTON HERSHEY SCHOOL|S|Common Stock, $1.00 par value|90|190.56|D",2026-05-31 10:00:17+0000,HSY,HERSHEY CO,0000047111,4,2026-05-26,2026-05-21,0000950142-26-001479,https://www.sec.gov/Archives/edgar/data/47111/000095014226001479/es260783271_4-hsy.xml,nonDerivative,2026-05-22,S,"Common Stock, $1.00 par value",90,190.56,17150.4,1586029,D,HERSHEY TRUST CO TRUSTEE IN TRUST FOR MILTON HERSHEY SCHOOL,10% Owner,0,0,1,,SEC EDGAR
"HSY|0000950142-26-001479|nonDerivative|2026-05-22|HERSHEY TRUST CO TRUSTEE IN TRUST FOR MILTON HERSHEY SCHOOL|S|Common Stock, $1.00 par value|634|191.7162|D",2026-05-31 10:00:17+0000,HSY,HERSHEY CO,0000047111,4,2026-05-26,2026-05-21,0000950142-26-001479,https://www.sec.gov/Archives/edgar/data/47111/000095014226001479/es260783271_4-hsy.xml,nonDerivative,2026-05-22,S,"Common Stock, $1.00 par value",634,191.7162,121548.07079999999,1585395,D,HERSHEY TRUST CO TRUSTEE IN TRUST FOR MILTON HERSHEY SCHOOL,10% Owner,0,0,1,,SEC EDGAR
"HSY|0000950142-26-001479|nonDerivative|2026-05-22|HERSHEY TRUST CO TRUSTEE IN TRUST FOR MILTON HERSHEY SCHOOL|S|Common Stock, $1.00 par value|1761|192.5147|D",2026-05-31 10:00:17+0000,HSY,HERSHEY CO,0000047111,4,2026-05-26,2026-05-21,0000950142-26-001479,https://www.sec.gov/Archives/edgar/data/47111/000095014226001479/es260783271_4-hsy.xml,nonDerivative,2026-05-22,S,"Common Stock, $1.00 par value",1761,192.5147,339018.38670000003,1583634,D,HERSHEY TRUST CO TRUSTEE IN TRUST FOR MILTON HERSHEY SCHOOL,10% Owner,0,0,1,,SEC EDGAR
"HSY|0000950142-26-001479|nonDerivative|2026-05-22|HERSHEY TRUST CO TRUSTEE IN TRUST FOR MILTON HERSHEY SCHOOL|S|Common Stock, $1.00 par value|1827|193.4087|D",2026-05-31 10:00:17+0000,HSY,HERSHEY CO,0000047111,4,2026-05-26,2026-05-21,0000950142-26-001479,https://www.sec.gov/Archives/edgar/data/47111/000095014226001479/es260783271_4-hsy.xml,nonDerivative,2026-05-22,S,"Common Stock, $1.00 par value",1827,193.4087,353357.6949,1581807,D,HERSHEY TRUST CO TRUSTEE IN TRUST FOR MILTON HERSHEY SCHOOL,10% Owner,0,0,1,,SEC EDGAR
"HSY|0000950142-26-001479|nonDerivative|2026-05-22|HERSHEY TRUST CO TRUSTEE IN TRUST FOR MILTON HERSHEY SCHOOL|S|Common Stock, $1.00 par value|5688|194.6022|D",2026-05-31 10:00:17+0000,HSY,HERSHEY CO,0000047111,4,2026-05-26,2026-05-21,0000950142-26-001479,https://www.sec.gov/Archives/edgar/data/47111/000095014226001479/es260783271_4-hsy.xml,nonDerivative,2026-05-22,S,"Common Stock, $1.00 par value",5688,194.6022,1106897.3136,1576119,D,HERSHEY TRUST CO TRUSTEE IN TRUST FOR MILTON HERSHEY SCHOOL,10% Owner,0,0,1,,SEC EDGAR
"HSIC|0001193125-26-239640|nonDerivative|2026-05-26|BERGMAN STANLEY M|G|Common Stock, par value $0.01 per share|50|0.00|D",2026-05-31 10:00:17+0000,HSIC,HENRY SCHEIN INC,0001000228,4/A,2026-05-26,2026-05-26,0001193125-26-239640,https://www.sec.gov/Archives/edgar/data/1000228/000119312526239640/ownership.xml,nonDerivative,2026-05-26,G,"Common Stock, par value $0.01 per share",50,0.00,0.0,253279,D,BERGMAN STANLEY M,,false,false,false,,SEC EDGAR
HON|0001648929-26-000004|derivative|2026-05-22|Williamson Stephen|A|Restricted Stock Units|576|0|D,2026-05-31 10:00:17+0000,HON,HONEYWELL INTERNATIONAL INC,0000773840,4,2026-05-26,2026-05-22,0001648929-26-000004,https://www.sec.gov/Archives/edgar/data/773840/000164892926000004/wk-form4_1779832065.xml,derivative,2026-05-22,A,Restricted Stock Units,576,0,0.0,576,D,Williamson Stephen,Director,1,0,0,,SEC EDGAR
HON|0001939541-26-000001|derivative|2026-05-22|Watson Robin|A|Restricted Stock Units|576|0|D,2026-05-31 10:00:17+0000,HON,HONEYWELL INTERNATIONAL INC,0000773840,4,2026-05-26,2026-05-22,0001939541-26-000001,https://www.sec.gov/Archives/edgar/data/773840/000193954126000001/wk-form4_1779832050.xml,derivative,2026-05-22,A,Restricted Stock Units,576,0,0.0,576,D,Watson Robin,Director,1,0,0,,SEC EDGAR
HON|0000773840-26-000061|derivative|2026-05-22|Steinberg Marc|A|Restricted Stock Units|576|0|D,2026-05-31 10:00:17+0000,HON,HONEYWELL INTERNATIONAL INC,0000773840,4,2026-05-26,2026-05-22,0000773840-26-000061,https://www.sec.gov/Archives/edgar/data/773840/000077384026000061/wk-form4_1779832280.xml,derivative,2026-05-22,A,Restricted Stock Units,576,0,0.0,576,D,Steinberg Marc,Director,1,0,0,,SEC EDGAR
HON|0001183818-26-000006|derivative|2026-05-22|NOOYI INDRA K|A|Restricted Stock Units|576|0|D,2026-05-31 10:00:17+0000,HON,HONEYWELL INTERNATIONAL INC,0000773840,4,2026-05-26,2026-05-22,0001183818-26-000006,https://www.sec.gov/Archives/edgar/data/773840/000118381826000006/wk-form4_1779832070.xml,derivative,2026-05-22,A,Restricted Stock Units,576,0,0.0,576,D,NOOYI INDRA K,Director,1,0,0,,SEC EDGAR
HON|0001564342-26-000003|derivative|2026-05-22|Lieblein Grace|A|Restricted Stock Units|576|0|D,2026-05-31 10:00:17+0000,HON,HONEYWELL INTERNATIONAL INC,0000773840,4,2026-05-26,2026-05-22,0001564342-26-000003,https://www.sec.gov/Archives/edgar/data/773840/000156434226000003/wk-form4_1779832061.xml,derivative,2026-05-22,A,Restricted Stock Units,576,0,0.0,576,D,Lieblein Grace,Director,1,0,0,,SEC EDGAR
HON|0001279505-26-000002|derivative|2026-05-22|LAMACH MICHAEL W|A|Restricted Stock Units|576|0|D,2026-05-31 10:00:17+0000,HON,HONEYWELL INTERNATIONAL INC,0000773840,4,2026-05-26,2026-05-22,0001279505-26-000002,https://www.sec.gov/Archives/edgar/data/773840/000127950526000002/wk-form4_1779831851.xml,derivative,2026-05-22,A,Restricted Stock Units,576,0,0.0,576,D,LAMACH MICHAEL W,Director,1,0,0,,SEC EDGAR
HON|0001790630-26-000002|derivative|2026-05-22|Flint Deborah|A|Restricted Stock Units|576|0|D,2026-05-31 10:00:17+0000,HON,HONEYWELL INTERNATIONAL INC,0000773840,4,2026-05-26,2026-05-22,0001790630-26-000002,https://www.sec.gov/Archives/edgar/data/773840/000179063026000002/wk-form4_1779831832.xml,derivative,2026-05-22,A,Restricted Stock Units,576,0,0.0,576,D,Flint Deborah,Director,1,0,0,,SEC EDGAR
HON|0001227733-26-000004|derivative|2026-05-22|DAVIS D SCOTT|A|Restricted Stock Units|576|0|D,2026-05-31 10:00:17+0000,HON,HONEYWELL INTERNATIONAL INC,0000773840,4,2026-05-26,2026-05-22,0001227733-26-000004,https://www.sec.gov/Archives/edgar/data/773840/000122773326000004/wk-form4_1779832056.xml,derivative,2026-05-22,A,Restricted Stock Units,576,0,0.0,576,D,DAVIS D SCOTT,Director,1,0,0,,SEC EDGAR
HON|0001188789-26-000002|derivative|2026-05-22|AYER WILLIAM S|A|Restricted Stock Units|576|0|D,2026-05-31 10:00:17+0000,HON,HONEYWELL INTERNATIONAL INC,0000773840,4,2026-05-26,2026-05-22,0001188789-26-000002,https://www.sec.gov/Archives/edgar/data/773840/000118878926000002/wk-form4_1779831823.xml,derivative,2026-05-22,A,Restricted Stock Units,576,0,0.0,576,D,AYER WILLIAM S,Director,1,0,0,,SEC EDGAR
HON|0001188578-26-000004|derivative|2026-05-22|ARNOLD CRAIG|A|Restricted Stock Units|576|0|D,2026-05-31 10:00:17+0000,HON,HONEYWELL INTERNATIONAL INC,0000773840,4,2026-05-26,2026-05-22,0001188578-26-000004,https://www.sec.gov/Archives/edgar/data/773840/000118857826000004/wk-form4_1779831843.xml,derivative,2026-05-22,A,Restricted Stock Units,576,0,0.0,576,D,ARNOLD CRAIG,Director,1,0,0,,SEC EDGAR
HON|0001215356-26-000001|derivative|2026-05-22|ANGOVE DUNCAN|A|Restricted Stock Units|576|0|D,2026-05-31 10:00:17+0000,HON,HONEYWELL INTERNATIONAL INC,0000773840,4,2026-05-26,2026-05-22,0001215356-26-000001,https://www.sec.gov/Archives/edgar/data/773840/000121535626000001/wk-form4_1779831838.xml,derivative,2026-05-22,A,Restricted Stock Units,576,0,0.0,576,D,ANGOVE DUNCAN,Director,1,0,0,,SEC EDGAR
HD|0000354950-26-000127|derivative|2026-05-21|Sharma Asha|A|Deferred Shares|796|0|D,2026-05-31 10:00:17+0000,HD,"HOME DEPOT, INC.",0000354950,4,2026-05-26,2026-05-21,0000354950-26-000127,https://www.sec.gov/Archives/edgar/data/354950/000035495026000127/wk-form4_1779827401.xml,derivative,2026-05-21,A,Deferred Shares,796,0,0.0,1482.3663,D,Sharma Asha,Director,1,0,0,,SEC EDGAR
HD|0000354950-26-000127|derivative|2026-05-21|Sharma Asha|A|Deferred Stock Units|191.2168|313.78|D,2026-05-31 10:00:17+0000,HD,"HOME DEPOT, INC.",0000354950,4,2026-05-26,2026-05-21,0000354950-26-000127,https://www.sec.gov/Archives/edgar/data/354950/000035495026000127/wk-form4_1779827401.xml,derivative,2026-05-21,A,Deferred Stock Units,191.2168,313.78,60000.007503999994,345.3367,D,Sharma Asha,Director,1,0,0,,SEC EDGAR
HD|0000354950-26-000126|derivative|2026-05-21|Seidman Becker Caryn|A|Deferred Shares|796|0|D,2026-05-31 10:00:17+0000,HD,"HOME DEPOT, INC.",0000354950,4,2026-05-26,2026-05-21,0000354950-26-000126,https://www.sec.gov/Archives/edgar/data/354950/000035495026000126/wk-form4_1779827273.xml,derivative,2026-05-21,A,Deferred Shares,796,0,0.0,4210.9413,D,Seidman Becker Caryn,Director,1,0,0,,SEC EDGAR
HD|0000354950-26-000126|derivative|2026-05-21|Seidman Becker Caryn|A|Deferred Stock Units|191.2168|313.78|D,2026-05-31 10:00:17+0000,HD,"HOME DEPOT, INC.",0000354950,4,2026-05-26,2026-05-21,0000354950-26-000126,https://www.sec.gov/Archives/edgar/data/354950/000035495026000126/wk-form4_1779827273.xml,derivative,2026-05-21,A,Deferred Stock Units,191.2168,313.78,60000.007503999994,950.5937,D,Seidman Becker Caryn,Director,1,0,0,,SEC EDGAR
HD|0000354950-26-000125|derivative|2026-05-21|Santilli Paula|A|Deferred Shares|796|0|D,2026-05-31 10:00:17+0000,HD,"HOME DEPOT, INC.",0000354950,4,2026-05-26,2026-05-21,0000354950-26-000125,https://www.sec.gov/Archives/edgar/data/354950/000035495026000125/wk-form4_1779827240.xml,derivative,2026-05-21,A,Deferred Shares,796,0,0.0,4210.9413,D,Santilli Paula,Director,1,0,0,,SEC EDGAR
HD|0000354950-26-000125|derivative|2026-05-21|Santilli Paula|A|Deferred Stock Units|191.2168|313.78|D,2026-05-31 10:00:17+0000,HD,"HOME DEPOT, INC.",0000354950,4,2026-05-26,2026-05-21,0000354950-26-000125,https://www.sec.gov/Archives/edgar/data/354950/000035495026000125/wk-form4_1779827240.xml,derivative,2026-05-21,A,Deferred Stock Units,191.2168,313.78,60000.007503999994,950.5937,D,Santilli Paula,Director,1,0,0,,SEC EDGAR
HD|0000354950-26-000118|derivative|2026-05-21|Linnartz Stephanie|A|Deferred Shares|796|0|D,2026-05-31 10:00:17+0000,HD,"HOME DEPOT, INC.",0000354950,4,2026-05-26,2026-05-21,0000354950-26-000118,https://www.sec.gov/Archives/edgar/data/354950/000035495026000118/wk-form4_1779826981.xml,derivative,2026-05-21,A,Deferred Shares,796,0,0.0,8864.273,D,Linnartz Stephanie,Director,1,0,0,,SEC EDGAR
HD|0000354950-26-000118|derivative|2026-05-21|Linnartz Stephanie|A|Deferred Stock Units|191.2168|313.78|D,2026-05-31 10:00:17+0000,HD,"HOME DEPOT, INC.",0000354950,4,2026-05-26,2026-05-21,0000354950-26-000118,https://www.sec.gov/Archives/edgar/data/354950/000035495026000118/wk-form4_1779826981.xml,derivative,2026-05-21,A,Deferred Stock Units,191.2168,313.78,60000.007503999994,1962.0737,D,Linnartz Stephanie,Director,1,0,0,,SEC EDGAR
HD|0000354950-26-000124|derivative|2026-05-21|Kadre Manuel|A|Deferred Shares|796|0|D,2026-05-31 10:00:17+0000,HD,"HOME DEPOT, INC.",0000354950,4,2026-05-26,2026-05-21,0000354950-26-000124,https://www.sec.gov/Archives/edgar/data/354950/000035495026000124/wk-form4_1779827208.xml,derivative,2026-05-21,A,Deferred Shares,796,0,0.0,8769.8331,D,Kadre Manuel,Director,1,0,0,,SEC EDGAR
HD|0000354950-26-000124|derivative|2026-05-21|Kadre Manuel|A|Deferred Stock Units|191.2168|313.78|D,2026-05-31 10:00:17+0000,HD,"HOME DEPOT, INC.",0000354950,4,2026-05-26,2026-05-21,0000354950-26-000124,https://www.sec.gov/Archives/edgar/data/354950/000035495026000124/wk-form4_1779827208.xml,derivative,2026-05-21,A,Deferred Stock Units,191.2168,313.78,60000.007503999994,1941.5427,D,Kadre Manuel,Director,1,0,0,,SEC EDGAR
HD|0000354950-26-000123|derivative|2026-05-21|Hewett Wayne M.|A|Deferred Shares|796|0|D,2026-05-31 10:00:17+0000,HD,"HOME DEPOT, INC.",0000354950,4,2026-05-26,2026-05-21,0000354950-26-000123,https://www.sec.gov/Archives/edgar/data/354950/000035495026000123/wk-form4_1779827179.xml,derivative,2026-05-21,A,Deferred Shares,796,0,0.0,19424.134,D,Hewett Wayne M.,Director,1,0,0,,SEC EDGAR
HD|0000354950-26-000123|derivative|2026-05-21|Hewett Wayne M.|A|Deferred Stock Units|270.8908|313.78|D,2026-05-31 10:00:17+0000,HD,"HOME DEPOT, INC.",0000354950,4,2026-05-26,2026-05-21,0000354950-26-000123,https://www.sec.gov/Archives/edgar/data/354950/000035495026000123/wk-form4_1779827179.xml,derivative,2026-05-21,A,Deferred Stock Units,270.8908,313.78,85000.115224,2573.8504,D,Hewett Wayne M.,Director,1,0,0,,SEC EDGAR
HD|0000354950-26-000117|nonDerivative|2026-05-21|Brown J Frank|A|$.05 Common Stock|796|0|D,2026-05-31 10:00:17+0000,HD,"HOME DEPOT, INC.",0000354950,4,2026-05-26,2026-05-21,0000354950-26-000117,https://www.sec.gov/Archives/edgar/data/354950/000035495026000117/wk-form4_1779826931.xml,nonDerivative,2026-05-21,A,$.05 Common Stock,796,0,0.0,796,D,Brown J Frank,Director,1,0,0,,SEC EDGAR
HD|0000354950-26-000117|derivative|2026-05-21|Brown J Frank|A|Deferred Stock Units|286.8248|313.78|D,2026-05-31 10:00:17+0000,HD,"HOME DEPOT, INC.",0000354950,4,2026-05-26,2026-05-21,0000354950-26-000117,https://www.sec.gov/Archives/edgar/data/354950/000035495026000117/wk-form4_1779826931.xml,derivative,2026-05-21,A,Deferred Stock Units,286.8248,313.78,89999.88574399998,9750.2767,D,Brown J Frank,Director,1,0,0,,SEC EDGAR
HD|0000354950-26-000122|derivative|2026-05-21|BRENNEMAN GREGORY D|A|Deferred Shares|796|0|D,2026-05-31 10:00:17+0000,HD,"HOME DEPOT, INC.",0000354950,4,2026-05-26,2026-05-21,0000354950-26-000122,https://www.sec.gov/Archives/edgar/data/354950/000035495026000122/wk-form4_1779827143.xml,derivative,2026-05-21,A,Deferred Shares,796,0,0.0,109552.5692,D,BRENNEMAN GREGORY D,Director,1,0,0,,SEC EDGAR
HD|0000354950-26-000122|derivative|2026-05-21|BRENNEMAN GREGORY D|A|Deferred Stock Units|446.1728|313.78|D,2026-05-31 10:00:17+0000,HD,"HOME DEPOT, INC.",0000354950,4,2026-05-26,2026-05-21,0000354950-26-000122,https://www.sec.gov/Archives/edgar/data/354950/000035495026000122/wk-form4_1779827143.xml,derivative,2026-05-21,A,Deferred Stock Units,446.1728,313.78,140000.101184,42463.2167,D,BRENNEMAN GREGORY D,Director,1,0,0,,SEC EDGAR
HD|0000354950-26-000120|derivative|2026-05-21|BOYD JEFFERY H|A|Deferred Shares|796|0|D,2026-05-31 10:00:17+0000,HD,"HOME DEPOT, INC.",0000354950,4,2026-05-26,2026-05-21,0000354950-26-000120,https://www.sec.gov/Archives/edgar/data/354950/000035495026000120/wk-form4_1779827073.xml,derivative,2026-05-21,A,Deferred Shares,796,0,0.0,12913.1481,D,BOYD JEFFERY H,Director,1,0,0,,SEC EDGAR
HD|0000354950-26-000120|derivative|2026-05-21|BOYD JEFFERY H|A|Deferred Stock Units|270.8908|313.78|D,2026-05-31 10:00:17+0000,HD,"HOME DEPOT, INC.",0000354950,4,2026-05-26,2026-05-21,0000354950-26-000120,https://www.sec.gov/Archives/edgar/data/354950/000035495026000120/wk-form4_1779827073.xml,derivative,2026-05-21,A,Deferred Stock Units,270.8908,313.78,85000.115224,3189.2627,D,BOYD JEFFERY H,Director,1,0,0,,SEC EDGAR
HD|0000354950-26-000121|derivative|2026-05-21|BOUSBIB ARI|A|Deferred Shares|796|0|D,2026-05-31 10:00:17+0000,HD,"HOME DEPOT, INC.",0000354950,4,2026-05-26,2026-05-21,0000354950-26-000121,https://www.sec.gov/Archives/edgar/data/354950/000035495026000121/wk-form4_1779827111.xml,derivative,2026-05-21,A,Deferred Shares,796,0,0.0,90686.4078,D,BOUSBIB ARI,Director,1,0,0,,SEC EDGAR
HD|0000354950-26-000121|derivative|2026-05-21|BOUSBIB ARI|A|Deferred Stock Units|270.8908|313.78|D,2026-05-31 10:00:17+0000,HD,"HOME DEPOT, INC.",0000354950,4,2026-05-26,2026-05-21,0000354950-26-000121,https://www.sec.gov/Archives/edgar/data/354950/000035495026000121/wk-form4_1779827111.xml,derivative,2026-05-21,A,Deferred Stock Units,270.8908,313.78,85000.115224,23611.6067,D,BOUSBIB ARI,Director,1,0,0,,SEC EDGAR
HD|0000354950-26-000119|derivative|2026-05-21|ARPEY GERARD J|A|Deferred Shares|796|0|D,2026-05-31 10:00:17+0000,HD,"HOME DEPOT, INC.",0000354950,4,2026-05-26,2026-05-21,0000354950-26-000119,https://www.sec.gov/Archives/edgar/data/354950/000035495026000119/wk-form4_1779827035.xml,derivative,2026-05-21,A,Deferred Shares,796,0,0.0,15419.53,D,ARPEY GERARD J,Director,1,0,0,,SEC EDGAR
GLW|0000024741-26-000233|nonDerivative|2026-05-22|Amin Jaymin|M|Common Stock|7917|27.00|D,2026-05-31 10:00:17+0000,GLW,CORNING INC /NY,0000024741,4,2026-05-26,2026-05-22,0000024741-26-000233,https://www.sec.gov/Archives/edgar/data/24741/000002474126000233/form4.xml,nonDerivative,2026-05-22,M,Common Stock,7917,27.00,213759.0,121795,D,Amin Jaymin,"Officer, SVP and Chief Tech. Officer",,1,,SVP and Chief Tech. Officer,SEC EDGAR
GLW|0000024741-26-000233|nonDerivative|2026-05-22|Amin Jaymin|S|Common Stock|27395|192.1386|D,2026-05-31 10:00:17+0000,GLW,CORNING INC /NY,0000024741,4,2026-05-26,2026-05-22,0000024741-26-000233,https://www.sec.gov/Archives/edgar/data/24741/000002474126000233/form4.xml,nonDerivative,2026-05-22,S,Common Stock,27395,192.1386,5263636.947,94400,D,Amin Jaymin,"Officer, SVP and Chief Tech. Officer",,1,,SVP and Chief Tech. Officer,SEC EDGAR
GLW|0000024741-26-000233|derivative|2026-05-22|Amin Jaymin|M|Stock Options (Right to Buy)|7917|0|D,2026-05-31 10:00:17+0000,GLW,CORNING INC /NY,0000024741,4,2026-05-26,2026-05-22,0000024741-26-000233,https://www.sec.gov/Archives/edgar/data/24741/000002474126000233/form4.xml,derivative,2026-05-22,M,Stock Options (Right to Buy),7917,0,0.0,0,D,Amin Jaymin,"Officer, SVP and Chief Tech. Officer",,1,,SVP and Chief Tech. Officer,SEC EDGAR
GL|0000320335-26-000177|nonDerivative|2026-05-22|SVOBODA FRANK M|M|Common Stock|20000|100.74|D,2026-05-31 10:00:17+0000,GL,GLOBE LIFE INC.,0000320335,4,2026-05-26,2026-05-22,0000320335-26-000177,https://www.sec.gov/Archives/edgar/data/320335/000032033526000177/form4.xml,nonDerivative,2026-05-22,M,Common Stock,20000,100.74,2014800.0,74020.4648,D,SVOBODA FRANK M,"Director, Officer, Co-Chairman & CEO",1,1,0,Co-Chairman & CEO,SEC EDGAR
GL|0000320335-26-000177|nonDerivative|2026-05-22|SVOBODA FRANK M|S|Common Stock|18410|156.6471|D,2026-05-31 10:00:17+0000,GL,GLOBE LIFE INC.,0000320335,4,2026-05-26,2026-05-22,0000320335-26-000177,https://www.sec.gov/Archives/edgar/data/320335/000032033526000177/form4.xml,nonDerivative,2026-05-22,S,Common Stock,18410,156.6471,2883873.111,55610.4648,D,SVOBODA FRANK M,"Director, Officer, Co-Chairman & CEO",1,1,0,Co-Chairman & CEO,SEC EDGAR
GL|0000320335-26-000177|nonDerivative|2026-05-22|SVOBODA FRANK M|S|Common Stock|1590|157.0531|D,2026-05-31 10:00:17+0000,GL,GLOBE LIFE INC.,0000320335,4,2026-05-26,2026-05-22,0000320335-26-000177,https://www.sec.gov/Archives/edgar/data/320335/000032033526000177/form4.xml,nonDerivative,2026-05-22,S,Common Stock,1590,157.0531,249714.429,54020.4648,D,SVOBODA FRANK M,"Director, Officer, Co-Chairman & CEO",1,1,0,Co-Chairman & CEO,SEC EDGAR
GL|0000320335-26-000177|derivative|2026-05-22|SVOBODA FRANK M|M|Employee Stock Option (Right to Buy)|20000|0|D,2026-05-31 10:00:17+0000,GL,GLOBE LIFE INC.,0000320335,4,2026-05-26,2026-05-22,0000320335-26-000177,https://www.sec.gov/Archives/edgar/data/320335/000032033526000177/form4.xml,derivative,2026-05-22,M,Employee Stock Option (Right to Buy),20000,0,0.0,20000,D,SVOBODA FRANK M,"Director, Officer, Co-Chairman & CEO",1,1,0,Co-Chairman & CEO,SEC EDGAR
GL|0000320335-26-000179|nonDerivative|2026-05-22|Kalmbach Thomas Peter|M|Common Stock|10000|103.23|D,2026-05-31 10:00:17+0000,GL,GLOBE LIFE INC.,0000320335,4,2026-05-26,2026-05-22,0000320335-26-000179,https://www.sec.gov/Archives/edgar/data/320335/000032033526000179/form4.xml,nonDerivative,2026-05-22,M,Common Stock,10000,103.23,1032300.0,58431.7065,D,Kalmbach Thomas Peter,"Officer, EVP & CFO",0,1,0,EVP & CFO,SEC EDGAR
GL|0000320335-26-000179|nonDerivative|2026-05-22|Kalmbach Thomas Peter|S|Common Stock|7936|156.5914|D,2026-05-31 10:00:17+0000,GL,GLOBE LIFE INC.,0000320335,4,2026-05-26,2026-05-22,0000320335-26-000179,https://www.sec.gov/Archives/edgar/data/320335/000032033526000179/form4.xml,nonDerivative,2026-05-22,S,Common Stock,7936,156.5914,1242709.3503999999,50495.7065,D,Kalmbach Thomas Peter,"Officer, EVP & CFO",0,1,0,EVP & CFO,SEC EDGAR
GL|0000320335-26-000179|derivative|2026-05-22|Kalmbach Thomas Peter|M|Employee Stock Option (Right to Buy)|10000|0|D,2026-05-31 10:00:17+0000,GL,GLOBE LIFE INC.,0000320335,4,2026-05-26,2026-05-22,0000320335-26-000179,https://www.sec.gov/Archives/edgar/data/320335/000032033526000179/form4.xml,derivative,2026-05-22,M,Employee Stock Option (Right to Buy),10000,0,0.0,10000,D,Kalmbach Thomas Peter,"Officer, EVP & CFO",0,1,0,EVP & CFO,SEC EDGAR
"GEHC|0001519419-26-000011|nonDerivative|2026-05-22|Lobo Kevin|P|Common Stock, par value $0.01 per share|10000|64.18|D",2026-05-31 10:00:17+0000,GEHC,GE HealthCare Technologies Inc.,0001932393,4,2026-05-26,2026-05-22,0001519419-26-000011,https://www.sec.gov/Archives/edgar/data/1932393/000151941926000011/wk-form4_1779835492.xml,nonDerivative,2026-05-22,P,"Common Stock, par value $0.01 per share",10000,64.18,641800.0000000001,14363,D,Lobo Kevin,Director,1,0,0,,SEC EDGAR
EQIX|0001101239-26-000118|nonDerivative|2026-05-22|Abdel Raouf|S|Common Stock|2040|1083.47|D,2026-05-31 10:00:17+0000,EQIX,EQUINIX INC,0001101239,4,2026-05-26,2026-05-22,0001101239-26-000118,https://www.sec.gov/Archives/edgar/data/1101239/000110123926000118/form4.xml,nonDerivative,2026-05-22,S,Common Stock,2040,1083.47,2210278.8000000003,5728.409,D,Abdel Raouf,"Officer, EVP, Global Operations",,1,,"EVP, Global Operations",SEC EDGAR
DXCM|0001093557-26-000089|nonDerivative|2026-05-21|SAYER KEVIN R|S|Common Stock|26759|72|D,2026-05-31 10:00:17+0000,DXCM,DEXCOM INC,0001093557,4,2026-05-26,2026-05-21,0001093557-26-000089,https://www.sec.gov/Archives/edgar/data/1093557/000109355726000089/wk-form4_1779826702.xml,nonDerivative,2026-05-21,S,Common Stock,26759,72,1926648.0,382482,D,SAYER KEVIN R,"Director, Officer, Executive Chair",1,1,0,Executive Chair,SEC EDGAR
"DPZ|0001826853-26-000012|nonDerivative|2026-05-21|GARCIA KELLY E|M|Common Stock, $0.01 par value|488|136.89|D",2026-05-31 10:00:17+0000,DPZ,DOMINOS PIZZA INC,0001286681,4,2026-05-26,2026-05-21,0001826853-26-000012,https://www.sec.gov/Archives/edgar/data/1286681/000182685326000012/ownership.xml,nonDerivative,2026-05-21,M,"Common Stock, $0.01 par value",488,136.89,66802.31999999999,9839.818,D,GARCIA KELLY E,"EVP,  Chief Tech & Data Ofcr",false,true,false,"EVP,  Chief Tech & Data Ofcr",SEC EDGAR
"DPZ|0001826853-26-000012|nonDerivative|2026-05-21|GARCIA KELLY E|S|Common Stock, $0.01 par value|488|313.16|D",2026-05-31 10:00:17+0000,DPZ,DOMINOS PIZZA INC,0001286681,4,2026-05-26,2026-05-21,0001826853-26-000012,https://www.sec.gov/Archives/edgar/data/1286681/000182685326000012/ownership.xml,nonDerivative,2026-05-21,S,"Common Stock, $0.01 par value",488,313.16,152822.08000000002,9351.818,D,GARCIA KELLY E,"EVP,  Chief Tech & Data Ofcr",false,true,false,"EVP,  Chief Tech & Data Ofcr",SEC EDGAR
DPZ|0001826853-26-000012|derivative|2026-05-21|GARCIA KELLY E|M|Option to Purchase Common Stock|488|0|D,2026-05-31 10:00:17+0000,DPZ,DOMINOS PIZZA INC,0001286681,4,2026-05-26,2026-05-21,0001826853-26-000012,https://www.sec.gov/Archives/edgar/data/1286681/000182685326000012/ownership.xml,derivative,2026-05-21,M,Option to Purchase Common Stock,488,0,0.0,974,D,GARCIA KELLY E,"EVP,  Chief Tech & Data Ofcr",false,true,false,"EVP,  Chief Tech & Data Ofcr",SEC EDGAR
DAL|0001683168-26-004302|nonDerivative|2026-05-21|Ausband Allison C|S|Common Stock|5000|73.50|D,2026-05-31 10:00:17+0000,DAL,"DELTA AIR LINES, INC.",0000027904,4,2026-05-26,2026-05-21,0001683168-26-004302,https://www.sec.gov/Archives/edgar/data/27904/000168316826004302/ownership.xml,nonDerivative,2026-05-21,S,Common Stock,5000,73.50,367500.0,138854,D,Ausband Allison C,"Officer, EVP & Chief People Officer",0,1,0,EVP & Chief People Officer,SEC EDGAR
DAL|0001683168-26-004302|nonDerivative|2026-05-22|Ausband Allison C|M|Common Stock|9710|51.23|D,2026-05-31 10:00:17+0000,DAL,"DELTA AIR LINES, INC.",0000027904,4,2026-05-26,2026-05-21,0001683168-26-004302,https://www.sec.gov/Archives/edgar/data/27904/000168316826004302/ownership.xml,nonDerivative,2026-05-22,M,Common Stock,9710,51.23,497443.3,148564,D,Ausband Allison C,"Officer, EVP & Chief People Officer",0,1,0,EVP & Chief People Officer,SEC EDGAR
DAL|0001683168-26-004302|nonDerivative|2026-05-22|Ausband Allison C|S|Common Stock|9710|76.00|D,2026-05-31 10:00:17+0000,DAL,"DELTA AIR LINES, INC.",0000027904,4,2026-05-26,2026-05-21,0001683168-26-004302,https://www.sec.gov/Archives/edgar/data/27904/000168316826004302/ownership.xml,nonDerivative,2026-05-22,S,Common Stock,9710,76.00,737960.0,138854,D,Ausband Allison C,"Officer, EVP & Chief People Officer",0,1,0,EVP & Chief People Officer,SEC EDGAR
DAL|0001683168-26-004302|derivative|2026-05-22|Ausband Allison C|M|Employee Stock Option (right to buy)|9710|0|D,2026-05-31 10:00:17+0000,DAL,"DELTA AIR LINES, INC.",0000027904,4,2026-05-26,2026-05-21,0001683168-26-004302,https://www.sec.gov/Archives/edgar/data/27904/000168316826004302/ownership.xml,derivative,2026-05-22,M,Employee Stock Option (right to buy),9710,0,0.0,0,D,Ausband Allison C,"Officer, EVP & Chief People Officer",0,1,0,EVP & Chief People Officer,SEC EDGAR
CRM|0001108524-26-000105|nonDerivative|2026-05-22|WEBB MAYNARD G JR|M|Common Stock|442|0|D,2026-05-31 10:00:17+0000,CRM,"Salesforce, Inc.",0001108524,4,2026-05-26,2026-05-22,0001108524-26-000105,https://www.sec.gov/Archives/edgar/data/1108524/000110852426000105/form4.xml,nonDerivative,2026-05-22,M,Common Stock,442,0,0.0,3674,D,WEBB MAYNARD G JR,Director,1,,,,SEC EDGAR
CRM|0001108524-26-000105|derivative|2026-05-22|WEBB MAYNARD G JR|M|Restricted Stock Units|442|0|D,2026-05-31 10:00:17+0000,CRM,"Salesforce, Inc.",0001108524,4,2026-05-26,2026-05-22,0001108524-26-000105,https://www.sec.gov/Archives/edgar/data/1108524/000110852426000105/form4.xml,derivative,2026-05-22,M,Restricted Stock Units,442,0,0.0,882,D,WEBB MAYNARD G JR,Director,1,,,,SEC EDGAR
CRM|0001108524-26-000109|nonDerivative|2026-05-22|SACHIN J. MEHRA|M|Common Stock|442|0|D,2026-05-31 10:00:17+0000,CRM,"Salesforce, Inc.",0001108524,4,2026-05-26,2026-05-22,0001108524-26-000109,https://www.sec.gov/Archives/edgar/data/1108524/000110852426000109/form4.xml,nonDerivative,2026-05-22,M,Common Stock,442,0,0.0,4965,D,SACHIN J. MEHRA,Director,1,,,,SEC EDGAR
CRM|0001108524-26-000109|derivative|2026-05-22|SACHIN J. MEHRA|M|Restricted Stock Units|442|0|D,2026-05-31 10:00:17+0000,CRM,"Salesforce, Inc.",0001108524,4,2026-05-26,2026-05-22,0001108524-26-000109,https://www.sec.gov/Archives/edgar/data/1108524/000110852426000109/form4.xml,derivative,2026-05-22,M,Restricted Stock Units,442,0,0.0,882,D,SACHIN J. MEHRA,Director,1,,,,SEC EDGAR
CRM|0001108524-26-000103|nonDerivative|2026-05-22|Roos John Victor|M|Common Stock|442|0|D,2026-05-31 10:00:17+0000,CRM,"Salesforce, Inc.",0001108524,4,2026-05-26,2026-05-22,0001108524-26-000103,https://www.sec.gov/Archives/edgar/data/1108524/000110852426000103/form4.xml,nonDerivative,2026-05-22,M,Common Stock,442,0,0.0,16848,D,Roos John Victor,Director,1,,,,SEC EDGAR
CRM|0001108524-26-000103|derivative|2026-05-22|Roos John Victor|M|Restricted Stock Units|442|0|D,2026-05-31 10:00:17+0000,CRM,"Salesforce, Inc.",0001108524,4,2026-05-26,2026-05-22,0001108524-26-000103,https://www.sec.gov/Archives/edgar/data/1108524/000110852426000103/form4.xml,derivative,2026-05-22,M,Restricted Stock Units,442,0,0.0,882,D,Roos John Victor,Director,1,,,,SEC EDGAR
CRM|0001108524-26-000097|nonDerivative|2026-05-22|Niles Sabastian|M|Common Stock|1663|0|D,2026-05-31 10:00:17+0000,CRM,"Salesforce, Inc.",0001108524,4,2026-05-26,2026-05-22,0001108524-26-000097,https://www.sec.gov/Archives/edgar/data/1108524/000110852426000097/form4.xml,nonDerivative,2026-05-22,M,Common Stock,1663,0,0.0,26307,D,Niles Sabastian,"Officer, President and CLO",,1,,President and CLO,SEC EDGAR
CRM|0001108524-26-000097|nonDerivative|2026-05-22|Niles Sabastian|F|Common Stock|920|180.07|D,2026-05-31 10:00:17+0000,CRM,"Salesforce, Inc.",0001108524,4,2026-05-26,2026-05-22,0001108524-26-000097,https://www.sec.gov/Archives/edgar/data/1108524/000110852426000097/form4.xml,nonDerivative,2026-05-22,F,Common Stock,920,180.07,165664.4,25387,D,Niles Sabastian,"Officer, President and CLO",,1,,President and CLO,SEC EDGAR
CRM|0001108524-26-000097|derivative|2026-05-22|Niles Sabastian|M|Restricted Stock Units|1663|0|D,2026-05-31 10:00:17+0000,CRM,"Salesforce, Inc.",0001108524,4,2026-05-26,2026-05-22,0001108524-26-000097,https://www.sec.gov/Archives/edgar/data/1108524/000110852426000097/form4.xml,derivative,2026-05-22,M,Restricted Stock Units,1663,0,0.0,8313,D,Niles Sabastian,"Officer, President and CLO",,1,,President and CLO,SEC EDGAR
CRM|0001108524-26-000101|nonDerivative|2026-05-22|Milano Miguel|M|Common Stock|1663|0|D,2026-05-31 10:00:17+0000,CRM,"Salesforce, Inc.",0001108524,4,2026-05-26,2026-05-22,0001108524-26-000101,https://www.sec.gov/Archives/edgar/data/1108524/000110852426000101/form4.xml,nonDerivative,2026-05-22,M,Common Stock,1663,0,0.0,36910,D,Milano Miguel,"Officer, President and CRO",,1,,President and CRO,SEC EDGAR
CRM|0001108524-26-000101|nonDerivative|2026-05-22|Milano Miguel|F|Common Stock|680|180.07|D,2026-05-31 10:00:17+0000,CRM,"Salesforce, Inc.",0001108524,4,2026-05-26,2026-05-22,0001108524-26-000101,https://www.sec.gov/Archives/edgar/data/1108524/000110852426000101/form4.xml,nonDerivative,2026-05-22,F,Common Stock,680,180.07,122447.59999999999,36230,D,Milano Miguel,"Officer, President and CRO",,1,,President and CRO,SEC EDGAR
CRM|0001108524-26-000101|derivative|2026-05-22|Milano Miguel|M|Restricted Stock Units|1663|0|D,2026-05-31 10:00:17+0000,CRM,"Salesforce, Inc.",0001108524,4,2026-05-26,2026-05-22,0001108524-26-000101,https://www.sec.gov/Archives/edgar/data/1108524/000110852426000101/form4.xml,derivative,2026-05-22,M,Restricted Stock Units,1663,0,0.0,8313,D,Milano Miguel,"Officer, President and CRO",,1,,President and CRO,SEC EDGAR
CRM|0001108524-26-000107|nonDerivative|2026-05-22|MUNOZ OSCAR|M|Common Stock|442|0|D,2026-05-31 10:00:17+0000,CRM,"Salesforce, Inc.",0001108524,4,2026-05-26,2026-05-22,0001108524-26-000107,https://www.sec.gov/Archives/edgar/data/1108524/000110852426000107/form4.xml,nonDerivative,2026-05-22,M,Common Stock,442,0,0.0,13549,D,MUNOZ OSCAR,Director,1,,,,SEC EDGAR
CRM|0001108524-26-000107|derivative|2026-05-22|MUNOZ OSCAR|M|Restricted Stock Units|442|0|D,2026-05-31 10:00:17+0000,CRM,"Salesforce, Inc.",0001108524,4,2026-05-26,2026-05-22,0001108524-26-000107,https://www.sec.gov/Archives/edgar/data/1108524/000110852426000107/form4.xml,derivative,2026-05-22,M,Restricted Stock Units,442,0,0.0,882,D,MUNOZ OSCAR,Director,1,,,,SEC EDGAR
CRM|0001108524-26-000111|nonDerivative|2026-05-22|Kirk David Blair|M|Common Stock|442|0|D,2026-05-31 10:00:17+0000,CRM,"Salesforce, Inc.",0001108524,4,2026-05-26,2026-05-22,0001108524-26-000111,https://www.sec.gov/Archives/edgar/data/1108524/000110852426000111/form4.xml,nonDerivative,2026-05-22,M,Common Stock,442,0,0.0,14131,D,Kirk David Blair,Director,1,,,,SEC EDGAR
CRM|0001108524-26-000111|derivative|2026-05-22|Kirk David Blair|M|Restricted Stock Units|442|0|D,2026-05-31 10:00:17+0000,CRM,"Salesforce, Inc.",0001108524,4,2026-05-26,2026-05-22,0001108524-26-000111,https://www.sec.gov/Archives/edgar/data/1108524/000110852426000111/form4.xml,derivative,2026-05-22,M,Restricted Stock Units,442,0,0.0,882,D,Kirk David Blair,Director,1,,,,SEC EDGAR
CRM|0001108524-26-000099|nonDerivative|2026-05-22|KROES NEELIE|M|Common Stock|442|0|D,2026-05-31 10:00:17+0000,CRM,"Salesforce, Inc.",0001108524,4,2026-05-26,2026-05-22,0001108524-26-000099,https://www.sec.gov/Archives/edgar/data/1108524/000110852426000099/form4.xml,nonDerivative,2026-05-22,M,Common Stock,442,0,0.0,8183,D,KROES NEELIE,Director,1,,,,SEC EDGAR
CRM|0001108524-26-000099|nonDerivative|2026-05-22|KROES NEELIE|F|Common Stock|67|180.07|D,2026-05-31 10:00:17+0000,CRM,"Salesforce, Inc.",0001108524,4,2026-05-26,2026-05-22,0001108524-26-000099,https://www.sec.gov/Archives/edgar/data/1108524/000110852426000099/form4.xml,nonDerivative,2026-05-22,F,Common Stock,67,180.07,12064.689999999999,8116,D,KROES NEELIE,Director,1,,,,SEC EDGAR
CRM|0001108524-26-000099|derivative|2026-05-22|KROES NEELIE|M|Restricted Stock Units|442|0|D,2026-05-31 10:00:17+0000,CRM,"Salesforce, Inc.",0001108524,4,2026-05-26,2026-05-22,0001108524-26-000099,https://www.sec.gov/Archives/edgar/data/1108524/000110852426000099/form4.xml,derivative,2026-05-22,M,Restricted Stock Units,442,0,0.0,882,D,KROES NEELIE,Director,1,,,,SEC EDGAR
CRM|0001108524-26-000113|nonDerivative|2026-05-22|DONALD ARNOLD W|M|Common Stock|442|0|I,2026-05-31 10:00:17+0000,CRM,"Salesforce, Inc.",0001108524,4,2026-05-26,2026-05-22,0001108524-26-000113,https://www.sec.gov/Archives/edgar/data/1108524/000110852426000113/form4.xml,nonDerivative,2026-05-22,M,Common Stock,442,0,0.0,5415,I,DONALD ARNOLD W,Director,1,,,,SEC EDGAR
CRM|0001108524-26-000113|derivative|2026-05-22|DONALD ARNOLD W|M|Restricted Stock Units|442|0|D,2026-05-31 10:00:17+0000,CRM,"Salesforce, Inc.",0001108524,4,2026-05-26,2026-05-22,0001108524-26-000113,https://www.sec.gov/Archives/edgar/data/1108524/000110852426000113/form4.xml,derivative,2026-05-22,M,Restricted Stock Units,442,0,0.0,882,D,DONALD ARNOLD W,Director,1,,,,SEC EDGAR
CRM|0001108524-26-000115|nonDerivative|2026-05-22|Conway Craig|M|Common Stock|442|0|D,2026-05-31 10:00:17+0000,CRM,"Salesforce, Inc.",0001108524,4,2026-05-26,2026-05-22,0001108524-26-000115,https://www.sec.gov/Archives/edgar/data/1108524/000110852426000115/form4.xml,nonDerivative,2026-05-22,M,Common Stock,442,0,0.0,9496,D,Conway Craig,Director,1,,,,SEC EDGAR
CRM|0001108524-26-000115|derivative|2026-05-22|Conway Craig|M|Restricted Stock Units|442|0|D,2026-05-31 10:00:17+0000,CRM,"Salesforce, Inc.",0001108524,4,2026-05-26,2026-05-22,0001108524-26-000115,https://www.sec.gov/Archives/edgar/data/1108524/000110852426000115/form4.xml,derivative,2026-05-22,M,Restricted Stock Units,442,0,0.0,882,D,Conway Craig,Director,1,,,,SEC EDGAR
CRM|0001108524-26-000119|nonDerivative|2026-05-22|Chang Amy|M|Common Stock|442|0|D,2026-05-31 10:00:17+0000,CRM,"Salesforce, Inc.",0001108524,4,2026-05-26,2026-05-22,0001108524-26-000119,https://www.sec.gov/Archives/edgar/data/1108524/000110852426000119/form4.xml,nonDerivative,2026-05-22,M,Common Stock,442,0,0.0,1732,D,Chang Amy,Director,1,,,,SEC EDGAR
CRM|0001108524-26-000119|derivative|2026-05-22|Chang Amy|M|Restricted Stock Units|442|0|D,2026-05-31 10:00:17+0000,CRM,"Salesforce, Inc.",0001108524,4,2026-05-26,2026-05-22,0001108524-26-000119,https://www.sec.gov/Archives/edgar/data/1108524/000110852426000119/form4.xml,derivative,2026-05-22,M,Restricted Stock Units,442,0,0.0,882,D,Chang Amy,Director,1,,,,SEC EDGAR
CRM|0001108524-26-000121|nonDerivative|2026-05-22|ALBER LAURA|M|Common Stock|442|0|D,2026-05-31 10:00:17+0000,CRM,"Salesforce, Inc.",0001108524,4,2026-05-26,2026-05-22,0001108524-26-000121,https://www.sec.gov/Archives/edgar/data/1108524/000110852426000121/form4.xml,nonDerivative,2026-05-22,M,Common Stock,442,0,0.0,9972,D,ALBER LAURA,Director,1,,,,SEC EDGAR
CRM|0001108524-26-000121|derivative|2026-05-22|ALBER LAURA|M|Restricted Stock Units|442|0|D,2026-05-31 10:00:17+0000,CRM,"Salesforce, Inc.",0001108524,4,2026-05-26,2026-05-22,0001108524-26-000121,https://www.sec.gov/Archives/edgar/data/1108524/000110852426000121/form4.xml,derivative,2026-05-22,M,Restricted Stock Units,442,0,0.0,882,D,ALBER LAURA,Director,1,,,,SEC EDGAR
CNC|0001071739-26-000123|derivative|2026-05-22|Carson Michael A|A|Phantom Stock|47.935|57.77|D,2026-05-31 10:00:17+0000,CNC,CENTENE CORP,0001071739,4,2026-05-26,2026-05-22,0001071739-26-000123,https://www.sec.gov/Archives/edgar/data/1071739/000107173926000123/wk-form4_1779829151.xml,derivative,2026-05-22,A,Phantom Stock,47.935,57.77,2769.2049500000003,604.004,D,Carson Michael A,"Officer, Group President, Medicare&Spec",0,1,0,"Group President, Medicare&Spec",SEC EDGAR
CBRE|0001225208-26-005598|nonDerivative|2026-05-21|Soni Gunjan|A|Class A Common Stock|1907.0000|0.0000|D,2026-05-31 10:00:17+0000,CBRE,"CBRE GROUP, INC.",0001138118,4,2026-05-26,2026-05-21,0001225208-26-005598,https://www.sec.gov/Archives/edgar/data/1138118/000122520826005598/doc4.xml,nonDerivative,2026-05-21,A,Class A Common Stock,1907.0000,0.0000,0.0,5929.0000,D,Soni Gunjan,Director,1,,,,SEC EDGAR
CBRE|0001225208-26-005600|nonDerivative|2026-05-21|Sanjiv Yajnik|A|Class A Common Stock|1907.0000|0.0000|D,2026-05-31 10:00:17+0000,CBRE,"CBRE GROUP, INC.",0001138118,4,2026-05-26,2026-05-21,0001225208-26-005600,https://www.sec.gov/Archives/edgar/data/1138118/000122520826005600/doc4.xml,nonDerivative,2026-05-21,A,Class A Common Stock,1907.0000,0.0000,0.0,3975.0000,D,Sanjiv Yajnik,Director,1,,,,SEC EDGAR
CBRE|0001225208-26-005600|nonDerivative|2026-05-21|Sanjiv Yajnik|A|Class A Common Stock|1526.0000|131.0400|D,2026-05-31 10:00:17+0000,CBRE,"CBRE GROUP, INC.",0001138118,4,2026-05-26,2026-05-21,0001225208-26-005600,https://www.sec.gov/Archives/edgar/data/1138118/000122520826005600/doc4.xml,nonDerivative,2026-05-21,A,Class A Common Stock,1526.0000,131.0400,199967.03999999998,5501.0000,D,Sanjiv Yajnik,Director,1,,,,SEC EDGAR
CBRE|0001225208-26-005600|nonDerivative|2026-05-26|Sanjiv Yajnik|G|Class A Common Stock|2068.0000|0.0000|D,2026-05-31 10:00:17+0000,CBRE,"CBRE GROUP, INC.",0001138118,4,2026-05-26,2026-05-21,0001225208-26-005600,https://www.sec.gov/Archives/edgar/data/1138118/000122520826005600/doc4.xml,nonDerivative,2026-05-26,G,Class A Common Stock,2068.0000,0.0000,0.0,3433.0000,D,Sanjiv Yajnik,Director,1,,,,SEC EDGAR
CBRE|0001225208-26-005600|nonDerivative|2026-05-26|Sanjiv Yajnik|G|Class A Common Stock|2068.0000|0.0000|I,2026-05-31 10:00:17+0000,CBRE,"CBRE GROUP, INC.",0001138118,4,2026-05-26,2026-05-21,0001225208-26-005600,https://www.sec.gov/Archives/edgar/data/1138118/000122520826005600/doc4.xml,nonDerivative,2026-05-26,G,Class A Common Stock,2068.0000,0.0000,0.0,29587.0000,I,Sanjiv Yajnik,Director,1,,,,SEC EDGAR
CBRE|0001225208-26-005597|nonDerivative|2026-05-21|Metcalfe Guy A|A|Class A Common Stock|1907.0000|0.0000|D,2026-05-31 10:00:17+0000,CBRE,"CBRE GROUP, INC.",0001138118,4,2026-05-26,2026-05-21,0001225208-26-005597,https://www.sec.gov/Archives/edgar/data/1138118/000122520826005597/doc4.xml,nonDerivative,2026-05-21,A,Class A Common Stock,1907.0000,0.0000,0.0,8518.0000,D,Metcalfe Guy A,Director,1,,,,SEC EDGAR
CBRE|0001225208-26-005596|nonDerivative|2026-05-21|LOPEZ GERARDO I|A|Class A Common Stock|1907.0000|0.0000|D,2026-05-31 10:00:17+0000,CBRE,"CBRE GROUP, INC.",0001138118,4,2026-05-26,2026-05-21,0001225208-26-005596,https://www.sec.gov/Archives/edgar/data/1138118/000122520826005596/doc4.xml,nonDerivative,2026-05-21,A,Class A Common Stock,1907.0000,0.0000,0.0,47537.0000,D,LOPEZ GERARDO I,Director,1,,,,SEC EDGAR
CBRE|0001225208-26-005595|nonDerivative|2026-05-21|Goodman Shira|A|Class A Common Stock|1907.0000|0.0000|D,2026-05-31 10:00:17+0000,CBRE,"CBRE GROUP, INC.",0001138118,4,2026-05-26,2026-05-21,0001225208-26-005595,https://www.sec.gov/Archives/edgar/data/1138118/000122520826005595/doc4.xml,nonDerivative,2026-05-21,A,Class A Common Stock,1907.0000,0.0000,0.0,3975.0000,D,Goodman Shira,Director,1,,,,SEC EDGAR
CBRE|0001225208-26-005595|nonDerivative|2026-05-26|Goodman Shira|G|Class A Common Stock|2068.0000|0.0000|D,2026-05-31 10:00:17+0000,CBRE,"CBRE GROUP, INC.",0001138118,4,2026-05-26,2026-05-21,0001225208-26-005595,https://www.sec.gov/Archives/edgar/data/1138118/000122520826005595/doc4.xml,nonDerivative,2026-05-26,G,Class A Common Stock,2068.0000,0.0000,0.0,1907.0000,D,Goodman Shira,Director,1,,,,SEC EDGAR
CBRE|0001225208-26-005595|nonDerivative|2026-05-26|Goodman Shira|G|Class A Common Stock|2068.0000|0.0000|I,2026-05-31 10:00:17+0000,CBRE,"CBRE GROUP, INC.",0001138118,4,2026-05-26,2026-05-21,0001225208-26-005595,https://www.sec.gov/Archives/edgar/data/1138118/000122520826005595/doc4.xml,nonDerivative,2026-05-26,G,Class A Common Stock,2068.0000,0.0000,0.0,22198.0000,I,Goodman Shira,Director,1,,,,SEC EDGAR
CBRE|0001225208-26-005594|nonDerivative|2026-05-21|GILYARD REGINALD HAROLD|A|Class A Common Stock|1907.0000|0.0000|D,2026-05-31 10:00:17+0000,CBRE,"CBRE GROUP, INC.",0001138118,4,2026-05-26,2026-05-21,0001225208-26-005594,https://www.sec.gov/Archives/edgar/data/1138118/000122520826005594/doc4.xml,nonDerivative,2026-05-21,A,Class A Common Stock,1907.0000,0.0000,0.0,3975.0000,D,GILYARD REGINALD HAROLD,Director,1,,,,SEC EDGAR
CBRE|0001225208-26-005594|nonDerivative|2026-05-26|GILYARD REGINALD HAROLD|G|Class A Common Stock|2068.0000|0.0000|D,2026-05-31 10:00:17+0000,CBRE,"CBRE GROUP, INC.",0001138118,4,2026-05-26,2026-05-21,0001225208-26-005594,https://www.sec.gov/Archives/edgar/data/1138118/000122520826005594/doc4.xml,nonDerivative,2026-05-26,G,Class A Common Stock,2068.0000,0.0000,0.0,1907.0000,D,GILYARD REGINALD HAROLD,Director,1,,,,SEC EDGAR
CBRE|0001225208-26-005594|nonDerivative|2026-05-26|GILYARD REGINALD HAROLD|G|Class A Common Stock|2068.0000|0.0000|I,2026-05-31 10:00:17+0000,CBRE,"CBRE GROUP, INC.",0001138118,4,2026-05-26,2026-05-21,0001225208-26-005594,https://www.sec.gov/Archives/edgar/data/1138118/000122520826005594/doc4.xml,nonDerivative,2026-05-26,G,Class A Common Stock,2068.0000,0.0000,0.0,21891.0000,I,GILYARD REGINALD HAROLD,Director,1,,,,SEC EDGAR
CBRE|0001225208-26-005593|nonDerivative|2026-05-21|Cobert Beth F.|A|Class A Common Stock|1907.0000|0.0000|D,2026-05-31 10:00:17+0000,CBRE,"CBRE GROUP, INC.",0001138118,4,2026-05-26,2026-05-21,0001225208-26-005593,https://www.sec.gov/Archives/edgar/data/1138118/000122520826005593/doc4.xml,nonDerivative,2026-05-21,A,Class A Common Stock,1907.0000,0.0000,0.0,3975.0000,D,Cobert Beth F.,Director,1,,,,SEC EDGAR
CBRE|0001225208-26-005599|nonDerivative|2026-05-21|Boze Brandon B|A|Class A Common Stock|1907.0000|0.0000|D,2026-05-31 10:00:17+0000,CBRE,"CBRE GROUP, INC.",0001138118,4,2026-05-26,2026-05-21,0001225208-26-005599,https://www.sec.gov/Archives/edgar/data/1138118/000122520826005599/doc4.xml,nonDerivative,2026-05-21,A,Class A Common Stock,1907.0000,0.0000,0.0,9349.0000,D,Boze Brandon B,Director,1,,,,SEC EDGAR
CBRE|0001225208-26-005599|nonDerivative|2026-05-21|Boze Brandon B|A|Class A Common Stock|839.0000|131.0400|D,2026-05-31 10:00:17+0000,CBRE,"CBRE GROUP, INC.",0001138118,4,2026-05-26,2026-05-21,0001225208-26-005599,https://www.sec.gov/Archives/edgar/data/1138118/000122520826005599/doc4.xml,nonDerivative,2026-05-21,A,Class A Common Stock,839.0000,131.0400,109942.56,10188.0000,D,Boze Brandon B,Director,1,,,,SEC EDGAR
CB|0001193125-26-239374|nonDerivative|2026-05-21|Wayland Joseph F|D|Common Shares|1797|0|D,2026-05-31 10:00:17+0000,CB,Chubb Ltd,0000896159,4,2026-05-26,2026-05-21,0001193125-26-239374,https://www.sec.gov/Archives/edgar/data/896159/000119312526239374/ownership.xml,nonDerivative,2026-05-21,D,Common Shares,1797,0,0.0,54415.354,D,Wayland Joseph F,Executive Vice President and*,false,true,false,Executive Vice President and*,SEC EDGAR
CB|0001193125-26-239374|nonDerivative|2026-05-21|Wayland Joseph F|F|Common Shares|12164|330.26|D,2026-05-31 10:00:17+0000,CB,Chubb Ltd,0000896159,4,2026-05-26,2026-05-21,0001193125-26-239374,https://www.sec.gov/Archives/edgar/data/896159/000119312526239374/ownership.xml,nonDerivative,2026-05-21,F,Common Shares,12164,330.26,4017282.6399999997,42251.354,D,Wayland Joseph F,Executive Vice President and*,false,true,false,Executive Vice President and*,SEC EDGAR
CB|0001193125-26-239331|nonDerivative|2026-05-21|TOWNSEND FRANCES F|A|Common Shares|681||D,2026-05-31 10:00:17+0000,CB,Chubb Ltd,0000896159,4,2026-05-26,2026-05-21,0001193125-26-239331,https://www.sec.gov/Archives/edgar/data/896159/000119312526239331/ownership.xml,nonDerivative,2026-05-21,A,Common Shares,681,,,5507,D,TOWNSEND FRANCES F,,true,false,false,,SEC EDGAR
CB|0001193125-26-239331|nonDerivative|2026-05-21|TOWNSEND FRANCES F|F|Common Shares|193|330.26|D,2026-05-31 10:00:17+0000,CB,Chubb Ltd,0000896159,4,2026-05-26,2026-05-21,0001193125-26-239331,https://www.sec.gov/Archives/edgar/data/896159/000119312526239331/ownership.xml,nonDerivative,2026-05-21,F,Common Shares,193,330.26,63740.18,5314,D,TOWNSEND FRANCES F,,true,false,false,,SEC EDGAR
CB|0001193125-26-239384|nonDerivative|2026-05-21|Steimer Olivier|A|Common Shares|681||D,2026-05-31 10:00:17+0000,CB,Chubb Ltd,0000896159,4,2026-05-26,2026-05-21,0001193125-26-239384,https://www.sec.gov/Archives/edgar/data/896159/000119312526239384/ownership.xml,nonDerivative,2026-05-21,A,Common Shares,681,,,26160.51,D,Steimer Olivier,,true,false,false,,SEC EDGAR
CB|0001193125-26-239384|nonDerivative|2026-05-21|Steimer Olivier|F|Common Shares|41|330.26|D,2026-05-31 10:00:17+0000,CB,Chubb Ltd,0000896159,4,2026-05-26,2026-05-21,0001193125-26-239384,https://www.sec.gov/Archives/edgar/data/896159/000119312526239384/ownership.xml,nonDerivative,2026-05-21,F,Common Shares,41,330.26,13540.66,26119.51,D,Steimer Olivier,,true,false,false,,SEC EDGAR
CB|0001193125-26-239375|nonDerivative|2026-05-21|Shasta Theodore|A|Common Shares|681||D,2026-05-31 10:00:17+0000,CB,Chubb Ltd,0000896159,4,2026-05-26,2026-05-21,0001193125-26-239375,https://www.sec.gov/Archives/edgar/data/896159/000119312526239375/ownership.xml,nonDerivative,2026-05-21,A,Common Shares,681,,,16262,D,Shasta Theodore,,true,false,false,,SEC EDGAR
CB|0001193125-26-239375|nonDerivative|2026-05-21|Shasta Theodore|F|Common Shares|193|330.26|D,2026-05-31 10:00:17+0000,CB,Chubb Ltd,0000896159,4,2026-05-26,2026-05-21,0001193125-26-239375,https://www.sec.gov/Archives/edgar/data/896159/000119312526239375/ownership.xml,nonDerivative,2026-05-21,F,Common Shares,193,330.26,63740.18,16069,D,Shasta Theodore,,true,false,false,,SEC EDGAR
CB|0001193125-26-239387|nonDerivative|2026-05-21|SIDWELL DAVID H|A|Common Shares|757||D,2026-05-31 10:00:17+0000,CB,Chubb Ltd,0000896159,4,2026-05-26,2026-05-21,0001193125-26-239387,https://www.sec.gov/Archives/edgar/data/896159/000119312526239387/ownership.xml,nonDerivative,2026-05-21,A,Common Shares,757,,,15514,D,SIDWELL DAVID H,,true,false,false,,SEC EDGAR
CB|0001193125-26-239387|nonDerivative|2026-05-21|SIDWELL DAVID H|F|Common Shares|193|330.26|D,2026-05-31 10:00:17+0000,CB,Chubb Ltd,0000896159,4,2026-05-26,2026-05-21,0001193125-26-239387,https://www.sec.gov/Archives/edgar/data/896159/000119312526239387/ownership.xml,nonDerivative,2026-05-21,F,Common Shares,193,330.26,63740.18,15321,D,SIDWELL DAVID H,,true,false,false,,SEC EDGAR
CB|0001193125-26-239329|nonDerivative|2026-05-21|SCULLY ROBERT W|A|Common Shares|1256||D,2026-05-31 10:00:17+0000,CB,Chubb Ltd,0000896159,4,2026-05-26,2026-05-21,0001193125-26-239329,https://www.sec.gov/Archives/edgar/data/896159/000119312526239329/ownership.xml,nonDerivative,2026-05-21,A,Common Shares,1256,,,20753,D,SCULLY ROBERT W,,true,false,false,,SEC EDGAR
CB|0001193125-26-239329|nonDerivative|2026-05-21|SCULLY ROBERT W|F|Common Shares|356|330.26|D,2026-05-31 10:00:17+0000,CB,Chubb Ltd,0000896159,4,2026-05-26,2026-05-21,0001193125-26-239329,https://www.sec.gov/Archives/edgar/data/896159/000119312526239329/ownership.xml,nonDerivative,2026-05-21,F,Common Shares,356,330.26,117572.56,20397,D,SCULLY ROBERT W,,true,false,false,,SEC EDGAR
CB|0001193125-26-239380|nonDerivative|2026-05-21|Ortega Juan Luis|D|Common Shares|924|0|D,2026-05-31 10:00:17+0000,CB,Chubb Ltd,0000896159,4,2026-05-26,2026-05-21,0001193125-26-239380,https://www.sec.gov/Archives/edgar/data/896159/000119312526239380/ownership.xml,nonDerivative,2026-05-21,D,Common Shares,924,0,0.0,34678.93,D,Ortega Juan Luis,Executive Vice President*,false,true,false,Executive Vice President*,SEC EDGAR
CB|0001193125-26-239380|nonDerivative|2026-05-21|Ortega Juan Luis|F|Common Shares|5820|330.26|D,2026-05-31 10:00:17+0000,CB,Chubb Ltd,0000896159,4,2026-05-26,2026-05-21,0001193125-26-239380,https://www.sec.gov/Archives/edgar/data/896159/000119312526239380/ownership.xml,nonDerivative,2026-05-21,F,Common Shares,5820,330.26,1922113.2,28858.93,D,Ortega Juan Luis,Executive Vice President*,false,true,false,Executive Vice President*,SEC EDGAR
CB|0001193125-26-239378|nonDerivative|2026-05-21|O'Brien Frances D.|D|Common Shares|216|0|D,2026-05-31 10:00:17+0000,CB,Chubb Ltd,0000896159,4,2026-05-26,2026-05-21,0001193125-26-239378,https://www.sec.gov/Archives/edgar/data/896159/000119312526239378/ownership.xml,nonDerivative,2026-05-21,D,Common Shares,216,0,0.0,41967,D,O'Brien Frances D.,Chief Risk Officer,false,true,false,Chief Risk Officer,SEC EDGAR
CB|0001193125-26-239378|nonDerivative|2026-05-21|O'Brien Frances D.|F|Common Shares|1106|330.26|D,2026-05-31 10:00:17+0000,CB,Chubb Ltd,0000896159,4,2026-05-26,2026-05-21,0001193125-26-239378,https://www.sec.gov/Archives/edgar/data/896159/000119312526239378/ownership.xml,nonDerivative,2026-05-21,F,Common Shares,1106,330.26,365267.56,40861,D,O'Brien Frances D.,Chief Risk Officer,false,true,false,Chief Risk Officer,SEC EDGAR
CB|0001193125-26-239377|nonDerivative|2026-05-21|McNamee Paul|D|Common Shares|282|0|D,2026-05-31 10:00:17+0000,CB,Chubb Ltd,0000896159,4,2026-05-26,2026-05-21,0001193125-26-239377,https://www.sec.gov/Archives/edgar/data/896159/000119312526239377/ownership.xml,nonDerivative,2026-05-21,D,Common Shares,282,0,0.0,20001,D,McNamee Paul,Executive Vice President*,false,true,false,Executive Vice President*,SEC EDGAR
CB|0001193125-26-239377|nonDerivative|2026-05-21|McNamee Paul|F|Common Shares|1352|330.26|D,2026-05-31 10:00:17+0000,CB,Chubb Ltd,0000896159,4,2026-05-26,2026-05-21,0001193125-26-239377,https://www.sec.gov/Archives/edgar/data/896159/000119312526239377/ownership.xml,nonDerivative,2026-05-21,F,Common Shares,1352,330.26,446511.51999999996,18649,D,McNamee Paul,Executive Vice President*,false,true,false,Executive Vice President*,SEC EDGAR
CB|0001193125-26-239371|nonDerivative|2026-05-21|Keogh John W|D|Common Shares|5033|0|D,2026-05-31 10:00:17+0000,CB,Chubb Ltd,0000896159,4,2026-05-26,2026-05-21,0001193125-26-239371,https://www.sec.gov/Archives/edgar/data/896159/000119312526239371/ownership.xml,nonDerivative,2026-05-21,D,Common Shares,5033,0,0.0,255877.67,D,Keogh John W,President &COO,false,true,false,President &COO,SEC EDGAR
CB|0001193125-26-239371|nonDerivative|2026-05-21|Keogh John W|F|Common Shares|29556|330.26|D,2026-05-31 10:00:17+0000,CB,Chubb Ltd,0000896159,4,2026-05-26,2026-05-21,0001193125-26-239371,https://www.sec.gov/Archives/edgar/data/896159/000119312526239371/ownership.xml,nonDerivative,2026-05-21,F,Common Shares,29556,330.26,9761164.56,226321.67,D,Keogh John W,President &COO,false,true,false,President &COO,SEC EDGAR
CB|0001193125-26-239382|nonDerivative|2026-05-21|Johns Bryce L.|D|Common Shares|243|0|D,2026-05-31 10:00:17+0000,CB,Chubb Ltd,0000896159,4,2026-05-26,2026-05-21,0001193125-26-239382,https://www.sec.gov/Archives/edgar/data/896159/000119312526239382/ownership.xml,nonDerivative,2026-05-21,D,Common Shares,243,0,0.0,24527,D,Johns Bryce L.,"Senior Vice President,*",false,true,false,"Senior Vice President,*",SEC EDGAR
CB|0001193125-26-239370|nonDerivative|2026-05-21|Hu Fred|A|Common Shares|1135||D,2026-05-31 10:00:17+0000,CB,Chubb Ltd,0000896159,4,2026-05-26,2026-05-21,0001193125-26-239370,https://www.sec.gov/Archives/edgar/data/896159/000119312526239370/ownership.xml,nonDerivative,2026-05-21,A,Common Shares,1135,,,1906,D,Hu Fred,,true,false,false,,SEC EDGAR
CB|0001193125-26-239370|nonDerivative|2026-05-21|Hu Fred|F|Common Shares|193|330.26|D,2026-05-31 10:00:17+0000,CB,Chubb Ltd,0000896159,4,2026-05-26,2026-05-21,0001193125-26-239370,https://www.sec.gov/Archives/edgar/data/896159/000119312526239370/ownership.xml,nonDerivative,2026-05-21,F,Common Shares,193,330.26,63740.18,1713,D,Hu Fred,,true,false,false,,SEC EDGAR
CB|0001193125-26-239385|nonDerivative|2026-05-21|HUGIN ROBERT J|A|Common Shares|1135||D,2026-05-31 10:00:17+0000,CB,Chubb Ltd,0000896159,4,2026-05-26,2026-05-21,0001193125-26-239385,https://www.sec.gov/Archives/edgar/data/896159/000119312526239385/ownership.xml,nonDerivative,2026-05-21,A,Common Shares,1135,,,21626,D,HUGIN ROBERT J,,true,false,false,,SEC EDGAR
CB|0001193125-26-239376|nonDerivative|2026-05-21|GREENBERG EVAN G|D|Common Shares|11253|0|D,2026-05-31 10:00:17+0000,CB,Chubb Ltd,0000896159,4,2026-05-26,2026-05-21,0001193125-26-239376,https://www.sec.gov/Archives/edgar/data/896159/000119312526239376/ownership.xml,nonDerivative,2026-05-21,D,Common Shares,11253,0,0.0,535346,D,GREENBERG EVAN G,Chairman & CEO,false,true,false,Chairman & CEO,SEC EDGAR
CB|0001193125-26-239376|nonDerivative|2026-05-21|GREENBERG EVAN G|F|Common Shares|73555|330.26|D,2026-05-31 10:00:17+0000,CB,Chubb Ltd,0000896159,4,2026-05-26,2026-05-21,0001193125-26-239376,https://www.sec.gov/Archives/edgar/data/896159/000119312526239376/ownership.xml,nonDerivative,2026-05-21,F,Common Shares,73555,330.26,24292274.3,461791,D,GREENBERG EVAN G,Chairman & CEO,false,true,false,Chairman & CEO,SEC EDGAR
CB|0001193125-26-239379|nonDerivative|2026-05-21|Enns Peter C.|D|Common Shares|1869|0|D,2026-05-31 10:00:17+0000,CB,Chubb Ltd,0000896159,4,2026-05-26,2026-05-21,0001193125-26-239379,https://www.sec.gov/Archives/edgar/data/896159/000119312526239379/ownership.xml,nonDerivative,2026-05-21,D,Common Shares,1869,0,0.0,41443,D,Enns Peter C.,Executive Vice President and*,false,true,false,Executive Vice President and*,SEC EDGAR
CB|0001193125-26-239379|nonDerivative|2026-05-21|Enns Peter C.|F|Common Shares|11730|330.26|D,2026-05-31 10:00:17+0000,CB,Chubb Ltd,0000896159,4,2026-05-26,2026-05-21,0001193125-26-239379,https://www.sec.gov/Archives/edgar/data/896159/000119312526239379/ownership.xml,nonDerivative,2026-05-21,F,Common Shares,11730,330.26,3873949.8,29713,D,Enns Peter C.,Executive Vice President and*,false,true,false,Executive Vice President and*,SEC EDGAR
CB|0001193125-26-239372|nonDerivative|2026-05-21|Chai Nelson|A|Common Shares|681||D,2026-05-31 10:00:17+0000,CB,Chubb Ltd,0000896159,4,2026-05-26,2026-05-21,0001193125-26-239372,https://www.sec.gov/Archives/edgar/data/896159/000119312526239372/ownership.xml,nonDerivative,2026-05-21,A,Common Shares,681,,,1990,D,Chai Nelson,,true,false,false,,SEC EDGAR
CB|0001193125-26-239372|nonDerivative|2026-05-21|Chai Nelson|F|Common Shares|193|330.26|D,2026-05-31 10:00:17+0000,CB,Chubb Ltd,0000896159,4,2026-05-26,2026-05-21,0001193125-26-239372,https://www.sec.gov/Archives/edgar/data/896159/000119312526239372/ownership.xml,nonDerivative,2026-05-21,F,Common Shares,193,330.26,63740.18,1797,D,Chai Nelson,,true,false,false,,SEC EDGAR
CB|0001193125-26-239373|nonDerivative|2026-05-21|CORBAT MICHAEL|A|Common Shares|681||D,2026-05-31 10:00:17+0000,CB,Chubb Ltd,0000896159,4,2026-05-26,2026-05-21,0001193125-26-239373,https://www.sec.gov/Archives/edgar/data/896159/000119312526239373/ownership.xml,nonDerivative,2026-05-21,A,Common Shares,681,,,3131,D,CORBAT MICHAEL,,true,false,false,,SEC EDGAR
CB|0001193125-26-239373|nonDerivative|2026-05-21|CORBAT MICHAEL|F|Common Shares|193|330.26|D,2026-05-31 10:00:17+0000,CB,Chubb Ltd,0000896159,4,2026-05-26,2026-05-21,0001193125-26-239373,https://www.sec.gov/Archives/edgar/data/896159/000119312526239373/ownership.xml,nonDerivative,2026-05-21,F,Common Shares,193,330.26,63740.18,2938,D,CORBAT MICHAEL,,true,false,false,,SEC EDGAR
CB|0001193125-26-239383|nonDerivative|2026-05-21|CONNORS MICHAEL P|A|Common Shares|681||D,2026-05-31 10:00:17+0000,CB,Chubb Ltd,0000896159,4,2026-05-26,2026-05-21,0001193125-26-239383,https://www.sec.gov/Archives/edgar/data/896159/000119312526239383/ownership.xml,nonDerivative,2026-05-21,A,Common Shares,681,,,18496,D,CONNORS MICHAEL P,,true,false,false,,SEC EDGAR
CB|0001193125-26-239383|nonDerivative|2026-05-21|CONNORS MICHAEL P|F|Common Shares|193|330.26|D,2026-05-31 10:00:17+0000,CB,Chubb Ltd,0000896159,4,2026-05-26,2026-05-21,0001193125-26-239383,https://www.sec.gov/Archives/edgar/data/896159/000119312526239383/ownership.xml,nonDerivative,2026-05-21,F,Common Shares,193,330.26,63740.18,18303,D,CONNORS MICHAEL P,,true,false,false,,SEC EDGAR
CB|0001193125-26-239386|nonDerivative|2026-05-21|Buese Nancy|A|Common Shares|1135||D,2026-05-31 10:00:17+0000,CB,Chubb Ltd,0000896159,4,2026-05-26,2026-05-21,0001193125-26-239386,https://www.sec.gov/Archives/edgar/data/896159/000119312526239386/ownership.xml,nonDerivative,2026-05-21,A,Common Shares,1135,,,4067,D,Buese Nancy,,true,false,false,,SEC EDGAR
CB|0001193125-26-239386|nonDerivative|2026-05-21|Buese Nancy|F|Common Shares|321|330.26|D,2026-05-31 10:00:17+0000,CB,Chubb Ltd,0000896159,4,2026-05-26,2026-05-21,0001193125-26-239386,https://www.sec.gov/Archives/edgar/data/896159/000119312526239386/ownership.xml,nonDerivative,2026-05-21,F,Common Shares,321,330.26,106013.45999999999,3746,D,Buese Nancy,,true,false,false,,SEC EDGAR
CB|0001193125-26-239328|nonDerivative|2026-05-21|BURKE SHEILA P|F|Common Shares|193|330.26|D,2026-05-31 10:00:17+0000,CB,Chubb Ltd,0000896159,4,2026-05-26,2026-05-21,0001193125-26-239328,https://www.sec.gov/Archives/edgar/data/896159/000119312526239328/ownership.xml,nonDerivative,2026-05-21,F,Common Shares,193,330.26,63740.18,8587,D,BURKE SHEILA P,,true,false,false,,SEC EDGAR
CB|0001193125-26-239381|nonDerivative|2026-05-21|BOROUGHS TIMOTHY ALAN|D|Common Shares|930|0|D,2026-05-31 10:00:17+0000,CB,Chubb Ltd,0000896159,4,2026-05-26,2026-05-21,0001193125-26-239381,https://www.sec.gov/Archives/edgar/data/896159/000119312526239381/ownership.xml,nonDerivative,2026-05-21,D,Common Shares,930,0,0.0,10339,D,BOROUGHS TIMOTHY ALAN,Executive Vice President*,false,true,false,Executive Vice President*,SEC EDGAR
CB|0001193125-26-239381|nonDerivative|2026-05-21|BOROUGHS TIMOTHY ALAN|F|Common Shares|4751|330.26|D,2026-05-31 10:00:17+0000,CB,Chubb Ltd,0000896159,4,2026-05-26,2026-05-21,0001193125-26-239381,https://www.sec.gov/Archives/edgar/data/896159/000119312526239381/ownership.xml,nonDerivative,2026-05-21,F,Common Shares,4751,330.26,1569065.26,5588,D,BOROUGHS TIMOTHY ALAN,Executive Vice President*,false,true,false,Executive Vice President*,SEC EDGAR
CB|0001193125-26-239332|nonDerivative|2026-05-21|ATIEH MICHAEL G|A|Common Shares|681||D,2026-05-31 10:00:17+0000,CB,Chubb Ltd,0000896159,4,2026-05-26,2026-05-21,0001193125-26-239332,https://www.sec.gov/Archives/edgar/data/896159/000119312526239332/ownership.xml,nonDerivative,2026-05-21,A,Common Shares,681,,,40785.24,D,ATIEH MICHAEL G,,true,false,false,,SEC EDGAR
CB|0001193125-26-239332|nonDerivative|2026-05-21|ATIEH MICHAEL G|F|Common Shares|193|330.26|D,2026-05-31 10:00:17+0000,CB,Chubb Ltd,0000896159,4,2026-05-26,2026-05-21,0001193125-26-239332,https://www.sec.gov/Archives/edgar/data/896159/000119312526239332/ownership.xml,nonDerivative,2026-05-21,F,Common Shares,193,330.26,63740.18,40592.24,D,ATIEH MICHAEL G,,true,false,false,,SEC EDGAR
CB|0001193125-26-239332|nonDerivative|2026-05-21|ATIEH MICHAEL G|S|Common Shares|578|329.53|D,2026-05-31 10:00:17+0000,CB,Chubb Ltd,0000896159,4,2026-05-26,2026-05-21,0001193125-26-239332,https://www.sec.gov/Archives/edgar/data/896159/000119312526239332/ownership.xml,nonDerivative,2026-05-21,S,Common Shares,578,329.53,190468.34,40014.24,D,ATIEH MICHAEL G,,true,false,false,,SEC EDGAR
"BXP|0001931048-26-000014|nonDerivative|2026-05-21|Kevorkian Eric G|C|Common Stock, par value $0.01|2000||D",2026-05-31 10:00:17+0000,BXP,"BXP, Inc.",0001037540,4,2026-05-26,2026-05-21,0001931048-26-000014,https://www.sec.gov/Archives/edgar/data/1037540/000193104826000014/wk-form4_1779808431.xml,nonDerivative,2026-05-21,C,"Common Stock, par value $0.01",2000,,,2511,D,Kevorkian Eric G,"Officer, SVP, CLO and Secretary",0,1,0,"SVP, CLO and Secretary",SEC EDGAR
"BXP|0001931048-26-000014|nonDerivative|2026-05-21|Kevorkian Eric G|S|Common Stock, par value $0.01|200|60.225|D",2026-05-31 10:00:17+0000,BXP,"BXP, Inc.",0001037540,4,2026-05-26,2026-05-21,0001931048-26-000014,https://www.sec.gov/Archives/edgar/data/1037540/000193104826000014/wk-form4_1779808431.xml,nonDerivative,2026-05-21,S,"Common Stock, par value $0.01",200,60.225,12045.0,2311,D,Kevorkian Eric G,"Officer, SVP, CLO and Secretary",0,1,0,"SVP, CLO and Secretary",SEC EDGAR
"BXP|0001931048-26-000014|nonDerivative|2026-05-22|Kevorkian Eric G|S|Common Stock, par value $0.01|2000|59.8508|D",2026-05-31 10:00:17+0000,BXP,"BXP, Inc.",0001037540,4,2026-05-26,2026-05-21,0001931048-26-000014,https://www.sec.gov/Archives/edgar/data/1037540/000193104826000014/wk-form4_1779808431.xml,nonDerivative,2026-05-22,S,"Common Stock, par value $0.01",2000,59.8508,119701.6,311,D,Kevorkian Eric G,"Officer, SVP, CLO and Secretary",0,1,0,"SVP, CLO and Secretary",SEC EDGAR
BXP|0001931048-26-000014|derivative|2026-05-21|Kevorkian Eric G|C|Common OP Units|2000||D,2026-05-31 10:00:17+0000,BXP,"BXP, Inc.",0001037540,4,2026-05-26,2026-05-21,0001931048-26-000014,https://www.sec.gov/Archives/edgar/data/1037540/000193104826000014/wk-form4_1779808431.xml,derivative,2026-05-21,C,Common OP Units,2000,,,1757.43,D,Kevorkian Eric G,"Officer, SVP, CLO and Secretary",0,1,0,"SVP, CLO and Secretary",SEC EDGAR
BX|0001193125-26-239438|nonDerivative|2026-05-21|BCP 8 Holdings Mozart Manager L.L.C.|C|Class A Common Stock|9858774||I,2026-05-31 10:00:17+0000,BX,Blackstone Inc.,0001393818,4,2026-05-26,2026-05-21,0001193125-26-239438,https://www.sec.gov/Archives/edgar/data/1393818/000119312526239438/ownership.xml,nonDerivative,2026-05-21,C,Class A Common Stock,9858774,,,9868959,I,BCP 8 Holdings Mozart Manager L.L.C.,,false,false,true,,SEC EDGAR
BX|0001193125-26-239438|nonDerivative|2026-05-21|BCP 8 Holdings Mozart Manager L.L.C.|C|Class A Common Stock|1489924||I,2026-05-31 10:00:17+0000,BX,Blackstone Inc.,0001393818,4,2026-05-26,2026-05-21,0001193125-26-239438,https://www.sec.gov/Archives/edgar/data/1393818/000119312526239438/ownership.xml,nonDerivative,2026-05-21,C,Class A Common Stock,1489924,,,1491463,I,BCP 8 Holdings Mozart Manager L.L.C.,,false,false,true,,SEC EDGAR
BX|0001193125-26-239438|nonDerivative|2026-05-21|BCP 8 Holdings Mozart Manager L.L.C.|J|Class B Common Stock|9858774||I,2026-05-31 10:00:17+0000,BX,Blackstone Inc.,0001393818,4,2026-05-26,2026-05-21,0001193125-26-239438,https://www.sec.gov/Archives/edgar/data/1393818/000119312526239438/ownership.xml,nonDerivative,2026-05-21,J,Class B Common Stock,9858774,,,44770628,I,BCP 8 Holdings Mozart Manager L.L.C.,,false,false,true,,SEC EDGAR
BX|0001193125-26-239438|nonDerivative|2026-05-21|BCP 8 Holdings Mozart Manager L.L.C.|J|Class B Common Stock|1489924||I,2026-05-31 10:00:17+0000,BX,Blackstone Inc.,0001393818,4,2026-05-26,2026-05-21,0001193125-26-239438,https://www.sec.gov/Archives/edgar/data/1393818/000119312526239438/ownership.xml,nonDerivative,2026-05-21,J,Class B Common Stock,1489924,,,6766039,I,BCP 8 Holdings Mozart Manager L.L.C.,,false,false,true,,SEC EDGAR
"BX|0001193125-26-239438|derivative|2026-05-21|BCP 8 Holdings Mozart Manager L.L.C.|C|Common Units of Medline Holdings, LP|9858774|0|I",2026-05-31 10:00:17+0000,BX,Blackstone Inc.,0001393818,4,2026-05-26,2026-05-21,0001193125-26-239438,https://www.sec.gov/Archives/edgar/data/1393818/000119312526239438/ownership.xml,derivative,2026-05-21,C,"Common Units of Medline Holdings, LP",9858774,0,0.0,44770628,I,BCP 8 Holdings Mozart Manager L.L.C.,,false,false,true,,SEC EDGAR
"BX|0001193125-26-239438|derivative|2026-05-21|BCP 8 Holdings Mozart Manager L.L.C.|C|Common Units of Medline Holdings, LP|1489924|0|I",2026-05-31 10:00:17+0000,BX,Blackstone Inc.,0001393818,4,2026-05-26,2026-05-21,0001193125-26-239438,https://www.sec.gov/Archives/edgar/data/1393818/000119312526239438/ownership.xml,derivative,2026-05-21,C,"Common Units of Medline Holdings, LP",1489924,0,0.0,6766039,I,BCP 8 Holdings Mozart Manager L.L.C.,,false,false,true,,SEC EDGAR
BRK-B|0001193125-26-239886|nonDerivative|2026-05-22|BUFFETT WARREN E|G|Class B Common Stock|160|0.00|D,2026-05-31 10:00:17+0000,BRK-B,BERKSHIRE HATHAWAY INC,0001067983,4,2026-05-26,2026-05-22,0001193125-26-239886,https://www.sec.gov/Archives/edgar/data/1067983/000119312526239886/ownership.xml,nonDerivative,2026-05-22,G,Class B Common Stock,160,0.00,0.0,1162,D,BUFFETT WARREN E,,true,false,true,,SEC EDGAR
AXON|0001628280-26-038105|nonDerivative|2026-05-22|Fields Isaiah|S|Common Stock|2000|400|D,2026-05-31 10:00:17+0000,AXON,"AXON ENTERPRISE, INC.",0001069183,4,2026-05-26,2026-05-22,0001628280-26-038105,https://www.sec.gov/Archives/edgar/data/1069183/000162828026038105/wk-form4_1779826966.xml,nonDerivative,2026-05-22,S,Common Stock,2000,400,800000.0,52813.282,D,Fields Isaiah,"Officer, Chief Legal Officer",0,1,0,Chief Legal Officer,SEC EDGAR
ANET|0001596532-26-000104|nonDerivative|2026-05-21|Duda Kenneth|J|Common Stock|100000|0.0|I,2026-05-31 10:00:17+0000,ANET,"Arista Networks, Inc.",0001596532,4,2026-05-26,2026-05-21,0001596532-26-000104,https://www.sec.gov/Archives/edgar/data/1596532/000159653226000104/edgardoc.xml,nonDerivative,2026-05-21,J,Common Stock,100000,0.0,0.0,802147,I,Duda Kenneth,"Director, Officer, President and CTO",1,1,0,President and CTO,SEC EDGAR
ANET|0001596532-26-000104|nonDerivative|2026-05-21|Duda Kenneth|J|Common Stock|200000|0.0|I,2026-05-31 10:00:17+0000,ANET,"Arista Networks, Inc.",0001596532,4,2026-05-26,2026-05-21,0001596532-26-000104,https://www.sec.gov/Archives/edgar/data/1596532/000159653226000104/edgardoc.xml,nonDerivative,2026-05-21,J,Common Stock,200000,0.0,0.0,16623,I,Duda Kenneth,"Director, Officer, President and CTO",1,1,0,President and CTO,SEC EDGAR
ANET|0001596532-26-000103|nonDerivative|2026-05-21|Battles Kelly Bodnar|S|Common Stock|2|140.49|D,2026-05-31 10:00:17+0000,ANET,"Arista Networks, Inc.",0001596532,4,2026-05-26,2026-05-21,0001596532-26-000103,https://www.sec.gov/Archives/edgar/data/1596532/000159653226000103/edgardoc.xml,nonDerivative,2026-05-21,S,Common Stock,2,140.49,280.98,10498,D,Battles Kelly Bodnar,Director,1,0,0,,SEC EDGAR
ANET|0001596532-26-000103|nonDerivative|2026-05-21|Battles Kelly Bodnar|S|Common Stock|28|144.23|D,2026-05-31 10:00:17+0000,ANET,"Arista Networks, Inc.",0001596532,4,2026-05-26,2026-05-21,0001596532-26-000103,https://www.sec.gov/Archives/edgar/data/1596532/000159653226000103/edgardoc.xml,nonDerivative,2026-05-21,S,Common Stock,28,144.23,4038.4399999999996,10470,D,Battles Kelly Bodnar,Director,1,0,0,,SEC EDGAR
ANET|0001596532-26-000103|nonDerivative|2026-05-21|Battles Kelly Bodnar|S|Common Stock|170|145.4971|D,2026-05-31 10:00:17+0000,ANET,"Arista Networks, Inc.",0001596532,4,2026-05-26,2026-05-21,0001596532-26-000103,https://www.sec.gov/Archives/edgar/data/1596532/000159653226000103/edgardoc.xml,nonDerivative,2026-05-21,S,Common Stock,170,145.4971,24734.506999999998,10300,D,Battles Kelly Bodnar,Director,1,0,0,,SEC EDGAR
ANET|0001596532-26-000103|nonDerivative|2026-05-21|Battles Kelly Bodnar|S|Common Stock|54|146.1356|D,2026-05-31 10:00:17+0000,ANET,"Arista Networks, Inc.",0001596532,4,2026-05-26,2026-05-21,0001596532-26-000103,https://www.sec.gov/Archives/edgar/data/1596532/000159653226000103/edgardoc.xml,nonDerivative,2026-05-21,S,Common Stock,54,146.1356,7891.322400000001,10246,D,Battles Kelly Bodnar,Director,1,0,0,,SEC EDGAR
ANET|0001596532-26-000103|nonDerivative|2026-05-21|Battles Kelly Bodnar|S|Common Stock|168|147.9275|D,2026-05-31 10:00:17+0000,ANET,"Arista Networks, Inc.",0001596532,4,2026-05-26,2026-05-21,0001596532-26-000103,https://www.sec.gov/Archives/edgar/data/1596532/000159653226000103/edgardoc.xml,nonDerivative,2026-05-21,S,Common Stock,168,147.9275,24851.82,10078,D,Battles Kelly Bodnar,Director,1,0,0,,SEC EDGAR
"AMZN|0001557979-26-000006|nonDerivative|2026-05-21|Zapolsky David|M|Common Stock, par value $.01  per share|9920|0|D",2026-05-31 10:00:17+0000,AMZN,AMAZON COM INC,0001018724,4,2026-05-26,2026-05-21,0001557979-26-000006,https://www.sec.gov/Archives/edgar/data/1018724/000155797926000006/wk-form4_1779834363.xml,nonDerivative,2026-05-21,M,"Common Stock, par value $.01  per share",9920,0,0.0,51110,D,Zapolsky David,"Officer, Senior Vice President",0,1,0,Senior Vice President,SEC EDGAR
"AMZN|0001557979-26-000006|nonDerivative|2026-05-21|Zapolsky David|M|Common Stock, par value $.01  per share|5530|0|D",2026-05-31 10:00:17+0000,AMZN,AMAZON COM INC,0001018724,4,2026-05-26,2026-05-21,0001557979-26-000006,https://www.sec.gov/Archives/edgar/data/1018724/000155797926000006/wk-form4_1779834363.xml,nonDerivative,2026-05-21,M,"Common Stock, par value $.01  per share",5530,0,0.0,56640,D,Zapolsky David,"Officer, Senior Vice President",0,1,0,Senior Vice President,SEC EDGAR
"AMZN|0001557979-26-000006|nonDerivative|2026-05-21|Zapolsky David|S|Common Stock, par value $.01  per share|1600|261.9554|D",2026-05-31 10:00:17+0000,AMZN,AMAZON COM INC,0001018724,4,2026-05-26,2026-05-21,0001557979-26-000006,https://www.sec.gov/Archives/edgar/data/1018724/000155797926000006/wk-form4_1779834363.xml,nonDerivative,2026-05-21,S,"Common Stock, par value $.01  per share",1600,261.9554,419128.64,55040,D,Zapolsky David,"Officer, Senior Vice President",0,1,0,Senior Vice President,SEC EDGAR
"AMZN|0001557979-26-000006|nonDerivative|2026-05-21|Zapolsky David|S|Common Stock, par value $.01  per share|1921|263.1658|D",2026-05-31 10:00:17+0000,AMZN,AMAZON COM INC,0001018724,4,2026-05-26,2026-05-21,0001557979-26-000006,https://www.sec.gov/Archives/edgar/data/1018724/000155797926000006/wk-form4_1779834363.xml,nonDerivative,2026-05-21,S,"Common Stock, par value $.01  per share",1921,263.1658,505541.50179999997,53119,D,Zapolsky David,"Officer, Senior Vice President",0,1,0,Senior Vice President,SEC EDGAR
"AMZN|0001557979-26-000006|nonDerivative|2026-05-21|Zapolsky David|S|Common Stock, par value $.01  per share|1644|264.1187|D",2026-05-31 10:00:17+0000,AMZN,AMAZON COM INC,0001018724,4,2026-05-26,2026-05-21,0001557979-26-000006,https://www.sec.gov/Archives/edgar/data/1018724/000155797926000006/wk-form4_1779834363.xml,nonDerivative,2026-05-21,S,"Common Stock, par value $.01  per share",1644,264.1187,434211.1428,51475,D,Zapolsky David,"Officer, Senior Vice President",0,1,0,Senior Vice President,SEC EDGAR
"AMZN|0001557979-26-000006|nonDerivative|2026-05-21|Zapolsky David|S|Common Stock, par value $.01  per share|1014|265.12|D",2026-05-31 10:00:17+0000,AMZN,AMAZON COM INC,0001018724,4,2026-05-26,2026-05-21,0001557979-26-000006,https://www.sec.gov/Archives/edgar/data/1018724/000155797926000006/wk-form4_1779834363.xml,nonDerivative,2026-05-21,S,"Common Stock, par value $.01  per share",1014,265.12,268831.68,50461,D,Zapolsky David,"Officer, Senior Vice President",0,1,0,Senior Vice President,SEC EDGAR
"AMZN|0001557979-26-000006|nonDerivative|2026-05-21|Zapolsky David|S|Common Stock, par value $.01  per share|1|265.72|D",2026-05-31 10:00:17+0000,AMZN,AMAZON COM INC,0001018724,4,2026-05-26,2026-05-21,0001557979-26-000006,https://www.sec.gov/Archives/edgar/data/1018724/000155797926000006/wk-form4_1779834363.xml,nonDerivative,2026-05-21,S,"Common Stock, par value $.01  per share",1,265.72,265.72,50460,D,Zapolsky David,"Officer, Senior Vice President",0,1,0,Senior Vice President,SEC EDGAR
"AMZN|0001557979-26-000006|nonDerivative|2026-05-22|Zapolsky David|S|Common Stock, par value $.01  per share|9270|268.53|D",2026-05-31 10:00:17+0000,AMZN,AMAZON COM INC,0001018724,4,2026-05-26,2026-05-21,0001557979-26-000006,https://www.sec.gov/Archives/edgar/data/1018724/000155797926000006/wk-form4_1779834363.xml,nonDerivative,2026-05-22,S,"Common Stock, par value $.01  per share",9270,268.53,2489273.0999999996,41190,D,Zapolsky David,"Officer, Senior Vice President",0,1,0,Senior Vice President,SEC EDGAR
AMZN|0001557979-26-000006|derivative|2026-05-21|Zapolsky David|M|Restricted Stock Unit Award|9920|0|D,2026-05-31 10:00:17+0000,AMZN,AMAZON COM INC,0001018724,4,2026-05-26,2026-05-21,0001557979-26-000006,https://www.sec.gov/Archives/edgar/data/1018724/000155797926000006/wk-form4_1779834363.xml,derivative,2026-05-21,M,Restricted Stock Unit Award,9920,0,0.0,60200,D,Zapolsky David,"Officer, Senior Vice President",0,1,0,Senior Vice President,SEC EDGAR
AMZN|0001557979-26-000006|derivative|2026-05-21|Zapolsky David|M|Restricted Stock Unit Award|5530|0|D,2026-05-31 10:00:17+0000,AMZN,AMAZON COM INC,0001018724,4,2026-05-26,2026-05-21,0001557979-26-000006,https://www.sec.gov/Archives/edgar/data/1018724/000155797926000006/wk-form4_1779834363.xml,derivative,2026-05-21,M,Restricted Stock Unit Award,5530,0,0.0,113936,D,Zapolsky David,"Officer, Senior Vice President",0,1,0,Senior Vice President,SEC EDGAR
"AMZN|0001018724-26-000018|nonDerivative|2026-05-21|Reynolds Shelley|M|Common Stock, par value $.01  per share|1820|0|D",2026-05-31 10:00:17+0000,AMZN,AMAZON COM INC,0001018724,4,2026-05-26,2026-05-21,0001018724-26-000018,https://www.sec.gov/Archives/edgar/data/1018724/000101872426000018/wk-form4_1779833555.xml,nonDerivative,2026-05-21,M,"Common Stock, par value $.01  per share",1820,0,0.0,121600,D,Reynolds Shelley,"Officer, Vice President",0,1,0,Vice President,SEC EDGAR
"AMZN|0001018724-26-000018|nonDerivative|2026-05-21|Reynolds Shelley|M|Common Stock, par value $.01  per share|543|0|D",2026-05-31 10:00:17+0000,AMZN,AMAZON COM INC,0001018724,4,2026-05-26,2026-05-21,0001018724-26-000018,https://www.sec.gov/Archives/edgar/data/1018724/000101872426000018/wk-form4_1779833555.xml,nonDerivative,2026-05-21,M,"Common Stock, par value $.01  per share",543,0,0.0,122143,D,Reynolds Shelley,"Officer, Vice President",0,1,0,Vice President,SEC EDGAR
"AMZN|0001018724-26-000018|nonDerivative|2026-05-21|Reynolds Shelley|S|Common Stock, par value $.01  per share|1600|261.8269|D",2026-05-31 10:00:17+0000,AMZN,AMAZON COM INC,0001018724,4,2026-05-26,2026-05-21,0001018724-26-000018,https://www.sec.gov/Archives/edgar/data/1018724/000101872426000018/wk-form4_1779833555.xml,nonDerivative,2026-05-21,S,"Common Stock, par value $.01  per share",1600,261.8269,418923.04000000004,120543,D,Reynolds Shelley,"Officer, Vice President",0,1,0,Vice President,SEC EDGAR
"AMZN|0001018724-26-000018|nonDerivative|2026-05-21|Reynolds Shelley|S|Common Stock, par value $.01  per share|463|263.2466|D",2026-05-31 10:00:17+0000,AMZN,AMAZON COM INC,0001018724,4,2026-05-26,2026-05-21,0001018724-26-000018,https://www.sec.gov/Archives/edgar/data/1018724/000101872426000018/wk-form4_1779833555.xml,nonDerivative,2026-05-21,S,"Common Stock, par value $.01  per share",463,263.2466,121883.1758,120080,D,Reynolds Shelley,"Officer, Vice President",0,1,0,Vice President,SEC EDGAR
"AMZN|0001018724-26-000018|nonDerivative|2026-05-21|Reynolds Shelley|S|Common Stock, par value $.01  per share|300|263.99|D",2026-05-31 10:00:17+0000,AMZN,AMAZON COM INC,0001018724,4,2026-05-26,2026-05-21,0001018724-26-000018,https://www.sec.gov/Archives/edgar/data/1018724/000101872426000018/wk-form4_1779833555.xml,nonDerivative,2026-05-21,S,"Common Stock, par value $.01  per share",300,263.99,79197.0,119780,D,Reynolds Shelley,"Officer, Vice President",0,1,0,Vice President,SEC EDGAR
AMZN|0001018724-26-000018|derivative|2026-05-21|Reynolds Shelley|M|Restricted Stock Unit Award|1820|0|D,2026-05-31 10:00:17+0000,AMZN,AMAZON COM INC,0001018724,4,2026-05-26,2026-05-21,0001018724-26-000018,https://www.sec.gov/Archives/edgar/data/1018724/000101872426000018/wk-form4_1779833555.xml,derivative,2026-05-21,M,Restricted Stock Unit Award,1820,0,0.0,10840,D,Reynolds Shelley,"Officer, Vice President",0,1,0,Vice President,SEC EDGAR
AMZN|0001018724-26-000018|derivative|2026-05-21|Reynolds Shelley|M|Restricted Stock Unit Award|543|0|D,2026-05-31 10:00:17+0000,AMZN,AMAZON COM INC,0001018724,4,2026-05-26,2026-05-21,0001018724-26-000018,https://www.sec.gov/Archives/edgar/data/1018724/000101872426000018/wk-form4_1779833555.xml,derivative,2026-05-21,M,Restricted Stock Unit Award,543,0,0.0,15369,D,Reynolds Shelley,"Officer, Vice President",0,1,0,Vice President,SEC EDGAR
"AMZN|0001639902-26-000006|nonDerivative|2026-05-21|Olsavsky Brian T|M|Common Stock, par value $.01  per share|9920|0|D",2026-05-31 10:00:17+0000,AMZN,AMAZON COM INC,0001018724,4,2026-05-26,2026-05-21,0001639902-26-000006,https://www.sec.gov/Archives/edgar/data/1018724/000163990226000006/wk-form4_1779833908.xml,nonDerivative,2026-05-21,M,"Common Stock, par value $.01  per share",9920,0,0.0,94419,D,Olsavsky Brian T,"Officer, Senior Vice President and CFO",0,1,0,Senior Vice President and CFO,SEC EDGAR
"AMZN|0001639902-26-000006|nonDerivative|2026-05-21|Olsavsky Brian T|M|Common Stock, par value $.01  per share|5530|0|D",2026-05-31 10:00:17+0000,AMZN,AMAZON COM INC,0001018724,4,2026-05-26,2026-05-21,0001639902-26-000006,https://www.sec.gov/Archives/edgar/data/1018724/000163990226000006/wk-form4_1779833908.xml,nonDerivative,2026-05-21,M,"Common Stock, par value $.01  per share",5530,0,0.0,99949,D,Olsavsky Brian T,"Officer, Senior Vice President and CFO",0,1,0,Senior Vice President and CFO,SEC EDGAR
AMZN|0001639902-26-000006|derivative|2026-05-21|Olsavsky Brian T|M|Restricted Stock Unit Award|9920|0|D,2026-05-31 10:00:17+0000,AMZN,AMAZON COM INC,0001018724,4,2026-05-26,2026-05-21,0001639902-26-000006,https://www.sec.gov/Archives/edgar/data/1018724/000163990226000006/wk-form4_1779833908.xml,derivative,2026-05-21,M,Restricted Stock Unit Award,9920,0,0.0,60200,D,Olsavsky Brian T,"Officer, Senior Vice President and CFO",0,1,0,Senior Vice President and CFO,SEC EDGAR
AMZN|0001639902-26-000006|derivative|2026-05-21|Olsavsky Brian T|M|Restricted Stock Unit Award|5530|0|D,2026-05-31 10:00:17+0000,AMZN,AMAZON COM INC,0001018724,4,2026-05-26,2026-05-21,0001639902-26-000006,https://www.sec.gov/Archives/edgar/data/1018724/000163990226000006/wk-form4_1779833908.xml,derivative,2026-05-21,M,Restricted Stock Unit Award,5530,0,0.0,113936,D,Olsavsky Brian T,"Officer, Senior Vice President and CFO",0,1,0,Senior Vice President and CFO,SEC EDGAR
"AMZN|0001374545-26-000008|nonDerivative|2026-05-21|Jassy Andrew R|M|Common Stock, par value $.01  per share|50000|0|D",2026-05-31 10:00:17+0000,AMZN,AMAZON COM INC,0001018724,4,2026-05-26,2026-05-21,0001374545-26-000008,https://www.sec.gov/Archives/edgar/data/1018724/000137454526000008/wk-form4_1779835625.xml,nonDerivative,2026-05-21,M,"Common Stock, par value $.01  per share",50000,0,0.0,2225766,D,Jassy Andrew R,"Director, Officer, President and CEO",1,1,0,President and CEO,SEC EDGAR
"AMZN|0001374545-26-000008|nonDerivative|2026-05-21|Jassy Andrew R|S|Common Stock, par value $.01  per share|5206|261.9528|D",2026-05-31 10:00:17+0000,AMZN,AMAZON COM INC,0001018724,4,2026-05-26,2026-05-21,0001374545-26-000008,https://www.sec.gov/Archives/edgar/data/1018724/000137454526000008/wk-form4_1779835625.xml,nonDerivative,2026-05-21,S,"Common Stock, par value $.01  per share",5206,261.9528,1363726.2768,2220560,D,Jassy Andrew R,"Director, Officer, President and CEO",1,1,0,President and CEO,SEC EDGAR
"AMZN|0001374545-26-000008|nonDerivative|2026-05-21|Jassy Andrew R|S|Common Stock, par value $.01  per share|5227|263.1028|D",2026-05-31 10:00:17+0000,AMZN,AMAZON COM INC,0001018724,4,2026-05-26,2026-05-21,0001374545-26-000008,https://www.sec.gov/Archives/edgar/data/1018724/000137454526000008/wk-form4_1779835625.xml,nonDerivative,2026-05-21,S,"Common Stock, par value $.01  per share",5227,263.1028,1375238.3356,2215333,D,Jassy Andrew R,"Director, Officer, President and CEO",1,1,0,President and CEO,SEC EDGAR
"AMZN|0001374545-26-000008|nonDerivative|2026-05-21|Jassy Andrew R|S|Common Stock, par value $.01  per share|5667|263.9465|D",2026-05-31 10:00:17+0000,AMZN,AMAZON COM INC,0001018724,4,2026-05-26,2026-05-21,0001374545-26-000008,https://www.sec.gov/Archives/edgar/data/1018724/000137454526000008/wk-form4_1779835625.xml,nonDerivative,2026-05-21,S,"Common Stock, par value $.01  per share",5667,263.9465,1495784.8155,2209666,D,Jassy Andrew R,"Director, Officer, President and CEO",1,1,0,President and CEO,SEC EDGAR
"AMZN|0001374545-26-000008|nonDerivative|2026-05-21|Jassy Andrew R|S|Common Stock, par value $.01  per share|3600|264.9745|D",2026-05-31 10:00:17+0000,AMZN,AMAZON COM INC,0001018724,4,2026-05-26,2026-05-21,0001374545-26-000008,https://www.sec.gov/Archives/edgar/data/1018724/000137454526000008/wk-form4_1779835625.xml,nonDerivative,2026-05-21,S,"Common Stock, par value $.01  per share",3600,264.9745,953908.2,2206066,D,Jassy Andrew R,"Director, Officer, President and CEO",1,1,0,President and CEO,SEC EDGAR
"AMZN|0001374545-26-000008|nonDerivative|2026-05-21|Jassy Andrew R|S|Common Stock, par value $.01  per share|300|265.6148|D",2026-05-31 10:00:17+0000,AMZN,AMAZON COM INC,0001018724,4,2026-05-26,2026-05-21,0001374545-26-000008,https://www.sec.gov/Archives/edgar/data/1018724/000137454526000008/wk-form4_1779835625.xml,nonDerivative,2026-05-21,S,"Common Stock, par value $.01  per share",300,265.6148,79684.44,2205766,D,Jassy Andrew R,"Director, Officer, President and CEO",1,1,0,President and CEO,SEC EDGAR
AMZN|0001374545-26-000008|derivative|2026-05-21|Jassy Andrew R|M|Restricted Stock Unit Award|50000|0|D,2026-05-31 10:00:17+0000,AMZN,AMAZON COM INC,0001018724,4,2026-05-26,2026-05-21,0001374545-26-000008,https://www.sec.gov/Archives/edgar/data/1018724/000137454526000008/wk-form4_1779835625.xml,derivative,2026-05-21,M,Restricted Stock Unit Award,50000,0,0.0,950000,D,Jassy Andrew R,"Director, Officer, President and CEO",1,1,0,President and CEO,SEC EDGAR
"AMZN|0001018724-26-000020|nonDerivative|2026-05-21|Herrington Douglas J|M|Common Stock, par value $.01  per share|7500|0|D",2026-05-31 10:00:17+0000,AMZN,AMAZON COM INC,0001018724,4,2026-05-26,2026-05-21,0001018724-26-000020,https://www.sec.gov/Archives/edgar/data/1018724/000101872426000020/wk-form4_1779834787.xml,nonDerivative,2026-05-21,M,"Common Stock, par value $.01  per share",7500,0,0.0,484472,D,Herrington Douglas J,"Officer, CEO Worldwide Amazon Stores",0,1,0,CEO Worldwide Amazon Stores,SEC EDGAR
"AMZN|0001018724-26-000020|nonDerivative|2026-05-21|Herrington Douglas J|M|Common Stock, par value $.01  per share|2860|0|D",2026-05-31 10:00:17+0000,AMZN,AMAZON COM INC,0001018724,4,2026-05-26,2026-05-21,0001018724-26-000020,https://www.sec.gov/Archives/edgar/data/1018724/000101872426000020/wk-form4_1779834787.xml,nonDerivative,2026-05-21,M,"Common Stock, par value $.01  per share",2860,0,0.0,487332,D,Herrington Douglas J,"Officer, CEO Worldwide Amazon Stores",0,1,0,CEO Worldwide Amazon Stores,SEC EDGAR
"AMZN|0001018724-26-000020|nonDerivative|2026-05-21|Herrington Douglas J|M|Common Stock, par value $.01  per share|5565|0|D",2026-05-31 10:00:17+0000,AMZN,AMAZON COM INC,0001018724,4,2026-05-26,2026-05-21,0001018724-26-000020,https://www.sec.gov/Archives/edgar/data/1018724/000101872426000020/wk-form4_1779834787.xml,nonDerivative,2026-05-21,M,"Common Stock, par value $.01  per share",5565,0,0.0,492897,D,Herrington Douglas J,"Officer, CEO Worldwide Amazon Stores",0,1,0,CEO Worldwide Amazon Stores,SEC EDGAR
"AMZN|0001018724-26-000020|nonDerivative|2026-05-21|Herrington Douglas J|S|Common Stock, par value $.01  per share|4200|261.8781|D",2026-05-31 10:00:17+0000,AMZN,AMAZON COM INC,0001018724,4,2026-05-26,2026-05-21,0001018724-26-000020,https://www.sec.gov/Archives/edgar/data/1018724/000101872426000020/wk-form4_1779834787.xml,nonDerivative,2026-05-21,S,"Common Stock, par value $.01  per share",4200,261.8781,1099888.02,488697,D,Herrington Douglas J,"Officer, CEO Worldwide Amazon Stores",0,1,0,CEO Worldwide Amazon Stores,SEC EDGAR
"AMZN|0001018724-26-000020|nonDerivative|2026-05-21|Herrington Douglas J|S|Common Stock, par value $.01  per share|1370|263.1154|D",2026-05-31 10:00:17+0000,AMZN,AMAZON COM INC,0001018724,4,2026-05-26,2026-05-21,0001018724-26-000020,https://www.sec.gov/Archives/edgar/data/1018724/000101872426000020/wk-form4_1779834787.xml,nonDerivative,2026-05-21,S,"Common Stock, par value $.01  per share",1370,263.1154,360468.09800000006,487327,D,Herrington Douglas J,"Officer, CEO Worldwide Amazon Stores",0,1,0,CEO Worldwide Amazon Stores,SEC EDGAR
"AMZN|0001018724-26-000020|nonDerivative|2026-05-21|Herrington Douglas J|S|Common Stock, par value $.01  per share|800|263.8538|D",2026-05-31 10:00:17+0000,AMZN,AMAZON COM INC,0001018724,4,2026-05-26,2026-05-21,0001018724-26-000020,https://www.sec.gov/Archives/edgar/data/1018724/000101872426000020/wk-form4_1779834787.xml,nonDerivative,2026-05-21,S,"Common Stock, par value $.01  per share",800,263.8538,211083.03999999998,486527,D,Herrington Douglas J,"Officer, CEO Worldwide Amazon Stores",0,1,0,CEO Worldwide Amazon Stores,SEC EDGAR
AMZN|0001018724-26-000020|derivative|2026-05-21|Herrington Douglas J|M|Restricted Stock Unit Award|7500|0|D,2026-05-31 10:00:17+0000,AMZN,AMAZON COM INC,0001018724,4,2026-05-26,2026-05-21,0001018724-26-000020,https://www.sec.gov/Archives/edgar/data/1018724/000101872426000020/wk-form4_1779834787.xml,derivative,2026-05-21,M,Restricted Stock Unit Award,7500,0,0.0,22500,D,Herrington Douglas J,"Officer, CEO Worldwide Amazon Stores",0,1,0,CEO Worldwide Amazon Stores,SEC EDGAR
AMZN|0001018724-26-000020|derivative|2026-05-21|Herrington Douglas J|M|Restricted Stock Unit Award|2860|0|D,2026-05-31 10:00:17+0000,AMZN,AMAZON COM INC,0001018724,4,2026-05-26,2026-05-21,0001018724-26-000020,https://www.sec.gov/Archives/edgar/data/1018724/000101872426000020/wk-form4_1779834787.xml,derivative,2026-05-21,M,Restricted Stock Unit Award,2860,0,0.0,40380,D,Herrington Douglas J,"Officer, CEO Worldwide Amazon Stores",0,1,0,CEO Worldwide Amazon Stores,SEC EDGAR
AMZN|0001018724-26-000020|derivative|2026-05-21|Herrington Douglas J|M|Restricted Stock Unit Award|5565|0|D,2026-05-31 10:00:17+0000,AMZN,AMAZON COM INC,0001018724,4,2026-05-26,2026-05-21,0001018724-26-000020,https://www.sec.gov/Archives/edgar/data/1018724/000101872426000020/wk-form4_1779834787.xml,derivative,2026-05-21,M,Restricted Stock Unit Award,5565,0,0.0,165420,D,Herrington Douglas J,"Officer, CEO Worldwide Amazon Stores",0,1,0,CEO Worldwide Amazon Stores,SEC EDGAR
"AMZN|0002024813-26-000008|nonDerivative|2026-05-21|Garman Matthew S|M|Common Stock, par value $.01  per share|4860|0|D",2026-05-31 10:00:17+0000,AMZN,AMAZON COM INC,0001018724,4,2026-05-26,2026-05-21,0002024813-26-000008,https://www.sec.gov/Archives/edgar/data/1018724/000202481326000008/wk-form4_1779835185.xml,nonDerivative,2026-05-21,M,"Common Stock, par value $.01  per share",4860,0,0.0,16290,D,Garman Matthew S,"Officer, CEO Amazon Web Services",0,1,0,CEO Amazon Web Services,SEC EDGAR
"AMZN|0002024813-26-000008|nonDerivative|2026-05-21|Garman Matthew S|M|Common Stock, par value $.01  per share|1500|0|D",2026-05-31 10:00:17+0000,AMZN,AMAZON COM INC,0001018724,4,2026-05-26,2026-05-21,0002024813-26-000008,https://www.sec.gov/Archives/edgar/data/1018724/000202481326000008/wk-form4_1779835185.xml,nonDerivative,2026-05-21,M,"Common Stock, par value $.01  per share",1500,0,0.0,17790,D,Garman Matthew S,"Officer, CEO Amazon Web Services",0,1,0,CEO Amazon Web Services,SEC EDGAR
"AMZN|0002024813-26-000008|nonDerivative|2026-05-21|Garman Matthew S|M|Common Stock, par value $.01  per share|4000|0|D",2026-05-31 10:00:17+0000,AMZN,AMAZON COM INC,0001018724,4,2026-05-26,2026-05-21,0002024813-26-000008,https://www.sec.gov/Archives/edgar/data/1018724/000202481326000008/wk-form4_1779835185.xml,nonDerivative,2026-05-21,M,"Common Stock, par value $.01  per share",4000,0,0.0,21790,D,Garman Matthew S,"Officer, CEO Amazon Web Services",0,1,0,CEO Amazon Web Services,SEC EDGAR
"AMZN|0002024813-26-000008|nonDerivative|2026-05-21|Garman Matthew S|M|Common Stock, par value $.01  per share|7836|0|D",2026-05-31 10:00:17+0000,AMZN,AMAZON COM INC,0001018724,4,2026-05-26,2026-05-21,0002024813-26-000008,https://www.sec.gov/Archives/edgar/data/1018724/000202481326000008/wk-form4_1779835185.xml,nonDerivative,2026-05-21,M,"Common Stock, par value $.01  per share",7836,0,0.0,29626,D,Garman Matthew S,"Officer, CEO Amazon Web Services",0,1,0,CEO Amazon Web Services,SEC EDGAR
"AMZN|0002024813-26-000008|nonDerivative|2026-05-21|Garman Matthew S|S|Common Stock, par value $.01  per share|4257|261.9279|D",2026-05-31 10:00:17+0000,AMZN,AMAZON COM INC,0001018724,4,2026-05-26,2026-05-21,0002024813-26-000008,https://www.sec.gov/Archives/edgar/data/1018724/000202481326000008/wk-form4_1779835185.xml,nonDerivative,2026-05-21,S,"Common Stock, par value $.01  per share",4257,261.9279,1115027.0703,25369,D,Garman Matthew S,"Officer, CEO Amazon Web Services",0,1,0,CEO Amazon Web Services,SEC EDGAR
"AMZN|0002024813-26-000008|nonDerivative|2026-05-21|Garman Matthew S|S|Common Stock, par value $.01  per share|4554|263.1801|D",2026-05-31 10:00:17+0000,AMZN,AMAZON COM INC,0001018724,4,2026-05-26,2026-05-21,0002024813-26-000008,https://www.sec.gov/Archives/edgar/data/1018724/000202481326000008/wk-form4_1779835185.xml,nonDerivative,2026-05-21,S,"Common Stock, par value $.01  per share",4554,263.1801,1198522.1753999998,20815,D,Garman Matthew S,"Officer, CEO Amazon Web Services",0,1,0,CEO Amazon Web Services,SEC EDGAR
"AMZN|0002024813-26-000008|nonDerivative|2026-05-21|Garman Matthew S|S|Common Stock, par value $.01  per share|3689|264.0309|D",2026-05-31 10:00:17+0000,AMZN,AMAZON COM INC,0001018724,4,2026-05-26,2026-05-21,0002024813-26-000008,https://www.sec.gov/Archives/edgar/data/1018724/000202481326000008/wk-form4_1779835185.xml,nonDerivative,2026-05-21,S,"Common Stock, par value $.01  per share",3689,264.0309,974009.9900999999,17126,D,Garman Matthew S,"Officer, CEO Amazon Web Services",0,1,0,CEO Amazon Web Services,SEC EDGAR
"AMZN|0002024813-26-000008|nonDerivative|2026-05-21|Garman Matthew S|S|Common Stock, par value $.01  per share|2534|264.9465|D",2026-05-31 10:00:17+0000,AMZN,AMAZON COM INC,0001018724,4,2026-05-26,2026-05-21,0002024813-26-000008,https://www.sec.gov/Archives/edgar/data/1018724/000202481326000008/wk-form4_1779835185.xml,nonDerivative,2026-05-21,S,"Common Stock, par value $.01  per share",2534,264.9465,671374.431,14592,D,Garman Matthew S,"Officer, CEO Amazon Web Services",0,1,0,CEO Amazon Web Services,SEC EDGAR
"AMZN|0002024813-26-000008|nonDerivative|2026-05-21|Garman Matthew S|S|Common Stock, par value $.01  per share|433|265.6412|D",2026-05-31 10:00:17+0000,AMZN,AMAZON COM INC,0001018724,4,2026-05-26,2026-05-21,0002024813-26-000008,https://www.sec.gov/Archives/edgar/data/1018724/000202481326000008/wk-form4_1779835185.xml,nonDerivative,2026-05-21,S,"Common Stock, par value $.01  per share",433,265.6412,115022.63960000001,14159,D,Garman Matthew S,"Officer, CEO Amazon Web Services",0,1,0,CEO Amazon Web Services,SEC EDGAR
AMZN|0002024813-26-000008|derivative|2026-05-21|Garman Matthew S|M|Restricted Stock Unit Award|4860|0|D,2026-05-31 10:00:17+0000,AMZN,AMAZON COM INC,0001018724,4,2026-05-26,2026-05-21,0002024813-26-000008,https://www.sec.gov/Archives/edgar/data/1018724/000202481326000008/wk-form4_1779835185.xml,derivative,2026-05-21,M,Restricted Stock Unit Award,4860,0,0.0,14580,D,Garman Matthew S,"Officer, CEO Amazon Web Services",0,1,0,CEO Amazon Web Services,SEC EDGAR
AMZN|0002024813-26-000008|derivative|2026-05-21|Garman Matthew S|M|Restricted Stock Unit Award|1500|0|D,2026-05-31 10:00:17+0000,AMZN,AMAZON COM INC,0001018724,4,2026-05-26,2026-05-21,0002024813-26-000008,https://www.sec.gov/Archives/edgar/data/1018724/000202481326000008/wk-form4_1779835185.xml,derivative,2026-05-21,M,Restricted Stock Unit Award,1500,0,0.0,36300,D,Garman Matthew S,"Officer, CEO Amazon Web Services",0,1,0,CEO Amazon Web Services,SEC EDGAR
AMZN|0002024813-26-000008|derivative|2026-05-21|Garman Matthew S|M|Restricted Stock Unit Award|4000|0|D,2026-05-31 10:00:17+0000,AMZN,AMAZON COM INC,0001018724,4,2026-05-26,2026-05-21,0002024813-26-000008,https://www.sec.gov/Archives/edgar/data/1018724/000202481326000008/wk-form4_1779835185.xml,derivative,2026-05-21,M,Restricted Stock Unit Award,4000,0,0.0,12000,D,Garman Matthew S,"Officer, CEO Amazon Web Services",0,1,0,CEO Amazon Web Services,SEC EDGAR
AMZN|0002024813-26-000008|derivative|2026-05-21|Garman Matthew S|M|Restricted Stock Unit Award|7836|0|D,2026-05-31 10:00:17+0000,AMZN,AMAZON COM INC,0001018724,4,2026-05-26,2026-05-21,0002024813-26-000008,https://www.sec.gov/Archives/edgar/data/1018724/000202481326000008/wk-form4_1779835185.xml,derivative,2026-05-21,M,Restricted Stock Unit Award,7836,0,0.0,142313,D,Garman Matthew S,"Officer, CEO Amazon Web Services",0,1,0,CEO Amazon Web Services,SEC EDGAR
AMAT|0001628280-26-038261|nonDerivative|2026-05-22|Sanders Adam|S|Common Stock|268|434.216|D,2026-05-31 10:00:17+0000,AMAT,APPLIED MATERIALS INC /DE,0000006951,4,2026-05-26,2026-05-22,0001628280-26-038261,https://www.sec.gov/Archives/edgar/data/6951/000162828026038261/wk-form4_1779832797.xml,nonDerivative,2026-05-22,S,Common Stock,268,434.216,116369.888,4280,D,Sanders Adam,"Officer, Corp. Controller & CAO",0,1,0,Corp. Controller & CAO,SEC EDGAR
AIZ|0001193125-26-239465|nonDerivative|2026-05-22|WARREN KEVIN M|A|Common Stock|668|0|D,2026-05-31 10:00:17+0000,AIZ,"ASSURANT, INC.",0001267238,4,2026-05-26,2026-05-22,0001193125-26-239465,https://www.sec.gov/Archives/edgar/data/1267238/000119312526239465/ownership.xml,nonDerivative,2026-05-22,A,Common Stock,668,0,0.0,2315,D,WARREN KEVIN M,,true,false,false,,SEC EDGAR
AIZ|0001193125-26-239494|nonDerivative|2026-05-22|Reilly Paul J|A|Common Stock|668|0|D,2026-05-31 10:00:17+0000,AIZ,"ASSURANT, INC.",0001267238,4,2026-05-26,2026-05-22,0001193125-26-239494,https://www.sec.gov/Archives/edgar/data/1267238/000119312526239494/ownership.xml,nonDerivative,2026-05-22,A,Common Stock,668,0,0.0,22155,D,Reilly Paul J,,true,false,false,,SEC EDGAR
AIZ|0001193125-26-239505|nonDerivative|2026-05-22|Redzic Ognjen|A|Common Stock|668|0|D,2026-05-31 10:00:17+0000,AIZ,"ASSURANT, INC.",0001267238,4,2026-05-26,2026-05-22,0001193125-26-239505,https://www.sec.gov/Archives/edgar/data/1267238/000119312526239505/ownership.xml,nonDerivative,2026-05-22,A,Common Stock,668,0,0.0,8136,D,Redzic Ognjen,,true,false,false,,SEC EDGAR
AIZ|0001193125-26-239479|nonDerivative|2026-05-22|ROSEN ELAINE|A|Common Stock|668|0|D,2026-05-31 10:00:17+0000,AIZ,"ASSURANT, INC.",0001267238,4,2026-05-26,2026-05-22,0001193125-26-239479,https://www.sec.gov/Archives/edgar/data/1267238/000119312526239479/ownership.xml,nonDerivative,2026-05-22,A,Common Stock,668,0,0.0,27686,D,ROSEN ELAINE,,true,false,false,,SEC EDGAR
AIZ|0001193125-26-239527|nonDerivative|2026-05-22|Granat Sari Beth|A|Common Stock|668|0|D,2026-05-31 10:00:17+0000,AIZ,"ASSURANT, INC.",0001267238,4,2026-05-26,2026-05-22,0001193125-26-239527,https://www.sec.gov/Archives/edgar/data/1267238/000119312526239527/ownership.xml,nonDerivative,2026-05-22,A,Common Stock,668,0,0.0,4624,D,Granat Sari Beth,,true,false,false,,SEC EDGAR
AIZ|0001193125-26-239550|nonDerivative|2026-05-22|EDELMAN HARRIET|A|Common Stock|668|0|D,2026-05-31 10:00:17+0000,AIZ,"ASSURANT, INC.",0001267238,4,2026-05-26,2026-05-22,0001193125-26-239550,https://www.sec.gov/Archives/edgar/data/1267238/000119312526239550/ownership.xml,nonDerivative,2026-05-22,A,Common Stock,668,0,0.0,11114,D,EDELMAN HARRIET,,true,false,false,,SEC EDGAR
AIZ|0001193125-26-239558|nonDerivative|2026-05-22|Carter J Braxton II|A|Common Stock|668|0|D,2026-05-31 10:00:17+0000,AIZ,"ASSURANT, INC.",0001267238,4,2026-05-26,2026-05-22,0001193125-26-239558,https://www.sec.gov/Archives/edgar/data/1267238/000119312526239558/ownership.xml,nonDerivative,2026-05-22,A,Common Stock,668,0,0.0,8961,D,Carter J Braxton II,,true,false,false,,SEC EDGAR
AIZ|0001193125-26-239571|nonDerivative|2026-05-22|Blake Lynn S.|A|Common Stock|668|0|D,2026-05-31 10:00:17+0000,AIZ,"ASSURANT, INC.",0001267238,4,2026-05-26,2026-05-22,0001193125-26-239571,https://www.sec.gov/Archives/edgar/data/1267238/000119312526239571/ownership.xml,nonDerivative,2026-05-22,A,Common Stock,668,0,0.0,668,D,Blake Lynn S.,,true,false,false,,SEC EDGAR
AIZ|0001193125-26-239579|nonDerivative|2026-05-22|Basu Rajiv|A|Common Stock|668|0|D,2026-05-31 10:00:17+0000,AIZ,"ASSURANT, INC.",0001267238,4,2026-05-26,2026-05-22,0001193125-26-239579,https://www.sec.gov/Archives/edgar/data/1267238/000119312526239579/ownership.xml,nonDerivative,2026-05-22,A,Common Stock,668,0,0.0,3731,D,Basu Rajiv,,true,false,false,,SEC EDGAR
"AFL|0001104659-26-066061|nonDerivative|2026-05-21|Japan Post Holdings Co., Ltd.|S|Common Stock|1300|116.47|I",2026-05-31 10:00:17+0000,AFL,AFLAC INC,0000004977,4,2026-05-26,2026-05-21,0001104659-26-066061,https://www.sec.gov/Archives/edgar/data/4977/000110465926066061/tm2613336-10_4seq1.xml,nonDerivative,2026-05-21,S,Common Stock,1300,116.47,151411.0,51391745,I,"Japan Post Holdings Co., Ltd.",10% Owner,0,0,1,,SEC EDGAR
"AFL|0001104659-26-066061|nonDerivative|2026-05-21|Japan Post Holdings Co., Ltd.|S|Common Stock|29100|117.66|I",2026-05-31 10:00:17+0000,AFL,AFLAC INC,0000004977,4,2026-05-26,2026-05-21,0001104659-26-066061,https://www.sec.gov/Archives/edgar/data/4977/000110465926066061/tm2613336-10_4seq1.xml,nonDerivative,2026-05-21,S,Common Stock,29100,117.66,3423906.0,51362645,I,"Japan Post Holdings Co., Ltd.",10% Owner,0,0,1,,SEC EDGAR
